"Date","Price","Open","High","Low","Vol.","Change %"
"06/11/2026","24,249.29","24,380.02","24,492.71","23,999.67","-","-0.65%"
"06/10/2026","24,407.96","24,442.52","24,505.96","24,207.03","3.94B","-0.64%"
"06/09/2026","24,565.90","24,551.93","24,740.65","24,486.39","3.36B","-0.37%"
"06/08/2026","24,657.06","24,582.91","24,837.98","24,458.54","3.81B","-1.22%"
"06/05/2026","24,961.95","25,186.12","25,216.18","24,928.14","3.57B","-1.15%"
"06/04/2026","25,253.40","25,465.30","25,499.09","25,188.02","2.78B","-1.48%"
"06/03/2026","25,633.21","25,953.01","25,953.01","25,569.45","3.17B","-1.56%"
"06/02/2026","26,038.32","25,395.07","26,045.07","25,394.64","3.75B","2.52%"
"06/01/2026","25,398.18","25,180.05","25,486.76","25,174.30","3.70B","0.86%"
"05/29/2026","25,182.39","25,161.52","25,313.33","25,055.80","6.77B","0.70%"
"05/28/2026","25,006.16","25,230.58","25,230.58","24,727.26","4.24B","-1.27%"
"05/27/2026","25,328.23","25,608.78","25,638.41","25,258.03","3.72B","-1.06%"
"05/26/2026","25,599.45","25,622.36","25,768.38","25,431.17","4.08B","-0.03%"
"05/22/2026","25,606.03","25,641.80","25,732.36","25,483.24","3.28B","0.86%"
"05/21/2026","25,386.52","25,833.24","25,833.71","25,341.73","3.03B","-1.03%"
"05/20/2026","25,651.12","25,709.62","25,713.53","25,555.06","2.86B","-0.57%"
"05/19/2026","25,797.85","25,693.37","25,845.46","25,671.12","3.10B","0.48%"
"05/18/2026","25,675.18","25,838.96","25,838.96","25,505.71","3.02B","-1.11%"
"05/15/2026","25,962.73","26,391.02","26,391.02","25,847.15","3.26B","-1.62%"
"05/14/2026","26,389.04","26,836.66","26,844.80","26,366.86","3.12B","0.00%"
"05/13/2026","26,388.44","26,369.99","26,458.90","26,220.12","2.82B","0.15%"
"05/12/2026","26,347.91","26,497.03","26,592.37","26,328.84","3.08B","-0.22%"
"05/11/2026","26,406.84","26,310.87","26,427.14","26,219.26","3.08B","0.05%"
"05/08/2026","26,393.71","26,359.79","26,470.49","26,274.80","3.06B","-0.87%"
"05/07/2026","26,626.28","26,531.35","26,669.26","26,518.79","3.99B","1.57%"
"05/06/2026","26,213.78","26,029.65","26,213.78","25,877.82","3.54B","1.22%"
"05/05/2026","25,898.61","25,945.75","25,945.75","25,690.36","1.48B","-0.76%"
"05/04/2026","26,095.88","26,138.34","26,326.44","26,091.86","1.81B","1.24%"
"04/30/2026","25,776.53","26,008.32","26,072.24","25,734.16","4.13B","-1.28%"
"04/29/2026","26,111.84","25,842.63","26,132.94","25,811.46","3.78B","1.68%"
"04/28/2026","25,679.78","25,814.37","25,896.66","25,609.61","3.26B","-0.95%"
"04/27/2026","25,925.65","25,976.97","26,086.02","25,858.24","2.60B","-0.20%"
"04/24/2026","25,978.07","25,733.61","26,004.59","25,639.26","2.89B","0.24%"
"04/23/2026","25,915.20","26,098.81","26,115.07","25,840.55","2.61B","-0.95%"
"04/22/2026","26,163.24","26,303.60","26,303.60","26,073.45","2.56B","-1.22%"
"04/21/2026","26,487.48","26,442.29","26,529.49","26,342.02","2.46B","0.48%"
"04/20/2026","26,361.07","26,204.61","26,411.69","26,094.64","2.87B","0.77%"
"04/17/2026","26,160.33","26,210.97","26,280.96","26,015.44","2.79B","-0.89%"
"04/16/2026","26,394.26","26,122.80","26,403.07","26,122.80","2.81B","1.72%"
"04/15/2026","25,947.32","26,168.25","26,216.58","25,947.32","3.02B","0.29%"
"04/14/2026","25,872.32","25,929.40","25,995.09","25,668.53","2.71B","0.82%"
"04/13/2026","25,660.85","25,708.64","25,717.38","25,508.53","2.29B","-0.90%"
"04/10/2026","25,893.54","25,891.88","26,073.97","25,843.65","2.57B","0.55%"
"04/09/2026","25,752.40","25,756.41","25,854.80","25,653.63","2.92B","-0.54%"
"04/08/2026","25,893.02","25,772.56","25,934.18","25,668.67","4.87B","3.09%"
"04/02/2026","25,116.53","25,254.49","25,254.49","24,901.77","3.19B","-0.70%"
"04/01/2026","25,294.03","25,357.23","25,429.76","25,203.69","3.86B","2.04%"
"03/31/2026","24,788.14","24,818.20","24,988.53","24,559.57","3.80B","0.15%"
"03/30/2026","24,750.79","24,532.85","24,811.86","24,409.57","4.15B","-0.81%"
"03/27/2026","24,951.88","24,768.66","25,095.57","24,712.92","3.41B","0.38%"
"03/26/2026","24,856.43","25,267.16","25,278.03","24,793.10","3.97B","-1.89%"
"03/25/2026","25,335.95","25,280.52","25,390.30","25,015.20","4.57B","1.09%"
"03/24/2026","25,063.71","24,759.82","25,077.09","24,555.50","3.89B","2.79%"
"03/23/2026","24,382.47","24,789.14","24,789.14","24,203.54","5.09B","-3.54%"
"03/20/2026","25,277.32","25,337.28","25,563.88","25,121.46","4.60B","-0.88%"
"03/19/2026","25,500.58","25,550.56","25,737.83","25,449.06","3.55B","-2.02%"
"03/18/2026","26,025.42","25,923.03","26,117.95","25,791.82","2.54B","0.61%"
"03/17/2026","25,868.54","25,938.43","26,250.14","25,844.95","2.90B","0.13%"
"03/16/2026","25,834.02","25,436.27","25,856.73","25,317.81","3.02B","1.45%"
"03/13/2026","25,465.60","25,583.55","25,697.17","25,419.87","2.79B","-0.98%"
"03/12/2026","25,716.76","25,719.47","25,932.58","25,521.15","3.05B","-0.70%"
"03/11/2026","25,898.76","26,112.08","26,149.64","25,819.10","3.14B","-0.24%"
"03/10/2026","25,959.90","25,740.29","25,959.90","25,611.79","3.52B","2.17%"
"03/09/2026","25,408.46","25,075.74","25,442.62","24,906.00","5.30B","-1.35%"
"03/06/2026","25,757.29","25,358.56","25,806.72","25,267.63","3.67B","1.72%"
"03/05/2026","25,321.34","25,583.65","25,736.60","25,236.68","3.48B","0.28%"
"03/04/2026","25,249.48","25,469.34","25,470.05","24,958.43","4.70B","-2.01%"
"03/03/2026","25,768.08","26,190.24","26,218.93","25,727.00","4.71B","-1.12%"
"03/02/2026","26,059.85","26,305.58","26,403.85","25,882.95","4.59B","-2.14%"
"02/27/2026","26,630.54","26,447.05","26,701.50","26,375.70","3.29B","0.95%"
"02/26/2026","26,381.02","27,019.74","27,024.07","26,373.01","2.90B","-1.44%"
"02/25/2026","26,765.72","26,745.20","26,870.03","26,632.53","2.50B","0.66%"
"02/24/2026","26,590.32","26,913.68","26,913.68","26,480.86","2.68B","-1.82%"
"02/23/2026","27,081.91","26,798.97","27,156.28","26,798.97","1.82B","2.53%"
"02/20/2026","26,413.35","26,657.84","26,694.34","26,356.96","1.69B","-1.10%"
"02/16/2026","26,705.94","26,501.20","26,734.41","26,382.41","808.50M","0.52%"
"02/13/2026","26,567.12","26,640.16","26,774.44","26,444.46","2.49B","-1.72%"
"02/12/2026","27,032.54","27,210.56","27,215.63","26,932.56","2.67B","-0.86%"
"02/11/2026","27,266.38","27,246.18","27,325.98","27,133.77","2.40B","0.31%"
"02/10/2026","27,183.15","27,202.96","27,397.65","27,104.82","2.55B","0.58%"
"02/09/2026","27,027.16","26,982.49","27,111.54","26,879.10","2.73B","1.76%"
"02/06/2026","26,559.95","26,354.34","26,710.34","26,295.03","2.91B","-1.21%"
"02/05/2026","26,885.24","26,627.95","26,919.39","26,410.77","3.19B","0.14%"
"02/04/2026","26,847.32","26,797.05","27,004.22","26,593.18","2.98B","0.05%"
"02/03/2026","26,834.77","26,995.76","27,126.48","26,431.80","3.43B","0.22%"
"02/02/2026","26,775.57","27,097.34","27,100.09","26,507.62","4.83B","-2.23%"
"01/30/2026","27,387.11","27,785.98","27,887.24","27,384.02","4.43B","-2.08%"
"01/29/2026","27,968.09","27,627.11","28,056.10","27,611.90","4.40B","0.51%"
"01/28/2026","27,826.91","27,325.89","27,826.91","27,258.10","5.05B","2.58%"
"01/27/2026","27,126.95","26,863.15","27,188.90","26,829.71","3.06B","1.35%"
"01/26/2026","26,765.52","26,844.04","26,911.44","26,619.83","2.93B","0.06%"
"01/23/2026","26,749.51","26,861.36","26,895.94","26,689.73","2.80B","0.45%"
"01/22/2026","26,629.96","26,750.51","26,779.22","26,499.14","2.99B","0.17%"
"01/21/2026","26,585.06","26,397.04","26,692.78","26,397.04","3.00B","0.37%"
"01/20/2026","26,487.51","26,544.90","26,638.55","26,363.86","2.77B","-0.29%"
"01/19/2026","26,563.90","26,641.60","26,715.58","26,533.67","2.74B","-1.05%"
"01/16/2026","26,844.96","27,094.85","27,176.31","26,741.54","3.37B","-0.29%"
"01/15/2026","26,923.62","26,972.36","27,206.84","26,808.35","3.57B","-0.28%"
"01/14/2026","26,999.81","26,971.97","27,097.72","26,780.27","4.85B","0.56%"
"01/13/2026","26,848.47","26,958.52","27,143.66","26,729.54","3.69B","0.90%"
"01/12/2026","26,608.48","26,376.84","26,608.48","26,187.76","3.60B","1.44%"
"01/09/2026","26,231.79","26,272.54","26,299.32","26,114.41","3.24B","0.32%"
"01/08/2026","26,149.31","26,302.78","26,305.69","25,960.34","3.24B","-1.17%"
"01/07/2026","26,458.95","26,601.83","26,616.94","26,313.51","3.65B","-0.94%"
"01/06/2026","26,710.45","26,502.40","26,858.13","26,498.36","3.80B","1.38%"
"01/05/2026","26,347.24","26,361.44","26,445.50","26,256.00","3.69B","0.03%"
"01/02/2026","26,338.47","25,717.42","26,345.63","25,717.42","1.49B","2.76%"
"12/31/2025","25,630.54","25,801.49","25,808.52","25,554.31","1.65B","-0.87%"
"12/30/2025","25,854.60","25,636.40","25,930.22","25,611.23","3.14B","0.86%"
"12/29/2025","25,635.23","25,928.89","26,082.94","25,630.75","2.93B","-0.71%"
"12/24/2025","25,818.93","25,780.09","25,890.87","25,772.87","1.24B","0.17%"
"12/23/2025","25,774.14","25,875.85","25,927.66","25,726.45","2.24B","-0.11%"
"12/22/2025","25,801.77","25,795.94","25,859.61","25,671.33","2.36B","0.43%"
"12/19/2025","25,690.53","25,634.22","25,747.01","25,545.92","3.36B","0.75%"
"12/18/2025","25,498.13","25,330.83","25,511.84","25,261.38","2.61B","0.12%"
"12/17/2025","25,468.78","25,243.59","25,494.94","25,168.19","2.47B","0.92%"
"12/16/2025","25,235.41","25,547.92","25,547.92","25,086.54","2.92B","-1.54%"
"12/15/2025","25,628.88","25,718.14","25,824.44","25,609.28","2.80B","-1.34%"
"12/12/2025","25,976.79","25,761.41","26,006.47","25,697.43","3.22B","1.75%"
"12/11/2025","25,530.51","25,710.61","25,801.34","25,471.50","2.35B","-0.04%"
"12/10/2025","25,540.78","25,435.49","25,540.78","25,257.61","2.73B","0.42%"
"12/09/2025","25,434.23","25,780.97","25,820.31","25,386.58","2.86B","-1.29%"
"12/08/2025","25,765.36","26,067.86","26,151.46","25,755.01","2.92B","-1.23%"
"12/05/2025","26,085.08","25,833.11","26,131.61","25,758.17","2.97B","0.58%"
"12/04/2025","25,935.90","25,804.01","25,990.73","25,649.30","2.17B","0.68%"
"12/03/2025","25,760.73","25,980.89","25,996.88","25,724.82","2.18B","-1.28%"
"12/02/2025","26,095.05","26,188.55","26,264.13","25,989.45","2.45B","0.24%"
"12/01/2025","26,033.26","25,945.87","26,179.72","25,913.98","2.32B","0.67%"
"11/28/2025","25,858.89","26,011.06","26,011.06","25,807.55","1.96B","-0.34%"
"11/27/2025","25,945.93","25,945.54","26,123.69","25,822.66","2.68B","0.07%"
"11/26/2025","25,928.08","26,046.74","26,136.27","25,907.06","2.56B","0.13%"
"11/25/2025","25,894.55","25,948.90","26,069.22","25,740.54","2.96B","0.69%"
"11/24/2025","25,716.50","25,452.87","25,770.45","25,369.29","4.42B","1.97%"
"11/21/2025","25,220.02","25,460.42","25,483.67","25,178.63","3.96B","-2.38%"
"11/20/2025","25,835.57","25,999.78","26,046.76","25,692.13","2.98B","0.02%"
"11/19/2025","25,830.65","25,954.23","26,045.37","25,742.07","2.89B","-0.38%"
"11/18/2025","25,930.03","26,172.27","26,188.82","25,821.84","3.51B","-1.72%"
"11/17/2025","26,384.28","26,441.70","26,531.80","26,252.36","2.52B","-0.71%"
"11/14/2025","26,572.46","26,660.31","26,881.88","26,535.42","2.81B","-1.85%"
"11/13/2025","27,073.03","26,779.48","27,188.81","26,733.21","3.29B","0.56%"
"11/12/2025","26,922.73","26,754.93","27,016.40","26,739.09","3.44B","0.85%"
"11/11/2025","26,696.41","26,748.09","26,788.43","26,511.25","2.42B","0.18%"
"11/10/2025","26,649.06","26,319.40","26,668.89","26,302.93","3.12B","1.55%"
"11/07/2025","26,241.83","26,350.74","26,371.46","26,167.23","2.70B","-0.92%"
"11/06/2025","26,485.90","26,061.58","26,490.71","26,061.58","2.71B","2.12%"
"11/05/2025","25,935.41","25,701.63","25,980.90","25,496.13","2.77B","-0.07%"
"11/04/2025","25,952.40","26,148.07","26,291.65","25,911.79","3.42B","-0.79%"
"11/03/2025","26,158.36","25,999.17","26,217.12","25,920.27","1.79B","0.97%"
"10/31/2025","25,906.65","26,263.01","26,283.96","25,906.65","3.38B","-1.43%"
"10/30/2025","26,282.69","26,545.92","26,588.89","26,138.79","4.32B","-0.24%"
"10/28/2025","26,346.14","26,508.75","26,519.24","26,245.33","2.86B","-0.33%"
"10/27/2025","26,433.70","26,495.97","26,495.97","26,319.22","3.16B","1.05%"
"10/24/2025","26,160.15","26,177.11","26,239.96","26,063.99","2.59B","0.74%"
"10/23/2025","25,967.98","25,718.53","26,080.84","25,591.66","3.10B","0.72%"
"10/22/2025","25,781.77","25,897.62","25,947.88","25,653.75","2.83B","-0.94%"
"10/21/2025","26,027.55","26,160.24","26,367.35","26,017.72","3.06B","0.65%"
"10/20/2025","25,858.83","25,884.46","25,912.77","25,710.61","2.90B","2.42%"
"10/17/2025","25,247.10","25,851.94","25,859.82","25,145.34","4.01B","-2.48%"
"10/16/2025","25,888.51","25,890.01","26,062.80","25,687.32","3.38B","-0.09%"
"10/15/2025","25,910.60","25,714.89","25,982.21","25,593.45","3.50B","1.84%"
"10/14/2025","25,441.35","25,969.21","26,102.68","25,331.64","4.75B","-1.73%"
"10/13/2025","25,889.48","25,634.00","25,895.62","25,336.09","5.17B","-1.52%"
"10/10/2025","26,290.32","26,523.89","26,558.87","26,247.04","3.43B","-1.73%"
"10/09/2025","26,752.59","26,862.03","26,978.41","26,480.58","4.01B","-0.29%"
"10/08/2025","26,829.46","26,900.64","26,906.20","26,517.45","2.11B","-0.48%"
"10/06/2025","26,957.77","27,003.92","27,145.17","26,873.34","1.13B","-0.67%"
"10/03/2025","27,140.92","27,221.46","27,262.00","26,972.71","1.39B","-0.54%"
"10/02/2025","27,287.12","26,918.30","27,381.84","26,918.30","2.32B","1.61%"
"09/30/2025","26,855.56","26,674.16","26,888.40","26,558.28","3.50B","0.87%"
"09/29/2025","26,622.88","26,321.57","26,687.72","26,321.57","3.50B","1.89%"
"09/26/2025","26,128.20","26,272.30","26,406.05","26,072.93","3.44B","-1.35%"
"09/25/2025","26,484.68","26,536.13","26,640.53","26,403.52","3.69B","-0.13%"
"09/24/2025","26,518.65","26,073.69","26,562.88","26,057.26","3.02B","1.37%"
"09/23/2025","26,159.12","26,435.58","26,454.09","26,003.67","3.12B","-0.70%"
"09/22/2025","26,344.14","26,459.52","26,479.14","26,204.01","3.30B","-0.76%"
"09/19/2025","26,545.10","26,583.03","26,637.64","26,414.11","4.17B","0.00%"
"09/18/2025","26,544.85","26,863.69","27,058.03","26,322.08","4.11B","-1.35%"
"09/17/2025","26,908.39","26,554.19","26,936.50","26,540.57","3.70B","1.78%"
"09/16/2025","26,438.51","26,536.63","26,601.59","26,332.21","2.88B","-0.03%"
"09/15/2025","26,446.56","26,308.91","26,532.75","26,280.23","2.86B","0.22%"
"09/12/2025","26,388.16","26,539.44","26,585.95","26,329.66","3.33B","1.16%"
"09/11/2025","26,086.32","25,987.49","26,241.46","25,878.97","3.99B","-0.43%"
"09/10/2025","26,200.26","26,042.41","26,296.60","26,017.50","3.79B","1.01%"
"09/09/2025","25,938.13","25,711.07","26,027.94","25,675.28","3.63B","1.19%"
"09/08/2025","25,633.91","25,440.01","25,664.01","25,387.81","3.65B","0.85%"
"09/05/2025","25,417.98","25,136.24","25,471.80","25,090.65","3.74B","1.43%"
"09/04/2025","25,058.51","25,489.13","25,494.45","25,013.26","3.63B","-1.12%"
"09/03/2025","25,343.43","25,660.65","25,789.99","25,276.87","3.19B","-0.60%"
"09/02/2025","25,496.55","25,587.97","25,724.73","25,416.61","3.81B","-0.47%"
"09/01/2025","25,617.42","25,508.21","25,638.34","25,471.35","4.32B","2.15%"
"08/29/2025","25,077.62","25,095.45","25,277.51","25,066.85","3.82B","0.32%"
"08/28/2025","24,998.82","25,030.54","25,093.65","24,808.78","4.18B","-0.81%"
"08/27/2025","25,201.76","25,626.17","25,653.92","25,140.17","3.87B","-1.27%"
"08/26/2025","25,524.92","25,714.91","25,819.70","25,524.92","3.64B","-1.18%"
"08/25/2025","25,829.91","25,606.88","25,918.86","25,590.62","4.14B","1.94%"
"08/22/2025","25,339.14","25,205.04","25,349.08","25,140.08","3.36B","0.93%"
"08/21/2025","25,104.61","25,216.42","25,216.42","25,000.85","2.86B","-0.24%"
"08/20/2025","25,165.94","24,968.57","25,210.90","24,887.93","2.98B","0.17%"
"08/19/2025","25,122.90","25,241.29","25,260.58","25,083.20","3.20B","-0.21%"
"08/18/2025","25,176.85","25,293.34","25,466.10","25,176.85","3.72B","-0.37%"
"08/15/2025","25,270.07","25,322.10","25,356.54","25,167.81","4.16B","-0.98%"
"08/14/2025","25,519.32","25,766.62","25,766.62","25,449.80","3.33B","-0.37%"
"08/13/2025","25,613.67","25,176.52","25,613.67","25,176.52","3.27B","2.58%"
"08/12/2025","24,969.68","24,824.07","25,016.29","24,801.13","2.37B","0.25%"
"08/11/2025","24,906.81","24,946.55","24,969.30","24,775.73","2.53B","0.19%"
"08/08/2025","24,858.82","24,968.31","24,999.11","24,812.12","2.49B","-0.89%"
"08/07/2025","25,081.63","24,982.50","25,115.16","24,820.60","2.94B","0.69%"
"08/06/2025","24,910.63","24,864.15","25,002.97","24,806.46","2.45B","0.03%"
"08/05/2025","24,902.53","24,746.81","24,925.90","24,686.85","3.06B","0.68%"
"08/04/2025","24,733.45","24,431.88","24,748.76","24,372.51","2.85B","0.92%"
"08/01/2025","24,507.81","24,744.34","24,856.54","24,507.63","3.77B","-1.07%"
"07/31/2025","24,773.33","24,982.87","25,000.06","24,744.92","4.19B","-1.60%"
"07/30/2025","25,176.93","25,335.21","25,499.57","25,082.20","4.67B","-1.36%"
"07/29/2025","25,524.45","25,454.83","25,530.42","25,252.32","3.75B","-0.15%"
"07/28/2025","25,562.13","25,458.87","25,667.40","25,399.36","3.43B","0.68%"
"07/25/2025","25,388.35","25,531.59","25,585.73","25,355.31","3.41B","-1.09%"
"07/24/2025","25,667.18","25,528.22","25,735.89","25,502.49","3.60B","0.51%"
"07/23/2025","25,538.07","25,348.30","25,538.07","25,228.01","4.14B","1.62%"
"07/22/2025","25,130.03","25,024.93","25,130.03","24,900.59","3.82B","0.54%"
"07/21/2025","24,994.14","24,991.14","25,010.90","24,844.80","3.61B","0.68%"
"07/18/2025","24,825.66","24,757.83","24,825.66","24,630.79","2.90B","1.33%"
"07/17/2025","24,498.95","24,547.08","24,672.51","24,447.93","3.21B","-0.08%"
"07/16/2025","24,517.76","24,704.05","24,867.81","24,517.75","3.38B","-0.29%"
"07/15/2025","24,590.12","24,281.94","24,590.12","24,141.88","3.77B","1.60%"
"07/14/2025","24,203.32","24,100.57","24,267.84","24,097.32","2.73B","0.26%"
"07/11/2025","24,139.57","24,033.12","24,506.30","24,033.12","4.14B","0.46%"
"07/10/2025","24,028.37","23,865.64","24,087.59","23,820.58","3.50B","0.57%"
"07/09/2025","23,892.32","24,061.08","24,061.08","23,827.15","3.20B","-1.06%"
"07/08/2025","24,148.07","23,927.53","24,159.01","23,899.60","3.04B","1.09%"
"07/07/2025","23,887.83","23,828.85","23,910.95","23,713.78","2.52B","-0.12%"
"07/04/2025","23,916.06","23,900.69","24,068.51","23,690.94","4.02B","-0.64%"
"07/03/2025","24,069.94","24,234.28","24,269.14","23,920.00","3.59B","-0.63%"
"07/02/2025","24,221.41","24,304.31","24,372.70","24,122.57","4.06B","0.62%"
"06/30/2025","24,072.28","24,274.91","24,274.91","24,064.26","3.78B","-0.87%"
"06/27/2025","24,284.15","24,451.19","24,471.53","24,194.85","4.34B","-0.17%"
"06/26/2025","24,325.40","24,345.29","24,411.48","24,235.54","3.26B","-0.61%"
"06/25/2025","24,474.67","24,327.82","24,533.39","24,287.86","3.72B","1.23%"
"06/24/2025","24,177.07","23,832.73","24,229.21","23,832.73","4.00B","2.06%"
"06/23/2025","23,689.13","23,335.51","23,689.13","23,272.75","3.23B","0.67%"
"06/20/2025","23,530.48","23,291.40","23,538.63","23,291.40","4.80B","1.26%"
"06/19/2025","23,237.74","23,620.02","23,653.55","23,185.58","3.87B","-1.99%"
"06/18/2025","23,710.69","23,859.55","23,880.24","23,631.48","3.26B","-1.12%"
"06/17/2025","23,980.30","24,107.34","24,131.44","23,880.67","3.37B","-0.34%"
"06/16/2025","24,060.99","23,791.79","24,125.05","23,718.72","3.83B","0.70%"
"06/13/2025","23,892.56","23,959.81","24,100.32","23,774.92","4.93B","-0.59%"
"06/12/2025","24,035.38","24,223.12","24,288.76","24,002.42","4.33B","-1.36%"
"06/11/2025","24,366.94","24,191.32","24,439.35","24,179.35","3.70B","0.84%"
"06/10/2025","24,162.87","24,231.31","24,296.47","24,003.38","3.69B","-0.08%"
"06/09/2025","24,181.43","23,977.54","24,181.43","23,957.96","3.99B","1.63%"
"06/06/2025","23,792.54","23,941.57","23,951.14","23,773.36","4.38B","-0.48%"
"06/05/2025","23,906.97","23,828.69","23,911.14","23,732.31","3.27B","1.07%"
"06/04/2025","23,654.03","23,499.78","23,716.93","23,481.46","3.50B","0.60%"
"06/03/2025","23,512.49","23,281.10","23,535.37","23,281.10","3.68B","1.53%"
"06/02/2025","23,157.97","23,043.10","23,163.35","22,668.35","2.31B","-0.57%"
"05/30/2025","23,289.77","23,339.64","23,375.34","23,163.22","5.29B","-1.20%"
"05/29/2025","23,573.38","23,240.71","23,603.82","23,207.37","3.71B","1.35%"
"05/28/2025","23,258.31","23,385.18","23,476.22","23,180.17","2.87B","-0.53%"
"05/27/2025","23,381.99","23,216.87","23,419.55","23,167.56","3.08B","0.43%"
"05/26/2025","23,282.33","23,505.90","23,571.02","23,234.27","3.38B","-1.35%"
"05/23/2025","23,601.26","23,557.38","23,749.38","23,487.40","3.35B","0.24%"
"05/22/2025","23,544.31","23,748.58","23,778.24","23,470.81","3.40B","-1.19%"
"05/21/2025","23,827.78","23,736.43","23,917.00","23,697.76","3.46B","0.62%"
"05/20/2025","23,681.48","23,398.35","23,709.04","23,357.00","3.29B","1.49%"
"05/19/2025","23,332.72","23,156.27","23,402.20","23,059.89","2.81B","-0.05%"
"05/16/2025","23,345.05","23,249.16","23,374.70","23,190.31","2.76B","-0.46%"
"05/15/2025","23,453.16","23,644.40","23,710.82","23,371.73","2.89B","-0.79%"
"05/14/2025","23,640.65","23,316.45","23,640.65","23,278.22","3.74B","2.30%"
"05/13/2025","23,108.27","23,494.44","23,494.44","23,070.48","3.48B","-1.87%"
"05/12/2025","23,549.46","23,183.81","23,685.34","22,982.91","5.16B","2.98%"
"05/09/2025","22,867.74","22,856.21","22,907.91","22,692.44","2.64B","0.40%"
"05/08/2025","22,775.92","22,589.13","22,979.29","22,589.13","2.77B","0.37%"
"05/07/2025","22,691.88","23,169.83","23,197.57","22,691.88","3.69B","0.13%"
"05/06/2025","22,662.71","22,576.56","22,747.63","22,449.16","3.32B","0.70%"
"05/02/2025","22,504.68","22,192.51","22,532.54","22,058.30","1.83B","1.74%"
"04/30/2025","22,119.41","22,038.73","22,129.31","21,848.33","4.68B","0.51%"
"04/29/2025","22,008.11","22,073.36","22,213.51","21,918.10","3.05B","0.16%"
"04/28/2025","21,971.96","22,072.35","22,072.35","21,817.85","2.47B","-0.04%"
"04/25/2025","21,980.74","22,080.44","22,267.96","21,923.90","3.03B","0.32%"
"04/24/2025","21,909.76","22,030.15","22,093.68","21,712.10","2.99B","-0.74%"
"04/23/2025","22,072.62","22,080.19","22,138.81","21,862.87","3.59B","2.37%"
"04/22/2025","21,562.32","21,303.51","21,592.67","21,191.02","3.88B","0.78%"
"04/17/2025","21,395.14","21,066.81","21,417.64","21,039.16","2.89B","1.61%"
"04/16/2025","21,056.98","21,316.47","21,363.57","20,868.36","3.44B","-1.91%"
"04/15/2025","21,466.27","21,603.52","21,603.52","21,297.59","2.94B","0.23%"
"04/14/2025","21,417.40","21,363.88","21,517.32","21,224.55","4.54B","2.40%"
"04/11/2025","20,914.69","20,557.49","21,127.37","20,444.04","5.14B","1.13%"
"04/10/2025","20,681.78","20,810.43","21,211.13","20,530.43","6.61B","2.06%"
"04/09/2025","20,264.49","19,494.92","20,441.14","19,260.21","8.67B","0.68%"
"04/08/2025","20,127.68","20,157.52","20,454.26","19,745.14","8.42B","1.51%"
"04/07/2025","19,828.30","20,730.05","21,047.83","19,706.03","12.69B","-13.22%"
"04/03/2025","22,849.81","22,638.21","22,998.30","22,638.21","4.25B","-1.52%"
"04/02/2025","23,202.53","23,167.31","23,393.03","22,980.96","3.57B","-0.02%"
"04/01/2025","23,206.84","23,217.11","23,456.58","23,123.35","3.98B","0.38%"
"03/31/2025","23,119.58","23,207.07","23,399.73","23,002.81","4.75B","-1.31%"
"03/28/2025","23,426.60","23,672.82","23,775.30","23,254.30","3.54B","-0.65%"
"03/27/2025","23,578.80","23,543.86","23,865.62","23,372.36","3.79B","0.41%"
"03/26/2025","23,483.32","23,460.31","23,596.85","23,350.73","3.12B","0.60%"
"03/25/2025","23,344.25","23,643.32","23,747.32","23,321.67","4.23B","-2.35%"
"03/24/2025","23,905.56","23,749.58","23,967.51","23,531.20","3.39B","0.91%"
"03/21/2025","23,689.72","24,109.07","24,230.72","23,577.78","4.93B","-2.19%"
"03/20/2025","24,219.95","24,753.15","24,753.15","24,186.69","4.10B","-2.23%"
"03/19/2025","24,771.14","24,697.63","24,874.39","24,601.73","3.59B","0.12%"
"03/18/2025","24,740.57","24,679.35","24,745.13","24,475.26","3.93B","2.46%"
"03/17/2025","24,145.57","24,226.00","24,352.47","24,077.15","3.28B","0.77%"
"03/14/2025","23,959.98","23,653.33","24,113.53","23,454.49","4.26B","2.12%"
"03/13/2025","23,462.65","23,616.33","23,712.61","23,198.73","3.23B","-0.58%"
"03/12/2025","23,600.31","23,859.23","23,962.03","23,363.98","3.63B","-0.76%"
"03/11/2025","23,782.14","23,274.86","23,858.61","23,238.36","3.55B","-0.01%"
"03/10/2025","23,783.49","24,115.98","24,292.80","23,632.42","3.68B","-1.85%"
"03/07/2025","24,231.30","24,182.02","24,669.62","24,065.01","4.83B","-0.57%"
"03/06/2025","24,369.71","23,987.09","24,410.93","23,987.09","4.89B","3.29%"
"03/05/2025","23,594.21","23,200.42","23,636.65","23,090.63","4.08B","2.84%"
"03/04/2025","22,941.77","22,678.25","23,051.01","22,547.53","3.99B","-0.28%"
"03/03/2025","23,006.27","23,135.12","23,405.98","22,861.75","4.34B","0.28%"
"02/28/2025","22,941.32","23,616.18","23,616.18","22,798.34","6.58B","-3.28%"
"02/27/2025","23,718.29","23,783.75","24,076.53","23,441.74","6.26B","-0.29%"
"02/26/2025","23,787.93","23,238.34","23,973.17","23,238.34","5.14B","3.27%"
"02/25/2025","23,034.02","22,716.48","23,248.52","22,716.48","4.45B","-1.32%"
"02/24/2025","23,341.61","23,472.14","23,688.45","23,221.57","5.26B","-0.58%"
"02/21/2025","23,477.92","23,090.03","23,477.92","22,901.69","6.17B","3.99%"
"02/20/2025","22,576.98","22,716.71","22,849.66","22,436.13","4.20B","-1.60%"
"02/19/2025","22,944.24","22,777.46","22,975.34","22,649.49","4.08B","-0.14%"
"02/18/2025","22,976.81","22,664.73","23,141.41","22,608.18","5.22B","1.59%"
"02/17/2025","22,616.23","22,755.06","22,977.25","22,319.32","6.74B","-0.02%"
"02/14/2025","22,620.33","22,027.07","22,620.33","22,027.07","6.06B","3.69%"
"02/13/2025","21,814.37","21,958.69","22,523.57","21,735.56","6.49B","-0.20%"
"02/12/2025","21,857.92","21,526.41","21,858.83","21,411.09","4.87B","2.64%"
"02/11/2025","21,294.86","21,656.82","21,682.41","21,279.37","3.58B","-1.06%"
"02/10/2025","21,521.98","21,223.61","21,539.63","21,223.61","3.74B","1.84%"
"02/07/2025","21,133.54","20,858.52","21,213.70","20,806.10","4.13B","1.16%"
"02/06/2025","20,891.62","20,598.98","20,891.62","20,532.06","2.96B","1.43%"
"02/05/2025","20,597.09","20,827.77","20,827.77","20,417.39","2.97B","-0.93%"
"02/04/2025","20,789.96","20,488.29","20,885.49","20,297.64","2.85B","2.83%"
"02/03/2025","20,217.26","20,048.87","20,222.00","19,764.67","2.22B","-0.04%"
"01/28/2025","20,225.11","20,337.46","20,337.46","20,165.73","945.20M","0.14%"
"01/27/2025","20,197.77","20,118.02","20,296.94","20,118.02","2.75B","0.66%"
"01/24/2025","20,066.19","19,842.85","20,144.00","19,768.13","3.21B","1.86%"
"01/23/2025","19,700.56","19,881.32","20,044.06","19,644.83","3.06B","-0.40%"
"01/22/2025","19,778.77","19,997.09","20,022.34","19,733.21","2.28B","-1.63%"
"01/21/2025","20,106.55","20,128.34","20,205.25","19,920.31","2.41B","0.91%"
"01/20/2025","19,925.81","19,804.64","20,093.65","19,786.73","2.76B","1.75%"
"01/17/2025","19,584.06","19,499.10","19,640.37","19,423.70","2.44B","0.31%"
"01/16/2025","19,522.89","19,454.92","19,664.39","19,345.19","2.71B","1.23%"
"01/15/2025","19,286.07","19,149.94","19,319.22","19,149.94","2.45B","0.34%"
"01/14/2025","19,219.78","18,901.56","19,318.36","18,901.56","2.84B","1.83%"
"01/13/2025","18,874.14","18,918.15","18,929.12","18,671.49","2.75B","-1.00%"
"01/10/2025","19,064.29","19,328.07","19,370.49","19,036.64","2.61B","-0.92%"
"01/09/2025","19,240.89","19,254.38","19,405.74","19,227.73","2.46B","-0.20%"
"01/08/2025","19,279.84","19,390.76","19,483.59","19,111.54","3.23B","-0.86%"
"01/07/2025","19,447.58","19,501.45","19,668.65","19,252.61","3.58B","-1.22%"
"01/06/2025","19,688.29","19,848.71","19,851.55","19,627.84","2.47B","-0.36%"
"01/03/2025","19,760.27","19,708.74","19,891.86","19,634.07","3.39B","0.70%"
"01/02/2025","19,623.32","19,932.80","19,932.80","19,542.98","4.03B","-2.18%"
"12/31/2024","20,059.95","20,003.36","20,180.40","20,003.36","1.72B","0.09%"
"12/30/2024","20,041.42","20,124.75","20,193.09","19,968.07","2.72B","-0.24%"
"12/27/2024","20,090.46","20,083.44","20,184.88","20,009.95","2.91B","-0.04%"
"12/24/2024","20,098.29","19,911.50","20,165.46","19,908.57","2.21B","1.08%"
"12/23/2024","19,883.13","19,843.65","19,937.39","19,746.46","3.40B","0.82%"
"12/20/2024","19,720.70","19,697.06","19,875.90","19,692.68","3.50B","-0.16%"
"12/19/2024","19,752.51","19,610.10","19,849.03","19,591.49","2.38B","-0.56%"
"12/18/2024","19,864.55","19,884.54","19,953.53","19,802.22","2.29B","0.83%"
"12/17/2024","19,700.48","19,678.03","19,930.83","19,620.63","2.79B","-0.48%"
"12/16/2024","19,795.49","19,947.23","20,049.21","19,726.15","2.70B","-0.88%"
"12/13/2024","19,971.24","20,238.21","20,238.21","19,927.27","3.11B","-2.09%"
"12/12/2024","20,397.05","20,213.24","20,546.44","20,121.47","2.78B","1.20%"
"12/11/2024","20,155.05","20,404.50","20,481.37","20,100.07","2.30B","-0.77%"
"12/10/2024","20,311.28","21,070.05","21,070.05","20,308.86","4.47B","-0.50%"
"12/09/2024","20,414.09","19,732.28","20,433.73","19,695.51","3.96B","2.76%"
"12/06/2024","19,865.85","19,611.62","19,934.72","19,566.29","3.49B","1.56%"
"12/05/2024","19,560.44","19,578.66","19,642.73","19,466.69","2.01B","-0.92%"
"12/04/2024","19,742.46","19,722.15","19,823.09","19,615.61","2.59B","-0.02%"
"12/03/2024","19,746.32","19,585.35","19,768.32","19,386.82","2.63B","1.00%"
"12/02/2024","19,550.29","19,442.31","19,690.22","19,387.20","2.39B","0.65%"
"11/29/2024","19,423.61","19,346.62","19,658.20","19,312.41","2.49B","0.29%"
"11/28/2024","19,366.96","19,558.18","19,558.18","19,312.26","2.16B","-1.20%"
"11/27/2024","19,603.13","19,187.05","19,660.99","19,061.60","2.37B","2.32%"
"11/26/2024","19,159.20","19,054.40","19,295.75","19,054.40","2.38B","0.04%"
"11/25/2024","19,150.99","19,307.34","19,351.06","19,102.06","4.39B","-0.41%"
"11/22/2024","19,229.97","19,613.55","19,711.40","19,134.59","3.24B","-1.89%"
"11/21/2024","19,601.11","19,646.04","19,764.62","19,552.50","2.08B","-0.53%"
"11/20/2024","19,705.01","19,623.39","19,752.93","19,575.91","2.06B","0.21%"
"11/19/2024","19,663.67","19,699.81","19,758.57","19,522.59","2.53B","0.44%"
"11/18/2024","19,576.61","19,595.50","19,781.08","19,470.43","3.18B","0.77%"
"11/15/2024","19,426.34","19,503.03","19,608.24","19,332.34","2.95B","-0.05%"
"11/14/2024","19,435.81","19,626.26","19,859.17","19,392.59","3.31B","-1.96%"
"11/13/2024","19,823.45","19,671.92","19,840.28","19,608.32","2.86B","-0.12%"
"11/12/2024","19,846.88","20,334.09","20,517.24","19,761.31","4.32B","-2.84%"
"11/11/2024","20,426.93","20,258.14","20,505.01","20,151.38","3.65B","-1.45%"
"11/08/2024","20,728.19","21,199.96","21,355.44","20,705.12","4.15B","-1.07%"
"11/07/2024","20,953.34","20,386.36","20,986.31","20,370.44","4.32B","2.02%"
"11/06/2024","20,538.38","20,791.80","20,859.66","20,361.92","3.90B","-2.23%"
"11/05/2024","21,006.97","20,409.94","21,006.97","20,409.94","3.15B","2.14%"
"11/04/2024","20,567.52","20,584.45","20,633.58","20,446.26","2.46B","0.30%"
"11/01/2024","20,506.43","20,427.88","20,667.22","20,353.34","3.28B","0.93%"
"10/31/2024","20,317.33","20,414.20","20,553.30","20,317.33","3.24B","-0.31%"
"10/30/2024","20,380.64","20,586.55","20,681.52","20,270.07","3.63B","-1.55%"
"10/29/2024","20,701.14","20,729.98","20,890.08","20,563.74","3.14B","0.49%"
"10/28/2024","20,599.36","20,592.74","20,669.41","20,428.94","2.98B","0.04%"
"10/25/2024","20,590.15","20,521.95","20,784.47","20,521.95","2.98B","0.49%"
"10/24/2024","20,489.62","20,576.05","20,685.46","20,448.46","2.73B","-1.30%"
"10/23/2024","20,760.15","20,525.44","20,942.26","20,448.84","3.54B","1.27%"
"10/22/2024","20,498.95","20,433.49","20,629.48","20,380.04","2.56B","0.10%"
"10/21/2024","20,478.46","20,730.95","20,845.57","20,423.09","3.77B","-1.57%"
"10/18/2024","20,804.11","20,106.65","20,952.99","20,058.67","4.59B","3.61%"
"10/17/2024","20,079.10","20,471.99","20,783.35","19,977.35","3.65B","-1.02%"
"10/16/2024","20,286.85","20,144.75","20,548.18","20,131.34","4.16B","-0.16%"
"10/15/2024","20,318.79","21,046.19","21,095.01","20,154.71","4.91B","-3.67%"
"10/14/2024","21,092.87","21,228.65","21,348.86","20,693.75","5.74B","-0.75%"
"10/10/2024","21,251.98","21,046.00","21,622.65","20,983.94","6.04B","2.98%"
"10/09/2024","20,637.24","21,290.04","21,417.75","20,190.53","7.95B","-1.38%"
"10/08/2024","20,926.79","22,849.23","22,902.36","20,762.82","11.26B","-9.41%"
"10/07/2024","23,099.78","22,948.35","23,241.74","22,719.91","5.10B","1.60%"
"10/04/2024","22,736.87","22,015.08","22,742.36","21,824.68","4.62B","2.82%"
"10/03/2024","22,113.51","22,484.04","22,484.04","21,442.25","4.94B","-1.47%"
"10/02/2024","22,443.73","21,289.60","22,667.74","21,289.60","7.70B","6.20%"
"09/30/2024","21,133.68","21,175.41","21,488.75","20,789.93","1.04B","2.43%"
"09/27/2024","20,632.30","20,446.74","20,743.20","20,268.63","9.66B","3.55%"
"09/26/2024","19,924.58","19,302.57","19,954.06","19,176.58","7.43B","4.16%"
"09/25/2024","19,129.10","19,592.43","19,592.43","19,072.72","6.51B","0.68%"
"09/24/2024","19,000.56","18,573.92","19,002.05","18,532.28","6.01B","4.13%"
"09/23/2024","18,247.11","18,237.41","18,426.92","18,212.58","2.72B","-0.06%"
"09/20/2024","18,258.57","18,069.33","18,355.15","18,047.13","4.01B","1.36%"
"09/19/2024","18,013.16","17,633.93","18,071.10","17,602.45","3.44B","2.00%"
"09/17/2024","17,660.02","17,386.75","17,715.77","17,368.14","1.67B","1.37%"
"09/16/2024","17,422.12","17,252.77","17,422.12","17,177.08","1.13B","0.31%"
"09/13/2024","17,369.09","17,298.35","17,540.81","17,298.35","2.14B","0.75%"
"09/12/2024","17,240.39","17,177.30","17,334.19","17,127.25","2.37B","0.77%"
"09/11/2024","17,108.71","17,051.84","17,124.96","16,964.28","3.07B","-0.73%"
"09/10/2024","17,234.09","17,205.42","17,297.95","17,133.50","2.79B","0.22%"
"09/09/2024","17,196.96","17,261.89","17,305.91","17,067.45","3.84B","-1.42%"
"09/05/2024","17,444.30","17,469.96","17,555.61","17,332.49","2.56B","-0.07%"
"09/04/2024","17,457.34","17,474.74","17,531.05","17,333.30","2.60B","-1.10%"
"09/03/2024","17,651.49","17,665.93","17,725.51","17,583.70","2.47B","-0.23%"
"09/02/2024","17,691.97","17,862.59","17,862.59","17,645.92","3.08B","-1.65%"
"08/30/2024","17,989.07","17,794.41","18,202.60","17,778.10","4.75B","1.14%"
"08/29/2024","17,786.32","17,614.41","17,797.17","17,502.53","2.86B","0.53%"
"08/28/2024","17,692.45","17,847.99","17,879.01","17,659.29","2.18B","-1.02%"
"08/27/2024","17,874.67","17,663.80","17,879.27","17,624.42","2.70B","0.43%"
"08/26/2024","17,798.73","17,709.27","17,826.05","17,709.27","1.97B","1.06%"
"08/23/2024","17,612.10","17,521.18","17,635.70","17,493.08","2.05B","-0.16%"
"08/22/2024","17,641.00","17,497.63","17,652.80","17,389.94","2.95B","1.44%"
"08/21/2024","17,391.01","17,313.86","17,415.48","17,232.13","2.06B","-0.69%"
"08/20/2024","17,511.08","17,661.69","17,661.69","17,449.99","1.96B","-0.33%"
"08/19/2024","17,569.57","17,569.66","17,685.86","17,547.65","2.36B","0.80%"
"08/16/2024","17,430.16","17,286.04","17,473.89","17,255.86","2.55B","1.88%"
"08/15/2024","17,109.14","17,008.21","17,283.65","16,926.47","2.41B","-0.02%"
"08/14/2024","17,113.36","17,233.68","17,254.23","17,055.70","1.57B","-0.35%"
"08/13/2024","17,174.06","17,160.21","17,252.88","17,074.69","1.94B","0.36%"
"08/12/2024","17,111.65","17,102.98","17,162.76","17,002.93","1.79B","0.13%"
"08/09/2024","17,090.23","17,097.36","17,252.22","17,079.35","2.15B","1.17%"
"08/08/2024","16,891.83","16,773.04","17,023.10","16,665.06","2.11B","0.08%"
"08/07/2024","16,877.86","16,684.78","16,988.26","16,684.78","2.27B","1.38%"
"08/06/2024","16,647.34","16,861.30","16,908.97","16,611.14","2.43B","-0.31%"
"08/05/2024","16,698.36","16,676.82","16,944.59","16,441.44","3.67B","-1.46%"
"08/02/2024","16,945.51","17,025.26","17,075.52","16,865.93","2.43B","-2.08%"
"08/01/2024","17,304.96","17,327.85","17,408.95","17,248.12","1.93B","-0.23%"
"07/31/2024","17,344.60","17,070.86","17,400.24","17,015.83","2.68B","2.01%"
"07/30/2024","17,002.91","17,194.37","17,194.37","16,971.60","2.55B","-1.37%"
"07/29/2024","17,238.34","17,196.45","17,358.66","17,154.12","2.26B","1.28%"
"07/26/2024","17,021.31","17,079.67","17,229.19","16,924.58","2.37B","-0.00%"
"07/25/2024","17,021.91","17,260.83","17,288.46","16,964.52","2.40B","-1.67%"
"07/24/2024","17,311.05","17,454.43","17,516.95","17,251.26","2.21B","-0.91%"
"07/23/2024","17,469.36","17,679.55","17,707.68","17,451.86","2.22B","-0.94%"
"07/22/2024","17,635.88","17,465.13","17,693.35","17,313.88","2.13B","1.25%"
"07/19/2024","17,417.68","17,603.80","17,629.97","17,376.23","2.81B","-2.03%"
"07/18/2024","17,778.41","17,653.23","17,864.12","17,623.74","2.02B","0.22%"
"07/17/2024","17,739.41","17,741.77","17,807.68","17,658.68","2.76B","0.06%"
"07/16/2024","17,727.98","17,845.06","17,899.55","17,727.98","2.33B","-1.60%"
"07/15/2024","18,015.94","18,201.48","18,243.39","17,946.49","2.33B","-1.52%"
"07/12/2024","18,293.38","18,020.17","18,317.31","18,020.17","3.06B","2.59%"
"07/11/2024","17,832.33","17,629.13","17,864.09","17,621.05","2.23B","2.06%"
"07/10/2024","17,471.67","17,613.50","17,765.88","17,455.08","2.64B","-0.29%"
"07/09/2024","17,523.23","17,481.00","17,617.64","17,376.48","2.62B","-0.00%"
"07/08/2024","17,524.06","17,667.97","17,735.58","17,453.56","2.35B","-1.55%"
"07/05/2024","17,799.61","18,035.77","18,105.01","17,799.61","2.89B","-1.27%"
"07/04/2024","18,028.28","18,079.72","18,133.30","17,942.08","2.99B","0.28%"
"07/03/2024","17,978.57","17,841.77","18,017.76","17,808.27","3.09B","1.18%"
"07/02/2024","17,769.14","17,669.42","17,986.14","17,669.42","3.37B","0.29%"
"06/28/2024","17,718.61","17,583.19","17,865.47","17,583.19","2.83B","0.01%"
"06/27/2024","17,716.47","17,946.00","17,961.92","17,677.33","2.81B","-2.06%"
"06/26/2024","18,089.93","17,934.63","18,156.35","17,934.63","2.31B","0.09%"
"06/25/2024","18,072.90","18,088.02","18,231.46","17,959.07","2.33B","0.25%"
"06/24/2024","18,027.71","17,906.36","18,032.67","17,789.57","2.72B","-0.00%"
"06/21/2024","18,028.52","18,199.14","18,240.13","17,968.37","3.43B","-1.67%"
"06/20/2024","18,335.32","18,453.63","18,520.37","18,274.20","2.68B","-0.52%"
"06/19/2024","18,430.39","18,056.22","18,448.66","18,039.01","3.51B","2.87%"
"06/18/2024","17,915.55","17,961.89","18,043.48","17,854.79","2.55B","-0.11%"
"06/17/2024","17,936.12","17,848.87","18,122.80","17,752.96","2.12B","-0.03%"
"06/14/2024","17,941.78","18,028.07","18,109.89","17,927.16","2.62B","-0.94%"
"06/13/2024","18,112.63","18,104.13","18,173.53","17,971.57","2.33B","0.97%"
"06/12/2024","17,937.84","18,032.40","18,063.72","17,848.76","3.14B","-1.31%"
"06/11/2024","18,176.34","18,163.12","18,267.69","17,994.10","3.53B","-1.04%"
"06/07/2024","18,366.95","18,562.48","18,575.69","18,302.33","3.31B","-0.59%"
"06/06/2024","18,476.80","18,577.58","18,700.68","18,383.80","2.80B","0.28%"
"06/05/2024","18,424.96","18,489.78","18,724.62","18,375.27","3.25B","-0.10%"
"06/04/2024","18,444.11","18,335.45","18,541.03","18,335.45","2.97B","0.22%"
"06/03/2024","18,403.04","18,283.56","18,573.81","18,283.56","3.14B","1.79%"
"05/31/2024","18,079.61","18,409.62","18,551.18","18,077.39","5.34B","-0.83%"
"05/30/2024","18,230.19","18,423.78","18,537.92","18,163.21","3.49B","-1.34%"
"05/29/2024","18,477.01","18,659.41","18,694.55","18,425.09","3.22B","-1.83%"
"05/28/2024","18,821.16","18,814.01","19,000.52","18,776.10","2.43B","-0.03%"
"05/27/2024","18,827.35","18,606.02","18,871.13","18,504.53","2.91B","1.17%"
"05/24/2024","18,608.94","18,742.28","18,867.91","18,532.41","3.55B","-1.38%"
"05/23/2024","18,868.71","19,024.41","19,024.41","18,776.21","3.17B","-1.70%"
"05/22/2024","19,195.60","19,225.26","19,359.68","19,149.41","2.84B","-0.13%"
"05/21/2024","19,220.62","19,473.67","19,487.36","19,175.80","3.52B","-2.12%"
"05/20/2024","19,636.22","19,621.43","19,706.12","19,574.56","3.50B","0.42%"
"05/17/2024","19,553.61","19,525.12","19,602.24","19,342.96","4.38B","0.91%"
"05/16/2024","19,376.53","19,262.79","19,442.90","19,114.38","5.81B","1.59%"
"05/14/2024","19,073.71","19,203.82","19,301.13","19,072.64","3.46B","-0.22%"
"05/13/2024","19,115.06","18,904.58","19,123.48","18,827.60","3.76B","0.80%"
"05/10/2024","18,963.68","18,669.43","18,993.28","18,657.51","6.51B","2.30%"
"05/09/2024","18,537.81","18,306.25","18,560.76","18,278.11","2.90B","1.22%"
"05/08/2024","18,313.86","18,510.54","18,606.56","18,298.36","2.91B","-0.90%"
"05/07/2024","18,479.37","18,577.55","18,638.81","18,411.02","2.49B","-0.53%"
"05/06/2024","18,578.30","18,488.55","18,590.17","18,389.54","3.44B","0.55%"
"05/03/2024","18,475.92","18,543.30","18,604.17","18,362.22","2.48B","1.48%"
"05/02/2024","18,207.13","17,760.68","18,217.82","17,740.62","2.42B","2.50%"
"04/30/2024","17,763.03","17,843.44","17,902.02","17,686.94","3.68B","0.09%"
"04/29/2024","17,746.91","17,737.93","18,031.16","17,679.19","4.85B","0.54%"
"04/26/2024","17,651.15","17,336.20","17,758.24","17,336.20","3.85B","2.12%"
"04/25/2024","17,284.54","17,144.12","17,438.83","17,109.57","3.15B","0.48%"
"04/24/2024","17,201.27","16,993.17","17,217.86","16,934.65","3.31B","2.21%"
"04/23/2024","16,828.93","16,679.39","16,846.13","16,599.21","2.99B","1.92%"
"04/22/2024","16,511.69","16,410.83","16,637.82","16,410.83","2.92B","1.77%"
"04/19/2024","16,224.14","16,246.34","16,254.90","16,044.45","3.39B","-0.99%"
"04/18/2024","16,385.87","16,253.24","16,507.60","16,206.55","3.23B","0.82%"
"04/17/2024","16,251.84","16,225.54","16,316.69","16,155.83","2.45B","0.02%"
"04/16/2024","16,248.97","16,367.69","16,449.24","16,208.64","3.09B","-2.12%"
"04/15/2024","16,600.46","16,487.36","16,647.09","16,465.40","2.56B","-0.72%"
"04/12/2024","16,721.69","16,978.70","17,031.31","16,721.69","2.84B","-2.18%"
"04/11/2024","17,095.03","16,856.19","17,141.36","16,856.19","2.48B","-0.26%"
"04/10/2024","17,139.17","16,926.02","17,190.50","16,918.36","2.55B","1.85%"
"04/09/2024","16,828.07","16,819.18","17,006.85","16,805.99","2.12B","0.57%"
"04/08/2024","16,732.85","16,650.83","16,895.06","16,580.53","2.64B","0.05%"
"04/05/2024","16,723.92","16,787.93","16,839.55","16,480.36","1.80B","-0.01%"
"04/03/2024","16,725.10","16,926.85","16,926.85","16,689.19","2.67B","-1.22%"
"04/02/2024","16,931.52","16,811.74","17,007.34","16,811.74","3.98B","2.36%"
"03/28/2024","16,541.42","16,378.40","16,725.61","16,345.90","3.20B","0.91%"
"03/27/2024","16,392.84","16,530.44","16,612.00","16,354.81","2.77B","-1.36%"
"03/26/2024","16,618.32","16,548.50","16,728.90","16,452.55","2.75B","0.88%"
"03/25/2024","16,473.64","16,531.95","16,612.64","16,441.30","2.62B","-0.16%"
"03/22/2024","16,499.47","16,745.27","16,747.20","16,341.61","3.11B","-2.16%"
"03/21/2024","16,863.10","16,762.83","16,973.52","16,762.83","3.22B","1.93%"
"03/20/2024","16,543.07","16,559.01","16,654.08","16,430.12","2.29B","0.08%"
"03/19/2024","16,529.48","16,628.07","16,682.54","16,492.09","2.43B","-1.24%"
"03/18/2024","16,737.12","16,690.26","16,801.64","16,641.58","2.24B","0.10%"
"03/15/2024","16,720.89","16,758.36","16,821.13","16,550.42","3.78B","-1.42%"
"03/14/2024","16,961.66","17,120.54","17,209.82","16,878.11","2.70B","-0.71%"
"03/13/2024","17,082.11","17,059.11","17,214.67","17,050.87","2.80B","-0.07%"
"03/12/2024","17,093.50","16,701.95","17,154.87","16,613.45","4.00B","3.05%"
"03/11/2024","16,587.57","16,416.17","16,625.64","16,416.17","2.49B","1.43%"
"03/08/2024","16,353.39","16,275.39","16,489.73","16,275.39","2.60B","0.76%"
"03/07/2024","16,229.78","16,417.77","16,512.41","16,136.12","2.54B","-1.27%"
"03/06/2024","16,438.09","16,167.45","16,545.05","16,145.22","2.49B","1.70%"
"03/05/2024","16,162.64","16,343.95","16,450.37","16,095.68","2.70B","-2.61%"
"03/04/2024","16,595.97","16,629.55","16,645.96","16,473.65","2.52B","0.04%"
"03/01/2024","16,589.44","16,390.89","16,651.67","16,321.12","2.88B","0.47%"
"02/29/2024","16,511.44","16,429.57","16,695.36","16,429.57","3.38B","-0.15%"
"02/28/2024","16,536.85","16,833.61","16,844.33","16,517.84","2.59B","-1.51%"
"02/27/2024","16,790.80","16,645.63","16,828.67","16,453.50","2.42B","0.94%"
"02/26/2024","16,634.74","16,684.96","16,777.41","16,590.71","2.25B","-0.54%"
"02/23/2024","16,725.86","16,654.68","16,895.82","16,654.68","2.90B","-0.10%"
"02/22/2024","16,742.95","16,489.84","16,742.95","16,424.79","2.74B","1.45%"
"02/21/2024","16,503.10","16,182.93","16,756.01","16,138.81","3.84B","1.57%"
"02/20/2024","16,247.51","16,222.09","16,274.56","16,055.08","2.21B","0.57%"
"02/19/2024","16,155.61","16,334.47","16,334.47","16,137.98","2.19B","-1.13%"
"02/16/2024","16,339.96","16,007.54","16,394.16","15,937.28","1.74B","2.48%"
"02/15/2024","15,944.63","15,824.21","16,029.02","15,751.36","1.06B","0.41%"
"02/14/2024","15,879.38","15,579.41","15,911.05","15,456.32","1.40B","0.84%"
"02/09/2024","15,746.58","15,709.30","15,754.01","15,531.03","745.50M","-0.83%"
"02/08/2024","15,878.07","15,988.62","16,093.52","15,821.86","1.94B","-1.27%"
"02/07/2024","16,081.89","16,282.39","16,408.15","16,035.43","2.81B","-0.34%"
"02/06/2024","16,136.87","15,541.23","16,154.05","15,541.23","3.31B","4.04%"
"02/05/2024","15,510.01","15,336.86","15,669.77","15,336.86","2.31B","-0.15%"
"02/02/2024","15,533.56","15,756.12","15,912.61","15,435.85","2.48B","-0.21%"
"02/01/2024","15,566.21","15,522.86","15,805.06","15,434.82","2.45B","0.52%"
"01/31/2024","15,485.07","15,652.05","15,744.04","15,411.66","2.59B","-1.39%"
"01/30/2024","15,703.45","15,896.66","15,896.66","15,654.97","2.57B","-2.32%"
"01/29/2024","16,077.24","16,046.25","16,258.45","16,012.59","2.92B","0.78%"
"01/26/2024","15,952.23","16,158.72","16,240.96","15,888.04","3.31B","-1.60%"
"01/25/2024","16,211.96","15,989.94","16,254.93","15,828.93","4.10B","1.96%"
"01/24/2024","15,899.87","15,602.45","15,975.11","15,412.10","3.60B","3.56%"
"01/23/2024","15,353.98","15,038.33","15,516.80","14,994.37","2.80B","2.63%"
"01/22/2024","14,961.18","15,349.05","15,362.91","14,794.16","2.81B","-2.27%"
"01/19/2024","15,308.69","15,404.69","15,540.75","15,207.99","2.24B","-0.54%"
"01/18/2024","15,391.79","15,301.19","15,463.69","15,183.96","2.82B","0.75%"
"01/17/2024","15,276.90","15,764.38","15,764.38","15,194.94","3.95B","-3.71%"
"01/16/2024","15,865.92","16,030.25","16,197.04","15,834.41","2.14B","-2.16%"
"01/15/2024","16,216.33","16,258.28","16,334.71","16,104.50","1.37B","-0.17%"
"01/12/2024","16,244.58","16,216.97","16,393.74","16,185.91","1.53B","-0.35%"
"01/11/2024","16,302.04","16,154.17","16,459.92","16,106.83","1.97B","1.27%"
"01/10/2024","16,097.28","16,143.97","16,247.30","16,036.42","1.79B","-0.57%"
"01/09/2024","16,190.02","16,256.10","16,414.79","16,190.02","1.94B","-0.21%"
"01/08/2024","16,224.45","16,581.86","16,592.06","16,144.56","2.23B","-1.88%"
"01/05/2024","16,535.33","16,573.12","16,745.73","16,455.57","1.94B","-0.66%"
"01/04/2024","16,645.98","16,673.40","16,673.40","16,516.33","1.79B","-0.00%"
"01/03/2024","16,646.41","16,624.92","16,657.51","16,564.80","1.58B","-0.85%"
"01/02/2024","16,788.55","17,135.12","17,135.12","16,725.28","1.72B","-1.52%"
"12/29/2023","17,047.39","17,066.52","17,095.12","16,950.90","1.57B","0.02%"
"12/28/2023","17,043.53","16,678.23","17,086.10","16,644.43","2.30B","2.52%"
"12/27/2023","16,624.84","16,561.78","16,673.57","16,439.26","2.23B","1.74%"
"12/22/2023","16,340.41","16,743.06","16,857.84","16,271.50","2.20B","-1.69%"
"12/21/2023","16,621.13","16,455.14","16,649.57","16,444.73","1.40B","0.04%"
"12/20/2023","16,613.81","16,647.95","16,741.05","16,549.49","1.65B","0.66%"
"12/19/2023","16,505.00","16,551.44","16,579.55","16,408.02","1.52B","-0.75%"
"12/18/2023","16,629.23","16,669.82","16,713.41","16,572.88","1.57B","-0.97%"
"12/15/2023","16,792.19","16,610.70","16,964.33","16,610.70","3.90B","2.38%"
"12/14/2023","16,402.19","16,419.74","16,577.75","16,319.22","2.34B","1.07%"
"12/13/2023","16,228.75","16,311.71","16,326.95","16,145.25","1.86B","-0.89%"
"12/12/2023","16,374.50","16,236.06","16,420.97","16,157.68","1.98B","1.07%"
"12/11/2023","16,201.49","16,149.06","16,276.88","15,972.31","2.53B","-0.81%"
"12/08/2023","16,334.37","16,373.44","16,464.14","16,249.15","1.88B","-0.07%"
"12/07/2023","16,345.89","16,376.44","16,376.44","16,157.98","1.95B","-0.71%"
"12/06/2023","16,463.26","16,311.96","16,600.36","16,234.84","1.99B","0.83%"
"12/05/2023","16,327.86","16,606.54","16,606.54","16,228.52","2.68B","-1.91%"
"12/04/2023","16,646.05","16,919.08","16,941.91","16,617.03","2.48B","-1.09%"
"12/01/2023","16,830.30","17,019.17","17,038.98","16,830.30","2.43B","-1.25%"
"11/30/2023","17,042.88","16,985.18","17,068.26","16,863.05","3.01B","0.29%"
"11/29/2023","16,993.44","17,359.08","17,359.08","16,881.98","2.81B","-2.08%"
"11/28/2023","17,354.14","17,541.48","17,541.48","17,303.82","1.79B","-0.98%"
"11/27/2023","17,525.06","17,677.52","17,677.52","17,358.24","1.50B","-0.20%"
"11/24/2023","17,559.42","17,771.75","17,771.75","17,545.61","1.30B","-1.96%"
"11/23/2023","17,910.84","17,680.05","17,927.36","17,577.31","1.67B","0.99%"
"11/22/2023","17,734.60","17,736.40","17,796.86","17,650.49","1.24B","0.00%"
"11/21/2023","17,733.89","17,932.54","18,057.62","17,689.01","2.09B","-0.25%"
"11/20/2023","17,778.07","17,625.84","17,788.90","17,532.73","1.96B","1.86%"
"11/17/2023","17,454.19","17,584.32","17,631.04","17,413.46","1.95B","-2.12%"
"11/16/2023","17,832.82","18,174.69","18,174.69","17,722.86","1.88B","-1.36%"
"11/15/2023","18,079.00","17,836.65","18,102.28","17,766.22","2.91B","3.92%"
"11/14/2023","17,396.86","17,495.10","17,565.22","17,358.89","1.45B","-0.17%"
"11/13/2023","17,426.21","17,263.00","17,456.08","17,126.61","1.44B","1.30%"
"11/10/2023","17,203.26","17,350.87","17,350.87","17,177.53","1.67B","-1.76%"
"11/09/2023","17,511.29","17,553.26","17,617.27","17,457.00","1.64B","-0.33%"
"11/08/2023","17,568.46","17,650.51","17,753.59","17,537.20","2.14B","-0.58%"
"11/07/2023","17,670.16","17,850.59","17,890.63","17,658.91","1.97B","-1.65%"
"11/06/2023","17,966.59","17,913.54","18,037.94","17,899.35","2.76B","1.71%"
"11/03/2023","17,664.12","17,405.91","17,729.43","17,352.60","2.00B","2.52%"
"11/02/2023","17,230.59","17,282.39","17,459.43","17,176.01","1.80B","0.75%"
"11/01/2023","17,101.78","17,139.40","17,188.85","16,979.26","1.53B","-0.06%"
"10/31/2023","17,112.48","17,337.70","17,337.70","17,042.10","2.11B","-1.69%"
"10/30/2023","17,406.36","17,225.65","17,406.36","17,225.65","2.67B","0.04%"
"10/27/2023","17,398.73","17,160.23","17,497.72","17,078.24","2.45B","2.08%"
"10/26/2023","17,044.61","17,085.12","17,174.08","16,917.22","1.97B","-0.24%"
"10/25/2023","17,085.33","17,465.43","17,465.82","17,001.43","2.50B","0.55%"
"10/24/2023","16,991.53","17,053.15","17,139.53","16,879.66","2.12B","-1.05%"
"10/20/2023","17,172.13","17,127.26","17,309.74","17,118.07","1.99B","-0.72%"
"10/19/2023","17,295.89","17,540.46","17,540.46","17,292.36","2.27B","-2.46%"
"10/18/2023","17,732.52","17,728.25","17,831.18","17,625.89","1.94B","-0.23%"
"10/17/2023","17,773.34","17,806.23","17,815.71","17,671.99","1.73B","0.75%"
"10/16/2023","17,640.36","17,803.31","17,858.18","17,601.50","1.90B","-0.97%"
"10/13/2023","17,813.45","17,946.77","18,013.67","17,776.95","2.14B","-2.33%"
"10/12/2023","18,238.21","18,258.26","18,290.91","18,175.35","3.86B","1.93%"
"10/11/2023","17,893.10","17,956.83","18,022.45","17,889.71","2.03B","1.29%"
"10/10/2023","17,664.73","17,726.63","17,916.62","17,638.01","1.60B","0.84%"
"10/09/2023","17,517.40","17,500.37","17,633.19","17,447.76","1.22B","0.18%"
"10/06/2023","17,485.98","17,370.03","17,603.80","17,370.03","1.14B","1.58%"
"10/05/2023","17,213.87","17,249.97","17,336.43","17,197.61","1.09B","0.10%"
"10/04/2023","17,195.84","17,266.82","17,266.82","17,094.00","1.29B","-0.78%"
"10/03/2023","17,331.22","17,546.39","17,546.39","17,212.87","2.10B","-2.69%"
"09/29/2023","17,809.66","17,484.95","17,935.15","17,482.39","1.84B","2.51%"
"09/28/2023","17,373.03","17,587.08","17,627.73","17,352.83","2.00B","-1.36%"
"09/27/2023","17,611.87","17,472.11","17,655.31","17,472.11","1.57B","0.83%"
"09/26/2023","17,466.90","17,661.85","17,718.18","17,379.44","1.91B","-1.48%"
"09/25/2023","17,729.29","18,046.89","18,046.89","17,722.49","1.55B","-1.82%"
"09/22/2023","18,057.45","17,578.26","18,078.69","17,573.81","1.92B","2.28%"
"09/21/2023","17,655.41","17,795.80","17,823.82","17,623.87","2.05B","-1.29%"
"09/20/2023","17,885.60","17,939.25","17,995.38","17,833.20","1.66B","-0.62%"
"09/19/2023","17,997.17","17,942.07","18,004.74","17,832.30","1.78B","0.37%"
"09/18/2023","17,930.55","18,069.04","18,114.82","17,894.81","1.69B","-1.39%"
"09/15/2023","18,182.89","18,154.01","18,372.65","18,030.79","2.78B","0.75%"
"09/14/2023","18,047.92","18,101.96","18,173.54","17,928.63","2.01B","0.21%"
"09/13/2023","18,009.22","18,131.10","18,200.52","17,954.97","1.87B","-0.09%"
"09/12/2023","18,025.89","18,015.56","18,145.58","17,892.01","1.89B","-0.39%"
"09/11/2023","18,096.45","17,941.65","18,164.61","17,842.37","2.52B","-0.58%"
"09/07/2023","18,202.07","18,437.48","18,437.48","18,173.44","2.12B","-1.34%"
"09/06/2023","18,449.98","18,405.09","18,492.59","18,256.10","2.35B","-0.04%"
"09/05/2023","18,456.91","18,717.42","18,725.50","18,431.72","2.32B","-2.06%"
"09/04/2023","18,844.16","18,592.53","18,899.49","18,575.45","4.04B","2.51%"
"08/31/2023","18,382.06","18,580.47","18,667.18","18,312.76","4.07B","-0.55%"
"08/30/2023","18,482.86","18,659.96","18,742.14","18,427.22","3.29B","-0.01%"
"08/29/2023","18,484.03","18,261.69","18,583.80","18,239.92","3.07B","1.95%"
"08/28/2023","18,130.74","18,519.08","18,564.43","18,113.23","2.99B","0.06%"
"08/25/2023","18,119.39","18,037.60","18,137.65","17,969.41","2.47B","-0.51%"
"08/24/2023","18,212.17","17,992.73","18,272.95","17,945.01","2.76B","2.05%"
"08/23/2023","17,845.92","17,762.76","18,000.53","17,730.79","2.50B","0.31%"
"08/22/2023","17,791.01","17,641.86","17,965.26","17,573.70","2.90B","0.95%"
"08/21/2023","17,623.29","17,798.47","17,867.66","17,587.38","3.14B","-1.82%"
"08/18/2023","17,950.85","18,208.98","18,336.41","17,936.43","3.05B","-2.05%"
"08/17/2023","18,326.63","18,023.11","18,399.20","17,900.77","3.16B","-0.01%"
"08/16/2023","18,329.30","18,356.65","18,440.96","18,261.85","2.82B","-1.36%"
"08/15/2023","18,581.11","18,599.20","18,745.82","18,513.78","2.67B","-1.03%"
"08/14/2023","18,773.55","18,697.33","18,792.72","18,554.51","3.89B","-1.58%"
"08/11/2023","19,075.19","19,319.91","19,346.29","19,049.92","3.36B","-0.90%"
"08/10/2023","19,248.26","19,125.00","19,315.17","19,030.39","2.60B","0.01%"
"08/09/2023","19,246.03","19,059.58","19,270.48","19,056.10","2.26B","0.32%"
"08/08/2023","19,184.17","19,308.55","19,370.80","19,112.61","3.49B","-1.81%"
"08/07/2023","19,537.92","19,474.66","19,581.82","19,352.35","2.28B","-0.01%"
"08/04/2023","19,539.46","19,671.13","19,857.39","19,461.61","2.77B","0.61%"
"08/03/2023","19,420.87","19,404.14","19,650.16","19,369.06","2.49B","-0.49%"
"08/02/2023","19,517.38","19,902.77","19,981.00","19,475.15","2.96B","-2.47%"
"08/01/2023","20,011.12","20,211.20","20,331.28","19,891.81","3.01B","-0.34%"
"07/31/2023","20,078.94","20,237.53","20,361.03","20,019.79","4.33B","0.82%"
"07/28/2023","19,916.56","19,418.48","19,940.59","19,381.90","3.09B","1.41%"
"07/27/2023","19,639.11","19,502.09","19,685.79","19,482.47","3.03B","1.41%"
"07/26/2023","19,365.14","19,340.77","19,404.50","19,245.66","2.14B","-0.36%"
"07/25/2023","19,434.40","19,172.28","19,465.27","19,111.82","3.67B","4.10%"
"07/24/2023","18,668.15","18,867.61","18,946.56","18,562.12","2.21B","-2.13%"
"07/21/2023","19,075.26","18,918.70","19,169.75","18,886.43","1.64B","0.78%"
"07/20/2023","18,928.02","19,003.28","19,215.74","18,888.76","1.81B","-0.13%"
"07/19/2023","18,952.31","18,826.59","19,004.42","18,711.03","1.98B","-0.33%"
"07/18/2023","19,015.72","19,324.34","19,324.34","18,979.92","2.59B","-2.05%"
"07/14/2023","19,413.78","19,534.82","19,534.82","19,364.60","2.46B","0.33%"
"07/13/2023","19,350.62","19,181.31","19,368.92","19,163.21","2.73B","2.60%"
"07/12/2023","18,860.95","18,797.01","18,932.18","18,739.60","1.82B","1.08%"
"07/11/2023","18,659.83","18,671.42","18,806.55","18,573.67","2.11B","0.97%"
"07/10/2023","18,479.72","18,747.50","18,781.21","18,417.63","1.95B","0.62%"
"07/07/2023","18,365.70","18,435.46","18,537.75","18,279.73","2.46B","-0.90%"
"07/06/2023","18,533.05","18,840.41","18,973.01","18,483.08","3.28B","-3.02%"
"07/05/2023","19,110.38","19,355.06","19,378.90","19,095.60","2.43B","-1.57%"
"07/04/2023","19,415.68","19,289.06","19,449.11","19,253.22","1.99B","0.57%"
"07/03/2023","19,306.59","19,002.55","19,371.71","19,002.55","2.21B","2.06%"
"06/30/2023","18,916.43","18,881.43","19,070.11","18,838.62","1.87B","-0.09%"
"06/29/2023","18,934.36","19,180.28","19,180.28","18,837.32","1.69B","-1.24%"
"06/28/2023","19,172.05","19,099.39","19,222.13","19,019.26","1.68B","0.12%"
"06/27/2023","19,148.13","18,851.66","19,226.32","18,842.42","2.06B","1.88%"
"06/26/2023","18,794.13","18,845.90","19,001.62","18,767.15","2.07B","-0.51%"
"06/23/2023","18,889.97","19,135.02","19,138.42","18,800.34","1.69B","-1.71%"
"06/21/2023","19,218.35","19,305.24","19,377.69","19,174.16","2.00B","-1.98%"
"06/20/2023","19,607.08","19,863.86","19,863.86","19,504.63","2.12B","-1.54%"
"06/19/2023","19,912.89","19,983.40","20,000.22","19,718.43","1.91B","-0.64%"
"06/16/2023","20,040.37","19,915.44","20,155.92","19,876.42","3.58B","1.07%"
"06/15/2023","19,828.92","19,626.80","19,832.20","19,510.76","2.66B","2.17%"
"06/14/2023","19,408.42","19,547.58","19,641.16","19,352.34","2.48B","-0.58%"
"06/13/2023","19,521.42","19,355.65","19,572.42","19,273.42","2.47B","0.60%"
"06/12/2023","19,404.31","19,440.99","19,440.99","19,255.65","1.69B","0.07%"
"06/09/2023","19,389.95","19,333.43","19,463.61","19,231.13","2.00B","0.47%"
"06/08/2023","19,299.18","19,227.84","19,339.82","19,087.66","2.21B","0.25%"
"06/07/2023","19,252.00","19,327.15","19,410.48","19,196.09","2.16B","0.80%"
"06/06/2023","19,099.28","19,117.11","19,377.38","19,033.85","2.26B","-0.05%"
"06/05/2023","19,108.50","19,014.96","19,123.80","18,896.13","2.10B","0.84%"
"06/02/2023","18,949.94","18,566.81","19,024.91","18,548.30","3.73B","4.02%"
"06/01/2023","18,216.91","18,190.27","18,465.64","18,190.27","2.62B","-0.10%"
"05/31/2023","18,234.27","18,415.00","18,415.00","18,044.86","4.37B","-1.94%"
"05/30/2023","18,595.78","18,574.19","18,666.71","18,369.93","2.25B","0.24%"
"05/29/2023","18,551.11","18,827.08","18,879.09","18,517.86","2.20B","-1.04%"
"05/25/2023","18,746.92","18,930.23","18,930.23","18,620.84","2.79B","-1.93%"
"05/24/2023","19,115.93","19,279.39","19,304.20","19,046.80","2.48B","-1.62%"
"05/23/2023","19,431.25","19,713.46","19,769.14","19,363.50","1.89B","-1.25%"
"05/22/2023","19,678.17","19,479.06","19,806.44","19,410.07","1.68B","1.17%"
"05/19/2023","19,450.57","19,535.49","19,610.72","19,352.81","1.95B","-1.40%"
"05/18/2023","19,727.25","19,702.73","19,894.23","19,630.76","2.10B","0.85%"
"05/17/2023","19,560.57","19,956.13","19,987.93","19,538.09","2.26B","-2.09%"
"05/16/2023","19,978.25","20,183.28","20,183.28","19,891.49","1.72B","0.04%"
"05/15/2023","19,971.13","19,525.06","20,063.35","19,498.04","2.58B","1.75%"
"05/12/2023","19,627.24","19,850.84","19,853.37","19,596.49","2.28B","-0.59%"
"05/11/2023","19,743.79","19,842.98","19,854.49","19,567.62","2.21B","-0.09%"
"05/10/2023","19,762.20","19,860.50","19,880.03","19,696.59","2.78B","-0.53%"
"05/09/2023","19,867.58","20,252.13","20,297.83","19,817.78","4.04B","-2.12%"
"05/08/2023","20,297.03","20,128.18","20,321.74","20,081.70","4.29B","1.24%"
"05/05/2023","20,049.31","20,061.00","20,208.75","19,968.41","3.32B","0.50%"
"05/04/2023","19,948.73","19,695.73","19,979.77","19,695.73","3.21B","1.27%"
"05/03/2023","19,699.16","19,686.15","19,721.96","19,538.72","1.46B","-1.18%"
"05/02/2023","19,933.81","20,122.90","20,286.46","19,761.13","1.46B","0.20%"
"04/28/2023","19,894.57","19,936.02","20,167.88","19,879.07","2.57B","0.27%"
"04/27/2023","19,840.28","19,736.35","19,880.29","19,662.60","2.15B","0.42%"
"04/26/2023","19,757.27","19,520.97","19,903.73","19,520.97","1.94B","0.71%"
"04/25/2023","19,617.88","19,903.53","19,910.28","19,527.63","2.20B","-1.71%"
"04/24/2023","19,959.94","20,049.87","20,146.37","19,734.68","2.25B","-0.58%"
"04/21/2023","20,075.73","20,330.15","20,378.90","19,974.91","2.49B","-1.57%"
"04/20/2023","20,396.97","20,354.83","20,472.50","20,308.33","2.05B","0.14%"
"04/19/2023","20,367.76","20,633.00","20,633.00","20,336.71","2.18B","-1.37%"
"04/18/2023","20,650.51","20,643.41","20,742.39","20,559.08","2.35B","-0.63%"
"04/17/2023","20,782.45","20,374.51","20,864.74","20,299.15","3.41B","1.68%"
"04/14/2023","20,438.81","20,422.72","20,482.68","20,297.16","2.09B","0.46%"
"04/13/2023","20,344.48","19,977.96","20,344.48","19,885.53","2.33B","0.17%"
"04/12/2023","20,309.86","20,481.53","20,494.81","20,236.92","2.35B","-0.86%"
"04/11/2023","20,485.24","20,566.59","20,750.73","20,293.37","3.06B","0.76%"
"04/06/2023","20,331.20","20,146.22","20,343.86","20,099.48","2.14B","0.28%"
"04/04/2023","20,274.59","20,364.36","20,364.36","20,126.90","2.42B","-0.66%"
"04/03/2023","20,409.18","20,379.50","20,475.43","20,226.95","2.65B","0.04%"
"03/31/2023","20,400.11","20,583.88","20,721.97","20,357.41","3.04B","0.45%"
"03/30/2023","20,309.13","20,216.79","20,320.02","20,017.17","2.98B","0.58%"
"03/29/2023","20,192.40","20,348.64","20,437.69","20,107.73","2.60B","2.06%"
"03/28/2023","19,784.65","19,688.31","19,875.11","19,559.47","1.94B","1.11%"
"03/27/2023","19,567.69","19,851.79","19,938.77","19,509.49","2.50B","-1.75%"
"03/24/2023","19,915.68","19,919.65","20,118.29","19,834.45","2.31B","-0.67%"
"03/23/2023","20,049.64","19,619.74","20,051.26","19,523.50","2.53B","2.34%"
"03/22/2023","19,591.43","19,428.36","19,775.69","19,428.36","2.36B","1.73%"
"03/21/2023","19,258.76","19,118.87","19,295.64","19,018.10","1.93B","1.36%"
"03/20/2023","19,000.71","19,352.90","19,382.97","18,829.11","2.84B","-2.65%"
"03/17/2023","19,518.59","19,439.84","19,597.18","19,303.29","4.33B","1.64%"
"03/16/2023","19,203.91","19,197.97","19,388.77","19,109.07","3.05B","-1.72%"
"03/15/2023","19,539.87","19,523.49","19,745.44","19,431.09","2.63B","1.52%"
"03/14/2023","19,247.96","19,524.51","19,639.52","19,122.82","3.03B","-2.27%"
"03/13/2023","19,695.97","19,411.88","19,791.64","19,390.38","3.13B","1.95%"
"03/10/2023","19,319.92","19,580.78","19,637.72","19,281.97","3.59B","-3.04%"
"03/09/2023","19,925.74","20,082.42","20,157.24","19,907.58","2.19B","-0.63%"
"03/08/2023","20,051.25","20,256.89","20,269.93","19,969.47","2.64B","-2.35%"
"03/07/2023","20,534.48","20,606.83","21,005.66","20,358.78","3.63B","-0.33%"
"03/06/2023","20,603.19","20,437.87","20,702.75","20,410.00","2.49B","0.17%"
"03/03/2023","20,567.54","20,703.14","20,727.25","20,498.16","2.23B","0.68%"
"03/02/2023","20,429.46","20,390.02","20,548.57","20,321.25","1.99B","-0.92%"
"03/01/2023","20,619.71","19,849.97","20,674.07","19,849.97","2.89B","4.21%"
"02/28/2023","19,785.94","20,020.17","20,185.05","19,783.07","2.75B","-0.79%"
"02/27/2023","19,943.51","19,821.03","20,086.53","19,804.56","1.90B","-0.33%"
"02/24/2023","20,010.04","20,223.67","20,233.64","20,006.78","2.06B","-1.68%"
"02/23/2023","20,351.35","20,339.15","20,601.22","20,323.24","1.73B","-0.35%"
"02/22/2023","20,423.84","20,512.49","20,620.98","20,344.86","1.77B","-0.51%"
"02/21/2023","20,529.49","20,859.50","20,941.30","20,503.05","2.00B","-1.71%"
"02/20/2023","20,886.96","20,681.47","20,973.67","20,606.85","1.92B","0.81%"
"02/17/2023","20,719.81","20,958.63","21,056.68","20,703.74","1.63B","-1.28%"
"02/16/2023","20,987.67","20,947.07","21,306.54","20,887.70","2.18B","0.84%"
"02/15/2023","20,812.17","21,116.84","21,117.58","20,726.83","2.14B","-1.43%"
"02/14/2023","21,113.76","21,235.92","21,237.88","21,074.94","1.41B","-0.24%"
"02/13/2023","21,164.42","20,910.08","21,230.15","20,799.91","1.77B","-0.12%"
"02/10/2023","21,190.42","21,559.44","21,579.99","21,157.52","1.78B","-2.01%"
"02/09/2023","21,624.36","21,154.25","21,637.55","21,151.27","1.93B","1.60%"
"02/08/2023","21,283.52","21,283.90","21,443.48","21,178.87","1.89B","-0.07%"
"02/07/2023","21,298.70","21,288.39","21,512.21","21,259.21","1.78B","0.36%"
"02/06/2023","21,222.16","21,349.17","21,349.17","21,085.72","2.31B","-2.02%"
"02/03/2023","21,660.47","21,811.08","21,820.78","21,459.65","2.41B","-1.36%"
"02/02/2023","21,958.36","22,276.23","22,311.96","21,930.53","2.40B","-0.52%"
"02/01/2023","22,072.18","21,920.80","22,072.18","21,703.60","2.55B","1.05%"
"01/31/2023","21,842.33","22,190.27","22,284.32","21,631.55","3.30B","-1.03%"
"01/30/2023","22,069.73","22,579.88","22,623.81","21,992.51","3.80B","-2.73%"
"01/27/2023","22,688.90","22,614.92","22,700.85","22,483.78","2.01B","0.54%"
"01/26/2023","22,566.78","22,386.37","22,566.78","22,329.07","2.46B","2.37%"
"01/20/2023","22,044.65","21,812.46","22,051.77","21,754.35","1.96B","1.82%"
"01/19/2023","21,650.98","21,452.26","21,754.08","21,383.03","1.66B","-0.12%"
"01/18/2023","21,678.00","21,514.80","21,691.67","21,422.19","2.49B","0.47%"
"01/17/2023","21,577.64","21,678.05","21,797.62","21,417.25","2.31B","-0.78%"
"01/16/2023","21,746.72","21,818.65","21,947.55","21,572.51","2.56B","0.04%"
"01/13/2023","21,738.66","21,605.07","21,770.08","21,474.98","2.46B","1.04%"
"01/12/2023","21,514.10","21,599.82","21,698.94","21,223.84","2.83B","0.36%"
"01/11/2023","21,436.05","21,463.82","21,686.30","21,327.41","2.97B","0.49%"
"01/10/2023","21,331.46","21,370.42","21,395.42","21,187.73","2.54B","-0.27%"
"01/09/2023","21,388.34","21,295.94","21,470.69","21,216.92","2.70B","1.89%"
"01/06/2023","20,991.64","21,220.89","21,282.71","20,862.77","2.75B","-0.29%"
"01/05/2023","21,052.17","21,295.87","21,396.09","20,962.40","2.88B","1.25%"
"01/04/2023","20,793.11","20,319.98","20,793.11","20,233.39","3.02B","3.22%"
"01/03/2023","20,145.29","19,570.43","20,212.55","19,303.73","2.29B","1.84%"
"12/30/2022","19,781.41","20,030.85","20,073.92","19,781.41","1.75B","0.20%"
"12/29/2022","19,741.14","19,648.40","19,764.52","19,539.84","2.90B","-0.79%"
"12/28/2022","19,898.91","19,787.94","20,099.77","19,787.94","2.82B","1.56%"
"12/23/2022","19,593.06","19,382.23","19,686.77","19,380.47","1.36B","-0.44%"
"12/22/2022","19,679.22","19,537.45","19,735.00","19,475.68","1.94B","2.71%"
"12/21/2022","19,160.49","19,190.91","19,255.74","19,063.30","1.35B","0.34%"
"12/20/2022","19,094.80","19,156.94","19,283.14","18,885.20","1.94B","-1.33%"
"12/19/2022","19,352.81","19,472.21","19,786.29","19,255.95","2.24B","-0.50%"
"12/16/2022","19,450.67","19,343.70","19,621.13","19,130.53","2.88B","0.42%"
"12/15/2022","19,368.59","19,612.67","19,675.68","19,233.86","2.24B","-1.55%"
"12/14/2022","19,673.45","19,775.33","19,859.75","19,528.71","2.76B","0.39%"
"12/13/2022","19,596.20","19,458.02","19,707.75","19,382.30","2.58B","0.68%"
"12/12/2022","19,463.63","19,594.52","19,718.08","19,366.22","3.12B","-2.20%"
"12/09/2022","19,900.87","19,484.23","19,926.48","19,404.50","4.02B","2.32%"
"12/08/2022","19,450.23","18,965.05","19,521.60","18,965.05","2.86B","3.38%"
"12/07/2022","18,814.82","19,380.80","19,737.31","18,799.81","5.31B","-3.22%"
"12/06/2022","19,441.18","19,211.70","19,569.67","19,202.87","3.55B","-0.40%"
"12/05/2022","19,518.29","19,221.68","19,539.60","19,035.14","4.89B","4.51%"
"12/02/2022","18,675.35","18,785.28","18,841.22","18,530.82","3.76B","-0.33%"
"12/01/2022","18,736.44","19,058.90","19,237.45","18,679.35","4.26B","0.75%"
"11/30/2022","18,597.23","18,141.56","18,645.35","18,052.32","5.36B","2.16%"
"11/29/2022","18,204.68","17,558.60","18,204.68","17,536.45","4.27B","5.24%"
"11/28/2022","17,297.94","17,000.23","17,364.21","16,833.68","2.80B","-1.57%"
"11/25/2022","17,573.58","17,673.20","17,673.20","17,412.04","3.18B","-0.49%"
"11/24/2022","17,660.90","17,684.53","17,759.24","17,517.12","2.91B","0.78%"
"11/23/2022","17,523.81","17,460.90","17,640.84","17,375.96","2.42B","0.57%"
"11/22/2022","17,424.41","17,625.19","17,751.93","17,287.60","3.02B","-1.31%"
"11/21/2022","17,655.91","17,654.15","17,746.34","17,389.45","2.23B","-1.87%"
"11/18/2022","17,992.54","18,316.36","18,378.06","17,910.19","2.79B","-0.29%"
"11/17/2022","18,045.66","18,071.60","18,220.81","17,711.84","2.93B","-1.15%"
"11/16/2022","18,256.48","18,169.21","18,414.09","18,031.87","3.92B","-0.47%"
"11/15/2022","18,343.12","17,665.80","18,356.78","17,552.30","4.90B","4.11%"
"11/14/2022","17,619.71","17,999.26","18,011.64","17,518.88","5.55B","1.70%"
"11/11/2022","17,325.66","17,120.05","17,368.04","16,829.00","5.11B","7.74%"
"11/10/2022","16,081.04","16,138.22","16,138.22","15,945.20","2.20B","-1.70%"
"11/09/2022","16,358.52","16,552.80","16,730.20","16,213.03","3.27B","-1.20%"
"11/08/2022","16,557.31","16,640.60","16,719.01","16,429.81","2.07B","-0.23%"
"11/07/2022","16,595.91","16,031.79","16,821.89","15,980.85","3.23B","2.69%"
"11/04/2022","16,161.14","15,442.76","16,513.16","15,442.76","3.95B","5.36%"
"11/03/2022","15,339.49","15,477.74","15,623.18","15,301.67","2.54B","-3.08%"
"11/02/2022","15,827.17","15,389.55","15,867.24","15,276.76","2.77B","2.41%"
"11/01/2022","15,455.27","14,859.92","15,632.85","14,859.92","3.79B","5.23%"
"10/31/2022","14,687.02","14,830.69","15,113.15","14,597.31","4.18B","-1.18%"
"10/28/2022","14,863.06","15,424.94","15,441.99","14,770.09","3.05B","-3.66%"
"10/27/2022","15,427.94","15,721.27","15,833.28","15,410.97","2.53B","0.72%"
"10/26/2022","15,317.67","15,096.32","15,584.06","15,041.40","2.72B","1.00%"
"10/25/2022","15,165.59","15,242.10","15,435.37","14,947.39","3.28B","-0.10%"
"10/24/2022","15,180.69","15,894.75","15,993.88","15,082.84","3.60B","-6.36%"
"10/21/2022","16,211.12","16,331.11","16,359.04","16,137.18","2.05B","-0.42%"
"10/20/2022","16,280.22","16,230.79","16,452.97","16,010.72","2.30B","-1.40%"
"10/19/2022","16,511.28","16,805.91","16,923.12","16,508.37","1.71B","-2.38%"
"10/18/2022","16,914.58","16,860.20","16,914.58","16,558.41","1.97B","1.82%"
"10/17/2022","16,612.90","16,479.74","16,754.52","16,308.95","2.06B","0.15%"
"10/14/2022","16,587.69","16,671.68","17,028.68","16,535.37","2.32B","1.21%"
"10/13/2022","16,389.11","16,700.65","16,736.59","16,389.11","2.24B","-1.87%"
"10/12/2022","16,701.03","16,758.27","17,040.70","16,438.60","2.41B","-0.78%"
"10/11/2022","16,832.36","17,194.73","17,206.51","16,789.97","1.80B","-2.23%"
"10/10/2022","17,216.66","17,449.36","17,449.36","17,174.61","1.77B","-2.95%"
"10/07/2022","17,740.05","17,851.62","17,881.87","17,717.73","1.13B","-1.51%"
"10/06/2022","18,012.15","18,100.48","18,143.85","17,958.14","1.08B","-0.42%"
"10/05/2022","18,087.97","17,811.97","18,164.20","17,682.85","2.26B","5.90%"
"10/03/2022","17,079.51","17,050.25","17,252.11","16,906.96","1.36B","-0.83%"
"09/30/2022","17,222.83","17,165.93","17,344.81","17,016.28","2.11B","0.33%"
"09/29/2022","17,165.87","17,570.17","17,629.67","17,046.83","2.53B","-0.49%"
"09/28/2022","17,250.88","17,703.39","17,703.39","17,184.54","2.95B","-3.41%"
"09/27/2022","17,860.31","17,838.65","17,904.21","17,648.42","1.90B","0.03%"
"09/26/2022","17,855.14","17,781.87","18,077.64","17,727.40","2.56B","-0.44%"
"09/23/2022","17,933.27","18,055.59","18,165.95","17,926.29","1.78B","-1.18%"
"09/22/2022","18,147.95","18,080.93","18,195.09","17,965.33","1.73B","-1.61%"
"09/21/2022","18,444.62","18,638.85","18,638.85","18,434.65","1.63B","-1.79%"
"09/20/2022","18,781.42","18,700.68","18,861.47","18,685.46","1.48B","1.16%"
"09/19/2022","18,565.97","18,695.35","18,697.09","18,494.54","1.75B","-1.04%"
"09/16/2022","18,761.69","18,732.44","18,905.28","18,678.22","2.79B","-0.89%"
"09/15/2022","18,930.38","18,833.90","19,013.03","18,833.90","1.80B","0.44%"
"09/14/2022","18,847.10","18,933.30","18,989.22","18,797.79","1.73B","-2.48%"
"09/13/2022","19,326.86","19,404.64","19,492.06","19,296.25","1.79B","-0.18%"
"09/09/2022","19,362.25","18,893.65","19,417.56","18,893.65","1.99B","2.69%"
"09/08/2022","18,854.62","19,043.84","19,075.74","18,803.76","1.72B","-1.00%"
"09/07/2022","19,044.30","18,915.87","19,068.90","18,818.78","1.84B","-0.83%"
"09/06/2022","19,202.73","19,261.70","19,358.02","19,107.60","1.72B","-0.12%"
"09/05/2022","19,225.70","19,299.09","19,299.09","19,064.79","2.18B","-1.16%"
"09/02/2022","19,452.09","19,572.47","19,630.80","19,342.49","2.10B","-0.74%"
"09/01/2022","19,597.31","19,761.72","19,839.51","19,532.86","2.00B","-1.79%"
"08/31/2022","19,954.39","19,589.85","20,173.02","19,564.84","2.78B","0.03%"
"08/30/2022","19,949.03","20,062.73","20,062.73","19,645.57","1.66B","-0.37%"
"08/29/2022","20,023.22","19,960.29","20,073.94","19,889.67","1.60B","-0.73%"
"08/26/2022","20,170.04","20,138.69","20,185.15","20,050.97","1.87B","1.01%"
"08/25/2022","19,968.38","19,418.46","19,990.31","19,418.46","1.68B","3.63%"
"08/24/2022","19,268.74","19,542.24","19,542.24","19,189.54","2.00B","-1.20%"
"08/23/2022","19,503.25","19,644.23","19,701.55","19,377.09","1.85B","-0.78%"
"08/22/2022","19,656.98","19,572.42","19,825.93","19,564.19","1.60B","-0.59%"
"08/19/2022","19,773.03","19,656.80","19,898.18","19,656.80","1.40B","0.05%"
"08/18/2022","19,763.91","19,991.94","19,991.94","19,675.46","1.59B","-0.80%"
"08/17/2022","19,922.45","19,995.77","20,069.85","19,800.58","1.41B","0.46%"
"08/16/2022","19,830.52","20,107.14","20,173.40","19,662.61","1.95B","-1.05%"
"08/15/2022","20,040.86","20,038.48","20,260.66","19,984.04","1.39B","-0.67%"
"08/12/2022","20,175.62","20,158.29","20,208.02","20,011.38","1.57B","0.46%"
"08/11/2022","20,082.43","19,840.57","20,082.43","19,789.96","1.60B","2.40%"
"08/10/2022","19,610.84","19,956.51","19,956.51","19,469.11","1.73B","-1.96%"
"08/09/2022","20,003.44","20,039.30","20,250.87","19,856.23","1.50B","-0.21%"
"08/08/2022","20,045.77","20,065.35","20,171.89","19,954.04","1.38B","-0.77%"
"08/05/2022","20,201.94","20,283.59","20,283.59","20,096.54","1.64B","0.14%"
"08/04/2022","20,174.04","20,011.25","20,216.58","19,995.46","1.92B","2.06%"
"08/03/2022","19,767.09","19,865.69","19,921.91","19,685.48","1.79B","0.40%"
"08/02/2022","19,689.21","19,943.16","19,943.16","19,515.54","2.29B","-2.36%"
"08/01/2022","20,165.84","20,026.60","20,251.43","19,883.92","1.97B","0.05%"
"07/29/2022","20,156.51","20,647.45","20,647.45","20,050.05","2.18B","-2.26%"
"07/28/2022","20,622.68","20,705.46","20,772.63","20,533.42","1.97B","-0.23%"
"07/27/2022","20,670.04","20,684.48","20,770.10","20,572.42","1.73B","-1.13%"
"07/26/2022","20,905.88","20,676.68","20,952.45","20,631.82","1.70B","1.67%"
"07/25/2022","20,562.94","20,516.34","20,595.09","20,353.68","1.38B","-0.22%"
"07/22/2022","20,609.14","20,717.47","20,788.46","20,513.80","1.33B","0.17%"
"07/21/2022","20,574.63","20,811.60","20,827.61","20,527.35","1.76B","-1.51%"
"07/20/2022","20,890.22","20,968.42","21,111.78","20,884.92","1.41B","1.11%"
"07/19/2022","20,661.06","20,719.20","20,758.71","20,549.44","1.29B","-0.89%"
"07/18/2022","20,846.18","20,479.58","20,866.33","20,294.14","2.05B","2.70%"
"07/15/2022","20,297.72","20,522.11","20,656.96","20,215.97","2.53B","-2.19%"
"07/14/2022","20,751.21","20,818.27","20,888.80","20,554.15","2.37B","-0.22%"
"07/13/2022","20,797.95","20,911.53","21,040.34","20,751.48","2.06B","-0.22%"
"07/12/2022","20,844.74","20,905.07","21,084.09","20,779.59","1.75B","-1.32%"
"07/11/2022","21,124.20","21,470.77","21,470.77","21,001.63","1.69B","-2.77%"
"07/08/2022","21,725.78","21,961.75","21,961.75","21,614.65","1.57B","0.38%"
"07/07/2022","21,643.58","21,352.70","21,643.58","21,200.93","1.74B","0.26%"
"07/06/2022","21,586.66","21,777.64","21,833.40","21,286.66","2.89B","-1.22%"
"07/05/2022","21,853.07","22,053.16","22,198.51","21,799.19","2.14B","0.10%"
"07/04/2022","21,830.35","21,690.68","21,886.35","21,458.63","2.20B","-0.13%"
"06/30/2022","21,859.79","21,917.45","22,111.91","21,719.17","2.82B","-0.62%"
"06/29/2022","21,996.89","22,125.61","22,289.07","21,844.05","2.83B","-1.88%"
"06/28/2022","22,418.97","22,144.63","22,449.31","21,952.44","2.87B","0.85%"
"06/27/2022","22,229.52","21,976.80","22,414.43","21,976.80","2.99B","2.35%"
"06/24/2022","21,719.06","21,450.68","21,762.67","21,408.66","2.41B","2.09%"
"06/23/2022","21,273.87","21,157.58","21,443.59","21,010.89","2.01B","1.26%"
"06/22/2022","21,008.34","21,469.74","21,519.58","21,008.34","2.47B","-2.56%"
"06/21/2022","21,559.59","21,264.98","21,564.87","21,175.95","2.13B","1.87%"
"06/20/2022","21,163.91","20,948.80","21,175.98","20,839.02","2.09B","0.42%"
"06/17/2022","21,075.00","20,716.74","21,145.94","20,697.17","3.10B","1.10%"
"06/16/2022","20,845.43","21,515.64","21,545.84","20,697.41","2.34B","-2.17%"
"06/15/2022","21,308.21","21,111.32","21,431.07","21,111.32","2.30B","1.14%"
"06/14/2022","21,067.99","20,783.54","21,175.01","20,717.64","1.97B","0.00%"
"06/13/2022","21,067.58","21,162.53","21,320.15","20,993.76","2.61B","-3.39%"
"06/10/2022","21,806.18","21,522.50","21,935.01","21,487.91","2.69B","-0.29%"
"06/09/2022","21,869.05","22,121.53","22,142.82","21,737.94","2.54B","-0.66%"
"06/08/2022","22,014.59","21,788.89","22,064.12","21,734.49","2.94B","2.24%"
"06/07/2022","21,531.67","21,577.48","21,744.46","21,394.59","2.15B","-0.56%"
"06/06/2022","21,653.90","21,282.51","21,691.92","21,030.07","2.24B","2.71%"
"06/02/2022","21,082.13","21,057.04","21,115.78","20,884.16","1.82B","-1.00%"
"06/01/2022","21,294.94","21,407.79","21,411.95","21,154.04","2.07B","-0.56%"
"05/31/2022","21,415.20","21,106.41","21,415.20","21,029.72","3.92B","1.38%"
"05/30/2022","21,123.93","20,933.50","21,169.08","20,885.02","2.61B","2.06%"
"05/27/2022","20,697.36","20,646.06","20,779.75","20,494.15","2.57B","2.89%"
"05/26/2022","20,116.20","20,272.22","20,272.22","19,890.76","1.86B","-0.27%"
"05/25/2022","20,171.27","20,115.56","20,370.74","20,067.98","2.10B","0.29%"
"05/24/2022","20,112.10","20,420.14","20,509.62","19,989.62","1.83B","-1.75%"
"05/23/2022","20,470.06","20,608.65","20,642.76","20,303.55","1.70B","-1.19%"
"05/20/2022","20,717.24","20,470.95","20,794.13","20,408.68","2.17B","2.96%"
"05/19/2022","20,120.68","20,146.96","20,277.94","19,924.87","2.12B","-2.54%"
"05/18/2022","20,644.28","20,674.23","20,711.93","20,389.61","1.95B","0.20%"
"05/17/2022","20,602.52","20,193.60","20,626.42","20,169.24","2.21B","3.27%"
"05/16/2022","19,950.21","20,131.53","20,173.22","19,764.96","1.80B","0.26%"
"05/13/2022","19,898.77","19,615.99","19,925.44","19,608.26","2.08B","2.68%"
"05/12/2022","19,380.34","19,556.89","19,731.27","19,342.89","2.27B","-2.24%"
"05/11/2022","19,824.57","19,511.80","20,083.49","19,474.03","1.96B","0.97%"
"05/10/2022","19,633.69","19,300.68","19,758.63","19,178.89","2.79B","-1.84%"
"05/06/2022","20,001.96","20,287.06","20,320.28","19,973.47","2.11B","-3.81%"
"05/05/2022","20,793.40","21,163.15","21,284.85","20,776.97","1.83B","-0.36%"
"05/04/2022","20,869.52","21,025.70","21,047.13","20,772.80","1.14B","-1.10%"
"05/03/2022","21,101.89","20,927.62","21,291.80","20,648.53","1.74B","0.06%"
"04/29/2022","21,089.39","20,271.40","21,176.58","20,040.07","2.73B","4.01%"
"04/28/2022","20,276.17","20,118.79","20,286.83","19,956.67","2.26B","1.65%"
"04/27/2022","19,946.36","19,723.46","20,053.11","19,665.49","2.36B","0.06%"
"04/26/2022","19,934.71","19,989.04","20,258.64","19,858.36","2.57B","0.33%"
"04/25/2022","19,869.34","20,284.60","20,284.60","19,784.28","2.91B","-3.73%"
"04/22/2022","20,638.52","20,261.61","20,709.49","20,184.96","2.35B","-0.21%"
"04/21/2022","20,682.22","20,780.86","20,920.60","20,483.86","2.23B","-1.25%"
"04/20/2022","20,944.67","20,972.84","21,214.98","20,889.02","1.88B","-0.40%"
"04/19/2022","21,027.76","21,106.00","21,191.80","20,896.43","2.24B","-2.28%"
"04/14/2022","21,518.08","21,463.35","21,587.47","21,358.73","1.72B","0.67%"
"04/13/2022","21,374.37","21,192.62","21,531.48","21,141.06","1.70B","0.26%"
"04/12/2022","21,319.13","21,279.18","21,519.13","20,988.20","2.05B","0.52%"
"04/11/2022","21,208.30","21,688.03","21,688.03","21,132.54","2.10B","-3.03%"
"04/08/2022","21,872.01","21,667.53","21,872.01","21,568.22","1.74B","0.29%"
"04/07/2022","21,808.98","21,910.40","22,236.93","21,779.19","2.08B","-1.23%"
"04/06/2022","22,080.52","22,220.21","22,244.99","22,015.12","2.75B","-1.87%"
"04/04/2022","22,502.31","22,227.11","22,523.64","22,124.03","1.87B","2.10%"
"04/01/2022","22,039.55","21,693.10","22,039.55","21,558.05","1.94B","0.19%"
"03/31/2022","21,996.85","22,262.16","22,262.16","21,922.58","2.23B","-1.06%"
"03/30/2022","22,232.03","22,101.63","22,391.35","22,033.78","2.73B","1.39%"
"03/29/2022","21,927.63","21,771.29","21,937.27","21,722.17","2.26B","1.12%"
"03/28/2022","21,684.97","21,422.20","21,790.97","21,202.69","2.20B","1.31%"
"03/25/2022","21,404.88","21,735.61","21,944.08","21,289.26","2.36B","-2.47%"
"03/24/2022","21,945.95","22,002.87","22,231.67","21,900.13","2.40B","-0.94%"
"03/23/2022","22,154.08","22,088.79","22,423.51","21,983.10","2.84B","1.21%"
"03/22/2022","21,889.28","21,319.19","21,906.32","21,266.90","2.59B","3.15%"
"03/21/2022","21,221.34","21,823.07","21,823.07","21,096.31","2.34B","-0.89%"
"03/18/2022","21,412.40","21,232.88","21,646.15","20,922.37","4.59B","-0.41%"
"03/17/2022","21,501.23","21,430.71","21,501.23","20,786.69","4.83B","7.04%"
"03/16/2022","20,087.50","18,956.02","20,120.85","18,584.04","5.50B","9.08%"
"03/15/2022","18,415.08","18,931.18","19,392.69","18,235.48","6.01B","-5.72%"
"03/14/2022","19,531.66","20,203.84","20,203.84","19,416.78","4.10B","-4.97%"
"03/11/2022","20,553.79","20,460.03","20,778.86","20,079.15","3.02B","-1.61%"
"03/10/2022","20,890.26","21,106.57","21,114.44","20,709.62","2.69B","1.27%"
"03/09/2022","20,627.71","20,820.02","20,957.72","20,102.57","3.67B","-0.67%"
"03/08/2022","20,765.87","21,082.39","21,303.52","20,638.95","3.23B","-1.39%"
"03/07/2022","21,057.63","21,308.90","21,327.19","20,826.36","3.32B","-3.87%"
"03/04/2022","21,905.29","21,879.13","22,017.94","21,838.99","2.44B","-2.50%"
"03/03/2022","22,467.34","22,434.26","22,543.42","22,378.11","1.94B","0.55%"
"03/02/2022","22,343.92","22,568.36","22,712.44","22,299.14","2.23B","-1.84%"
"03/01/2022","22,761.71","22,739.84","22,937.56","22,591.73","1.80B","0.21%"
"02/28/2022","22,713.02","22,818.17","22,818.17","22,406.12","2.83B","-0.24%"
"02/25/2022","22,767.18","22,908.10","23,046.86","22,718.15","2.52B","-0.59%"
"02/24/2022","22,901.56","23,268.03","23,376.37","22,786.39","3.00B","-3.21%"
"02/23/2022","23,660.28","23,617.97","23,745.07","23,500.92","1.42B","0.60%"
"02/22/2022","23,520.00","23,692.54","23,813.64","23,336.78","2.06B","-2.69%"
"02/21/2022","24,170.07","24,109.59","24,231.08","23,998.77","1.62B","-0.65%"
"02/18/2022","24,327.71","24,633.66","24,763.37","24,284.53","1.68B","-1.88%"
"02/17/2022","24,792.77","24,722.88","24,861.82","24,523.95","1.57B","0.30%"
"02/16/2022","24,718.90","24,618.30","24,728.93","24,548.05","1.82B","1.49%"
"02/15/2022","24,355.71","24,458.50","24,570.09","24,219.90","2.63B","-0.82%"
"02/14/2022","24,556.57","24,725.10","24,733.11","24,482.86","1.98B","-1.41%"
"02/11/2022","24,906.66","24,837.20","24,957.81","24,732.65","2.51B","-0.07%"
"02/10/2022","24,924.35","25,050.59","25,050.59","24,649.74","2.10B","0.38%"
"02/09/2022","24,829.99","24,727.34","24,896.43","24,690.45","2.51B","2.06%"
"02/08/2022","24,329.49","24,548.05","24,548.05","24,149.75","2.29B","-1.02%"
"02/07/2022","24,579.55","24,609.43","24,616.50","24,365.89","2.54B","0.03%"
"02/04/2022","24,573.29","24,392.86","24,609.33","24,140.89","1.83B","3.24%"
"01/31/2022","23,802.26","23,624.14","23,975.70","23,469.76","995.50M","1.07%"
"01/28/2022","23,550.08","23,818.94","23,848.02","23,507.03","1.78B","-1.08%"
"01/27/2022","23,807.00","23,952.01","23,952.01","23,565.00","1.85B","-1.99%"
"01/26/2022","24,289.90","24,342.90","24,487.30","24,123.70","1.96B","0.19%"
"01/25/2022","24,243.61","24,251.22","24,366.89","24,001.96","2.18B","-1.67%"
"01/24/2022","24,656.46","24,693.43","24,795.54","24,570.87","1.87B","-1.24%"
"01/21/2022","24,965.55","24,897.59","24,982.03","24,723.92","2.37B","0.05%"
"01/20/2022","24,952.35","24,263.15","24,952.35","24,233.18","2.53B","3.42%"
"01/19/2022","24,127.85","24,229.78","24,286.14","23,951.60","1.73B","0.06%"
"01/18/2022","24,112.78","24,274.75","24,385.05","24,009.71","1.64B","-0.43%"
"01/17/2022","24,218.03","24,390.29","24,408.88","24,111.74","1.63B","-0.68%"
"01/14/2022","24,383.32","24,185.86","24,383.32","24,140.81","1.84B","-0.19%"
"01/13/2022","24,429.77","24,561.48","24,561.48","24,289.19","2.16B","0.11%"
"01/12/2022","24,402.17","24,069.52","24,402.17","24,069.52","2.49B","2.79%"
"01/11/2022","23,739.06","23,678.69","23,863.83","23,595.01","2.33B","-0.03%"
"01/10/2022","23,746.54","23,523.90","23,790.52","23,399.09","2.54B","1.08%"
"01/07/2022","23,493.38","23,318.92","23,497.50","23,162.85","2.60B","1.82%"
"01/06/2022","23,072.86","22,843.20","23,082.95","22,709.60","1.77B","0.72%"
"01/05/2022","22,907.25","23,323.77","23,323.77","22,851.50","2.77B","-1.64%"
"01/04/2022","23,289.84","23,400.62","23,439.30","23,146.89","1.76B","0.06%"
"01/03/2022","23,274.75","23,510.54","23,605.03","23,193.19","734.30M","-0.53%"
"12/31/2021","23,397.67","23,553.79","23,590.12","23,394.77","675.90M","1.24%"
"12/30/2021","23,112.01","23,130.45","23,248.26","22,990.24","1.01B","0.11%"
"12/29/2021","23,086.54","23,253.98","23,253.98","23,008.28","828.40M","-0.83%"
"12/28/2021","23,280.56","23,282.35","23,319.44","23,099.48","1.43B","0.24%"
"12/24/2021","23,223.76","23,375.99","23,383.19","23,186.57","622.90M","0.13%"
"12/23/2021","23,193.64","23,141.79","23,264.75","23,027.15","1.39B","0.40%"
"12/22/2021","23,102.33","23,221.13","23,258.71","22,979.76","1.23B","0.57%"
"12/21/2021","22,971.33","22,795.57","23,100.18","22,730.08","1.65B","1.00%"
"12/20/2021","22,744.86","23,079.83","23,145.30","22,665.25","1.68B","-1.93%"
"12/17/2021","23,192.63","23,463.78","23,463.78","23,158.70","2.19B","-1.20%"
"12/16/2021","23,475.50","23,287.93","23,526.05","23,155.62","1.50B","0.23%"
"12/15/2021","23,420.76","23,658.04","23,745.75","23,325.92","1.60B","-0.91%"
"12/14/2021","23,635.95","23,693.73","23,817.58","23,560.13","1.55B","-1.33%"
"12/13/2021","23,954.58","24,242.26","24,385.44","23,936.93","1.54B","-0.17%"
"12/10/2021","23,995.72","24,070.56","24,214.68","23,916.63","1.41B","-1.07%"
"12/09/2021","24,254.86","24,168.41","24,324.84","24,153.72","1.74B","1.08%"
"12/08/2021","23,996.87","24,090.02","24,097.98","23,907.30","1.78B","0.06%"
"12/07/2021","23,983.66","23,704.51","23,989.78","23,512.50","2.12B","2.72%"
"12/06/2021","23,349.38","23,420.44","23,628.30","23,314.97","2.36B","-1.76%"
"12/03/2021","23,766.69","23,675.26","23,802.77","23,451.93","2.72B","-0.09%"
"12/02/2021","23,788.93","23,524.05","23,807.00","23,517.52","2.33B","0.55%"
"12/01/2021","23,658.92","23,595.57","23,864.30","23,537.65","2.12B","0.78%"
"11/30/2021","23,475.26","23,782.86","23,888.37","23,175.37","3.34B","-1.58%"
"11/29/2021","23,852.24","23,910.49","24,134.32","23,774.31","1.74B","-0.95%"
"11/26/2021","24,080.52","24,502.68","24,502.68","24,062.26","1.80B","-2.67%"
"11/25/2021","24,740.16","24,699.69","24,762.61","24,532.82","1.19B","0.22%"
"11/24/2021","24,685.50","24,672.10","24,851.53","24,557.63","1.79B","0.14%"
"11/23/2021","24,651.58","24,688.99","24,794.72","24,618.74","1.49B","-1.20%"
"11/22/2021","24,951.34","25,057.06","25,099.95","24,869.94","1.51B","-0.39%"
"11/19/2021","25,049.97","24,934.40","25,077.15","24,825.43","1.64B","-1.07%"
"11/18/2021","25,319.72","25,369.88","25,414.21","25,222.60","1.34B","-1.29%"
"11/17/2021","25,650.08","25,667.81","25,667.81","25,520.67","1.19B","-0.25%"
"11/16/2021","25,713.78","25,446.65","25,746.71","25,410.87","1.53B","1.27%"
"11/15/2021","25,390.91","25,437.99","25,483.26","25,230.33","1.16B","0.25%"
"11/12/2021","25,327.97","25,522.83","25,527.13","25,210.56","1.63B","0.32%"
"11/11/2021","25,247.99","24,856.11","25,324.66","24,836.21","2.00B","1.01%"
"11/10/2021","24,996.14","24,787.44","25,013.11","24,481.26","1.69B","0.74%"
"11/09/2021","24,813.13","24,952.82","24,956.37","24,678.66","1.15B","0.20%"
"11/08/2021","24,763.77","24,743.54","24,837.77","24,633.57","1.76B","-0.43%"
"11/05/2021","24,870.51","24,950.68","25,049.37","24,724.39","2.02B","-1.41%"
"11/04/2021","25,225.19","25,141.10","25,244.98","25,010.36","1.64B","0.80%"
"11/03/2021","25,024.75","25,060.93","25,187.09","24,808.59","1.69B","-0.30%"
"11/02/2021","25,099.67","25,609.01","25,639.66","25,030.69","1.96B","-0.22%"
"11/01/2021","25,154.32","25,268.35","25,270.41","24,972.50","1.59B","-0.88%"
"10/29/2021","25,377.24","25,466.86","25,516.22","25,314.24","2.05B","-0.70%"
"10/28/2021","25,555.73","25,648.42","25,736.38","25,473.16","2.02B","-0.28%"
"10/27/2021","25,628.74","25,795.17","25,795.17","25,555.17","1.62B","-1.57%"
"10/26/2021","26,038.27","26,234.94","26,234.94","25,905.08","1.53B","-0.36%"
"10/25/2021","26,132.03","26,020.78","26,212.90","25,929.67","1.46B","0.02%"
"10/22/2021","26,126.93","26,114.84","26,195.29","25,976.03","1.70B","0.42%"
"10/21/2021","26,017.53","26,141.85","26,229.80","25,840.59","2.09B","-0.45%"
"10/20/2021","26,136.02","26,074.20","26,214.63","25,915.62","1.82B","1.35%"
"10/19/2021","25,787.21","25,471.25","25,808.62","25,458.03","1.67B","1.49%"
"10/18/2021","25,409.75","25,425.32","25,425.32","25,123.25","1.65B","0.31%"
"10/15/2021","25,330.96","25,187.05","25,330.96","24,929.56","2.35B","1.48%"
"10/12/2021","24,962.59","24,995.95","25,188.78","24,865.80","1.84B","-1.43%"
"10/11/2021","25,325.09","25,161.80","25,437.16","25,161.80","2.11B","1.96%"
"10/08/2021","24,837.85","25,064.80","25,064.80","24,595.58","2.36B","0.55%"
"10/07/2021","24,701.73","24,339.32","24,741.28","24,310.11","1.76B","3.07%"
"10/06/2021","23,966.49","24,259.20","24,259.20","23,812.35","1.88B","-0.57%"
"10/05/2021","24,104.15","23,771.65","24,180.08","23,681.44","1.72B","0.28%"
"10/04/2021","24,036.37","24,478.68","24,478.68","23,908.05","1.60B","-2.19%"
"09/30/2021","24,575.64","24,494.26","24,660.68","24,346.75","1.58B","-0.36%"
"09/29/2021","24,663.50","24,276.71","24,694.46","24,045.99","2.15B","0.67%"
"09/28/2021","24,500.39","24,323.00","24,679.46","24,232.98","2.46B","1.20%"
"09/27/2021","24,208.78","24,131.42","24,509.00","24,131.42","2.32B","0.07%"
"09/24/2021","24,192.16","24,487.24","24,636.64","24,095.79","2.01B","-1.30%"
"09/23/2021","24,510.98","24,614.14","24,827.46","24,313.68","2.71B","1.19%"
"09/21/2021","24,221.54","23,867.16","24,284.87","23,771.46","2.08B","0.51%"
"09/20/2021","24,099.14","24,640.43","24,640.43","23,871.84","2.65B","-3.30%"
"09/17/2021","24,920.76","24,589.17","24,920.76","24,424.74","3.10B","1.03%"
"09/16/2021","24,667.85","25,042.03","25,045.55","24,505.21","2.50B","-1.46%"
"09/15/2021","25,033.21","25,310.03","25,411.91","24,990.94","2.42B","-1.84%"
"09/14/2021","25,502.23","25,827.70","25,900.68","25,377.83","2.40B","-1.21%"
"09/13/2021","25,813.81","25,885.30","25,886.90","25,570.84","2.32B","-1.50%"
"09/10/2021","26,205.91","25,870.71","26,205.91","25,870.71","2.00B","1.91%"
"09/09/2021","25,716.00","26,076.93","26,125.09","25,624.52","2.09B","-2.30%"
"09/08/2021","26,320.93","26,396.11","26,560.04","26,164.79","1.86B","-0.12%"
"09/07/2021","26,353.63","26,207.22","26,458.88","26,135.40","1.84B","0.73%"
"09/06/2021","26,163.63","25,827.17","26,176.43","25,827.17","1.91B","1.01%"
"09/03/2021","25,901.99","26,022.67","26,052.81","25,811.77","2.55B","-0.72%"
"09/02/2021","26,090.43","26,203.52","26,359.31","25,967.98","2.02B","0.24%"
"09/01/2021","26,028.29","25,871.82","26,101.95","25,694.11","2.18B","0.58%"
"08/31/2021","25,878.99","25,524.23","25,878.99","25,110.72","2.92B","1.33%"
"08/30/2021","25,539.54","25,406.49","25,583.59","25,219.80","2.00B","0.52%"
"08/27/2021","25,407.89","25,337.55","25,641.33","25,304.62","1.53B","-0.03%"
"08/26/2021","25,415.69","25,673.78","25,706.62","25,255.83","1.83B","-1.08%"
"08/25/2021","25,693.95","25,930.05","25,982.64","25,548.47","1.72B","-0.13%"
"08/24/2021","25,727.92","25,428.68","25,727.92","25,361.75","2.05B","2.46%"
"08/23/2021","25,109.59","25,169.45","25,458.33","25,036.99","2.19B","1.05%"
"08/20/2021","24,849.72","25,241.32","25,244.75","24,581.60","2.86B","-1.84%"
"08/19/2021","25,316.33","25,787.84","25,832.92","25,183.67","2.31B","-2.13%"
"08/18/2021","25,867.01","25,800.03","26,025.14","25,708.95","1.76B","0.47%"
"08/17/2021","25,745.87","26,137.90","26,258.79","25,615.38","2.29B","-1.66%"
"08/16/2021","26,181.46","26,365.19","26,449.71","26,046.90","1.65B","-0.80%"
"08/13/2021","26,391.62","26,296.19","26,521.95","26,200.24","1.34B","-0.48%"
"08/12/2021","26,517.82","26,623.77","26,713.24","26,385.45","1.66B","-0.53%"
"08/11/2021","26,660.16","26,491.74","26,822.47","26,454.45","2.41B","0.20%"
"08/10/2021","26,605.62","26,456.61","26,610.95","26,138.87","1.74B","1.23%"
"08/09/2021","26,283.40","25,969.23","26,527.24","25,920.85","1.59B","0.40%"
"08/06/2021","26,179.40","26,262.97","26,276.87","26,002.41","1.56B","-0.10%"
"08/05/2021","26,204.69","26,390.01","26,569.37","26,126.37","1.70B","-0.84%"
"08/04/2021","26,426.55","26,161.83","26,650.82","26,009.83","1.78B","0.88%"
"08/03/2021","26,194.82","26,289.06","26,289.06","25,774.62","2.01B","-0.16%"
"08/02/2021","26,235.80","26,054.81","26,300.55","25,743.09","1.77B","1.06%"
"07/30/2021","25,961.03","26,042.84","26,151.00","25,636.89","2.43B","-1.35%"
"07/29/2021","26,315.32","26,221.36","26,335.36","25,857.42","3.27B","3.30%"
"07/28/2021","25,473.88","25,356.74","25,520.75","24,848.43","3.39B","1.54%"
"07/27/2021","25,086.43","26,011.51","26,323.61","24,748.84","4.66B","-4.22%"
"07/26/2021","26,192.32","26,825.73","26,878.75","26,177.40","2.70B","-4.13%"
"07/23/2021","27,321.98","27,740.95","27,740.95","27,222.04","1.18B","-1.45%"
"07/22/2021","27,723.84","27,464.28","27,759.71","27,455.43","1.81B","1.83%"
"07/21/2021","27,224.58","27,339.22","27,371.50","26,971.03","1.67B","-0.13%"
"07/20/2021","27,259.25","27,395.83","27,532.86","27,121.49","2.26B","-0.84%"
"07/19/2021","27,489.78","27,786.54","27,786.54","27,397.29","1.87B","-1.84%"
"07/16/2021","28,004.68","27,972.56","28,218.53","27,878.53","1.97B","0.03%"
"07/15/2021","27,996.27","27,801.40","28,181.21","27,741.09","2.08B","0.75%"
"07/14/2021","27,787.46","27,965.39","27,965.39","27,708.71","1.87B","-0.63%"
"07/13/2021","27,963.41","27,694.03","28,052.32","27,612.69","2.00B","1.63%"
"07/12/2021","27,515.24","27,672.70","27,741.19","27,420.35","2.05B","0.62%"
"07/09/2021","27,344.54","27,131.57","27,450.79","26,861.87","2.50B","0.70%"
"07/08/2021","27,153.13","27,881.50","27,921.06","27,110.62","2.95B","-2.89%"
"07/07/2021","27,960.62","27,777.81","27,969.41","27,703.41","2.04B","-0.40%"
"07/06/2021","28,072.86","28,136.63","28,151.35","27,904.53","1.90B","-0.25%"
"07/05/2021","28,143.50","28,098.91","28,338.79","28,042.71","1.83B","-0.59%"
"07/02/2021","28,310.42","28,859.02","28,859.02","28,231.73","2.82B","-1.80%"
"06/30/2021","28,827.95","29,107.90","29,146.28","28,827.70","2.05B","-0.57%"
"06/29/2021","28,994.10","29,291.89","29,291.89","28,924.61","2.36B","-0.94%"
"06/28/2021","29,268.30","29,366.49","29,394.69","29,209.43","1.51B","-0.07%"
"06/25/2021","29,288.22","29,002.67","29,305.17","28,971.60","2.15B","1.40%"
"06/24/2021","28,882.46","28,865.46","28,993.37","28,782.34","1.72B","0.23%"
"06/23/2021","28,817.07","28,468.24","28,893.79","28,406.61","2.29B","1.79%"
"06/22/2021","28,309.76","28,575.16","28,579.00","28,299.66","1.98B","-0.63%"
"06/21/2021","28,489.00","28,501.64","28,590.22","28,314.93","2.18B","-1.08%"
"06/18/2021","28,801.27","28,586.04","28,830.85","28,532.08","3.76B","0.85%"
"06/17/2021","28,558.59","28,240.88","28,558.59","28,216.09","1.89B","0.43%"
"06/16/2021","28,436.84","28,609.37","28,648.64","28,403.64","2.05B","-0.70%"
"06/15/2021","28,638.53","28,946.44","28,946.44","28,453.48","2.38B","-0.71%"
"06/11/2021","28,842.13","28,864.90","28,965.15","28,743.82","2.04B","0.36%"
"06/10/2021","28,738.88","28,792.02","28,954.40","28,664.94","1.94B","-0.01%"
"06/09/2021","28,742.63","28,771.14","28,859.58","28,687.69","1.81B","-0.13%"
"06/08/2021","28,781.38","28,900.52","28,979.20","28,638.31","1.63B","-0.02%"
"06/07/2021","28,787.28","28,985.60","29,003.99","28,615.61","2.57B","-0.45%"
"06/04/2021","28,918.10","28,837.95","29,023.18","28,737.97","3.05B","-0.17%"
"06/03/2021","28,966.03","29,365.32","29,377.90","28,902.67","2.24B","-1.13%"
"06/02/2021","29,297.62","29,414.64","29,490.61","29,208.73","1.93B","-0.58%"
"06/01/2021","29,468.00","29,159.06","29,480.16","29,036.45","1.83B","1.08%"
"05/31/2021","29,151.80","29,225.46","29,225.46","28,909.52","2.19B","0.09%"
"05/28/2021","29,124.41","29,219.46","29,336.13","29,033.72","2.59B","0.04%"
"05/27/2021","29,113.20","28,998.39","29,157.95","28,950.72","3.81B","-0.18%"
"05/26/2021","29,166.01","29,056.28","29,261.86","29,027.95","2.52B","0.88%"
"05/25/2021","28,910.86","28,461.50","28,929.24","28,461.50","2.35B","1.75%"
"05/24/2021","28,412.26","28,417.99","28,444.36","28,195.52","1.72B","-0.16%"
"05/21/2021","28,458.44","28,584.34","28,584.34","28,286.92","1.65B","0.03%"
"05/20/2021","28,450.29","28,413.49","28,508.24","28,293.23","2.47B","-0.50%"
"05/18/2021","28,593.81","28,438.03","28,617.34","28,438.03","2.07B","1.42%"
"05/17/2021","28,194.09","28,130.51","28,268.39","28,074.14","1.86B","0.59%"
"05/14/2021","28,027.57","27,872.69","28,064.01","27,715.88","1.88B","1.11%"
"05/13/2021","27,718.67","27,920.01","28,060.93","27,718.67","2.17B","-1.81%"
"05/12/2021","28,231.04","28,073.92","28,231.04","27,897.47","2.13B","0.78%"
"05/11/2021","28,013.81","28,286.56","28,286.56","27,910.71","2.38B","-2.03%"
"05/10/2021","28,595.66","28,776.99","28,842.11","28,453.14","2.36B","-0.05%"
"05/07/2021","28,610.65","28,721.13","28,884.03","28,530.71","2.21B","-0.09%"
"05/06/2021","28,637.46","28,647.97","28,753.97","28,384.12","2.48B","0.77%"
"05/05/2021","28,417.98","28,427.67","28,677.36","28,325.96","1.72B","-0.49%"
"05/04/2021","28,557.14","28,438.15","28,577.52","28,321.34","1.92B","0.70%"
"05/03/2021","28,357.54","28,659.91","28,684.83","28,256.03","1.73B","-1.28%"
"04/30/2021","28,724.88","29,143.43","29,154.75","28,701.69","2.58B","-1.97%"
"04/29/2021","29,303.26","29,268.21","29,405.12","29,162.87","1.84B","0.80%"
"04/28/2021","29,071.34","28,991.94","29,071.34","28,887.33","2.07B","0.45%"
"04/27/2021","28,941.54","28,895.38","29,045.11","28,793.22","1.83B","-0.04%"
"04/26/2021","28,952.83","29,106.45","29,238.99","28,908.65","1.79B","-0.43%"
"04/23/2021","29,078.75","28,798.45","29,078.75","28,748.57","1.90B","1.12%"
"04/22/2021","28,755.34","28,716.98","28,848.02","28,597.00","1.93B","0.47%"
"04/21/2021","28,621.92","28,702.27","28,778.36","28,506.76","2.20B","-1.76%"
"04/20/2021","29,135.73","28,962.80","29,220.19","28,885.55","2.01B","0.10%"
"04/19/2021","29,106.15","28,960.13","29,319.76","28,806.76","2.02B","0.47%"
"04/16/2021","28,969.71","28,827.17","29,079.18","28,711.11","2.19B","0.61%"
"04/15/2021","28,793.14","28,872.82","28,884.57","28,530.99","1.90B","-0.37%"
"04/14/2021","28,900.83","28,796.55","28,979.35","28,685.06","1.94B","1.42%"
"04/13/2021","28,497.25","28,557.84","28,877.15","28,452.12","2.06B","0.15%"
"04/12/2021","28,453.28","28,791.97","28,791.97","28,274.27","1.99B","-0.86%"
"04/09/2021","28,698.80","29,152.44","29,152.44","28,604.55","1.90B","-1.07%"
"04/08/2021","29,008.07","28,604.12","29,054.82","28,587.11","2.52B","1.16%"
"04/07/2021","28,674.80","29,101.40","29,101.40","28,598.86","2.22B","-0.91%"
"04/01/2021","28,938.74","28,594.55","28,938.74","28,511.65","2.23B","1.97%"
"03/31/2021","28,378.35","28,802.53","28,802.53","28,332.78","2.70B","-0.70%"
"03/30/2021","28,577.50","28,552.77","28,694.15","28,371.23","2.27B","0.84%"
"03/29/2021","28,338.30","28,317.32","28,484.66","28,132.36","2.85B","0.01%"
"03/26/2021","28,336.43","28,043.65","28,415.15","28,014.29","2.42B","1.57%"
"03/25/2021","27,899.61","27,628.08","28,032.01","27,505.08","2.60B","-0.07%"
"03/24/2021","27,918.14","28,437.49","28,457.87","27,827.05","2.69B","-2.03%"
"03/23/2021","28,497.38","29,008.02","29,043.18","28,376.22","2.05B","-1.34%"
"03/22/2021","28,885.34","28,801.09","29,139.07","28,801.09","2.07B","-0.36%"
"03/19/2021","28,990.94","29,158.48","29,271.40","28,737.54","3.81B","-1.41%"
"03/18/2021","29,405.72","29,317.61","29,596.58","29,317.61","2.11B","1.28%"
"03/17/2021","29,034.12","28,992.24","29,180.01","28,780.23","1.90B","0.02%"
"03/16/2021","29,027.69","29,036.82","29,118.62","28,872.40","2.35B","0.67%"
"03/15/2021","28,833.76","28,923.95","29,178.99","28,612.74","3.10B","0.33%"
"03/12/2021","28,739.72","29,550.37","29,550.37","28,707.35","3.56B","-2.20%"
"03/11/2021","29,385.61","28,909.98","29,412.42","28,893.21","3.60B","1.65%"
"03/10/2021","28,907.52","29,255.37","29,255.37","28,710.91","2.84B","0.47%"
"03/09/2021","28,773.23","28,665.26","29,047.13","28,326.13","4.38B","0.81%"
"03/08/2021","28,540.83","29,362.59","29,386.33","28,422.27","4.91B","-1.92%"
"03/05/2021","29,098.29","28,667.14","29,397.27","28,513.13","4.00B","-0.47%"
"03/04/2021","29,236.79","29,525.48","29,597.16","29,102.10","2.96B","-2.15%"
"03/03/2021","29,880.42","29,249.43","29,912.00","29,183.59","3.23B","2.70%"
"03/02/2021","29,095.86","29,708.39","29,765.96","28,957.31","2.90B","-1.21%"
"03/01/2021","29,452.57","29,457.89","29,550.75","29,195.97","2.63B","1.63%"
"02/26/2021","28,980.21","29,412.13","29,579.67","28,980.21","4.13B","-3.64%"
"02/25/2021","30,074.17","30,174.22","30,453.12","29,833.05","3.66B","1.20%"
"02/24/2021","29,718.24","30,702.65","30,792.88","29,532.68","4.85B","-2.99%"
"02/23/2021","30,632.64","30,189.97","30,948.47","30,126.40","4.61B","1.03%"
"02/22/2021","30,319.83","31,071.61","31,071.61","30,298.58","4.45B","-1.06%"
"02/19/2021","30,644.73","30,483.46","30,720.15","30,099.71","3.32B","0.16%"
"02/18/2021","30,595.27","31,183.36","31,183.36","30,570.55","3.69B","-1.58%"
"02/17/2021","31,084.94","30,636.37","31,168.30","30,503.46","3.14B","1.10%"
"02/16/2021","30,746.66","30,675.82","30,793.48","30,497.40","3.27B","1.90%"
"02/11/2021","30,173.57","29,995.28","30,184.17","29,828.62","1.19B","0.45%"
"02/10/2021","30,038.72","29,796.19","30,075.50","29,732.23","2.00B","1.91%"
"02/09/2021","29,476.19","29,442.50","29,527.67","29,263.98","1.85B","0.53%"
"02/08/2021","29,319.47","29,629.08","29,706.08","29,293.64","2.20B","0.11%"
"02/05/2021","29,288.68","29,305.09","29,495.64","29,184.09","2.68B","0.60%"
"02/04/2021","29,113.50","29,093.54","29,409.00","28,775.38","3.03B","-0.66%"
"02/03/2021","29,307.46","29,305.41","29,312.00","28,967.01","2.68B","0.20%"
"02/02/2021","29,248.70","29,378.12","29,511.00","29,198.86","2.74B","1.23%"
"02/01/2021","28,892.86","28,457.85","28,982.77","28,382.26","2.46B","2.15%"
"01/29/2021","28,283.71","28,826.18","28,972.06","28,259.73","3.20B","-0.94%"
"01/28/2021","28,550.77","28,914.85","29,191.68","28,467.01","2.99B","-2.55%"
"01/27/2021","29,297.53","29,556.58","29,636.63","29,194.37","3.81B","-0.32%"
"01/26/2021","29,391.26","29,892.85","29,965.11","29,345.74","4.81B","-2.55%"
"01/25/2021","30,159.01","29,677.30","30,191.16","29,673.26","3.07B","2.41%"
"01/22/2021","29,447.85","29,809.23","29,862.89","29,413.52","3.38B","-1.60%"
"01/21/2021","29,927.76","29,951.78","30,135.50","29,745.87","3.00B","-0.12%"
"01/20/2021","29,962.47","29,794.41","29,993.47","29,676.54","3.94B","1.08%"
"01/19/2021","29,642.28","29,100.17","29,848.43","29,100.17","4.57B","2.70%"
"01/18/2021","28,862.77","28,454.59","28,864.25","28,390.29","2.96B","1.01%"
"01/15/2021","28,573.86","28,394.37","28,667.59","28,294.66","4.49B","0.27%"
"01/14/2021","28,496.86","28,408.12","28,510.92","28,280.09","3.21B","0.93%"
"01/13/2021","28,235.60","28,309.32","28,414.54","28,136.64","3.56B","-0.15%"
"01/12/2021","28,276.75","27,894.29","28,276.75","27,781.42","3.40B","1.32%"
"01/11/2021","27,908.22","28,003.98","28,176.65","27,794.81","4.37B","0.11%"
"01/08/2021","27,878.22","27,630.03","27,920.77","27,538.20","5.67B","1.20%"
"01/07/2021","27,548.52","27,715.94","27,752.36","27,457.47","3.78B","-0.52%"
"01/06/2021","27,692.30","27,613.34","27,756.43","27,389.78","3.08B","0.15%"
"01/05/2021","27,649.86","27,281.34","27,690.21","27,150.38","3.28B","0.64%"
"01/04/2021","27,472.81","27,087.13","27,502.83","27,079.24","2.87B","0.89%"
"12/31/2020","27,231.13","27,194.79","27,340.99","27,163.51","2.05B","0.31%"
"12/30/2020","27,147.11","26,695.11","27,159.47","26,670.97","2.55B","2.18%"
"12/29/2020","26,568.49","26,490.45","26,618.78","26,432.91","2.30B","0.96%"
"12/28/2020","26,314.63","26,288.37","26,514.08","26,264.32","2.67B","-0.27%"
"12/24/2020","26,386.56","26,342.87","26,470.40","26,221.30","1.30B","0.16%"
"12/23/2020","26,343.10","26,083.11","26,343.10","26,071.76","2.01B","0.86%"
"12/22/2020","26,119.25","26,260.78","26,365.20","25,998.87","1.75B","-0.71%"
"12/21/2020","26,306.68","26,422.62","26,498.65","26,274.65","2.04B","-0.72%"
"12/18/2020","26,498.60","26,650.49","26,668.10","26,363.05","3.08B","-0.67%"
"12/17/2020","26,678.38","26,608.44","26,678.38","26,390.59","2.26B","0.82%"
"12/16/2020","26,460.29","26,421.21","26,510.19","26,318.74","2.04B","0.97%"
"12/15/2020","26,207.29","26,418.93","26,436.04","26,127.68","2.59B","-0.69%"
"12/14/2020","26,389.52","26,522.10","26,544.12","26,318.11","2.21B","-0.44%"
"12/11/2020","26,505.87","26,634.21","26,704.01","26,443.01","2.50B","0.36%"
"12/10/2020","26,410.59","26,335.26","26,434.47","26,287.02","2.00B","-0.35%"
"12/09/2020","26,502.84","26,510.42","26,666.94","26,445.66","2.54B","0.75%"
"12/08/2020","26,304.56","26,460.35","26,460.35","26,270.91","2.54B","-0.76%"
"12/07/2020","26,506.85","26,870.58","26,870.58","26,256.40","2.81B","-1.23%"
"12/04/2020","26,835.92","26,811.59","26,835.92","26,652.34","3.21B","0.40%"
"12/03/2020","26,728.50","26,623.42","26,781.99","26,556.02","2.83B","0.74%"
"12/02/2020","26,532.58","26,670.12","26,670.12","26,379.48","3.70B","-0.13%"
"12/01/2020","26,567.68","26,422.71","26,662.18","26,375.24","3.56B","0.86%"
"11/30/2020","26,341.49","26,853.39","26,960.93","26,322.68","5.74B","-2.06%"
"11/27/2020","26,894.68","26,758.49","27,009.15","26,704.60","2.73B","0.28%"
"11/26/2020","26,819.45","26,695.25","26,819.45","26,612.00","1.98B","0.56%"
"11/25/2020","26,669.75","26,819.96","27,040.41","26,591.30","2.86B","0.31%"
"11/24/2020","26,588.20","26,630.34","26,630.34","26,409.77","2.02B","0.39%"
"11/23/2020","26,486.20","26,659.79","26,662.66","26,369.34","2.24B","0.13%"
"11/20/2020","26,451.54","26,406.87","26,564.25","26,313.28","2.15B","0.36%"
"11/19/2020","26,356.97","26,460.61","26,460.61","26,311.64","2.41B","-0.71%"
"11/18/2020","26,544.29","26,434.24","26,618.01","26,344.86","2.29B","0.49%"
"11/17/2020","26,415.09","26,515.09","26,530.54","26,339.88","2.39B","0.13%"
"11/16/2020","26,381.67","26,362.07","26,394.40","26,191.54","2.09B","0.86%"
"11/13/2020","26,156.86","26,114.60","26,156.86","25,909.18","2.44B","-0.05%"
"11/12/2020","26,169.38","26,409.34","26,460.94","26,071.15","2.68B","-0.22%"
"11/11/2020","26,226.98","26,226.80","26,432.56","26,168.63","4.12B","-0.28%"
"11/10/2020","26,301.48","26,474.04","26,474.04","26,041.87","3.85B","1.10%"
"11/09/2020","26,016.17","26,157.77","26,172.23","25,950.41","2.35B","1.18%"
"11/06/2020","25,712.97","25,750.78","25,799.97","25,540.98","2.37B","0.07%"
"11/05/2020","25,695.92","25,500.91","25,695.92","25,343.44","2.62B","3.25%"
"11/04/2020","24,886.14","24,790.00","25,093.72","24,733.23","2.31B","-0.21%"
"11/03/2020","24,939.73","24,689.56","25,048.53","24,689.51","2.24B","1.96%"
"11/02/2020","24,460.01","24,274.83","24,486.02","24,232.66","2.36B","1.46%"
"10/30/2020","24,107.42","24,535.90","24,600.54","24,029.95","2.54B","-1.95%"
"10/29/2020","24,586.60","24,290.01","24,678.90","24,258.56","1.94B","-0.49%"
"10/28/2020","24,708.80","24,773.54","24,844.79","24,586.06","2.01B","-0.32%"
"10/27/2020","24,787.19","24,839.97","24,872.52","24,602.11","2.44B","-0.53%"
"10/23/2020","24,918.78","24,773.12","24,970.59","24,683.25","2.37B","0.54%"
"10/22/2020","24,786.13","24,696.31","24,817.01","24,556.55","2.49B","0.13%"
"10/21/2020","24,754.42","24,695.54","24,903.00","24,653.16","1.93B","0.75%"
"10/20/2020","24,569.54","24,571.64","24,600.39","24,456.84","1.88B","0.11%"
"10/19/2020","24,542.26","24,565.43","24,771.85","24,478.47","3.61B","0.64%"
"10/16/2020","24,386.79","24,194.41","24,456.97","24,194.41","2.70B","0.94%"
"10/15/2020","24,158.54","24,533.75","24,573.25","24,102.21","2.13B","-2.06%"
"10/14/2020","24,667.09","24,808.85","24,808.85","24,498.94","2.55B","0.07%"
"10/12/2020","24,649.68","24,217.25","24,702.81","24,196.80","2.43B","2.20%"
"10/09/2020","24,119.13","24,343.81","24,343.81","24,059.29","1.36B","-0.31%"
"10/08/2020","24,193.35","24,263.33","24,263.33","24,021.93","1.18B","-0.20%"
"10/07/2020","24,242.86","23,999.79","24,243.91","23,905.42","1.54B","1.09%"
"10/06/2020","23,980.65","23,895.21","24,005.03","23,842.25","1.33B","0.90%"
"10/05/2020","23,767.78","24,039.39","24,039.39","23,674.52","1.42B","1.32%"
"09/30/2020","23,459.05","23,548.89","23,780.87","23,368.49","1.45B","0.79%"
"09/29/2020","23,275.53","23,584.61","23,601.40","23,256.92","1.53B","-0.85%"
"09/28/2020","23,476.05","23,284.09","23,523.81","23,250.34","1.45B","1.04%"
"09/25/2020","23,235.42","23,425.75","23,495.26","23,124.25","1.79B","-0.32%"
"09/24/2020","23,311.07","23,537.83","23,590.42","23,225.33","1.91B","-1.82%"
"09/23/2020","23,742.51","23,701.12","23,795.19","23,559.99","1.64B","0.11%"
"09/22/2020","23,716.85","23,839.67","23,908.51","23,675.62","1.55B","-0.98%"
"09/21/2020","23,950.69","24,483.91","24,542.55","23,928.02","1.60B","-2.06%"
"09/18/2020","24,455.41","24,381.13","24,501.16","24,295.01","2.30B","0.47%"
"09/17/2020","24,340.85","24,676.41","24,713.79","24,250.90","1.63B","-1.56%"
"09/16/2020","24,725.63","24,823.96","24,829.87","24,635.24","1.30B","-0.03%"
"09/15/2020","24,732.76","24,621.65","24,826.87","24,621.65","1.73B","0.38%"
"09/14/2020","24,640.28","24,569.03","24,750.95","24,556.52","1.09B","0.56%"
"09/11/2020","24,503.31","24,352.63","24,572.66","24,293.03","1.31B","0.78%"
"09/10/2020","24,313.54","24,584.94","24,615.60","24,293.21","1.35B","-0.64%"
"09/09/2020","24,468.93","24,295.42","24,520.92","24,213.36","1.75B","-0.63%"
"09/08/2020","24,624.34","24,785.26","24,785.26","24,341.32","2.07B","0.14%"
"09/07/2020","24,589.65","24,621.02","24,908.29","24,475.61","1.68B","-0.43%"
"09/04/2020","24,695.45","24,668.80","24,813.96","24,488.64","3.39B","-1.25%"
"09/03/2020","25,007.60","25,026.99","25,216.02","24,854.58","2.01B","-0.45%"
"09/02/2020","25,120.09","25,239.86","25,239.86","24,931.17","2.35B","-0.26%"
"09/01/2020","25,184.85","25,085.67","25,254.14","24,995.45","1.73B","0.03%"
"08/31/2020","25,177.05","25,732.49","25,847.11","25,177.05","3.20B","-0.96%"
"08/28/2020","25,422.06","25,330.77","25,749.40","25,258.16","2.07B","0.56%"
"08/27/2020","25,281.15","25,469.77","25,469.77","25,186.42","1.70B","-0.83%"
"08/26/2020","25,491.79","25,520.41","25,603.17","25,360.03","1.32B","0.02%"
"08/25/2020","25,486.22","25,586.99","25,621.08","25,352.26","1.35B","-0.26%"
"08/24/2020","25,551.58","25,352.79","25,551.58","25,325.15","1.35B","1.74%"
"08/21/2020","25,113.84","25,007.13","25,178.79","24,885.86","1.21B","1.30%"
"08/20/2020","24,791.39","25,055.35","25,055.35","24,621.32","2.00B","-1.54%"
"08/19/2020","25,178.91","25,359.03","25,382.51","25,079.25","1.13B","-0.74%"
"08/18/2020","25,367.38","25,470.97","25,470.97","25,257.88","1.53B","0.08%"
"08/17/2020","25,347.34","25,212.28","25,588.67","25,163.29","1.96B","0.65%"
"08/14/2020","25,183.01","25,072.45","25,378.53","25,040.55","1.43B","-0.19%"
"08/13/2020","25,230.67","25,490.02","25,490.02","25,144.46","1.76B","-0.05%"
"08/12/2020","25,244.02","24,868.63","25,291.80","24,685.44","1.76B","1.42%"
"08/11/2020","24,890.68","24,662.04","25,031.57","24,662.04","1.63B","2.11%"
"08/10/2020","24,377.43","24,376.82","24,536.01","24,272.67","1.26B","-0.63%"
"08/07/2020","24,531.62","24,909.37","24,909.37","24,167.79","1.61B","-1.60%"
"08/06/2020","24,930.58","25,201.44","25,201.44","24,641.09","1.60B","-0.69%"
"08/05/2020","25,102.54","25,029.39","25,167.22","24,868.29","1.48B","0.62%"
"08/04/2020","24,946.63","24,664.60","25,062.41","24,539.44","1.91B","2.00%"
"08/03/2020","24,458.13","24,566.81","24,647.28","24,250.98","2.01B","-0.56%"
"07/31/2020","24,595.35","24,747.29","24,938.85","24,534.79","1.76B","-0.47%"
"07/30/2020","24,710.59","24,979.24","25,197.31","24,616.05","1.78B","-0.69%"
"07/29/2020","24,883.14","24,710.51","24,905.44","24,671.51","1.08B","0.45%"
"07/28/2020","24,772.76","24,942.74","24,942.74","24,642.35","1.36B","0.69%"
"07/27/2020","24,603.26","24,909.96","24,972.46","24,526.91","1.49B","-0.41%"
"07/24/2020","24,705.33","25,040.76","25,101.10","24,598.46","3.03B","-2.21%"
"07/23/2020","25,263.00","25,235.90","25,346.36","24,992.37","1.91B","0.82%"
"07/22/2020","25,057.94","25,575.25","25,779.66","25,057.94","2.39B","-2.25%"
"07/21/2020","25,635.66","25,427.06","25,635.66","25,378.38","1.75B","2.31%"
"07/20/2020","25,057.99","25,019.60","25,222.11","24,766.17","1.65B","-0.12%"
"07/17/2020","25,089.17","25,142.06","25,263.97","25,015.28","1.36B","0.47%"
"07/16/2020","24,970.69","25,549.40","25,576.49","24,919.95","1.94B","-2.00%"
"07/15/2020","25,481.58","25,888.78","25,888.78","25,299.36","1.85B","0.01%"
"07/14/2020","25,477.89","25,663.16","25,663.16","25,254.32","2.18B","-1.14%"
"07/13/2020","25,772.12","25,848.80","26,103.84","25,715.24","2.13B","0.17%"
"07/10/2020","25,727.41","25,931.78","26,137.91","25,570.36","2.14B","-1.84%"
"07/09/2020","26,210.16","26,351.13","26,374.94","26,016.75","2.45B","0.31%"
"07/08/2020","26,129.18","26,078.61","26,299.84","25,849.78","2.58B","0.59%"
"07/07/2020","25,975.66","26,571.08","26,782.62","25,911.74","3.91B","-1.38%"
"07/06/2020","26,339.16","25,545.54","26,453.61","25,543.15","4.88B","3.81%"
"07/03/2020","25,373.12","25,319.28","25,453.58","25,182.60","2.32B","0.99%"
"07/02/2020","25,124.19","24,563.57","25,124.19","24,563.57","2.75B","2.85%"
"06/30/2020","24,427.19","24,468.24","24,598.61","24,271.77","1.89B","0.52%"
"06/29/2020","24,301.28","24,627.64","24,627.64","24,148.62","1.84B","-1.01%"
"06/26/2020","24,549.99","24,697.98","24,756.58","24,537.77","1.51B","-0.93%"
"06/24/2020","24,781.58","25,034.87","25,071.32","24,770.95","1.43B","-0.50%"
"06/23/2020","24,907.34","24,541.44","24,907.34","24,184.88","1.55B","1.62%"
"06/22/2020","24,511.34","24,528.53","24,628.95","24,391.17","1.61B","-0.54%"
"06/19/2020","24,643.89","24,373.36","24,776.54","24,334.36","2.39B","0.73%"
"06/18/2020","24,464.94","24,386.31","24,464.94","24,121.89","1.81B","-0.07%"
"06/17/2020","24,481.41","24,363.39","24,532.01","24,195.82","1.28B","0.56%"
"06/16/2020","24,344.09","24,318.15","24,534.77","24,302.25","1.61B","2.39%"
"06/15/2020","23,776.95","23,991.38","24,242.97","23,684.96","2.10B","-2.16%"
"06/12/2020","24,301.38","23,920.70","24,317.72","23,895.03","1.82B","-0.73%"
"06/11/2020","24,480.15","24,997.84","25,059.32","24,480.15","1.84B","-2.27%"
"06/10/2020","25,049.73","25,179.03","25,303.78","24,968.30","1.97B","-0.03%"
"06/09/2020","25,057.22","24,906.01","25,253.67","24,837.73","2.20B","1.13%"
"06/08/2020","24,776.77","25,018.05","25,018.78","24,678.55","2.12B","0.03%"
"06/05/2020","24,770.41","24,388.18","24,810.22","24,253.56","2.40B","1.66%"
"06/04/2020","24,366.30","24,643.84","24,643.84","24,204.10","1.89B","0.17%"
"06/03/2020","24,325.62","24,303.56","24,364.01","24,219.96","2.46B","1.37%"
"06/02/2020","23,995.94","23,792.24","23,995.94","23,766.15","1.81B","1.11%"
"06/01/2020","23,732.52","23,539.91","23,806.32","23,539.91","2.57B","3.36%"
"05/29/2020","22,961.47","22,781.11","23,089.77","22,781.11","3.62B","-0.74%"
"05/28/2020","23,132.76","23,206.75","23,451.78","22,779.62","2.36B","-0.72%"
"05/27/2020","23,301.36","23,515.14","23,515.14","23,134.61","1.84B","-0.36%"
"05/26/2020","23,384.66","23,198.34","23,481.48","23,165.49","1.42B","1.88%"
"05/25/2020","22,952.24","22,725.70","22,968.65","22,519.73","1.77B","0.10%"
"05/22/2020","22,930.14","23,756.91","23,756.91","22,878.26","3.68B","-5.56%"
"05/21/2020","24,280.03","24,528.91","24,528.91","24,208.16","1.47B","-0.49%"
"05/20/2020","24,399.95","24,462.90","24,514.87","24,315.75","1.43B","0.05%"
"05/19/2020","24,388.13","24,489.55","24,552.55","24,314.45","2.02B","1.89%"
"05/18/2020","23,934.77","23,736.67","23,952.05","23,722.17","1.65B","0.58%"
"05/15/2020","23,797.47","23,834.68","23,985.12","23,671.61","1.51B","-0.14%"
"05/14/2020","23,829.74","24,038.07","24,081.19","23,790.27","1.70B","-1.45%"
"05/13/2020","24,180.30","24,111.67","24,320.20","23,979.37","1.36B","-0.27%"
"05/12/2020","24,245.68","24,358.00","24,411.04","24,136.20","1.48B","-1.45%"
"05/11/2020","24,602.06","24,470.18","24,766.83","24,470.18","1.46B","1.53%"
"05/08/2020","24,230.17","24,193.36","24,263.73","24,097.12","1.27B","1.04%"
"05/07/2020","23,980.63","24,120.81","24,120.81","23,913.50","1.32B","-0.65%"
"05/06/2020","24,137.48","23,868.02","24,235.03","23,868.02","1.89B","1.13%"
"05/05/2020","23,868.66","23,755.77","23,928.45","23,697.88","1.33B","1.08%"
"05/04/2020","23,613.80","23,895.11","23,897.53","23,584.95","2.56B","-4.18%"
"04/29/2020","24,643.59","24,786.02","24,855.47","24,549.62","1.65B","0.28%"
"04/28/2020","24,575.96","24,401.12","24,582.66","24,176.88","1.69B","1.22%"
"04/27/2020","24,280.14","24,030.66","24,318.81","24,030.54","1.59B","1.88%"
"04/24/2020","23,831.33","23,844.55","23,957.17","23,730.49","1.30B","-0.61%"
"04/23/2020","23,977.32","23,983.65","24,107.88","23,806.30","1.81B","0.35%"
"04/22/2020","23,893.36","23,540.54","23,939.29","23,483.31","1.67B","0.42%"
"04/21/2020","23,793.55","24,247.84","24,247.84","23,676.13","2.16B","-2.20%"
"04/20/2020","24,330.02","24,503.56","24,503.56","24,225.55","1.38B","-0.21%"
"04/17/2020","24,380.00","24,457.83","24,666.64","24,308.78","1.94B","1.56%"
"04/16/2020","24,006.45","24,025.45","24,102.91","23,854.79","1.87B","-0.58%"
"04/15/2020","24,145.34","24,499.86","24,603.60","24,090.50","1.91B","-1.19%"
"04/14/2020","24,435.40","24,347.61","24,546.39","24,283.13","2.05B","0.56%"
"04/09/2020","24,300.33","24,181.32","24,308.69","24,045.18","1.73B","1.38%"
"04/08/2020","23,970.37","24,191.32","24,191.32","23,897.40","1.84B","-1.17%"
"04/07/2020","24,253.29","24,093.05","24,262.01","23,796.03","2.54B","2.12%"
"04/06/2020","23,749.12","23,558.83","23,832.93","23,271.47","1.83B","2.21%"
"04/03/2020","23,236.11","23,072.95","23,236.11","23,030.58","1.87B","-0.19%"
"04/02/2020","23,280.06","22,838.67","23,280.06","22,756.13","2.56B","0.84%"
"04/01/2020","23,085.79","23,365.90","23,540.01","22,947.64","2.88B","-2.19%"
"03/31/2020","23,603.48","23,613.27","23,627.53","23,238.04","2.88B","1.85%"
"03/30/2020","23,175.11","23,020.85","23,491.51","22,973.33","2.55B","-1.32%"
"03/27/2020","23,484.28","23,768.41","23,791.20","23,354.01","2.20B","0.56%"
"03/26/2020","23,352.34","23,604.83","23,604.83","23,163.67","2.52B","-0.74%"
"03/25/2020","23,527.19","23,255.91","23,569.45","23,062.23","3.61B","3.81%"
"03/24/2020","22,663.49","22,497.57","22,753.01","22,383.25","3.61B","4.46%"
"03/23/2020","21,696.13","21,659.55","22,064.31","21,659.55","3.48B","-4.86%"
"03/20/2020","22,805.07","22,147.34","22,805.07","22,147.34","4.53B","5.05%"
"03/19/2020","21,709.13","22,221.38","22,380.34","21,139.26","5.63B","-2.61%"
"03/18/2020","22,291.82","23,023.34","23,425.03","22,167.42","4.22B","-4.18%"
"03/17/2020","23,263.73","23,001.76","23,401.20","22,676.46","3.64B","0.87%"
"03/16/2020","23,063.57","23,317.81","23,631.53","22,842.25","4.07B","-4.03%"
"03/13/2020","24,032.91","22,519.32","24,184.48","22,519.32","5.50B","-1.14%"
"03/12/2020","24,309.07","24,657.67","24,657.67","24,117.94","3.75B","-3.66%"
"03/11/2020","25,231.61","25,459.96","25,493.23","25,140.38","2.63B","-0.63%"
"03/10/2020","25,392.51","25,285.68","25,578.61","24,978.97","3.23B","1.41%"
"03/09/2020","25,040.46","25,134.02","25,321.28","24,948.38","4.68B","-4.23%"
"03/06/2020","26,146.67","26,397.78","26,408.80","26,084.23","2.65B","-2.32%"
"03/05/2020","26,767.87","26,348.16","26,805.58","26,315.36","2.52B","2.08%"
"03/04/2020","26,222.07","26,321.56","26,372.48","26,038.39","1.96B","-0.24%"
"03/03/2020","26,284.82","26,419.13","26,527.75","26,233.39","2.14B","-0.03%"
"03/02/2020","26,291.68","26,077.73","26,375.91","26,077.73","2.20B","0.62%"
"02/28/2020","26,129.93","26,249.06","26,313.55","25,989.41","3.19B","-2.42%"
"02/27/2020","26,778.62","26,529.17","26,849.57","26,419.97","2.11B","0.31%"
"02/26/2020","26,696.49","26,479.90","26,776.06","26,479.90","2.04B","-0.73%"
"02/25/2020","26,893.23","26,722.39","26,914.05","26,667.04","1.92B","0.27%"
"02/24/2020","26,820.88","27,105.35","27,105.35","26,813.22","2.04B","-1.79%"
"02/21/2020","27,308.81","27,450.46","27,484.53","27,264.78","1.77B","-1.09%"
"02/20/2020","27,609.16","27,767.28","27,767.28","27,383.13","1.58B","-0.17%"
"02/19/2020","27,655.81","27,486.46","27,697.46","27,448.60","1.47B","0.46%"
"02/18/2020","27,530.20","27,766.50","27,771.30","27,496.25","1.59B","-1.54%"
"02/17/2020","27,959.60","27,766.71","28,055.58","27,766.71","1.41B","0.52%"
"02/14/2020","27,815.60","27,698.56","27,960.66","27,695.59","1.45B","0.31%"
"02/13/2020","27,730.00","27,953.65","27,953.65","27,695.60","1.62B","-0.34%"
"02/12/2020","27,823.66","27,717.22","27,892.48","27,614.83","1.80B","0.87%"
"02/11/2020","27,583.88","27,514.25","27,674.81","27,436.99","1.87B","1.26%"
"02/10/2020","27,241.34","27,092.15","27,314.64","27,044.88","1.61B","-0.59%"
"02/07/2020","27,404.27","27,356.28","27,410.58","27,224.12","1.46B","-0.33%"
"02/06/2020","27,493.70","27,174.53","27,608.22","27,029.49","2.25B","2.64%"
"02/05/2020","26,786.74","26,869.32","26,926.12","26,641.92","2.50B","0.42%"
"02/04/2020","26,675.98","26,491.66","26,730.26","26,491.66","2.50B","1.21%"
"02/03/2020","26,356.98","26,189.61","26,512.58","26,145.59","2.42B","0.17%"
"01/31/2020","26,312.63","26,757.61","26,818.84","26,295.49","1.87B","-0.52%"
"01/30/2020","26,449.13","27,030.61","27,134.55","26,330.05","2.22B","-2.62%"
"01/29/2020","27,160.63","27,101.54","27,333.30","27,101.54","2.20B","-2.82%"
"01/24/2020","27,949.64","27,935.42","27,977.63","27,774.50","612.10M","0.15%"
"01/23/2020","27,909.12","28,109.75","28,133.03","27,706.37","1.75B","-1.52%"
"01/22/2020","28,341.04","28,116.50","28,393.93","27,937.68","1.34B","1.27%"
"01/21/2020","27,985.33","28,449.38","28,492.03","27,980.50","2.24B","-2.81%"
"01/20/2020","28,795.91","29,169.12","29,174.92","28,795.42","1.63B","-0.90%"
"01/17/2020","29,056.42","28,988.16","29,101.15","28,813.13","1.55B","0.60%"
"01/16/2020","28,883.04","28,806.12","28,987.73","28,709.57","1.62B","0.38%"
"01/15/2020","28,773.59","28,891.07","28,972.68","28,619.10","1.24B","-0.39%"
"01/14/2020","28,885.14","29,149.53","29,149.53","28,790.49","1.64B","-0.24%"
"01/13/2020","28,954.94","28,772.37","28,971.40","28,671.84","1.77B","1.11%"
"01/10/2020","28,638.20","28,665.14","28,665.14","28,504.27","1.45B","0.27%"
"01/09/2020","28,561.00","28,367.65","28,561.00","28,325.86","1.69B","1.68%"
"01/08/2020","28,087.92","27,999.58","28,198.61","27,857.73","1.71B","-0.83%"
"01/07/2020","28,322.06","28,352.68","28,473.08","28,264.07","1.30B","0.34%"
"01/06/2020","28,226.19","28,326.50","28,367.87","28,054.29","1.79B","-0.79%"
"01/03/2020","28,451.50","28,828.36","28,883.30","28,428.17","1.80B","-0.32%"
"01/02/2020","28,543.52","28,249.37","28,543.52","28,245.97","1.26B","1.25%"
"12/31/2019","28,189.75","28,241.43","28,298.46","28,123.86","873.70M","-0.46%"
"12/30/2019","28,319.39","28,250.48","28,418.65","28,165.13","1.42B","0.33%"
"12/27/2019","28,225.42","28,033.66","28,226.11","28,000.62","1.38B","1.30%"
"12/24/2019","27,864.21","27,901.51","27,921.29","27,792.66","484.00M","-0.15%"
"12/23/2019","27,906.41","28,024.62","28,024.62","27,830.08","1.22B","0.13%"
"12/20/2019","27,871.35","27,834.55","27,959.52","27,740.66","1.68B","0.25%"
"12/19/2019","27,800.49","27,908.78","27,908.78","27,675.24","1.30B","-0.30%"
"12/18/2019","27,884.21","27,946.74","27,970.76","27,775.98","1.84B","0.15%"
"12/17/2019","27,843.71","27,630.69","27,894.72","27,563.44","1.93B","1.22%"
"12/16/2019","27,508.09","27,530.50","27,715.93","27,473.32","1.42B","-0.65%"
"12/13/2019","27,687.76","27,494.51","27,687.76","27,405.26","2.21B","2.57%"
"12/12/2019","26,994.14","26,837.94","27,048.98","26,837.94","1.45B","1.31%"
"12/11/2019","26,645.43","26,410.09","26,659.98","26,364.43","1.41B","0.79%"
"12/10/2019","26,436.62","26,378.99","26,527.09","26,355.53","956.30M","-0.22%"
"12/09/2019","26,494.73","26,513.97","26,618.25","26,432.27","1.30B","-0.01%"
"12/06/2019","26,498.37","26,345.20","26,520.08","26,309.34","1.64B","1.07%"
"12/05/2019","26,217.04","26,300.51","26,300.51","26,134.06","1.23B","0.59%"
"12/04/2019","26,062.56","26,071.39","26,191.79","25,995.15","1.50B","-1.25%"
"12/03/2019","26,391.30","26,315.97","26,424.12","26,063.02","1.80B","-0.20%"
"12/02/2019","26,444.72","26,475.34","26,511.55","26,393.09","1.35B","0.37%"
"11/29/2019","26,346.49","26,705.38","26,705.38","26,308.10","2.00B","-2.03%"
"11/28/2019","26,893.73","26,763.63","26,991.80","26,763.63","998.80M","-0.22%"
"11/27/2019","26,954.00","26,943.52","26,974.28","26,866.80","1.13B","0.15%"
"11/26/2019","26,913.92","27,183.90","27,227.87","26,913.92","2.42B","-0.29%"
"11/25/2019","26,993.04","26,873.35","27,114.22","26,852.89","1.50B","1.50%"
"11/22/2019","26,595.08","26,584.88","26,690.17","26,487.67","1.10B","0.48%"
"11/21/2019","26,466.88","26,587.59","26,587.59","26,306.02","1.71B","-1.57%"
"11/20/2019","26,889.61","26,936.79","26,962.17","26,804.35","1.33B","-0.75%"
"11/19/2019","27,093.80","26,671.32","27,093.80","26,605.63","1.54B","1.55%"
"11/18/2019","26,681.09","26,442.39","26,702.16","26,406.35","1.43B","1.35%"
"11/15/2019","26,326.66","26,529.95","26,544.65","26,300.08","1.18B","0.01%"
"11/14/2019","26,323.69","26,444.23","26,605.96","26,203.97","1.55B","-0.93%"
"11/13/2019","26,571.46","26,761.16","26,761.16","26,465.33","1.85B","-1.82%"
"11/12/2019","27,065.28","27,064.26","27,076.67","26,794.61","1.15B","0.52%"
"11/11/2019","26,926.55","27,361.41","27,361.41","26,830.47","1.92B","-2.62%"
"11/08/2019","27,651.14","27,894.56","27,894.56","27,582.29","1.49B","-0.70%"
"11/07/2019","27,847.23","27,690.60","27,900.80","27,534.91","1.35B","0.57%"
"11/06/2019","27,688.64","27,636.33","27,750.91","27,547.77","1.32B","0.02%"
"11/05/2019","27,683.40","27,601.10","27,733.07","27,463.33","1.75B","0.49%"
"11/04/2019","27,547.30","27,299.88","27,547.30","27,299.46","1.78B","1.65%"
"11/01/2019","27,100.76","26,806.44","27,102.42","26,800.57","1.42B","0.72%"
"10/31/2019","26,906.72","26,708.45","27,009.50","26,708.45","1.91B","0.90%"
"10/30/2019","26,667.71","26,766.98","26,809.53","26,602.95","1.55B","-0.44%"
"10/29/2019","26,786.76","27,027.56","27,027.56","26,729.06","1.52B","-0.39%"
"10/28/2019","26,891.26","26,770.11","27,005.68","26,762.70","1.48B","0.84%"
"10/25/2019","26,667.39","26,795.64","26,795.64","26,621.18","1.15B","-0.49%"
"10/24/2019","26,797.95","26,651.03","26,810.43","26,592.18","1.50B","0.87%"
"10/23/2019","26,566.73","26,771.98","26,818.99","26,491.71","1.27B","-0.82%"
"10/22/2019","26,786.20","26,813.81","26,844.29","26,698.30","1.50B","0.23%"
"10/21/2019","26,725.68","26,715.22","26,818.44","26,658.32","1.05B","0.02%"
"10/18/2019","26,719.58","26,910.55","26,985.08","26,650.13","1.54B","-0.48%"
"10/17/2019","26,848.49","26,809.04","26,956.82","26,729.51","1.40B","0.69%"
"10/16/2019","26,664.28","26,553.90","26,698.56","26,432.43","1.69B","0.61%"
"10/15/2019","26,503.93","26,609.13","26,609.13","26,433.43","1.57B","-0.07%"
"10/14/2019","26,521.85","26,520.93","26,636.93","26,386.41","2.10B","0.81%"
"10/11/2019","26,308.44","25,986.82","26,393.01","25,976.07","2.03B","2.34%"
"10/10/2019","25,707.93","25,625.57","25,809.58","25,521.95","1.43B","0.10%"
"10/09/2019","25,682.81","25,736.88","25,866.84","25,656.66","1.59B","-0.81%"
"10/08/2019","25,893.40","25,848.73","26,180.03","25,761.50","1.78B","0.28%"
"10/04/2019","25,821.03","26,169.51","26,169.51","25,612.49","1.14B","-1.11%"
"10/03/2019","26,110.31","25,831.44","26,192.87","25,809.47","1.14B","0.26%"
"10/02/2019","26,042.69","25,901.47","26,092.62","25,778.22","1.20B","-0.19%"
"09/30/2019","26,092.27","25,844.71","26,161.70","25,786.29","1.34B","0.53%"
"09/27/2019","25,954.81","25,977.98","26,017.46","25,840.66","984.30M","-0.33%"
"09/26/2019","26,041.93","26,075.15","26,099.64","25,917.58","1.70B","0.37%"
"09/25/2019","25,945.35","26,162.71","26,190.56","25,917.68","1.76B","-1.28%"
"09/24/2019","26,281.00","26,300.21","26,391.98","26,207.27","2.09B","0.22%"
"09/23/2019","26,222.40","26,463.62","26,483.03","26,186.01","1.29B","-0.81%"
"09/20/2019","26,435.67","26,532.88","26,564.36","26,410.41","1.97B","-0.13%"
"09/19/2019","26,468.95","26,820.73","26,820.73","26,372.09","1.33B","-1.07%"
"09/18/2019","26,754.12","26,838.43","26,891.16","26,730.63","1.37B","-0.13%"
"09/17/2019","26,790.24","26,942.96","26,951.84","26,694.37","1.85B","-1.23%"
"09/16/2019","27,124.55","27,212.89","27,212.89","26,976.30","2.19B","-0.83%"
"09/13/2019","27,352.69","27,154.51","27,366.45","27,074.54","1.18B","0.98%"
"09/12/2019","27,087.63","27,283.98","27,283.98","26,967.25","1.34B","-0.26%"
"09/11/2019","27,159.06","26,790.64","27,159.51","26,705.63","2.07B","1.78%"
"09/10/2019","26,683.68","26,831.98","26,870.77","26,634.47","1.74B","0.01%"
"09/09/2019","26,681.40","26,743.36","26,807.86","26,609.65","1.70B","-0.04%"
"09/06/2019","26,690.76","26,773.13","26,790.79","26,563.17","1.90B","0.66%"
"09/05/2019","26,515.53","26,512.86","26,697.85","26,283.12","2.00B","-0.03%"
"09/04/2019","26,523.23","25,675.16","26,654.21","25,675.16","2.69B","3.90%"
"09/03/2019","25,527.85","25,546.32","25,736.05","25,498.11","1.15B","-0.39%"
"09/02/2019","25,626.55","25,627.83","25,662.31","25,502.70","1.30B","-0.38%"
"08/30/2019","25,724.73","26,011.64","26,011.64","25,536.15","2.02B","0.08%"
"08/29/2019","25,703.50","25,606.33","25,714.78","25,372.49","1.78B","0.34%"
"08/28/2019","25,615.48","25,767.08","25,830.64","25,596.08","1.46B","-0.19%"
"08/27/2019","25,664.07","25,715.98","25,764.61","25,581.73","2.21B","-0.06%"
"08/26/2019","25,680.33","25,322.00","25,692.28","25,249.51","2.48B","-1.91%"
"08/23/2019","26,179.33","26,057.88","26,241.22","25,940.44","1.62B","0.50%"
"08/22/2019","26,048.72","26,272.91","26,288.24","25,977.67","1.78B","-0.84%"
"08/21/2019","26,270.04","26,160.54","26,318.13","26,075.91","1.70B","0.15%"
"08/20/2019","26,231.54","26,256.54","26,347.23","26,149.40","1.82B","-0.23%"
"08/19/2019","26,291.84","25,994.80","26,356.22","25,994.80","2.14B","2.17%"
"08/16/2019","25,734.22","25,484.96","25,798.11","25,314.27","2.02B","0.94%"
"08/15/2019","25,495.46","24,945.74","25,552.13","24,899.93","2.15B","0.76%"
"08/14/2019","25,302.28","25,711.10","25,717.98","25,197.38","1.92B","0.08%"
"08/13/2019","25,281.30","25,536.62","25,616.71","25,270.91","1.98B","-2.10%"
"08/12/2019","25,824.72","25,869.48","26,069.23","25,824.72","1.20B","-0.44%"
"08/09/2019","25,939.30","26,278.92","26,313.78","25,939.30","1.36B","-0.69%"
"08/08/2019","26,120.77","25,999.45","26,317.42","25,999.45","1.66B","0.48%"
"08/07/2019","25,997.03","25,977.72","26,025.44","25,738.80","1.67B","0.08%"
"08/06/2019","25,976.24","25,472.43","26,042.23","25,397.35","2.75B","-0.67%"
"08/05/2019","26,151.32","26,480.47","26,502.61","26,086.86","2.12B","-2.85%"
"08/02/2019","26,918.58","26,950.53","27,043.46","26,868.96","2.32B","-2.35%"
"08/01/2019","27,565.70","27,582.21","27,754.04","27,495.89","1.74B","-0.76%"
"07/31/2019","27,777.75","27,931.28","27,939.72","27,701.44","1.29B","-1.31%"
"07/30/2019","28,146.50","28,059.82","28,274.65","28,059.82","1.15B","0.14%"
"07/29/2019","28,106.41","28,262.80","28,302.66","27,945.41","1.56B","-1.03%"
"07/26/2019","28,397.74","28,406.07","28,487.64","28,338.30","1.32B","-0.69%"
"07/25/2019","28,594.30","28,575.49","28,628.51","28,517.01","974.30M","0.25%"
"07/24/2019","28,524.04","28,578.14","28,764.50","28,515.92","1.08B","0.20%"
"07/23/2019","28,466.48","28,392.04","28,489.29","28,313.79","950.00M","0.34%"
"07/22/2019","28,371.26","28,612.28","28,649.44","28,303.55","1.10B","-1.37%"
"07/19/2019","28,765.40","28,585.15","28,809.59","28,551.20","1.26B","1.07%"
"07/18/2019","28,461.66","28,393.04","28,511.65","28,376.50","925.00M","-0.46%"
"07/17/2019","28,593.17","28,463.77","28,593.17","28,377.34","950.40M","-0.09%"
"07/16/2019","28,619.62","28,583.93","28,634.65","28,489.41","1.02B","0.23%"
"07/15/2019","28,554.88","28,303.36","28,567.25","28,071.19","1.32B","0.29%"
"07/12/2019","28,471.62","28,401.87","28,603.87","28,399.66","1.20B","0.14%"
"07/11/2019","28,431.80","28,347.86","28,582.69","28,347.86","1.07B","0.81%"
"07/10/2019","28,204.69","28,245.09","28,311.78","28,144.87","1.01B","0.31%"
"07/09/2019","28,116.28","28,299.73","28,312.97","28,080.73","1.22B","-0.76%"
"07/08/2019","28,331.69","28,513.14","28,541.10","28,194.07","1.25B","-1.54%"
"07/05/2019","28,774.83","28,785.53","28,880.58","28,714.92","846.90M","-0.07%"
"07/04/2019","28,795.77","28,891.97","29,007.98","28,776.48","928.40M","-0.21%"
"07/03/2019","28,855.14","28,781.97","28,891.89","28,721.21","1.29B","-0.07%"
"07/02/2019","28,875.56","28,904.04","28,959.06","28,768.54","2.11B","1.17%"
"06/28/2019","28,542.62","28,632.59","28,632.59","28,416.96","1.49B","-0.28%"
"06/27/2019","28,621.42","28,352.94","28,621.42","28,287.34","1.68B","1.42%"
"06/26/2019","28,221.98","28,046.16","28,267.98","27,985.98","1.43B","0.13%"
"06/25/2019","28,185.98","28,447.96","28,470.10","28,066.13","1.85B","-1.15%"
"06/24/2019","28,513.00","28,400.63","28,634.48","28,358.06","1.34B","0.14%"
"06/21/2019","28,473.71","28,581.51","28,581.51","28,359.25","2.17B","-0.27%"
"06/20/2019","28,550.43","28,308.85","28,563.08","28,258.02","1.82B","1.23%"
"06/19/2019","28,202.14","28,224.87","28,224.87","28,022.49","2.08B","2.56%"
"06/18/2019","27,498.77","27,289.70","27,584.12","27,201.02","1.55B","1.00%"
"06/17/2019","27,227.16","27,252.45","27,503.10","27,227.16","1.49B","0.40%"
"06/14/2019","27,118.35","27,180.74","27,275.88","27,051.75","2.03B","-0.65%"
"06/13/2019","27,294.71","27,217.72","27,294.71","26,825.35","1.85B","-0.05%"
"06/12/2019","27,308.46","27,603.12","27,603.12","27,222.03","1.87B","-1.73%"
"06/11/2019","27,789.34","27,677.06","27,857.85","27,577.91","1.82B","0.76%"
"06/10/2019","27,578.64","27,206.61","27,606.42","27,155.03","2.27B","2.27%"
"06/06/2019","26,965.28","26,935.87","26,984.02","26,837.67","1.60B","0.26%"
"06/05/2019","26,895.44","27,116.08","27,119.48","26,803.66","1.89B","0.50%"
"06/04/2019","26,761.52","26,994.08","26,994.08","26,671.90","1.53B","-0.49%"
"06/03/2019","26,893.86","26,909.71","26,968.10","26,735.48","1.72B","-0.03%"
"05/31/2019","26,901.09","27,002.96","27,155.36","26,850.27","1.83B","-0.79%"
"05/30/2019","27,114.88","27,319.25","27,319.25","27,020.73","1.88B","-0.44%"
"05/29/2019","27,235.71","27,226.95","27,429.37","27,178.71","2.24B","-0.57%"
"05/28/2019","27,390.81","27,274.83","27,490.55","27,230.09","3.04B","0.38%"
"05/27/2019","27,288.09","27,239.08","27,371.35","27,105.22","1.26B","-0.24%"
"05/24/2019","27,353.93","27,368.68","27,457.59","27,291.94","1.68B","0.32%"
"05/23/2019","27,267.13","27,505.53","27,523.86","27,169.67","2.22B","-1.58%"
"05/22/2019","27,705.94","27,753.54","27,828.81","27,640.62","1.71B","0.18%"
"05/21/2019","27,657.24","27,671.40","27,915.16","27,598.06","2.23B","-0.47%"
"05/20/2019","27,787.61","27,959.23","27,999.60","27,699.23","2.26B","-0.57%"
"05/17/2019","27,946.46","28,428.00","28,428.00","27,909.73","1.92B","-1.16%"
"05/16/2019","28,275.07","28,117.48","28,379.37","28,050.78","2.37B","0.02%"
"05/15/2019","28,268.71","28,171.32","28,441.49","28,171.32","2.24B","0.52%"
"05/14/2019","28,122.02","27,951.12","28,205.96","27,925.62","2.88B","-1.50%"
"05/10/2019","28,550.24","28,462.34","28,833.45","28,203.22","2.42B","0.84%"
"05/09/2019","28,311.07","28,839.35","28,891.11","28,281.98","2.91B","-2.39%"
"05/08/2019","29,003.20","28,987.09","29,252.00","28,945.91","2.18B","-1.23%"
"05/07/2019","29,363.02","29,313.58","29,480.04","29,156.45","2.00B","0.52%"
"05/06/2019","29,209.82","29,342.38","29,384.01","28,956.47","2.93B","-2.90%"
"05/03/2019","30,081.55","29,818.48","30,081.55","29,678.86","1.22B","0.46%"
"05/02/2019","29,944.18","29,643.05","29,967.74","29,643.05","1.30B","0.83%"
"04/30/2019","29,699.11","29,828.15","29,855.76","29,620.45","1.36B","-0.65%"
"04/29/2019","29,892.81","29,730.85","29,917.11","29,639.38","1.25B","0.97%"
"04/26/2019","29,605.01","29,513.08","29,672.79","29,504.14","1.41B","0.19%"
"04/25/2019","29,549.80","29,667.52","29,849.70","29,535.20","1.64B","-0.86%"
"04/24/2019","29,805.83","30,112.19","30,112.19","29,682.87","1.75B","-0.53%"
"04/23/2019","29,963.24","29,782.95","30,055.94","29,755.87","2.01B","-0.00%"
"04/18/2019","29,963.26","30,088.65","30,101.83","29,896.86","1.57B","-0.54%"
"04/17/2019","30,124.68","30,160.69","30,178.58","30,004.97","2.04B","-0.02%"
"04/16/2019","30,129.87","29,754.30","30,142.86","29,665.11","2.55B","1.07%"
"04/15/2019","29,810.72","30,119.85","30,280.12","29,810.72","2.01B","-0.33%"
"04/12/2019","29,909.76","29,806.35","29,909.76","29,694.85","1.56B","0.24%"
"04/11/2019","29,839.45","30,138.14","30,184.61","29,783.67","1.90B","-0.93%"
"04/10/2019","30,119.56","30,052.27","30,139.61","29,892.62","1.81B","-0.13%"
"04/09/2019","30,157.49","30,065.99","30,222.02","30,018.98","2.05B","0.27%"
"04/08/2019","30,077.15","30,119.58","30,185.06","29,913.62","2.32B","0.47%"
"04/04/2019","29,936.32","29,950.42","30,050.91","29,765.55","1.85B","-0.17%"
"04/03/2019","29,986.39","29,785.27","29,999.34","29,715.77","2.02B","1.22%"
"04/02/2019","29,624.67","29,736.99","29,736.99","29,534.42","1.86B","0.21%"
"04/01/2019","29,562.02","29,383.72","29,612.37","29,383.72","2.48B","1.76%"
"03/29/2019","29,051.36","28,812.64","29,100.69","28,761.88","2.70B","0.96%"
"03/28/2019","28,775.21","28,663.20","28,816.59","28,558.80","1.58B","0.16%"
"03/27/2019","28,728.25","28,564.71","28,781.63","28,551.65","1.48B","0.56%"
"03/26/2019","28,566.91","28,677.76","28,701.60","28,435.06","1.41B","0.15%"
"03/25/2019","28,523.35","28,501.37","28,702.24","28,463.11","2.09B","-2.03%"
"03/22/2019","29,113.36","29,173.33","29,243.10","28,847.34","1.74B","0.14%"
"03/21/2019","29,071.56","29,387.75","29,446.77","29,051.85","1.75B","-0.85%"
"03/20/2019","29,320.97","29,357.19","29,435.81","29,251.25","1.58B","-0.49%"
"03/19/2019","29,466.28","29,419.14","29,486.15","29,319.51","1.75B","0.19%"
"03/18/2019","29,409.01","29,112.44","29,409.01","29,034.13","1.89B","1.37%"
"03/15/2019","29,012.26","28,843.86","29,204.73","28,828.26","1.97B","0.56%"
"03/14/2019","28,851.39","28,891.06","28,932.47","28,696.31","1.39B","0.15%"
"03/13/2019","28,807.45","28,924.28","28,924.28","28,690.37","1.18B","-0.39%"
"03/12/2019","28,920.87","28,760.27","28,941.09","28,734.09","1.92B","1.46%"
"03/11/2019","28,503.30","28,265.85","28,512.27","28,240.78","1.53B","0.97%"
"03/08/2019","28,228.42","28,409.14","28,533.76","28,201.09","3.00B","-1.91%"
"03/07/2019","28,779.45","28,965.42","29,007.07","28,772.45","1.69B","-0.89%"
"03/06/2019","29,037.60","29,003.25","29,122.81","28,938.39","1.79B","0.26%"
"03/05/2019","28,961.60","28,823.16","29,025.79","28,734.81","1.95B","0.01%"
"03/04/2019","28,959.59","28,855.11","29,241.80","28,760.67","2.68B","0.51%"
"03/01/2019","28,812.17","28,716.60","28,860.20","28,663.71","1.93B","0.63%"
"02/28/2019","28,633.18","28,719.71","28,917.49","28,571.13","2.09B","-0.43%"
"02/27/2019","28,757.44","28,833.16","29,014.19","28,701.47","2.38B","-0.05%"
"02/26/2019","28,772.06","28,971.23","28,971.23","28,700.01","2.76B","-0.65%"
"02/25/2019","28,959.30","28,975.52","29,009.98","28,763.46","3.52B","0.50%"
"02/22/2019","28,816.30","28,478.96","28,816.30","28,430.20","1.71B","0.65%"
"02/21/2019","28,629.92","28,450.00","28,759.35","28,364.85","1.81B","0.41%"
"02/20/2019","28,514.05","28,404.68","28,599.77","28,357.30","1.93B","1.01%"
"02/19/2019","28,228.13","28,440.49","28,488.97","28,208.87","1.65B","-0.42%"
"02/18/2019","28,347.01","28,186.75","28,412.08","28,186.75","1.55B","1.60%"
"02/15/2019","27,900.84","28,241.44","28,256.69","27,845.87","1.78B","-1.87%"
"02/14/2019","28,432.05","28,396.40","28,476.65","28,275.18","1.43B","-0.23%"
"02/13/2019","28,497.59","28,184.87","28,533.36","28,160.46","1.93B","1.16%"
"02/12/2019","28,171.33","28,093.31","28,219.59","27,983.48","1.49B","0.10%"
"02/11/2019","28,143.84","27,927.45","28,143.84","27,847.85","1.38B","0.71%"
"02/08/2019","27,946.32","27,708.13","28,008.82","27,534.20","1.53B","-0.16%"
"02/04/2019","27,990.21","27,985.42","28,005.15","27,847.43","808.10M","0.21%"
"02/01/2019","27,930.74","28,193.28","28,193.28","27,802.50","1.67B","-0.04%"
"01/31/2019","27,942.47","27,842.05","28,010.90","27,773.98","2.23B","1.08%"
"01/30/2019","27,642.85","27,571.41","27,642.85","27,369.75","1.82B","0.40%"
"01/29/2019","27,531.68","27,397.54","27,575.37","27,328.17","1.82B","-0.16%"
"01/28/2019","27,576.96","27,695.81","27,790.22","27,462.37","1.71B","0.03%"
"01/25/2019","27,569.19","27,282.88","27,569.19","27,217.75","2.27B","1.65%"
"01/24/2019","27,120.98","27,075.37","27,120.98","26,889.79","1.32B","0.42%"
"01/23/2019","27,008.20","26,879.91","27,131.22","26,879.91","1.38B","0.01%"
"01/22/2019","27,005.45","27,189.40","27,223.70","26,854.66","1.58B","-0.70%"
"01/21/2019","27,196.54","27,134.27","27,323.61","27,084.30","1.64B","0.39%"
"01/18/2019","27,090.81","26,993.44","27,116.65","26,915.08","1.69B","1.25%"
"01/17/2019","26,755.63","26,953.21","27,012.19","26,703.31","1.86B","-0.54%"
"01/16/2019","26,902.10","26,702.93","26,903.78","26,567.52","1.71B","0.27%"
"01/15/2019","26,830.29","26,518.62","26,838.55","26,427.45","1.82B","2.02%"
"01/14/2019","26,298.33","26,559.68","26,575.33","26,195.78","1.43B","-1.38%"
"01/11/2019","26,667.27","26,692.02","26,692.02","26,494.86","1.80B","0.55%"
"01/10/2019","26,521.43","26,391.78","26,588.21","26,212.34","1.94B","0.22%"
"01/09/2019","26,462.32","26,237.29","26,597.07","26,192.65","2.68B","2.27%"
"01/08/2019","25,875.45","25,852.50","25,960.89","25,688.50","1.58B","0.15%"
"01/07/2019","25,835.70","26,015.84","26,043.64","25,753.46","1.45B","0.82%"
"01/04/2019","25,626.03","24,946.12","25,626.03","24,924.73","1.71B","2.24%"
"01/03/2019","25,064.36","25,077.68","25,262.21","24,896.87","1.48B","-0.26%"
"01/02/2019","25,130.35","25,824.44","25,824.44","25,055.27","1.67B","-2.77%"
"12/31/2018","25,845.70","25,732.52","25,916.23","25,682.66","826.50M","1.34%"
"12/28/2018","25,504.20","25,502.34","25,600.25","25,416.36","1.22B","0.10%"
"12/27/2018","25,478.88","25,818.81","25,920.63","25,446.80","1.31B","-0.67%"
"12/24/2018","25,651.38","25,515.40","25,651.38","25,421.43","1.07B","-0.40%"
"12/21/2018","25,753.42","25,512.30","25,805.61","25,313.75","1.94B","0.51%"
"12/20/2018","25,623.53","25,723.53","25,859.82","25,416.88","1.72B","-0.94%"
"12/19/2018","25,865.39","25,860.68","25,925.99","25,784.09","1.43B","0.20%"
"12/18/2018","25,814.25","25,903.98","26,152.88","25,713.50","1.45B","-1.05%"
"12/17/2018","26,087.98","26,178.04","26,186.30","26,002.30","1.04B","-0.03%"
"12/14/2018","26,094.79","26,219.00","26,219.00","26,061.47","1.34B","-1.62%"
"12/13/2018","26,524.35","26,417.89","26,581.93","26,314.77","1.75B","1.29%"
"12/12/2018","26,186.71","26,054.01","26,238.73","26,013.36","1.43B","1.61%"
"12/11/2018","25,771.67","25,623.40","25,861.73","25,623.40","1.19B","0.07%"
"12/10/2018","25,752.38","25,794.95","25,845.34","25,570.89","1.54B","-1.19%"
"12/07/2018","26,063.76","26,249.81","26,280.66","26,055.78","2.73B","-0.35%"
"12/06/2018","26,156.38","26,349.42","26,381.12","26,016.09","2.12B","-2.47%"
"12/05/2018","26,819.68","26,745.69","26,914.87","26,745.69","1.33B","-1.62%"
"12/04/2018","27,260.44","27,119.19","27,260.44","26,984.71","1.88B","0.29%"
"12/03/2018","27,182.04","27,185.66","27,259.43","27,006.83","2.55B","2.55%"
"11/30/2018","26,506.75","26,506.09","26,683.25","26,396.62","2.00B","0.21%"
"11/29/2018","26,451.03","26,904.21","26,923.33","26,399.81","1.47B","-0.87%"
"11/28/2018","26,682.56","26,406.68","26,705.30","26,332.66","1.42B","1.33%"
"11/27/2018","26,331.96","26,345.37","26,417.84","26,158.97","1.39B","-0.17%"
"11/26/2018","26,376.18","26,099.35","26,413.76","26,031.90","1.61B","1.73%"
"11/23/2018","25,927.68","25,950.07","25,983.25","25,807.26","877.10M","-0.35%"
"11/22/2018","26,019.41","26,139.39","26,139.39","25,873.38","1.01B","0.18%"
"11/21/2018","25,971.47","25,496.85","25,998.28","25,494.51","1.40B","0.51%"
"11/20/2018","25,840.34","26,043.51","26,132.29","25,776.22","1.21B","-2.02%"
"11/19/2018","26,372.00","26,278.87","26,397.39","26,146.39","1.32B","0.72%"
"11/16/2018","26,183.53","26,041.56","26,197.31","25,850.04","1.33B","0.31%"
"11/15/2018","26,103.34","25,862.18","26,127.14","25,611.72","1.53B","1.75%"
"11/14/2018","25,654.43","25,874.36","25,874.36","25,489.86","1.43B","-0.54%"
"11/13/2018","25,792.87","25,092.30","25,792.87","25,092.30","1.69B","0.62%"
"11/12/2018","25,633.18","25,576.28","25,765.96","25,505.33","1.17B","0.12%"
"11/09/2018","25,601.92","25,925.09","25,925.09","25,475.32","1.84B","-2.39%"
"11/08/2018","26,227.72","26,491.27","26,491.27","26,141.25","1.65B","0.31%"
"11/07/2018","26,147.69","26,125.09","26,530.87","25,920.72","1.73B","0.10%"
"11/06/2018","26,120.96","26,062.24","26,159.83","25,826.69","1.56B","0.72%"
"11/05/2018","25,934.39","26,050.34","26,146.81","25,747.52","1.63B","-2.08%"
"11/02/2018","26,486.35","25,980.44","26,486.35","25,909.71","3.52B","4.21%"
"11/01/2018","25,416.00","25,228.75","25,535.12","25,190.90","2.18B","1.75%"
"10/31/2018","24,979.69","24,752.83","24,979.69","24,700.11","2.36B","1.60%"
"10/30/2018","24,585.53","24,765.12","24,939.18","24,540.63","2.10B","-0.91%"
"10/29/2018","24,812.04","24,955.79","24,955.79","24,594.74","2.00B","0.38%"
"10/26/2018","24,717.63","25,031.49","25,062.20","24,589.04","1.69B","-1.11%"
"10/25/2018","24,994.46","24,766.72","24,994.46","24,653.79","2.29B","-1.01%"
"10/24/2018","25,249.78","25,401.17","25,653.36","25,194.29","1.96B","-0.38%"
"10/23/2018","25,346.55","26,015.49","26,015.49","25,315.76","1.77B","-3.08%"
"10/22/2018","26,153.15","25,668.33","26,234.86","25,668.33","2.22B","2.32%"
"10/19/2018","25,561.40","25,172.03","25,743.45","25,090.30","2.04B","0.42%"
"10/18/2018","25,454.55","25,674.66","25,674.66","25,261.72","1.76B","-0.03%"
"10/16/2018","25,462.26","25,586.16","25,712.13","25,266.54","1.47B","0.07%"
"10/15/2018","25,445.06","25,683.59","25,683.59","25,399.54","1.61B","-1.38%"
"10/12/2018","25,801.49","25,401.41","25,835.76","25,286.86","2.10B","2.12%"
"10/11/2018","25,266.37","25,392.90","25,437.85","25,125.22","3.09B","-3.54%"
"10/10/2018","26,193.07","26,281.28","26,499.84","26,193.07","1.72B","0.08%"
"10/09/2018","26,172.91","26,194.17","26,366.60","26,067.51","1.74B","-0.11%"
"10/08/2018","26,202.57","26,717.60","26,717.60","26,187.83","2.30B","-1.39%"
"10/05/2018","26,572.57","26,503.75","26,639.64","26,373.46","1.68B","-0.19%"
"10/04/2018","26,623.87","27,029.40","27,029.40","26,551.44","1.90B","-1.73%"
"10/03/2018","27,091.26","26,840.20","27,270.16","26,840.20","1.32B","-0.13%"
"10/02/2018","27,126.38","27,716.16","27,716.16","27,073.08","2.08B","-2.38%"
"09/28/2018","27,788.52","27,879.06","27,927.95","27,672.83","1.64B","0.26%"
"09/27/2018","27,715.67","27,912.51","27,928.29","27,638.54","1.44B","-0.36%"
"09/26/2018","27,816.87","27,606.81","28,031.81","27,589.37","2.34B","1.15%"
"09/24/2018","27,499.39","27,783.85","27,783.85","27,425.01","1.51B","-1.62%"
"09/21/2018","27,953.58","27,712.35","27,965.96","27,536.27","2.78B","1.73%"
"09/20/2018","27,477.67","27,605.72","27,628.19","27,327.23","1.40B","0.26%"
"09/19/2018","27,407.37","27,170.02","27,488.35","27,085.79","1.87B","1.19%"
"09/18/2018","27,084.66","26,846.33","27,156.55","26,648.99","1.81B","0.56%"
"09/17/2018","26,932.85","27,029.91","27,037.48","26,763.21","1.26B","-1.30%"
"09/14/2018","27,286.41","27,229.79","27,340.02","27,027.45","1.71B","1.01%"
"09/13/2018","27,014.49","26,798.39","27,014.49","26,648.77","2.34B","2.54%"
"09/12/2018","26,345.04","26,462.82","26,468.91","26,219.56","2.26B","-0.29%"
"09/11/2018","26,422.55","26,611.93","26,690.65","26,394.87","1.69B","-0.72%"
"09/10/2018","26,613.42","26,922.27","26,926.63","26,453.29","2.05B","-1.33%"
"09/07/2018","26,973.47","26,895.87","27,196.57","26,669.58","2.86B","-0.01%"
"09/06/2018","26,974.82","27,069.21","27,268.39","26,818.82","2.17B","-0.99%"
"09/05/2018","27,243.85","27,789.02","27,861.99","27,208.34","1.91B","-2.61%"
"09/04/2018","27,973.34","27,619.18","27,984.89","27,563.79","1.10B","0.94%"
"09/03/2018","27,712.54","27,809.45","27,822.19","27,577.04","1.40B","-0.63%"
"08/31/2018","27,888.55","27,798.21","27,962.03","27,720.32","1.92B","-0.98%"
"08/30/2018","28,164.05","28,533.93","28,533.93","28,121.40","1.29B","-0.89%"
"08/29/2018","28,416.44","28,362.84","28,485.83","28,272.13","1.37B","0.23%"
"08/28/2018","28,351.62","28,530.89","28,579.64","28,234.53","1.65B","0.28%"
"08/27/2018","28,271.27","28,016.66","28,289.06","27,956.04","2.13B","2.17%"
"08/24/2018","27,671.87","27,565.98","27,830.91","27,532.06","1.49B","-0.43%"
"08/23/2018","27,790.46","28,005.33","28,051.65","27,659.21","1.46B","-0.49%"
"08/22/2018","27,927.58","27,836.68","27,954.52","27,579.80","1.78B","0.63%"
"08/21/2018","27,752.79","27,670.54","27,771.30","27,526.30","1.70B","0.56%"
"08/20/2018","27,598.02","27,273.78","27,609.80","27,209.22","1.66B","1.41%"
"08/17/2018","27,213.41","27,388.57","27,450.84","27,101.10","1.56B","0.42%"
"08/16/2018","27,100.06","26,871.11","27,405.25","26,871.11","2.14B","-0.82%"
"08/15/2018","27,323.59","27,724.72","27,727.27","27,249.08","1.91B","-1.55%"
"08/14/2018","27,752.93","27,938.32","27,946.55","27,522.82","1.49B","-0.66%"
"08/13/2018","27,936.57","27,956.78","28,085.17","27,823.21","1.48B","-1.52%"
"08/10/2018","28,366.62","28,614.73","28,665.90","28,296.99","1.28B","-0.84%"
"08/09/2018","28,607.30","28,260.50","28,728.17","28,192.81","1.45B","0.88%"
"08/08/2018","28,359.14","28,473.48","28,473.48","28,224.46","1.61B","0.39%"
"08/07/2018","28,248.88","27,889.44","28,266.68","27,843.16","1.55B","1.54%"
"08/06/2018","27,819.56","27,885.51","28,074.53","27,730.42","1.45B","0.52%"
"08/03/2018","27,676.32","27,751.60","27,786.15","27,604.56","1.61B","-0.14%"
"08/02/2018","27,714.56","28,159.01","28,218.28","27,578.09","1.99B","-2.21%"
"08/01/2018","28,340.74","28,756.72","28,772.80","28,219.97","1.52B","-0.85%"
"07/31/2018","28,583.01","28,663.14","28,682.31","28,538.03","1.46B","-0.52%"
"07/30/2018","28,733.13","28,631.05","28,839.24","28,539.56","1.23B","-0.25%"
"07/27/2018","28,804.28","28,734.73","28,816.69","28,572.79","1.21B","0.08%"
"07/26/2018","28,781.14","29,083.40","29,083.40","28,625.08","1.42B","-0.48%"
"07/25/2018","28,920.90","28,906.97","28,964.79","28,764.35","1.63B","0.90%"
"07/24/2018","28,662.57","28,282.30","28,718.00","28,282.30","2.42B","1.44%"
"07/23/2018","28,256.12","28,298.61","28,391.58","28,091.06","1.89B","0.11%"
"07/20/2018","28,224.48","28,054.76","28,294.74","27,745.85","2.44B","0.76%"
"07/19/2018","28,010.86","28,251.16","28,329.98","27,998.36","1.50B","-0.38%"
"07/18/2018","28,117.42","28,352.11","28,386.38","28,045.47","1.51B","-0.23%"
"07/17/2018","28,181.68","28,451.50","28,460.87","28,137.95","1.70B","-1.25%"
"07/16/2018","28,539.66","28,580.96","28,699.21","28,327.00","1.24B","0.05%"
"07/13/2018","28,525.44","28,689.18","28,715.36","28,500.51","1.45B","0.16%"
"07/12/2018","28,480.83","28,260.09","28,614.53","28,217.31","1.85B","0.60%"
"07/11/2018","28,311.69","28,013.72","28,365.72","28,013.72","1.87B","-1.29%"
"07/10/2018","28,682.25","28,900.71","28,981.93","28,682.25","1.67B","-0.02%"
"07/09/2018","28,688.50","28,606.16","28,821.54","28,518.52","1.88B","1.32%"
"07/06/2018","28,315.62","28,254.37","28,554.21","27,925.33","2.02B","0.47%"
"07/05/2018","28,182.09","28,101.85","28,320.90","27,830.75","1.88B","-0.21%"
"07/04/2018","28,241.67","28,546.32","28,642.34","28,141.28","2.10B","-1.06%"
"07/03/2018","28,545.57","28,617.00","28,617.00","27,990.45","3.28B","-1.41%"
"06/29/2018","28,955.11","28,463.85","28,962.29","28,463.85","2.39B","1.61%"
"06/28/2018","28,497.32","28,368.01","28,567.29","28,169.10","2.57B","0.50%"
"06/27/2018","28,356.26","28,957.64","28,988.83","28,342.82","2.57B","-1.82%"
"06/26/2018","28,881.40","28,881.18","29,034.23","28,505.09","2.53B","-0.28%"
"06/25/2018","28,961.39","29,326.12","29,403.36","28,895.40","2.30B","-1.29%"
"06/22/2018","29,338.70","29,215.54","29,436.84","29,089.39","2.15B","0.15%"
"06/21/2018","29,296.05","29,764.05","29,882.27","29,285.71","2.03B","-1.35%"
"06/20/2018","29,696.17","29,478.46","29,944.30","29,406.20","2.23B","0.77%"
"06/19/2018","29,468.15","29,999.01","30,012.04","29,332.28","3.56B","-2.78%"
"06/15/2018","30,309.49","30,411.07","30,519.29","30,259.11","2.34B","-0.43%"
"06/14/2018","30,440.17","30,684.07","30,777.96","30,349.96","2.13B","-0.93%"
"06/13/2018","30,725.15","30,990.37","31,023.73","30,688.26","1.63B","-1.22%"
"06/12/2018","31,103.06","31,029.85","31,242.86","30,944.97","1.38B","0.13%"
"06/11/2018","31,063.70","31,016.52","31,134.03","30,898.57","1.32B","0.34%"
"06/08/2018","30,958.21","31,435.26","31,435.26","30,874.10","1.72B","-1.76%"
"06/07/2018","31,512.63","31,464.63","31,521.13","31,369.28","1.94B","0.81%"
"06/06/2018","31,259.10","31,162.02","31,332.42","31,161.37","1.47B","0.53%"
"06/05/2018","31,093.45","31,009.47","31,188.93","30,896.11","1.72B","0.31%"
"06/04/2018","30,997.98","30,836.77","31,012.92","30,743.18","1.84B","1.66%"
"06/01/2018","30,492.91","30,548.78","30,581.12","30,363.49","2.78B","0.08%"
"05/31/2018","30,468.56","30,274.18","30,533.58","30,148.43","4.11B","1.37%"
"05/30/2018","30,056.79","30,109.37","30,241.23","29,964.34","2.41B","-1.40%"
"05/29/2018","30,484.58","30,647.26","30,713.32","30,454.18","1.66B","-1.00%"
"05/28/2018","30,792.26","30,759.84","30,839.30","30,530.47","1.74B","0.67%"
"05/25/2018","30,588.04","30,664.27","30,736.97","30,525.74","1.68B","-0.56%"
"05/24/2018","30,760.41","30,718.66","30,788.97","30,589.38","1.58B","0.31%"
"05/23/2018","30,665.64","31,191.87","31,191.87","30,665.64","2.43B","-1.82%"
"05/21/2018","31,234.35","31,232.79","31,464.10","31,232.79","1.60B","0.60%"
"05/18/2018","31,047.91","31,033.97","31,148.06","30,904.68","1.72B","0.34%"
"05/17/2018","30,942.15","31,416.71","31,416.71","30,942.15","1.50B","-0.54%"
"05/16/2018","31,110.20","31,014.72","31,218.08","30,818.78","1.35B","-0.13%"
"05/15/2018","31,152.03","31,573.18","31,573.18","31,152.03","1.57B","-1.23%"
"05/14/2018","31,541.08","31,498.36","31,592.56","31,423.57","1.79B","1.35%"
"05/11/2018","31,122.06","31,151.80","31,277.39","31,032.44","1.63B","1.02%"
"05/10/2018","30,809.22","30,716.97","30,851.30","30,712.93","1.53B","0.89%"
"05/09/2018","30,536.14","30,452.16","30,568.76","30,346.62","1.36B","0.44%"
"05/08/2018","30,402.81","30,123.77","30,444.22","30,123.77","1.62B","1.36%"
"05/07/2018","29,994.26","30,102.06","30,138.33","29,791.87","1.44B","0.23%"
"05/04/2018","29,926.50","30,316.98","30,341.46","29,859.30","1.75B","-1.28%"
"05/03/2018","30,313.37","30,405.48","30,432.07","30,118.65","1.74B","-1.34%"
"05/02/2018","30,723.88","30,782.21","30,824.77","30,570.81","1.64B","-0.27%"
"04/30/2018","30,808.45","30,530.40","30,853.13","30,483.91","1.92B","1.74%"
"04/27/2018","30,280.67","30,300.83","30,336.00","30,019.12","1.61B","0.91%"
"04/26/2018","30,007.68","30,378.15","30,463.42","29,871.20","1.77B","-1.06%"
"04/25/2018","30,328.15","30,486.86","30,507.19","30,244.16","1.67B","-1.01%"
"04/24/2018","30,636.24","30,353.83","30,665.10","30,335.29","1.74B","1.26%"
"04/23/2018","30,254.40","30,327.03","30,481.86","30,184.45","1.52B","-0.54%"
"04/20/2018","30,418.33","30,647.94","30,848.47","30,355.79","1.66B","-0.94%"
"04/19/2018","30,708.44","30,532.95","30,761.47","30,451.00","2.22B","1.40%"
"04/18/2018","30,284.25","30,469.95","30,487.17","29,979.40","2.00B","0.74%"
"04/17/2018","30,062.75","30,354.89","30,477.79","30,012.70","1.92B","-0.83%"
"04/16/2018","30,315.59","30,849.72","30,849.72","30,190.75","1.83B","-1.60%"
"04/13/2018","30,808.38","31,076.76","31,076.76","30,707.77","1.41B","-0.07%"
"04/12/2018","30,831.28","31,094.11","31,094.11","30,637.14","1.75B","-0.21%"
"04/11/2018","30,897.71","30,761.23","31,021.12","30,723.07","2.29B","0.55%"
"04/10/2018","30,728.74","30,205.09","30,806.86","30,163.09","2.27B","1.65%"
"04/09/2018","30,229.58","30,104.32","30,514.80","29,909.37","1.84B","1.29%"
"04/06/2018","29,844.94","29,750.24","29,980.56","29,608.33","1.70B","1.11%"
"04/04/2018","29,518.69","30,244.22","30,329.08","29,518.69","1.82B","-2.19%"
"04/03/2018","30,180.10","29,927.88","30,269.28","29,755.36","1.91B","0.29%"
"03/29/2018","30,093.38","30,154.18","30,252.95","29,819.63","2.17B","0.24%"
"03/28/2018","30,022.53","30,510.38","30,637.21","30,022.53","2.21B","-2.50%"
"03/27/2018","30,790.83","30,985.75","30,985.75","30,738.76","2.05B","0.79%"
"03/26/2018","30,548.77","30,267.07","30,548.77","29,995.16","2.32B","0.79%"
"03/23/2018","30,309.29","29,930.23","30,320.31","29,930.23","3.52B","-2.45%"
"03/22/2018","31,071.05","31,575.93","31,686.67","31,018.44","2.10B","-1.09%"
"03/21/2018","31,414.52","31,811.98","31,978.14","31,381.54","2.31B","-0.43%"
"03/20/2018","31,549.93","31,315.42","31,576.05","31,183.40","1.75B","0.11%"
"03/19/2018","31,513.76","31,370.47","31,656.30","31,244.62","1.44B","0.04%"
"03/16/2018","31,501.97","31,363.03","31,564.78","31,337.45","2.35B","-0.12%"
"03/15/2018","31,541.10","31,181.15","31,583.38","31,121.66","1.50B","0.34%"
"03/14/2018","31,435.01","31,321.79","31,453.48","31,141.85","1.71B","-0.53%"
"03/13/2018","31,601.45","31,570.20","31,709.99","31,461.47","2.11B","0.02%"
"03/12/2018","31,594.33","31,536.30","31,607.58","31,342.48","2.17B","1.93%"
"03/09/2018","30,996.21","30,858.27","30,996.21","30,840.80","1.47B","1.11%"
"03/08/2018","30,654.52","30,523.68","30,724.03","30,428.61","1.53B","1.52%"
"03/07/2018","30,196.92","30,323.77","30,673.08","30,117.40","2.14B","-1.03%"
"03/06/2018","30,510.73","30,380.96","30,620.06","30,129.80","2.27B","2.09%"
"03/05/2018","29,886.39","30,524.26","30,679.47","29,852.42","2.28B","-2.28%"
"03/02/2018","30,583.45","30,611.10","30,670.94","30,477.95","2.96B","-1.48%"
"03/01/2018","31,044.25","30,476.99","31,081.68","30,453.82","2.12B","0.65%"
"02/28/2018","30,844.72","31,037.41","31,061.76","30,703.90","2.41B","-1.36%"
"02/27/2018","31,268.66","31,790.85","31,798.98","31,141.52","2.58B","-0.73%"
"02/26/2018","31,498.60","31,528.29","31,567.46","31,273.95","2.03B","0.74%"
"02/23/2018","31,267.17","31,289.08","31,386.81","31,149.32","1.67B","0.97%"
"02/22/2018","30,965.68","31,084.45","31,195.27","30,930.10","2.39B","-1.48%"
"02/21/2018","31,431.89","31,050.52","31,477.85","30,885.95","1.93B","1.81%"
"02/20/2018","30,873.63","31,165.29","31,339.69","30,720.48","2.03B","-0.78%"
"02/15/2018","31,115.43","30,958.71","31,145.10","30,816.65","2.07B","1.97%"
"02/14/2018","30,515.60","30,024.47","30,637.23","29,968.54","2.41B","2.27%"
"02/13/2018","29,839.53","29,850.15","30,169.00","29,783.10","2.71B","1.29%"
"02/12/2018","29,459.63","29,713.08","29,801.52","29,459.63","2.82B","-0.16%"
"02/09/2018","29,507.42","29,679.21","29,679.21","29,129.26","5.17B","-3.10%"
"02/08/2018","30,451.27","30,555.80","30,739.11","30,251.32","3.15B","0.42%"
"02/07/2018","30,323.20","31,378.35","31,472.47","30,292.15","4.62B","-0.89%"
"02/06/2018","30,595.42","31,028.68","31,286.03","30,577.83","5.53B","-5.12%"
"02/05/2018","32,245.22","31,715.56","32,394.87","31,712.02","3.13B","-1.09%"
"02/02/2018","32,601.78","32,569.01","32,778.51","32,321.42","2.57B","-0.12%"
"02/01/2018","32,642.09","32,950.30","33,048.04","32,642.09","2.77B","-0.75%"
"01/31/2018","32,887.27","32,435.76","32,933.98","32,330.39","3.31B","0.86%"
"01/30/2018","32,607.29","32,751.72","32,976.75","32,501.35","3.18B","-1.09%"
"01/29/2018","32,966.89","33,335.48","33,484.08","32,897.04","3.61B","-0.56%"
"01/26/2018","33,154.12","32,836.28","33,223.58","32,794.13","3.89B","1.53%"
"01/25/2018","32,654.45","32,979.38","32,998.05","32,650.22","3.55B","-0.92%"
"01/24/2018","32,958.69","32,907.23","33,018.71","32,728.51","3.90B","0.08%"
"01/23/2018","32,930.70","32,606.14","32,930.70","32,554.23","3.95B","1.66%"
"01/22/2018","32,393.41","32,276.96","32,417.23","32,046.84","2.88B","0.43%"
"01/19/2018","32,254.89","32,142.16","32,254.89","31,986.00","2.91B","0.41%"
"01/18/2018","32,121.94","32,148.45","32,233.81","31,869.70","3.74B","0.43%"
"01/17/2018","31,983.41","31,825.52","31,983.41","31,642.27","4.00B","0.25%"
"01/16/2018","31,904.75","31,423.62","31,904.75","31,423.62","3.10B","1.81%"
"01/15/2018","31,338.87","31,702.56","31,733.18","31,265.25","2.66B","-0.23%"
"01/12/2018","31,412.54","31,298.05","31,412.54","31,198.36","2.33B","0.94%"
"01/11/2018","31,120.39","31,066.21","31,133.18","30,950.07","1.79B","0.15%"
"01/10/2018","31,073.72","31,009.24","31,267.57","30,928.58","2.60B","0.20%"
"01/09/2018","31,011.41","30,933.51","31,056.70","30,852.43","2.00B","0.36%"
"01/08/2018","30,899.53","30,895.09","30,929.15","30,732.54","2.00B","0.28%"
"01/05/2018","30,814.64","30,893.86","30,911.01","30,638.53","2.26B","0.25%"
"01/04/2018","30,736.48","30,691.71","30,796.93","30,560.43","3.00B","0.57%"
"01/03/2018","30,560.95","30,658.73","30,724.32","30,456.76","2.31B","0.15%"
"01/02/2018","30,515.31","30,028.29","30,515.31","30,028.29","2.44B","1.99%"
"12/29/2017","29,919.15","29,914.05","29,997.96","29,849.31","1.37B","0.19%"
"12/28/2017","29,863.71","29,684.79","29,873.10","29,661.06","1.34B","0.90%"
"12/27/2017","29,597.66","29,632.97","29,693.82","29,516.51","1.73B","0.07%"
"12/22/2017","29,578.01","29,505.05","29,578.01","29,413.86","1.28B","0.72%"
"12/21/2017","29,367.06","29,209.64","29,431.81","29,145.13","1.44B","0.45%"
"12/20/2017","29,234.09","29,199.29","29,326.52","29,159.28","1.31B","-0.07%"
"12/19/2017","29,253.66","29,193.74","29,339.11","29,144.17","1.63B","0.70%"
"12/18/2017","29,050.41","28,923.53","29,143.33","28,821.19","1.64B","0.70%"
"12/15/2017","28,848.11","29,000.11","29,017.66","28,738.84","2.00B","-1.09%"
"12/14/2017","29,166.38","29,335.76","29,367.51","29,047.61","1.96B","-0.19%"
"12/13/2017","29,222.10","28,856.78","29,276.67","28,707.60","2.57B","1.49%"
"12/12/2017","28,793.88","28,972.74","29,066.77","28,745.73","2.14B","-0.59%"
"12/11/2017","28,965.29","28,645.41","28,998.51","28,645.41","2.13B","1.14%"
"12/08/2017","28,639.85","28,400.01","28,705.76","28,344.39","1.75B","1.19%"
"12/07/2017","28,303.19","28,366.14","28,478.34","28,134.93","1.78B","0.28%"
"12/06/2017","28,224.80","28,850.36","28,929.21","28,204.53","2.61B","-2.14%"
"12/05/2017","28,842.80","28,898.58","29,124.24","28,838.12","1.44B","-1.01%"
"12/04/2017","29,138.28","28,951.19","29,343.78","28,803.19","1.62B","0.22%"
"12/01/2017","29,074.24","29,261.31","29,345.97","29,028.76","2.09B","-0.35%"
"11/30/2017","29,177.35","29,340.27","29,353.51","29,127.30","2.44B","-1.51%"
"11/29/2017","29,623.83","29,813.94","29,831.19","29,563.39","1.43B","-0.19%"
"11/28/2017","29,680.85","29,608.64","29,687.45","29,334.59","1.74B","-0.02%"
"11/27/2017","29,686.19","29,857.65","29,859.11","29,610.96","1.49B","-0.60%"
"11/24/2017","29,866.32","29,788.18","29,918.92","29,696.59","1.53B","0.53%"
"11/23/2017","29,707.94","30,033.18","30,169.99","29,593.79","2.10B","-0.99%"
"11/22/2017","30,003.49","30,087.19","30,199.69","29,911.07","2.47B","0.62%"
"11/21/2017","29,818.07","29,369.69","29,818.07","29,343.48","2.47B","1.91%"
"11/20/2017","29,260.31","29,227.08","29,299.87","29,089.58","1.62B","0.21%"
"11/17/2017","29,199.04","29,214.36","29,341.92","29,158.35","2.07B","0.62%"
"11/16/2017","29,018.76","28,963.77","29,095.49","28,877.76","1.50B","0.58%"
"11/15/2017","28,851.69","29,026.11","29,106.49","28,851.69","2.05B","-1.03%"
"11/14/2017","29,152.12","29,272.10","29,320.03","29,143.63","1.70B","-0.10%"
"11/13/2017","29,182.18","29,058.23","29,258.50","29,058.23","1.79B","0.21%"
"11/10/2017","29,120.92","29,060.13","29,237.85","29,036.45","1.78B","-0.05%"
"11/09/2017","29,136.57","28,987.79","29,192.51","28,960.05","1.82B","0.79%"
"11/08/2017","28,907.60","28,950.50","29,123.44","28,885.07","1.83B","-0.30%"
"11/07/2017","28,994.34","28,715.40","29,017.40","28,715.07","2.13B","1.39%"
"11/06/2017","28,596.80","28,616.35","28,650.79","28,137.77","2.26B","-0.02%"
"11/03/2017","28,603.61","28,603.51","28,661.29","28,542.66","1.58B","0.30%"
"11/02/2017","28,518.64","28,604.95","28,643.58","28,492.20","2.15B","-0.26%"
"11/01/2017","28,594.06","28,387.55","28,606.59","28,329.50","2.32B","1.23%"
"10/31/2017","28,245.54","28,247.00","28,354.11","28,183.79","2.45B","-0.32%"
"10/30/2017","28,336.19","28,585.15","28,650.82","28,336.19","2.13B","-0.36%"
"10/27/2017","28,438.85","28,332.91","28,494.52","28,305.73","2.26B","0.84%"
"10/26/2017","28,202.38","28,165.61","28,316.20","28,102.75","1.43B","-0.36%"
"10/25/2017","28,302.89","28,238.85","28,387.21","28,198.56","1.27B","0.53%"
"10/24/2017","28,154.97","28,232.62","28,356.10","28,098.83","1.43B","-0.53%"
"10/23/2017","28,305.88","28,557.80","28,557.80","28,253.32","1.71B","-0.64%"
"10/20/2017","28,487.24","28,360.02","28,519.76","28,313.70","1.49B","1.17%"
"10/19/2017","28,159.09","28,783.85","28,798.78","28,094.54","2.13B","-1.92%"
"10/18/2017","28,711.76","28,636.20","28,729.34","28,629.73","1.43B","0.05%"
"10/17/2017","28,697.49","28,777.18","28,777.18","28,641.95","1.29B","0.02%"
"10/16/2017","28,692.80","28,661.98","28,792.06","28,620.38","1.74B","0.76%"
"10/13/2017","28,476.43","28,423.65","28,492.39","28,369.87","1.62B","0.06%"
"10/12/2017","28,459.03","28,431.05","28,528.71","28,343.32","1.58B","0.24%"
"10/11/2017","28,389.57","28,622.01","28,625.66","28,330.73","1.87B","-0.36%"
"10/10/2017","28,490.83","28,334.92","28,503.84","28,260.20","1.39B","0.58%"
"10/09/2017","28,326.59","28,440.17","28,488.35","28,282.01","1.75B","-0.46%"
"10/06/2017","28,458.04","28,626.41","28,626.41","28,377.85","1.97B","0.28%"
"10/04/2017","28,379.18","28,311.27","28,521.77","28,311.27","2.10B","0.73%"
"10/03/2017","28,173.21","27,884.21","28,194.16","27,737.38","3.43B","2.25%"
"09/29/2017","27,554.30","27,492.13","27,581.13","27,383.16","1.67B","0.48%"
"09/28/2017","27,421.60","27,661.27","27,665.16","27,421.60","1.97B","-0.80%"
"09/27/2017","27,642.43","27,503.05","27,673.40","27,503.05","1.81B","0.47%"
"09/26/2017","27,513.01","27,308.61","27,567.88","27,300.37","1.68B","0.05%"
"09/25/2017","27,500.34","27,851.54","27,851.54","27,476.27","1.80B","-1.36%"
"09/22/2017","27,880.53","27,949.83","27,960.92","27,845.52","1.38B","-0.82%"
"09/21/2017","28,110.33","28,091.24","28,184.37","28,046.94","1.63B","-0.06%"
"09/20/2017","28,127.80","28,099.29","28,149.36","28,013.11","1.50B","0.27%"
"09/19/2017","28,051.41","28,200.54","28,248.12","28,032.17","1.60B","-0.38%"
"09/18/2017","28,159.77","27,971.37","28,160.39","27,917.18","1.55B","1.27%"
"09/15/2017","27,807.59","27,736.60","27,893.58","27,514.04","2.16B","0.11%"
"09/14/2017","27,777.20","27,788.84","27,895.07","27,699.09","1.65B","-0.42%"
"09/13/2017","27,894.08","27,984.27","27,984.27","27,751.28","1.44B","-0.28%"
"09/12/2017","27,972.24","28,068.70","28,071.54","27,883.83","1.31B","0.06%"
"09/11/2017","27,955.13","27,877.69","27,976.98","27,859.00","1.38B","1.04%"
"09/08/2017","27,668.47","27,571.59","27,708.09","27,569.13","1.42B","0.53%"
"09/07/2017","27,522.92","27,817.87","27,817.87","27,492.82","1.78B","-0.33%"
"09/06/2017","27,613.76","27,671.56","27,684.26","27,421.79","1.67B","-0.46%"
"09/05/2017","27,741.35","27,797.44","27,871.76","27,685.30","1.24B","0.00%"
"09/04/2017","27,740.26","27,881.71","27,884.46","27,662.29","1.63B","-0.76%"
"09/01/2017","27,953.16","28,015.22","28,116.70","27,915.44","1.75B","-0.06%"
"08/31/2017","27,970.30","27,934.45","27,994.06","27,861.48","2.80B","-0.44%"
"08/30/2017","28,094.61","27,957.74","28,127.90","27,912.82","2.14B","1.19%"
"08/29/2017","27,765.01","27,744.58","27,839.83","27,638.73","1.72B","-0.35%"
"08/28/2017","27,863.29","27,905.59","28,071.59","27,806.05","3.02B","0.05%"
"08/25/2017","27,848.16","27,539.11","27,878.37","27,480.11","3.79B","1.20%"
"08/24/2017","27,518.60","27,642.23","27,642.23","27,485.87","2.69B","0.43%"
"08/22/2017","27,401.67","27,322.20","27,509.06","27,316.08","2.05B","0.91%"
"08/21/2017","27,154.68","27,100.63","27,221.31","27,086.43","1.77B","0.40%"
"08/18/2017","27,047.57","26,999.60","27,236.32","26,951.92","1.69B","-1.08%"
"08/17/2017","27,344.22","27,610.29","27,624.52","27,302.48","1.80B","-0.24%"
"08/16/2017","27,409.07","27,238.81","27,422.30","27,238.81","1.77B","0.86%"
"08/15/2017","27,174.96","27,371.25","27,438.42","27,174.96","2.74B","-0.28%"
"08/14/2017","27,250.23","27,091.77","27,268.23","27,032.40","1.42B","1.36%"
"08/11/2017","26,883.51","27,000.43","27,184.21","26,863.71","3.13B","-2.04%"
"08/10/2017","27,444.00","27,791.36","27,791.36","27,267.03","2.18B","-1.13%"
"08/09/2017","27,757.09","27,760.08","27,876.12","27,602.66","1.65B","-0.35%"
"08/08/2017","27,854.91","27,684.60","27,867.56","27,626.19","1.73B","0.59%"
"08/07/2017","27,690.36","27,665.71","27,731.92","27,629.20","1.48B","0.46%"
"08/04/2017","27,562.68","27,564.71","27,615.03","27,508.11","1.46B","0.12%"
"08/03/2017","27,531.01","27,533.51","27,601.05","27,399.58","1.68B","-0.28%"
"08/02/2017","27,607.38","27,645.28","27,747.35","27,570.50","2.05B","0.24%"
"08/01/2017","27,540.23","27,326.04","27,558.00","27,326.04","2.39B","0.79%"
"07/31/2017","27,323.99","27,048.45","27,324.38","27,045.41","1.69B","1.28%"
"07/28/2017","26,979.39","27,007.97","27,047.88","26,928.44","1.46B","-0.56%"
"07/27/2017","27,131.17","27,002.70","27,169.15","26,962.03","1.76B","0.71%"
"07/26/2017","26,941.02","26,960.81","27,007.27","26,786.63","2.18B","0.33%"
"07/25/2017","26,852.05","26,847.58","26,889.70","26,799.77","1.45B","0.02%"
"07/24/2017","26,846.83","26,720.04","26,882.00","26,674.50","1.53B","0.53%"
"07/21/2017","26,706.09","26,777.44","26,778.42","26,663.25","1.50B","-0.13%"
"07/20/2017","26,740.21","26,770.48","26,794.18","26,632.98","1.41B","0.26%"
"07/19/2017","26,672.16","26,561.81","26,682.64","26,541.56","1.35B","0.56%"
"07/18/2017","26,524.94","26,489.52","26,540.17","26,381.14","1.87B","0.21%"
"07/17/2017","26,470.58","26,572.92","26,618.66","26,353.83","1.84B","0.31%"
"07/14/2017","26,389.23","26,416.68","26,416.68","26,295.99","1.74B","0.16%"
"07/13/2017","26,346.17","26,340.29","26,383.76","26,255.31","1.97B","1.16%"
"07/12/2017","26,043.64","25,991.35","26,147.30","25,991.35","2.70B","0.64%"
"07/11/2017","25,877.64","25,605.19","25,941.47","25,596.21","2.23B","1.48%"
"07/10/2017","25,500.06","25,392.03","25,622.75","25,331.95","1.74B","0.63%"
"07/07/2017","25,340.85","25,377.21","25,409.90","25,315.91","1.48B","-0.49%"
"07/06/2017","25,465.22","25,574.57","25,599.70","25,436.83","1.49B","-0.22%"
"07/05/2017","25,521.97","25,354.38","25,559.18","25,199.86","1.87B","0.52%"
"07/04/2017","25,389.01","25,782.85","25,838.27","25,251.72","2.40B","-1.53%"
"07/03/2017","25,784.17","25,654.77","25,821.39","25,654.77","1.50B","0.08%"
"06/30/2017","25,764.58","25,679.64","25,816.25","25,661.43","1.62B","-0.77%"
"06/29/2017","25,965.42","25,872.93","25,965.42","25,814.80","1.75B","1.10%"
"06/28/2017","25,683.50","25,735.21","25,821.36","25,625.71","1.65B","-0.61%"
"06/27/2017","25,839.99","25,911.20","25,929.61","25,780.69","1.18B","-0.12%"
"06/26/2017","25,871.89","25,727.93","25,875.48","25,720.38","1.21B","0.79%"
"06/23/2017","25,670.05","25,724.28","25,770.37","25,648.77","1.30B","-0.02%"
"06/22/2017","25,674.53","25,597.46","25,867.94","25,597.46","1.55B","-0.08%"
"06/21/2017","25,694.58","25,752.27","25,846.52","25,575.98","1.70B","-0.57%"
"06/20/2017","25,843.04","26,028.43","26,043.10","25,833.93","1.25B","-0.31%"
"06/19/2017","25,924.55","25,736.20","25,939.72","25,735.07","1.12B","1.16%"
"06/16/2017","25,626.49","25,601.81","25,719.97","25,557.80","1.70B","0.24%"
"06/15/2017","25,565.34","25,772.28","25,772.28","25,565.34","1.66B","-1.20%"
"06/14/2017","25,875.90","25,915.46","25,915.46","25,713.02","1.45B","0.09%"
"06/13/2017","25,852.10","25,826.52","25,883.22","25,722.63","1.32B","0.56%"
"06/12/2017","25,708.04","25,925.45","25,957.78","25,689.23","1.61B","-1.24%"
"06/09/2017","26,030.29","26,090.33","26,090.33","25,922.68","2.89B","-0.13%"
"06/08/2017","26,063.06","25,974.00","26,069.98","25,923.21","1.63B","0.34%"
"06/07/2017","25,974.16","26,025.21","26,073.44","25,898.82","2.00B","-0.09%"
"06/06/2017","25,997.14","25,819.53","26,019.01","25,805.02","1.54B","0.52%"
"06/05/2017","25,862.99","25,976.36","25,998.66","25,801.84","1.77B","-0.24%"
"06/02/2017","25,924.05","25,926.06","25,973.00","25,851.85","1.99B","0.44%"
"06/01/2017","25,809.22","25,736.35","25,834.75","25,614.61","2.02B","0.58%"
"05/31/2017","25,660.65","25,706.45","25,817.95","25,650.06","3.00B","-0.16%"
"05/29/2017","25,701.63","25,672.40","25,744.72","25,579.15","1.08B","0.24%"
"05/26/2017","25,639.27","25,670.98","25,724.40","25,588.70","1.45B","0.03%"
"05/25/2017","25,630.78","25,511.46","25,680.67","25,491.78","1.89B","0.80%"
"05/24/2017","25,428.50","25,382.26","25,428.50","25,296.66","1.41B","0.10%"
"05/23/2017","25,403.15","25,415.57","25,486.98","25,307.27","1.76B","0.05%"
"05/22/2017","25,391.34","25,318.29","25,450.04","25,201.34","1.41B","0.86%"
"05/19/2017","25,174.87","25,171.66","25,266.22","25,124.06","1.31B","0.15%"
"05/18/2017","25,136.52","25,034.19","25,263.81","25,025.05","1.68B","-0.62%"
"05/17/2017","25,293.63","25,355.76","25,374.95","25,245.44","1.51B","-0.17%"
"05/16/2017","25,335.94","25,413.35","25,413.35","25,228.46","1.80B","-0.14%"
"05/15/2017","25,371.59","25,233.31","25,385.72","25,213.47","2.21B","0.86%"
"05/12/2017","25,156.34","25,126.48","25,211.28","25,087.32","1.42B","0.12%"
"05/11/2017","25,125.55","25,101.53","25,203.54","25,024.76","1.64B","0.44%"
"05/10/2017","25,015.42","24,931.82","25,164.97","24,931.82","2.30B","0.51%"
"05/09/2017","24,889.03","24,656.95","24,889.83","24,548.97","1.38B","1.27%"
"05/08/2017","24,577.91","24,604.29","24,624.21","24,476.20","1.36B","0.41%"
"05/05/2017","24,476.35","24,625.35","24,634.28","24,358.72","2.02B","-0.84%"
"05/04/2017","24,683.88","24,680.45","24,683.88","24,530.93","1.76B","-0.05%"
"05/02/2017","24,696.13","24,773.80","24,773.80","24,577.33","1.61B","0.33%"
"04/28/2017","24,615.13","24,691.29","24,697.03","24,563.77","1.18B","-0.34%"
"04/27/2017","24,698.48","24,663.10","24,717.44","24,455.12","1.57B","0.49%"
"04/26/2017","24,578.43","24,563.25","24,637.85","24,515.23","1.67B","0.50%"
"04/25/2017","24,455.94","24,204.78","24,455.94","24,201.91","1.88B","1.31%"
"04/24/2017","24,139.48","24,185.76","24,206.44","23,958.18","1.34B","0.41%"
"04/21/2017","24,042.02","24,143.04","24,190.14","23,991.87","1.35B","-0.06%"
"04/20/2017","24,056.98","23,851.02","24,058.87","23,827.07","1.51B","0.97%"
"04/19/2017","23,825.88","23,875.98","23,893.14","23,723.87","1.57B","-0.41%"
"04/18/2017","23,924.54","24,268.17","24,276.31","23,892.59","1.55B","-1.39%"
"04/13/2017","24,261.66","24,173.42","24,378.38","24,158.16","1.33B","-0.21%"
"04/12/2017","24,313.50","24,068.91","24,313.50","23,994.13","1.53B","0.93%"
"04/11/2017","24,088.46","24,280.87","24,318.15","24,007.85","1.80B","-0.72%"
"04/10/2017","24,262.18","24,302.01","24,314.66","24,215.54","1.19B","-0.02%"
"04/07/2017","24,267.30","24,247.01","24,268.39","23,982.40","2.25B","-0.03%"
"04/06/2017","24,273.72","24,310.41","24,381.63","24,210.69","1.72B","-0.52%"
"04/05/2017","24,400.80","24,370.95","24,400.80","24,166.01","2.70B","0.57%"
"04/03/2017","24,261.48","24,236.56","24,261.48","24,162.55","1.71B","0.62%"
"03/31/2017","24,111.59","24,305.53","24,329.98","24,105.38","1.73B","-0.78%"
"03/30/2017","24,301.09","24,429.12","24,431.12","24,250.40","1.77B","-0.37%"
"03/29/2017","24,392.05","24,470.66","24,470.66","24,330.70","1.83B","0.19%"
"03/28/2017","24,345.87","24,329.17","24,360.00","24,274.52","1.51B","0.63%"
"03/27/2017","24,193.70","24,235.69","24,434.90","24,138.78","1.73B","-0.68%"
"03/24/2017","24,358.27","24,396.41","24,420.77","24,263.17","1.78B","0.13%"
"03/23/2017","24,327.70","24,381.04","24,466.73","24,271.26","1.80B","0.03%"
"03/22/2017","24,320.41","24,336.33","24,380.42","24,207.10","2.14B","-1.11%"
"03/21/2017","24,593.12","24,565.73","24,656.65","24,500.35","2.06B","0.37%"
"03/20/2017","24,501.99","24,312.57","24,501.99","24,312.57","1.72B","0.79%"
"03/17/2017","24,309.93","24,376.13","24,385.81","24,237.97","2.51B","0.09%"
"03/16/2017","24,288.28","24,101.98","24,288.28","24,003.75","2.58B","2.08%"
"03/15/2017","23,792.85","23,705.07","23,842.81","23,645.51","1.35B","-0.15%"
"03/14/2017","23,827.95","23,871.00","23,918.12","23,768.34","1.86B","-0.01%"
"03/13/2017","23,829.67","23,643.30","23,877.59","23,567.93","2.02B","1.11%"
"03/10/2017","23,568.67","23,534.98","23,603.77","23,438.86","1.53B","0.29%"
"03/09/2017","23,501.56","23,667.77","23,673.58","23,456.06","1.78B","-1.18%"
"03/08/2017","23,782.27","23,627.28","23,816.23","23,563.14","1.82B","0.43%"
"03/07/2017","23,681.07","23,630.35","23,728.00","23,585.77","1.28B","0.36%"
"03/06/2017","23,596.28","23,600.49","23,691.05","23,574.28","1.44B","0.18%"
"03/03/2017","23,552.72","23,618.36","23,635.24","23,511.60","2.39B","-0.74%"
"03/02/2017","23,728.07","24,044.48","24,080.87","23,694.33","2.11B","-0.20%"
"03/01/2017","23,776.49","23,849.22","23,857.28","23,730.05","1.65B","0.15%"
"02/28/2017","23,740.73","23,952.64","24,007.81","23,740.73","1.67B","-0.77%"
"02/27/2017","23,925.05","23,941.81","24,067.68","23,822.88","1.73B","-0.17%"
"02/24/2017","23,965.70","24,115.61","24,121.91","23,958.13","1.75B","-0.62%"
"02/23/2017","24,114.86","24,122.18","24,216.53","24,046.91","1.88B","-0.36%"
"02/22/2017","24,201.96","24,059.09","24,201.96","23,999.55","2.23B","0.99%"
"02/21/2017","23,963.63","24,174.11","24,213.64","23,909.15","1.84B","-0.76%"
"02/20/2017","24,146.08","24,066.00","24,202.34","24,022.15","1.94B","0.47%"
"02/17/2017","24,033.74","24,077.87","24,106.34","23,944.68","2.30B","-0.31%"
"02/16/2017","24,107.70","24,139.31","24,161.39","23,969.57","3.81B","0.47%"
"02/15/2017","23,994.87","23,771.95","24,067.62","23,771.95","3.84B","1.23%"
"02/14/2017","23,703.01","23,695.29","23,735.11","23,614.47","1.96B","-0.03%"
"02/13/2017","23,710.98","23,664.53","23,751.92","23,615.39","1.99B","0.58%"
"02/10/2017","23,574.98","23,645.90","23,718.47","23,573.85","2.14B","0.21%"
"02/09/2017","23,525.14","23,533.52","23,644.63","23,489.65","2.74B","0.17%"
"02/08/2017","23,485.13","23,284.76","23,520.77","23,160.99","2.60B","0.66%"
"02/07/2017","23,331.57","23,287.89","23,403.60","23,256.69","1.52B","-0.07%"
"02/06/2017","23,348.24","23,239.29","23,348.24","23,149.70","1.44B","0.95%"
"02/03/2017","23,129.21","23,216.97","23,226.92","22,997.46","1.34B","-0.24%"
"02/02/2017","23,184.52","23,309.46","23,439.02","23,131.37","987.80M","-0.57%"
"02/01/2017","23,318.39","23,211.88","23,318.39","23,082.62","1.51B","-0.18%"
"01/27/2017","23,360.78","23,339.15","23,397.09","23,307.05","777.90M","-0.06%"
"01/26/2017","23,374.17","23,173.46","23,386.41","23,145.31","1.86B","1.41%"
"01/25/2017","23,049.12","23,066.40","23,066.40","22,961.38","1.19B","0.43%"
"01/24/2017","22,949.86","22,965.25","22,986.45","22,907.78","1.46B","0.22%"
"01/23/2017","22,898.52","22,926.30","23,068.08","22,861.29","1.07B","0.06%"
"01/20/2017","22,885.91","22,966.53","22,987.68","22,858.25","1.21B","-0.71%"
"01/19/2017","23,049.96","23,104.35","23,104.35","22,941.96","1.17B","-0.21%"
"01/18/2017","23,098.26","22,889.33","23,151.75","22,882.02","1.69B","1.13%"
"01/17/2017","22,840.97","22,819.87","22,867.84","22,710.93","1.02B","0.54%"
"01/16/2017","22,718.15","22,895.36","22,908.86","22,657.35","1.31B","-0.96%"
"01/13/2017","22,937.38","22,879.57","22,971.45","22,859.28","1.37B","0.47%"
"01/12/2017","22,829.02","22,956.44","22,971.49","22,751.67","1.45B","-0.46%"
"01/11/2017","22,935.35","22,816.01","22,944.58","22,767.37","1.55B","0.84%"
"01/10/2017","22,744.85","22,561.17","22,744.85","22,549.86","1.42B","0.83%"
"01/09/2017","22,558.69","22,561.11","22,626.43","22,476.35","1.30B","0.25%"
"01/06/2017","22,503.01","22,583.29","22,605.66","22,445.78","1.39B","0.21%"
"01/05/2017","22,456.69","22,302.64","22,483.01","22,230.31","1.83B","1.46%"
"01/04/2017","22,134.47","22,201.08","22,228.06","22,076.63","1.44B","-0.07%"
"01/03/2017","22,150.40","21,993.36","22,189.31","21,883.82","1.30B","0.68%"
"12/30/2016","22,000.56","21,818.91","22,069.62","21,818.91","2.40B","0.96%"
"12/29/2016","21,790.91","21,591.04","21,810.40","21,587.07","1.88B","0.17%"
"12/28/2016","21,754.74","21,562.70","21,811.96","21,488.82","2.17B","0.83%"
"12/23/2016","21,574.76","21,553.78","21,601.07","21,491.83","1.78B","-0.28%"
"12/22/2016","21,636.20","21,800.22","21,822.18","21,594.58","1.43B","-0.80%"
"12/21/2016","21,809.80","21,770.89","21,910.39","21,755.85","1.21B","0.37%"
"12/20/2016","21,729.06","21,767.61","21,873.56","21,667.19","1.30B","-0.47%"
"12/19/2016","21,832.68","21,945.84","21,955.94","21,786.56","1.33B","-0.85%"
"12/16/2016","22,020.75","21,996.38","22,155.14","21,965.68","1.90B","-0.18%"
"12/15/2016","22,059.40","22,257.71","22,305.07","21,999.30","2.51B","-1.77%"
"12/14/2016","22,456.62","22,596.71","22,627.60","22,456.62","1.82B","0.04%"
"12/13/2016","22,446.70","22,407.62","22,458.42","22,292.65","1.72B","0.06%"
"12/12/2016","22,433.02","22,860.27","22,863.61","22,375.58","2.01B","-1.44%"
"12/09/2016","22,760.98","22,765.84","22,813.85","22,660.22","1.58B","-0.44%"
"12/08/2016","22,861.84","23,027.38","23,076.24","22,817.32","1.71B","0.27%"
"12/07/2016","22,800.92","22,805.13","22,843.01","22,708.88","1.11B","0.55%"
"12/06/2016","22,675.15","22,694.27","22,746.67","22,625.32","1.26B","0.75%"
"12/05/2016","22,505.55","22,580.75","22,628.13","22,375.28","1.63B","-0.26%"
"12/02/2016","22,564.82","22,736.84","22,756.01","22,559.20","2.48B","-1.37%"
"12/01/2016","22,878.23","22,948.65","23,012.28","22,837.53","2.12B","0.39%"
"11/30/2016","22,789.77","22,842.36","22,889.47","22,755.00","2.06B","0.23%"
"11/29/2016","22,737.07","22,739.51","22,868.14","22,724.59","1.70B","-0.41%"
"11/28/2016","22,830.57","22,738.94","22,964.02","22,738.94","1.82B","0.47%"
"11/25/2016","22,723.45","22,609.22","22,764.34","22,589.53","1.39B","0.51%"
"11/24/2016","22,608.49","22,574.82","22,647.38","22,487.54","1.14B","-0.30%"
"11/23/2016","22,676.69","22,702.41","22,804.26","22,640.95","1.76B","-0.01%"
"11/22/2016","22,678.07","22,491.71","22,719.42","22,484.60","1.85B","1.43%"
"11/21/2016","22,357.78","22,313.04","22,480.75","22,227.80","1.37B","0.06%"
"11/18/2016","22,344.21","22,239.23","22,374.36","22,146.88","1.13B","0.37%"
"11/17/2016","22,262.88","22,170.07","22,367.47","22,114.02","1.36B","-0.08%"
"11/16/2016","22,280.53","22,439.98","22,499.39","22,280.53","1.61B","-0.19%"
"11/15/2016","22,323.91","22,270.90","22,411.12","22,254.09","1.46B","0.46%"
"11/14/2016","22,222.22","22,344.23","22,359.01","22,118.87","1.91B","-1.37%"
"11/11/2016","22,531.09","22,622.46","22,673.31","22,442.75","2.11B","-1.35%"
"11/10/2016","22,839.11","22,848.74","22,918.34","22,777.51","1.59B","1.89%"
"11/09/2016","22,415.19","23,048.32","23,048.32","21,957.71","3.55B","-2.16%"
"11/08/2016","22,909.47","22,981.91","22,996.97","22,820.39","1.02B","0.47%"
"11/07/2016","22,801.40","22,682.71","22,867.24","22,623.84","1.38B","0.70%"
"11/04/2016","22,642.62","22,611.54","22,771.61","22,587.59","1.01B","-0.18%"
"11/03/2016","22,683.51","22,708.55","22,855.01","22,683.51","1.13B","-0.56%"
"11/02/2016","22,810.50","22,946.06","22,956.85","22,785.35","1.05B","-1.45%"
"11/01/2016","23,147.07","23,015.06","23,268.05","23,015.06","1.54B","0.93%"
"10/31/2016","22,934.54","22,845.82","23,045.53","22,775.29","1.30B","-0.09%"
"10/28/2016","22,954.81","23,088.83","23,157.73","22,847.73","1.22B","-0.77%"
"10/27/2016","23,132.35","23,347.19","23,352.62","23,002.53","1.55B","-0.83%"
"10/26/2016","23,325.43","23,396.14","23,464.03","23,310.23","1.03B","-1.02%"
"10/25/2016","23,565.11","23,581.69","23,631.34","23,506.64","1.18B","-0.17%"
"10/24/2016","23,604.08","23,431.63","23,620.09","23,235.61","1.80B","0.98%"
"10/20/2016","23,374.40","23,412.68","23,500.82","23,360.55","1.09B","0.30%"
"10/19/2016","23,304.97","23,393.80","23,445.56","23,234.67","1.01B","-0.38%"
"10/18/2016","23,394.39","23,130.20","23,402.89","23,130.20","1.42B","1.55%"
"10/17/2016","23,037.54","23,164.54","23,177.19","22,978.01","1.12B","-0.84%"
"10/14/2016","23,233.31","23,119.96","23,318.36","23,087.14","1.50B","0.88%"
"10/13/2016","23,031.30","23,300.38","23,347.97","23,006.12","1.96B","-1.61%"
"10/12/2016","23,407.05","23,386.92","23,444.67","23,267.63","1.84B","-0.60%"
"10/11/2016","23,549.52","24,013.84","24,064.50","23,441.07","2.16B","-1.27%"
"10/07/2016","23,851.82","23,948.95","23,948.95","23,770.14","1.14B","-0.42%"
"10/06/2016","23,952.50","23,859.41","24,004.09","23,826.45","1.72B","0.69%"
"10/05/2016","23,788.31","23,619.91","23,847.46","23,566.22","1.30B","0.42%"
"10/04/2016","23,689.44","23,665.35","23,689.44","23,518.56","1.01B","0.45%"
"10/03/2016","23,584.43","23,652.83","23,698.30","23,500.71","953.40M","1.23%"
"09/30/2016","23,297.15","23,435.29","23,484.37","23,239.36","1.67B","-1.86%"
"09/29/2016","23,739.47","23,828.60","23,828.60","23,607.99","1.61B","0.51%"
"09/28/2016","23,619.65","23,455.73","23,619.65","23,370.44","1.52B","0.20%"
"09/27/2016","23,571.90","23,356.03","23,646.03","23,295.05","1.82B","1.09%"
"09/26/2016","23,317.92","23,554.83","23,563.50","23,276.13","1.65B","-1.56%"
"09/23/2016","23,686.48","23,836.60","23,846.71","23,628.64","1.87B","-0.31%"
"09/22/2016","23,759.80","23,920.18","24,058.65","23,683.58","2.33B","0.38%"
"09/21/2016","23,669.90","23,522.86","23,729.02","23,436.23","1.63B","0.59%"
"09/20/2016","23,530.86","23,494.01","23,556.06","23,397.13","1.48B","-0.08%"
"09/19/2016","23,550.45","23,486.62","23,625.92","23,394.95","2.05B","0.92%"
"09/15/2016","23,335.59","23,237.20","23,471.48","23,194.37","1.70B","0.63%"
"09/14/2016","23,190.64","23,225.58","23,371.53","23,155.73","1.47B","-0.11%"
"09/13/2016","23,215.76","23,564.13","23,652.41","23,196.49","1.62B","-0.32%"
"09/12/2016","23,290.60","23,596.03","23,625.37","23,290.60","2.53B","-3.36%"
"09/09/2016","24,099.70","23,924.77","24,364.00","23,914.73","2.77B","0.75%"
"09/08/2016","23,919.34","23,704.36","23,928.93","23,663.59","1.69B","0.75%"
"09/07/2016","23,741.81","23,785.23","23,830.75","23,695.68","1.94B","-0.19%"
"09/06/2016","23,787.68","23,683.28","23,787.68","23,548.55","1.83B","0.58%"
"09/05/2016","23,649.55","23,576.31","23,688.41","23,530.36","1.92B","1.65%"
"09/02/2016","23,266.70","23,157.01","23,306.48","23,152.79","2.51B","0.45%"
"09/01/2016","23,162.34","22,897.16","23,193.03","22,843.42","2.11B","0.81%"
"08/31/2016","22,976.88","23,043.08","23,063.15","22,939.87","1.87B","-0.17%"
"08/30/2016","23,016.11","22,945.08","23,073.52","22,898.78","1.59B","0.85%"
"08/29/2016","22,821.34","22,904.20","22,922.68","22,762.73","1.26B","-0.38%"
"08/26/2016","22,909.54","22,827.22","22,997.40","22,827.22","1.60B","0.41%"
"08/25/2016","22,814.95","22,814.37","22,898.12","22,735.03","1.58B","-0.03%"
"08/24/2016","22,820.78","23,010.63","23,036.07","22,702.61","1.77B","-0.77%"
"08/23/2016","22,998.93","22,927.47","22,998.93","22,854.35","1.52B","0.00%"
"08/22/2016","22,997.91","22,941.53","23,005.16","22,792.42","1.72B","0.26%"
"08/19/2016","22,937.22","23,153.74","23,153.74","22,875.56","2.10B","-0.37%"
"08/18/2016","23,023.16","23,046.69","23,193.90","22,976.11","2.33B","0.98%"
"08/17/2016","22,799.78","22,995.51","23,029.48","22,775.87","2.08B","-0.48%"
"08/16/2016","22,910.84","23,008.09","23,084.52","22,841.66","2.01B","-0.09%"
"08/15/2016","22,932.51","22,765.23","22,975.74","22,765.23","2.50B","0.73%"
"08/12/2016","22,766.91","22,788.88","22,816.75","22,704.05","2.32B","0.83%"
"08/11/2016","22,580.55","22,412.31","22,689.94","22,359.92","2.36B","0.39%"
"08/10/2016","22,492.43","22,511.10","22,618.04","22,399.29","1.56B","0.12%"
"08/09/2016","22,465.61","22,464.10","22,496.75","22,402.91","1.31B","-0.13%"
"08/08/2016","22,494.76","22,324.18","22,503.28","22,260.07","1.41B","1.57%"
"08/05/2016","22,146.09","21,961.05","22,193.29","21,961.05","1.16B","1.44%"
"08/04/2016","21,832.23","21,873.36","21,922.42","21,788.31","1.02B","0.43%"
"08/03/2016","21,739.12","21,743.32","21,822.22","21,725.38","1.69B","-1.76%"
"08/01/2016","22,129.14","22,027.65","22,260.95","22,027.65","1.82B","1.09%"
"07/29/2016","21,891.37","22,055.95","22,152.75","21,830.46","1.75B","-1.28%"
"07/28/2016","22,174.34","22,134.12","22,214.72","22,053.51","1.61B","-0.20%"
"07/27/2016","22,218.99","22,193.31","22,277.24","21,997.88","1.96B","0.40%"
"07/26/2016","22,129.73","21,890.89","22,300.51","21,890.89","1.94B","0.62%"
"07/25/2016","21,993.44","22,071.77","22,071.77","21,878.88","1.19B","0.13%"
"07/22/2016","21,964.27","21,913.04","21,972.87","21,832.43","1.12B","-0.16%"
"07/21/2016","22,000.49","21,971.97","22,118.22","21,913.16","1.57B","0.54%"
"07/20/2016","21,882.48","21,646.39","21,895.23","21,632.51","1.42B","0.97%"
"07/19/2016","21,673.20","21,734.34","21,767.88","21,612.60","1.26B","-0.60%"
"07/18/2016","21,803.18","21,656.88","21,822.00","21,616.16","1.37B","0.66%"
"07/15/2016","21,659.25","21,589.08","21,739.21","21,515.35","1.78B","0.46%"
"07/14/2016","21,561.06","21,297.54","21,581.42","21,242.93","1.94B","1.12%"
"07/13/2016","21,322.37","21,356.64","21,441.23","21,279.77","1.83B","0.46%"
"07/12/2016","21,224.74","21,046.94","21,252.64","20,957.26","1.97B","1.65%"
"07/11/2016","20,880.50","20,951.17","20,972.85","20,840.00","2.00B","1.54%"
"07/08/2016","20,564.17","20,622.83","20,645.59","20,468.53","1.19B","-0.69%"
"07/07/2016","20,706.92","20,606.68","20,731.12","20,576.74","1.13B","1.03%"
"07/06/2016","20,495.29","20,475.40","20,560.06","20,304.39","1.63B","-1.23%"
"07/05/2016","20,750.72","20,919.52","20,945.98","20,737.16","1.23B","-1.46%"
"07/04/2016","21,059.20","20,967.47","21,166.02","20,840.64","1.84B","1.27%"
"06/30/2016","20,794.37","20,736.85","20,828.03","20,614.65","2.03B","1.75%"
"06/29/2016","20,436.12","20,217.07","20,456.58","20,217.07","1.57B","1.31%"
"06/28/2016","20,172.46","19,898.75","20,196.20","19,898.75","1.92B","-0.27%"
"06/27/2016","20,227.30","19,982.66","20,329.16","19,969.47","1.79B","-0.16%"
"06/24/2016","20,259.13","20,483.51","21,034.18","19,662.70","3.95B","-2.92%"
"06/23/2016","20,868.34","20,862.59","20,889.05","20,753.94","1.66B","0.35%"
"06/22/2016","20,795.12","20,553.94","20,841.51","20,515.25","1.84B","0.61%"
"06/21/2016","20,668.44","20,522.36","20,681.79","20,516.73","1.61B","0.77%"
"06/20/2016","20,510.20","20,425.06","20,551.02","20,288.49","1.57B","1.69%"
"06/17/2016","20,169.98","20,244.23","20,282.04","20,090.80","2.19B","0.66%"
"06/16/2016","20,038.42","20,284.91","20,297.40","19,964.37","1.90B","-2.10%"
"06/15/2016","20,467.52","20,161.01","20,553.58","20,161.01","1.73B","0.39%"
"06/14/2016","20,387.53","20,476.75","20,537.92","20,358.94","1.50B","-0.61%"
"06/13/2016","20,512.99","20,647.51","20,664.59","20,430.81","2.08B","-2.52%"
"06/10/2016","21,042.64","21,240.08","21,270.62","21,017.98","1.64B","-1.20%"
"06/08/2016","21,297.88","21,294.27","21,352.37","21,179.95","1.51B","-0.14%"
"06/07/2016","21,328.24","21,218.96","21,351.33","21,153.68","1.82B","1.42%"
"06/06/2016","21,030.22","20,971.13","21,039.87","20,840.95","1.43B","0.40%"
"06/03/2016","20,947.24","20,956.08","21,049.20","20,887.79","1.87B","0.42%"
"06/02/2016","20,859.22","20,769.81","20,878.21","20,680.65","1.99B","0.47%"
"06/01/2016","20,760.98","20,726.53","20,898.45","20,713.29","1.42B","-0.26%"
"05/31/2016","20,815.09","20,617.33","20,974.71","20,617.33","3.13B","0.90%"
"05/30/2016","20,629.39","20,523.67","20,765.61","20,465.84","1.79B","0.26%"
"05/27/2016","20,576.77","20,425.00","20,620.15","20,290.84","1.61B","0.88%"
"05/26/2016","20,397.11","20,373.48","20,404.73","20,249.96","1.35B","0.14%"
"05/25/2016","20,368.05","20,156.76","20,379.66","20,156.76","2.04B","2.71%"
"05/24/2016","19,830.43","19,828.02","19,870.16","19,712.67","1.17B","0.11%"
"05/23/2016","19,809.03","19,788.13","19,955.03","19,750.62","1.09B","-0.22%"
"05/20/2016","19,852.20","19,631.71","19,954.33","19,631.71","1.25B","0.80%"
"05/19/2016","19,694.33","19,729.63","19,793.46","19,646.35","1.15B","-0.67%"
"05/18/2016","19,826.41","19,862.42","19,923.83","19,749.29","1.35B","-1.45%"
"05/17/2016","20,118.80","19,987.24","20,145.77","19,847.70","1.57B","1.18%"
"05/16/2016","19,883.95","19,711.77","19,998.76","19,705.91","1.49B","0.84%"
"05/13/2016","19,719.29","19,843.49","19,881.91","19,594.61","1.76B","-0.99%"
"05/12/2016","19,915.46","20,100.50","20,100.50","19,863.62","1.15B","-0.70%"
"05/11/2016","20,055.29","20,347.76","20,347.76","20,008.92","1.34B","-0.93%"
"05/10/2016","20,242.68","19,962.43","20,294.46","19,962.43","1.45B","0.43%"
"05/09/2016","20,156.81","20,279.90","20,303.19","20,125.78","1.32B","0.23%"
"05/06/2016","20,109.87","20,357.45","20,377.94","20,058.77","1.73B","-1.66%"
"05/05/2016","20,449.82","20,363.86","20,534.76","20,342.75","1.35B","-0.37%"
"05/04/2016","20,525.83","20,556.50","20,580.38","20,411.41","1.56B","-0.73%"
"05/03/2016","20,676.94","21,061.77","21,061.77","20,668.37","1.71B","-1.85%"
"04/29/2016","21,067.05","21,215.20","21,235.39","21,023.77","1.60B","-1.50%"
"04/28/2016","21,388.03","21,488.96","21,654.07","21,255.42","1.68B","0.12%"
"04/27/2016","21,361.60","21,372.33","21,442.51","21,277.04","1.25B","-0.21%"
"04/26/2016","21,407.27","21,380.02","21,419.92","21,080.88","1.35B","0.48%"
"04/25/2016","21,304.44","21,408.56","21,430.57","21,254.46","1.20B","-0.76%"
"04/22/2016","21,467.04","21,448.15","21,495.79","21,358.53","1.28B","-0.72%"
"04/21/2016","21,622.25","21,406.40","21,634.74","21,331.59","1.71B","1.82%"
"04/20/2016","21,236.31","21,452.82","21,452.82","21,103.34","1.72B","-0.93%"
"04/19/2016","21,436.21","21,438.13","21,459.04","21,259.17","1.46B","1.30%"
"04/18/2016","21,161.50","21,129.68","21,172.00","21,002.77","1.43B","-0.73%"
"04/15/2016","21,316.47","21,374.65","21,423.06","21,234.12","1.41B","-0.10%"
"04/14/2016","21,337.81","21,456.61","21,511.08","21,266.21","2.05B","0.85%"
"04/13/2016","21,158.71","20,739.34","21,171.29","20,716.91","2.50B","3.19%"
"04/12/2016","20,504.44","20,440.72","20,546.43","20,407.82","997.10M","0.31%"
"04/11/2016","20,440.81","20,255.84","20,550.95","20,240.69","1.23B","0.35%"
"04/08/2016","20,370.40","20,061.60","20,370.44","20,045.47","1.44B","0.51%"
"04/07/2016","20,266.05","20,297.82","20,370.52","20,165.76","1.49B","0.29%"
"04/06/2016","20,206.67","20,100.00","20,249.84","20,100.00","1.34B","0.15%"
"04/05/2016","20,177.00","20,311.86","20,311.86","20,116.87","1.88B","-1.57%"
"04/01/2016","20,498.92","20,786.18","20,786.18","20,455.41","1.63B","-1.34%"
"03/31/2016","20,776.70","20,811.46","20,872.55","20,689.22","1.78B","-0.13%"
"03/30/2016","20,803.39","20,545.44","20,820.73","20,541.07","2.06B","2.15%"
"03/29/2016","20,366.30","20,386.32","20,386.32","20,250.15","1.30B","0.10%"
"03/24/2016","20,345.61","20,450.69","20,499.40","20,268.53","1.46B","-1.31%"
"03/23/2016","20,615.23","20,629.40","20,693.48","20,513.61","1.19B","-0.25%"
"03/22/2016","20,666.75","20,765.07","20,765.07","20,576.80","1.30B","-0.08%"
"03/21/2016","20,684.15","20,738.25","20,772.46","20,618.56","1.52B","0.06%"
"03/18/2016","20,671.63","20,599.19","20,687.97","20,514.97","2.09B","0.82%"
"03/17/2016","20,503.81","20,580.06","20,619.34","20,435.65","1.70B","1.21%"
"03/16/2016","20,257.70","20,339.90","20,383.20","20,168.74","1.21B","-0.15%"
"03/15/2016","20,288.77","20,298.15","20,366.56","20,254.59","1.19B","-0.72%"
"03/14/2016","20,435.34","20,371.59","20,512.03","20,328.88","1.72B","1.17%"
"03/11/2016","20,199.60","19,900.67","20,238.72","19,853.63","1.97B","1.08%"
"03/10/2016","19,984.42","20,055.42","20,184.23","19,923.54","1.38B","-0.06%"
"03/09/2016","19,996.26","19,898.74","20,005.41","19,818.42","1.20B","-0.08%"
"03/08/2016","20,011.58","20,132.10","20,137.73","19,902.75","1.45B","-0.73%"
"03/07/2016","20,159.72","20,306.09","20,331.69","20,095.63","1.93B","-0.08%"
"03/04/2016","20,176.70","20,052.10","20,200.38","19,977.43","1.91B","1.18%"
"03/03/2016","19,941.76","20,082.01","20,082.01","19,791.60","1.76B","-0.31%"
"03/02/2016","20,003.49","19,788.17","20,058.12","19,783.92","2.46B","3.07%"
"03/01/2016","19,407.46","19,259.99","19,420.00","19,108.30","1.47B","1.55%"
"02/29/2016","19,111.93","19,366.17","19,377.72","19,053.78","1.27B","-1.30%"
"02/26/2016","19,364.15","19,179.95","19,436.71","19,122.56","1.63B","2.52%"
"02/25/2016","18,888.75","19,215.49","19,215.49","18,867.70","1.40B","-1.58%"
"02/24/2016","19,192.45","19,282.34","19,360.80","19,060.16","1.30B","-1.15%"
"02/23/2016","19,414.78","19,506.94","19,519.85","19,328.26","1.23B","-0.25%"
"02/22/2016","19,464.09","19,374.24","19,524.97","19,374.24","1.21B","0.93%"
"02/19/2016","19,285.50","19,238.43","19,342.03","19,210.65","1.27B","-0.40%"
"02/18/2016","19,363.08","19,409.21","19,436.39","19,266.22","1.84B","2.32%"
"02/17/2016","18,924.57","19,198.18","19,308.54","18,909.06","1.69B","-1.03%"
"02/16/2016","19,122.08","19,013.74","19,260.67","18,974.60","1.87B","1.08%"
"02/15/2016","18,918.14","18,668.87","18,937.06","18,668.87","1.73B","3.27%"
"02/12/2016","18,319.58","18,278.80","18,482.33","18,278.80","2.02B","-1.22%"
"02/11/2016","18,545.80","18,486.93","18,627.51","18,446.56","1.87B","-3.85%"
"02/05/2016","19,288.17","19,287.36","19,397.88","19,230.00","1.26B","0.55%"
"02/04/2016","19,183.09","19,190.36","19,338.37","19,166.18","1.56B","1.01%"
"02/03/2016","18,991.59","18,910.88","19,032.71","18,764.82","2.13B","-2.34%"
"02/02/2016","19,446.84","19,474.87","19,628.57","19,403.49","1.78B","-0.76%"
"02/01/2016","19,595.50","19,770.96","19,770.96","19,444.26","1.60B","-0.45%"
"01/29/2016","19,683.11","19,138.42","19,709.99","19,130.59","2.35B","2.54%"
"01/28/2016","19,195.83","19,093.77","19,223.59","18,982.22","1.94B","0.75%"
"01/27/2016","19,052.45","19,211.86","19,216.99","18,931.34","1.93B","1.02%"
"01/26/2016","18,860.80","19,068.84","19,098.07","18,811.83","1.87B","-2.48%"
"01/25/2016","19,340.14","19,341.41","19,490.27","19,291.91","1.78B","1.36%"
"01/22/2016","19,080.51","19,000.79","19,152.80","18,769.61","2.39B","2.90%"
"01/21/2016","18,542.15","19,079.13","19,238.27","18,534.30","2.61B","-1.82%"
"01/20/2016","18,886.30","19,332.22","19,332.22","18,833.88","2.46B","-3.82%"
"01/19/2016","19,635.81","19,283.57","19,647.75","19,204.22","1.83B","2.07%"
"01/18/2016","19,237.45","19,287.38","19,439.49","19,195.56","2.04B","-1.45%"
"01/15/2016","19,520.77","19,781.46","19,828.93","19,500.38","1.93B","-1.50%"
"01/14/2016","19,817.41","19,578.92","19,893.88","19,509.08","1.78B","-0.59%"
"01/13/2016","19,934.88","20,028.86","20,234.78","19,850.73","1.79B","1.13%"
"01/12/2016","19,711.76","20,030.03","20,130.80","19,694.99","1.83B","-0.89%"
"01/11/2016","19,888.50","19,997.42","20,068.78","19,865.18","2.13B","-2.76%"
"01/08/2016","20,453.71","20,491.88","20,596.42","20,324.62","2.08B","0.59%"
"01/07/2016","20,333.34","20,772.60","20,826.44","20,323.97","2.98B","-3.09%"
"01/06/2016","20,980.81","21,142.63","21,199.62","20,947.30","1.65B","-0.98%"
"01/05/2016","21,188.72","21,318.69","21,452.74","21,095.90","1.48B","-0.65%"
"01/04/2016","21,327.12","21,782.62","21,794.84","21,227.61","1.71B","-2.68%"
"12/31/2015","21,914.40","21,892.25","21,970.33","21,864.12","510.20M","0.15%"
"12/30/2015","21,882.15","22,094.59","22,114.56","21,868.03","1.06B","-0.53%"
"12/29/2015","21,999.62","21,923.27","22,024.28","21,881.71","766.80M","0.36%"
"12/28/2015","21,919.62","22,151.73","22,151.73","21,880.51","874.10M","-0.99%"
"12/24/2015","22,138.13","22,207.82","22,217.45","22,128.72","712.80M","0.44%"
"12/23/2015","22,040.59","21,869.40","22,103.63","21,846.48","1.05B","0.96%"
"12/22/2015","21,830.02","21,846.90","21,870.31","21,750.74","916.70M","0.18%"
"12/21/2015","21,791.68","21,641.17","21,871.22","21,641.17","1.30B","0.17%"
"12/18/2015","21,755.56","21,656.56","21,956.49","21,625.82","1.77B","-0.53%"
"12/17/2015","21,872.06","21,841.09","22,005.19","21,763.76","1.60B","0.79%"
"12/16/2015","21,701.21","21,557.73","21,772.79","21,557.73","1.65B","2.01%"
"12/15/2015","21,274.37","21,215.54","21,442.21","21,215.54","1.58B","-0.17%"
"12/14/2015","21,309.85","21,063.28","21,378.19","21,010.26","1.72B","-0.72%"
"12/11/2015","21,464.05","21,719.17","21,731.39","21,440.70","1.40B","-1.11%"
"12/10/2015","21,704.61","21,714.23","21,880.19","21,668.12","1.59B","-0.45%"
"12/09/2015","21,803.76","21,773.77","21,872.33","21,755.69","1.37B","-0.46%"
"12/08/2015","21,905.13","22,058.55","22,058.55","21,765.62","1.81B","-1.34%"
"12/07/2015","22,203.22","22,336.32","22,352.25","22,200.55","1.29B","-0.15%"
"12/04/2015","22,235.89","22,142.11","22,242.49","22,108.46","1.61B","-0.81%"
"12/03/2015","22,417.01","22,327.04","22,485.25","22,327.04","1.27B","-0.28%"
"12/02/2015","22,479.69","22,471.35","22,563.47","22,368.66","1.67B","0.44%"
"12/01/2015","22,381.35","22,197.81","22,477.51","22,143.57","1.98B","1.75%"
"11/30/2015","21,996.42","21,974.81","22,195.25","21,907.35","2.93B","-0.33%"
"11/27/2015","22,068.32","22,555.42","22,555.42","22,051.01","2.11B","-1.87%"
"11/26/2015","22,488.94","22,749.60","22,787.50","22,453.69","1.13B","-0.04%"
"11/25/2015","22,498.00","22,533.53","22,617.21","22,436.01","1.51B","-0.40%"
"11/24/2015","22,587.63","22,593.09","22,629.75","22,433.51","1.19B","-0.35%"
"11/23/2015","22,665.90","22,760.05","22,802.71","22,619.68","1.08B","-0.39%"
"11/20/2015","22,754.72","22,510.45","22,790.07","22,412.03","1.23B","1.13%"
"11/19/2015","22,500.22","22,423.88","22,559.06","22,416.00","1.38B","1.41%"
"11/18/2015","22,188.26","22,331.77","22,349.73","22,163.28","1.21B","-0.34%"
"11/17/2015","22,264.25","22,315.18","22,497.33","22,243.96","1.63B","1.15%"
"11/16/2015","22,010.82","21,958.28","22,127.38","21,958.28","1.82B","-1.72%"
"11/13/2015","22,396.14","22,494.09","22,519.33","22,318.62","2.00B","-2.15%"
"11/12/2015","22,888.92","22,477.60","22,980.97","22,454.96","1.84B","2.40%"
"11/11/2015","22,352.17","22,394.15","22,479.46","22,324.41","1.42B","-0.22%"
"11/10/2015","22,401.70","22,505.70","22,534.92","22,339.69","1.80B","-1.43%"
"11/09/2015","22,726.77","22,753.51","22,970.83","22,689.26","1.54B","-0.61%"
"11/06/2015","22,867.33","22,914.20","22,922.79","22,791.91","1.40B","-0.80%"
"11/05/2015","23,051.04","23,045.10","23,180.27","22,960.62","1.50B","-0.01%"
"11/04/2015","23,053.57","22,737.44","23,342.07","22,737.44","2.60B","2.15%"
"11/03/2015","22,568.43","22,603.15","22,697.00","22,560.17","1.47B","0.89%"
"11/02/2015","22,370.04","22,502.28","22,605.80","22,332.71","1.69B","-1.19%"
"10/30/2015","22,640.04","22,785.86","22,847.16","22,612.56","1.54B","-0.79%"
"10/29/2015","22,819.94","23,054.53","23,054.53","22,811.32","1.76B","-0.60%"
"10/28/2015","22,956.57","23,070.70","23,120.25","22,923.66","1.38B","-0.80%"
"10/27/2015","23,142.73","23,053.12","23,143.88","22,885.22","1.53B","0.11%"
"10/26/2015","23,116.25","23,423.64","23,423.64","23,066.94","1.47B","-0.15%"
"10/23/2015","23,151.94","23,220.38","23,220.38","23,088.03","1.50B","1.34%"
"10/22/2015","22,845.37","22,795.58","22,869.59","22,727.59","1.37B","-0.63%"
"10/20/2015","22,989.22","22,991.60","23,057.93","22,843.04","1.22B","-0.37%"
"10/19/2015","23,075.61","23,085.61","23,100.66","22,913.60","1.26B","0.04%"
"10/16/2015","23,067.37","23,133.59","23,178.14","22,953.56","1.92B","0.78%"
"10/15/2015","22,888.17","22,667.42","22,940.25","22,567.65","1.92B","2.00%"
"10/14/2015","22,439.91","22,398.82","22,576.50","22,356.56","1.35B","-0.71%"
"10/13/2015","22,600.46","22,677.60","22,798.90","22,515.73","1.71B","-0.57%"
"10/12/2015","22,730.93","22,614.33","22,779.50","22,562.26","1.87B","1.21%"
"10/09/2015","22,458.80","22,615.94","22,807.86","22,440.88","2.40B","0.46%"
"10/08/2015","22,354.91","22,588.69","22,588.69","22,201.11","1.93B","-0.71%"
"10/07/2015","22,515.76","21,884.73","22,527.79","21,817.42","2.93B","3.13%"
"10/06/2015","21,831.62","22,169.10","22,169.10","21,719.29","1.62B","-0.10%"
"10/05/2015","21,854.50","21,930.97","21,980.84","21,739.90","1.47B","1.62%"
"10/02/2015","21,506.09","21,172.94","21,530.80","21,130.11","2.16B","3.17%"
"09/30/2015","20,846.30","20,795.93","20,939.39","20,683.11","2.13B","1.41%"
"09/29/2015","20,556.60","20,579.22","20,579.22","20,368.12","2.54B","-2.97%"
"09/25/2015","21,186.32","21,070.39","21,318.33","20,957.99","1.73B","0.43%"
"09/24/2015","21,095.98","21,304.90","21,363.21","21,053.50","1.60B","-0.97%"
"09/23/2015","21,302.91","21,529.47","21,577.45","21,008.61","2.30B","-2.26%"
"09/22/2015","21,796.58","21,794.34","22,111.67","21,768.98","1.44B","0.18%"
"09/21/2015","21,756.93","21,614.43","21,778.06","21,590.70","1.37B","-0.75%"
"09/18/2015","21,920.83","21,807.25","22,052.11","21,807.25","2.05B","0.30%"
"09/17/2015","21,854.63","22,172.68","22,203.36","21,718.71","2.12B","-0.51%"
"09/16/2015","21,966.66","21,731.34","22,103.06","21,608.50","2.08B","2.38%"
"09/15/2015","21,455.23","21,527.53","21,634.48","21,411.17","1.35B","-0.49%"
"09/14/2015","21,561.90","21,678.88","21,762.15","21,441.71","1.47B","0.27%"
"09/11/2015","21,504.37","21,710.13","21,909.82","21,472.16","2.37B","-0.27%"
"09/10/2015","21,562.50","21,667.86","21,771.57","21,492.09","2.09B","-2.57%"
"09/09/2015","22,131.31","21,632.69","22,228.59","21,529.81","2.95B","4.10%"
"09/08/2015","21,259.04","20,636.83","21,431.99","20,524.88","2.27B","3.28%"
"09/07/2015","20,583.52","20,683.31","21,056.39","20,579.93","1.66B","-1.23%"
"09/04/2015","20,840.61","21,158.93","21,174.86","20,715.02","2.12B","-0.45%"
"09/02/2015","20,934.94","21,101.42","21,288.53","20,771.77","2.51B","-1.18%"
"09/01/2015","21,185.43","21,692.78","21,692.78","21,170.86","2.16B","-2.24%"
"08/31/2015","21,670.58","21,793.02","21,793.02","21,399.62","2.69B","0.27%"
"08/28/2015","21,612.39","22,424.40","22,424.40","21,585.33","3.01B","-1.04%"
"08/27/2015","21,838.54","21,758.62","21,963.43","21,407.59","3.19B","3.60%"
"08/26/2015","21,080.39","21,434.25","21,686.45","21,060.09","2.96B","-1.52%"
"08/25/2015","21,404.96","21,119.53","21,871.40","20,865.26","3.59B","0.72%"
"08/24/2015","21,251.57","21,605.97","21,679.45","21,136.48","3.58B","-5.17%"
"08/21/2015","22,409.62","22,343.25","22,492.79","22,185.85","2.49B","-1.53%"
"08/20/2015","22,757.47","22,973.87","23,033.97","22,610.53","2.34B","-1.77%"
"08/19/2015","23,167.85","23,555.02","23,586.79","23,138.73","1.91B","-1.31%"
"08/18/2015","23,474.97","23,956.86","24,024.37","23,464.35","1.45B","-1.43%"
"08/17/2015","23,814.65","23,945.60","23,950.57","23,699.84","1.20B","-0.74%"
"08/14/2015","23,991.03","24,055.02","24,126.30","23,957.36","1.20B","-0.12%"
"08/13/2015","24,018.80","23,935.48","24,133.87","23,860.82","1.72B","0.43%"
"08/12/2015","23,916.02","24,269.11","24,324.19","23,826.96","1.85B","-2.38%"
"08/11/2015","24,498.21","24,694.78","24,924.07","24,420.71","1.61B","-0.09%"
"08/10/2015","24,521.12","24,433.66","24,602.67","24,135.64","1.21B","-0.13%"
"08/07/2015","24,552.47","24,327.56","24,641.93","24,327.56","1.11B","0.73%"
"08/06/2015","24,375.28","24,527.74","24,527.74","24,320.75","977.50M","-0.57%"
"08/05/2015","24,514.16","24,466.30","24,582.19","24,420.95","1.11B","0.44%"
"08/04/2015","24,406.12","24,364.41","24,519.35","24,217.78","1.23B","-0.02%"
"08/03/2015","24,411.42","24,533.14","24,533.14","24,232.60","1.47B","-0.91%"
"07/31/2015","24,636.28","24,650.93","24,661.19","24,467.83","1.36B","0.56%"
"07/30/2015","24,497.98","24,822.42","24,872.70","24,478.07","1.49B","-0.49%"
"07/29/2015","24,619.45","24,630.44","24,718.64","24,444.47","1.35B","0.47%"
"07/28/2015","24,503.94","24,269.90","24,947.35","24,140.62","2.13B","0.62%"
"07/27/2015","24,351.96","24,906.78","24,908.58","24,282.21","2.32B","-3.09%"
"07/24/2015","25,128.51","25,279.95","25,279.95","25,073.20","1.13B","-1.06%"
"07/23/2015","25,398.85","25,308.55","25,500.99","25,250.36","1.13B","0.46%"
"07/22/2015","25,282.62","25,401.79","25,401.79","25,177.60","1.30B","-0.99%"
"07/21/2015","25,536.43","25,428.88","25,634.32","25,342.69","1.13B","0.52%"
"07/20/2015","25,404.81","25,540.31","25,540.31","25,298.96","1.09B","-0.04%"
"07/17/2015","25,415.27","25,246.64","25,517.45","25,183.86","1.28B","1.00%"
"07/16/2015","25,162.78","24,976.08","25,170.35","24,841.14","1.39B","0.43%"
"07/15/2015","25,055.76","25,219.45","25,219.45","24,862.65","1.60B","-0.26%"
"07/14/2015","25,120.91","25,184.06","25,250.95","24,906.47","2.13B","-0.41%"
"07/13/2015","25,224.01","24,709.58","25,275.76","24,596.44","2.12B","1.30%"
"07/10/2015","24,901.28","24,567.92","25,015.17","24,567.92","3.23B","2.08%"
"07/09/2015","24,392.79","23,435.50","24,695.75","23,332.90","4.27B","3.73%"
"07/08/2015","23,516.56","24,411.30","24,411.30","22,836.82","5.44B","-5.84%"
"07/07/2015","24,975.31","25,391.76","25,439.34","24,819.26","3.02B","-1.03%"
"07/06/2015","25,236.28","26,083.99","26,261.53","24,750.31","3.51B","-3.18%"
"07/03/2015","26,064.11","26,349.84","26,402.85","25,933.12","1.89B","-0.83%"
"07/02/2015","26,282.32","26,459.43","26,459.43","26,135.62","2.19B","0.12%"
"06/30/2015","26,250.03","25,944.03","26,470.44","25,885.66","2.48B","1.09%"
"06/29/2015","25,966.98","26,560.13","26,631.51","25,617.78","3.02B","-2.61%"
"06/26/2015","26,663.87","27,016.09","27,016.09","26,522.45","2.47B","-1.78%"
"06/25/2015","27,145.75","27,329.17","27,350.49","27,120.72","1.91B","-0.95%"
"06/24/2015","27,404.97","27,397.37","27,470.50","27,292.85","1.66B","0.26%"
"06/23/2015","27,333.46","27,126.47","27,406.41","27,008.51","2.14B","0.93%"
"06/22/2015","27,080.85","26,854.32","27,166.52","26,811.66","1.43B","1.20%"
"06/19/2015","26,760.53","26,885.73","27,011.95","26,701.72","2.50B","0.25%"
"06/18/2015","26,694.66","26,786.53","26,873.67","26,595.96","1.47B","-0.22%"
"06/17/2015","26,753.79","26,671.20","26,880.79","26,555.96","1.82B","0.70%"
"06/16/2015","26,566.70","26,807.67","26,892.88","26,553.04","1.76B","-1.10%"
"06/15/2015","26,861.81","27,095.18","27,131.36","26,841.52","1.32B","-1.53%"
"06/12/2015","27,280.54","27,082.60","27,356.51","26,987.52","1.73B","1.39%"
"06/11/2015","26,907.85","26,938.15","26,991.51","26,839.43","1.67B","0.83%"
"06/10/2015","26,687.64","27,052.79","27,116.92","26,573.96","1.98B","-1.12%"
"06/09/2015","26,989.52","27,295.88","27,322.14","26,971.57","2.38B","-1.20%"
"06/08/2015","27,316.28","27,147.24","27,428.59","27,060.24","2.39B","0.21%"
"06/05/2015","27,260.16","27,538.06","27,646.72","27,211.36","2.23B","-1.06%"
"06/04/2015","27,551.89","27,645.36","27,854.74","27,094.50","3.07B","-0.38%"
"06/03/2015","27,657.47","27,716.34","27,767.23","27,508.84","1.74B","0.69%"
"06/02/2015","27,466.72","27,473.45","27,602.88","27,348.13","1.50B","-0.47%"
"06/01/2015","27,597.16","27,373.06","27,766.32","27,241.95","1.97B","0.63%"
"05/29/2015","27,424.19","27,398.28","27,604.27","27,255.89","3.05B","-0.11%"
"05/28/2015","27,454.31","28,162.25","28,162.25","27,242.11","3.07B","-2.23%"
"05/27/2015","28,081.21","28,214.66","28,214.66","27,982.14","1.86B","-0.60%"
"05/26/2015","28,249.86","28,462.32","28,524.60","28,237.49","2.67B","0.92%"
"05/22/2015","27,992.83","27,723.67","28,041.32","27,696.97","1.90B","1.70%"
"05/21/2015","27,523.72","27,507.32","27,611.72","27,393.31","1.22B","-0.22%"
"05/20/2015","27,585.05","27,751.44","27,751.44","27,490.33","1.47B","-0.39%"
"05/19/2015","27,693.54","27,597.07","27,765.55","27,500.76","1.56B","0.37%"
"05/18/2015","27,591.25","27,792.44","27,792.44","27,435.57","1.38B","-0.83%"
"05/15/2015","27,822.28","27,459.58","27,928.60","27,315.10","1.75B","1.96%"
"05/14/2015","27,286.55","27,395.92","27,397.67","27,192.93","1.52B","0.14%"
"05/13/2015","27,249.28","27,473.50","27,524.82","27,191.03","2.09B","-0.58%"
"05/12/2015","27,407.18","27,664.18","27,693.63","27,395.91","1.53B","-1.12%"
"05/11/2015","27,718.20","27,837.04","27,837.28","27,582.23","1.54B","0.51%"
"05/08/2015","27,577.34","27,557.52","27,652.62","27,367.11","1.82B","1.05%"
"05/07/2015","27,289.97","27,567.62","27,604.49","27,207.28","1.89B","-1.27%"
"05/06/2015","27,640.91","27,698.10","28,054.68","27,570.41","2.27B","-0.41%"
"05/05/2015","27,755.54","28,295.72","28,316.63","27,598.17","2.29B","-1.31%"
"05/04/2015","28,123.82","28,231.26","28,343.74","28,017.20","2.00B","-0.03%"
"04/30/2015","28,133.00","28,289.14","28,317.87","27,997.90","2.56B","-0.94%"
"04/29/2015","28,400.34","28,453.10","28,453.10","28,201.76","2.09B","-0.15%"
"04/28/2015","28,442.75","28,448.22","28,548.45","28,251.99","3.05B","0.03%"
"04/27/2015","28,433.59","28,245.14","28,588.52","28,245.14","2.79B","1.33%"
"04/24/2015","28,060.98","27,978.39","28,089.37","27,591.57","2.41B","0.84%"
"04/23/2015","27,827.70","28,112.38","28,213.63","27,804.03","2.44B","-0.38%"
"04/22/2015","27,933.85","27,821.32","28,048.46","27,727.86","2.37B","0.30%"
"04/21/2015","27,850.49","27,404.15","27,925.36","27,404.15","2.74B","2.79%"
"04/20/2015","27,094.93","27,770.79","27,770.79","26,959.77","3.38B","-2.02%"
"04/17/2015","27,653.12","27,808.24","27,969.41","27,597.68","3.11B","-0.31%"
"04/16/2015","27,739.71","27,557.29","27,787.98","27,470.10","3.27B","0.44%"
"04/15/2015","27,618.82","27,693.25","27,807.98","27,442.52","3.93B","0.21%"
"04/14/2015","27,561.49","27,688.26","27,915.01","27,483.45","3.77B","-1.62%"
"04/13/2015","28,016.34","27,374.33","28,031.96","27,304.12","4.73B","2.73%"
"04/10/2015","27,272.39","27,373.68","27,373.68","26,812.75","3.34B","1.22%"
"04/09/2015","26,944.39","26,913.28","27,922.67","26,732.23","5.02B","2.70%"
"04/08/2015","26,236.86","25,708.24","26,247.63","25,640.04","4.10B","3.80%"
"04/02/2015","25,275.64","25,214.33","25,297.80","25,152.57","2.11B","0.77%"
"04/01/2015","25,082.75","24,955.20","25,099.06","24,926.11","1.71B","0.73%"
"03/31/2015","24,900.89","25,113.20","25,113.20","24,876.37","2.56B","0.18%"
"03/30/2015","24,855.12","24,727.46","24,949.35","24,725.52","2.57B","1.51%"
"03/27/2015","24,486.20","24,541.44","24,549.88","24,420.47","1.61B","-0.04%"
"03/26/2015","24,497.08","24,442.51","24,592.01","24,399.84","1.35B","-0.13%"
"03/25/2015","24,528.23","24,410.53","24,613.69","24,377.92","1.42B","0.53%"
"03/24/2015","24,399.60","24,484.68","24,490.15","24,294.95","1.56B","-0.39%"
"03/23/2015","24,494.51","24,538.34","24,559.77","24,436.42","1.46B","0.49%"
"03/20/2015","24,375.24","24,417.53","24,524.55","24,351.50","2.01B","-0.38%"
"03/19/2015","24,468.89","24,325.56","24,500.23","24,248.84","1.83B","1.45%"
"03/18/2015","24,120.08","23,938.63","24,210.75","23,938.63","1.67B","0.91%"
"03/17/2015","23,901.49","24,106.47","24,106.47","23,822.78","1.19B","-0.20%"
"03/16/2015","23,949.55","23,771.40","23,970.05","23,711.27","1.19B","0.53%"
"03/13/2015","23,823.21","23,808.97","23,918.71","23,790.83","1.54B","0.11%"
"03/12/2015","23,797.96","23,709.17","23,880.25","23,677.06","1.62B","0.34%"
"03/11/2015","23,717.97","23,807.10","23,899.86","23,703.84","1.68B","-0.75%"
"03/10/2015","23,896.98","24,150.68","24,152.40","23,869.82","1.52B","-0.94%"
"03/09/2015","24,123.05","23,982.50","24,205.86","23,910.16","1.62B","-0.17%"
"03/06/2015","24,164.00","24,235.76","24,294.36","24,126.09","1.62B","-0.12%"
"03/05/2015","24,193.04","24,274.90","24,393.85","24,133.71","1.92B","-1.11%"
"03/04/2015","24,465.38","24,656.94","24,705.96","24,439.29","1.62B","-0.96%"
"03/03/2015","24,702.78","24,984.62","24,984.62","24,663.43","1.50B","-0.74%"
"03/02/2015","24,887.44","24,996.76","24,997.83","24,715.38","1.54B","0.26%"
"02/27/2015","24,823.29","24,902.61","25,101.96","24,815.03","1.50B","-0.32%"
"02/26/2015","24,902.06","24,718.28","24,998.64","24,709.56","1.80B","0.50%"
"02/25/2015","24,778.28","24,822.28","24,869.37","24,691.78","1.39B","0.11%"
"02/24/2015","24,750.07","24,776.72","24,808.30","24,673.93","1.08B","-0.35%"
"02/23/2015","24,836.76","24,916.24","24,916.24","24,664.68","1.02B","0.02%"
"02/18/2015","24,832.08","24,836.05","24,871.79","24,806.06","975.90M","0.19%"
"02/17/2015","24,784.88","24,653.88","24,855.75","24,653.88","822.90M","0.24%"
"02/16/2015","24,726.53","24,717.49","24,771.60","24,687.15","926.60M","0.18%"
"02/13/2015","24,682.54","24,535.66","24,702.54","24,521.13","1.34B","1.07%"
"02/12/2015","24,422.15","24,377.59","24,514.49","24,226.29","1.47B","0.44%"
"02/11/2015","24,315.02","24,512.62","24,551.74","24,266.68","1.26B","-0.87%"
"02/10/2015","24,528.10","24,475.04","24,583.79","24,422.85","1.03B","0.03%"
"02/09/2015","24,521.00","24,529.55","24,657.87","24,449.48","1.29B","-0.64%"
"02/06/2015","24,679.39","24,843.20","24,843.20","24,645.76","1.44B","-0.35%"
"02/05/2015","24,765.49","25,048.26","25,048.26","24,642.81","2.34B","0.35%"
"02/04/2015","24,679.76","24,750.76","24,824.58","24,642.50","1.84B","0.51%"
"02/03/2015","24,554.78","24,542.49","24,602.60","24,327.51","1.55B","0.29%"
"02/02/2015","24,484.74","24,347.27","24,506.81","24,324.37","1.58B","-0.09%"
"01/30/2015","24,507.05","24,771.37","24,771.37","24,450.05","1.44B","-0.36%"
"01/29/2015","24,595.85","24,645.20","24,739.22","24,524.18","1.86B","-1.07%"
"01/28/2015","24,861.81","24,799.98","24,983.89","24,716.68","1.36B","0.22%"
"01/27/2015","24,807.28","24,995.08","24,995.08","24,672.76","1.71B","-0.41%"
"01/26/2015","24,909.90","24,907.19","24,916.49","24,761.55","1.32B","0.24%"
"01/23/2015","24,850.45","24,807.36","24,896.22","24,726.77","2.38B","1.34%"
"01/22/2015","24,522.63","24,480.02","24,589.62","24,438.98","1.68B","0.70%"
"01/21/2015","24,352.58","24,036.41","24,373.28","24,016.63","1.84B","1.68%"
"01/20/2015","23,951.16","23,798.46","23,997.31","23,747.92","1.63B","0.90%"
"01/19/2015","23,738.49","23,971.23","24,049.55","23,590.05","2.95B","-1.51%"
"01/16/2015","24,103.52","24,196.85","24,253.09","24,086.21","1.72B","-1.02%"
"01/15/2015","24,350.91","24,169.35","24,369.00","24,070.39","1.75B","0.99%"
"01/14/2015","24,112.60","24,276.33","24,326.70","24,056.22","1.46B","-0.43%"
"01/13/2015","24,215.97","23,908.23","24,254.11","23,908.23","1.39B","0.79%"
"01/12/2015","24,026.46","24,118.59","24,118.59","23,905.01","1.41B","0.45%"
"01/09/2015","23,919.95","24,049.70","24,169.06","23,859.49","2.33B","0.35%"
"01/08/2015","23,835.53","23,920.35","23,941.64","23,719.05","2.01B","0.65%"
"01/07/2015","23,681.26","23,396.70","23,715.71","23,332.03","2.18B","0.83%"
"01/06/2015","23,485.41","23,515.13","23,611.00","23,312.50","2.62B","-0.99%"
"01/05/2015","23,721.32","23,699.19","23,998.87","23,655.52","2.59B","0.00%"
"01/02/2015","23,721.30","23,699.20","23,998.90","23,655.50","1.80B","0.49%"
"12/31/2014","23,605.04","23,480.81","23,632.35","23,464.25","1.05B","0.44%"
"12/30/2014","23,501.10","23,853.13","23,853.13","23,442.55","1.77B","-1.14%"
"12/29/2014","23,773.18","23,694.53","23,867.46","23,694.53","2.13B","1.82%"
"12/24/2014","23,349.34","23,290.42","23,421.10","23,290.42","740.70M","0.07%"
"12/23/2014","23,333.69","23,423.33","23,495.62","23,269.43","1.76B","-0.32%"
"12/22/2014","23,408.57","23,264.05","23,478.90","23,264.05","3.00B","1.26%"
"12/19/2014","23,116.63","23,158.27","23,189.60","23,041.37","2.31B","1.25%"
"12/18/2014","22,832.21","22,878.34","22,935.05","22,736.89","2.31B","1.09%"
"12/17/2014","22,585.84","22,697.68","22,726.56","22,529.75","2.56B","-0.37%"
"12/16/2014","22,670.50","22,877.30","22,944.28","22,641.06","2.16B","-1.55%"
"12/15/2014","23,027.85","22,977.84","23,067.67","22,856.02","1.66B","-0.95%"
"12/12/2014","23,249.20","23,328.99","23,445.96","23,230.03","1.64B","-0.27%"
"12/11/2014","23,312.54","23,269.51","23,382.83","23,169.67","2.43B","-0.90%"
"12/10/2014","23,524.52","23,442.69","23,656.51","23,345.89","2.31B","0.16%"
"12/09/2014","23,485.83","23,910.41","23,934.02","23,399.87","3.87B","-2.34%"
"12/08/2014","24,047.67","24,113.14","24,189.59","24,012.15","3.83B","0.19%"
"12/05/2014","24,002.64","23,907.78","24,170.05","23,772.84","5.03B","0.71%"
"12/04/2014","23,832.56","23,554.81","23,844.24","23,456.71","3.56B","1.72%"
"12/03/2014","23,428.62","23,756.05","23,921.76","23,378.81","3.22B","-0.95%"
"12/02/2014","23,654.30","23,400.11","23,784.95","23,293.81","2.84B","1.23%"
"12/01/2014","23,367.45","23,678.00","23,731.76","23,318.48","3.14B","-2.58%"
"11/28/2014","23,987.45","23,982.29","24,117.16","23,887.63","3.15B","-0.07%"
"11/27/2014","24,004.28","24,169.85","24,228.11","23,962.44","1.81B","-0.45%"
"11/26/2014","24,111.98","23,833.19","24,176.64","23,799.42","2.23B","1.12%"
"11/25/2014","23,843.91","23,841.16","23,935.07","23,809.51","2.08B","-0.21%"
"11/24/2014","23,893.14","23,883.32","23,936.34","23,823.56","2.86B","1.95%"
"11/21/2014","23,437.12","23,353.72","23,508.02","23,301.48","1.52B","0.37%"
"11/20/2014","23,349.64","23,401.00","23,461.02","23,252.63","1.35B","-0.10%"
"11/19/2014","23,373.31","23,466.07","23,572.21","23,341.16","1.41B","-0.66%"
"11/18/2014","23,529.17","23,868.90","23,881.01","23,483.19","1.54B","-1.13%"
"11/17/2014","23,797.08","24,313.06","24,313.06","23,787.28","1.73B","-1.21%"
"11/14/2014","24,087.38","24,048.36","24,102.70","23,966.80","1.49B","0.28%"
"11/13/2014","24,019.94","23,854.33","24,097.92","23,850.39","2.06B","0.34%"
"11/12/2014","23,938.18","23,883.31","23,999.97","23,801.73","1.79B","0.55%"
"11/11/2014","23,808.28","23,809.41","23,931.45","23,760.53","3.42B","0.27%"
"11/10/2014","23,744.70","24,074.85","24,110.24","23,703.72","1.97B","0.83%"
"11/07/2014","23,550.24","23,607.65","23,831.25","23,430.20","1.61B","-0.42%"
"11/06/2014","23,649.31","23,737.76","23,775.73","23,623.41","1.06B","-0.20%"
"11/05/2014","23,695.62","23,846.84","23,846.84","23,623.14","1.36B","-0.63%"
"11/04/2014","23,845.66","23,849.72","24,016.42","23,815.85","1.32B","-0.29%"
"11/03/2014","23,915.97","24,133.45","24,133.45","23,875.09","1.33B","-0.34%"
"10/31/2014","23,998.06","23,913.69","24,046.40","23,850.70","2.06B","1.25%"
"10/30/2014","23,702.04","23,841.74","23,841.74","23,615.10","1.61B","-0.49%"
"10/29/2014","23,819.87","23,703.95","23,855.67","23,699.56","2.02B","1.27%"
"10/28/2014","23,520.36","23,189.83","23,570.92","23,189.83","1.89B","1.63%"
"10/27/2014","23,143.23","23,275.40","23,275.40","23,012.80","1.23B","-0.68%"
"10/24/2014","23,302.20","23,311.88","23,352.59","23,157.48","1.20B","-0.13%"
"10/23/2014","23,333.18","23,296.00","23,397.17","23,221.69","1.04B","-0.30%"
"10/22/2014","23,403.97","23,300.45","23,460.77","23,193.48","1.73B","1.37%"
"10/21/2014","23,088.58","23,073.36","23,231.52","22,964.92","1.03B","0.08%"
"10/20/2014","23,070.26","23,239.78","23,290.42","23,052.31","1.18B","0.20%"
"10/17/2014","23,023.21","22,904.11","23,148.96","22,888.76","1.85B","0.53%"
"10/16/2014","22,900.94","22,913.50","23,040.31","22,868.02","1.53B","-1.03%"
"10/15/2014","23,140.05","23,087.50","23,238.04","22,992.93","1.44B","0.40%"
"10/14/2014","23,047.97","23,064.92","23,409.96","23,040.80","1.53B","-0.41%"
"10/13/2014","23,143.38","22,884.00","23,273.04","22,871.27","1.41B","0.24%"
"10/10/2014","23,088.54","23,198.80","23,237.40","23,071.27","1.40B","-1.90%"
"10/09/2014","23,534.53","23,461.35","23,581.35","23,437.87","1.13B","1.17%"
"10/08/2014","23,263.33","23,221.76","23,369.39","23,184.15","1.25B","-0.68%"
"10/07/2014","23,422.52","23,224.22","23,517.85","23,209.77","1.64B","0.46%"
"10/06/2014","23,315.04","23,053.79","23,441.27","22,988.64","1.64B","1.09%"
"10/03/2014","23,064.56","22,691.59","23,147.85","22,565.60","2.58B","0.57%"
"09/30/2014","22,932.98","23,137.26","23,137.26","22,855.04","2.19B","-1.28%"
"09/29/2014","23,229.21","23,399.51","23,399.51","23,095.78","2.23B","-1.90%"
"09/26/2014","23,678.41","23,581.56","23,717.08","23,555.62","1.34B","-0.38%"
"09/25/2014","23,768.13","24,048.38","24,058.02","23,754.33","1.57B","-0.64%"
"09/24/2014","23,921.61","23,788.98","24,016.41","23,788.98","1.37B","0.35%"
"09/23/2014","23,837.07","23,882.59","24,012.06","23,825.96","1.42B","-0.49%"
"09/22/2014","23,955.49","24,072.18","24,082.62","23,949.29","1.72B","-1.44%"
"09/19/2014","24,306.16","24,334.65","24,419.85","24,155.62","1.92B","0.57%"
"09/18/2014","24,168.72","24,294.64","24,294.64","24,103.53","1.46B","-0.85%"
"09/17/2014","24,376.41","24,380.28","24,470.26","24,339.53","1.79B","1.00%"
"09/16/2014","24,136.01","24,318.82","24,405.98","24,117.60","1.28B","-0.91%"
"09/15/2014","24,356.99","24,410.38","24,471.80","24,300.57","1.48B","-0.97%"
"09/12/2014","24,595.32","24,620.19","24,701.43","24,487.94","1.23B","-0.27%"
"09/11/2014","24,662.64","24,701.73","24,782.95","24,589.90","1.44B","-0.17%"
"09/10/2014","24,705.36","24,969.39","24,969.39","24,681.19","1.75B","-1.93%"
"09/08/2014","25,190.45","25,293.09","25,293.09","25,074.02","1.27B","-0.20%"
"09/05/2014","25,240.15","25,356.56","25,356.56","25,171.59","2.16B","-0.23%"
"09/04/2014","25,297.92","25,268.44","25,362.98","25,193.37","1.98B","-0.08%"
"09/03/2014","25,317.95","24,786.04","25,325.16","24,751.72","2.54B","2.30%"
"09/02/2014","24,749.02","24,699.76","24,816.89","24,576.23","1.65B","-0.01%"
"09/01/2014","24,752.09","24,703.74","24,891.27","24,696.18","1.45B","0.04%"
"08/29/2014","24,742.06","24,748.19","24,814.27","24,630.80","1.71B","0.00%"
"08/28/2014","24,741.00","25,055.81","25,055.81","24,679.10","1.53B","-0.71%"
"08/27/2014","24,918.75","25,134.49","25,160.68","24,883.46","1.47B","-0.62%"
"08/26/2014","25,074.50","25,147.75","25,188.31","25,068.98","1.25B","-0.37%"
"08/25/2014","25,166.91","25,049.96","25,243.16","24,946.85","1.33B","0.22%"
"08/22/2014","25,112.23","25,113.73","25,132.93","25,025.94","1.18B","0.47%"
"08/21/2014","24,994.10","25,142.34","25,142.34","24,896.20","1.46B","-0.66%"
"08/20/2014","25,159.76","25,156.95","25,190.03","25,056.71","1.24B","0.15%"
"08/19/2014","25,122.95","25,045.55","25,201.21","24,909.26","1.47B","0.67%"
"08/18/2014","24,955.46","24,943.60","24,978.94","24,765.03","1.28B","0.00%"
"08/15/2014","24,954.94","24,969.72","25,010.31","24,872.71","1.15B","0.62%"
"08/14/2014","24,801.36","24,894.18","24,964.42","24,721.87","1.46B","-0.36%"
"08/13/2014","24,890.34","24,726.24","24,907.11","24,611.22","1.47B","0.81%"
"08/12/2014","24,689.41","24,668.57","24,691.66","24,552.42","1.03B","0.18%"
"08/11/2014","24,646.02","24,533.34","24,671.33","24,491.02","1.13B","1.29%"
"08/08/2014","24,331.41","24,307.10","24,493.01","24,190.93","1.34B","-0.23%"
"08/07/2014","24,387.56","24,498.83","24,502.30","24,364.58","1.23B","-0.80%"
"08/06/2014","24,584.13","24,558.82","24,589.71","24,397.41","1.17B","-0.26%"
"08/05/2014","24,648.26","24,679.11","24,679.11","24,494.09","1.25B","0.20%"
"08/04/2014","24,600.08","24,590.11","24,690.60","24,558.37","1.18B","0.28%"
"08/01/2014","24,532.43","24,594.23","24,731.52","24,485.73","1.76B","-0.91%"
"07/31/2014","24,756.85","24,805.75","24,893.74","24,661.57","1.94B","0.10%"
"07/30/2014","24,732.21","24,704.58","24,912.22","24,660.35","2.52B","0.37%"
"07/29/2014","24,640.53","24,526.63","24,666.96","24,437.10","2.00B","0.87%"
"07/28/2014","24,428.63","24,249.27","24,501.13","24,248.36","1.97B","0.88%"
"07/25/2014","24,216.01","24,247.20","24,247.20","24,088.99","1.64B","0.31%"
"07/24/2014","24,141.50","24,080.61","24,150.00","24,005.25","1.93B","0.71%"
"07/23/2014","23,971.87","23,841.22","23,975.74","23,834.39","1.81B","0.80%"
"07/22/2014","23,782.11","23,465.81","23,803.17","23,423.34","1.86B","1.69%"
"07/21/2014","23,387.14","23,484.53","23,498.35","23,372.63","1.04B","-0.29%"
"07/18/2014","23,454.79","23,316.46","23,460.13","23,240.61","913.30M","-0.28%"
"07/17/2014","23,520.87","23,583.35","23,583.35","23,421.99","1.09B","-0.01%"
"07/16/2014","23,523.28","23,490.43","23,562.32","23,430.14","959.50M","0.27%"
"07/15/2014","23,459.96","23,482.84","23,496.57","23,398.25","1.05B","0.49%"
"07/14/2014","23,346.67","23,310.16","23,459.48","23,273.41","1.06B","0.49%"
"07/11/2014","23,233.45","23,155.69","23,307.54","23,146.99","1.12B","-0.02%"
"07/10/2014","23,238.99","23,281.45","23,281.45","23,182.06","1.10B","0.27%"
"07/09/2014","23,176.07","23,408.05","23,408.05","23,126.68","1.55B","-1.55%"
"07/08/2014","23,541.38","23,555.31","23,555.66","23,455.13","1.11B","0.00%"
"07/07/2014","23,540.92","23,581.40","23,592.38","23,435.24","911.90M","-0.02%"
"07/04/2014","23,546.36","23,609.32","23,626.14","23,508.27","1.12B","0.06%"
"07/03/2014","23,531.44","23,553.60","23,591.47","23,482.90","1.07B","-0.08%"
"07/02/2014","23,549.62","23,326.53","23,576.35","23,293.82","1.94B","1.55%"
"06/30/2014","23,190.72","23,273.19","23,346.23","22,960.08","1.48B","-0.13%"
"06/27/2014","23,221.52","23,188.48","23,272.10","23,111.03","1.19B","0.10%"
"06/26/2014","23,197.83","22,947.84","23,203.48","22,926.04","1.29B","1.45%"
"06/25/2014","22,866.70","22,935.06","22,938.70","22,829.29","1.08B","-0.06%"
"06/24/2014","22,880.64","22,915.92","22,946.10","22,832.91","1.45B","0.33%"
"06/23/2014","22,804.81","23,165.26","23,393.81","22,802.10","2.01B","-1.68%"
"06/20/2014","23,194.06","23,199.18","23,285.52","23,157.86","1.34B","0.11%"
"06/19/2014","23,167.73","23,264.92","23,300.31","23,122.75","1.42B","-0.06%"
"06/18/2014","23,181.72","23,128.22","23,299.36","23,128.22","1.30B","-0.09%"
"06/17/2014","23,203.59","23,237.63","23,242.69","23,127.02","1.36B","-0.42%"
"06/16/2014","23,300.67","23,299.04","23,340.42","23,232.56","1.22B","-0.08%"
"06/13/2014","23,319.17","23,099.87","23,397.77","23,099.87","1.56B","0.62%"
"06/12/2014","23,175.02","23,127.82","23,237.76","23,065.50","1.26B","-0.35%"
"06/11/2014","23,257.29","23,281.14","23,281.14","23,168.14","1.31B","-0.25%"
"06/10/2014","23,315.74","23,206.20","23,360.25","23,061.25","1.73B","0.86%"
"06/09/2014","23,117.47","23,086.94","23,159.60","23,053.38","1.18B","0.73%"
"06/06/2014","22,951.00","23,231.32","23,231.32","22,950.67","1.79B","-0.69%"
"06/05/2014","23,109.66","23,142.66","23,178.08","23,052.43","1.14B","-0.18%"
"06/04/2014","23,151.71","23,284.17","23,284.17","23,110.85","1.10B","-0.60%"
"06/03/2014","23,291.04","23,327.51","23,327.51","23,134.34","1.87B","0.91%"
"05/30/2014","23,081.65","23,074.79","23,178.60","22,993.71","2.14B","0.31%"
"05/29/2014","23,010.14","23,103.31","23,209.26","22,968.10","1.66B","-0.30%"
"05/28/2014","23,080.03","23,023.82","23,204.94","22,949.86","1.88B","0.59%"
"05/27/2014","22,944.30","22,953.12","22,984.46","22,886.46","886.20M","-0.08%"
"05/26/2014","22,963.18","23,055.47","23,086.98","22,898.78","921.70M","-0.01%"
"05/23/2014","22,965.86","23,010.45","23,010.45","22,922.35","1.33B","0.05%"
"05/22/2014","22,953.76","22,942.27","23,053.28","22,884.52","1.85B","0.51%"
"05/21/2014","22,836.52","22,715.58","22,883.50","22,649.66","1.50B","0.01%"
"05/20/2014","22,834.68","22,758.02","22,914.17","22,758.02","1.38B","0.57%"
"05/19/2014","22,704.50","22,751.24","22,751.24","22,555.97","991.50M","-0.04%"
"05/16/2014","22,712.91","22,645.52","22,718.07","22,555.59","1.17B","-0.08%"
"05/15/2014","22,730.86","22,726.59","22,792.63","22,610.01","1.17B","0.66%"
"05/14/2014","22,582.77","22,484.49","22,664.37","22,365.23","1.93B","1.03%"
"05/13/2014","22,352.38","22,436.24","22,436.24","22,286.46","1.14B","0.41%"
"05/12/2014","22,261.61","21,921.59","22,399.64","21,796.90","1.66B","1.82%"
"05/09/2014","21,862.99","21,819.94","21,925.39","21,705.12","1.11B","0.12%"
"05/08/2014","21,837.12","21,804.65","21,929.43","21,738.15","1.40B","0.42%"
"05/07/2014","21,746.26","21,904.52","21,923.15","21,680.33","1.55B","-1.05%"
"05/05/2014","21,976.33","22,195.80","22,284.56","21,873.87","1.05B","-1.28%"
"05/02/2014","22,260.67","22,194.66","22,312.71","22,150.35","1.15B","0.57%"
"04/30/2014","22,133.97","22,466.04","22,466.04","22,097.36","1.81B","-1.42%"
"04/29/2014","22,453.89","22,172.08","22,474.19","22,099.20","1.65B","1.45%"
"04/28/2014","22,132.53","22,122.38","22,202.27","22,096.95","1.20B","-0.41%"
"04/25/2014","22,223.53","22,524.56","22,548.52","22,213.74","1.50B","-1.50%"
"04/24/2014","22,562.80","22,527.38","22,575.50","22,461.10","1.25B","0.24%"
"04/23/2014","22,509.64","22,855.26","22,855.26","22,495.59","1.47B","-0.97%"
"04/22/2014","22,730.68","22,718.69","22,808.30","22,644.43","1.18B","-0.13%"
"04/17/2014","22,760.24","22,858.79","22,858.79","22,657.95","1.04B","0.28%"
"04/16/2014","22,696.01","22,686.21","22,866.56","22,627.51","1.21B","0.11%"
"04/15/2014","22,671.26","23,054.35","23,054.35","22,658.27","1.51B","-1.60%"
"04/14/2014","23,038.80","22,911.82","23,090.94","22,911.82","1.33B","0.15%"
"04/11/2014","23,003.64","23,150.80","23,194.15","22,946.21","2.21B","-0.79%"
"04/10/2014","23,186.96","22,949.79","23,224.54","22,734.39","2.71B","1.51%"
"04/09/2014","22,843.17","22,725.43","22,933.33","22,721.19","2.26B","1.09%"
"04/08/2014","22,596.97","22,390.14","22,625.21","22,329.99","2.24B","0.98%"
"04/07/2014","22,377.15","22,416.47","22,485.24","22,326.41","1.36B","-0.59%"
"04/04/2014","22,510.08","22,476.25","22,595.71","22,452.64","1.50B","-0.24%"
"04/03/2014","22,565.08","22,666.06","22,722.24","22,531.24","1.39B","0.18%"
"04/02/2014","22,523.94","22,598.40","22,598.40","22,436.28","1.59B","0.34%"
"04/01/2014","22,448.54","22,292.32","22,458.94","22,250.66","1.60B","1.34%"
"03/31/2014","22,151.06","22,244.16","22,244.16","22,043.51","1.92B","0.39%"
"03/28/2014","22,065.53","21,930.40","22,143.24","21,930.40","2.15B","1.06%"
"03/27/2014","21,834.45","21,897.07","21,926.83","21,715.63","2.22B","-0.24%"
"03/26/2014","21,887.75","21,889.76","22,006.64","21,865.33","1.92B","0.72%"
"03/25/2014","21,732.32","21,773.64","21,858.11","21,704.73","1.44B","-0.52%"
"03/24/2014","21,846.45","21,657.55","21,866.97","21,590.07","2.46B","1.91%"
"03/21/2014","21,436.70","21,239.09","21,470.31","21,171.91","2.76B","1.20%"
"03/20/2014","21,182.16","21,352.49","21,475.48","21,137.61","1.86B","-1.79%"
"03/19/2014","21,568.69","21,585.12","21,614.53","21,485.51","1.25B","-0.07%"
"03/18/2014","21,583.50","21,549.22","21,606.98","21,469.21","1.48B","0.51%"
"03/17/2014","21,473.95","21,494.37","21,535.70","21,423.03","1.03B","-0.30%"
"03/14/2014","21,539.49","21,612.07","21,630.70","21,462.49","1.70B","-1.00%"
"03/13/2014","21,756.08","21,920.94","22,041.33","21,743.34","1.58B","-0.67%"
"03/12/2014","21,901.95","22,019.03","22,019.03","21,873.20","1.89B","-1.65%"
"03/11/2014","22,269.61","22,234.61","22,351.99","22,198.07","1.37B","0.02%"
"03/10/2014","22,264.93","22,339.42","22,388.46","22,206.80","1.62B","-1.75%"
"03/07/2014","22,660.49","22,728.53","22,820.41","22,604.02","1.48B","-0.19%"
"03/06/2014","22,702.97","22,588.77","22,764.38","22,588.76","1.52B","0.55%"
"03/05/2014","22,579.78","22,839.43","22,839.43","22,529.83","1.62B","-0.34%"
"03/04/2014","22,657.63","22,542.17","22,783.98","22,534.10","1.34B","0.70%"
"03/03/2014","22,500.67","22,630.77","22,749.13","22,487.23","1.63B","-1.47%"
"02/28/2014","22,836.96","22,942.96","22,986.70","22,709.52","1.90B","0.04%"
"02/27/2014","22,828.18","22,465.96","22,866.23","22,432.48","1.96B","1.74%"
"02/26/2014","22,437.44","22,297.62","22,502.96","22,258.89","1.75B","0.54%"
"02/25/2014","22,317.20","22,498.42","22,518.84","22,259.76","1.54B","-0.32%"
"02/24/2014","22,388.56","22,576.35","22,576.35","22,260.13","1.71B","-0.80%"
"02/21/2014","22,568.24","22,617.63","22,633.29","22,442.39","1.68B","0.78%"
"02/20/2014","22,394.08","22,595.91","22,742.72","22,297.85","2.69B","-1.19%"
"02/19/2014","22,664.52","22,600.60","22,708.40","22,534.19","1.15B","0.34%"
"02/18/2014","22,587.72","22,535.20","22,592.36","22,437.38","961.50M","0.23%"
"02/17/2014","22,535.94","22,463.40","22,585.68","22,463.40","1.04B","1.07%"
"02/14/2014","22,298.41","22,382.72","22,412.74","22,243.77","1.14B","0.60%"
"02/13/2014","22,165.53","22,297.70","22,297.70","22,098.20","1.43B","-0.54%"
"02/12/2014","22,285.79","22,057.70","22,308.25","22,010.56","1.96B","1.47%"
"02/11/2014","21,962.98","21,623.79","22,025.58","21,623.79","2.00B","1.78%"
"02/10/2014","21,579.26","21,646.75","21,687.84","21,524.81","1.72B","-0.27%"
"02/07/2014","21,636.85","21,498.09","21,703.69","21,480.09","1.70B","1.00%"
"02/06/2014","21,423.13","21,320.91","21,440.40","21,277.01","1.59B","0.72%"
"02/05/2014","21,269.38","21,564.88","21,564.88","21,197.78","1.94B","-0.60%"
"02/04/2014","21,397.77","21,561.70","21,609.59","21,388.61","2.48B","-2.89%"
"01/30/2014","22,035.42","21,827.33","22,052.16","21,746.23","1.54B","-0.48%"
"01/29/2014","22,141.61","22,111.63","22,222.70","22,109.93","1.88B","0.82%"
"01/28/2014","21,960.64","22,012.51","22,022.14","21,892.20","1.83B","-0.07%"
"01/27/2014","21,976.10","22,019.10","22,044.23","21,880.73","2.36B","-2.11%"
"01/24/2014","22,450.06","22,522.44","22,659.72","22,435.72","2.00B","-1.25%"
"01/23/2014","22,733.90","23,082.01","23,093.85","22,722.58","1.93B","-1.51%"
"01/22/2014","23,082.25","22,954.77","23,119.61","22,913.66","1.77B","0.21%"
"01/21/2014","23,033.12","23,040.84","23,139.65","22,986.47","1.77B","0.45%"
"01/20/2014","22,928.95","23,048.13","23,089.24","22,884.62","1.59B","-0.88%"
"01/17/2014","23,133.35","22,898.48","23,263.42","22,849.10","1.73B","0.64%"
"01/16/2014","22,986.41","23,085.14","23,085.14","22,936.74","1.37B","0.37%"
"01/15/2014","22,902.00","22,985.78","23,010.07","22,826.98","1.12B","0.49%"
"01/14/2014","22,791.28","22,637.55","22,883.00","22,637.55","1.17B","-0.43%"
"01/13/2014","22,888.76","23,046.41","23,067.33","22,762.24","1.25B","0.19%"
"01/10/2014","22,846.25","22,735.93","22,932.21","22,726.84","1.50B","0.26%"
"01/09/2014","22,787.33","22,925.23","23,044.97","22,709.03","1.71B","-0.91%"
"01/08/2014","22,996.59","22,834.81","23,031.19","22,778.83","2.20B","1.25%"
"01/07/2014","22,712.78","22,689.25","22,802.85","22,644.58","1.73B","0.13%"
"01/06/2014","22,684.15","22,732.83","22,757.45","22,567.77","1.65B","-0.58%"
"01/03/2014","22,817.28","23,097.98","23,097.98","22,782.42","1.99B","-2.24%"
"01/02/2014","23,340.05","23,452.76","23,469.33","23,173.93","1.04B","0.14%"
"12/31/2013","23,306.39","23,328.44","23,361.34","23,271.80","674.20M","0.26%"
"12/30/2013","23,244.87","23,353.54","23,369.37","23,178.28","1.00B","0.01%"
"12/27/2013","23,243.24","23,138.91","23,283.31","23,130.86","850.20M","0.27%"
"12/24/2013","23,179.55","23,045.64","23,194.63","23,026.10","801.50M","1.13%"
"12/23/2013","22,921.56","22,946.55","23,005.92","22,862.89","1.09B","0.48%"
"12/20/2013","22,812.18","22,904.18","22,936.92","22,713.70","2.12B","-0.33%"
"12/19/2013","22,888.75","23,404.45","23,404.45","22,753.30","1.96B","-1.10%"
"12/18/2013","23,143.82","23,076.54","23,240.71","22,993.54","1.30B","0.32%"
"12/17/2013","23,069.23","23,281.38","23,281.38","23,040.60","1.41B","-0.20%"
"12/16/2013","23,114.66","23,138.28","23,204.63","22,999.76","1.33B","-0.56%"
"12/13/2013","23,245.96","23,080.19","23,331.53","23,017.34","1.52B","0.12%"
"12/12/2013","23,218.12","23,265.13","23,327.44","23,160.90","1.71B","-0.51%"
"12/11/2013","23,338.24","23,686.80","23,693.51","23,295.14","1.90B","-1.71%"
"12/10/2013","23,744.19","23,799.45","23,810.94","23,707.76","1.03B","-0.28%"
"12/09/2013","23,811.17","23,970.00","23,970.00","23,775.01","1.29B","0.29%"
"12/06/2013","23,743.10","23,620.31","23,812.89","23,614.20","1.71B","0.13%"
"12/05/2013","23,712.57","23,634.09","23,728.90","23,563.21","1.20B","-0.07%"
"12/04/2013","23,728.70","23,719.60","23,846.84","23,603.02","1.52B","-0.76%"
"12/03/2013","23,910.47","23,887.77","23,975.76","23,833.25","1.34B","-0.53%"
"12/02/2013","24,038.55","23,936.15","24,111.55","23,844.24","1.39B","0.66%"
"11/29/2013","23,881.29","23,862.38","23,912.29","23,809.71","880.30M","0.39%"
"11/28/2013","23,789.09","23,934.94","24,014.81","23,734.54","1.33B","-0.07%"
"11/27/2013","23,806.35","23,653.95","23,856.92","23,649.80","1.59B","0.53%"
"11/26/2013","23,681.28","23,675.37","23,751.86","23,659.98","1.51B","-0.01%"
"11/25/2013","23,684.45","23,829.97","23,829.97","23,673.53","1.51B","-0.05%"
"11/22/2013","23,696.28","23,752.28","23,764.41","23,641.20","1.69B","0.49%"
"11/21/2013","23,580.29","23,661.42","23,661.42","23,508.79","1.62B","-0.51%"
"11/20/2013","23,700.86","23,774.31","23,843.80","23,690.81","1.93B","0.18%"
"11/19/2013","23,657.81","23,834.52","23,856.90","23,620.28","2.97B","-0.01%"
"11/18/2013","23,660.06","23,397.73","23,706.68","23,390.66","3.97B","2.73%"
"11/15/2013","23,032.15","22,749.60","23,050.35","22,749.60","2.03B","1.69%"
"11/14/2013","22,649.15","22,673.32","22,691.67","22,529.33","1.25B","0.82%"
"11/13/2013","22,463.83","22,665.91","22,665.91","22,463.40","2.05B","-1.91%"
"11/12/2013","22,901.41","23,051.76","23,084.88","22,857.26","1.11B","-0.73%"
"11/11/2013","23,069.85","22,781.99","23,124.30","22,688.41","1.34B","1.43%"
"11/08/2013","22,744.39","22,713.00","22,813.76","22,686.57","1.17B","-0.60%"
"11/07/2013","22,881.03","23,023.73","23,023.73","22,819.65","1.08B","-0.68%"
"11/06/2013","23,036.94","23,042.11","23,119.04","22,954.70","1.30B","-0.01%"
"11/05/2013","23,038.95","23,313.61","23,313.61","22,949.42","1.19B","-0.65%"
"11/04/2013","23,189.62","23,322.07","23,345.93","23,165.06","1.03B","-0.26%"
"11/01/2013","23,249.79","23,208.80","23,336.98","23,149.53","1.24B","0.19%"
"10/31/2013","23,206.37","23,134.39","23,250.66","23,108.27","1.79B","-0.42%"
"10/30/2013","23,304.02","22,966.95","23,316.12","22,935.60","1.72B","2.00%"
"10/29/2013","22,846.54","22,842.33","22,979.35","22,760.90","1.43B","0.18%"
"10/28/2013","22,806.58","22,753.75","22,849.30","22,753.75","1.10B","0.48%"
"10/25/2013","22,698.34","22,758.37","22,839.15","22,640.18","1.85B","-0.60%"
"10/24/2013","22,835.82","22,975.55","22,975.55","22,762.19","1.86B","-0.71%"
"10/23/2013","22,999.95","23,455.40","23,505.79","22,970.52","1.72B","-1.36%"
"10/22/2013","23,315.99","23,309.01","23,387.54","23,263.53","1.07B","-0.52%"
"10/21/2013","23,438.15","23,494.37","23,534.67","23,356.79","1.16B","0.42%"
"10/18/2013","23,340.10","23,261.65","23,364.47","23,213.04","1.31B","1.06%"
"10/17/2013","23,094.88","23,351.48","23,357.16","23,073.88","1.24B","-0.57%"
"10/16/2013","23,228.33","23,350.94","23,350.94","23,128.69","1.04B","-0.46%"
"10/15/2013","23,336.52","23,399.79","23,411.21","23,279.33","1.24B","0.51%"
"10/11/2013","23,218.32","23,318.46","23,336.59","23,204.26","1.36B","1.16%"
"10/10/2013","22,951.30","23,077.47","23,084.10","22,743.47","1.35B","-0.36%"
"10/09/2013","23,033.97","23,002.08","23,065.67","22,965.91","1.08B","-0.63%"
"10/08/2013","23,178.85","22,988.22","23,228.69","22,927.12","1.34B","0.89%"
"10/07/2013","22,973.95","23,152.92","23,152.92","22,896.65","1.21B","-0.71%"
"10/04/2013","23,138.54","23,051.55","23,152.68","22,983.47","1.16B","-0.33%"
"10/03/2013","23,214.40","23,167.20","23,241.50","23,126.99","1.22B","1.00%"
"10/02/2013","22,984.48","22,997.21","23,138.86","22,933.31","1.44B","0.55%"
"09/30/2013","22,859.86","22,946.74","22,986.95","22,845.44","1.57B","-1.50%"
"09/27/2013","23,207.04","23,199.09","23,340.18","23,118.84","1.49B","0.35%"
"09/26/2013","23,125.03","23,192.70","23,224.36","23,043.89","1.57B","-0.36%"
"09/25/2013","23,209.63","23,192.71","23,281.61","23,154.84","1.34B","0.13%"
"09/24/2013","23,179.04","23,324.38","23,324.38","23,102.25","1.56B","-0.82%"
"09/23/2013","23,371.54","23,414.98","23,466.67","23,291.23","1.51B","-0.56%"
"09/19/2013","23,502.51","23,549.89","23,554.34","23,469.03","2.18B","1.67%"
"09/18/2013","23,117.45","23,213.79","23,214.68","23,080.59","1.28B","-0.27%"
"09/17/2013","23,180.52","23,246.91","23,246.91","23,127.87","1.39B","-0.31%"
"09/16/2013","23,252.41","23,210.36","23,268.15","23,173.84","1.45B","1.47%"
"09/13/2013","22,915.28","22,920.76","22,956.77","22,790.78","1.58B","-0.17%"
"09/12/2013","22,953.72","22,952.85","23,048.22","22,908.99","1.63B","0.07%"
"09/11/2013","22,937.14","23,095.86","23,120.46","22,848.53","2.00B","-0.17%"
"09/10/2013","22,976.65","22,932.60","22,988.81","22,842.88","2.24B","0.99%"
"09/09/2013","22,750.65","22,770.25","22,853.02","22,680.63","1.92B","0.57%"
"09/06/2013","22,621.22","22,615.98","22,699.59","22,578.33","1.96B","0.10%"
"09/05/2013","22,597.97","22,538.96","22,682.94","22,486.63","2.15B","1.22%"
"09/04/2013","22,326.22","22,171.93","22,438.40","22,142.99","4.00B","-0.31%"
"09/03/2013","22,394.58","22,323.00","22,456.80","22,290.83","1.95B","0.99%"
"09/02/2013","22,175.34","21,948.72","22,240.04","21,948.72","1.81B","2.04%"
"08/30/2013","21,731.37","21,618.34","21,753.40","21,549.96","1.58B","0.12%"
"08/29/2013","21,704.78","21,612.95","21,717.84","21,554.25","1.54B","0.84%"
"08/28/2013","21,524.65","21,584.56","21,655.24","21,465.72","2.23B","-1.60%"
"08/27/2013","21,874.77","21,907.43","21,987.51","21,770.75","1.17B","-0.59%"
"08/26/2013","22,005.32","21,943.40","22,116.00","21,898.15","1.22B","0.65%"
"08/23/2013","21,863.51","22,006.41","22,103.90","21,769.04","1.56B","-0.15%"
"08/22/2013","21,895.40","21,538.19","21,944.47","21,538.19","1.60B","0.36%"
"08/21/2013","21,817.73","21,964.69","21,970.25","21,618.60","1.61B","-0.69%"
"08/20/2013","21,970.29","22,396.29","22,481.74","21,907.21","1.80B","-2.20%"
"08/19/2013","22,463.70","22,432.87","22,551.27","22,387.71","1.09B","-0.24%"
"08/16/2013","22,517.81","22,450.83","22,663.75","22,311.55","2.01B","-0.10%"
"08/15/2013","22,539.25","22,568.05","22,695.99","22,472.88","2.22B","-0.01%"
"08/13/2013","22,541.13","22,368.47","22,563.81","22,310.54","2.32B","1.21%"
"08/12/2013","22,271.28","21,796.46","22,283.05","21,735.06","1.99B","2.13%"
"08/09/2013","21,807.56","21,760.05","21,811.24","21,674.97","1.02B","0.70%"
"08/08/2013","21,655.88","21,697.87","21,785.69","21,629.50","862.90M","0.31%"
"08/07/2013","21,588.84","21,756.47","21,901.46","21,571.15","1.34B","-1.53%"
"08/06/2013","21,923.70","22,000.94","22,012.51","21,807.96","1.14B","-1.34%"
"08/05/2013","22,222.01","22,273.82","22,273.82","22,193.67","760.40M","0.14%"
"08/02/2013","22,190.97","22,264.77","22,291.41","22,136.78","1.01B","0.46%"
"08/01/2013","22,088.79","22,025.75","22,152.06","21,983.15","929.40M","0.94%"
"07/31/2013","21,883.66","21,888.80","22,070.14","21,853.44","1.35B","-0.32%"
"07/30/2013","21,953.96","21,870.14","22,033.21","21,839.76","1.21B","0.48%"
"07/29/2013","21,850.15","21,896.12","21,953.35","21,749.69","1.21B","-0.54%"
"07/26/2013","21,968.95","21,892.34","22,034.38","21,834.24","1.21B","0.31%"
"07/25/2013","21,900.96","21,872.14","21,947.83","21,841.45","1.16B","-0.31%"
"07/24/2013","21,968.93","21,912.90","21,984.26","21,799.31","1.34B","0.24%"
"07/23/2013","21,915.42","21,517.20","21,964.03","21,517.20","2.57B","2.33%"
"07/22/2013","21,416.50","21,498.96","21,498.96","21,283.83","1.09B","0.25%"
"07/19/2013","21,362.42","21,451.60","21,451.60","21,214.24","1.28B","0.08%"
"07/18/2013","21,345.22","21,426.90","21,445.15","21,288.58","1.22B","-0.12%"
"07/17/2013","21,371.87","21,368.77","21,460.96","21,253.59","1.11B","0.28%"
"07/16/2013","21,312.38","21,333.07","21,394.13","21,209.18","1.05B","0.04%"
"07/15/2013","21,303.31","21,278.62","21,391.76","21,205.60","1.15B","0.12%"
"07/12/2013","21,277.28","21,522.15","21,522.15","21,242.47","1.64B","-0.75%"
"07/11/2013","21,437.49","21,177.63","21,503.71","21,177.63","2.43B","2.55%"
"07/10/2013","20,904.56","20,841.73","21,044.47","20,633.02","1.63B","1.07%"
"07/09/2013","20,683.01","20,610.56","20,767.58","20,571.55","1.24B","0.49%"
"07/08/2013","20,582.19","20,598.21","20,694.51","20,244.07","1.72B","-1.31%"
"07/05/2013","20,854.67","20,740.70","20,866.36","20,729.03","1.45B","1.89%"
"07/04/2013","20,468.67","20,334.94","20,532.14","20,318.02","1.38B","1.60%"
"07/03/2013","20,147.31","20,568.56","20,590.32","20,119.56","2.35B","-2.48%"
"07/02/2013","20,658.65","21,004.56","21,004.56","20,633.16","2.51B","-0.70%"
"06/28/2013","20,803.29","20,596.63","20,818.35","20,490.89","2.31B","1.78%"
"06/27/2013","20,440.08","20,456.47","20,713.34","20,375.40","2.43B","0.50%"
"06/26/2013","20,338.55","20,090.76","20,354.18","19,913.98","3.02B","2.43%"
"06/25/2013","19,855.72","19,775.98","19,992.30","19,426.36","3.39B","0.21%"
"06/24/2013","19,813.98","20,023.44","20,101.26","19,756.61","2.59B","-2.22%"
"06/21/2013","20,263.31","19,969.98","20,383.54","19,969.98","4.08B","-0.59%"
"06/20/2013","20,382.87","20,668.80","20,703.76","20,374.14","2.63B","-2.88%"
"06/19/2013","20,986.89","21,188.40","21,232.51","20,896.22","1.89B","-1.13%"
"06/18/2013","21,225.88","21,102.60","21,240.01","20,995.39","1.61B","-0.00%"
"06/17/2013","21,225.90","21,007.28","21,272.75","21,007.28","1.88B","1.22%"
"06/14/2013","20,969.14","21,083.41","21,164.68","20,954.66","2.39B","0.39%"
"06/13/2013","20,887.04","21,069.26","21,069.26","20,652.75","3.30B","-2.19%"
"06/11/2013","21,354.66","21,542.30","21,632.01","21,307.99","2.12B","-1.20%"
"06/10/2013","21,615.09","21,592.90","21,723.86","21,497.55","1.46B","0.18%"
"06/07/2013","21,575.26","21,768.24","21,820.43","21,506.33","1.83B","-1.21%"
"06/06/2013","21,838.43","21,908.45","21,949.81","21,799.25","1.71B","-1.05%"
"06/05/2013","22,069.24","22,141.67","22,174.69","21,933.92","1.52B","-0.97%"
"06/04/2013","22,285.52","22,320.50","22,330.05","22,178.64","1.42B","0.01%"
"06/03/2013","22,282.19","22,301.68","22,564.18","22,249.65","1.55B","-0.49%"
"05/31/2013","22,392.16","22,582.55","22,582.55","22,346.18","2.49B","-0.41%"
"05/30/2013","22,484.31","22,562.51","22,630.64","22,290.72","1.75B","-0.31%"
"05/29/2013","22,554.93","22,826.85","22,861.60","22,532.57","1.54B","-1.61%"
"05/28/2013","22,924.25","22,710.20","22,942.15","22,639.54","1.15B","1.05%"
"05/27/2013","22,686.05","22,571.63","22,729.87","22,544.89","993.60M","0.30%"
"05/24/2013","22,618.67","22,679.36","22,781.54","22,470.53","1.41B","-0.23%"
"05/23/2013","22,669.68","23,066.71","23,123.43","22,605.69","2.51B","-2.54%"
"05/22/2013","23,261.08","23,341.06","23,423.51","23,179.46","1.47B","-0.45%"
"05/21/2013","23,366.37","23,425.69","23,446.00","23,337.75","3.48B","-0.54%"
"05/20/2013","23,493.03","23,348.74","23,512.42","23,348.74","1.58B","1.78%"
"05/16/2013","23,082.68","23,110.19","23,163.00","22,955.90","1.32B","0.17%"
"05/15/2013","23,044.24","23,074.26","23,163.56","23,002.32","1.51B","0.50%"
"05/14/2013","22,930.28","23,124.24","23,145.91","22,878.64","1.38B","-0.26%"
"05/13/2013","22,989.81","23,245.58","23,245.58","22,958.87","1.49B","-1.42%"
"05/10/2013","23,321.22","23,213.59","23,330.60","23,144.12","1.41B","0.47%"
"05/09/2013","23,211.48","23,353.68","23,353.68","23,126.81","1.41B","-0.14%"
"05/08/2013","23,244.35","23,215.95","23,270.00","23,156.26","1.76B","0.86%"
"05/07/2013","23,047.09","22,924.29","23,058.74","22,855.58","1.42B","0.58%"
"05/06/2013","22,915.09","22,967.78","22,980.56","22,864.91","1.33B","0.99%"
"05/03/2013","22,689.96","22,811.84","22,886.17","22,678.67","1.28B","0.10%"
"05/02/2013","22,668.30","22,692.33","22,706.07","22,552.31","1.44B","-0.30%"
"04/30/2013","22,737.01","22,769.59","22,862.69","22,669.54","1.60B","0.69%"
"04/29/2013","22,580.77","22,567.63","22,647.59","22,488.65","1.35B","0.15%"
"04/26/2013","22,547.71","22,559.97","22,690.33","22,528.95","1.83B","0.65%"
"04/25/2013","22,401.24","22,298.64","22,486.45","22,214.65","1.84B","0.98%"
"04/24/2013","22,183.05","22,067.04","22,195.93","21,962.90","1.76B","1.73%"
"04/23/2013","21,806.61","22,085.70","22,085.70","21,747.47","1.80B","-1.08%"
"04/22/2013","22,044.37","22,038.13","22,131.65","21,956.53","1.29B","0.14%"
"04/19/2013","22,013.57","21,517.94","22,016.97","21,496.29","2.00B","2.33%"
"04/18/2013","21,512.52","21,440.33","21,618.07","21,423.25","1.41B","-0.26%"
"04/17/2013","21,569.67","21,794.69","21,798.57","21,550.72","1.91B","-0.47%"
"04/16/2013","21,672.03","21,571.58","21,813.55","21,475.33","1.64B","-0.46%"
"04/15/2013","21,772.67","21,998.74","21,998.74","21,735.31","1.51B","-1.43%"
"04/12/2013","22,089.05","22,185.36","22,185.36","22,049.58","1.30B","-0.06%"
"04/11/2013","22,101.27","22,198.49","22,251.62","22,058.30","1.42B","0.30%"
"04/10/2013","22,034.56","21,963.37","22,038.89","21,858.81","1.48B","0.75%"
"04/09/2013","21,870.34","21,800.24","21,979.08","21,800.24","1.35B","0.70%"
"04/08/2013","21,718.05","21,733.78","21,772.23","21,612.05","1.36B","-0.04%"
"04/05/2013","21,726.90","22,230.93","22,230.93","21,703.28","2.32B","-2.73%"
"04/03/2013","22,337.49","22,527.12","22,527.12","22,283.16","1.24B","-0.14%"
"04/02/2013","22,367.82","22,203.93","22,449.46","22,203.93","1.52B","0.31%"
"03/28/2013","22,299.63","22,390.35","22,390.35","22,132.33","2.20B","-0.74%"
"03/27/2013","22,464.82","22,385.47","22,529.37","22,366.02","1.67B","0.69%"
"03/26/2013","22,311.08","22,208.06","22,346.27","22,088.56","1.73B","0.27%"
"03/25/2013","22,251.15","22,327.53","22,351.08","22,201.06","1.54B","0.61%"
"03/22/2013","22,115.30","22,186.24","22,232.07","22,033.18","1.52B","-0.50%"
"03/21/2013","22,225.88","22,285.81","22,403.79","22,179.50","1.62B","-0.14%"
"03/20/2013","22,256.44","21,990.04","22,302.50","21,975.90","1.77B","0.97%"
"03/19/2013","22,041.86","22,138.10","22,218.85","22,030.66","1.66B","-0.19%"
"03/18/2013","22,083.36","22,185.32","22,185.32","21,997.72","2.25B","-2.00%"
"03/15/2013","22,533.11","22,705.92","22,799.67","22,494.04","2.91B","-0.38%"
"03/14/2013","22,619.18","22,484.25","22,655.88","22,305.54","1.93B","0.28%"
"03/13/2013","22,556.65","22,901.12","22,901.12","22,487.33","1.82B","-1.46%"
"03/12/2013","22,890.60","23,133.00","23,262.02","22,879.18","1.56B","-0.87%"
"03/11/2013","23,090.82","23,131.44","23,246.29","23,064.93","1.29B","-0.00%"
"03/08/2013","23,091.95","22,839.27","23,220.52","22,839.27","1.85B","1.41%"
"03/07/2013","22,771.44","22,729.29","22,843.73","22,656.37","1.28B","-0.03%"
"03/06/2013","22,777.84","22,750.58","22,808.81","22,664.94","1.76B","0.96%"
"03/05/2013","22,560.50","22,621.60","22,661.49","22,523.69","1.84B","0.10%"
"03/04/2013","22,537.81","22,866.51","22,866.51","22,466.08","2.17B","-1.50%"
"03/01/2013","22,880.22","22,957.09","23,015.68","22,868.69","2.07B","-0.61%"
"02/28/2013","23,020.27","22,826.42","23,031.69","22,734.84","2.11B","1.96%"
"02/27/2013","22,577.01","22,656.40","22,656.40","22,445.34","1.68B","0.25%"
"02/26/2013","22,519.69","22,639.97","22,769.07","22,510.76","1.52B","-1.32%"
"02/25/2013","22,820.08","22,852.89","22,876.03","22,777.63","1.07B","0.17%"
"02/22/2013","22,782.44","22,840.32","22,850.25","22,674.59","1.62B","-0.54%"
"02/21/2013","22,906.67","23,026.18","23,026.18","22,828.17","2.06B","-1.72%"
"02/20/2013","23,307.41","23,310.93","23,310.93","23,163.86","1.56B","0.71%"
"02/19/2013","23,143.91","23,368.22","23,454.19","23,139.08","1.43B","-1.02%"
"02/18/2013","23,381.94","23,477.49","23,477.49","23,309.55","1.03B","-0.27%"
"02/15/2013","23,444.56","23,315.41","23,446.77","23,284.05","1.06B","0.13%"
"02/14/2013","23,413.25","23,460.31","23,469.26","23,300.60","1.53B","0.85%"
"02/08/2013","23,215.16","23,101.09","23,267.20","23,101.09","1.83B","0.16%"
"02/07/2013","23,177.00","23,259.82","23,298.13","23,134.78","2.02B","-0.34%"
"02/06/2013","23,256.93","23,292.43","23,355.37","23,204.05","1.65B","0.47%"
"02/05/2013","23,148.53","23,406.99","23,406.99","23,104.27","2.49B","-2.27%"
"02/04/2013","23,685.01","23,866.80","23,944.74","23,637.18","2.74B","-0.16%"
"02/01/2013","23,721.84","23,763.34","23,763.34","23,571.30","1.63B","-0.03%"
"01/31/2013","23,729.53","23,799.17","23,799.17","23,667.94","1.83B","-0.39%"
"01/30/2013","23,822.06","23,767.33","23,916.16","23,765.57","1.96B","0.71%"
"01/29/2013","23,655.17","23,659.11","23,707.11","23,602.85","3.15B","-0.07%"
"01/28/2013","23,671.88","23,621.95","23,736.02","23,621.95","1.44B","0.39%"
"01/25/2013","23,580.43","23,653.54","23,666.39","23,481.37","1.62B","-0.08%"
"01/24/2013","23,598.90","23,585.10","23,688.79","23,547.79","1.43B","-0.15%"
"01/23/2013","23,635.10","23,700.45","23,710.87","23,540.42","1.54B","-0.10%"
"01/22/2013","23,658.99","23,596.38","23,685.55","23,498.96","1.36B","0.29%"
"01/21/2013","23,590.91","23,565.96","23,639.63","23,535.47","1.10B","-0.05%"
"01/18/2013","23,601.78","23,509.49","23,606.50","23,450.77","1.93B","1.12%"
"01/17/2013","23,339.76","23,471.67","23,504.73","23,222.96","1.32B","-0.07%"
"01/16/2013","23,356.99","23,390.19","23,390.19","23,203.24","1.37B","-0.10%"
"01/15/2013","23,381.51","23,388.47","23,515.86","23,306.17","1.45B","-0.14%"
"01/14/2013","23,413.26","23,326.82","23,441.94","23,292.07","1.56B","0.64%"
"01/11/2013","23,264.07","23,478.81","23,486.60","23,212.90","1.53B","-0.39%"
"01/10/2013","23,354.31","23,240.07","23,477.89","23,165.64","1.91B","0.59%"
"01/09/2013","23,218.47","23,154.71","23,235.39","23,141.67","1.52B","0.46%"
"01/08/2013","23,111.19","23,264.03","23,264.03","23,088.40","1.46B","-0.94%"
"01/07/2013","23,329.75","23,345.20","23,402.45","23,254.23","1.40B","-0.01%"
"01/04/2013","23,331.09","23,370.36","23,370.36","23,172.28","1.51B","-0.29%"
"01/03/2013","23,398.60","23,390.54","23,400.74","23,234.43","2.21B","0.37%"
"01/02/2013","23,311.98","22,860.25","23,317.39","22,860.25","2.13B","2.89%"
"12/31/2012","22,656.92","22,584.44","22,698.33","22,566.89","685.40M","-0.04%"
"12/28/2012","22,666.59","22,706.33","22,706.33","22,628.46","1.04B","0.21%"
"12/27/2012","22,619.78","22,705.46","22,718.83","22,608.60","1.05B","0.35%"
"12/24/2012","22,541.18","22,494.71","22,577.56","22,494.71","560.30M","0.16%"
"12/21/2012","22,506.29","22,565.09","22,565.09","22,423.16","1.81B","-0.68%"
"12/20/2012","22,659.78","22,602.99","22,661.74","22,483.95","1.62B","0.16%"
"12/19/2012","22,623.37","22,654.65","22,683.72","22,562.02","1.58B","0.57%"
"12/18/2012","22,494.73","22,525.46","22,588.48","22,449.74","3.22B","-0.08%"
"12/17/2012","22,513.61","22,590.76","22,625.41","22,453.59","1.45B","-0.41%"
"12/14/2012","22,605.98","22,396.72","22,636.43","22,396.72","1.77B","0.71%"
"12/13/2012","22,445.58","22,500.99","22,563.14","22,380.78","1.48B","-0.26%"
"12/12/2012","22,503.35","22,412.90","22,508.01","22,412.90","1.86B","0.80%"
"12/11/2012","22,323.94","22,295.99","22,393.20","22,244.02","1.59B","0.21%"
"12/10/2012","22,276.72","22,377.56","22,377.56","22,235.76","1.39B","0.39%"
"12/07/2012","22,191.17","22,294.73","22,371.40","22,188.07","1.83B","-0.26%"
"12/06/2012","22,249.81","22,355.89","22,355.89","22,215.08","1.48B","-0.09%"
"12/05/2012","22,270.91","21,819.01","22,274.04","21,804.93","2.47B","2.16%"
"12/04/2012","21,799.97","21,786.07","21,853.15","21,687.88","1.24B","0.15%"
"12/03/2012","21,767.85","22,070.44","22,162.47","21,716.77","1.22B","-1.19%"
"11/30/2012","22,030.39","21,949.40","22,091.61","21,918.55","1.83B","0.49%"
"11/29/2012","21,922.89","21,821.05","21,996.40","21,786.03","1.27B","0.99%"
"11/28/2012","21,708.98","21,764.91","21,764.91","21,629.58","1.27B","-0.62%"
"11/27/2012","21,844.03","21,969.71","22,002.86","21,820.15","1.21B","-0.08%"
"11/26/2012","21,861.81","21,986.36","21,986.36","21,827.27","1.07B","-0.24%"
"11/23/2012","21,913.98","21,729.72","21,924.06","21,723.35","1.34B","0.79%"
"11/22/2012","21,743.20","21,595.59","21,774.40","21,517.91","1.45B","1.02%"
"11/21/2012","21,524.36","21,367.55","21,530.44","21,229.14","1.36B","1.39%"
"11/20/2012","21,228.28","21,478.00","21,478.00","21,213.12","1.17B","-0.16%"
"11/19/2012","21,262.06","21,209.95","21,303.10","21,136.32","1.10B","0.49%"
"11/16/2012","21,159.01","21,203.82","21,205.31","21,105.21","1.15B","0.24%"
"11/15/2012","21,108.93","21,188.94","21,288.48","21,098.41","1.41B","-1.55%"
"11/14/2012","21,441.99","21,250.97","21,446.36","21,221.31","1.30B","1.20%"
"11/13/2012","21,188.65","21,372.87","21,399.61","21,181.92","1.35B","-1.13%"
"11/12/2012","21,430.30","21,367.57","21,462.45","21,339.19","922.20M","0.21%"
"11/09/2012","21,384.38","21,433.60","21,525.49","21,330.34","1.46B","-0.85%"
"11/08/2012","21,566.91","21,785.83","21,871.85","21,555.75","1.67B","-2.41%"
"11/07/2012","22,099.85","22,020.40","22,099.85","21,811.19","1.56B","0.71%"
"11/06/2012","21,944.43","21,959.99","22,008.86","21,832.28","1.32B","-0.28%"
"11/05/2012","22,006.40","22,044.21","22,141.13","21,990.68","1.17B","-0.47%"
"11/02/2012","22,111.33","22,066.29","22,149.70","22,019.65","1.85B","1.33%"
"11/01/2012","21,821.87","21,573.93","21,832.56","21,506.05","1.67B","0.83%"
"10/31/2012","21,641.82","21,539.49","21,648.64","21,496.92","1.55B","1.00%"
"10/30/2012","21,428.58","21,549.17","21,575.03","21,338.65","1.43B","-0.38%"
"10/29/2012","21,511.05","21,478.12","21,561.97","21,397.09","1.43B","-0.16%"
"10/26/2012","21,545.57","21,847.70","21,847.70","21,527.54","1.66B","-1.21%"
"10/25/2012","21,810.23","21,792.67","21,839.64","21,710.84","1.63B","0.21%"
"10/24/2012","21,763.78","21,561.59","21,802.49","21,533.24","1.71B","0.31%"
"10/22/2012","21,697.55","21,440.01","21,699.07","21,431.24","1.47B","0.68%"
"10/19/2012","21,551.76","21,565.75","21,591.62","21,522.91","1.64B","0.15%"
"10/18/2012","21,518.71","21,490.86","21,606.32","21,476.30","2.15B","0.48%"
"10/17/2012","21,416.64","21,421.87","21,442.73","21,352.88","1.72B","0.99%"
"10/16/2012","21,207.07","21,257.09","21,257.09","21,120.17","1.50B","0.28%"
"10/15/2012","21,148.25","21,137.61","21,184.43","21,076.95","1.35B","0.06%"
"10/12/2012","21,136.43","21,051.09","21,236.57","21,051.09","2.32B","0.65%"
"10/11/2012","20,999.05","20,813.05","21,013.45","20,813.05","2.55B","0.38%"
"10/10/2012","20,919.60","20,785.06","20,941.89","20,767.36","1.24B","-0.08%"
"10/09/2012","20,937.28","20,926.83","21,093.10","20,926.83","1.54B","0.54%"
"10/08/2012","20,824.56","20,979.53","20,981.63","20,807.93","1.35B","-0.89%"
"10/05/2012","21,012.38","21,007.60","21,021.24","20,924.73","1.29B","0.50%"
"10/04/2012","20,907.95","20,914.32","20,947.30","20,835.06","1.03B","0.09%"
"10/03/2012","20,888.28","20,951.38","21,005.68","20,799.82","1.38B","0.23%"
"09/28/2012","20,840.38","20,757.97","20,889.90","20,725.52","1.40B","0.38%"
"09/27/2012","20,762.29","20,487.36","20,850.49","20,487.36","1.74B","1.14%"
"09/26/2012","20,527.73","20,485.99","20,576.84","20,485.08","1.11B","-0.83%"
"09/25/2012","20,698.68","20,694.33","20,758.36","20,648.59","1.07B","0.02%"
"09/24/2012","20,694.70","20,611.10","20,780.14","20,503.24","977.70M","-0.19%"
"09/21/2012","20,734.94","20,697.27","20,808.04","20,677.14","1.84B","0.70%"
"09/20/2012","20,590.92","20,816.77","20,816.77","20,578.56","1.50B","-1.20%"
"09/19/2012","20,841.91","20,609.52","20,895.61","20,609.52","1.94B","1.16%"
"09/18/2012","20,601.93","20,622.12","20,712.69","20,568.12","1.45B","-0.27%"
"09/17/2012","20,658.11","20,758.49","20,758.49","20,591.44","1.55B","0.14%"
"09/14/2012","20,629.78","20,479.38","20,648.10","20,475.74","2.55B","2.90%"
"09/13/2012","20,047.63","20,061.97","20,146.77","20,009.50","1.24B","-0.14%"
"09/12/2012","20,075.39","19,996.14","20,118.19","19,996.14","1.36B","1.10%"
"09/11/2012","19,857.88","19,757.37","19,907.30","19,658.71","1.62B","0.15%"
"09/10/2012","19,827.17","19,876.41","19,930.37","19,764.69","3.20B","0.13%"
"09/07/2012","19,802.16","19,537.93","19,829.02","19,484.24","3.30B","3.09%"
"09/06/2012","19,209.30","19,101.93","19,216.08","19,076.79","1.36B","0.34%"
"09/05/2012","19,145.07","19,330.16","19,330.16","19,116.84","1.77B","-1.47%"
"09/04/2012","19,429.91","19,540.93","19,572.31","19,414.51","1.15B","-0.66%"
"09/03/2012","19,559.21","19,414.62","19,608.55","19,386.04","1.17B","0.39%"
"08/31/2012","19,482.57","19,516.95","19,554.26","19,450.77","1.35B","-0.36%"
"08/30/2012","19,552.91","19,657.20","19,657.20","19,509.31","1.45B","-1.19%"
"08/29/2012","19,788.51","19,857.61","19,863.47","19,770.54","1.07B","-0.12%"
"08/28/2012","19,811.80","19,723.30","19,856.32","19,723.30","1.08B","0.07%"
"08/27/2012","19,798.67","19,939.54","19,939.54","19,769.43","1.21B","-0.41%"
"08/24/2012","19,880.03","19,930.45","19,930.45","19,840.19","1.12B","-1.25%"
"08/23/2012","20,132.24","19,935.13","20,133.41","19,935.13","1.23B","1.23%"
"08/22/2012","19,887.78","19,996.73","19,996.73","19,853.42","1.03B","-1.06%"
"08/21/2012","20,100.09","20,111.97","20,141.16","19,979.58","1.05B","-0.02%"
"08/20/2012","20,104.27","20,080.32","20,109.56","19,911.49","1.02B","-0.06%"
"08/17/2012","20,116.07","20,057.31","20,147.39","20,047.64","1.21B","0.77%"
"08/16/2012","19,962.95","20,151.69","20,151.69","19,919.56","1.06B","-0.45%"
"08/15/2012","20,052.29","20,125.29","20,135.00","20,016.03","1.27B","-1.18%"
"08/14/2012","20,291.68","20,251.42","20,299.72","20,094.02","1.53B","1.05%"
"08/13/2012","20,081.36","20,188.48","20,188.48","20,037.81","990.60M","-0.27%"
"08/10/2012","20,136.12","20,204.71","20,222.13","20,045.30","1.44B","-0.66%"
"08/09/2012","20,269.47","20,149.20","20,300.03","20,149.20","1.30B","1.02%"
"08/08/2012","20,065.52","20,188.88","20,188.88","19,966.12","1.24B","-0.04%"
"08/07/2012","20,072.55","20,033.87","20,117.12","19,983.76","1.41B","0.37%"
"08/06/2012","19,998.72","20,052.50","20,091.30","19,978.65","1.44B","1.69%"
"08/03/2012","19,666.18","19,553.79","19,673.70","19,454.33","1.15B","-0.12%"
"08/02/2012","19,690.20","19,784.15","19,786.71","19,651.76","1.23B","-0.66%"
"08/01/2012","19,820.38","19,646.96","19,898.92","19,646.96","1.80B","0.12%"
"07/31/2012","19,796.81","19,661.41","19,840.16","19,618.57","1.86B","1.08%"
"07/30/2012","19,585.40","19,505.03","19,593.62","19,478.70","1.45B","1.61%"
"07/27/2012","19,274.96","19,165.03","19,330.69","19,162.53","1.57B","2.02%"
"07/26/2012","18,892.79","18,870.33","18,961.58","18,793.15","1.11B","0.08%"
"07/25/2012","18,877.33","18,762.20","18,925.66","18,710.59","1.33B","-0.14%"
"07/24/2012","18,903.20","19,078.14","19,124.96","18,854.32","929.90M","-0.79%"
"07/23/2012","19,053.47","19,259.36","19,259.36","18,986.20","1.26B","-2.99%"
"07/20/2012","19,640.80","19,613.78","19,656.11","19,511.90","1.30B","0.42%"
"07/19/2012","19,559.05","19,393.45","19,600.32","19,393.45","1.69B","1.66%"
"07/18/2012","19,239.88","19,452.24","19,452.24","19,134.57","1.17B","-1.11%"
"07/17/2012","19,455.33","19,156.96","19,479.28","19,156.96","1.40B","1.75%"
"07/16/2012","19,121.34","19,265.34","19,265.34","19,061.67","1.10B","0.15%"
"07/13/2012","19,092.63","19,069.36","19,160.49","19,032.59","1.27B","0.35%"
"07/12/2012","19,025.11","19,356.79","19,356.79","18,998.30","2.02B","-2.03%"
"07/11/2012","19,419.87","19,264.58","19,441.12","19,233.76","1.64B","0.12%"
"07/10/2012","19,396.36","19,504.42","19,515.89","19,347.23","1.18B","-0.16%"
"07/09/2012","19,428.09","19,634.84","19,737.92","19,421.75","1.44B","-1.88%"
"07/06/2012","19,800.64","19,752.83","19,839.12","19,690.64","1.76B","-0.04%"
"07/05/2012","19,809.13","19,757.42","19,869.11","19,588.63","1.27B","0.50%"
"07/04/2012","19,709.75","19,833.84","19,835.13","19,677.45","1.40B","-0.13%"
"07/03/2012","19,735.53","19,765.41","19,765.41","19,622.37","1.53B","1.51%"
"06/29/2012","19,441.46","18,996.57","19,510.77","18,991.10","2.04B","2.19%"
"06/28/2012","19,025.27","19,305.74","19,305.74","19,009.26","1.47B","-0.79%"
"06/27/2012","19,176.95","18,990.17","19,213.92","18,942.00","1.43B","1.03%"
"06/26/2012","18,981.84","18,850.47","18,998.47","18,850.47","1.32B","0.45%"
"06/25/2012","18,897.45","19,019.03","19,066.75","18,861.56","1.13B","-0.51%"
"06/22/2012","18,995.13","18,992.90","19,089.45","18,976.05","1.08B","-1.40%"
"06/21/2012","19,265.07","19,480.71","19,495.54","19,258.11","1.30B","-1.30%"
"06/20/2012","19,518.85","19,551.89","19,578.82","19,469.13","1.18B","0.53%"
"06/19/2012","19,416.67","19,451.20","19,472.05","19,320.18","1.21B","-0.06%"
"06/18/2012","19,427.81","19,578.13","19,578.13","19,395.93","1.58B","1.01%"
"06/15/2012","19,233.94","18,924.09","19,254.56","18,919.17","2.72B","2.26%"
"06/14/2012","18,808.40","18,901.71","18,937.54","18,795.65","1.31B","-1.15%"
"06/13/2012","19,026.52","18,948.45","19,029.55","18,812.94","1.42B","0.82%"
"06/12/2012","18,872.56","18,719.89","18,925.79","18,708.26","1.34B","-0.43%"
"06/11/2012","18,953.63","18,978.88","18,978.88","18,847.67","1.53B","2.44%"
"06/08/2012","18,502.34","18,797.94","18,797.94","18,461.18","2.55B","-0.94%"
"06/07/2012","18,678.29","18,825.50","18,845.57","18,624.43","1.55B","0.85%"
"06/06/2012","18,520.53","18,349.68","18,521.57","18,320.61","1.64B","1.43%"
"06/05/2012","18,259.03","18,373.22","18,412.02","18,223.13","1.37B","0.40%"
"06/04/2012","18,185.59","18,249.61","18,249.61","18,056.40","1.61B","-2.01%"
"06/01/2012","18,558.34","18,498.91","18,726.44","18,487.66","1.86B","-0.38%"
"05/31/2012","18,629.52","18,470.77","18,657.90","18,378.14","4.20B","-0.32%"
"05/30/2012","18,690.22","18,897.12","18,897.12","18,604.45","1.93B","-1.92%"
"05/29/2012","19,055.46","18,735.50","19,058.47","18,735.50","1.51B","1.35%"
"05/28/2012","18,800.99","18,672.32","18,858.32","18,672.32","1.27B","0.47%"
"05/25/2012","18,713.41","18,734.38","18,778.44","18,577.09","1.58B","0.25%"
"05/24/2012","18,666.40","18,755.09","18,835.81","18,654.76","1.40B","-0.64%"
"05/23/2012","18,786.19","18,842.32","18,845.84","18,661.48","1.48B","-1.33%"
"05/22/2012","19,039.15","19,061.42","19,182.66","19,002.64","1.47B","0.62%"
"05/21/2012","18,922.32","18,902.00","18,953.68","18,796.69","1.24B","-0.16%"
"05/18/2012","18,951.85","18,787.00","18,985.43","18,622.31","2.37B","-1.30%"
"05/17/2012","19,200.93","19,369.43","19,452.30","19,139.73","1.79B","-0.31%"
"05/16/2012","19,259.83","19,655.34","19,655.34","19,181.19","2.07B","-3.19%"
"05/15/2012","19,894.31","19,702.54","19,923.19","19,639.85","1.87B","0.81%"
"05/14/2012","19,735.04","20,037.52","20,044.69","19,715.51","1.73B","-1.15%"
"05/11/2012","19,964.63","20,083.27","20,083.27","19,901.41","1.62B","-1.30%"
"05/10/2012","20,227.28","20,313.97","20,375.04","20,091.68","1.72B","-0.51%"
"05/09/2012","20,330.64","20,361.55","20,371.66","20,257.61","1.80B","-0.75%"
"05/08/2012","20,484.75","20,647.38","20,647.38","20,399.38","1.48B","-0.25%"
"05/07/2012","20,536.65","20,658.41","20,674.45","20,477.86","2.20B","-2.61%"
"05/04/2012","21,086.00","21,107.19","21,170.64","21,061.14","1.37B","-0.77%"
"05/03/2012","21,249.53","21,209.44","21,256.81","21,153.63","7.11B","-0.28%"
"05/02/2012","21,309.08","21,245.48","21,385.30","21,237.17","1.55B","1.02%"
"04/30/2012","21,094.21","20,889.77","21,105.57","20,889.77","1.35B","1.70%"
"04/27/2012","20,741.45","20,916.08","20,929.96","20,648.77","1.55B","-0.33%"
"04/26/2012","20,809.71","20,753.18","20,826.91","20,674.94","1.11B","0.79%"
"04/25/2012","20,646.29","20,751.54","20,751.82","20,584.98","1.06B","-0.15%"
"04/24/2012","20,677.16","20,606.17","20,771.79","20,534.13","1.28B","0.26%"
"04/23/2012","20,624.39","20,970.96","20,970.96","20,624.39","1.19B","-1.84%"
"04/20/2012","21,010.64","20,933.27","21,076.43","20,881.62","1.08B","0.07%"
"04/19/2012","20,995.01","20,767.46","20,995.01","20,767.46","1.12B","1.03%"
"04/18/2012","20,780.73","20,800.21","20,862.32","20,715.94","1.49B","1.06%"
"04/17/2012","20,562.31","20,678.04","20,678.04","20,392.57","1.49B","-0.23%"
"04/16/2012","20,610.64","20,516.09","20,625.45","20,514.09","5.04B","-0.44%"
"04/13/2012","20,701.04","20,640.50","20,719.04","20,574.35","2.07B","1.84%"
"04/12/2012","20,327.32","20,179.72","20,360.48","20,138.02","1.54B","0.93%"
"04/11/2012","20,140.67","20,092.96","20,188.56","20,035.68","1.29B","-1.06%"
"04/10/2012","20,356.24","20,387.43","20,472.96","20,297.39","1.24B","-1.15%"
"04/05/2012","20,593.00","20,479.27","20,670.20","20,404.15","1.41B","-0.95%"
"04/03/2012","20,790.98","20,704.15","20,816.09","20,588.20","1.37B","1.31%"
"04/02/2012","20,522.26","20,662.97","20,662.97","20,417.69","1.07B","-0.16%"
"03/30/2012","20,555.58","20,380.06","20,566.09","20,374.03","1.91B","-0.26%"
"03/29/2012","20,609.39","20,720.34","20,720.34","20,527.26","1.67B","-1.32%"
"03/28/2012","20,885.42","20,959.98","20,989.58","20,798.09","1.50B","-0.77%"
"03/27/2012","21,046.91","20,921.80","21,063.38","20,896.19","1.53B","1.83%"
"03/26/2012","20,668.86","20,672.37","20,776.36","20,580.72","1.43B","0.00%"
"03/23/2012","20,668.80","20,740.56","20,742.70","20,596.89","1.57B","-1.11%"
"03/22/2012","20,901.56","20,886.12","20,978.49","20,801.79","1.17B","0.22%"
"03/21/2012","20,856.63","20,948.13","20,993.48","20,756.03","1.51B","-0.15%"
"03/20/2012","20,888.24","21,183.04","21,183.04","20,786.69","1.71B","-2.02%"
"03/16/2012","21,317.85","21,350.25","21,438.62","21,253.39","1.54B","-0.17%"
"03/15/2012","21,353.53","21,323.06","21,368.48","21,162.17","1.32B","0.21%"
"03/14/2012","21,307.89","21,564.21","21,638.32","21,263.02","1.92B","-0.15%"
"03/13/2012","21,339.70","21,279.41","21,427.12","21,261.32","1.36B","0.97%"
"03/12/2012","21,134.18","21,073.59","21,170.55","20,924.36","1.13B","0.23%"
"03/09/2012","21,086.00","20,930.93","21,209.79","20,917.68","1.40B","0.89%"
"03/08/2012","20,900.73","20,722.95","20,909.71","20,681.09","1.59B","1.32%"
"03/07/2012","20,627.78","20,521.96","20,732.87","20,521.96","2.21B","-0.86%"
"03/06/2012","20,806.25","21,173.74","21,173.74","20,789.36","3.94B","-2.16%"
"03/05/2012","21,265.31","21,518.03","21,578.76","21,230.61","1.26B","-1.38%"
"03/02/2012","21,562.26","21,618.15","21,623.24","21,531.93","1.59B","0.81%"
"03/01/2012","21,387.96","21,578.19","21,641.14","21,338.29","1.38B","-1.35%"
"02/29/2012","21,680.08","21,643.85","21,716.76","21,525.91","1.56B","0.52%"
"02/28/2012","21,568.73","21,303.39","21,583.07","21,273.99","1.61B","1.65%"
"02/27/2012","21,217.86","21,381.66","21,589.02","21,076.52","1.61B","-0.88%"
"02/24/2012","21,406.86","21,438.97","21,468.93","21,292.40","1.39B","0.12%"
"02/23/2012","21,380.99","21,356.53","21,428.50","21,325.56","1.13B","-0.78%"
"02/22/2012","21,549.28","21,339.02","21,569.74","21,302.19","1.38B","0.33%"
"02/21/2012","21,478.72","21,434.31","21,480.34","21,221.39","1.55B","0.25%"
"02/20/2012","21,424.79","21,760.34","21,760.34","21,393.48","1.86B","-0.31%"
"02/17/2012","21,491.62","21,503.59","21,546.73","21,381.69","1.59B","1.01%"
"02/16/2012","21,277.28","21,266.51","21,317.72","21,157.55","1.55B","-0.41%"
"02/15/2012","21,365.23","20,993.58","21,403.28","20,933.39","2.04B","2.14%"
"02/14/2012","20,917.83","20,845.24","20,947.95","20,813.53","1.17B","0.15%"
"02/13/2012","20,887.40","20,718.80","20,969.80","20,673.96","1.52B","0.50%"
"02/10/2012","20,783.86","20,986.25","21,002.33","20,703.79","2.00B","-1.08%"
"02/09/2012","21,010.01","20,922.29","21,053.06","20,787.84","2.21B","-0.04%"
"02/08/2012","21,018.46","20,827.89","21,023.33","20,755.73","1.74B","1.54%"
"02/07/2012","20,699.19","20,808.05","20,881.85","20,649.27","1.52B","-0.05%"
"02/06/2012","20,709.94","21,015.55","21,015.55","20,633.13","1.90B","-0.23%"
"02/03/2012","20,756.98","20,680.71","20,796.74","20,639.49","1.66B","0.08%"
"02/02/2012","20,739.45","20,638.96","20,761.70","20,564.97","2.10B","2.00%"
"02/01/2012","20,333.37","20,394.67","20,534.22","20,269.51","1.50B","-0.28%"
"01/31/2012","20,390.49","20,326.49","20,465.89","20,219.27","2.39B","1.14%"
"01/30/2012","20,160.41","20,518.00","20,518.00","20,144.95","2.14B","-1.66%"
"01/27/2012","20,501.67","20,443.46","20,590.80","20,384.05","1.81B","0.31%"
"01/26/2012","20,439.14","20,453.47","20,453.47","20,301.59","2.04B","1.63%"
"01/20/2012","20,110.37","20,161.72","20,161.72","19,927.88","1.97B","0.84%"
"01/19/2012","19,942.95","19,842.46","19,956.54","19,776.32","2.50B","1.30%"
"01/18/2012","19,686.92","19,651.59","19,726.84","19,577.07","1.95B","0.30%"
"01/17/2012","19,627.75","19,185.85","19,640.28","19,173.29","2.59B","3.24%"
"01/16/2012","19,012.20","19,070.74","19,070.74","18,985.75","1.35B","-1.00%"
"01/13/2012","19,204.42","19,232.21","19,232.21","19,073.18","2.02B","0.57%"
"01/12/2012","19,095.38","19,112.76","19,261.29","19,050.95","1.79B","-0.30%"
"01/11/2012","19,151.94","19,071.90","19,175.85","18,983.14","2.04B","0.78%"
"01/10/2012","19,004.28","18,948.12","19,086.53","18,858.57","1.99B","0.73%"
"01/09/2012","18,865.72","18,588.36","18,884.26","18,302.84","1.38B","1.47%"
"01/06/2012","18,593.06","18,784.86","18,784.86","18,506.58","1.43B","-1.17%"
"01/05/2012","18,813.41","18,753.38","18,821.09","18,723.28","1.04B","0.46%"
"01/04/2012","18,727.31","18,970.60","18,970.60","18,687.94","1.17B","-0.80%"
"01/03/2012","18,877.41","18,770.64","18,886.12","18,724.17","1.25B","2.40%"
"12/30/2011","18,434.39","18,489.04","18,506.27","18,415.85","837.20M","0.20%"
"12/29/2011","18,397.92","18,329.61","18,409.12","18,293.81","1.21B","-0.65%"
"12/28/2011","18,518.67","18,621.50","18,621.50","18,461.97","862.70M","-0.59%"
"12/23/2011","18,629.17","18,589.68","18,636.75","18,539.59","965.40M","1.37%"
"12/22/2011","18,378.23","18,356.87","18,388.01","18,238.38","903.90M","-0.21%"
"12/21/2011","18,416.45","18,462.64","18,473.19","18,288.65","1.42B","1.86%"
"12/20/2011","18,080.20","18,044.75","18,270.70","18,010.26","1.20B","0.06%"
"12/19/2011","18,070.21","18,053.64","18,092.35","17,821.52","1.39B","-1.18%"
"12/16/2011","18,285.39","18,025.60","18,390.41","18,025.60","2.21B","1.43%"
"12/15/2011","18,026.84","18,122.73","18,133.94","17,895.15","1.71B","-1.78%"
"12/14/2011","18,354.43","18,301.05","18,476.15","18,280.67","1.20B","-0.50%"
"12/13/2011","18,447.17","18,327.45","18,465.39","18,297.66","1.05B","-0.69%"
"12/12/2011","18,575.66","18,853.32","18,919.42","18,508.12","1.17B","-0.06%"
"12/09/2011","18,586.23","18,721.16","18,840.93","18,511.42","1.66B","-2.73%"
"12/08/2011","19,107.81","19,112.33","19,137.56","18,956.41","1.30B","-0.69%"
"12/07/2011","19,240.58","19,114.02","19,242.80","19,009.43","1.85B","1.58%"
"12/06/2011","18,942.23","19,011.81","19,038.48","18,818.68","1.25B","-1.24%"
"12/05/2011","19,179.69","19,117.89","19,188.86","18,972.90","1.60B","0.73%"
"12/02/2011","19,040.39","18,977.20","19,151.65","18,878.31","2.31B","0.20%"
"12/01/2011","19,002.26","19,033.96","19,050.56","18,868.32","3.56B","5.63%"
"11/30/2011","17,989.35","18,192.29","18,192.29","17,860.80","3.42B","-1.46%"
"11/29/2011","18,256.20","18,225.10","18,372.45","18,053.92","1.73B","1.21%"
"11/28/2011","18,037.81","18,019.21","18,095.20","17,954.19","1.14B","1.97%"
"11/25/2011","17,689.48","17,658.78","17,827.81","17,613.20","944.80M","-1.37%"
"11/24/2011","17,935.10","17,657.69","17,997.07","17,657.69","1.40B","0.40%"
"11/23/2011","17,864.43","17,954.58","17,964.40","17,838.74","1.58B","-2.12%"
"11/22/2011","18,251.59","18,225.48","18,355.12","18,017.50","1.96B","0.14%"
"11/21/2011","18,225.85","18,213.72","18,293.94","18,054.23","1.37B","-1.44%"
"11/18/2011","18,491.23","18,561.04","18,561.04","18,398.96","1.66B","-1.73%"
"11/17/2011","18,817.47","18,686.17","18,958.97","18,657.74","2.57B","-0.76%"
"11/16/2011","18,960.90","19,483.10","19,483.10","18,768.67","1.62B","-2.00%"
"11/15/2011","19,348.44","19,305.28","19,420.06","19,240.35","5.17B","-0.82%"
"11/14/2011","19,508.18","19,600.37","19,640.68","19,496.16","1.68B","1.94%"
"11/11/2011","19,137.17","19,143.58","19,206.34","19,028.31","1.28B","0.91%"
"11/10/2011","18,963.89","19,091.40","19,199.08","18,945.58","2.49B","-5.25%"
"11/09/2011","20,014.43","20,067.38","20,173.14","19,967.17","1.94B","1.71%"
"11/08/2011","19,678.47","19,848.50","19,914.92","19,659.94","1.46B","0.00%"
"11/07/2011","19,677.89","19,894.22","19,977.09","19,649.57","1.62B","-0.83%"
"11/04/2011","19,842.79","19,922.77","19,981.52","19,773.31","2.26B","3.12%"
"11/03/2011","19,242.50","19,418.82","19,541.12","19,142.34","2.14B","-2.49%"
"11/02/2011","19,733.71","19,091.85","19,745.48","19,024.07","1.96B","1.88%"
"11/01/2011","19,369.96","19,461.08","19,698.99","19,322.60","1.76B","-2.49%"
"10/31/2011","19,864.87","20,027.72","20,155.62","19,699.33","1.75B","-0.77%"
"10/28/2011","20,019.24","20,152.22","20,272.38","19,972.24","3.75B","1.68%"
"10/27/2011","19,688.70","19,067.59","19,693.19","19,046.47","3.15B","3.26%"
"10/26/2011","19,066.54","18,727.96","19,106.74","18,705.08","1.68B","0.52%"
"10/25/2011","18,968.20","18,867.51","18,981.57","18,801.42","1.90B","1.05%"
"10/24/2011","18,771.82","18,444.16","18,826.85","18,435.41","1.95B","4.14%"
"10/21/2011","18,025.72","18,034.20","18,082.43","17,926.29","1.07B","0.24%"
"10/20/2011","17,983.10","18,198.12","18,198.12","17,782.00","1.27B","-1.78%"
"10/19/2011","18,309.22","18,400.33","18,426.29","18,203.99","1.37B","1.29%"
"10/18/2011","18,076.46","18,411.40","18,411.40","17,963.26","2.20B","-4.23%"
"10/17/2011","18,873.99","18,808.66","18,908.17","18,675.81","1.63B","2.01%"
"10/14/2011","18,501.79","18,639.43","18,665.95","18,367.85","1.49B","-1.36%"
"10/13/2011","18,757.81","18,601.65","18,758.74","18,453.05","2.34B","2.34%"
"10/12/2011","18,329.46","17,990.56","18,411.77","17,804.56","2.17B","1.04%"
"10/11/2011","18,141.59","18,441.87","18,456.16","18,041.70","3.12B","2.43%"
"10/10/2011","17,711.06","17,853.26","17,859.35","17,437.84","1.78B","0.02%"
"10/07/2011","17,707.01","17,540.72","17,800.72","17,505.38","2.46B","3.11%"
"10/06/2011","17,172.28","16,975.00","17,179.93","16,849.45","3.07B","5.67%"
"10/04/2011","16,250.27","16,731.58","16,840.91","16,170.35","2.86B","-3.40%"
"10/03/2011","16,822.15","17,179.20","17,179.20","16,717.14","3.23B","-4.38%"
"09/30/2011","17,592.41","17,946.24","17,946.24","17,502.08","3.58B","-2.32%"
"09/28/2011","18,011.06","17,962.49","18,101.27","17,843.95","2.51B","-0.66%"
"09/27/2011","18,130.55","17,818.97","18,136.02","17,769.06","2.66B","4.15%"
"09/26/2011","17,407.80","17,634.42","17,734.84","16,999.54","3.00B","-1.48%"
"09/23/2011","17,668.83","17,585.79","17,813.57","17,373.41","3.97B","-1.36%"
"09/22/2011","17,911.95","18,296.80","18,296.80","17,859.31","2.67B","-4.85%"
"09/21/2011","18,824.17","18,891.50","19,023.57","18,698.90","1.87B","-1.00%"
"09/20/2011","19,014.80","19,008.61","19,055.16","18,732.75","1.80B","0.51%"
"09/19/2011","18,917.95","19,247.59","19,247.59","18,876.06","1.58B","-2.76%"
"09/16/2011","19,455.31","19,545.50","19,652.53","19,454.74","2.49B","1.43%"
"09/15/2011","19,181.50","19,186.76","19,269.41","18,935.08","1.92B","0.71%"
"09/14/2011","19,045.44","19,216.29","19,248.64","18,627.65","2.45B","0.08%"
"09/12/2011","19,030.54","19,264.68","19,303.74","18,989.44","1.90B","-4.21%"
"09/09/2011","19,866.63","19,997.89","20,088.80","19,808.95","1.30B","-0.23%"
"09/08/2011","19,912.82","20,159.29","20,159.29","19,799.49","1.89B","-0.67%"
"09/07/2011","20,048.00","19,836.25","20,069.75","19,785.29","1.71B","1.71%"
"09/06/2011","19,710.50","19,374.92","19,727.89","19,290.40","1.81B","0.48%"
"09/05/2011","19,616.40","19,830.50","19,830.50","19,567.77","1.89B","-2.95%"
"09/02/2011","20,212.91","20,557.92","20,580.81","20,178.67","1.75B","-1.81%"
"09/01/2011","20,585.33","20,790.22","20,975.30","20,572.97","2.67B","0.25%"
"08/31/2011","20,534.85","20,256.34","20,556.93","20,168.93","3.56B","1.64%"
"08/30/2011","20,204.17","20,203.55","20,341.12","20,071.52","6.81B","1.71%"
"08/29/2011","19,865.11","19,883.06","19,919.34","19,749.40","1.90B","1.44%"
"08/26/2011","19,582.88","19,733.71","19,919.92","19,549.53","2.06B","-0.86%"
"08/25/2011","19,752.48","19,744.52","19,803.28","19,638.87","1.82B","1.47%"
"08/24/2011","19,466.79","19,863.11","19,876.67","19,452.65","1.68B","-2.06%"
"08/23/2011","19,875.53","19,476.47","19,893.37","19,383.38","1.96B","1.99%"
"08/22/2011","19,486.87","19,465.30","19,666.84","19,047.64","2.55B","0.45%"
"08/19/2011","19,399.92","19,478.82","19,595.92","19,314.42","2.11B","-3.08%"
"08/18/2011","20,016.27","20,261.21","20,342.24","19,969.21","1.57B","-1.34%"
"08/17/2011","20,289.03","20,318.37","20,504.38","20,214.72","1.56B","0.38%"
"08/16/2011","20,212.08","20,344.75","20,431.86","20,140.31","1.78B","-0.24%"
"08/15/2011","20,260.10","20,056.78","20,264.33","19,924.56","1.83B","3.26%"
"08/12/2011","19,620.01","19,955.82","19,955.82","19,575.00","2.16B","0.13%"
"08/11/2011","19,595.14","19,319.43","19,728.88","19,269.41","2.75B","-0.95%"
"08/10/2011","19,783.67","19,993.78","20,105.87","19,672.66","2.94B","2.34%"
"08/09/2011","19,330.70","19,209.70","20,158.55","18,868.11","4.64B","-5.66%"
"08/08/2011","20,490.57","20,409.01","20,572.51","20,044.37","2.68B","-2.17%"
"08/05/2011","20,946.14","20,939.40","21,017.72","20,643.26","3.53B","-4.29%"
"08/04/2011","21,884.74","22,019.92","22,087.12","21,725.67","1.55B","-0.49%"
"08/03/2011","21,992.72","22,015.67","22,041.87","21,882.78","2.26B","-1.91%"
"08/02/2011","22,421.46","22,532.77","22,623.22","22,387.92","1.59B","-1.07%"
"08/01/2011","22,663.37","22,739.55","22,808.33","22,651.00","1.44B","0.99%"
"07/29/2011","22,440.25","22,544.51","22,623.01","22,323.16","1.29B","-0.58%"
"07/28/2011","22,570.74","22,246.70","22,572.30","22,231.07","1.49B","0.13%"
"07/27/2011","22,541.69","22,489.70","22,635.38","22,469.18","1.48B","-0.13%"
"07/26/2011","22,572.08","22,285.04","22,581.56","22,262.46","1.75B","1.25%"
"07/25/2011","22,293.29","22,287.37","22,330.20","22,217.40","1.33B","-0.68%"
"07/22/2011","22,444.80","22,231.60","22,449.11","22,231.60","2.05B","2.08%"
"07/21/2011","21,987.29","22,058.63","22,090.55","21,857.03","1.58B","-0.07%"
"07/20/2011","22,003.69","22,072.89","22,088.24","21,871.96","1.50B","0.46%"
"07/19/2011","21,902.40","21,805.00","21,909.54","21,611.16","1.42B","0.45%"
"07/18/2011","21,804.75","21,727.93","22,026.60","21,727.93","1.22B","-0.32%"
"07/15/2011","21,875.38","21,872.56","21,974.57","21,774.95","1.26B","-0.30%"
"07/14/2011","21,940.20","21,936.87","21,945.02","21,747.45","1.67B","0.06%"
"07/13/2011","21,926.88","21,794.37","21,935.68","21,718.81","1.67B","1.22%"
"07/12/2011","21,663.16","22,092.57","22,092.57","21,648.39","2.38B","-3.06%"
"07/11/2011","22,347.23","22,598.62","22,598.62","22,307.22","1.53B","-1.67%"
"07/08/2011","22,726.43","22,706.24","22,835.03","22,677.97","1.43B","0.87%"
"07/07/2011","22,530.18","22,587.50","22,707.37","22,523.93","1.48B","0.06%"
"07/06/2011","22,517.55","22,645.35","22,737.50","22,509.18","9.53B","-1.01%"
"07/05/2011","22,747.95","22,821.75","22,821.75","22,707.10","1.09B","-0.10%"
"07/04/2011","22,770.47","22,813.25","22,817.50","22,728.65","1.54B","1.66%"
"06/30/2011","22,398.10","22,233.70","22,464.05","22,174.61","1.69B","1.53%"
"06/29/2011","22,061.18","22,229.84","22,237.10","22,022.06","1.50B","-0.00%"
"06/28/2011","22,061.78","22,168.93","22,206.09","21,952.37","1.39B","0.09%"
"06/27/2011","22,041.77","21,888.04","22,099.29","21,888.04","1.27B","-0.59%"
"06/24/2011","22,171.95","21,843.76","22,182.75","21,783.73","1.96B","1.90%"
"06/23/2011","21,759.14","21,777.11","21,905.10","21,632.87","1.78B","-0.46%"
"06/22/2011","21,859.97","22,044.16","22,047.85","21,837.84","1.43B","0.04%"
"06/21/2011","21,850.59","21,783.86","21,875.16","21,656.06","2.14B","1.16%"
"06/20/2011","21,599.51","21,770.79","21,897.35","21,508.77","1.40B","-0.44%"
"06/17/2011","21,695.26","21,969.68","21,971.24","21,628.33","1.99B","-1.17%"
"06/16/2011","21,953.11","22,048.28","22,065.46","21,874.89","1.88B","-1.75%"
"06/15/2011","22,343.77","22,532.84","22,598.76","22,327.00","1.26B","-0.68%"
"06/14/2011","22,496.00","22,298.47","22,642.46","22,298.47","1.50B","-0.05%"
"06/13/2011","22,508.08","22,172.61","22,508.50","22,156.81","1.27B","0.39%"
"06/10/2011","22,420.37","22,641.62","22,674.80","22,297.94","1.70B","-0.84%"
"06/09/2011","22,609.83","22,628.13","22,647.30","22,372.94","2.44B","-0.23%"
"06/08/2011","22,661.63","22,757.62","22,757.62","22,607.09","2.03B","-0.91%"
"06/07/2011","22,868.67","22,762.21","22,928.96","22,730.12","1.49B","-0.35%"
"06/03/2011","22,949.56","23,338.76","23,338.76","22,932.48","1.96B","-1.31%"
"06/02/2011","23,253.84","23,280.05","23,317.79","23,210.95","1.31B","-1.58%"
"06/01/2011","23,626.43","23,686.77","23,706.00","23,598.39","1.59B","-0.24%"
"05/31/2011","23,684.13","23,380.29","23,707.95","23,371.48","2.14B","2.16%"
"05/30/2011","23,184.32","23,117.80","23,257.85","23,086.05","792.90M","0.29%"
"05/27/2011","23,118.07","22,939.95","23,150.60","22,859.98","1.50B","0.95%"
"05/26/2011","22,900.79","22,848.06","22,943.85","22,796.13","960.50M","0.67%"
"05/25/2011","22,747.28","22,558.33","22,767.01","22,519.66","1.23B","0.07%"
"05/24/2011","22,730.78","22,693.10","22,754.45","22,631.13","1.01B","0.09%"
"05/23/2011","22,711.02","22,942.96","22,942.96","22,691.33","1.49B","-2.11%"
"05/20/2011","23,199.39","23,215.62","23,242.63","23,147.42","798.10M","0.16%"
"05/19/2011","23,163.38","23,125.28","23,248.13","23,031.60","1.15B","0.66%"
"05/18/2011","23,011.14","22,968.62","23,057.72","22,924.46","1.07B","0.48%"
"05/17/2011","22,901.08","22,896.20","22,967.88","22,768.03","926.40M","-0.26%"
"05/16/2011","22,960.63","23,054.06","23,134.64","22,937.14","1.08B","-1.36%"
"05/13/2011","23,276.27","23,120.00","23,295.03","22,888.08","1.23B","0.88%"
"05/12/2011","23,073.76","23,112.13","23,127.98","22,985.54","1.21B","-0.94%"
"05/11/2011","23,291.80","23,509.01","23,509.01","23,233.42","1.31B","-0.19%"
"05/09/2011","23,336.00","23,249.98","23,392.70","23,239.15","1.01B","0.76%"
"05/06/2011","23,159.14","23,035.94","23,207.44","22,985.66","1.28B","-0.44%"
"05/05/2011","23,261.61","23,228.01","23,348.33","23,167.93","1.56B","-0.23%"
"05/04/2011","23,315.24","23,582.60","23,582.60","23,230.38","1.88B","-1.35%"
"05/03/2011","23,633.25","23,794.86","23,924.48","23,599.28","1.31B","-0.37%"
"04/29/2011","23,720.81","23,729.77","23,808.93","23,633.74","1.47B","-0.36%"
"04/28/2011","23,805.63","24,103.03","24,132.05","23,761.13","1.57B","-0.37%"
"04/27/2011","23,892.84","24,193.28","24,260.77","23,825.13","1.25B","-0.48%"
"04/26/2011","24,007.38","23,964.62","24,070.03","23,844.30","1.14B","-0.54%"
"04/21/2011","24,138.31","24,090.55","24,185.49","24,031.42","1.51B","1.01%"
"04/20/2011","23,896.10","23,709.29","23,904.77","23,682.79","1.24B","1.60%"
"04/19/2011","23,520.62","23,654.86","23,654.86","23,468.20","1.46B","-1.30%"
"04/18/2011","23,830.31","23,977.87","24,145.43","23,769.48","1.28B","-0.74%"
"04/15/2011","24,008.07","24,086.55","24,236.54","23,902.03","1.28B","-0.02%"
"04/14/2011","24,014.00","23,951.88","24,070.76","23,912.27","1.22B","-0.50%"
"04/13/2011","24,135.03","23,981.05","24,200.32","23,842.29","1.60B","0.66%"
"04/12/2011","23,976.37","24,142.55","24,142.55","23,916.55","1.61B","-1.34%"
"04/11/2011","24,303.07","24,394.99","24,466.47","24,250.05","1.51B","-0.38%"
"04/08/2011","24,396.07","24,306.44","24,468.64","24,251.74","1.60B","0.47%"
"04/07/2011","24,281.80","24,317.82","24,368.76","24,195.61","1.59B","-0.01%"
"04/06/2011","24,285.05","24,182.83","24,322.26","24,102.60","2.11B","0.56%"
"04/04/2011","24,150.58","23,917.01","24,164.37","23,917.01","2.07B","1.46%"
"04/01/2011","23,801.90","23,664.48","23,827.21","23,474.34","2.19B","1.17%"
"03/31/2011","23,527.52","23,618.06","23,618.06","23,450.46","2.34B","0.32%"
"03/30/2011","23,451.43","23,192.79","23,505.11","23,180.92","2.04B","1.70%"
"03/29/2011","23,060.36","22,997.35","23,137.15","22,965.34","1.35B","-0.03%"
"03/28/2011","23,068.19","23,114.07","23,261.68","22,952.43","1.99B","-0.39%"
"03/25/2011","23,158.67","23,135.38","23,179.26","23,068.09","2.70B","1.06%"
"03/24/2011","22,915.28","23,005.49","23,050.87","22,890.83","1.85B","0.39%"
"03/23/2011","22,825.40","22,797.94","22,849.23","22,714.86","1.38B","-0.14%"
"03/22/2011","22,857.90","22,732.95","22,880.59","22,654.22","1.45B","0.76%"
"03/21/2011","22,685.22","22,401.06","22,711.84","22,395.30","1.74B","1.73%"
"03/18/2011","22,300.23","22,387.98","22,464.35","22,273.70","2.02B","0.07%"
"03/17/2011","22,284.43","22,237.24","22,393.98","22,123.26","1.70B","-1.83%"
"03/16/2011","22,700.88","22,814.50","22,814.50","22,541.55","1.77B","0.10%"
"03/15/2011","22,678.25","23,110.71","23,110.71","22,253.47","2.97B","-2.86%"
"03/14/2011","23,345.88","23,207.15","23,345.88","23,078.94","1.20B","0.41%"
"03/11/2011","23,249.78","23,437.50","23,514.73","23,105.99","1.67B","-1.55%"
"03/10/2011","23,614.89","23,818.64","23,818.64","23,564.95","1.41B","-0.82%"
"03/09/2011","23,810.11","23,863.93","23,934.07","23,775.70","2.03B","0.42%"
"03/08/2011","23,711.70","23,401.49","23,731.89","23,307.70","1.78B","1.71%"
"03/07/2011","23,313.19","23,257.14","23,491.71","23,229.07","1.32B","-0.41%"
"03/04/2011","23,408.86","23,406.77","23,506.67","23,374.60","1.86B","1.24%"
"03/03/2011","23,122.42","23,102.83","23,329.38","23,097.15","1.64B","0.32%"
"03/02/2011","23,048.66","23,114.43","23,114.43","22,915.65","1.49B","-1.49%"
"03/01/2011","23,396.42","23,317.96","23,478.70","23,244.11","1.80B","0.25%"
"02/28/2011","23,338.02","22,900.15","23,388.32","22,886.37","1.78B","1.42%"
"02/25/2011","23,012.37","22,727.04","23,091.32","22,712.96","1.40B","1.82%"
"02/24/2011","22,601.04","22,856.78","23,036.93","22,575.99","1.51B","-1.34%"
"02/23/2011","22,906.90","22,983.37","23,055.47","22,837.09","1.29B","-0.36%"
"02/22/2011","22,990.81","23,170.52","23,170.52","22,938.13","1.74B","-2.11%"
"02/21/2011","23,485.42","23,500.11","23,585.63","23,444.77","1.23B","-0.47%"
"02/18/2011","23,595.24","23,342.67","23,614.61","23,316.30","2.14B","1.26%"
"02/17/2011","23,301.84","23,173.48","23,320.43","23,079.47","1.45B","0.63%"
"02/16/2011","23,156.97","23,015.39","23,183.28","22,809.01","1.29B","1.12%"
"02/15/2011","22,899.78","23,037.03","23,104.98","22,881.16","1.31B","-0.96%"
"02/14/2011","23,121.06","22,920.29","23,187.82","22,899.58","1.62B","1.28%"
"02/11/2011","22,828.92","22,752.55","22,861.53","22,446.67","1.97B","0.53%"
"02/10/2011","22,708.62","23,035.64","23,069.42","22,668.02","2.50B","-1.97%"
"02/09/2011","23,164.03","23,535.41","23,591.50","23,128.72","2.27B","-1.36%"
"02/08/2011","23,484.30","23,613.49","23,616.83","23,396.17","1.68B","-0.29%"
"02/07/2011","23,553.59","23,981.74","23,981.74","23,530.80","1.48B","-1.49%"
"02/02/2011","23,908.96","23,700.16","23,922.74","23,671.51","1.09B","1.81%"
"02/01/2011","23,482.95","23,451.62","23,552.23","23,422.72","1.36B","0.15%"
"01/31/2011","23,447.34","23,314.69","23,520.54","23,285.60","1.96B","-0.72%"
"01/28/2011","23,617.02","23,763.74","23,763.74","23,580.42","1.50B","-0.68%"
"01/27/2011","23,779.62","23,771.12","24,023.68","23,734.70","1.59B","-0.27%"
"01/26/2011","23,843.24","23,802.88","23,976.37","23,662.18","1.32B","0.23%"
"01/25/2011","23,788.83","23,891.68","23,999.11","23,769.46","1.04B","-0.05%"
"01/24/2011","23,801.78","23,970.30","23,970.30","23,751.72","1.20B","-0.31%"
"01/21/2011","23,876.86","23,913.19","24,130.16","23,840.29","1.34B","-0.53%"
"01/20/2011","24,003.70","24,248.32","24,248.32","23,963.86","1.53B","-1.70%"
"01/19/2011","24,419.62","24,321.25","24,434.40","24,243.88","1.36B","1.10%"
"01/18/2011","24,153.98","24,189.83","24,382.01","24,104.34","1.29B","-0.01%"
"01/17/2011","24,156.97","24,364.07","24,364.07","24,098.03","1.21B","-0.52%"
"01/14/2011","24,283.23","24,273.62","24,347.26","24,187.90","1.53B","0.18%"
"01/13/2011","24,238.98","24,347.34","24,378.81","24,208.45","2.32B","0.47%"
"01/12/2011","24,125.61","23,857.17","24,168.36","23,857.17","1.59B","1.54%"
"01/11/2011","23,760.34","23,606.76","23,855.83","23,512.22","1.17B","0.99%"
"01/10/2011","23,527.26","23,715.47","23,783.83","23,481.80","1.09B","-0.67%"
"01/07/2011","23,686.63","23,744.03","23,880.77","23,654.04","1.29B","-0.42%"
"01/06/2011","23,786.30","23,861.22","23,861.22","23,698.38","1.15B","0.12%"
"01/05/2011","23,757.82","23,650.18","23,773.98","23,579.74","1.28B","0.38%"
"01/04/2011","23,668.48","23,477.31","23,695.61","23,408.09","1.33B","0.99%"
"01/03/2011","23,436.05","23,135.64","23,443.53","23,057.52","1.07B","1.74%"
"12/31/2010","23,035.45","23,079.84","23,102.05","23,012.50","643.10M","0.16%"
"12/30/2010","22,999.34","22,987.84","23,111.27","22,890.56","979.90M","0.13%"
"12/29/2010","22,969.30","22,725.38","22,981.52","22,663.80","796.50M","1.54%"
"12/28/2010","22,621.73","22,553.15","22,684.83","22,529.26","1.03B","-0.93%"
"12/24/2010","22,833.80","22,932.50","22,948.25","22,776.62","531.80M","-0.30%"
"12/23/2010","22,902.97","23,139.58","23,151.38","22,867.93","739.90M","-0.62%"
"12/22/2010","23,045.19","23,039.85","23,160.44","22,990.69","1.19B","0.22%"
"12/21/2010","22,993.86","22,711.46","23,025.47","22,671.61","1.26B","1.57%"
"12/20/2010","22,639.08","22,708.43","22,716.78","22,392.67","1.18B","-0.33%"
"12/17/2010","22,714.85","22,660.88","22,732.62","22,519.61","1.43B","0.20%"
"12/16/2010","22,668.78","22,949.78","22,992.07","22,598.96","1.49B","-1.33%"
"12/15/2010","22,975.35","23,371.34","23,371.34","22,876.88","1.73B","-1.95%"
"12/14/2010","23,431.19","23,451.40","23,453.42","23,328.01","1.01B","0.49%"
"12/13/2010","23,317.61","23,362.32","23,490.18","23,233.40","1.11B","0.67%"
"12/10/2010","23,162.91","23,091.52","23,202.29","22,965.90","1.35B","-0.04%"
"12/09/2010","23,171.80","23,167.87","23,269.36","23,083.16","1.36B","0.34%"
"12/08/2010","23,092.52","23,362.66","23,374.37","22,998.34","1.47B","-1.43%"
"12/07/2010","23,428.15","23,177.40","23,475.29","23,101.81","1.40B","0.82%"
"12/06/2010","23,237.69","23,507.20","23,612.25","23,213.71","1.45B","-0.36%"
"12/03/2010","23,320.52","23,555.76","23,611.04","23,286.54","1.64B","-0.55%"
"12/02/2010","23,448.78","23,554.75","23,575.38","23,388.74","1.73B","0.86%"
"12/01/2010","23,249.80","22,973.80","23,325.79","22,842.12","1.62B","1.05%"
"11/30/2010","23,007.99","23,122.40","23,199.44","22,844.53","1.71B","-0.68%"
"11/29/2010","23,166.22","22,832.05","23,187.75","22,785.28","1.21B","1.26%"
"11/26/2010","22,877.25","23,033.00","23,107.67","22,782.98","1.13B","-0.77%"
"11/25/2010","23,054.68","23,110.02","23,283.22","23,037.86","1.28B","0.13%"
"11/24/2010","23,023.86","23,107.44","23,166.69","22,971.21","1.46B","0.56%"
"11/23/2010","22,896.14","23,290.28","23,322.17","22,871.11","2.17B","-2.67%"
"11/22/2010","23,524.02","23,499.63","23,592.77","23,419.41","1.65B","-0.35%"
"11/19/2010","23,605.71","23,625.31","23,686.42","23,252.33","1.90B","-0.13%"
"11/18/2010","23,637.39","23,437.80","23,671.51","23,327.29","1.72B","1.82%"
"11/17/2010","23,214.46","23,432.23","23,618.24","23,192.49","2.17B","-2.02%"
"11/16/2010","23,693.02","24,009.84","24,085.23","23,578.87","1.92B","-1.39%"
"11/15/2010","24,027.18","24,371.77","24,382.14","24,002.65","1.67B","-0.81%"
"11/12/2010","24,222.58","24,404.91","24,608.66","24,187.27","2.09B","-1.93%"
"11/11/2010","24,700.30","24,598.81","24,887.58","24,505.15","1.80B","0.82%"
"11/10/2010","24,500.61","24,672.50","24,692.54","24,421.03","1.95B","-0.85%"
"11/09/2010","24,710.60","24,858.34","24,963.26","24,687.30","2.26B","-1.02%"
"11/08/2010","24,964.37","24,838.22","24,988.57","24,732.52","1.81B","0.35%"
"11/05/2010","24,876.82","24,905.43","24,931.85","24,732.90","2.82B","1.39%"
"11/04/2010","24,535.63","24,377.07","24,550.08","24,345.93","2.32B","1.62%"
"11/03/2010","24,144.67","23,802.06","24,163.84","23,684.99","2.70B","2.00%"
"11/02/2010","23,671.42","23,608.18","23,724.87","23,566.88","1.62B","0.08%"
"11/01/2010","23,652.94","23,366.82","23,656.65","23,366.82","1.71B","2.41%"
"10/29/2010","23,096.32","23,177.69","23,222.35","22,880.68","1.91B","-0.49%"
"10/28/2010","23,210.86","23,290.54","23,290.54","23,136.97","1.33B","0.20%"
"10/27/2010","23,164.58","23,543.73","23,708.67","23,148.18","1.88B","-1.85%"
"10/26/2010","23,601.24","23,727.63","23,727.63","23,546.33","1.40B","-0.11%"
"10/25/2010","23,627.91","23,551.14","23,781.88","23,519.16","1.44B","0.47%"
"10/22/2010","23,517.54","23,647.32","23,667.42","23,465.76","1.26B","-0.56%"
"10/21/2010","23,649.48","23,736.79","23,736.79","23,450.83","1.71B","0.39%"
"10/20/2010","23,556.50","23,423.82","23,689.99","23,307.49","2.64B","-0.87%"
"10/19/2010","23,763.73","23,551.31","23,768.09","23,551.31","1.62B","1.25%"
"10/18/2010","23,469.38","23,693.12","23,716.48","23,467.45","2.26B","-1.21%"
"10/15/2010","23,757.63","23,733.79","23,862.54","23,650.30","3.60B","-0.40%"
"10/14/2010","23,852.17","23,685.26","23,866.87","23,614.40","4.14B","1.68%"
"10/13/2010","23,457.69","23,329.32","23,471.66","23,035.57","2.51B","1.45%"
"10/12/2010","23,121.70","23,161.21","23,254.14","23,055.61","1.66B","-0.37%"
"10/11/2010","23,207.31","23,169.13","23,302.29","23,151.62","2.07B","1.15%"
"10/08/2010","22,944.18","22,861.15","23,093.77","22,861.15","1.56B","0.26%"
"10/07/2010","22,884.32","22,996.73","22,996.73","22,824.05","2.18B","0.02%"
"10/06/2010","22,880.41","23,006.20","23,023.13","22,872.42","3.27B","1.07%"
"10/05/2010","22,639.14","22,532.04","22,670.81","22,504.05","1.82B","0.09%"
"10/04/2010","22,618.66","22,542.36","22,734.88","22,542.36","2.59B","1.17%"
"09/30/2010","22,358.17","22,287.08","22,381.33","22,202.43","2.33B","-0.09%"
"09/29/2010","22,378.67","22,314.56","22,439.19","22,300.09","1.95B","1.22%"
"09/28/2010","22,109.95","22,329.82","22,371.60","22,091.13","1.53B","-1.03%"
"09/27/2010","22,340.84","22,351.33","22,407.23","22,292.54","1.52B","1.00%"
"09/24/2010","22,119.43","21,972.88","22,155.67","21,956.76","1.30B","0.33%"
"09/22/2010","22,047.71","22,077.38","22,229.18","22,021.60","1.31B","0.21%"
"09/21/2010","22,002.59","22,118.58","22,118.58","21,950.69","1.28B","0.11%"
"09/20/2010","21,977.34","21,918.45","22,009.10","21,874.42","1.22B","0.03%"
"09/17/2010","21,970.86","21,744.53","21,988.87","21,713.67","1.89B","1.29%"
"09/16/2010","21,691.45","21,694.21","21,726.01","21,525.71","1.48B","-0.16%"
"09/15/2010","21,725.64","21,819.95","21,819.95","21,633.07","1.10B","0.14%"
"09/14/2010","21,696.04","21,760.73","21,763.73","21,656.45","1.52B","0.17%"
"09/13/2010","21,658.35","21,396.90","21,714.36","21,395.57","2.04B","1.89%"
"09/10/2010","21,257.39","21,310.72","21,332.44","21,092.81","1.13B","0.43%"
"09/09/2010","21,167.27","21,169.82","21,248.58","21,122.73","1.09B","0.37%"
"09/08/2010","21,088.86","21,213.20","21,214.81","21,066.69","1.96B","-1.46%"
"09/07/2010","21,401.79","21,419.91","21,435.58","21,313.26","1.16B","0.22%"
"09/06/2010","21,355.77","21,155.91","21,398.09","21,139.79","1.60B","1.83%"
"09/03/2010","20,971.50","20,918.81","21,028.66","20,860.89","1.34B","0.49%"
"09/02/2010","20,868.92","20,864.40","20,938.29","20,819.61","1.27B","1.19%"
"09/01/2010","20,623.83","20,570.52","20,649.45","20,529.87","1.11B","0.43%"
"08/31/2010","20,536.49","20,539.22","20,608.55","20,372.29","1.33B","-0.97%"
"08/30/2010","20,737.22","20,797.01","20,832.36","20,668.81","1.06B","0.68%"
"08/27/2010","20,597.35","20,563.09","20,670.57","20,552.55","1.21B","-0.07%"
"08/26/2010","20,612.06","20,603.18","20,664.76","20,567.33","1.03B","-0.11%"
"08/25/2010","20,634.98","20,603.57","20,667.30","20,512.78","1.22B","-0.11%"
"08/24/2010","20,658.71","20,759.35","20,937.53","20,651.27","1.24B","-1.10%"
"08/23/2010","20,889.01","20,963.25","21,035.01","20,845.70","857.90M","-0.44%"
"08/20/2010","20,981.82","20,929.72","20,997.39","20,868.24","1.10B","-0.43%"
"08/19/2010","21,072.46","21,094.70","21,297.62","21,023.30","1.34B","0.24%"
"08/18/2010","21,022.73","21,167.88","21,277.12","20,968.70","1.28B","-0.54%"
"08/17/2010","21,137.43","21,081.31","21,161.73","21,015.01","671.70M","0.12%"
"08/16/2010","21,112.12","20,881.95","21,209.46","20,881.95","1.05B","0.19%"
"08/13/2010","21,071.57","21,095.17","21,205.68","21,012.51","1.23B","-0.16%"
"08/12/2010","21,105.71","21,039.42","21,124.98","20,926.48","1.70B","-0.89%"
"08/11/2010","21,294.54","21,542.27","21,643.24","21,239.17","1.48B","-0.83%"
"08/10/2010","21,473.60","21,764.23","21,765.58","21,446.80","1.26B","-1.50%"
"08/09/2010","21,801.59","21,640.53","21,805.94","21,622.12","999.90M","0.57%"
"08/06/2010","21,678.80","21,575.95","21,722.38","21,456.74","1.31B","0.59%"
"08/05/2010","21,551.72","21,577.13","21,618.58","21,462.23","940.90M","0.01%"
"08/04/2010","21,549.88","21,567.33","21,621.82","21,427.51","1.24B","0.43%"
"08/03/2010","21,457.66","21,610.18","21,610.18","21,409.81","1.42B","0.21%"
"08/02/2010","21,412.79","21,221.43","21,439.22","21,221.43","1.65B","1.82%"
"07/30/2010","21,029.81","21,008.46","21,095.90","20,945.63","947.20M","-0.30%"
"07/29/2010","21,093.82","21,091.17","21,130.74","20,970.93","1.01B","0.01%"
"07/28/2010","21,091.18","20,961.55","21,199.55","20,902.16","1.35B","0.56%"
"07/27/2010","20,973.39","20,965.54","21,008.78","20,824.05","1.12B","0.64%"
"07/26/2010","20,839.91","20,944.63","20,963.08","20,826.98","1.14B","0.12%"
"07/23/2010","20,815.33","20,847.85","20,847.85","20,728.41","1.64B","1.10%"
"07/22/2010","20,589.70","20,487.49","20,592.46","20,384.73","951.80M","0.50%"
"07/21/2010","20,487.23","20,377.60","20,494.18","20,334.35","1.12B","1.10%"
"07/20/2010","20,264.59","20,075.72","20,403.01","20,075.72","1.17B","0.86%"
"07/19/2010","20,090.95","20,007.88","20,127.56","20,007.88","1.04B","-0.79%"
"07/16/2010","20,250.16","20,293.61","20,313.74","20,173.49","1.65B","-0.03%"
"07/15/2010","20,255.62","20,530.29","20,665.62","20,226.26","1.59B","-1.48%"
"07/14/2010","20,560.81","20,722.22","20,722.22","20,512.24","1.56B","0.64%"
"07/13/2010","20,431.06","20,485.11","20,529.41","20,378.99","1.31B","-0.18%"
"07/12/2010","20,467.43","20,476.02","20,539.61","20,368.62","1.68B","0.44%"
"07/09/2010","20,378.66","20,142.78","20,418.31","20,116.52","1.67B","1.64%"
"07/08/2010","20,050.56","20,231.15","20,236.18","20,002.01","1.14B","0.97%"
"07/07/2010","19,857.07","19,948.15","19,948.15","19,800.23","1.08B","-1.13%"
"07/06/2010","20,084.12","19,777.83","20,084.12","19,777.83","1.20B","1.22%"
"07/05/2010","19,842.20","19,809.06","19,913.40","19,793.47","1.25B","-0.32%"
"07/02/2010","19,905.32","20,059.56","20,161.99","19,803.22","1.37B","-1.11%"
"06/30/2010","20,128.99","19,985.72","20,143.16","19,971.27","1.59B","-0.59%"
"06/29/2010","20,248.90","20,727.45","20,738.15","20,190.88","1.78B","-2.31%"
"06/28/2010","20,726.68","20,718.08","20,862.38","20,687.27","1.17B","0.17%"
"06/25/2010","20,690.79","20,615.92","20,732.30","20,563.93","1.34B","-0.21%"
"06/24/2010","20,733.49","20,797.44","20,901.15","20,710.15","1.07B","-0.59%"
"06/23/2010","20,856.61","20,718.66","20,866.88","20,689.15","1.36B","0.18%"
"06/22/2010","20,819.08","20,861.47","20,957.09","20,796.38","1.60B","-0.45%"
"06/21/2010","20,912.18","20,571.40","20,938.33","20,571.40","3.17B","3.08%"
"06/18/2010","20,286.71","20,199.22","20,315.42","20,138.35","1.41B","0.74%"
"06/17/2010","20,138.40","20,201.81","20,201.81","20,078.59","1.03B","0.38%"
"06/15/2010","20,062.15","19,998.53","20,142.10","19,970.91","996.10M","0.05%"
"06/14/2010","20,051.91","20,102.55","20,102.55","20,024.04","954.80M","0.90%"
"06/11/2010","19,872.38","19,995.64","19,995.64","19,834.23","1.15B","1.22%"
"06/10/2010","19,632.70","19,517.61","19,729.15","19,517.61","962.20M","0.06%"
"06/09/2010","19,621.24","19,488.20","19,792.28","19,383.89","1.26B","0.69%"
"06/08/2010","19,487.48","19,459.74","19,510.09","19,333.10","904.50M","0.56%"
"06/07/2010","19,378.15","19,211.67","19,389.91","19,211.67","1.58B","-2.03%"
"06/04/2010","19,780.07","19,765.25","19,841.68","19,658.66","1.01B","-0.03%"
"06/03/2010","19,786.71","19,822.89","19,859.80","19,744.32","1.27B","1.62%"
"06/02/2010","19,471.80","19,651.55","19,656.22","19,372.13","1.23B","-0.13%"
"06/01/2010","19,496.95","19,600.57","19,805.60","19,463.35","1.10B","-1.36%"
"05/31/2010","19,765.19","19,705.53","19,823.99","19,629.83","1.08B","-0.01%"
"05/28/2010","19,766.71","19,816.39","19,910.06","19,710.86","2.07B","1.73%"
"05/27/2010","19,431.37","19,015.89","19,555.78","18,971.52","2.14B","1.22%"
"05/26/2010","19,196.45","19,177.34","19,242.06","19,047.70","2.26B","1.11%"
"05/25/2010","18,985.50","19,317.24","19,328.36","18,974.52","2.17B","-3.47%"
"05/24/2010","19,667.76","19,470.28","19,757.44","19,470.28","1.64B","0.62%"
"05/20/2010","19,545.83","19,694.47","19,747.16","19,276.46","1.59B","-0.17%"
"05/19/2010","19,578.98","19,552.16","19,785.86","19,546.22","1.29B","-1.83%"
"05/18/2010","19,944.94","19,768.80","20,013.33","19,672.39","1.35B","1.17%"
"05/17/2010","19,715.20","19,832.03","19,832.03","19,593.50","1.73B","-2.14%"
"05/14/2010","20,145.43","20,258.45","20,352.80","20,130.78","1.37B","-1.36%"
"05/13/2010","20,422.46","20,411.55","20,526.58","20,273.99","1.34B","1.04%"
"05/12/2010","20,212.49","20,175.74","20,237.86","20,003.49","1.16B","0.33%"
"05/11/2010","20,146.51","20,346.54","20,398.43","19,977.10","1.89B","-1.37%"
"05/10/2010","20,426.64","20,118.95","20,491.95","20,035.60","1.82B","2.54%"
"05/07/2010","19,920.29","19,699.50","20,037.60","19,699.50","2.32B","-1.06%"
"05/06/2010","20,133.41","20,177.47","20,303.22","19,888.49","2.15B","-0.96%"
"05/05/2010","20,327.54","20,390.12","20,505.66","20,293.23","2.38B","-2.10%"
"05/04/2010","20,763.05","20,935.90","21,011.95","20,743.49","1.29B","-0.23%"
"05/03/2010","20,811.36","20,799.79","20,886.85","20,773.97","1.31B","-1.41%"
"04/30/2010","21,108.59","20,934.07","21,121.52","20,920.15","2.39B","1.59%"
"04/29/2010","20,778.92","20,994.37","21,007.56","20,763.34","1.62B","-0.81%"
"04/28/2010","20,949.40","20,853.83","21,021.67","20,853.83","1.79B","-1.47%"
"04/27/2010","21,261.79","21,341.48","21,383.21","21,224.05","1.33B","-1.51%"
"04/26/2010","21,587.06","21,501.21","21,617.85","21,489.05","1.14B","1.61%"
"04/23/2010","21,244.49","21,385.16","21,442.77","21,232.15","1.31B","-0.98%"
"04/22/2010","21,454.94","21,283.93","21,471.11","21,206.74","1.35B","-0.26%"
"04/21/2010","21,510.93","21,732.76","21,740.64","21,475.98","1.62B","-0.52%"
"04/20/2010","21,623.38","21,519.26","21,647.75","21,507.47","1.42B","1.02%"
"04/19/2010","21,405.17","21,557.78","21,582.13","21,283.30","2.35B","-2.10%"
"04/16/2010","21,865.26","22,059.30","22,111.99","21,788.88","2.50B","-1.32%"
"04/15/2010","22,157.82","22,265.36","22,337.89","22,113.21","1.46B","0.16%"
"04/14/2010","22,121.43","22,183.05","22,192.33","22,061.77","1.30B","0.08%"
"04/13/2010","22,103.53","22,216.11","22,290.67","22,008.05","1.87B","-0.16%"
"04/12/2010","22,138.17","22,388.77","22,388.77","22,131.93","1.58B","-0.32%"
"04/09/2010","22,208.50","22,014.73","22,249.23","21,963.78","2.13B","1.56%"
"04/08/2010","21,867.04","21,836.42","21,949.25","21,813.35","1.71B","-0.28%"
"04/07/2010","21,928.77","21,828.35","21,935.41","21,747.57","2.87B","1.82%"
"04/01/2010","21,537.00","21,390.89","21,547.66","21,373.16","2.06B","1.40%"
"03/31/2010","21,239.35","21,366.62","21,446.80","21,230.29","2.16B","-0.63%"
"03/30/2010","21,374.79","21,230.53","21,450.98","21,202.17","1.75B","0.65%"
"03/29/2010","21,237.43","21,148.05","21,318.23","21,125.91","1.39B","0.88%"
"03/26/2010","21,053.11","20,679.65","21,126.75","20,679.65","1.86B","1.32%"
"03/25/2010","20,778.55","20,799.05","20,800.95","20,659.28","1.46B","-1.10%"
"03/24/2010","21,008.62","21,203.50","21,205.50","20,974.05","1.28B","0.10%"
"03/23/2010","20,987.78","21,070.65","21,211.08","20,971.56","1.25B","0.26%"
"03/22/2010","20,933.25","21,120.43","21,120.43","20,899.69","1.57B","-2.05%"
"03/19/2010","21,370.82","21,359.55","21,389.00","21,257.80","1.35B","0.19%"
"03/18/2010","21,330.67","21,429.69","21,440.81","21,287.37","1.34B","-0.25%"
"03/17/2010","21,384.49","21,183.60","21,440.18","21,159.43","1.61B","1.72%"
"03/16/2010","21,022.93","21,135.79","21,196.83","20,986.69","1.03B","-0.27%"
"03/15/2010","21,079.10","21,036.42","21,116.50","20,964.31","1.14B","-0.62%"
"03/12/2010","21,209.74","21,249.80","21,260.07","21,116.84","1.16B","-0.09%"
"03/11/2010","21,228.20","21,333.06","21,333.06","21,059.06","1.40B","0.09%"
"03/10/2010","21,208.29","21,293.52","21,293.52","21,156.09","1.26B","0.00%"
"03/09/2010","21,207.55","21,153.62","21,277.66","21,128.93","1.42B","0.05%"
"03/08/2010","21,196.87","21,099.71","21,257.09","21,080.76","2.05B","1.97%"
"03/05/2010","20,787.97","20,820.97","20,820.97","20,654.94","2.88B","1.03%"
"03/04/2010","20,575.78","20,983.81","21,000.13","20,575.78","1.91B","-1.44%"
"03/03/2010","20,876.79","21,016.29","21,016.29","20,845.16","1.67B","-0.14%"
"03/02/2010","20,906.11","20,921.44","20,961.83","20,847.46","2.30B","-0.72%"
"03/01/2010","21,056.93","20,853.08","21,056.93","20,853.08","2.59B","2.17%"
"02/26/2010","20,608.70","20,657.83","20,662.84","20,567.58","1.49B","1.03%"
"02/25/2010","20,399.57","20,512.38","20,644.27","20,261.98","1.98B","-0.33%"
"02/24/2010","20,467.74","20,357.42","20,583.84","20,351.05","1.51B","-0.75%"
"02/23/2010","20,623.00","20,218.51","20,711.75","20,120.10","1.47B","1.21%"
"02/22/2010","20,377.27","20,407.84","20,427.09","20,313.15","1.07B","2.43%"
"02/19/2010","19,894.02","20,261.49","20,261.49","19,874.55","1.33B","-2.59%"
"02/18/2010","20,422.15","20,534.77","20,569.61","20,381.30","720.60M","-0.54%"
"02/17/2010","20,534.01","20,657.86","20,684.22","20,471.36","1.11B","1.31%"
"02/12/2010","20,268.69","20,240.67","20,428.32","20,212.55","1.19B","-0.11%"
"02/11/2010","20,290.69","20,095.53","20,310.79","20,095.53","1.34B","1.85%"
"02/10/2010","19,922.22","19,914.84","19,976.66","19,681.54","1.58B","0.67%"
"02/09/2010","19,790.28","19,493.50","19,843.87","19,461.20","1.50B","1.22%"
"02/08/2010","19,550.89","19,614.85","19,673.11","19,423.05","1.75B","-0.58%"
"02/05/2010","19,665.08","19,706.24","19,822.93","19,655.88","2.52B","-3.33%"
"02/04/2010","20,341.64","20,534.74","20,554.20","20,316.33","1.61B","-1.84%"
"02/03/2010","20,722.08","20,486.15","20,780.50","20,315.31","1.92B","2.22%"
"02/02/2010","20,272.18","20,432.96","20,533.96","20,181.28","1.56B","0.14%"
"02/01/2010","20,243.75","19,987.67","20,254.24","19,845.93","1.70B","0.61%"
"01/29/2010","20,121.99","20,026.52","20,327.69","19,916.34","1.78B","-1.15%"
"01/28/2010","20,356.37","20,202.33","20,437.56","20,170.15","1.88B","1.61%"
"01/27/2010","20,033.07","20,185.80","20,340.82","19,923.55","1.82B","-0.38%"
"01/26/2010","20,109.33","20,560.11","20,560.11","20,046.60","2.27B","-2.38%"
"01/25/2010","20,598.55","20,519.01","20,619.70","20,422.67","1.91B","-0.62%"
"01/22/2010","20,726.18","20,527.20","20,738.99","20,250.36","3.22B","-0.65%"
"01/21/2010","20,862.67","21,192.83","21,272.26","20,828.24","2.47B","-1.99%"
"01/20/2010","21,286.17","21,543.25","21,561.56","21,171.30","2.20B","-1.81%"
"01/19/2010","21,677.98","21,481.11","21,681.69","21,335.60","1.91B","1.02%"
"01/18/2010","21,460.01","21,418.34","21,645.68","21,320.97","1.87B","-0.90%"
"01/15/2010","21,654.16","21,715.09","21,788.85","21,581.07","2.66B","-0.29%"
"01/14/2010","21,716.95","21,871.01","21,988.93","21,707.10","2.34B","-0.15%"
"01/13/2010","21,748.60","21,990.68","22,012.04","21,688.17","3.41B","-2.59%"
"01/12/2010","22,326.64","22,378.23","22,476.12","22,192.98","2.20B","-0.38%"
"01/11/2010","22,411.52","22,524.18","22,671.92","22,373.96","1.74B","0.51%"
"01/08/2010","22,296.75","22,282.75","22,443.22","22,206.16","1.63B","0.12%"
"01/07/2010","22,269.45","22,548.03","22,548.03","22,169.61","1.50B","-0.66%"
"01/06/2010","22,416.67","22,357.46","22,514.79","22,277.13","2.10B","0.62%"
"01/05/2010","22,279.58","22,092.15","22,297.04","21,987.27","1.97B","2.09%"
"01/04/2010","21,823.28","21,860.04","22,024.83","21,689.22","1.01B","-0.23%"
"12/31/2009","21,872.50","21,654.25","21,886.32","21,587.48","792.38M","1.75%"
"12/30/2009","21,496.62","21,469.33","21,620.74","21,320.11","1.49B","-0.01%"
"12/29/2009","21,499.44","21,544.44","21,608.98","21,392.90","775.52M","0.09%"
"12/28/2009","21,480.22","21,622.13","21,739.39","21,474.11","851.75M","-0.17%"
"12/24/2009","21,517.00","21,378.79","21,591.99","21,357.29","688.22M","0.88%"
"12/23/2009","21,328.74","21,115.88","21,339.18","21,017.02","992.74M","1.12%"
"12/22/2009","21,092.04","21,151.85","21,229.71","21,029.28","1.27B","0.69%"
"12/21/2009","20,948.10","21,110.24","21,178.45","20,932.77","1.20B","-1.08%"
"12/18/2009","21,175.88","21,162.43","21,281.91","21,078.20","1.87B","-0.80%"
"12/17/2009","21,347.63","21,665.79","21,665.79","21,218.90","1.79B","-1.22%"
"12/16/2009","21,611.74","21,840.25","21,907.29","21,517.59","1.78B","-0.93%"
"12/15/2009","21,813.92","22,032.16","22,032.16","21,779.92","1.77B","-1.23%"
"12/14/2009","22,085.75","21,638.97","22,225.77","21,546.53","1.90B","0.84%"
"12/11/2009","21,902.11","21,796.83","22,143.84","21,796.83","1.54B","0.93%"
"12/10/2009","21,700.04","21,939.12","21,981.38","21,565.58","1.62B","-0.19%"
"12/09/2009","21,741.76","21,905.80","22,034.81","21,658.27","1.56B","-1.44%"
"12/08/2009","22,060.52","22,306.17","22,306.17","22,055.02","1.32B","-1.18%"
"12/07/2009","22,324.96","22,387.23","22,476.62","22,256.11","1.12B","-0.77%"
"12/04/2009","22,498.15","22,400.49","22,528.84","22,240.86","1.42B","-0.25%"
"12/03/2009","22,553.87","22,503.68","22,593.72","22,333.67","1.44B","1.19%"
"12/02/2009","22,289.57","22,402.51","22,439.36","22,266.69","1.62B","0.80%"
"12/01/2009","22,113.15","21,813.42","22,130.75","21,789.41","1.44B","1.34%"
"11/30/2009","21,821.50","21,687.69","21,924.08","21,687.69","2.03B","3.25%"
"11/27/2009","21,134.50","21,623.92","21,685.13","21,002.49","3.97B","-4.84%"
"11/26/2009","22,210.41","22,580.25","22,580.25","22,108.26","2.30B","-1.78%"
"11/25/2009","22,611.80","22,505.93","22,638.89","22,336.07","2.91B","0.84%"
"11/24/2009","22,423.14","22,697.62","22,813.93","22,395.38","1.78B","-1.53%"
"11/23/2009","22,771.39","22,541.69","22,794.13","22,490.34","1.14B","1.41%"
"11/20/2009","22,455.84","22,486.56","22,584.55","22,376.36","1.44B","-0.83%"
"11/19/2009","22,643.16","22,894.84","22,894.84","22,587.18","1.30B","-0.86%"
"11/18/2009","22,840.33","22,974.36","23,099.57","22,645.74","1.65B","-0.32%"
"11/17/2009","22,914.15","23,000.37","23,000.37","22,798.02","1.26B","-0.13%"
"11/16/2009","22,943.98","22,789.99","22,998.85","22,770.69","1.66B","1.73%"
"11/13/2009","22,553.63","22,381.34","22,585.53","22,343.99","1.42B","0.70%"
"11/12/2009","22,397.57","22,660.47","22,707.36","22,359.09","1.42B","-1.01%"
"11/11/2009","22,627.21","22,534.14","22,643.66","22,396.04","1.32B","1.61%"
"11/10/2009","22,268.16","22,556.56","22,556.56","22,200.24","1.70B","0.27%"
"11/09/2009","22,207.55","22,004.51","22,214.85","21,941.62","1.66B","1.73%"
"11/06/2009","21,829.72","21,866.72","21,931.36","21,780.57","1.52B","1.63%"
"11/05/2009","21,479.08","21,405.06","21,549.10","21,372.99","1.26B","-0.63%"
"11/04/2009","21,614.77","21,396.50","21,699.84","21,360.66","1.40B","1.76%"
"11/03/2009","21,240.06","21,598.63","21,684.73","21,223.42","1.46B","-1.76%"
"11/02/2009","21,620.19","21,194.12","21,632.90","21,130.90","1.72B","-0.61%"
"10/30/2009","21,752.87","21,720.41","21,953.59","21,720.41","2.18B","2.29%"
"10/29/2009","21,264.99","21,290.09","21,346.55","21,134.33","2.28B","-2.28%"
"10/28/2009","21,761.58","22,004.55","22,149.04","21,740.33","1.74B","-1.84%"
"10/27/2009","22,169.59","22,016.79","22,277.06","22,016.79","1.68B","-1.86%"
"10/26/2009","22,589.73","22,589.73","22,589.73","22,589.73","-","0.00%"
"10/23/2009","22,589.73","22,438.90","22,620.01","22,407.40","2.12B","1.71%"
"10/22/2009","22,210.52","22,237.37","22,266.74","22,002.79","1.71B","-0.48%"
"10/21/2009","22,318.11","22,299.65","22,407.14","22,200.64","1.40B","-0.30%"
"10/20/2009","22,384.96","22,260.41","22,451.62","22,260.41","1.85B","0.83%"
"10/19/2009","22,200.46","21,761.83","22,250.23","21,761.83","1.53B","1.23%"
"10/16/2009","21,929.90","22,138.06","22,143.01","21,899.17","2.14B","-0.31%"
"10/15/2009","21,999.08","22,209.19","22,250.35","21,971.48","2.15B","0.51%"
"10/14/2009","21,886.48","21,564.33","21,893.42","21,562.66","2.01B","1.95%"
"10/13/2009","21,467.36","21,371.82","21,679.15","21,371.82","1.82B","0.79%"
"10/12/2009","21,299.35","21,623.33","21,623.33","21,262.71","1.01B","-0.93%"
"10/09/2009","21,499.44","21,572.70","21,572.70","21,421.77","1.39B","0.03%"
"10/08/2009","21,492.90","21,418.27","21,524.05","21,284.42","1.41B","1.18%"
"10/07/2009","21,241.59","21,074.98","21,343.75","21,072.59","2.03B","2.07%"
"10/06/2009","20,811.53","20,509.64","20,824.13","20,509.64","1.44B","1.87%"
"10/05/2009","20,429.07","20,342.58","20,489.95","20,305.06","1.23B","0.26%"
"10/02/2009","20,375.49","20,380.23","20,470.92","20,323.59","1.86B","-2.77%"
"10/01/2009","20,955.25","20,955.25","20,955.25","20,955.25","-","0.00%"
"09/30/2009","20,955.25","20,981.13","21,090.49","20,792.98","1.12B","-0.28%"
"09/29/2009","21,013.17","20,889.81","21,087.25","20,889.81","1.30B","2.06%"
"09/28/2009","20,588.41","20,798.52","20,829.51","20,534.82","1.26B","-2.07%"
"09/25/2009","21,024.40","20,810.81","21,065.73","20,766.46","1.27B","-0.13%"
"09/24/2009","21,050.73","21,386.47","21,399.23","20,963.37","2.07B","-2.52%"
"09/23/2009","21,595.52","21,655.62","21,742.39","21,524.33","1.17B","-0.49%"
"09/22/2009","21,701.14","21,556.69","21,704.14","21,491.69","1.13B","1.06%"
"09/21/2009","21,472.85","21,574.94","21,730.71","21,457.35","1.53B","-0.70%"
"09/18/2009","21,623.45","21,640.97","21,765.98","21,515.93","2.00B","-0.67%"
"09/17/2009","21,768.51","21,674.71","21,929.79","21,636.52","2.51B","1.71%"
"09/16/2009","21,402.92","21,086.75","21,403.13","20,950.38","2.26B","2.57%"
"09/15/2009","20,866.37","21,049.22","21,049.22","20,819.93","713.49M","-0.31%"
"09/14/2009","20,932.20","20,841.51","21,045.00","20,821.59","1.25B","-1.08%"
"09/11/2009","21,161.42","21,122.31","21,306.11","20,980.15","1.77B","0.44%"
"09/10/2009","21,069.56","21,131.08","21,322.55","21,020.92","2.22B","1.05%"
"09/09/2009","20,851.04","21,085.09","21,085.09","20,825.16","1.54B","-1.04%"
"09/08/2009","21,069.81","20,617.40","21,133.71","20,617.40","2.80B","2.14%"
"09/07/2009","20,629.31","20,502.85","20,667.58","20,446.16","2.27B","1.53%"
"09/04/2009","20,318.62","19,830.02","20,413.61","19,744.45","3.11B","2.82%"
"09/03/2009","19,761.68","19,526.89","19,823.03","19,526.89","1.58B","1.23%"
"09/02/2009","19,522.00","19,560.27","19,611.07","19,425.86","1.67B","-1.76%"
"09/01/2009","19,872.30","19,961.74","19,961.74","19,734.27","1.40B","0.75%"
"08/31/2009","19,724.19","19,827.13","19,827.13","19,592.07","2.27B","-1.86%"
"08/28/2009","20,098.62","20,409.13","20,409.13","20,004.70","1.76B","-0.71%"
"08/27/2009","20,242.75","20,289.34","20,364.40","20,147.34","1.67B","-1.04%"
"08/26/2009","20,456.32","20,542.76","20,576.60","20,401.74","1.44B","0.10%"
"08/25/2009","20,435.24","20,246.79","20,476.25","20,143.51","1.53B","-0.49%"
"08/24/2009","20,535.94","20,649.96","20,649.96","20,433.61","1.94B","1.67%"
"08/21/2009","20,199.02","20,288.56","20,439.42","20,002.78","1.67B","-0.64%"
"08/20/2009","20,328.86","20,282.72","20,465.22","20,196.33","1.80B","1.88%"
"08/19/2009","19,954.23","20,195.09","20,352.94","19,824.86","2.10B","-1.73%"
"08/18/2009","20,306.27","20,125.55","20,409.19","19,916.28","2.04B","0.84%"
"08/17/2009","20,137.65","20,467.30","20,471.77","20,058.10","2.56B","-3.62%"
"08/14/2009","20,893.33","21,023.96","21,037.17","20,639.56","1.74B","0.15%"
"08/13/2009","20,861.30","20,767.86","20,943.86","20,746.92","1.93B","2.08%"
"08/12/2009","20,435.24","20,725.90","20,725.90","20,417.76","2.25B","-3.03%"
"08/11/2009","21,074.21","20,774.97","21,088.07","20,733.34","1.63B","0.69%"
"08/10/2009","20,929.52","20,758.52","21,010.47","20,730.41","2.17B","2.72%"
"08/07/2009","20,375.37","20,708.12","20,759.56","20,316.78","2.81B","-2.51%"
"08/06/2009","20,899.24","20,484.34","20,904.93","20,339.87","2.43B","1.97%"
"08/05/2009","20,494.77","20,779.77","20,995.81","20,436.65","2.26B","-1.45%"
"08/04/2009","20,796.43","21,196.75","21,196.75","20,748.61","2.57B","-0.05%"
"08/03/2009","20,807.26","20,582.68","20,816.61","20,449.19","1.93B","1.14%"
"07/31/2009","20,573.33","20,546.07","20,712.66","20,474.05","1.93B","1.68%"
"07/30/2009","20,234.08","20,150.26","20,359.79","19,955.32","1.99B","0.49%"
"07/29/2009","20,135.50","20,404.51","20,542.61","19,787.48","2.52B","-2.37%"
"07/28/2009","20,624.54","20,261.94","20,664.48","20,109.55","2.36B","1.84%"
"07/27/2009","20,251.62","20,170.73","20,385.69","20,096.17","2.20B","1.35%"
"07/24/2009","19,982.79","20,063.93","20,063.93","19,715.15","2.23B","0.83%"
"07/23/2009","19,817.70","19,431.92","19,824.18","19,415.37","2.31B","2.96%"
"07/22/2009","19,248.17","19,560.42","19,641.75","19,224.05","2.06B","-1.30%"
"07/21/2009","19,501.73","19,601.86","19,601.86","19,295.23","1.84B","-0.00%"
"07/20/2009","19,502.37","19,005.19","19,506.42","18,960.54","2.44B","3.70%"
"07/17/2009","18,805.66","18,551.91","18,855.86","18,457.42","2.51B","2.42%"
"07/16/2009","18,361.87","18,688.87","18,700.60","18,303.58","1.95B","0.57%"
"07/15/2009","18,258.66","18,042.59","18,289.00","18,030.10","1.76B","2.09%"
"07/14/2009","17,885.73","17,631.67","17,896.36","17,581.43","1.85B","3.66%"
"07/13/2009","17,254.63","17,612.45","17,612.45","17,185.96","2.01B","-2.56%"
"07/10/2009","17,708.42","17,800.05","17,851.22","17,645.55","1.61B","-0.46%"
"07/09/2009","17,790.59","17,793.61","17,836.95","17,509.28","2.16B","0.39%"
"07/08/2009","17,721.07","17,652.98","17,819.31","17,493.62","2.00B","-0.79%"
"07/07/2009","17,862.27","17,943.49","18,159.99","17,821.71","1.50B","-0.65%"
"07/06/2009","17,979.41","18,020.10","18,258.26","17,897.68","1.78B","-1.23%"
"07/03/2009","18,203.40","17,961.18","18,234.24","17,894.81","1.54B","0.14%"
"07/02/2009","18,178.05","18,780.96","18,780.96","18,053.10","2.29B","-1.09%"
"06/30/2009","18,378.73","18,883.24","18,883.24","18,364.81","2.42B","-0.81%"
"06/29/2009","18,528.51","18,561.11","18,687.36","18,451.76","1.63B","-0.39%"
"06/26/2009","18,600.26","18,408.37","18,688.11","18,360.71","2.26B","1.78%"
"06/25/2009","18,275.03","18,140.16","18,340.91","18,069.37","2.32B","2.14%"
"06/24/2009","17,892.15","17,583.35","17,912.07","17,484.06","2.22B","2.02%"
"06/23/2009","17,538.37","17,577.73","17,682.87","17,375.96","2.87B","-2.89%"
"06/22/2009","18,059.55","17,906.39","18,398.92","17,906.39","2.59B","0.77%"
"06/19/2009","17,920.93","17,936.33","18,015.11","17,759.86","3.09B","0.81%"
"06/18/2009","17,776.66","17,955.68","18,069.76","17,655.82","2.36B","-1.70%"
"06/17/2009","18,084.60","17,984.83","18,255.13","17,833.77","2.91B","-0.45%"
"06/16/2009","18,165.50","18,235.97","18,314.96","17,859.74","2.92B","-1.80%"
"06/15/2009","18,498.96","18,712.06","18,872.74","18,433.30","2.36B","-2.07%"
"06/12/2009","18,889.68","19,034.79","19,161.97","18,707.19","3.60B","0.52%"
"06/11/2009","18,791.03","18,578.89","18,883.24","18,564.87","3.64B","0.03%"
"06/10/2009","18,785.66","18,339.91","18,789.85","18,258.16","4.43B","4.03%"
"06/09/2009","18,058.49","18,450.64","18,475.51","17,710.45","2.17B","-1.07%"
"06/08/2009","18,253.39","18,521.79","18,636.15","18,236.05","1.99B","-2.28%"
"06/05/2009","18,679.53","18,674.48","18,722.49","18,406.86","2.50B","0.96%"
"06/04/2009","18,502.77","18,417.90","18,522.39","18,108.80","2.68B","-0.40%"
"06/03/2009","18,576.47","18,616.94","18,967.39","18,508.30","3.09B","1.02%"
"06/02/2009","18,389.08","18,916.61","18,916.61","18,300.62","3.93B","-2.64%"
"06/01/2009","18,888.59","18,499.92","18,895.80","18,415.41","4.12B","3.95%"
"05/29/2009","18,171.00","18,027.93","18,227.79","17,833.74","4.36B","1.60%"
"05/27/2009","17,885.27","17,395.61","17,984.02","17,347.89","4.56B","5.26%"
"05/26/2009","16,991.56","17,050.34","17,283.89","16,977.71","2.05B","-0.76%"
"05/25/2009","17,121.82","16,999.05","17,264.42","16,789.00","1.95B","0.35%"
"05/22/2009","17,062.52","17,169.57","17,299.26","16,740.27","1.94B","-0.80%"
"05/21/2009","17,199.49","17,291.44","17,415.26","17,172.64","1.54B","-1.58%"
"05/20/2009","17,475.84","17,486.39","17,611.00","17,362.37","2.31B","-0.39%"
"05/19/2009","17,544.03","17,454.23","17,588.93","17,376.43","2.81B","3.06%"
"05/18/2009","17,022.91","16,468.71","17,062.49","16,334.36","2.40B","1.38%"
"05/15/2009","16,790.70","16,818.81","16,953.41","16,736.18","1.98B","1.51%"
"05/14/2009","16,541.69","16,630.33","16,630.33","16,422.28","2.96B","-3.04%"
"05/13/2009","17,059.62","17,097.82","17,372.15","17,014.86","20.43B","-0.55%"
"05/12/2009","17,153.64","16,996.21","17,239.65","16,908.06","4.03B","0.38%"
"05/11/2009","17,087.95","17,381.00","17,685.64","17,032.44","3.72B","-1.74%"
"05/08/2009","17,389.87","17,149.31","17,442.96","16,970.20","3.89B","1.00%"
"05/07/2009","17,217.89","17,278.31","17,327.52","16,880.60","4.41B","2.28%"
"05/06/2009","16,834.57","16,348.76","16,885.92","16,268.03","3.04B","2.46%"
"05/05/2009","16,430.08","16,572.00","16,580.54","16,295.86","2.52B","0.30%"
"05/04/2009","16,381.05","15,869.28","16,387.12","15,855.24","3.32B","5.54%"
"05/01/2009","15,520.99","15,520.99","15,520.99","15,520.99","-","0.00%"
"04/30/2009","15,520.99","15,369.11","15,587.29","15,204.10","2.93B","3.77%"
"04/29/2009","14,956.95","14,767.92","14,983.66","14,714.51","2.41B","2.76%"
"04/28/2009","14,555.11","15,057.25","15,078.63","14,457.99","2.82B","-1.92%"
"04/27/2009","14,840.42","15,160.69","15,160.69","14,798.90","2.33B","-2.74%"
"04/24/2009","15,258.85","15,217.37","15,367.48","15,062.29","1.79B","0.29%"
"04/23/2009","15,214.46","14,958.24","15,222.20","14,867.59","2.01B","2.26%"
"04/22/2009","14,878.45","15,328.83","15,396.28","14,830.59","3.07B","-2.67%"
"04/21/2009","15,285.89","15,065.59","15,332.27","15,065.59","2.43B","-2.95%"
"04/20/2009","15,750.91","15,574.32","15,878.40","15,382.96","2.57B","0.96%"
"04/17/2009","15,601.27","15,956.46","15,956.46","15,541.31","3.10B","0.12%"
"04/16/2009","15,582.99","15,928.82","15,977.13","15,517.39","2.68B","-0.55%"
"04/15/2009","15,669.62","15,344.59","15,669.85","15,213.39","2.53B","0.57%"
"04/14/2009","15,580.16","15,302.14","15,596.34","15,140.39","3.64B","4.55%"
"04/13/2009","14,901.41","14,901.41","14,901.41","14,901.41","-","0.00%"
"04/09/2009","14,901.41","14,677.85","14,987.41","14,656.16","2.61B","2.95%"
"04/08/2009","14,474.86","14,715.70","14,715.70","14,276.35","2.94B","-3.04%"
"04/07/2009","14,928.97","14,922.09","14,994.76","14,743.71","2.56B","-0.46%"
"04/06/2009","14,998.04","14,920.84","15,147.06","14,778.51","2.56B","3.11%"
"04/03/2009","14,545.69","14,547.52","14,644.82","14,392.19","3.08B","0.16%"
"04/02/2009","14,521.97","13,963.34","14,533.34","13,953.56","3.40B","7.41%"
"04/01/2009","13,519.54","13,746.18","13,788.41","13,411.79","2.75B","-0.42%"
"03/31/2009","13,576.02","13,545.36","13,696.69","13,428.31","2.85B","0.89%"
"03/30/2009","13,456.33","13,893.15","13,893.15","13,413.48","2.89B","-4.70%"
"03/27/2009","14,119.50","14,257.56","14,257.56","13,955.66","3.40B","0.07%"
"03/26/2009","14,108.98","13,821.28","14,132.09","13,819.10","4.82B","3.57%"
"03/25/2009","13,622.11","13,754.77","13,892.88","13,567.45","3.19B","-2.07%"
"03/24/2009","13,910.34","13,773.17","13,952.98","13,538.16","2.91B","3.44%"
"03/23/2009","13,447.42","13,001.55","13,451.02","13,001.55","2.68B","4.78%"
"03/20/2009","12,833.51","13,157.90","13,157.90","12,797.10","2.07B","-2.26%"
"03/19/2009","13,130.92","13,205.17","13,205.17","12,947.90","2.04B","0.10%"
"03/18/2009","13,117.17","13,052.95","13,167.20","13,020.80","1.77B","1.86%"
"03/17/2009","12,878.09","12,948.85","13,226.31","12,854.05","2.90B","-0.76%"
"03/16/2009","12,976.71","12,657.87","12,976.71","12,615.45","2.78B","3.60%"
"03/13/2009","12,525.80","12,395.18","12,525.80","12,303.70","2.86B","4.37%"
"03/12/2009","12,001.53","11,905.47","12,040.84","11,848.50","1.46B","0.59%"
"03/11/2009","11,930.66","12,228.22","12,228.22","11,904.61","2.69B","2.02%"
"03/10/2009","11,694.05","11,542.88","11,747.11","11,542.88","1.85B","3.08%"
"03/09/2009","11,344.58","11,872.46","11,927.89","11,344.58","2.07B","-4.84%"
"03/06/2009","11,921.52","12,041.82","12,146.16","11,921.52","4.18B","-2.37%"
"03/05/2009","12,211.24","12,488.33","12,488.33","12,163.55","2.67B","-0.97%"
"03/04/2009","12,331.15","11,880.17","12,423.69","11,880.17","2.88B","2.47%"
"03/03/2009","12,033.88","11,967.07","12,192.35","11,849.17","2.34B","-2.30%"
"03/02/2009","12,317.46","12,522.61","12,576.45","12,296.86","2.19B","-3.86%"
"02/27/2009","12,811.57","12,929.99","13,032.30","12,799.81","2.70B","-0.65%"
"02/26/2009","12,894.94","13,070.41","13,071.58","12,691.96","1.97B","-0.85%"
"02/25/2009","13,005.08","12,979.86","13,148.31","12,858.28","1.78B","1.61%"
"02/24/2009","12,798.52","12,789.29","12,814.37","12,634.84","2.13B","-2.86%"
"02/23/2009","13,175.10","12,777.96","13,207.98","12,777.96","1.93B","3.75%"
"02/20/2009","12,699.17","12,719.14","12,816.79","12,669.57","2.05B","-2.49%"
"02/19/2009","13,023.36","12,873.10","13,055.72","12,788.08","1.59B","0.06%"
"02/18/2009","13,016.00","12,783.79","13,031.28","12,712.33","2.27B","0.55%"
"02/17/2009","12,945.40","13,195.51","13,195.51","12,933.91","2.35B","-3.79%"
"02/16/2009","13,455.88","13,559.82","13,559.82","13,257.35","1.36B","-0.73%"
"02/13/2009","13,554.67","13,314.81","13,576.32","13,314.02","1.55B","2.47%"
"02/12/2009","13,228.30","13,439.58","13,478.66","13,174.01","1.76B","-2.30%"
"02/11/2009","13,539.21","13,546.14","13,600.02","13,363.06","1.81B","-2.46%"
"02/10/2009","13,880.64","13,787.12","13,976.31","13,663.41","1.96B","0.81%"
"02/09/2009","13,769.06","13,865.59","13,865.59","13,561.54","2.69B","0.84%"
"02/06/2009","13,655.04","13,535.76","13,660.24","13,322.62","2.43B","3.61%"
"02/05/2009","13,178.90","13,084.79","13,492.53","13,018.64","3.38B","0.88%"
"02/04/2009","13,063.89","13,029.42","13,108.74","12,975.30","2.07B","2.25%"
"02/03/2009","12,776.89","12,991.49","13,065.97","12,729.04","1.56B","-0.66%"
"02/02/2009","12,861.49","13,194.00","13,239.50","12,733.35","2.01B","-3.14%"
"01/30/2009","13,278.21","12,958.08","13,390.12","12,899.57","3.69B","0.94%"
"01/29/2009","13,154.43","13,560.07","13,560.07","13,109.27","2.66B","4.58%"
"01/23/2009","12,578.60","12,542.01","12,734.80","12,469.84","2.20B","-0.63%"
"01/22/2009","12,657.99","12,844.37","12,895.25","12,657.10","1.88B","0.59%"
"01/21/2009","12,583.63","12,534.60","12,762.54","12,439.13","3.30B","-2.90%"
"01/20/2009","12,959.77","12,854.40","13,160.87","12,816.25","2.52B","-2.85%"
"01/19/2009","13,339.99","13,414.09","13,519.18","13,097.50","2.19B","0.64%"
"01/16/2009","13,255.51","13,278.97","13,423.24","13,113.45","3.47B","0.09%"
"01/15/2009","13,242.96","13,136.23","13,300.75","12,904.05","4.15B","-3.37%"
"01/14/2009","13,704.61","13,807.03","14,019.03","13,674.96","15.38B","0.27%"
"01/13/2009","13,668.05","13,930.27","14,118.93","13,644.54","3.48B","-2.17%"
"01/12/2009","13,971.00","14,312.26","14,312.26","13,895.04","4.11B","-2.83%"
"01/09/2009","14,377.44","14,530.83","14,673.60","14,297.41","3.33B","-0.27%"
"01/08/2009","14,415.91","14,755.81","14,755.81","14,334.15","4.37B","-3.81%"
"01/07/2009","14,987.46","15,759.53","15,763.55","14,976.74","9.80B","-3.37%"
"01/06/2009","15,509.51","15,612.47","15,651.61","15,367.93","2.48B","-0.35%"
"01/05/2009","15,563.31","15,349.33","15,563.31","15,128.32","2.17B","3.46%"
"01/02/2009","15,042.81","14,448.22","15,042.81","14,412.12","1.75B","4.55%"
"12/31/2008","14,387.48","14,377.51","14,527.10","14,302.15","1.61B","1.07%"
"12/30/2008","14,235.50","14,476.74","14,513.48","14,189.08","1.44B","-0.65%"
"12/29/2008","14,328.48","14,080.86","14,332.02","13,924.32","1.05B","1.02%"
"12/26/2008","14,184.14","14,184.14","14,184.14","14,184.14","-","0.00%"
"12/24/2008","14,184.14","13,855.89","14,300.70","13,855.89","865.50M","-0.26%"
"12/23/2008","14,220.79","14,472.03","14,491.75","14,084.86","1.49B","-2.75%"
"12/22/2008","14,622.39","15,177.12","15,227.43","14,622.39","1.41B","-3.34%"
"12/19/2008","15,127.51","15,235.22","15,444.28","15,014.98","2.42B","-2.39%"
"12/18/2008","15,497.81","15,335.30","15,548.26","15,301.16","1.88B","0.24%"
"12/17/2008","15,460.52","15,544.97","15,557.45","15,179.38","2.18B","2.18%"
"12/16/2008","15,130.21","15,018.46","15,217.25","14,819.73","1.66B","0.55%"
"12/15/2008","15,046.95","15,363.49","15,386.90","15,007.42","2.02B","1.96%"
"12/12/2008","14,758.39","15,287.70","15,393.09","14,479.23","2.92B","-5.48%"
"12/11/2008","15,613.90","15,533.62","15,781.05","15,337.73","2.48B","0.23%"
"12/10/2008","15,577.74","14,946.00","15,578.96","14,946.00","2.68B","5.59%"
"12/09/2008","14,753.22","15,032.33","15,205.32","14,717.47","2.44B","-1.94%"
"12/08/2008","15,044.87","14,303.25","15,044.87","14,303.25","3.22B","8.66%"
"12/05/2008","13,846.09","13,718.92","13,875.14","13,656.92","1.75B","2.49%"
"12/04/2008","13,509.78","13,857.29","13,883.87","13,459.61","1.86B","-0.58%"
"12/03/2008","13,588.66","13,598.60","13,778.05","13,573.43","1.81B","1.36%"
"12/02/2008","13,405.85","13,373.02","13,513.50","13,344.60","1.96B","-4.98%"
"12/01/2008","14,108.84","13,775.28","14,253.66","13,659.44","2.04B","-19.71%"
"11/30/2008","17,572.00","17,564.50","17,584.00","17,542.50","-","26.52%"
"11/28/2008","13,888.24","13,550.29","13,896.49","13,550.29","2.15B","2.48%"
"11/27/2008","13,552.06","13,901.45","13,930.91","13,332.93","2.78B","1.37%"
"11/26/2008","13,369.45","12,990.35","13,369.45","12,990.35","2.39B","3.81%"
"11/25/2008","12,878.60","13,012.00","13,090.88","12,767.44","2.47B","3.38%"
"11/24/2008","12,457.94","12,239.49","12,707.23","12,239.49","1.77B","-1.59%"
"11/21/2008","12,659.20","11,814.81","13,048.50","11,814.81","3.11B","2.93%"
"11/20/2008","12,298.56","12,170.98","12,298.56","11,976.88","3.10B","-4.04%"
"11/19/2008","12,815.80","12,827.37","13,179.33","12,738.53","2.06B","-0.77%"
"11/18/2008","12,915.89","13,298.88","13,363.57","12,676.28","2.49B","-4.54%"
"11/17/2008","13,529.53","13,584.35","13,738.12","13,277.64","1.60B","-0.10%"
"11/14/2008","13,542.66","13,749.53","13,749.53","13,493.86","2.18B","2.43%"
"11/13/2008","13,221.35","13,068.93","13,373.11","12,943.11","2.81B","-5.15%"
"11/12/2008","13,939.09","14,155.26","14,256.06","13,626.31","2.07B","-0.73%"
"11/11/2008","14,040.90","14,322.95","14,853.83","13,926.71","2.45B","-4.77%"
"11/10/2008","14,744.63","15,033.18","15,147.96","14,453.62","2.80B","3.52%"
"11/07/2008","14,243.43","13,273.09","14,254.22","13,273.09","2.75B","3.29%"
"11/06/2008","13,790.04","14,081.76","14,081.76","13,674.07","2.74B","-7.08%"
"11/05/2008","14,840.16","15,045.53","15,317.83","14,750.04","3.46B","3.17%"
"11/04/2008","14,384.34","14,337.62","14,539.59","13,853.16","2.39B","0.28%"
"11/03/2008","14,344.37","14,436.03","14,889.13","14,272.17","2.97B","2.69%"
"10/31/2008","13,968.67","14,037.37","14,122.78","13,517.42","3.53B","-2.52%"
"10/30/2008","14,329.85","13,280.44","14,329.85","13,280.44","5.34B","12.82%"
"10/29/2008","12,702.07","12,807.35","13,307.42","12,333.94","4.18B","0.84%"
"10/28/2008","12,596.29","11,154.57","12,596.29","11,133.94","5.81B","14.35%"
"10/27/2008","11,015.84","12,372.75","12,736.85","10,676.29","4.83B","-12.70%"
"10/24/2008","12,618.38","13,478.63","13,478.63","12,618.38","3.54B","-8.30%"
"10/23/2008","13,760.49","13,596.31","14,032.25","13,403.35","3.55B","-3.55%"
"10/22/2008","14,266.60","14,878.21","15,161.69","14,038.41","3.10B","-5.15%"
"10/21/2008","15,041.17","15,616.96","15,616.96","14,884.07","2.35B","-1.84%"
"10/20/2008","15,323.01","14,691.90","15,472.68","14,691.79","3.01B","5.28%"
"10/17/2008","14,554.21","15,081.46","15,300.07","14,554.21","3.95B","-4.44%"
"10/16/2008","15,230.52","14,902.34","15,230.52","14,578.54","4.41B","-4.80%"
"10/15/2008","15,998.30","16,609.09","16,609.09","15,961.92","2.56B","-4.96%"
"10/14/2008","16,832.88","17,141.05","17,141.05","16,615.01","4.02B","3.19%"
"10/13/2008","16,312.16","15,156.16","16,376.42","14,754.64","4.31B","10.24%"
"10/10/2008","14,796.87","14,717.52","14,910.55","14,398.54","4.71B","-7.19%"
"10/09/2008","15,943.24","15,598.24","15,990.20","15,550.86","3.39B","3.31%"
"10/08/2008","15,431.73","16,107.98","16,422.52","15,431.73","4.93B","-8.17%"
"10/07/2008","16,803.76","16,803.76","16,803.76","16,803.76","-","0.00%"
"10/06/2008","16,803.76","17,156.21","17,241.78","16,790.86","2.23B","-4.97%"
"10/03/2008","17,682.40","17,788.99","17,926.14","17,682.40","2.07B","-2.90%"
"10/02/2008","18,211.11","17,870.43","18,285.68","17,631.70","2.48B","1.08%"
"09/30/2008","18,016.21","16,898.33","18,029.77","16,799.29","3.23B","0.76%"
"09/29/2008","17,880.68","18,742.25","18,742.25","17,796.34","2.58B","-4.29%"
"09/26/2008","18,682.09","18,909.59","18,936.94","18,500.11","1.90B","-1.33%"
"09/25/2008","18,934.43","19,003.22","19,248.72","18,870.11","1.68B","-0.15%"
"09/24/2008","18,961.99","18,954.32","19,291.02","18,862.90","2.08B","0.47%"
"09/23/2008","18,872.85","19,178.49","19,302.76","18,872.85","2.55B","-3.87%"
"09/22/2008","19,632.20","19,869.02","19,869.02","19,137.67","3.73B","1.58%"
"09/19/2008","19,327.73","18,878.26","19,327.73","18,588.11","6.69B","9.61%"
"09/18/2008","17,632.46","17,120.23","17,849.97","16,283.72","6.24B","-0.03%"
"09/17/2008","17,637.19","18,691.30","18,699.18","17,637.19","4.39B","-3.63%"
"09/16/2008","18,300.61","18,325.65","18,538.51","18,019.20","5.21B","-5.44%"
"09/12/2008","19,352.90","19,432.72","19,525.55","19,157.73","2.45B","-0.18%"
"09/11/2008","19,388.72","19,854.82","19,854.82","19,220.28","2.91B","-3.06%"
"09/10/2008","19,999.78","20,114.86","20,283.99","19,951.36","2.70B","-2.40%"
"09/09/2008","20,491.11","20,439.47","20,543.15","20,299.97","1.94B","-1.46%"
"09/08/2008","20,794.27","20,840.69","20,840.69","20,637.99","3.04B","4.32%"
"09/05/2008","19,933.28","19,833.87","19,987.15","19,708.39","2.58B","-2.24%"
"09/04/2008","20,389.48","20,545.38","20,621.48","20,356.51","1.56B","-0.95%"
"09/03/2008","20,585.06","20,964.75","20,964.75","20,526.73","1.67B","-2.17%"
"09/02/2008","21,042.46","20,956.94","21,066.58","20,595.59","1.62B","0.65%"
"09/01/2008","20,906.31","20,999.32","21,031.08","20,844.15","1.21B","-1.67%"
"08/29/2008","21,261.89","21,289.70","21,474.31","21,223.99","2.05B","1.38%"
"08/28/2008","20,972.29","21,546.94","21,546.94","20,857.03","2.19B","-2.29%"
"08/27/2008","21,464.72","21,104.56","21,464.72","21,104.56","1.95B","1.94%"
"08/26/2008","21,056.66","20,849.08","21,173.56","20,785.80","1.38B","-0.23%"
"08/25/2008","21,104.79","20,739.48","21,108.25","20,739.48","1.92B","3.50%"
"08/22/2008","20,392.06","20,392.06","20,392.06","20,392.06","-","0.00%"
"08/21/2008","20,392.06","20,762.65","20,762.65","20,350.48","1.71B","-2.58%"
"08/20/2008","20,931.26","20,388.79","20,971.19","20,388.79","1.84B","2.18%"
"08/19/2008","20,484.37","20,675.75","20,902.51","20,484.37","1.39B","-2.13%"
"08/18/2008","20,930.67","21,163.01","21,206.60","20,751.14","1.32B","-1.09%"
"08/15/2008","21,160.58","21,383.71","21,383.71","20,994.54","1.45B","-1.09%"
"08/14/2008","21,392.71","21,302.70","21,453.48","21,109.01","2.25B","0.47%"
"08/13/2008","21,293.32","21,270.86","21,665.75","21,223.38","3.08B","-1.61%"
"08/12/2008","21,640.89","21,992.18","22,309.33","21,640.89","1.87B","-1.00%"
"08/11/2008","21,859.34","22,020.54","22,235.51","21,859.34","1.55B","-0.12%"
"08/08/2008","21,885.21","21,997.64","22,230.55","21,690.60","1.74B","-0.99%"
"08/07/2008","22,104.20","22,403.26","22,424.54","21,915.28","2.17B","0.70%"
"08/05/2008","21,949.75","22,225.06","22,225.06","21,739.22","1.95B","-2.51%"
"08/04/2008","22,514.92","22,630.59","22,713.58","22,425.13","1.29B","-1.52%"
"08/01/2008","22,862.60","22,497.90","22,881.27","22,207.31","1.80B","0.58%"
"07/31/2008","22,731.10","22,878.76","22,878.76","22,695.73","1.57B","0.18%"
"07/30/2008","22,690.60","22,637.33","22,751.04","22,573.18","1.97B","1.94%"
"07/29/2008","22,258.00","22,265.93","22,265.93","22,089.09","1.40B","-1.89%"
"07/28/2008","22,687.21","22,801.85","22,862.03","22,619.23","1.08B","-0.24%"
"07/25/2008","22,740.71","22,751.51","22,843.20","22,542.08","1.92B","-1.50%"
"07/24/2008","23,087.72","23,330.89","23,369.05","23,062.62","2.59B","-0.20%"
"07/23/2008","23,134.55","22,900.77","23,134.55","22,871.04","2.59B","2.69%"
"07/22/2008","22,527.48","22,430.59","22,690.74","22,393.14","1.51B","-0.02%"
"07/21/2008","22,532.90","22,523.28","22,645.52","22,455.01","2.57B","3.01%"
"07/18/2008","21,874.19","22,010.94","22,010.94","21,677.15","1.84B","0.64%"
"07/17/2008","21,734.72","21,825.24","21,892.53","21,672.27","2.29B","2.41%"
"07/16/2008","21,223.50","20,988.74","21,334.38","20,988.74","1.78B","0.23%"
"07/15/2008","21,174.77","21,644.04","21,644.04","21,077.24","2.14B","-3.81%"
"07/14/2008","22,014.46","22,205.00","22,360.29","21,871.60","1.49B","-0.77%"
"07/11/2008","22,184.55","21,834.64","22,225.38","21,761.04","2.16B","1.66%"
"07/10/2008","21,821.78","21,562.07","22,020.66","21,498.87","2.51B","0.07%"
"07/09/2008","21,805.81","21,740.86","21,954.17","21,531.97","2.69B","2.76%"
"07/08/2008","21,220.81","21,632.70","21,684.21","21,098.84","2.02B","-3.16%"
"07/07/2008","21,913.06","21,402.70","21,916.21","21,402.70","1.96B","2.28%"
"07/04/2008","21,423.82","21,402.17","21,534.05","21,344.85","1.80B","0.85%"
"07/03/2008","21,242.78","21,389.49","21,742.07","21,163.57","2.73B","-2.13%"
"07/02/2008","21,704.45","21,785.39","21,938.20","21,555.53","2.55B","-1.80%"
"06/30/2008","22,102.01","22,237.92","22,237.92","21,997.69","1.49B","0.27%"
"06/27/2008","22,042.35","21,901.27","22,201.47","21,773.67","2.22B","-1.84%"
"06/26/2008","22,455.67","22,742.54","22,885.35","22,441.47","1.86B","-0.79%"
"06/25/2008","22,635.16","22,745.17","22,827.56","22,567.93","1.40B","0.80%"
"06/24/2008","22,456.02","22,697.26","22,731.49","22,456.02","1.74B","-1.14%"
"06/23/2008","22,714.96","22,407.09","22,830.43","22,384.58","1.77B","-0.13%"
"06/20/2008","22,745.60","22,817.99","23,411.63","22,745.60","2.39B","-0.23%"
"06/19/2008","22,797.61","22,849.36","22,999.67","22,733.78","1.85B","-2.26%"
"06/18/2008","23,325.80","23,114.45","23,492.21","22,946.96","2.19B","1.16%"
"06/17/2008","23,057.99","23,008.08","23,128.58","22,872.33","1.17B","0.12%"
"06/16/2008","23,029.69","22,814.17","23,232.99","22,814.17","1.49B","1.94%"
"06/13/2008","22,592.30","22,920.77","22,984.09","22,592.30","1.50B","-1.87%"
"06/12/2008","23,023.86","22,820.89","23,023.86","22,695.10","2.12B","-1.30%"
"06/11/2008","23,327.60","23,288.96","23,486.17","23,178.02","1.66B","-0.21%"
"06/10/2008","23,375.52","23,689.16","23,741.09","23,343.19","2.72B","-4.21%"
"06/06/2008","24,402.18","24,505.60","24,524.59","24,392.82","1.72B","0.61%"
"06/05/2008","24,255.29","24,150.53","24,321.66","24,003.98","1.72B","0.55%"
"06/04/2008","24,123.25","24,327.72","24,462.58","24,123.25","1.97B","-1.04%"
"06/03/2008","24,375.76","24,556.18","24,590.60","24,254.93","2.56B","-1.83%"
"06/02/2008","24,831.36","24,542.29","24,923.28","24,453.79","1.83B","1.22%"
"05/30/2008","24,533.12","24,448.37","24,585.78","24,289.85","2.12B","0.61%"
"05/29/2008","24,383.99","24,542.10","24,542.10","24,222.05","1.78B","0.55%"
"05/28/2008","24,249.51","24,209.03","24,338.68","24,178.71","1.45B","-0.13%"
"05/27/2008","24,282.04","24,239.05","24,441.07","24,221.28","1.14B","0.64%"
"05/26/2008","24,127.31","24,234.35","24,331.69","24,100.31","1.78B","-2.37%"
"05/23/2008","24,714.07","25,085.35","25,128.44","24,693.55","1.57B","-1.31%"
"05/22/2008","25,043.12","24,984.28","25,057.54","24,700.49","2.06B","-1.64%"
"05/21/2008","25,460.29","24,828.04","25,498.09","24,820.17","2.11B","1.16%"
"05/20/2008","25,169.46","25,692.27","25,702.87","25,042.09","2.07B","-2.23%"
"05/19/2008","25,742.23","25,592.21","25,822.00","25,592.21","1.59B","0.48%"
"05/16/2008","25,618.86","25,665.64","25,748.33","25,533.60","2.46B","0.41%"
"05/15/2008","25,513.71","25,719.02","25,736.56","25,208.22","2.14B","-0.08%"
"05/14/2008","25,533.48","25,461.37","25,546.78","25,108.06","1.86B","-0.08%"
"05/13/2008","25,552.77","25,190.18","25,601.55","25,032.17","2.46B","1.95%"
"05/12/2008","25,063.17","25,063.17","25,063.17","25,063.17","-","0.00%"
"05/09/2008","25,063.17","25,401.91","25,483.76","24,911.33","2.07B","-1.52%"
"05/08/2008","25,449.79","25,442.52","25,616.95","25,353.51","1.85B","-0.63%"
"05/07/2008","25,610.21","26,377.99","26,377.99","25,471.19","2.54B","-2.48%"
"05/06/2008","26,262.13","26,084.61","26,314.99","26,072.62","1.70B","0.30%"
"05/05/2008","26,183.95","26,321.61","26,387.37","26,118.61","1.90B","-0.22%"
"05/02/2008","26,241.02","26,324.97","26,374.09","26,173.82","2.75B","1.89%"
"05/01/2008","25,755.35","25,755.35","25,755.35","25,755.35","-","0.00%"
"04/30/2008","25,755.35","25,998.27","26,066.50","25,731.64","2.28B","-0.61%"
"04/29/2008","25,914.15","25,661.96","26,038.58","25,633.47","2.90B","0.97%"
"04/28/2008","25,666.29","25,613.17","25,717.43","25,567.59","2.08B","0.59%"
"04/25/2008","25,516.78","25,852.97","25,852.97","25,437.82","2.05B","-0.64%"
"04/24/2008","25,680.78","25,776.29","25,861.68","25,603.57","3.26B","1.55%"
"04/23/2008","25,289.24","25,000.49","25,361.29","24,919.73","2.66B","1.40%"
"04/22/2008","24,939.15","24,460.64","24,965.74","24,413.25","2.47B","0.88%"
"04/21/2008","24,721.67","24,821.00","24,887.11","24,668.28","2.07B","2.17%"
"04/18/2008","24,197.78","24,234.53","24,400.87","24,107.24","2.31B","-0.25%"
"04/17/2008","24,258.96","24,369.86","24,442.07","24,150.51","1.97B","1.59%"
"04/16/2008","23,878.35","24,075.68","24,194.18","23,749.68","1.51B","-0.10%"
"04/15/2008","23,901.33","23,950.40","24,043.89","23,613.49","1.95B","0.38%"
"04/14/2008","23,811.20","23,968.04","24,070.26","23,753.04","2.29B","-3.47%"
"04/11/2008","24,667.79","24,442.27","24,681.46","24,322.11","2.78B","1.99%"
"04/10/2008","24,187.10","24,101.41","24,214.57","23,905.58","2.03B","0.84%"
"04/09/2008","23,984.57","24,293.42","24,492.03","23,921.15","2.28B","-1.35%"
"04/08/2008","24,311.69","24,507.07","24,557.43","24,212.60","1.98B","-1.09%"
"04/07/2008","24,578.76","24,484.83","24,642.02","24,269.55","2.08B","1.29%"
"04/04/2008","24,264.63","24,264.63","24,264.63","24,264.63","-","0.00%"
"04/03/2008","24,264.63","23,947.55","24,334.19","23,937.31","2.49B","1.64%"
"04/02/2008","23,872.43","24,133.77","24,195.32","23,858.89","3.98B","3.18%"
"04/01/2008","23,137.46","23,084.93","23,305.71","22,700.50","2.12B","1.26%"
"03/31/2008","22,849.20","22,997.04","23,077.84","22,700.84","1.82B","-1.88%"
"03/28/2008","23,285.95","22,750.31","23,313.88","22,721.22","3.18B","2.74%"
"03/27/2008","22,664.22","22,312.57","22,758.94","22,205.20","2.27B","0.21%"
"03/26/2008","22,617.01","22,581.75","22,811.35","22,428.43","2.75B","0.68%"
"03/25/2008","22,464.52","21,841.78","22,529.80","21,691.55","3.28B","6.43%"
"03/24/2008","21,108.22","21,108.22","21,108.22","21,108.22","-","0.00%"
"03/20/2008","21,108.22","21,173.30","21,471.67","20,896.14","2.78B","-3.47%"
"03/19/2008","21,866.94","22,191.88","22,191.88","21,779.84","2.95B","2.26%"
"03/18/2008","21,384.61","21,444.61","21,467.18","20,572.92","3.68B","1.42%"
"03/17/2008","21,084.61","21,318.03","21,473.40","21,041.26","3.37B","-5.18%"
"03/14/2008","22,237.11","22,536.12","22,747.14","22,151.51","2.34B","-0.29%"
"03/13/2008","22,301.64","22,925.42","23,007.61","22,251.24","2.55B","-4.79%"
"03/12/2008","23,422.76","23,737.65","23,737.65","23,139.40","2.64B","1.86%"
"03/11/2008","22,995.35","22,634.71","22,995.35","22,263.36","2.26B","1.28%"
"03/10/2008","22,705.05","22,387.25","22,725.21","22,034.76","2.51B","0.91%"
"03/07/2008","22,501.33","22,694.23","22,836.76","22,447.84","2.76B","-3.60%"
"03/06/2008","23,342.73","23,360.68","23,615.18","23,254.31","1.69B","0.99%"
"03/05/2008","23,114.34","23,066.64","23,268.45","22,873.31","1.98B","-0.02%"
"03/04/2008","23,119.87","23,858.04","23,923.20","23,060.90","2.21B","-1.97%"
"03/03/2008","23,584.97","23,491.57","23,738.67","23,458.95","2.41B","-3.07%"
"02/29/2008","24,331.67","24,226.83","24,370.69","24,010.48","2.00B","-1.06%"
"02/28/2008","24,591.69","24,373.90","24,841.23","24,205.01","2.19B","0.44%"
"02/27/2008","24,483.84","24,161.19","24,610.41","24,111.60","3.01B","3.24%"
"02/26/2008","23,714.75","23,564.77","23,762.40","23,395.26","1.62B","1.92%"
"02/25/2008","23,269.14","23,546.10","23,552.99","23,164.97","1.32B","-0.15%"
"02/22/2008","23,305.04","23,233.90","23,420.35","23,077.51","1.76B","-1.35%"
"02/21/2008","23,623.00","23,957.64","24,003.60","23,500.95","1.68B","0.14%"
"02/20/2008","23,590.58","24,265.32","24,265.32","23,481.06","2.65B","-2.21%"
"02/19/2008","24,123.17","24,040.66","24,402.64","24,025.05","2.52B","1.53%"
"02/18/2008","23,759.25","24,344.27","24,413.89","23,735.87","1.67B","-1.61%"
"02/15/2008","24,148.43","23,511.47","24,208.51","23,446.37","1.92B","0.53%"
"02/14/2008","24,021.68","23,893.51","24,140.29","23,756.45","2.80B","3.68%"
"02/13/2008","23,169.55","23,330.09","23,534.49","22,938.05","2.07B","1.08%"
"02/12/2008","22,921.67","22,953.78","23,146.44","22,891.22","1.58B","1.35%"
"02/11/2008","22,616.11","23,404.74","23,404.74","22,569.53","2.37B","-3.64%"
"02/06/2008","23,469.46","23,458.15","23,592.31","23,283.97","2.71B","-5.40%"
"02/05/2008","24,808.70","24,710.10","24,961.98","24,504.53","1.70B","-0.89%"
"02/04/2008","25,032.08","24,885.07","25,101.41","24,728.50","3.26B","3.77%"
"02/01/2008","24,123.58","23,791.92","24,238.30","23,322.05","3.43B","2.85%"
"01/31/2008","23,455.74","23,789.72","23,887.17","23,052.95","2.46B","-0.84%"
"01/30/2008","23,653.69","24,605.15","24,631.59","23,586.37","2.55B","-2.63%"
"01/29/2008","24,291.80","24,640.10","24,736.80","24,229.14","1.95B","0.99%"
"01/28/2008","24,053.61","24,342.39","24,384.27","23,586.52","3.09B","-4.25%"
"01/25/2008","25,122.37","24,801.46","25,243.58","24,483.93","3.93B","6.73%"
"01/24/2008","23,539.27","24,396.85","24,966.17","23,478.87","4.25B","-2.29%"
"01/23/2008","24,090.17","23,359.20","24,239.98","22,647.28","5.35B","10.72%"
"01/22/2008","21,757.63","22,624.29","22,713.69","21,709.63","5.98B","-8.65%"
"01/21/2008","23,818.86","24,459.02","24,650.28","23,770.13","3.25B","-5.49%"
"01/18/2008","25,201.87","24,247.17","25,378.24","24,134.25","3.16B","0.35%"
"01/17/2008","25,114.98","24,705.08","25,381.91","23,957.61","3.54B","2.72%"
"01/16/2008","24,450.85","25,131.11","25,131.11","24,320.03","4.29B","-5.37%"
"01/15/2008","25,837.78","26,728.93","26,800.52","25,823.50","2.33B","-2.38%"
"01/14/2008","26,468.13","27,019.13","27,142.88","26,464.64","2.05B","-1.48%"
"01/11/2008","26,867.01","27,435.51","27,593.70","26,725.95","2.95B","-1.34%"
"01/10/2008","27,230.86","27,426.42","27,596.50","27,115.82","2.70B","-1.39%"
"01/09/2008","27,615.85","26,847.49","27,625.83","26,757.03","2.71B","1.86%"
"01/08/2008","27,112.90","27,466.96","27,637.60","27,088.70","2.49B","-0.25%"
"01/07/2008","27,179.49","26,962.54","27,186.07","26,698.54","2.45B","-1.24%"
"01/04/2008","27,519.69","27,004.34","27,596.86","26,994.85","2.38B","2.35%"
"01/03/2008","26,887.28","27,050.03","27,223.71","26,864.13","2.44B","-2.44%"
"01/02/2008","27,560.52","27,632.20","27,853.60","27,299.45","1.23B","-0.91%"
"12/31/2007","27,812.65","27,437.94","27,820.14","27,437.94","853.77M","1.62%"
"12/28/2007","27,370.60","27,511.54","27,678.40","27,296.86","1.77B","-1.70%"
"12/27/2007","27,842.93","28,337.47","28,343.39","27,842.93","1.55B","-1.02%"
"12/24/2007","28,128.80","27,965.25","28,191.26","27,954.28","1.24B","1.82%"
"12/21/2007","27,626.92","27,192.80","27,670.31","27,192.80","1.61B","2.26%"
"12/20/2007","27,017.09","27,034.60","27,203.89","26,957.65","1.42B","-0.05%"
"12/19/2007","27,029.26","26,880.09","27,214.65","26,670.85","1.64B","1.11%"
"12/18/2007","26,732.87","26,515.09","26,912.29","26,093.96","2.25B","0.51%"
"12/17/2007","26,596.58","27,236.45","27,245.51","26,551.37","2.41B","-3.51%"
"12/14/2007","27,563.64","27,708.31","27,813.82","27,245.17","2.43B","-0.65%"
"12/13/2007","27,744.45","28,518.78","28,604.17","27,606.23","2.96B","-2.72%"
"12/12/2007","28,521.06","28,611.64","28,777.28","28,343.21","2.74B","-2.41%"
"12/11/2007","29,226.84","28,947.70","29,235.21","28,726.13","1.82B","2.55%"
"12/10/2007","28,501.10","29,017.70","29,137.89","28,445.67","2.77B","-1.18%"
"12/07/2007","28,842.47","29,890.64","29,962.93","28,838.94","2.62B","-2.42%"
"12/06/2007","29,558.92","29,769.15","29,889.35","29,530.32","2.53B","0.73%"
"12/05/2007","29,345.45","28,942.23","29,411.39","28,712.47","2.07B","1.61%"
"12/04/2007","28,879.59","28,544.18","29,020.79","28,544.18","1.12B","0.77%"
"12/03/2007","28,658.42","28,825.03","29,119.73","28,658.42","1.48B","0.05%"
"11/30/2007","28,643.61","28,604.68","28,792.30","28,436.71","1.76B","0.57%"
"11/29/2007","28,482.54","28,337.11","28,667.27","28,114.68","3.12B","4.06%"
"11/28/2007","27,371.24","27,315.93","27,455.81","27,028.67","1.60B","0.59%"
"11/27/2007","27,210.21","26,704.76","27,552.34","26,637.61","3.30B","-1.51%"
"11/26/2007","27,626.62","27,398.53","27,643.56","27,311.88","2.29B","4.09%"
"11/23/2007","26,541.09","26,484.74","26,723.34","26,305.45","1.76B","2.06%"
"11/22/2007","26,004.92","26,318.21","27,003.87","25,861.73","2.50B","-2.30%"
"11/21/2007","26,618.19","27,277.72","27,303.91","26,500.54","2.57B","-4.15%"
"11/20/2007","27,771.21","26,583.64","27,851.31","26,404.28","2.94B","1.13%"
"11/19/2007","27,460.17","27,628.97","27,801.53","27,300.29","1.64B","-0.56%"
"11/16/2007","27,614.43","28,037.18","28,120.42","27,496.15","2.92B","-3.95%"
"11/15/2007","28,751.21","29,078.21","29,249.99","28,730.30","1.85B","-1.42%"
"11/14/2007","29,166.01","28,787.40","29,175.26","28,622.97","2.95B","4.90%"
"11/13/2007","27,803.35","27,561.57","28,010.97","26,952.94","3.27B","0.50%"
"11/12/2007","27,665.73","28,061.45","28,071.53","27,468.00","2.89B","-3.88%"
"11/09/2007","28,783.41","28,510.53","29,249.95","28,408.53","2.42B","0.08%"
"11/08/2007","28,760.22","28,758.72","29,009.37","28,545.70","2.68B","-3.19%"
"11/07/2007","29,708.93","30,054.08","30,195.64","29,596.18","2.51B","0.92%"
"11/06/2007","29,438.13","29,220.04","29,470.97","28,479.03","3.05B","1.71%"
"11/05/2007","28,942.32","30,165.78","30,356.79","28,920.30","3.22B","-5.01%"
"11/02/2007","30,468.34","30,580.07","30,922.31","30,366.69","3.25B","-3.25%"
"11/01/2007","31,492.88","31,783.47","31,897.49","31,342.05","3.72B","0.45%"
"10/31/2007","31,352.58","31,530.96","31,556.05","31,159.54","3.48B","-0.90%"
"10/30/2007","31,638.22","31,361.91","31,958.41","31,361.91","4.11B","0.16%"
"10/29/2007","31,586.90","30,986.22","31,604.50","30,986.22","3.54B","3.89%"
"10/26/2007","30,405.22","30,215.20","30,562.63","29,932.64","3.20B","1.84%"
"10/25/2007","29,854.49","29,660.47","29,943.39","29,314.22","3.46B","1.78%"
"10/24/2007","29,333.53","29,810.38","29,997.01","29,290.72","3.17B","-0.15%"
"10/23/2007","29,376.86","28,726.96","29,418.99","28,718.55","2.80B","3.54%"
"10/22/2007","28,373.63","28,336.97","28,760.55","28,336.97","3.02B","-3.70%"
"10/19/2007","29,465.05","29,465.05","29,465.05","29,465.05","-","0.00%"
"10/18/2007","29,465.05","30,013.48","30,025.07","29,265.47","2.83B","0.57%"
"10/17/2007","29,298.71","28,674.27","29,310.78","28,484.20","2.59B","1.19%"
"10/16/2007","28,954.55","29,238.29","29,920.25","28,884.23","4.00B","-1.98%"
"10/15/2007","29,540.78","29,147.84","29,561.98","28,767.41","2.64B","2.44%"
"10/12/2007","28,838.37","28,773.06","28,935.67","28,368.69","3.27B","-1.01%"
"10/11/2007","29,133.02","28,689.73","29,133.76","28,609.68","3.82B","1.97%"
"10/10/2007","28,569.33","28,654.95","28,771.47","28,292.90","4.38B","1.21%"
"10/09/2007","28,228.04","27,817.11","28,238.31","27,491.93","2.44B","1.65%"
"10/08/2007","27,770.29","28,233.30","28,482.42","27,651.21","3.77B","-0.22%"
"10/05/2007","27,831.52","27,329.65","27,843.59","27,203.91","2.41B","3.18%"
"10/04/2007","26,973.98","27,108.27","27,423.11","26,746.63","2.89B","-1.84%"
"10/03/2007","27,479.94","28,163.27","28,871.04","27,245.48","4.92B","-2.55%"
"10/02/2007","28,199.75","27,816.92","28,256.80","27,795.55","4.00B","3.90%"
"10/01/2007","27,142.47","27,142.47","27,142.47","27,142.47","-","0.00%"
"09/28/2007","27,142.47","27,126.13","27,254.97","26,899.48","3.15B","0.29%"
"09/27/2007","27,065.15","26,664.79","27,166.01","26,664.79","3.13B","2.40%"
"09/26/2007","26,430.29","26,430.29","26,430.29","26,430.29","-","0.00%"
"09/25/2007","26,430.29","26,388.86","26,667.24","26,236.73","2.86B","-0.46%"
"09/24/2007","26,551.94","26,002.10","26,635.27","25,994.78","3.20B","2.74%"
"09/21/2007","25,843.78","25,659.96","25,893.20","25,554.54","2.55B","0.56%"
"09/20/2007","25,701.13","25,638.31","25,773.60","25,571.15","3.26B","0.57%"
"09/19/2007","25,554.64","25,511.36","25,648.44","25,286.92","3.12B","3.98%"
"09/18/2007","24,576.85","24,503.83","24,599.31","24,368.65","1.40B","-0.09%"
"09/17/2007","24,599.34","24,977.42","24,977.42","24,544.74","1.34B","-1.20%"
"09/14/2007","24,898.11","24,750.04","24,978.61","24,715.74","2.03B","1.47%"
"09/13/2007","24,537.02","24,475.97","24,552.18","24,216.41","1.38B","0.93%"
"09/12/2007","24,310.14","24,195.38","24,329.20","24,088.11","1.73B","1.49%"
"09/11/2007","23,952.24","24,000.18","24,157.36","23,753.35","1.69B","-0.20%"
"09/10/2007","23,999.70","23,584.07","24,123.66","23,578.11","2.09B","0.07%"
"09/07/2007","23,982.61","24,036.36","24,135.24","23,881.72","2.60B","-0.28%"
"09/06/2007","24,050.40","23,857.97","24,089.06","23,853.05","1.59B","-0.08%"
"09/05/2007","24,069.17","24,196.59","24,283.15","23,839.00","1.82B","0.77%"
"09/04/2007","23,886.07","23,937.46","24,127.16","23,855.11","1.98B","-0.08%"
"09/03/2007","23,904.09","23,611.02","23,915.05","23,611.02","1.70B","-0.33%"
"08/31/2007","23,984.14","23,584.66","24,089.00","23,487.07","3.27B","2.13%"
"08/30/2007","23,484.54","23,509.98","23,583.49","23,376.68","2.37B","2.02%"
"08/29/2007","23,020.60","22,802.83","23,110.26","22,686.84","2.61B","-1.47%"
"08/28/2007","23,363.76","23,750.25","23,750.25","23,304.64","2.88B","-0.91%"
"08/27/2007","23,577.73","23,358.38","23,582.66","23,285.71","3.61B","2.86%"
"08/24/2007","22,921.89","22,718.54","22,933.80","22,629.49","3.33B","-0.20%"
"08/23/2007","22,966.97","23,055.12","23,063.93","22,771.85","3.44B","2.77%"
"08/22/2007","22,346.88","21,949.39","22,360.03","21,854.22","2.21B","2.84%"
"08/21/2007","21,729.35","22,228.24","22,616.85","21,651.40","4.53B","0.62%"
"08/20/2007","21,595.63","21,140.73","21,608.34","20,901.64","3.73B","5.93%"
"08/17/2007","20,387.13","20,761.31","20,761.31","19,386.72","4.22B","-1.38%"
"08/16/2007","20,672.39","20,841.23","20,841.23","20,435.15","3.14B","-3.29%"
"08/15/2007","21,375.72","21,637.50","21,637.50","21,303.35","2.06B","-2.87%"
"08/14/2007","22,007.32","21,886.26","22,012.04","21,836.10","1.16B","0.53%"
"08/13/2007","21,891.10","21,932.00","21,969.45","21,692.16","1.54B","0.45%"
"08/10/2007","21,792.71","21,797.39","21,860.13","21,661.05","1.99B","-2.88%"
"08/09/2007","22,439.36","22,715.08","22,796.73","22,425.07","1.87B","-0.43%"
"08/08/2007","22,536.67","22,102.76","22,540.30","22,100.34","1.99B","2.87%"
"08/07/2007","21,907.99","22,171.90","22,177.80","21,833.14","1.59B","-0.13%"
"08/06/2007","21,936.73","22,128.06","22,147.42","21,916.70","2.15B","-2.67%"
"08/03/2007","22,538.44","22,625.38","22,644.58","22,356.30","1.79B","0.42%"
"08/02/2007","22,443.25","22,730.40","22,767.47","22,144.73","2.10B","-0.05%"
"08/01/2007","22,455.36","23,018.20","23,025.14","22,209.79","2.85B","-3.15%"
"07/31/2007","23,184.94","23,023.43","23,199.90","22,881.97","1.76B","1.96%"
"07/30/2007","22,739.90","22,478.77","22,759.49","22,473.92","1.66B","0.75%"
"07/27/2007","22,570.41","22,647.11","22,854.54","22,443.10","2.90B","-2.76%"
"07/26/2007","23,211.69","23,494.04","23,557.74","23,127.80","1.72B","-0.64%"
"07/25/2007","23,362.18","23,228.56","23,439.83","23,228.56","1.88B","-0.47%"
"07/24/2007","23,472.88","23,459.74","23,534.38","23,410.54","1.76B","0.46%"
"07/23/2007","23,365.56","23,170.35","23,389.94","23,152.54","1.56B","0.32%"
"07/20/2007","23,291.90","23,195.41","23,301.93","23,118.67","1.81B","1.20%"
"07/19/2007","23,016.20","22,864.75","23,024.50","22,817.92","1.92B","0.76%"
"07/18/2007","22,841.92","22,956.97","23,035.80","22,782.63","2.21B","-0.93%"
"07/17/2007","23,057.30","22,915.79","23,148.26","22,915.79","1.56B","0.45%"
"07/16/2007","22,953.94","23,098.66","23,128.56","22,932.30","1.34B","-0.63%"
"07/13/2007","23,099.29","23,199.06","23,239.92","23,048.69","1.95B","1.27%"
"07/12/2007","22,809.02","22,797.75","22,975.81","22,773.71","2.27B","0.89%"
"07/11/2007","22,607.02","22,655.38","22,850.40","22,539.70","3.30B","-1.22%"
"07/10/2007","22,885.84","22,833.47","22,889.61","22,718.13","3.95B","0.30%"
"07/09/2007","22,817.43","22,719.99","22,818.32","22,601.65","2.78B","1.27%"
"07/06/2007","22,531.74","22,217.46","22,565.43","22,081.35","2.26B","1.25%"
"07/05/2007","22,252.99","22,272.81","22,328.61","22,126.97","2.01B","0.16%"
"07/04/2007","22,218.55","22,279.83","22,307.60","22,131.24","1.89B","0.30%"
"07/03/2007","22,151.14","22,004.14","22,159.52","21,960.76","1.88B","1.74%"
"06/29/2007","21,772.73","21,997.25","22,044.68","21,768.76","1.62B","-0.75%"
"06/28/2007","21,938.22","21,912.79","22,035.42","21,885.53","2.52B","1.07%"
"06/27/2007","21,705.56","21,775.18","21,800.49","21,562.00","2.01B","-0.45%"
"06/26/2007","21,803.57","21,800.77","21,950.02","21,755.29","1.55B","-0.09%"
"06/25/2007","21,822.35","21,884.10","22,085.59","21,814.46","1.60B","-0.81%"
"06/22/2007","21,999.91","21,879.50","22,052.85","21,788.15","2.10B","0.21%"
"06/21/2007","21,954.67","21,784.12","21,969.26","21,714.95","2.36B","1.25%"
"06/20/2007","21,684.67","21,645.06","21,897.58","21,644.12","3.36B","0.47%"
"06/19/2007","21,582.89","21,582.89","21,582.89","21,582.89","-","0.00%"
"06/18/2007","21,582.89","21,256.29","21,585.03","21,256.29","3.89B","2.69%"
"06/15/2007","21,017.05","21,024.32","21,052.95","20,917.64","2.89B","0.72%"
"06/14/2007","20,867.26","20,714.86","20,924.81","20,714.86","2.31B","1.40%"
"06/13/2007","20,578.75","20,527.27","20,628.06","20,520.67","1.04B","-0.28%"
"06/12/2007","20,636.39","20,654.47","20,664.85","20,511.03","989.05M","0.10%"
"06/11/2007","20,615.49","20,649.05","20,673.90","20,591.42","1.03B","0.52%"
"06/08/2007","20,509.15","20,531.85","20,536.17","20,433.52","1.95B","-1.40%"
"06/07/2007","20,800.16","20,637.90","20,838.44","20,600.37","1.46B","-0.09%"
"06/06/2007","20,818.61","20,850.26","20,943.94","20,803.22","1.23B","-0.11%"
"06/05/2007","20,842.15","20,820.48","20,878.09","20,615.96","1.63B","0.54%"
"06/04/2007","20,729.59","20,698.99","20,821.91","20,638.70","1.39B","0.62%"
"06/01/2007","20,602.87","20,717.27","20,793.38","20,598.85","1.67B","-0.15%"
"05/31/2007","20,634.47","20,405.95","20,673.40","20,354.66","1.89B","1.68%"
"05/30/2007","20,293.76","20,342.96","20,403.36","20,184.48","1.83B","-0.86%"
"05/29/2007","20,469.59","20,518.35","20,565.25","20,395.10","1.01B","-0.29%"
"05/28/2007","20,529.76","20,594.14","20,619.16","20,503.87","998.48M","0.04%"
"05/25/2007","20,520.66","20,553.78","20,566.26","20,474.03","1.60B","-1.34%"
"05/24/2007","20,798.97","20,798.97","20,798.97","20,798.97","-","0.00%"
"05/23/2007","20,798.97","20,838.36","20,888.14","20,767.68","920.82M","-0.22%"
"05/22/2007","20,843.92","20,996.99","21,020.42","20,782.38","1.35B","-0.40%"
"05/21/2007","20,927.75","20,963.52","21,055.11","20,922.35","1.48B","0.11%"
"05/18/2007","20,904.84","20,882.87","20,904.84","20,769.10","1.29B","-0.43%"
"05/17/2007","20,994.61","21,042.67","21,084.23","20,944.15","1.08B","0.27%"
"05/16/2007","20,937.26","20,854.09","20,953.24","20,784.25","1.08B","0.33%"
"05/15/2007","20,868.15","20,985.93","21,088.86","20,826.93","1.83B","-0.53%"
"05/14/2007","20,979.24","21,036.62","21,065.59","20,870.01","2.75B","2.50%"
"05/11/2007","20,468.21","20,469.49","20,552.56","20,420.12","1.44B","-1.34%"
"05/10/2007","20,746.27","20,729.52","20,821.86","20,683.30","1.19B","-0.47%"
"05/09/2007","20,844.78","20,704.37","20,844.78","20,677.81","912.64M","0.67%"
"05/08/2007","20,706.35","20,850.07","20,880.70","20,662.60","1.14B","-0.91%"
"05/07/2007","20,896.64","20,933.99","21,070.21","20,891.06","1.36B","0.27%"
"05/04/2007","20,841.08","20,865.06","20,883.21","20,714.82","1.26B","0.77%"
"05/03/2007","20,681.58","20,582.41","20,739.03","20,555.57","1.12B","1.44%"
"05/02/2007","20,388.49","20,384.03","20,483.24","20,351.26","1.12B","0.34%"
"05/01/2007","20,318.98","20,318.98","20,318.98","20,318.98","-","0.00%"
"04/30/2007","20,318.98","20,525.96","20,525.96","20,130.11","1.23B","-1.01%"
"04/27/2007","20,526.50","20,557.07","20,619.11","20,425.57","1.12B","-0.68%"
"04/26/2007","20,667.29","20,672.49","20,778.44","20,651.29","1.33B","0.64%"
"04/25/2007","20,536.78","20,484.18","20,621.68","20,417.59","1.11B","-0.18%"
"04/24/2007","20,572.80","20,455.35","20,618.01","20,396.37","1.22B","0.08%"
"04/23/2007","20,556.57","20,710.38","20,757.41","20,529.07","1.27B","-0.05%"
"04/20/2007","20,566.59","20,495.83","20,567.34","20,474.31","1.83B","1.31%"
"04/19/2007","20,299.71","20,615.42","20,634.90","20,232.81","2.15B","-2.30%"
"04/18/2007","20,777.09","20,868.07","20,868.07","20,718.72","1.99B","-0.06%"
"04/17/2007","20,788.61","20,804.92","20,816.11","20,635.63","1.81B","0.15%"
"04/16/2007","20,757.53","20,493.26","20,765.40","20,489.91","1.76B","2.05%"
"04/13/2007","20,340.97","20,413.48","20,432.01","20,264.99","1.64B","-0.19%"
"04/12/2007","20,380.21","20,360.32","20,428.60","20,293.33","1.72B","-0.34%"
"04/11/2007","20,449.43","20,427.95","20,502.17","20,278.84","1.49B","0.50%"
"04/10/2007","20,347.87","20,416.54","20,416.54","20,248.04","1.33B","0.68%"
"04/04/2007","20,209.71","20,187.67","20,210.84","20,099.85","1.53B","1.03%"
"04/03/2007","20,002.70","19,903.89","20,021.03","19,903.89","837.02M","0.97%"
"04/02/2007","19,809.70","19,900.01","19,976.81","19,672.94","848.49M","0.04%"
"03/30/2007","19,800.93","19,810.86","19,880.26","19,705.56","938.60M","-0.11%"
"03/29/2007","19,821.78","19,470.42","19,832.14","19,460.36","1.91B","1.37%"
"03/28/2007","19,553.87","19,664.88","19,729.31","19,459.19","1.20B","-0.78%"
"03/27/2007","19,706.79","19,749.81","19,768.32","19,661.86","920.28M","-0.30%"
"03/26/2007","19,765.85","19,719.88","19,819.04","19,653.73","780.64M","0.37%"
"03/23/2007","19,692.64","19,665.05","19,729.49","19,634.11","1.07B","0.01%"
"03/22/2007","19,690.25","19,757.73","19,813.21","19,621.26","1.65B","0.89%"
"03/21/2007","19,516.41","19,380.98","19,537.09","19,270.72","977.84M","0.82%"
"03/20/2007","19,356.90","19,430.70","19,463.90","19,332.60","1.02B","0.47%"
"03/19/2007","19,266.74","19,006.15","19,267.83","18,967.41","1.29B","1.65%"
"03/16/2007","18,953.50","18,846.49","19,130.10","18,770.28","1.24B","-0.08%"
"03/15/2007","18,969.44","19,029.21","19,054.94","18,932.46","898.69M","0.70%"
"03/14/2007","18,836.93","18,803.07","18,888.40","18,738.51","2.05B","-2.57%"
"03/13/2007","19,333.14","19,397.04","19,442.52","19,251.20","1.34B","-0.56%"
"03/12/2007","19,442.42","19,252.37","19,470.37","19,220.51","1.72B","1.61%"
"03/09/2007","19,134.88","19,259.10","19,259.10","19,065.03","1.77B","-0.21%"
"03/08/2007","19,175.17","18,924.28","19,191.10","18,909.07","1.24B","1.36%"
"03/07/2007","18,918.64","19,188.22","19,239.92","18,910.24","1.45B","-0.73%"
"03/06/2007","19,058.56","18,899.21","19,080.34","18,876.62","1.61B","2.11%"
"03/05/2007","18,664.88","19,137.36","19,164.35","18,659.23","1.99B","-4.00%"
"03/02/2007","19,442.01","19,386.57","19,560.52","19,355.63","1.13B","0.49%"
"03/01/2007","19,346.60","19,581.86","19,643.41","19,346.60","1.47B","-1.55%"
"02/28/2007","19,651.51","19,426.95","19,749.59","19,381.88","2.04B","-2.46%"
"02/27/2007","20,147.87","20,500.88","20,500.88","20,042.30","1.41B","-1.76%"
"02/26/2007","20,507.95","20,520.45","20,581.42","20,474.41","782.35M","-0.98%"
"02/23/2007","20,711.65","20,844.25","20,844.25","20,547.44","874.08M","-0.47%"
"02/22/2007","20,809.23","20,748.46","20,829.66","20,740.33","795.30M","0.76%"
"02/21/2007","20,651.42","20,649.72","20,677.29","20,540.32","749.99M","0.41%"
"02/19/2007","20,567.91","20,567.91","20,567.91","20,567.91","-","0.00%"
"02/16/2007","20,567.91","20,545.93","20,588.18","20,458.01","709.94M","0.14%"
"02/15/2007","20,538.42","20,466.65","20,570.14","20,398.45","845.07M","1.63%"
"02/14/2007","20,209.91","20,302.20","20,330.37","20,184.69","686.79M","0.39%"
"02/13/2007","20,132.25","20,523.91","20,523.91","20,127.12","953.73M","-2.24%"
"02/12/2007","20,593.41","20,534.43","20,696.65","20,488.82","813.62M","-0.41%"
"02/09/2007","20,677.66","20,746.95","20,771.09","20,593.76","772.41M","-0.28%"
"02/08/2007","20,735.05","20,475.88","20,763.57","20,318.99","1.53B","0.27%"
"02/07/2007","20,679.69","20,716.59","20,739.01","20,598.03","1.09B","0.12%"
"02/06/2007","20,655.20","20,511.78","20,712.32","20,438.36","848.21M","0.98%"
"02/05/2007","20,455.62","20,514.83","20,645.82","20,409.16","819.09M","-0.53%"
"02/02/2007","20,563.68","20,544.33","20,704.10","20,468.84","945.60M","0.65%"
"02/01/2007","20,430.16","20,251.57","20,496.81","20,176.62","1.07B","1.61%"
"01/31/2007","20,106.42","20,463.82","20,507.68","20,008.60","997.40M","-1.73%"
"01/30/2007","20,460.46","20,281.93","20,465.46","20,165.22","626.58M","1.11%"
"01/29/2007","20,236.68","20,317.39","20,366.71","20,197.60","680.47M","-0.22%"
"01/26/2007","20,281.13","20,457.48","20,457.48","20,204.67","1.54B","-1.88%"
"01/25/2007","20,669.83","20,889.74","20,897.55","20,610.22","918.33M","-0.73%"
"01/24/2007","20,821.05","20,950.94","20,971.46","20,725.48","1.05B","0.25%"
"01/23/2007","20,769.70","20,743.85","20,810.79","20,589.42","1.41B","-0.01%"
"01/22/2007","20,772.22","20,501.45","20,779.52","20,487.60","1.02B","2.19%"
"01/19/2007","20,327.72","20,215.55","20,337.93","20,189.36","1.03B","0.25%"
"01/18/2007","20,277.51","20,064.75","20,297.41","20,002.77","1.35B","1.06%"
"01/17/2007","20,064.57","19,917.49","20,122.43","19,841.16","1.12B","0.18%"
"01/16/2007","20,027.95","20,130.55","20,133.49","19,938.20","1.03B","-0.20%"
"01/15/2007","20,068.56","19,776.13","20,073.29","19,746.07","1.25B","2.32%"
"01/12/2007","19,613.41","19,628.82","19,680.63","19,523.76","1.49B","1.18%"
"01/11/2007","19,385.37","19,653.02","19,697.58","19,350.50","1.44B","-0.94%"
"01/10/2007","19,568.34","19,665.40","19,693.70","19,507.97","1.68B","-1.66%"
"01/09/2007","19,898.08","20,162.54","20,173.06","19,794.29","1.52B","-0.66%"
"01/08/2007","20,029.66","19,915.00","20,085.58","19,844.31","1.44B","-0.90%"
"01/05/2007","20,211.28","19,890.15","20,213.64","19,757.24","1.96B","0.93%"
"01/04/2007","20,025.58","20,415.67","20,463.18","19,948.02","2.13B","-1.90%"
"01/03/2007","20,413.39","20,353.42","20,554.58","20,249.61","1.67B","0.51%"
"01/02/2007","20,310.18","20,004.84","20,323.59","19,990.28","1.26B","1.73%"
"12/29/2006","19,964.72","20,049.03","20,049.03","19,885.25","1.39B","-0.19%"
"12/28/2006","20,001.91","19,742.79","20,038.23","19,686.81","1.75B","1.40%"
"12/27/2006","19,725.73","19,620.53","19,728.00","19,512.46","1.60B","2.10%"
"12/22/2006","19,320.52","19,227.24","19,320.52","19,197.73","821.76M","0.51%"
"12/21/2006","19,222.84","19,249.19","19,276.32","19,157.85","1.33B","-0.09%"
"12/20/2006","19,240.12","19,109.85","19,273.77","19,108.45","1.23B","1.45%"
"12/19/2006","18,964.55","19,162.98","19,180.30","18,905.44","1.02B","-1.19%"
"12/18/2006","19,192.91","19,094.63","19,216.54","19,046.92","1.10B","0.43%"
"12/15/2006","19,110.65","19,080.29","19,126.70","19,014.27","1.02B","1.01%"
"12/14/2006","18,919.40","18,806.71","18,954.94","18,774.43","850.26M","1.07%"
"12/13/2006","18,718.19","18,867.67","18,870.45","18,623.61","1.07B","-1.00%"
"12/12/2006","18,907.17","19,010.16","19,015.70","18,819.99","796.68M","-0.09%"
"12/11/2006","18,924.66","18,811.85","18,965.73","18,811.85","991.83M","0.99%"
"12/08/2006","18,739.99","18,775.47","18,799.25","18,666.89","915.15M","-0.55%"
"12/07/2006","18,842.99","19,023.75","19,048.41","18,783.30","930.20M","-0.96%"
"12/06/2006","19,026.36","18,988.14","19,131.22","18,937.61","1.33B","0.43%"
"12/05/2006","18,944.19","18,880.81","18,949.92","18,794.18","1.10B","1.29%"
"12/04/2006","18,702.73","18,654.07","18,768.63","18,587.72","1.17B","0.06%"
"12/01/2006","18,690.82","18,922.53","18,945.40","18,650.50","815.02M","-1.42%"
"11/30/2006","18,960.48","18,944.56","19,033.40","18,923.63","761.65M","0.96%"
"11/29/2006","18,780.93","18,730.49","18,843.48","18,687.27","1.15B","0.76%"
"11/28/2006","18,639.53","18,996.84","18,998.08","18,618.66","1.28B","-2.94%"
"11/27/2006","19,204.01","19,263.86","19,328.12","19,122.39","806.26M","-0.29%"
"11/24/2006","19,260.30","19,206.45","19,315.73","19,195.90","644.89M","-0.03%"
"11/23/2006","19,265.32","19,345.03","19,404.01","19,244.32","969.98M","0.08%"
"11/22/2006","19,250.79","19,102.26","19,256.99","19,075.32","915.52M","1.28%"
"11/21/2006","19,008.30","19,002.07","19,064.07","18,959.81","586.46M","0.28%"
"11/20/2006","18,954.63","19,030.36","19,133.52","18,928.58","826.24M","-1.19%"
"11/17/2006","19,182.71","19,125.92","19,214.60","19,097.32","918.57M","0.15%"
"11/16/2006","19,154.07","19,162.90","19,237.73","19,048.04","1.20B","0.32%"
"11/15/2006","19,093.00","18,940.02","19,106.83","18,926.31","1.53B","1.14%"
"11/14/2006","18,878.42","18,889.92","18,989.51","18,759.34","1.53B","0.05%"
"11/13/2006","18,868.54","18,763.44","18,902.20","18,717.61","1.18B","-0.12%"
"11/10/2006","18,891.14","18,958.06","18,976.15","18,861.94","1.05B","-0.33%"
"11/09/2006","18,952.86","18,885.22","18,993.40","18,866.01","1.00B","0.75%"
"11/08/2006","18,811.24","18,933.47","18,994.98","18,750.78","1.14B","-0.68%"
"11/07/2006","18,939.31","19,102.88","19,161.38","18,855.88","838.44M","0.01%"
"11/06/2006","18,936.55","18,702.25","18,940.80","18,694.13","502.71M","1.00%"
"11/03/2006","18,749.69","18,696.58","18,771.01","18,646.16","536.15M","0.19%"
"11/02/2006","18,714.78","18,495.29","18,724.91","18,397.33","619.28M","1.42%"
"11/01/2006","18,453.65","18,376.39","18,494.95","18,376.39","603.38M","0.71%"
"10/31/2006","18,324.35","18,196.04","18,336.45","18,152.91","576.85M","0.15%"
"10/30/2006","18,297.55","18,297.55","18,297.55","18,297.55","-","0.00%"
"10/27/2006","18,297.55","18,400.81","18,465.54","18,232.64","997.61M","-0.31%"
"10/26/2006","18,353.74","18,267.42","18,378.84","18,240.60","771.03M","1.08%"
"10/25/2006","18,157.94","18,150.89","18,168.99","18,106.11","524.81M","0.02%"
"10/24/2006","18,153.41","18,136.18","18,173.43","18,121.70","508.90M","0.35%"
"10/23/2006","18,089.85","18,170.22","18,170.33","18,066.11","620.71M","-0.13%"
"10/20/2006","18,113.55","18,012.61","18,148.04","18,012.61","815.42M","0.70%"
"10/19/2006","17,986.97","18,053.90","18,070.76","17,938.01","439.09M","-0.34%"
"10/18/2006","18,048.09","17,910.01","18,048.09","17,881.78","452.40M","0.18%"
"10/17/2006","18,014.84","17,965.35","18,074.29","17,823.33","744.36M","0.03%"
"10/16/2006","18,010.20","18,067.20","18,069.49","17,958.10","760.91M","0.12%"
"10/13/2006","17,988.86","18,049.83","18,067.58","17,949.59","1.72B","0.65%"
"10/12/2006","17,873.09","17,896.43","17,948.13","17,835.65","1.10B","0.06%"
"10/11/2006","17,862.79","17,856.60","17,875.62","17,740.79","721.73M","0.22%"
"10/10/2006","17,823.70","17,780.30","17,852.36","17,751.95","503.69M","0.84%"
"10/09/2006","17,675.24","17,876.04","17,876.04","17,589.12","561.38M","-1.27%"
"10/06/2006","17,903.39","17,901.06","17,931.73","17,848.72","578.82M","-0.02%"
"10/05/2006","17,907.67","17,897.93","17,940.49","17,810.07","803.49M","1.58%"
"10/04/2006","17,629.21","17,637.20","17,687.20","17,535.83","1.02B","0.13%"
"10/03/2006","17,606.53","17,490.51","17,648.71","17,428.10","1.36B","0.36%"
"10/02/2006","17,543.05","17,543.05","17,543.05","17,543.05","-","0.00%"
"09/29/2006","17,543.05","17,559.67","17,589.57","17,350.79","585.26M","0.07%"
"09/28/2006","17,530.57","17,565.93","17,604.91","17,506.24","815.71M","0.05%"
"09/27/2006","17,521.51","17,478.25","17,540.67","17,402.13","563.79M","1.23%"
"09/26/2006","17,308.08","17,614.29","17,614.29","17,277.75","553.72M","-1.36%"
"09/25/2006","17,546.04","17,546.04","17,683.45","17,539.81","554.09M","-0.31%"
"09/22/2006","17,600.65","17,526.34","17,639.13","17,511.96","816.86M","-0.11%"
"09/21/2006","17,619.97","17,546.56","17,663.44","17,539.56","1.16B","0.61%"
"09/20/2006","17,512.96","17,232.20","17,523.48","17,220.78","921.31M","0.96%"
"09/19/2006","17,346.70","17,411.93","17,426.47","17,314.63","604.38M","-0.23%"
"09/18/2006","17,387.21","17,253.70","17,423.90","17,253.02","527.37M","0.87%"
"09/15/2006","17,237.65","17,179.09","17,246.89","17,143.24","497.80M","0.32%"
"09/14/2006","17,183.45","17,274.67","17,304.74","17,142.71","747.97M","-0.15%"
"09/13/2006","17,210.04","17,221.00","17,235.41","17,173.82","538.82M","0.79%"
"09/12/2006","17,075.40","16,932.29","17,128.87","16,921.53","428.79M","0.75%"
"09/11/2006","16,948.59","17,141.61","17,158.22","16,929.71","822.56M","-1.15%"
"09/08/2006","17,145.76","17,071.18","17,171.54","17,070.91","396.27M","0.29%"
"09/07/2006","17,096.44","17,099.91","17,133.52","17,044.93","399.34M","-0.94%"
"09/06/2006","17,258.51","17,445.98","17,445.98","17,208.93","318.45M","-1.03%"
"09/05/2006","17,438.80","17,523.81","17,523.81","17,404.67","228.72M","-0.43%"
"09/04/2006","17,513.88","17,504.33","17,538.59","17,476.60","307.02M","0.52%"
"09/01/2006","17,423.72","17,373.17","17,514.31","17,311.41","389.95M","0.18%"
"08/31/2006","17,392.27","17,395.54","17,422.83","17,356.83","487.23M","0.62%"
"08/30/2006","17,284.71","17,147.76","17,289.26","17,134.92","430.75M","1.18%"
"08/29/2006","17,083.28","17,003.56","17,102.45","16,998.99","250.21M","0.95%"
"08/28/2006","16,922.29","16,955.88","16,998.71","16,911.52","203.54M","-0.20%"
"08/25/2006","16,955.45","16,958.28","17,005.44","16,894.12","261.22M","0.43%"
"08/24/2006","16,883.04","16,970.98","17,040.22","16,870.70","322.87M","-1.20%"
"08/23/2006","17,088.39","17,101.12","17,111.75","17,010.31","194.21M","-0.36%"
"08/22/2006","17,149.75","17,096.51","17,155.60","17,037.23","244.74M","0.83%"
"08/21/2006","17,007.88","17,326.38","17,329.68","16,996.76","317.41M","-1.86%"
"08/18/2006","17,330.70","17,381.42","17,413.96","17,316.13","260.81M","-0.24%"
"08/17/2006","17,373.05","17,501.95","17,506.21","17,329.05","358.91M","-0.45%"
"08/16/2006","17,451.03","17,406.62","17,473.73","17,349.88","319.27M","1.02%"
"08/15/2006","17,274.07","17,274.51","17,295.30","17,242.84","189.98M","-0.09%"
"08/14/2006","17,290.01","17,280.07","17,303.17","17,215.01","205.38M","0.23%"
"08/11/2006","17,249.95","17,255.23","17,323.49","17,211.47","240.49M","0.16%"
"08/10/2006","17,222.14","17,322.52","17,349.80","17,211.96","291.54M","-0.72%"
"08/09/2006","17,346.58","16,996.00","17,349.99","16,959.01","353.96M","1.75%"
"08/08/2006","17,048.20","17,056.57","17,066.45","16,994.56","265.40M","0.56%"
"08/07/2006","16,953.55","16,927.74","16,961.26","16,811.42","216.71M","0.39%"
"08/04/2006","16,887.80","17,049.96","17,096.41","16,867.95","290.81M","-0.94%"
"08/03/2006","17,048.42","17,073.44","17,097.84","17,011.61","314.78M","0.09%"
"08/02/2006","17,032.75","16,887.68","17,085.65","16,872.71","335.44M","0.72%"
"08/01/2006","16,911.37","16,990.22","16,990.22","16,907.38","211.90M","-0.35%"
"07/31/2006","16,971.34","17,103.44","17,114.20","16,965.20","263.55M","0.10%"
"07/28/2006","16,955.04","16,935.00","17,034.55","16,918.79","325.93M","0.23%"
"07/27/2006","16,916.77","16,713.04","16,924.22","16,713.04","426.09M","1.80%"
"07/26/2006","16,617.24","16,584.49","16,623.46","16,566.39","235.03M","0.20%"
"07/25/2006","16,583.86","16,668.63","16,671.39","16,580.64","318.88M","0.63%"
"07/24/2006","16,480.59","16,376.38","16,484.97","16,354.44","251.87M","0.10%"
"07/21/2006","16,464.18","16,406.78","16,483.23","16,376.03","375.66M","-0.05%"
"07/20/2006","16,472.62","16,418.14","16,481.17","16,390.28","316.29M","2.33%"
"07/19/2006","16,097.54","16,069.80","16,171.12","16,062.58","169.55M","0.33%"
"07/18/2006","16,043.94","16,035.00","16,109.70","15,966.44","240.54M","-0.13%"
"07/17/2006","16,064.82","15,980.50","16,104.15","15,948.76","231.71M","-0.44%"
"07/14/2006","16,135.71","16,123.96","16,159.09","16,062.60","296.68M","-1.04%"
"07/13/2006","16,305.48","16,490.48","16,557.97","16,288.43","324.53M","-1.31%"
"07/12/2006","16,522.21","16,507.72","16,552.64","16,435.61","197.58M","0.19%"
"07/11/2006","16,490.13","16,512.24","16,568.62","16,477.46","343.59M","-0.68%"
"07/10/2006","16,603.81","16,376.82","16,606.62","16,338.90","223.31M","0.88%"
"07/07/2006","16,459.78","16,497.90","16,497.90","16,399.48","216.76M","0.11%"
"07/06/2006","16,440.99","16,141.67","16,445.18","16,129.65","256.69M","1.07%"
"07/05/2006","16,267.18","16,364.00","16,377.66","16,254.69","226.09M","-0.62%"
"07/04/2006","16,368.98","16,363.15","16,379.03","16,312.17","271.77M","0.26%"
"07/03/2006","16,326.66","16,288.59","16,364.23","16,234.88","295.98M","0.36%"
"06/30/2006","16,267.62","16,170.79","16,273.74","16,125.26","555.02M","2.54%"
"06/29/2006","15,865.22","15,890.20","15,916.00","15,844.11","364.66M","0.78%"
"06/28/2006","15,742.66","15,632.44","15,742.66","15,613.20","303.05M","-0.20%"
"06/27/2006","15,774.70","15,827.85","15,892.92","15,770.92","294.45M","-0.19%"
"06/26/2006","15,804.81","15,756.68","15,841.14","15,726.81","306.76M","-0.03%"
"06/23/2006","15,808.81","15,729.55","15,828.49","15,682.81","339.21M","-0.11%"
"06/22/2006","15,826.70","15,859.85","15,885.71","15,798.60","330.94M","1.07%"
"06/21/2006","15,659.36","15,599.86","15,667.70","15,520.42","251.94M","0.32%"
"06/20/2006","15,608.97","15,709.00","15,709.00","15,555.24","449.96M","-1.01%"
"06/19/2006","15,768.86","15,759.96","15,781.56","15,723.36","192.45M","-0.47%"
"06/16/2006","15,842.65","15,807.37","15,851.51","15,749.46","562.54M","2.64%"
"06/15/2006","15,435.08","15,419.68","15,455.57","15,355.43","461.48M","1.23%"
"06/14/2006","15,247.92","15,238.58","15,396.50","15,214.69","410.96M","0.09%"
"06/13/2006","15,234.42","15,417.24","15,437.26","15,204.86","487.67M","-2.48%"
"06/12/2006","15,621.44","15,560.71","15,680.32","15,498.27","282.43M","-0.05%"
"06/09/2006","15,628.69","15,468.83","15,640.31","15,405.79","441.32M","1.16%"
"06/08/2006","15,450.11","15,603.11","15,611.52","15,419.42","560.59M","-2.32%"
"06/07/2006","15,816.55","15,916.77","15,944.48","15,776.37","320.05M","-0.98%"
"06/06/2006","15,973.11","15,844.92","15,985.99","15,824.19","318.08M","-0.27%"
"06/05/2006","16,016.23","15,964.31","16,062.27","15,943.42","307.78M","0.65%"
"06/02/2006","15,912.71","15,731.82","15,920.06","15,677.04","473.21M","1.71%"
"06/01/2006","15,645.27","15,817.82","15,923.73","15,605.96","488.74M","-1.34%"
"05/30/2006","15,857.89","15,976.37","15,976.37","15,840.34","393.30M","-0.66%"
"05/29/2006","15,963.77","15,976.27","16,006.07","15,919.13","307.28M","0.43%"
"05/26/2006","15,895.10","15,897.28","15,932.26","15,814.93","438.54M","1.26%"
"05/25/2006","15,696.89","15,741.81","15,764.72","15,626.95","426.46M","-0.79%"
"05/24/2006","15,822.64","15,857.21","15,930.17","15,673.75","468.29M","-0.26%"
"05/23/2006","15,864.56","15,747.40","15,888.48","15,691.13","561.38M","0.37%"
"05/22/2006","15,805.52","16,295.37","16,304.95","15,790.44","472.62M","-3.11%"
"05/19/2006","16,313.36","16,169.78","16,361.94","16,155.77","360.01M","0.29%"
"05/18/2006","16,266.52","16,232.16","16,363.34","16,177.18","503.74M","-2.10%"
"05/17/2006","16,615.55","16,497.91","16,626.71","16,421.09","482.78M","1.36%"
"05/16/2006","16,393.11","16,400.66","16,435.55","16,247.58","582.74M","-0.62%"
"05/15/2006","16,494.84","16,623.35","16,673.53","16,455.46","469.53M","-2.41%"
"05/12/2006","16,901.85","16,868.86","16,967.04","16,845.85","405.82M","-1.39%"
"05/11/2006","17,140.78","17,065.96","17,185.79","17,010.40","513.90M","0.35%"
"05/10/2006","17,080.59","17,205.35","17,239.21","17,018.17","388.06M","-0.31%"
"05/09/2006","17,133.99","17,278.87","17,278.87","17,118.22","470.05M","-0.97%"
"05/08/2006","17,301.79","17,204.25","17,328.43","17,204.25","552.25M","1.69%"
"05/04/2006","17,013.93","16,966.24","17,076.92","16,966.24","357.92M","-0.08%"
"05/03/2006","17,026.98","17,066.98","17,099.48","16,970.40","530.63M","0.94%"
"05/02/2006","16,868.04","16,764.59","16,896.86","16,744.16","594.25M","1.24%"
"04/28/2006","16,661.30","16,461.60","16,672.41","16,429.50","3.28B","-0.49%"
"04/27/2006","16,742.85","16,749.48","16,856.97","16,728.85","293.00M","0.42%"
"04/26/2006","16,672.66","16,628.60","16,739.27","16,539.07","397.46M","0.57%"
"04/25/2006","16,577.77","16,734.83","16,746.31","16,547.30","495.56M","-0.77%"
"04/24/2006","16,705.67","16,917.61","16,930.01","16,678.31","479.64M","-1.22%"
"04/21/2006","16,912.15","16,893.52","16,991.52","16,808.62","414.15M","-0.19%"
"04/20/2006","16,944.34","16,888.88","16,953.25","16,753.19","436.37M","0.68%"
"04/19/2006","16,830.44","16,858.03","16,897.81","16,780.53","564.11M","1.16%"
"04/18/2006","16,637.53","16,534.90","16,643.80","16,533.07","422.68M","1.27%"
"04/13/2006","16,429.45","16,360.16","16,446.67","16,308.77","337.57M","0.73%"
"04/12/2006","16,310.76","16,414.37","16,427.56","16,260.88","448.17M","-1.00%"
"04/11/2006","16,475.81","16,480.86","16,505.76","16,381.01","295.63M","-0.28%"
"04/10/2006","16,521.59","16,383.58","16,527.94","16,374.59","335.45M","0.30%"
"04/07/2006","16,471.78","16,415.52","16,534.83","16,328.63","450.44M","0.37%"
"04/06/2006","16,411.13","16,222.29","16,423.31","16,190.55","575.47M","1.93%"
"04/05/2006","16,100.09","16,100.09","16,100.09","16,100.09","-","0.00%"
"04/04/2006","16,100.09","16,107.22","16,121.22","16,039.51","380.67M","0.23%"
"04/03/2006","16,063.75","15,904.97","16,076.74","15,877.44","340.22M","1.64%"
"03/31/2006","15,805.04","15,942.73","15,964.35","15,739.19","424.54M","-0.48%"
"03/30/2006","15,880.69","15,819.42","15,954.91","15,819.42","422.45M","0.86%"
"03/29/2006","15,745.11","15,790.43","15,843.10","15,729.26","365.45M","-0.70%"
"03/28/2006","15,856.58","15,824.53","15,920.07","15,787.00","563.17M","0.26%"
"03/27/2006","15,815.87","15,743.67","15,847.75","15,694.11","416.03M","0.63%"
"03/24/2006","15,716.46","15,778.18","15,792.04","15,671.63","290.92M","-0.35%"
"03/23/2006","15,771.17","15,689.61","15,772.93","15,669.47","315.60M","0.82%"
"03/22/2006","15,642.81","15,790.45","15,840.14","15,619.14","383.48M","-1.76%"
"03/21/2006","15,922.75","15,911.49","15,936.18","15,870.73","249.83M","-0.05%"
"03/20/2006","15,929.95","15,868.49","15,973.01","15,862.90","428.08M","0.81%"
"03/17/2006","15,801.66","15,778.48","15,845.97","15,715.41","431.04M","0.46%"
"03/16/2006","15,729.04","15,753.36","15,773.73","15,668.34","237.24M","0.06%"
"03/15/2006","15,720.36","15,647.43","15,762.11","15,647.00","324.15M","1.29%"
"03/14/2006","15,519.76","15,548.13","15,548.27","15,461.81","285.64M","-0.14%"
"03/13/2006","15,542.07","15,542.79","15,545.85","15,469.77","213.72M","0.63%"
"03/10/2006","15,445.05","15,521.40","15,521.40","15,397.18","227.92M","-0.42%"
"03/09/2006","15,510.13","15,526.09","15,555.61","15,458.78","371.04M","0.11%"
"03/08/2006","15,493.09","15,545.42","15,555.82","15,348.22","496.85M","-0.70%"
"03/07/2006","15,602.36","15,835.47","15,835.47","15,560.62","503.86M","-1.32%"
"03/06/2006","15,811.83","15,812.72","15,845.20","15,777.00","280.68M","0.06%"
"03/03/2006","15,802.00","15,887.67","15,896.56","15,802.00","398.96M","-0.51%"
"03/02/2006","15,882.45","15,905.94","15,922.95","15,836.36","294.95M","0.41%"
"03/01/2006","15,818.09","15,768.21","15,887.63","15,768.21","296.41M","-0.63%"
"02/28/2006","15,918.48","15,920.49","15,928.08","15,824.45","357.39M","-0.20%"
"02/27/2006","15,949.89","15,943.64","15,999.31","15,890.80","417.46M","0.59%"
"02/24/2006","15,856.05","15,848.50","15,875.33","15,779.79","350.48M","0.28%"
"02/23/2006","15,812.53","15,651.78","15,849.86","15,611.55","527.66M","1.13%"
"02/22/2006","15,635.72","15,613.86","15,641.78","15,584.27","285.36M","0.05%"
"02/21/2006","15,627.24","15,651.74","15,661.20","15,567.63","359.73M","0.18%"
"02/20/2006","15,598.67","15,525.74","15,627.05","15,525.74","326.22M","0.79%"
"02/17/2006","15,475.69","15,517.92","15,520.60","15,437.54","354.20M","0.16%"
"02/16/2006","15,450.88","15,495.80","15,495.80","15,436.53","373.31M","0.18%"
"02/15/2006","15,423.26","15,449.14","15,514.93","15,316.63","436.30M","0.02%"
"02/14/2006","15,420.32","15,241.66","15,445.07","15,240.95","417.38M","0.71%"
"02/13/2006","15,312.09","15,303.04","15,355.39","15,267.95","406.33M","-0.74%"
"02/10/2006","15,425.95","15,365.39","15,443.45","15,355.44","411.90M","0.08%"
"02/09/2006","15,413.43","15,443.43","15,467.67","15,371.73","397.98M","0.26%"
"02/08/2006","15,373.44","15,451.21","15,469.51","15,327.07","612.39M","-0.93%"
"02/07/2006","15,517.01","15,558.52","15,560.40","15,466.47","526.47M","-0.20%"
"02/06/2006","15,548.06","15,415.88","15,564.96","15,374.89","473.07M","0.77%"
"02/03/2006","15,429.73","15,472.03","15,486.74","15,420.66","565.01M","-1.67%"
"02/02/2006","15,691.69","15,771.34","15,775.65","15,666.94","510.82M","-0.32%"
"02/01/2006","15,742.30","15,798.44","15,808.18","15,653.90","540.98M","-0.07%"
"01/27/2006","15,753.14","15,659.21","15,770.45","15,650.69","900.11M","1.50%"
"01/26/2006","15,520.07","15,550.33","15,563.40","15,469.24","361.64M","-0.00%"
"01/25/2006","15,520.39","15,560.66","15,572.38","15,487.68","375.99M","-0.07%"
"01/24/2006","15,530.57","15,540.92","15,551.66","15,463.11","334.96M","0.43%"
"01/23/2006","15,464.77","15,454.80","15,497.93","15,412.26","512.87M","-1.26%"
"01/20/2006","15,662.08","15,700.71","15,788.07","15,565.51","556.32M","-0.05%"
"01/19/2006","15,670.42","15,555.78","15,675.27","15,549.68","418.40M","1.22%"
"01/18/2006","15,481.21","15,426.92","15,525.60","15,376.45","437.28M","-0.61%"
"01/17/2006","15,576.20","15,798.52","15,798.52","15,550.23","506.25M","-1.28%"
"01/16/2006","15,777.72","15,787.27","15,816.54","15,745.04","393.66M","-0.06%"
"01/13/2006","15,787.97","15,672.39","15,792.36","15,670.77","380.82M","0.44%"
"01/12/2006","15,719.37","15,767.94","15,791.30","15,651.96","503.14M","0.44%"
"01/11/2006","15,650.88","15,584.54","15,725.47","15,584.54","576.57M","0.52%"
"01/10/2006","15,569.91","15,638.40","15,658.91","15,500.16","581.72M","0.14%"
"01/09/2006","15,547.43","15,497.97","15,602.88","15,497.72","581.54M","1.32%"
"01/06/2006","15,344.44","15,327.29","15,347.00","15,252.48","397.73M","0.48%"
"01/05/2006","15,271.13","15,313.85","15,373.79","15,261.82","514.29M","0.47%"
"01/04/2006","15,200.06","15,112.76","15,208.86","15,085.44","565.22M","1.71%"
"01/03/2006","14,944.77","14,843.97","14,945.05","14,843.97","250.38M","0.46%"
"12/30/2005","14,876.43","14,959.42","14,972.20","14,811.64","448.87M","-1.12%"
"12/29/2005","15,045.59","15,146.55","15,151.32","15,028.28","266.35M","-0.37%"
"12/28/2005","15,101.54","15,076.94","15,173.48","15,049.41","215.91M","-0.54%"
"12/23/2005","15,183.58","15,208.84","15,226.03","15,182.64","164.16M","0.01%"
"12/22/2005","15,182.53","15,251.10","15,252.45","15,170.92","243.70M","-0.26%"
"12/21/2005","15,221.42","15,219.27","15,272.72","15,210.93","243.25M","0.34%"
"12/20/2005","15,169.17","15,172.13","15,200.70","15,128.59","250.97M","-0.09%"
"12/19/2005","15,182.89","15,044.90","15,200.11","15,044.90","310.37M","1.02%"
"12/16/2005","15,029.81","15,077.98","15,078.37","14,967.78","306.45M","-0.19%"
"12/15/2005","15,059.02","15,039.63","15,078.92","15,025.54","318.94M","0.55%"
"12/14/2005","14,976.26","14,981.45","14,981.45","14,867.72","278.86M","0.23%"
"12/13/2005","14,942.62","14,981.23","14,995.63","14,863.84","330.07M","-0.28%"
"12/12/2005","14,984.40","14,991.62","15,079.96","14,972.06","199.32M","0.50%"
"12/09/2005","14,910.51","14,905.57","14,953.34","14,870.96","232.24M","0.21%"
"12/08/2005","14,879.16","15,095.18","15,095.18","14,860.54","348.48M","-1.69%"
"12/07/2005","15,134.95","15,026.92","15,134.95","14,960.22","335.15M","0.96%"
"12/06/2005","14,990.61","15,156.84","15,161.88","14,967.78","376.16M","-1.11%"
"12/05/2005","15,158.82","15,208.86","15,208.86","15,145.15","222.78M","-0.27%"
"12/02/2005","15,200.38","15,178.10","15,232.32","15,129.29","377.94M","0.88%"
"12/01/2005","15,068.03","14,881.22","15,068.03","14,866.10","412.24M","0.88%"
"11/30/2005","14,937.14","15,028.74","15,072.84","14,936.90","304.25M","-0.61%"
"11/29/2005","15,028.76","15,058.99","15,062.02","14,958.78","226.45M","-0.47%"
"11/28/2005","15,100.00","15,099.63","15,133.88","15,073.55","183.58M","0.12%"
"11/25/2005","15,081.47","15,053.92","15,100.94","15,027.76","231.68M","-0.02%"
"11/24/2005","15,084.39","15,111.03","15,117.88","15,042.30","262.07M","0.15%"
"11/23/2005","15,062.35","14,961.93","15,071.23","14,925.72","393.80M","1.19%"
"11/22/2005","14,885.65","14,881.92","14,897.80","14,806.96","197.11M","0.00%"
"11/21/2005","14,885.57","14,939.70","14,942.07","14,843.87","242.62M","0.02%"
"11/18/2005","14,883.32","14,915.00","14,924.62","14,865.81","381.02M","0.64%"
"11/17/2005","14,787.98","14,672.80","14,788.62","14,620.42","331.42M","0.94%"
"11/16/2005","14,650.54","14,632.40","14,683.99","14,603.70","217.73M","0.16%"
"11/15/2005","14,627.41","14,573.52","14,671.02","14,518.75","254.87M","-0.01%"
"11/14/2005","14,629.49","14,760.40","14,772.93","14,541.99","273.05M","-0.75%"
"11/11/2005","14,740.60","14,668.23","14,808.47","14,655.73","322.66M","0.73%"
"11/10/2005","14,633.33","14,586.01","14,642.85","14,567.55","251.76M","0.25%"
"11/09/2005","14,597.55","14,440.61","14,626.60","14,417.47","329.37M","1.35%"
"11/08/2005","14,403.20","14,420.55","14,435.24","14,317.51","259.48M","0.26%"
"11/07/2005","14,365.79","14,498.84","14,503.47","14,353.90","310.76M","-1.51%"
"11/04/2005","14,585.79","14,660.34","14,668.53","14,536.28","254.57M","-0.11%"
"11/03/2005","14,601.59","14,626.61","14,649.86","14,546.88","264.69M","0.03%"
"11/02/2005","14,597.48","14,583.09","14,604.50","14,544.65","270.33M","0.17%"
"11/01/2005","14,572.26","14,485.35","14,591.42","14,470.58","395.00M","1.29%"
"10/31/2005","14,386.37","14,313.42","14,393.28","14,255.93","268.52M","1.20%"
"10/28/2005","14,215.83","14,282.09","14,295.89","14,189.47","382.68M","-1.15%"
"10/27/2005","14,381.06","14,475.66","14,484.32","14,376.86","270.96M","-0.53%"
"10/26/2005","14,458.14","14,446.97","14,474.16","14,361.76","394.44M","0.23%"
"10/25/2005","14,424.88","14,566.05","14,566.10","14,422.40","319.84M","0.16%"
"10/24/2005","14,402.35","14,470.67","14,505.56","14,321.61","290.23M","-0.59%"
"10/21/2005","14,487.85","14,364.68","14,491.94","14,308.61","507.69M","0.55%"
"10/20/2005","14,408.94","14,477.54","14,524.66","14,398.97","357.18M","0.25%"
"10/19/2005","14,372.76","14,434.73","14,463.07","14,345.87","439.36M","-1.54%"
"10/18/2005","14,597.40","14,585.85","14,649.71","14,563.52","281.02M","0.39%"
"10/17/2005","14,541.35","14,551.74","14,572.68","14,449.38","310.24M","0.38%"
"10/14/2005","14,485.88","14,577.37","14,577.37","14,439.13","433.30M","-0.93%"
"10/13/2005","14,621.83","14,527.02","14,644.66","14,508.54","339.54M","0.32%"
"10/12/2005","14,575.02","14,880.46","14,933.12","14,557.52","547.71M","-2.17%"
"10/10/2005","14,898.77","14,898.84","14,933.93","14,852.33","280.17M","0.34%"
"10/07/2005","14,847.79","14,857.19","14,899.23","14,798.91","453.74M","0.06%"
"10/06/2005","14,839.30","14,943.22","14,945.97","14,823.00","552.97M","-2.12%"
"10/05/2005","15,161.03","15,317.08","15,317.08","15,137.52","427.00M","-1.44%"
"10/04/2005","15,382.21","15,397.38","15,493.00","15,382.21","317.22M","-0.08%"
"10/03/2005","15,394.39","15,399.87","15,452.28","15,369.23","270.53M","-0.22%"
"09/30/2005","15,428.52","15,449.30","15,470.51","15,394.68","351.31M","-0.02%"
"09/29/2005","15,431.25","15,248.87","15,432.95","15,241.49","378.79M","1.38%"
"09/28/2005","15,221.46","15,186.13","15,269.04","15,164.86","312.62M","0.21%"
"09/27/2005","15,189.88","15,286.52","15,312.36","15,163.67","253.55M","-0.55%"
"09/26/2005","15,274.31","15,166.16","15,279.04","15,127.99","293.05M","0.86%"
"09/23/2005","15,143.97","15,169.04","15,169.88","15,045.54","269.94M","-0.24%"
"09/22/2005","15,179.95","15,144.55","15,194.01","15,119.99","297.85M","-0.29%"
"09/21/2005","15,223.62","15,207.08","15,271.91","15,162.60","338.19M","-0.12%"
"09/20/2005","15,241.86","14,994.77","15,252.84","14,943.61","424.56M","1.73%"
"09/16/2005","14,983.20","15,033.08","15,035.45","14,965.98","281.69M","-0.38%"
"09/15/2005","15,041.02","15,092.43","15,129.59","14,990.05","238.08M","-0.30%"
"09/14/2005","15,086.62","15,059.91","15,097.30","14,979.65","272.58M","0.11%"
"09/13/2005","15,070.56","15,159.00","15,192.92","15,052.58","259.71M","-0.85%"
"09/12/2005","15,199.79","15,240.40","15,240.89","15,186.57","183.45M","0.22%"
"09/09/2005","15,165.77","15,168.57","15,188.43","15,081.28","246.36M","-0.00%"
"09/08/2005","15,166.17","15,257.53","15,257.53","15,156.91","286.59M","-0.38%"
"09/07/2005","15,224.57","15,247.92","15,271.21","15,205.99","242.85M","0.42%"
"09/06/2005","15,160.78","15,287.70","15,307.65","15,038.65","248.20M","-0.44%"
"09/05/2005","15,227.83","15,231.77","15,244.04","15,179.76","159.71M","0.04%"
"09/02/2005","15,221.89","15,197.87","15,249.15","15,131.04","285.92M","0.52%"
"09/01/2005","15,143.75","15,031.52","15,149.61","15,014.77","412.15M","1.61%"
"08/31/2005","14,903.55","14,853.64","14,927.05","14,796.51","382.67M","-0.13%"
"08/30/2005","14,922.22","14,870.19","14,976.47","14,831.90","240.26M","0.57%"
"08/29/2005","14,836.97","14,851.68","14,861.48","14,734.43","317.39M","-0.97%"
"08/26/2005","14,982.89","14,942.82","14,991.64","14,863.04","274.59M","0.63%"
"08/25/2005","14,889.10","14,844.18","14,963.73","14,832.00","289.22M","0.10%"
"08/24/2005","14,873.85","14,934.98","14,969.50","14,861.43","286.59M","-0.67%"
"08/23/2005","14,973.89","15,222.49","15,244.90","14,938.05","364.37M","-1.61%"
"08/22/2005","15,218.63","15,093.18","15,225.59","15,049.91","277.35M","1.20%"
"08/19/2005","15,038.61","15,123.26","15,173.50","15,001.44","391.60M","-0.72%"
"08/18/2005","15,148.09","15,442.51","15,455.17","15,101.73","516.75M","-1.95%"
"08/17/2005","15,449.58","15,331.09","15,449.58","15,309.50","398.67M","0.04%"
"08/16/2005","15,443.62","15,455.71","15,508.57","15,394.73","322.95M","-0.15%"
"08/15/2005","15,466.06","15,435.49","15,482.15","15,391.57","282.29M","0.10%"
"08/12/2005","15,450.95","15,459.17","15,480.80","15,398.30","412.01M","0.04%"
"08/11/2005","15,445.20","15,432.74","15,477.14","15,330.95","615.16M","0.64%"
"08/10/2005","15,346.41","15,113.86","15,346.41","15,095.96","479.41M","1.98%"
"08/09/2005","15,047.84","15,137.64","15,161.79","15,029.39","339.75M","-0.40%"
"08/08/2005","15,108.94","15,033.98","15,117.91","15,024.54","226.94M","0.38%"
"08/05/2005","15,051.32","15,054.63","15,083.51","14,972.52","342.39M","-0.40%"
"08/04/2005","15,111.54","15,101.60","15,186.11","15,076.45","412.13M","-0.05%"
"08/03/2005","15,118.50","15,197.06","15,201.82","15,035.37","537.27M","-0.12%"
"08/02/2005","15,137.08","15,068.22","15,167.72","15,046.84","555.04M","1.06%"
"08/01/2005","14,978.88","14,892.73","14,989.47","14,841.12","331.92M","0.66%"
"07/29/2005","14,880.98","14,863.51","14,892.29","14,838.16","412.97M","0.46%"
"07/28/2005","14,813.32","14,836.30","14,899.71","14,771.16","352.64M","0.08%"
"07/27/2005","14,801.86","14,786.95","14,828.02","14,743.69","374.52M","0.22%"
"07/26/2005","14,769.93","14,818.79","14,840.44","14,744.39","289.15M","-0.16%"
"07/25/2005","14,794.03","14,794.93","14,841.58","14,768.78","388.28M","0.05%"
"07/22/2005","14,786.46","14,744.52","14,800.31","14,655.44","593.11M","1.14%"
"07/21/2005","14,620.14","14,660.76","14,691.74","14,560.46","404.31M","0.12%"
"07/20/2005","14,602.70","14,584.06","14,673.83","14,567.02","428.14M","0.24%"
"07/19/2005","14,567.74","14,493.27","14,625.08","14,493.27","454.20M","0.01%"
"07/18/2005","14,567.00","14,496.55","14,578.69","14,487.87","325.61M","0.43%"
"07/15/2005","14,504.29","14,489.84","14,550.17","14,444.58","658.53M","0.09%"
"07/14/2005","14,491.54","14,389.37","14,497.43","14,389.37","616.93M","1.29%"
"07/13/2005","14,307.30","14,170.31","14,308.37","14,140.40","378.50M","1.13%"
"07/12/2005","14,146.95","14,214.88","14,215.48","14,094.70","332.18M","-0.07%"
"07/11/2005","14,157.24","14,065.34","14,157.24","14,047.01","338.98M","1.38%"
"07/08/2005","13,964.47","14,014.80","14,053.21","13,920.87","340.66M","-0.47%"
"07/07/2005","14,030.81","14,146.24","14,156.92","14,006.75","482.25M","-0.84%"
"07/06/2005","14,149.93","14,170.71","14,202.09","14,126.86","427.34M","0.18%"
"07/05/2005","14,124.80","14,146.44","14,161.00","14,101.56","333.22M","-0.37%"
"07/04/2005","14,177.87","14,188.35","14,188.47","14,122.97","362.87M","-0.16%"
"06/30/2005","14,201.06","14,281.47","14,310.77","14,154.70","406.37M","-0.53%"
"06/29/2005","14,277.28","14,313.99","14,365.05","14,247.04","543.70M","-0.07%"
"06/28/2005","14,287.44","14,206.81","14,287.44","14,174.79","602.40M","0.79%"
"06/27/2005","14,176.04","14,142.49","14,202.98","14,142.14","319.77M","-0.38%"
"06/24/2005","14,230.29","14,141.66","14,230.29","14,108.39","536.80M","0.28%"
"06/23/2005","14,190.44","14,197.01","14,233.81","14,157.01","543.94M","0.21%"
"06/22/2005","14,161.02","13,995.64","14,183.39","13,995.64","666.24M","1.30%"
"06/21/2005","13,979.35","13,935.29","13,983.48","13,890.78","276.46M","0.24%"
"06/20/2005","13,945.77","13,928.71","13,966.91","13,908.70","246.06M","0.24%"
"06/17/2005","13,912.03","13,866.79","13,926.59","13,847.50","412.31M","0.57%"
"06/16/2005","13,833.53","13,909.75","13,909.75","13,801.42","258.61M","-0.58%"
"06/15/2005","13,914.30","13,932.85","13,953.03","13,870.23","284.97M","0.07%"
"06/14/2005","13,904.81","13,954.74","13,999.06","13,901.49","299.70M","-0.34%"
"06/13/2005","13,952.02","13,948.42","13,978.64","13,898.46","209.90M","0.12%"
"06/10/2005","13,934.76","13,927.01","13,972.71","13,916.86","326.59M","0.26%"
"06/09/2005","13,898.31","13,884.22","13,984.34","13,876.58","419.25M","-0.00%"
"06/08/2005","13,898.55","13,868.14","13,938.79","13,842.01","421.82M","0.44%"
"06/07/2005","13,837.29","13,806.00","13,846.30","13,800.09","258.05M","-0.17%"
"06/06/2005","13,860.55","13,768.03","13,862.62","13,745.68","265.78M","0.30%"
"06/03/2005","13,818.45","13,821.95","13,870.49","13,792.65","297.77M","0.03%"
"06/02/2005","13,814.58","13,942.96","13,946.01","13,779.80","325.24M","-0.42%"
"06/01/2005","13,873.07","13,817.27","13,895.33","13,813.69","302.36M","0.04%"
"05/31/2005","13,867.07","13,815.73","13,932.92","13,779.80","348.64M","0.16%"
"05/30/2005","13,845.10","13,741.28","13,851.33","13,684.52","255.85M","0.95%"
"05/27/2005","13,714.78","13,671.64","13,739.20","13,669.20","218.39M","1.07%"
"05/26/2005","13,569.99","13,569.26","13,590.61","13,541.77","182.63M","0.06%"
"05/25/2005","13,562.06","13,715.09","13,717.07","13,542.48","294.31M","-1.15%"
"05/24/2005","13,719.32","13,703.14","13,726.15","13,677.34","158.19M","0.15%"
"05/23/2005","13,699.13","13,730.09","13,730.09","13,632.23","163.99M","-0.13%"
"05/20/2005","13,717.42","13,715.65","13,723.82","13,642.84","201.02M","0.13%"
"05/19/2005","13,698.93","13,676.87","13,747.97","13,645.08","253.53M","0.53%"
"05/18/2005","13,627.01","13,648.26","13,668.43","13,590.05","271.57M","-0.29%"
"05/17/2005","13,667.03","13,861.60","13,863.16","13,626.64","401.40M","-1.44%"
"05/13/2005","13,866.81","13,907.16","13,921.42","13,841.86","223.79M","-0.73%"
"05/12/2005","13,968.28","13,968.95","13,984.35","13,928.07","194.13M","0.20%"
"05/11/2005","13,939.80","13,959.29","13,973.62","13,895.27","206.99M","-0.56%"
"05/10/2005","14,018.38","14,097.19","14,112.61","13,991.19","235.43M","-0.47%"
"05/09/2005","14,085.09","14,068.26","14,106.53","14,006.85","283.41M","0.36%"
"05/06/2005","14,033.96","14,041.29","14,095.85","14,004.07","272.56M","-0.20%"
"05/05/2005","14,061.70","14,056.93","14,110.29","14,021.93","313.17M","0.84%"
"05/04/2005","13,945.05","13,958.18","13,981.78","13,917.70","245.27M","0.37%"
"05/03/2005","13,893.98","13,969.64","13,994.66","13,877.92","231.42M","-0.11%"
"04/29/2005","13,908.97","13,829.45","13,913.10","13,801.18","309.02M","-0.00%"
"04/28/2005","13,909.42","13,813.68","13,956.52","13,813.68","339.91M","0.50%"
"04/27/2005","13,839.64","13,832.81","13,847.39","13,799.65","177.71M","-0.14%"
"04/26/2005","13,859.58","13,768.73","13,919.52","13,719.81","389.26M","0.80%"
"04/25/2005","13,750.23","13,744.45","13,802.43","13,711.39","255.96M","0.41%"
"04/22/2005","13,693.55","13,684.59","13,727.44","13,649.50","300.32M","0.71%"
"04/21/2005","13,597.31","13,407.57","13,639.86","13,401.86","312.42M","0.71%"
"04/20/2005","13,501.63","13,534.24","13,567.94","13,489.13","187.06M","0.43%"
"04/19/2005","13,444.09","13,430.15","13,503.29","13,428.39","224.73M","0.67%"
"04/18/2005","13,355.23","13,382.02","13,424.66","13,337.44","502.13M","-2.08%"
"04/15/2005","13,638.75","13,672.74","13,672.74","13,579.16","299.36M","-0.97%"
"04/14/2005","13,772.40","13,741.17","13,788.68","13,707.67","323.55M","-0.20%"
"04/13/2005","13,799.62","13,695.68","13,808.51","13,665.40","230.15M","1.04%"
"04/12/2005","13,658.05","13,660.65","13,678.64","13,622.71","165.57M","-0.01%"
"04/11/2005","13,659.93","13,614.05","13,668.00","13,606.39","242.42M","-0.05%"
"04/08/2005","13,666.72","13,670.79","13,686.99","13,636.35","245.68M","0.47%"
"04/07/2005","13,602.35","13,605.42","13,619.87","13,538.40","264.33M","0.30%"
"04/06/2005","13,562.26","13,537.38","13,612.04","13,505.78","355.91M","0.36%"
"04/04/2005","13,513.41","13,474.36","13,545.31","13,436.96","287.55M","0.16%"
"04/01/2005","13,491.35","13,495.66","13,518.63","13,397.60","323.86M","-0.19%"
"03/31/2005","13,516.88","13,515.38","13,556.14","13,482.49","427.84M","0.68%"
"03/30/2005","13,425.75","13,404.60","13,460.01","13,357.17","312.03M","0.10%"
"03/29/2005","13,411.88","13,552.10","13,552.10","13,380.91","401.28M","-1.36%"
"03/24/2005","13,597.10","13,591.94","13,612.98","13,547.84","300.04M","-0.05%"
"03/23/2005","13,603.61","13,602.90","13,643.99","13,564.61","386.97M","-1.25%"
"03/22/2005","13,776.47","13,800.83","13,822.88","13,757.65","264.34M","-0.42%"
"03/21/2005","13,834.35","13,822.95","13,865.12","13,786.79","170.98M","0.04%"
"03/18/2005","13,828.37","13,865.05","13,907.06","13,779.77","281.04M","0.08%"
"03/17/2005","13,817.99","13,723.25","13,858.42","13,699.71","340.12M","-0.11%"
"03/16/2005","13,832.52","13,709.85","13,838.23","13,647.06","344.71M","0.11%"
"03/15/2005","13,816.75","13,886.83","13,886.83","13,763.54","316.21M","-0.65%"
"03/14/2005","13,906.85","13,832.94","13,935.11","13,816.25","286.06M","0.11%"
"03/11/2005","13,890.93","13,859.89","13,909.29","13,781.42","350.89M","0.25%"
"03/10/2005","13,856.02","13,811.36","13,874.21","13,742.24","482.47M","-0.61%"
"03/09/2005","13,941.47","13,915.36","13,996.46","13,871.27","299.30M","0.43%"
"03/08/2005","13,881.71","13,763.14","13,889.43","13,736.18","303.18M","0.80%"
"03/07/2005","13,771.95","13,829.84","13,872.62","13,749.25","250.70M","0.30%"
"03/04/2005","13,730.78","13,906.01","13,922.43","13,692.39","395.83M","-1.16%"
"03/03/2005","13,892.37","13,816.82","13,909.11","13,785.39","277.07M","0.30%"
"03/02/2005","13,850.78","14,039.85","14,066.76","13,817.46","375.85M","-1.50%"
"03/01/2005","14,061.15","14,031.22","14,085.85","13,954.58","274.50M","-0.95%"
"02/28/2005","14,195.35","14,204.86","14,272.54","14,141.78","398.28M","0.27%"
"02/25/2005","14,157.09","14,103.12","14,207.53","14,103.12","418.03M","0.68%"
"02/24/2005","14,060.91","13,970.64","14,060.91","13,956.14","301.50M","0.74%"
"02/23/2005","13,957.94","13,933.72","13,964.76","13,907.54","357.03M","-0.94%"
"02/22/2005","14,090.52","14,095.89","14,118.23","14,022.06","296.06M","-0.15%"
"02/21/2005","14,111.65","14,072.41","14,113.93","14,045.71","282.81M","0.17%"
"02/18/2005","14,087.87","13,933.92","14,093.43","13,898.92","323.29M","0.86%"
"02/17/2005","13,967.82","14,024.13","14,037.62","13,936.63","256.35M","-0.34%"
"02/16/2005","14,015.49","14,029.50","14,044.83","13,962.48","302.05M","0.14%"
"02/15/2005","13,995.83","14,042.38","14,065.66","13,978.24","304.10M","-0.15%"
"02/14/2005","14,017.23","14,006.54","14,043.94","13,943.46","425.99M","1.24%"
"02/08/2005","13,845.63","13,806.56","13,863.99","13,788.33","218.21M","0.37%"
"02/07/2005","13,795.00","13,749.08","13,816.86","13,749.08","383.25M","1.54%"
"02/04/2005","13,585.17","13,495.71","13,623.60","13,470.48","425.73M","0.52%"
"02/03/2005","13,515.33","13,525.89","13,586.85","13,456.14","404.91M","-0.30%"
"02/02/2005","13,555.80","13,573.64","13,607.88","13,454.40","321.79M","-0.17%"
"02/01/2005","13,578.26","13,714.42","13,736.64","13,522.43","407.25M","-1.05%"
"01/31/2005","13,721.69","13,625.23","13,762.86","13,581.19","352.64M","0.52%"
"01/28/2005","13,650.06","13,633.68","13,679.31","13,559.98","268.38M","0.16%"
"01/27/2005","13,628.91","13,636.74","13,750.48","13,596.41","374.45M","0.04%"
"01/26/2005","13,623.68","13,599.20","13,652.45","13,558.03","365.58M","0.29%"
"01/25/2005","13,584.06","13,378.84","13,594.86","13,356.24","319.83M","1.47%"
"01/24/2005","13,386.99","13,449.88","13,483.13","13,320.53","450.78M","-0.70%"
"01/21/2005","13,481.02","13,495.93","13,518.69","13,432.46","476.20M","-0.46%"
"01/20/2005","13,543.59","13,550.98","13,585.67","13,500.58","460.34M","-0.99%"
"01/19/2005","13,678.63","13,634.01","13,700.94","13,586.34","304.02M","0.55%"
"01/18/2005","13,604.22","13,621.96","13,621.96","13,489.99","289.85M","-0.13%"
"01/17/2005","13,621.65","13,529.08","13,636.77","13,528.11","261.02M","0.94%"
"01/14/2005","13,494.78","13,509.46","13,582.54","13,411.31","473.36M","-0.58%"
"01/13/2005","13,573.28","13,570.22","13,631.41","13,533.01","396.31M","0.06%"
"01/12/2005","13,565.31","13,456.54","13,565.31","13,352.71","336.97M","0.41%"
"01/11/2005","13,509.25","13,609.31","13,649.43","13,455.31","340.80M","-0.16%"
"01/10/2005","13,531.39","13,573.42","13,605.02","13,435.43","317.38M","-0.32%"
"01/07/2005","13,574.86","13,698.16","13,771.45","13,403.00","571.21M","-1.00%"
"01/06/2005","13,712.04","13,718.79","13,789.15","13,672.56","418.76M","-0.38%"
"01/05/2005","13,764.36","13,939.02","13,941.13","13,709.58","530.20M","-2.00%"
"01/04/2005","14,045.90","14,198.51","14,198.51","13,991.20","397.50M","-1.35%"
"01/03/2005","14,237.42","14,216.04","14,267.21","14,150.02","145.56M","0.05%"
"12/31/2004","14,230.14","14,184.83","14,248.64","14,168.24","149.75M","0.47%"
"12/30/2004","14,163.55","14,262.34","14,304.58","14,158.73","230.15M","-0.72%"
"12/29/2004","14,266.38","14,277.53","14,333.24","14,226.61","201.24M","0.49%"
"12/28/2004","14,196.95","14,147.93","14,234.59","14,096.82","228.46M","0.01%"
"12/24/2004","14,194.90","14,215.75","14,230.16","14,178.40","102.24M","-0.28%"
"12/23/2004","14,235.30","14,165.64","14,254.85","14,134.14","187.79M","0.60%"
"12/22/2004","14,151.08","14,212.70","14,219.33","14,117.30","200.21M","-0.21%"
"12/21/2004","14,180.79","14,235.38","14,259.94","14,135.73","217.45M","-0.23%"
"12/20/2004","14,214.04","14,000.18","14,229.67","13,957.25","318.39M","1.58%"
"12/17/2004","13,992.44","14,013.49","14,032.43","13,905.40","236.59M","-0.23%"
"12/16/2004","14,024.63","14,104.25","14,137.38","13,977.42","290.37M","-0.38%"
"12/15/2004","14,078.54","14,054.01","14,133.21","13,997.01","437.60M","0.25%"
"12/14/2004","14,043.52","13,965.07","14,059.33","13,950.51","421.61M","1.13%"
"12/13/2004","13,886.16","13,875.37","13,906.67","13,760.11","315.24M","-0.11%"
"12/10/2004","13,901.81","13,965.06","14,025.07","13,869.53","317.60M","-0.76%"
"12/09/2004","14,008.82","14,009.24","14,063.66","13,910.15","421.00M","-0.10%"
"12/08/2004","14,022.32","14,156.71","14,214.01","13,984.21","400.51M","-1.50%"
"12/07/2004","14,235.78","14,196.59","14,317.31","14,184.00","364.37M","-0.15%"
"12/06/2004","14,256.86","14,256.01","14,287.55","14,165.65","308.15M","0.32%"
"12/03/2004","14,211.84","14,264.44","14,282.18","14,149.69","419.05M","-0.35%"
"12/02/2004","14,261.79","14,311.95","14,339.06","14,226.20","456.47M","0.70%"
"12/01/2004","14,162.80","14,005.91","14,162.80","13,936.51","338.00M","0.73%"
"11/30/2004","14,060.05","14,059.85","14,137.32","14,015.71","764.50M","-0.05%"
"11/29/2004","14,066.91","13,979.33","14,111.32","13,975.19","314.58M","1.24%"
"11/26/2004","13,895.03","13,922.17","14,009.13","13,856.10","396.69M","-0.23%"
"11/25/2004","13,926.61","14,009.07","14,054.71","13,867.96","357.17M","-0.50%"
"11/24/2004","13,997.02","14,001.03","14,091.89","13,942.35","435.07M","-0.19%"
"11/23/2004","14,023.29","13,809.38","14,048.69","13,784.05","429.57M","1.61%"
"11/22/2004","13,800.60","13,646.81","13,803.50","13,629.78","296.84M","0.09%"
"11/19/2004","13,787.68","13,853.33","13,870.71","13,751.30","289.25M","-0.09%"
"11/18/2004","13,799.82","13,853.73","13,882.69","13,784.86","346.01M","-0.18%"
"11/17/2004","13,824.98","13,787.39","13,858.63","13,770.27","469.04M","0.57%"
"11/16/2004","13,746.08","13,926.62","13,926.62","13,726.79","559.13M","-1.34%"
"11/15/2004","13,932.22","13,906.99","13,950.94","13,887.91","458.19M","1.07%"
"11/12/2004","13,784.46","13,750.23","13,822.11","13,747.56","432.97M","1.17%"
"11/11/2004","13,624.51","13,657.04","13,684.88","13,587.23","431.51M","-0.35%"
"11/10/2004","13,672.37","13,563.47","13,672.37","13,530.33","388.80M","1.15%"
"11/09/2004","13,516.67","13,542.05","13,579.40","13,486.29","256.35M","-0.33%"
"11/08/2004","13,561.49","13,536.21","13,573.87","13,463.72","258.32M","0.49%"
"11/05/2004","13,494.95","13,497.95","13,536.87","13,461.11","362.39M","0.94%"
"11/04/2004","13,369.09","13,485.89","13,485.89","13,319.69","308.47M","-0.21%"
"11/03/2004","13,397.67","13,316.12","13,427.37","13,270.20","352.71M","0.67%"
"11/02/2004","13,308.74","13,160.08","13,313.17","13,160.08","386.28M","1.64%"
"11/01/2004","13,094.25","13,039.40","13,105.08","13,001.32","198.43M","0.30%"
"10/29/2004","13,054.66","13,027.12","13,098.54","13,025.07","409.07M","-0.45%"
"10/28/2004","13,113.15","12,973.66","13,141.30","12,973.36","412.76M","2.14%"
"10/27/2004","12,838.71","12,880.99","12,918.45","12,836.49","240.93M","-0.11%"
"10/26/2004","12,852.35","12,841.08","12,867.51","12,810.76","281.12M","0.27%"
"10/25/2004","12,818.10","12,816.08","12,846.75","12,743.42","434.97M","-1.51%"
"10/21/2004","13,015.20","12,997.44","13,037.75","12,945.30","243.03M","0.12%"
"10/20/2004","12,999.13","13,094.15","13,095.88","12,954.87","266.33M","-1.18%"
"10/19/2004","13,154.55","13,108.22","13,155.37","13,042.62","191.00M","0.92%"
"10/18/2004","13,034.74","13,074.73","13,089.44","12,989.83","158.32M","-0.19%"
"10/15/2004","13,059.43","13,021.58","13,094.56","13,012.84","190.25M","0.18%"
"10/14/2004","13,035.38","13,024.84","13,068.71","12,982.29","281.15M","-1.03%"
"10/13/2004","13,171.58","13,242.03","13,301.33","13,093.98","386.34M","-0.60%"
"10/12/2004","13,251.59","13,244.40","13,286.08","13,186.97","271.62M","-0.40%"
"10/11/2004","13,305.13","13,240.85","13,321.54","13,158.54","276.75M","0.48%"
"10/08/2004","13,241.46","13,291.28","13,380.52","13,186.21","391.20M","-0.60%"
"10/07/2004","13,321.73","13,333.33","13,334.61","13,268.77","204.20M","0.38%"
"10/06/2004","13,271.57","13,378.37","13,398.77","13,271.55","269.41M","-0.45%"
"10/05/2004","13,331.10","13,366.87","13,366.87","13,304.17","307.41M","-0.21%"
"10/04/2004","13,359.25","13,347.17","13,402.96","13,323.29","546.65M","1.82%"
"09/30/2004","13,120.03","13,056.80","13,154.91","13,052.38","360.96M","1.31%"
"09/28/2004","12,950.80","12,933.32","12,967.07","12,884.40","299.31M","-0.55%"
"09/27/2004","13,021.90","13,053.60","13,067.76","12,908.10","318.86M","-0.34%"
"09/24/2004","13,066.84","13,236.25","13,253.33","13,035.16","404.19M","-1.61%"
"09/23/2004","13,280.43","13,198.79","13,282.86","13,179.13","371.46M","0.06%"
"09/22/2004","13,272.23","13,314.08","13,356.88","13,265.17","569.69M","-0.24%"
"09/21/2004","13,304.48","13,212.35","13,311.36","13,154.99","416.89M","0.63%"
"09/20/2004","13,221.33","13,236.48","13,284.01","13,173.52","464.48M","-0.03%"
"09/17/2004","13,224.93","13,243.15","13,254.21","13,184.38","892.77M","0.11%"
"09/16/2004","13,209.84","13,044.42","13,223.51","13,044.42","329.04M","0.96%"
"09/15/2004","13,084.40","13,127.39","13,127.94","13,007.63","248.99M","-0.48%"
"09/14/2004","13,148.06","13,147.95","13,172.07","13,090.23","232.07M","0.06%"
"09/13/2004","13,139.57","13,079.39","13,143.45","13,059.18","267.78M","1.04%"
"09/10/2004","13,003.99","12,945.50","13,008.00","12,865.06","337.56M","0.48%"
"09/09/2004","12,942.20","13,019.96","13,080.70","12,905.85","286.50M","-0.83%"
"09/08/2004","13,049.96","13,161.81","13,190.39","13,013.65","367.38M","-0.66%"
"09/07/2004","13,136.04","13,102.97","13,146.42","13,058.02","250.67M","0.24%"
"09/06/2004","13,104.34","12,964.70","13,107.37","12,942.67","335.56M","1.21%"
"09/03/2004","12,948.10","13,060.56","13,074.85","12,934.92","268.54M","-0.39%"
"09/02/2004","12,999.07","13,026.71","13,088.42","12,979.87","271.34M","-0.19%"
"09/01/2004","13,023.87","12,924.13","13,042.59","12,924.13","318.76M","1.35%"
"08/31/2004","12,850.28","12,833.35","12,904.24","12,806.85","203.32M","-0.21%"
"08/30/2004","12,877.78","12,806.64","12,901.09","12,802.13","230.49M","0.46%"
"08/27/2004","12,818.42","12,765.08","12,898.02","12,765.08","325.61M","0.27%"
"08/26/2004","12,784.39","12,793.08","12,843.86","12,720.77","331.24M","-0.07%"
"08/25/2004","12,793.03","12,666.76","12,819.64","12,666.76","459.62M","1.16%"
"08/24/2004","12,646.49","12,424.34","12,657.41","12,409.38","348.61M","1.73%"
"08/23/2004","12,431.77","12,413.77","12,452.07","12,385.75","220.49M","0.44%"
"08/20/2004","12,376.90","12,358.56","12,418.31","12,320.42","211.59M","-0.16%"
"08/19/2004","12,396.67","12,296.58","12,428.77","12,289.88","308.42M","1.37%"
"08/18/2004","12,228.54","12,209.52","12,269.36","12,194.41","142.52M","-0.23%"
"08/17/2004","12,256.12","12,278.69","12,319.57","12,220.57","166.21M","0.30%"
"08/16/2004","12,219.75","12,320.77","12,338.86","12,150.71","257.95M","-1.13%"
"08/13/2004","12,359.83","12,347.36","12,367.34","12,278.93","272.98M","-0.43%"
"08/12/2004","12,413.43","12,342.32","12,431.02","12,271.89","283.34M","0.57%"
"08/11/2004","12,343.13","12,477.41","12,482.79","12,324.02","231.49M","-0.52%"
"08/10/2004","12,408.04","12,455.49","12,503.47","12,367.68","200.41M","-0.48%"
"08/09/2004","12,467.41","12,420.73","12,534.64","12,415.10","161.46M","-0.09%"
"08/06/2004","12,478.68","12,403.00","12,503.22","12,391.87","268.42M","-0.11%"
"08/05/2004","12,491.92","12,319.33","12,518.55","12,315.64","311.35M","1.72%"
"08/04/2004","12,280.26","12,269.98","12,322.34","12,174.09","304.77M","-0.62%"
"08/03/2004","12,357.12","12,405.30","12,425.43","12,279.64","254.46M","1.28%"
"08/02/2004","12,201.39","12,233.63","12,236.83","12,131.76","178.93M","-0.30%"
"07/30/2004","12,238.03","12,290.57","12,344.96","12,223.87","277.49M","0.45%"
"07/29/2004","12,183.10","12,265.52","12,284.32","12,084.68","233.02M","-1.11%"
"07/28/2004","12,320.27","12,378.09","12,382.03","12,292.34","156.75M","0.15%"
"07/27/2004","12,301.32","12,273.65","12,358.61","12,250.17","222.35M","-0.15%"
"07/26/2004","12,319.83","12,242.60","12,322.34","12,218.59","149.54M","-0.27%"
"07/23/2004","12,352.99","12,286.02","12,387.96","12,286.02","191.67M","0.27%"
"07/22/2004","12,320.21","12,295.20","12,344.78","12,245.82","211.91M","-0.60%"
"07/21/2004","12,395.11","12,248.10","12,399.37","12,248.10","416.10M","2.24%"
"07/20/2004","12,123.63","12,098.11","12,137.88","12,051.97","199.15M","-0.36%"
"07/19/2004","12,166.95","12,079.43","12,172.97","12,033.22","190.23M","0.89%"
"07/16/2004","12,059.20","11,868.20","12,109.59","11,862.68","189.84M","1.00%"
"07/15/2004","11,939.41","11,931.89","11,957.05","11,883.93","182.48M","0.06%"
"07/14/2004","11,932.83","12,062.41","12,133.22","11,915.47","259.40M","-1.20%"
"07/13/2004","12,078.33","12,191.72","12,191.72","12,012.74","213.63M","-0.92%"
"07/12/2004","12,191.01","12,227.55","12,267.91","12,170.17","174.97M","-0.09%"
"07/09/2004","12,202.26","12,157.25","12,213.91","12,117.46","183.33M","0.68%"
"07/08/2004","12,119.75","12,295.47","12,345.18","12,114.91","222.69M","-1.63%"
"07/07/2004","12,320.26","12,174.60","12,343.69","12,166.06","258.53M","0.29%"
"07/06/2004","12,284.08","12,274.11","12,336.62","12,210.38","224.29M","0.26%"
"07/05/2004","12,252.11","12,160.22","12,258.10","12,130.02","140.23M","0.26%"
"07/02/2004","12,220.13","12,052.36","12,246.75","12,051.05","256.92M","-0.53%"
"06/30/2004","12,285.75","12,199.18","12,328.48","12,199.18","317.05M","1.40%"
"06/29/2004","12,116.30","12,167.82","12,190.57","12,037.96","200.21M","-0.64%"
"06/28/2004","12,194.60","12,142.36","12,229.80","12,092.82","178.16M","0.07%"
"06/25/2004","12,185.52","12,159.87","12,207.12","12,070.76","226.93M","0.18%"
"06/24/2004","12,163.68","11,923.99","12,177.35","11,904.42","363.44M","2.65%"
"06/23/2004","11,849.77","11,860.23","11,919.68","11,786.64","245.71M","0.04%"
"06/21/2004","11,845.59","11,997.32","11,999.48","11,781.82","227.27M","-0.08%"
"06/18/2004","11,855.55","11,960.05","11,960.05","11,789.45","346.78M","-1.88%"
"06/17/2004","12,082.86","12,135.57","12,201.83","12,036.72","220.75M","-0.65%"
"06/16/2004","12,161.78","12,245.71","12,260.38","12,095.70","198.92M","0.92%"
"06/15/2004","12,050.69","12,039.24","12,165.91","12,001.91","242.40M","-0.21%"
"06/14/2004","12,076.57","12,430.20","12,538.65","12,053.65","349.84M","-2.58%"
"06/11/2004","12,396.39","12,439.19","12,440.84","12,336.55","221.74M","-0.21%"
"06/10/2004","12,422.87","12,283.70","12,458.96","12,235.54","350.41M","0.67%"
"06/09/2004","12,339.94","12,356.38","12,426.69","12,283.57","247.00M","-0.03%"
"06/08/2004","12,344.16","12,412.13","12,463.26","12,319.92","292.64M","0.14%"
"06/07/2004","12,326.85","12,258.72","12,360.81","12,233.89","346.23M","2.53%"
"06/04/2004","12,022.64","11,965.60","12,034.51","11,908.73","213.51M","0.78%"
"06/03/2004","11,929.93","12,200.52","12,236.20","11,844.71","361.59M","-2.23%"
"06/02/2004","12,201.75","12,075.03","12,234.71","12,064.14","227.62M","0.79%"
"06/01/2004","12,105.55","12,172.23","12,253.26","12,076.92","206.99M","-0.76%"
"05/31/2004","12,198.24","12,081.68","12,199.40","11,990.63","231.37M","0.67%"
"05/28/2004","12,116.87","12,089.54","12,222.26","11,999.61","438.69M","1.11%"
"05/27/2004","11,983.90","11,904.75","11,993.58","11,839.29","377.55M","2.49%"
"05/25/2004","11,692.56","11,616.56","11,700.59","11,512.61","238.83M","0.25%"
"05/24/2004","11,662.97","11,584.43","11,687.38","11,563.54","221.38M","0.75%"
"05/21/2004","11,576.01","11,350.20","11,602.27","11,334.07","287.21M","2.08%"
"05/20/2004","11,339.62","11,414.75","11,495.61","11,235.79","368.11M","-1.13%"
"05/19/2004","11,469.41","11,227.47","11,478.07","11,227.47","492.32M","3.59%"
"05/18/2004","11,072.39","11,033.42","11,132.69","10,981.29","364.11M","0.95%"
"05/17/2004","10,967.65","11,207.25","11,265.27","10,917.65","424.58M","-2.74%"
"05/14/2004","11,276.86","11,421.92","11,450.89","11,245.66","279.51M","-1.05%"
"05/13/2004","11,396.94","11,498.03","11,535.99","11,354.36","299.16M","-1.14%"
"05/12/2004","11,528.18","11,590.91","11,662.21","11,495.38","411.97M","0.17%"
"05/11/2004","11,508.09","11,420.75","11,530.42","11,331.69","334.63M","0.20%"
"05/10/2004","11,485.50","11,704.25","11,704.25","11,448.75","454.13M","-3.57%"
"05/07/2004","11,910.76","11,902.87","11,955.35","11,835.26","246.27M","-0.83%"
"05/06/2004","12,010.31","11,985.72","12,128.90","11,954.97","289.67M","0.50%"
"05/05/2004","11,950.46","12,115.23","12,115.23","11,860.27","324.81M","-1.22%"
"05/04/2004","12,098.30","11,988.74","12,154.18","11,988.74","343.12M","1.24%"
"05/03/2004","11,950.62","11,876.20","11,970.05","11,871.28","176.57M","0.06%"
"04/30/2004","11,942.96","11,898.53","11,987.15","11,856.34","424.67M","-0.52%"
"04/29/2004","12,005.58","11,969.41","12,042.07","11,898.18","385.50M","-1.31%"
"04/28/2004","12,165.31","12,148.50","12,245.37","12,143.67","223.86M","0.09%"
"04/27/2004","12,154.91","12,141.82","12,245.76","12,064.55","238.44M","0.18%"
"04/26/2004","12,132.68","12,304.87","12,309.46","12,091.02","346.23M","-2.03%"
"04/23/2004","12,383.94","12,296.72","12,386.14","12,243.58","315.14M","1.78%"
"04/22/2004","12,167.70","12,235.99","12,318.86","12,091.26","335.12M","-0.49%"
"04/21/2004","12,227.30","12,290.90","12,303.17","12,182.82","361.90M","-1.35%"
"04/20/2004","12,394.37","12,492.99","12,514.85","12,346.86","315.19M","-0.45%"
"04/19/2004","12,450.00","12,452.00","12,458.22","12,324.81","282.12M","-0.07%"
"04/16/2004","12,458.38","12,422.17","12,510.10","12,404.16","361.41M","-0.17%"
"04/15/2004","12,479.26","12,648.64","12,657.01","12,358.46","565.08M","-1.50%"
"04/14/2004","12,669.86","12,891.68","12,912.75","12,664.24","342.19M","-2.78%"
"04/13/2004","13,031.81","13,015.24","13,126.15","13,014.50","410.24M","0.95%"
"04/08/2004","12,909.37","12,919.04","12,979.74","12,858.88","223.54M","-0.08%"
"04/07/2004","12,920.05","12,909.73","12,946.87","12,869.62","261.98M","0.26%"
"04/06/2004","12,886.97","12,886.11","12,941.91","12,833.28","384.41M","1.22%"
"04/02/2004","12,731.76","12,727.13","12,763.05","12,680.17","328.99M","0.44%"
"04/01/2004","12,676.25","12,679.43","12,701.61","12,609.79","217.62M","-0.04%"
"03/31/2004","12,681.67","12,706.70","12,740.22","12,580.52","243.95M","0.32%"
"03/30/2004","12,641.39","12,555.93","12,695.63","12,469.85","322.01M","1.72%"
"03/29/2004","12,427.34","12,493.36","12,505.85","12,400.35","247.52M","-0.45%"
"03/26/2004","12,483.24","12,647.72","12,650.92","12,470.87","393.45M","-0.30%"
"03/25/2004","12,520.21","12,579.92","12,611.59","12,480.59","335.18M","-1.25%"
"03/24/2004","12,678.13","12,618.87","12,699.34","12,612.78","295.48M","0.71%"
"03/23/2004","12,588.36","12,437.17","12,665.99","12,424.38","298.75M","0.30%"
"03/22/2004","12,550.91","12,593.42","12,631.27","12,529.48","300.50M","-1.87%"
"03/19/2004","12,790.58","12,792.67","12,851.12","12,715.97","349.13M","-0.20%"
"03/18/2004","12,816.19","12,998.69","13,017.06","12,787.32","259.69M","-1.23%"
"03/17/2004","12,975.72","12,948.49","13,033.75","12,889.37","249.01M","0.33%"
"03/16/2004","12,932.62","12,820.37","12,947.50","12,791.41","203.17M","0.10%"
"03/15/2004","12,919.41","13,002.32","13,075.96","12,912.55","274.43M","-0.10%"
"03/12/2004","12,932.23","12,809.67","12,932.75","12,730.49","424.57M","-0.71%"
"03/11/2004","13,024.06","12,996.76","13,079.73","12,979.76","435.80M","-1.44%"
"03/10/2004","13,214.20","13,312.00","13,312.00","13,129.20","383.12M","-1.37%"
"03/09/2004","13,397.25","13,544.67","13,544.67","13,360.13","285.86M","-1.30%"
"03/08/2004","13,573.54","13,549.94","13,677.68","13,541.47","372.53M","0.88%"
"03/05/2004","13,454.76","13,434.44","13,499.92","13,402.82","220.56M","0.02%"
"03/04/2004","13,451.56","13,472.89","13,526.68","13,402.67","266.67M","-0.02%"
"03/03/2004","13,454.09","13,553.09","13,567.21","13,418.39","326.82M","-2.02%"
"03/02/2004","13,731.35","13,906.44","13,906.44","13,706.10","265.25M","-1.35%"
"03/01/2004","13,918.65","14,021.36","14,058.21","13,896.57","273.03M","0.08%"
"02/27/2004","13,907.03","13,722.71","13,934.75","13,674.29","352.02M","1.70%"
"02/26/2004","13,674.64","13,618.06","13,714.76","13,601.93","211.19M","0.55%"
"02/25/2004","13,599.47","13,773.12","13,810.22","13,560.85","270.16M","-1.14%"
"02/24/2004","13,756.41","13,743.07","13,889.82","13,692.89","263.18M","-0.06%"
"02/23/2004","13,765.07","13,849.68","13,851.82","13,691.09","249.66M","-0.74%"
"02/20/2004","13,868.37","13,889.68","13,925.58","13,810.34","273.57M","0.01%"
"02/19/2004","13,867.22","13,871.33","13,940.22","13,813.37","359.35M","-0.44%"
"02/18/2004","13,928.38","13,948.74","13,984.38","13,879.53","324.42M","0.82%"
"02/17/2004","13,815.44","13,854.49","13,887.66","13,713.71","278.33M","-0.12%"
"02/16/2004","13,831.53","13,727.97","13,857.98","13,712.60","301.14M","0.67%"
"02/13/2004","13,739.80","13,587.41","13,744.38","13,526.16","422.47M","0.84%"
"02/12/2004","13,625.13","13,680.55","13,680.55","13,585.41","256.11M","0.74%"
"02/11/2004","13,524.76","13,592.69","13,659.36","13,478.69","259.03M","0.07%"
"02/10/2004","13,515.66","13,558.28","13,623.30","13,490.35","369.97M","-0.45%"
"02/09/2004","13,576.68","13,437.21","13,586.26","13,437.21","356.74M","2.01%"
"02/06/2004","13,309.60","13,070.22","13,320.85","13,070.22","280.97M","2.14%"
"02/05/2004","13,030.94","13,063.00","13,116.98","12,982.75","196.51M","-0.43%"
"02/04/2004","13,086.73","13,058.07","13,168.50","13,036.11","247.10M","-0.03%"
"02/03/2004","13,090.01","12,921.78","13,094.88","12,877.09","344.28M","0.69%"
"02/02/2004","12,999.98","13,158.26","13,158.26","12,985.70","321.62M","-2.18%"
"01/30/2004","13,289.37","13,315.02","13,353.85","13,225.33","365.24M","-0.33%"
"01/29/2004","13,334.01","13,226.88","13,340.91","13,168.43","486.01M","-0.73%"
"01/28/2004","13,431.78","13,668.43","13,669.88","13,400.29","463.64M","-2.40%"
"01/27/2004","13,761.88","13,737.56","13,780.71","13,550.77","503.59M","0.25%"
"01/26/2004","13,727.27","13,756.76","13,764.54","13,666.09","349.39M","-0.17%"
"01/21/2004","13,750.58","13,631.42","13,776.85","13,631.42","359.26M","1.33%"
"01/20/2004","13,570.43","13,280.27","13,584.12","13,268.63","406.95M","2.39%"
"01/19/2004","13,253.31","13,187.00","13,253.31","13,098.26","223.12M","0.65%"
"01/16/2004","13,167.76","13,229.89","13,290.39","13,136.92","307.01M","-0.62%"
"01/15/2004","13,249.81","13,336.18","13,385.25","13,198.92","251.48M","-0.53%"
"01/14/2004","13,320.88","13,289.11","13,398.63","13,282.11","312.64M","-0.57%"
"01/13/2004","13,396.65","13,384.30","13,446.76","13,162.49","372.28M","0.33%"
"01/12/2004","13,352.22","13,315.29","13,414.65","13,263.61","391.79M","-0.25%"
"01/09/2004","13,385.80","13,326.05","13,405.34","13,233.27","651.74M","1.38%"
"01/08/2004","13,203.59","13,184.44","13,255.81","13,063.27","486.08M","0.35%"
"01/07/2004","13,157.68","13,122.99","13,216.36","13,095.59","381.66M","0.93%"
"01/06/2004","13,036.32","13,063.45","13,128.73","12,975.50","440.10M","0.24%"
"01/05/2004","13,005.33","12,844.59","13,009.40","12,763.10","363.00M","1.59%"
"01/02/2004","12,801.48","12,664.99","12,815.08","12,664.99","305.57M","1.79%"
"12/31/2003","12,575.94","12,529.83","12,631.69","12,529.43","138.29M","0.39%"
"12/30/2003","12,526.74","12,560.34","12,643.80","12,504.97","266.81M","0.50%"
"12/29/2003","12,464.29","12,443.56","12,466.40","12,336.73","153.22M","0.06%"
"12/24/2003","12,456.70","12,468.73","12,507.28","12,446.61","120.82M","0.29%"
"12/23/2003","12,420.51","12,515.50","12,545.04","12,416.01","200.95M","-0.54%"
"12/22/2003","12,487.99","12,422.32","12,498.88","12,405.64","202.40M","0.94%"
"12/19/2003","12,371.75","12,385.19","12,443.97","12,299.70","220.75M","1.07%"
"12/18/2003","12,240.25","12,225.78","12,310.44","12,163.20","238.43M","0.39%"
"12/17/2003","12,193.12","12,315.23","12,337.57","12,111.23","364.64M","-0.55%"
"12/16/2003","12,260.33","12,400.85","12,456.01","12,166.98","1.66B","-2.08%"
"12/15/2003","12,520.17","12,705.42","12,740.50","12,504.29","258.62M","-0.59%"
"12/12/2003","12,594.42","12,631.63","12,674.08","12,566.28","249.96M","0.32%"
"12/11/2003","12,554.58","12,343.89","12,590.23","12,337.82","286.26M","1.26%"
"12/10/2003","12,398.38","12,321.59","12,428.49","12,310.09","212.68M","0.04%"
"12/09/2003","12,393.64","12,244.66","12,418.78","12,227.84","192.25M","1.78%"
"12/08/2003","12,177.44","12,214.19","12,214.61","12,124.00","149.16M","-1.11%"
"12/05/2003","12,314.73","12,309.57","12,367.15","12,236.24","155.95M","-0.23%"
"12/04/2003","12,342.65","12,379.94","12,400.60","12,286.65","136.33M","-0.15%"
"12/03/2003","12,361.18","12,386.01","12,480.60","12,334.05","211.46M","-0.41%"
"12/02/2003","12,412.23","12,526.23","12,539.00","12,403.68","277.35M","-0.36%"
"12/01/2003","12,456.99","12,306.26","12,481.28","12,306.26","304.01M","1.13%"
"11/28/2003","12,317.47","12,108.79","12,339.94","12,091.53","304.79M","2.00%"
"11/27/2003","12,075.99","12,075.97","12,131.69","12,015.39","157.27M","-0.09%"
"11/26/2003","12,086.67","12,010.71","12,099.15","11,943.94","181.08M","0.65%"
"11/25/2003","12,008.07","12,006.31","12,064.75","11,974.01","198.98M","1.35%"
"11/24/2003","11,848.56","11,854.97","11,889.47","11,793.82","130.64M","0.07%"
"11/21/2003","11,839.80","11,718.51","11,840.19","11,661.47","248.17M","-0.05%"
"11/20/2003","11,845.41","11,926.04","11,949.29","11,807.30","225.24M","-0.23%"
"11/19/2003","11,872.99","11,839.30","11,913.35","11,797.67","286.10M","-1.28%"
"11/18/2003","12,027.26","11,966.96","12,049.53","11,828.65","294.22M","0.25%"
"11/17/2003","11,997.02","11,950.48","12,010.42","11,911.85","238.92M","-1.69%"
"11/14/2003","12,203.53","12,219.58","12,267.09","12,164.27","159.50M","-0.20%"
"11/13/2003","12,227.57","12,116.86","12,234.85","12,082.52","235.38M","2.14%"
"11/12/2003","11,971.48","12,021.36","12,060.14","11,872.44","221.40M","-0.27%"
"11/11/2003","12,003.62","12,011.36","12,105.27","11,946.53","227.11M","-1.26%"
"11/10/2003","12,156.68","12,224.79","12,281.35","12,070.01","196.56M","-0.48%"
"11/07/2003","12,215.17","12,205.19","12,256.42","12,129.16","185.26M","0.54%"
"11/06/2003","12,150.09","12,341.04","12,381.23","12,059.97","363.89M","-2.32%"
"11/05/2003","12,438.92","12,391.74","12,470.91","12,330.57","253.73M","-0.01%"
"11/04/2003","12,440.72","12,503.58","12,537.19","12,406.64","295.24M","0.44%"
"11/03/2003","12,386.81","12,222.44","12,412.18","12,222.44","309.04M","1.61%"
"10/31/2003","12,190.10","12,139.97","12,205.84","12,065.64","335.97M","0.38%"
"10/30/2003","12,143.35","12,202.46","12,202.46","11,989.01","395.28M","0.11%"
"10/29/2003","12,130.51","12,294.91","12,304.57","12,117.00","321.29M","0.32%"
"10/28/2003","12,091.88","11,844.02","12,123.73","11,844.02","352.30M","2.91%"
"10/27/2003","11,749.72","11,749.87","11,803.18","11,678.20","215.72M","0.11%"
"10/24/2003","11,736.37","11,792.87","11,819.20","11,558.11","380.99M","-0.01%"
"10/23/2003","11,737.18","12,027.91","12,051.14","11,712.14","496.93M","-4.10%"
"10/22/2003","12,238.63","12,240.54","12,283.88","12,199.23","411.50M","-0.10%"
"10/21/2003","12,250.69","12,190.08","12,297.46","12,161.25","373.10M","0.85%"
"10/20/2003","12,147.89","11,985.40","12,156.75","11,958.47","405.88M","0.86%"
"10/17/2003","12,044.49","12,070.72","12,088.62","11,915.41","348.66M","0.14%"
"10/16/2003","12,027.57","12,041.83","12,104.89","11,952.02","349.42M","-0.24%"
"10/15/2003","12,056.18","11,900.00","12,056.75","11,884.71","279.68M","1.69%"
"10/14/2003","11,856.02","12,065.35","12,065.35","11,834.21","318.46M","-0.89%"
"10/13/2003","11,961.97","11,957.38","11,992.91","11,831.58","261.78M","0.22%"
"10/10/2003","11,935.83","11,943.51","11,958.39","11,831.96","326.07M","1.15%"
"10/09/2003","11,800.37","11,762.26","11,821.18","11,710.08","322.96M","0.68%"
"10/08/2003","11,720.80","11,754.71","11,885.24","11,648.61","464.08M","-0.03%"
"10/07/2003","11,723.92","11,709.24","11,737.03","11,624.37","468.23M","-0.09%"
"10/06/2003","11,734.48","11,715.91","11,838.24","11,715.60","455.87M","1.08%"
"10/03/2003","11,608.72","11,581.51","11,652.40","11,541.68","469.54M","0.54%"
"10/02/2003","11,546.12","11,372.53","11,548.44","11,372.53","510.37M","2.82%"
"09/30/2003","11,229.87","11,227.04","11,325.96","11,196.98","364.09M","0.80%"
"09/29/2003","11,141.28","11,256.06","11,256.06","11,104.34","398.33M","-1.32%"
"09/26/2003","11,290.15","11,302.15","11,345.00","11,215.71","381.13M","0.03%"
"09/25/2003","11,286.52","11,273.12","11,444.72","11,230.24","627.77M","-0.08%"
"09/24/2003","11,295.89","11,008.43","11,298.96","11,008.43","465.23M","3.21%"
"09/23/2003","10,944.36","10,877.95","10,998.19","10,841.71","247.07M","0.65%"
"09/22/2003","10,873.27","10,920.03","11,010.14","10,822.56","275.22M","-0.87%"
"09/19/2003","10,968.42","11,170.35","11,204.87","10,949.23","422.61M","-0.91%"
"09/18/2003","11,069.22","11,104.32","11,129.95","10,984.78","269.27M","-0.64%"
"09/17/2003","11,140.05","11,165.81","11,189.91","11,075.64","423.08M","0.62%"
"09/16/2003","11,071.38","10,908.71","11,074.94","10,873.38","273.44M","0.72%"
"09/15/2003","10,992.73","10,952.58","11,008.88","10,871.59","259.58M","1.00%"
"09/11/2003","10,883.52","10,762.03","10,889.05","10,762.03","226.80M","0.68%"
"09/10/2003","10,810.31","10,948.03","10,948.03","10,784.86","325.03M","-2.14%"
"09/09/2003","11,046.82","11,219.72","11,242.15","11,029.45","303.24M","-1.06%"
"09/08/2003","11,165.28","11,126.31","11,177.40","11,076.71","331.09M","-0.05%"
"09/05/2003","11,170.61","11,164.65","11,198.96","11,104.32","292.80M","0.29%"
"09/04/2003","11,138.62","11,145.73","11,196.18","11,062.23","467.69M","0.33%"
"09/03/2003","11,102.36","11,027.56","11,114.50","10,989.75","385.81M","1.48%"
"09/02/2003","10,939.94","10,940.34","10,967.52","10,879.44","143.39M","0.34%"
"09/01/2003","10,903.40","10,937.79","11,039.43","10,899.93","298.94M","-0.05%"
"08/29/2003","10,908.99","10,812.87","10,934.52","10,804.46","406.80M","1.38%"
"08/28/2003","10,760.12","10,693.54","10,770.44","10,675.98","231.08M","0.76%"
"08/27/2003","10,678.55","10,749.88","10,797.96","10,659.00","264.34M","-0.70%"
"08/26/2003","10,753.93","10,709.60","10,753.93","10,629.89","291.58M","-0.10%"
"08/25/2003","10,764.22","10,733.12","10,845.76","10,718.88","364.14M","0.03%"
"08/22/2003","10,760.73","10,665.56","10,768.64","10,623.69","396.03M","1.10%"
"08/21/2003","10,643.63","10,490.57","10,655.21","10,474.28","407.55M","1.61%"
"08/20/2003","10,475.33","10,462.27","10,576.19","10,447.74","272.32M","-0.32%"
"08/19/2003","10,509.29","10,569.05","10,617.72","10,477.58","335.82M","-0.15%"
"08/18/2003","10,525.04","10,457.35","10,527.35","10,424.39","345.81M","0.96%"
"08/15/2003","10,424.56","10,427.15","10,434.49","10,312.52","224.16M","0.49%"
"08/14/2003","10,374.02","10,352.09","10,374.23","10,283.93","250.02M","0.70%"
"08/13/2003","10,301.47","10,273.03","10,365.42","10,257.18","368.26M","1.15%"
"08/12/2003","10,184.17","10,125.81","10,187.04","10,104.50","220.32M","0.90%"
"08/11/2003","10,093.54","9,983.88","10,099.96","9,978.99","154.53M","1.49%"
"08/08/2003","9,945.22","9,997.94","10,026.69","9,924.14","229.16M","-0.13%"
"08/07/2003","9,958.05","9,998.60","10,011.16","9,937.97","227.66M","-0.30%"
"08/06/2003","9,987.54","10,084.42","10,084.42","9,966.70","294.31M","-1.87%"
"08/05/2003","10,177.38","10,283.87","10,285.68","10,174.60","177.53M","-0.06%"
"08/04/2003","10,183.14","10,208.13","10,291.00","10,153.33","207.46M","-0.64%"
"08/01/2003","10,248.60","10,184.43","10,292.77","10,183.37","313.46M","1.12%"
"07/31/2003","10,134.83","10,103.16","10,171.28","10,065.31","287.65M","0.13%"
"07/30/2003","10,121.22","10,180.87","10,206.44","10,055.51","287.52M","-0.76%"
"07/29/2003","10,198.60","10,133.72","10,222.83","10,125.81","282.40M","0.63%"
"07/28/2003","10,134.88","10,031.24","10,164.79","10,031.24","242.28M","1.97%"
"07/25/2003","9,939.20","9,885.46","9,952.19","9,864.45","145.58M","0.16%"
"07/24/2003","9,923.14","9,900.56","10,008.41","9,900.56","145.69M","0.23%"
"07/23/2003","9,900.56","10,018.07","10,031.15","9,897.69","207.43M","-1.08%"
"07/22/2003","10,008.71","10,059.25","10,062.87","9,957.98","192.20M","-0.93%"
"07/21/2003","10,102.86","10,189.15","10,203.35","10,081.14","245.56M","-0.37%"
"07/18/2003","10,140.84","10,022.47","10,145.52","10,012.32","1.09B","0.44%"
"07/17/2003","10,096.72","10,136.71","10,198.95","10,035.20","207.24M","-1.08%"
"07/16/2003","10,207.17","10,116.01","10,236.89","10,093.71","203.05M","0.71%"
"07/15/2003","10,135.55","10,163.27","10,179.61","10,030.76","262.65M","0.13%"
"07/14/2003","10,122.40","9,990.89","10,122.57","9,980.25","225.18M","2.13%"
"07/11/2003","9,911.50","9,883.52","9,936.18","9,854.03","203.95M","-0.72%"
"07/10/2003","9,983.31","10,035.96","10,051.75","9,946.46","211.65M","-0.44%"
"07/09/2003","10,027.41","10,028.23","10,069.71","9,997.67","283.51M","0.35%"
"07/08/2003","9,992.87","10,010.46","10,086.45","9,983.76","386.31M","1.02%"
"07/07/2003","9,892.40","9,683.81","9,905.47","9,637.90","267.97M","2.65%"
"07/04/2003","9,636.81","9,628.39","9,670.42","9,569.85","156.36M","-0.10%"
"07/03/2003","9,646.10","9,689.14","9,705.63","9,593.42","278.70M","0.45%"
"07/02/2003","9,602.62","9,613.57","9,650.39","9,512.20","263.52M","0.27%"
"06/30/2003","9,577.12","9,594.94","9,641.62","9,564.07","189.46M","-0.83%"
"06/27/2003","9,657.21","9,626.86","9,711.22","9,613.64","165.73M","0.53%"
"06/26/2003","9,606.11","9,551.04","9,614.73","9,526.92","175.70M","-0.24%"
"06/25/2003","9,628.99","9,637.20","9,670.49","9,605.99","146.10M","-0.00%"
"06/24/2003","9,629.35","9,686.67","9,686.67","9,571.55","256.04M","-1.08%"
"06/23/2003","9,734.29","9,918.77","9,935.85","9,727.77","234.13M","-1.97%"
"06/20/2003","9,930.31","9,907.08","9,931.58","9,885.53","164.76M","-0.50%"
"06/19/2003","9,980.11","9,981.71","10,015.45","9,935.61","251.25M","0.10%"
"06/18/2003","9,970.30","10,057.75","10,067.86","9,935.63","399.71M","-0.60%"
"06/17/2003","10,030.37","10,026.82","10,041.96","9,975.44","349.24M","1.70%"
"06/16/2003","9,862.28","9,821.39","9,883.19","9,819.88","225.15M","0.07%"
"06/13/2003","9,855.64","9,728.20","9,866.66","9,692.83","343.51M","1.22%"
"06/12/2003","9,736.84","9,734.77","9,754.63","9,684.41","213.81M","0.77%"
"06/11/2003","9,662.06","9,756.50","9,773.54","9,645.25","273.65M","-0.43%"
"06/10/2003","9,703.72","9,642.46","9,714.73","9,625.47","236.37M","-0.31%"
"06/09/2003","9,733.51","9,698.29","9,734.35","9,660.67","253.54M","0.40%"
"06/06/2003","9,694.63","9,662.69","9,752.77","9,610.85","518.07M","0.58%"
"06/05/2003","9,639.01","9,779.18","9,780.85","9,634.93","385.95M","-0.25%"
"06/03/2003","9,662.82","9,633.43","9,683.01","9,563.72","294.92M","0.26%"
"06/02/2003","9,637.53","9,582.01","9,647.36","9,580.09","257.55M","1.58%"
"05/30/2003","9,487.38","9,482.10","9,557.54","9,461.84","250.60M","-0.22%"
"05/29/2003","9,508.55","9,520.81","9,587.17","9,483.62","276.45M","-0.02%"
"05/28/2003","9,510.62","9,558.22","9,560.86","9,483.09","321.30M","0.95%"
"05/27/2003","9,420.81","9,490.57","9,490.57","9,417.04","276.21M","-0.76%"
"05/26/2003","9,492.71","9,412.73","9,505.79","9,411.32","327.70M","2.03%"
"05/23/2003","9,303.73","9,217.21","9,313.98","9,208.74","305.20M","1.89%"
"05/22/2003","9,131.49","9,045.84","9,148.14","9,025.30","210.12M","0.79%"
"05/21/2003","9,059.80","9,069.34","9,086.36","9,020.77","201.11M","0.10%"
"05/20/2003","9,050.40","8,980.27","9,068.98","8,973.66","149.96M","-0.41%"
"05/19/2003","9,087.37","9,074.34","9,106.94","9,029.80","143.17M","-0.06%"
"05/16/2003","9,093.18","9,148.10","9,190.73","9,052.25","176.18M","-0.36%"
"05/15/2003","9,126.07","9,068.30","9,166.55","9,055.72","214.71M","0.25%"
"05/14/2003","9,103.69","9,135.51","9,217.26","9,069.24","234.80M","-0.17%"
"05/13/2003","9,119.04","9,165.54","9,175.69","9,101.39","202.53M","-0.40%"
"05/12/2003","9,155.57","9,164.10","9,209.76","9,150.94","286.41M","0.79%"
"05/09/2003","9,084.16","8,903.66","9,084.16","8,878.59","339.10M","2.06%"
"05/07/2003","8,901.05","8,946.34","8,950.34","8,834.69","217.97M","0.13%"
"05/06/2003","8,889.22","8,906.69","8,949.06","8,863.21","219.89M","-0.31%"
"05/05/2003","8,916.49","8,895.39","8,925.19","8,875.15","203.15M","1.23%"
"05/02/2003","8,808.18","8,707.43","8,817.74","8,707.43","270.80M","1.04%"
"04/30/2003","8,717.22","8,758.24","8,777.08","8,700.12","329.44M","-0.31%"
"04/29/2003","8,744.22","8,577.73","8,757.59","8,577.73","366.84M","3.67%"
"04/28/2003","8,435.04","8,354.66","8,453.69","8,354.66","237.55M","0.31%"
"04/25/2003","8,409.01","8,351.59","8,430.62","8,331.87","290.40M","-0.39%"
"04/24/2003","8,442.11","8,482.60","8,490.08","8,403.49","332.79M","-0.91%"
"04/23/2003","8,519.60","8,641.40","8,654.62","8,493.95","320.24M","-0.61%"
"04/22/2003","8,571.91","8,531.11","8,574.79","8,479.38","193.23M","-0.08%"
"04/17/2003","8,579.14","8,600.05","8,603.30","8,558.72","188.23M","-1.11%"
"04/16/2003","8,675.14","8,653.59","8,705.27","8,609.46","171.99M","0.50%"
"04/15/2003","8,632.10","8,600.50","8,639.36","8,549.84","166.04M","1.15%"
"04/14/2003","8,533.55","8,598.08","8,598.08","8,493.46","190.94M","-1.30%"
"04/11/2003","8,645.65","8,627.57","8,660.88","8,552.68","254.68M","0.23%"
"04/10/2003","8,625.72","8,597.86","8,647.75","8,559.77","240.88M","-0.13%"
"04/09/2003","8,636.85","8,755.15","8,755.15","8,588.45","275.31M","-1.93%"
"04/08/2003","8,806.66","8,885.62","8,906.99","8,786.36","205.96M","-1.74%"
"04/07/2003","8,962.21","8,838.83","8,973.81","8,754.51","221.56M","1.58%"
"04/04/2003","8,822.45","8,669.73","8,845.80","8,662.81","235.74M","2.02%"
"04/03/2003","8,648.16","8,769.41","8,774.58","8,639.09","222.03M","-0.67%"
"04/02/2003","8,706.19","8,586.69","8,716.10","8,550.46","256.06M","1.27%"
"04/01/2003","8,596.89","8,608.79","8,612.42","8,465.79","312.63M","-0.44%"
"03/31/2003","8,634.45","8,755.81","8,755.81","8,586.70","324.82M","-2.58%"
"03/28/2003","8,863.36","8,864.12","8,893.57","8,812.32","205.90M","-0.10%"
"03/27/2003","8,872.32","9,027.99","9,027.99","8,850.43","249.80M","-1.93%"
"03/26/2003","9,047.09","9,096.08","9,096.08","9,027.61","144.58M","-0.17%"
"03/25/2003","9,062.15","9,012.04","9,081.39","9,008.62","165.82M","-0.51%"
"03/24/2003","9,108.45","9,214.65","9,262.77","9,087.64","248.27M","-0.77%"
"03/21/2003","9,179.19","9,220.95","9,227.20","9,146.29","239.06M","-0.17%"
"03/20/2003","9,194.56","9,243.90","9,281.60","9,127.59","310.92M","0.39%"
"03/19/2003","9,158.59","8,973.19","9,197.93","8,913.05","358.88M","1.29%"
"03/18/2003","9,041.51","9,003.96","9,045.18","8,976.58","226.36M","2.70%"
"03/17/2003","8,804.16","8,901.22","8,901.22","8,795.08","143.29M","-1.70%"
"03/14/2003","8,956.17","8,976.76","8,996.05","8,933.24","194.06M","1.92%"
"03/13/2003","8,787.45","8,857.31","8,863.64","8,764.40","202.53M","-0.99%"
"03/12/2003","8,874.99","8,825.44","8,914.58","8,825.44","186.31M","0.17%"
"03/11/2003","8,859.93","8,776.99","8,860.51","8,757.22","216.94M","-0.02%"
"03/10/2003","8,861.87","8,894.04","8,901.66","8,821.67","205.22M","-0.51%"
"03/07/2003","8,907.10","8,917.12","8,941.23","8,869.61","177.03M","-0.62%"
"03/06/2003","8,962.26","9,097.45","9,103.56","8,952.02","196.95M","-1.61%"
"03/05/2003","9,109.18","9,105.37","9,135.01","9,059.07","177.33M","-0.79%"
"03/04/2003","9,181.89","9,218.37","9,247.83","9,164.10","123.16M","-0.94%"
"03/03/2003","9,268.77","9,141.46","9,316.27","9,141.46","213.82M","1.60%"
"02/28/2003","9,122.66","9,146.63","9,185.81","9,111.17","149.30M","-0.13%"
"02/27/2003","9,134.24","9,072.87","9,175.32","9,029.95","189.16M","0.20%"
"02/26/2003","9,116.28","9,156.80","9,163.33","9,097.49","129.93M","-0.35%"
"02/25/2003","9,148.48","9,140.06","9,154.42","9,103.29","188.64M","-0.98%"
"02/24/2003","9,239.47","9,302.73","9,313.81","9,231.01","119.65M","-0.12%"
"02/21/2003","9,250.86","9,361.05","9,364.83","9,231.37","175.48M","-1.49%"
"02/20/2003","9,390.48","9,415.21","9,460.89","9,381.14","157.14M","-0.39%"
"02/19/2003","9,427.63","9,461.13","9,463.99","9,389.40","171.20M","0.33%"
"02/18/2003","9,397.05","9,367.94","9,417.70","9,342.05","123.44M","0.14%"
"02/17/2003","9,383.68","9,311.65","9,392.86","9,311.65","193.06M","1.98%"
"02/14/2003","9,201.76","9,201.11","9,253.87","9,191.01","127.10M","0.31%"
"02/13/2003","9,173.43","9,273.38","9,283.23","9,142.94","182.25M","-1.52%"
"02/12/2003","9,314.90","9,169.86","9,334.90","9,162.52","173.36M","1.30%"
"02/11/2003","9,194.91","9,237.19","9,285.06","9,151.22","201.74M","-0.40%"
"02/10/2003","9,232.14","9,135.10","9,232.14","9,131.62","145.63M","0.89%"
"02/07/2003","9,150.95","9,099.41","9,163.67","9,072.67","153.25M","0.27%"
"02/06/2003","9,126.15","9,178.26","9,184.76","9,094.86","191.53M","-0.59%"
"02/05/2003","9,180.47","9,214.64","9,238.92","9,156.31","156.42M","-0.78%"
"02/04/2003","9,252.71","9,327.32","9,331.95","9,208.23","157.06M","-0.07%"
"01/30/2003","9,258.95","9,251.94","9,266.15","9,179.24","151.87M","0.20%"
"01/29/2003","9,240.79","9,272.28","9,281.99","9,203.68","179.59M","-0.91%"
"01/28/2003","9,325.60","9,244.30","9,341.11","9,237.45","132.84M","0.29%"
"01/27/2003","9,298.67","9,326.76","9,326.76","9,253.36","192.06M","-1.71%"
"01/24/2003","9,460.60","9,558.48","9,575.27","9,416.12","220.19M","-1.29%"
"01/23/2003","9,584.70","9,513.58","9,606.87","9,513.58","143.68M","0.26%"
"01/22/2003","9,560.29","9,484.89","9,581.24","9,456.66","177.65M","-0.09%"
"01/21/2003","9,568.47","9,558.20","9,595.26","9,548.14","142.95M","0.17%"
"01/20/2003","9,552.02","9,551.56","9,560.39","9,501.52","176.22M","-0.65%"
"01/17/2003","9,614.59","9,730.55","9,733.44","9,597.23","171.66M","-1.32%"
"01/16/2003","9,743.23","9,798.16","9,823.63","9,727.30","189.95M","-1.32%"
"01/15/2003","9,873.49","9,807.43","9,892.70","9,807.43","215.22M","0.79%"
"01/14/2003","9,796.31","9,812.91","9,843.81","9,780.54","168.15M","-0.38%"
"01/13/2003","9,834.08","9,752.30","9,834.08","9,752.30","197.97M","1.16%"
"01/10/2003","9,721.50","9,711.76","9,778.28","9,688.99","172.86M","0.48%"
"01/09/2003","9,675.41","9,626.14","9,677.59","9,599.24","129.62M","-0.13%"
"01/08/2003","9,688.21","9,632.36","9,781.08","9,624.04","202.44M","0.37%"
"01/07/2003","9,652.40","9,710.79","9,710.79","9,592.29","267.02M","-0.14%"
"01/06/2003","9,665.96","9,605.09","9,683.86","9,560.82","234.91M","0.86%"
"01/03/2003","9,583.85","9,523.25","9,585.66","9,520.85","291.45M","2.33%"
"01/02/2003","9,365.52","9,333.64","9,378.35","9,294.53","126.91M","0.47%"
"12/31/2002","9,321.29","9,298.78","9,332.02","9,291.77","76.19M","0.53%"
"12/30/2002","9,272.33","9,345.67","9,362.70","9,244.90","220.73M","-1.83%"
"12/27/2002","9,445.26","9,542.49","9,550.59","9,426.06","137.67M","-1.22%"
"12/24/2002","9,561.63","9,586.26","9,593.93","9,554.31","103.22M","-0.10%"
"12/23/2002","9,570.93","9,640.92","9,640.92","9,552.07","226.11M","-0.60%"
"12/20/2002","9,628.69","9,499.77","9,631.53","9,478.92","225.08M","0.74%"
"12/19/2002","9,557.86","9,544.90","9,590.21","9,477.82","263.98M","0.10%"
"12/18/2002","9,548.65","9,652.77","9,657.45","9,527.49","232.40M","-1.72%"
"12/17/2002","9,715.74","9,787.24","9,787.64","9,682.02","225.20M","0.61%"
"12/16/2002","9,656.46","9,644.64","9,677.85","9,627.71","150.17M","-0.74%"
"12/13/2002","9,728.43","9,743.19","9,754.86","9,695.74","194.73M","-0.87%"
"12/12/2002","9,813.78","9,816.99","9,852.57","9,772.80","167.64M","0.30%"
"12/11/2002","9,784.57","9,874.93","9,884.16","9,742.00","304.18M","-0.74%"
"12/10/2002","9,857.99","9,763.79","9,868.74","9,763.79","398.32M","-0.11%"
"12/09/2002","9,868.48","9,988.69","9,999.39","9,821.56","528.15M","-1.06%"
"12/06/2002","9,973.75","9,940.60","9,978.85","9,890.62","201.89M","-0.36%"
"12/05/2002","10,009.88","9,997.62","10,036.52","9,940.25","177.26M","0.14%"
"12/04/2002","9,995.73","10,123.26","10,123.26","9,941.93","400.24M","-2.26%"
"12/03/2002","10,227.01","10,187.85","10,246.86","10,179.64","288.81M","0.21%"
"12/02/2002","10,205.16","10,107.96","10,205.16","10,079.51","320.71M","1.34%"
"11/29/2002","10,069.87","10,170.30","10,170.30","10,061.89","324.38M","-0.77%"
"11/28/2002","10,147.84","10,090.43","10,168.91","10,082.69","417.45M","2.04%"
"11/27/2002","9,944.59","9,912.84","10,013.65","9,912.02","298.97M","-0.51%"
"11/26/2002","9,995.52","10,052.44","10,057.76","9,976.45","225.91M","-1.04%"
"11/25/2002","10,100.77","10,031.33","10,118.87","10,028.98","246.01M","0.35%"
"11/22/2002","10,065.32","10,112.51","10,128.69","10,038.01","205.49M","0.62%"
"11/21/2002","10,003.54","10,081.02","10,081.02","9,989.79","214.19M","0.32%"
"11/20/2002","9,971.15","9,952.45","10,011.53","9,947.54","189.94M","0.06%"
"11/19/2002","9,965.03","9,882.39","9,996.89","9,856.95","236.92M","0.45%"
"11/18/2002","9,920.09","9,994.29","10,006.07","9,843.09","250.30M","0.55%"
"11/15/2002","9,865.65","9,721.86","9,885.98","9,721.86","424.90M","1.28%"
"11/14/2002","9,740.84","9,644.21","9,806.08","9,644.21","345.68M","1.29%"
"11/13/2002","9,616.62","9,645.88","9,645.88","9,533.50","200.87M","0.03%"
"11/12/2002","9,613.84","9,530.46","9,650.09","9,522.45","228.39M","0.34%"
"11/11/2002","9,580.88","9,699.75","9,699.75","9,527.83","264.73M","-1.94%"
"11/08/2002","9,770.68","9,714.19","9,796.47","9,708.19","313.34M","-0.75%"
"11/07/2002","9,844.38","9,758.66","9,880.13","9,719.64","335.47M","0.72%"
"11/06/2002","9,773.98","9,788.31","9,822.07","9,751.68","254.54M","1.23%"
"11/05/2002","9,655.36","9,751.93","9,751.93","9,606.68","193.97M","-0.67%"
"11/04/2002","9,720.83","9,587.97","9,739.13","9,565.79","213.27M","3.33%"
"11/01/2002","9,407.68","9,467.89","9,495.15","9,388.35","199.15M","-0.36%"
"10/31/2002","9,441.25","9,609.16","9,625.72","9,418.88","174.79M","-1.25%"
"10/30/2002","9,560.46","9,605.64","9,652.15","9,546.58","212.66M","-0.77%"
"10/29/2002","9,634.67","9,799.87","9,812.15","9,626.99","198.92M","-2.22%"
"10/28/2002","9,853.74","9,732.60","9,860.87","9,730.00","208.84M","1.35%"
"10/25/2002","9,722.54","9,715.67","9,728.56","9,655.00","201.15M","-0.66%"
"10/24/2002","9,787.49","9,774.78","9,803.30","9,712.90","300.34M","-0.18%"
"10/23/2002","9,804.65","9,545.66","9,809.51","9,545.66","398.45M","2.68%"
"10/22/2002","9,548.94","9,633.51","9,656.90","9,507.99","195.72M","-0.22%"
"10/21/2002","9,570.36","9,593.65","9,641.08","9,549.09","186.21M","-0.44%"
"10/18/2002","9,613.07","9,741.05","9,744.64","9,603.73","426.66M","0.39%"
"10/17/2002","9,576.15","9,465.61","9,598.49","9,465.61","268.24M","1.24%"
"10/16/2002","9,459.14","9,515.07","9,515.07","9,416.82","341.48M","1.31%"
"10/15/2002","9,336.39","9,153.25","9,348.68","9,131.41","403.55M","4.13%"
"10/11/2002","8,965.73","8,956.33","8,990.76","8,863.46","221.07M","1.21%"
"10/10/2002","8,858.69","8,808.35","8,863.46","8,772.48","244.73M","-1.32%"
"10/09/2002","8,977.35","8,945.96","8,986.01","8,876.62","222.98M","-0.00%"
"10/08/2002","8,977.41","8,910.08","8,989.68","8,883.16","247.07M","0.52%"
"10/07/2002","8,931.40","8,844.69","8,936.34","8,844.11","240.97M","-1.33%"
"10/04/2002","9,051.37","8,989.65","9,065.52","8,971.92","236.71M","0.75%"
"10/03/2002","8,984.32","9,054.57","9,106.90","8,915.00","263.43M","-1.37%"
"10/02/2002","9,109.35","9,227.38","9,241.86","9,062.49","282.01M","0.41%"
"09/30/2002","9,072.21","9,098.93","9,125.93","9,046.96","221.72M","-2.39%"
"09/27/2002","9,294.46","9,338.66","9,368.14","9,245.88","207.13M","0.26%"
"09/26/2002","9,270.71","9,251.24","9,286.27","9,206.90","171.30M","1.60%"
"09/25/2002","9,124.91","9,076.83","9,193.81","9,014.58","205.12M","-0.79%"
"09/24/2002","9,197.68","9,167.76","9,213.28","9,141.12","173.09M","-1.26%"
"09/23/2002","9,314.87","9,295.69","9,322.36","9,219.08","141.86M","-0.14%"
"09/20/2002","9,328.22","9,260.47","9,337.86","9,210.94","220.92M","-1.06%"
"09/19/2002","9,427.79","9,485.55","9,511.29","9,389.87","186.65M","-0.49%"
"09/18/2002","9,474.07","9,517.42","9,517.42","9,401.49","224.99M","-2.40%"
"09/17/2002","9,707.25","9,605.32","9,732.33","9,563.19","296.91M","2.13%"
"09/16/2002","9,505.13","9,624.84","9,639.47","9,454.92","322.84M","-1.51%"
"09/13/2002","9,650.97","9,773.62","9,784.00","9,609.77","283.81M","-2.48%"
"09/12/2002","9,896.33","9,871.32","9,954.82","9,807.54","170.80M","0.14%"
"09/11/2002","9,882.35","9,927.73","9,946.01","9,845.00","63.87M","-0.03%"
"09/10/2002","9,885.77","9,762.84","9,906.85","9,761.10","181.77M","1.67%"
"09/09/2002","9,723.67","9,781.54","9,783.44","9,672.19","165.39M","0.03%"
"09/06/2002","9,720.86","9,650.94","9,750.90","9,631.73","219.27M","-0.05%"
"09/05/2002","9,726.03","9,823.74","9,833.68","9,710.29","191.41M","-0.96%"
"09/04/2002","9,820.33","9,643.19","9,830.45","9,629.22","247.49M","0.30%"
"09/03/2002","9,790.68","9,862.39","9,873.11","9,748.18","203.36M","-1.07%"
"09/02/2002","9,896.98","10,039.67","10,044.57","9,861.87","172.46M","-1.46%"
"08/30/2002","10,043.87","10,034.22","10,089.69","10,004.87","164.39M","-0.17%"
"08/29/2002","10,061.15","10,034.18","10,075.27","9,988.86","183.78M","-0.68%"
"08/28/2002","10,130.25","10,130.38","10,158.69","10,070.28","174.74M","-0.54%"
"08/27/2002","10,185.52","10,233.72","10,266.76","10,125.20","105.86M","-0.40%"
"08/26/2002","10,226.33","10,232.88","10,263.83","10,192.01","106.87M","-0.19%"
"08/23/2002","10,245.69","10,472.70","10,478.65","10,241.18","167.81M","-1.71%"
"08/22/2002","10,424.00","10,452.50","10,456.61","10,367.00","155.81M","0.21%"
"08/21/2002","10,402.26","10,317.72","10,409.31","10,293.71","190.58M","-0.06%"
"08/20/2002","10,408.01","10,390.31","10,431.77","10,373.51","187.41M","1.57%"
"08/19/2002","10,246.96","10,250.40","10,279.25","10,166.54","126.51M","-0.18%"
"08/16/2002","10,265.04","10,240.60","10,299.72","10,205.52","211.21M","0.44%"
"08/15/2002","10,219.71","10,123.07","10,264.66","10,123.07","257.06M","2.59%"
"08/14/2002","9,961.35","10,064.63","10,064.63","9,883.09","195.55M","-1.37%"
"08/13/2002","10,100.06","9,962.58","10,132.40","9,958.06","150.94M","1.41%"
"08/12/2002","9,959.92","10,039.77","10,039.77","9,929.38","135.72M","-0.54%"
"08/09/2002","10,014.06","10,128.71","10,149.90","10,007.43","173.14M","0.52%"
"08/08/2002","9,962.24","9,960.68","9,997.18","9,895.28","159.97M","-0.16%"
"08/07/2002","9,977.74","9,883.68","10,007.95","9,851.28","177.16M","2.86%"
"08/06/2002","9,700.69","9,780.18","9,782.89","9,632.98","228.46M","-1.64%"
"08/05/2002","9,862.33","9,913.08","9,976.69","9,823.95","188.00M","-1.29%"
"08/02/2002","9,991.72","10,026.65","10,058.48","9,968.92","180.66M","-1.85%"
"08/01/2002","10,180.02","10,244.53","10,329.05","10,175.08","173.66M","-0.85%"
"07/31/2002","10,267.36","10,169.28","10,290.07","10,123.20","161.41M","1.10%"
"07/30/2002","10,155.25","10,240.42","10,285.48","10,151.61","264.12M","1.80%"
"07/29/2002","9,975.99","9,873.44","9,983.04","9,829.55","170.36M","2.08%"
"07/26/2002","9,773.12","9,801.59","9,894.64","9,687.50","262.14M","-1.13%"
"07/25/2002","9,884.78","10,143.02","10,165.83","9,872.29","251.09M","-0.87%"
"07/24/2002","9,971.99","10,133.65","10,133.65","9,912.96","268.20M","-3.31%"
"07/23/2002","10,313.89","9,980.29","10,322.49","9,977.77","256.21M","2.01%"
"07/22/2002","10,110.25","10,166.26","10,182.20","10,080.12","225.03M","-2.08%"
"07/19/2002","10,325.46","10,370.82","10,377.40","10,280.46","186.13M","-1.22%"
"07/18/2002","10,452.55","10,414.58","10,461.33","10,350.25","169.21M","1.14%"
"07/17/2002","10,335.12","10,336.78","10,362.46","10,213.02","258.11M","-0.83%"
"07/16/2002","10,421.49","10,516.64","10,573.07","10,399.67","182.11M","-1.51%"
"07/15/2002","10,581.66","10,556.50","10,597.35","10,499.10","126.48M","-0.63%"
"07/12/2002","10,648.30","10,582.57","10,655.28","10,529.92","207.99M","0.85%"
"07/11/2002","10,558.81","10,637.60","10,655.23","10,482.73","268.96M","-2.12%"
"07/10/2002","10,787.54","10,774.35","10,829.54","10,747.92","156.65M","-0.51%"
"07/09/2002","10,843.15","10,831.12","10,860.64","10,786.37","124.20M","0.37%"
"07/08/2002","10,803.45","10,923.50","10,939.56","10,766.98","153.66M","-0.03%"
"07/05/2002","10,806.16","10,810.39","10,845.88","10,754.28","160.91M","0.38%"
"07/04/2002","10,765.58","10,578.20","10,769.53","10,566.55","222.35M","1.76%"
"07/03/2002","10,579.19","10,407.58","10,627.07","10,407.58","198.69M","0.83%"
"07/02/2002","10,491.76","10,511.12","10,511.12","10,436.46","188.75M","-1.01%"
"06/28/2002","10,598.55","10,615.14","10,699.32","10,584.03","221.67M","0.76%"
"06/27/2002","10,518.09","10,472.85","10,531.51","10,411.15","269.43M","1.57%"
"06/26/2002","10,355.92","10,493.13","10,493.13","10,291.16","371.79M","-2.39%"
"06/25/2002","10,608.98","10,633.56","10,687.04","10,553.54","195.12M","-0.45%"
"06/24/2002","10,657.34","10,544.45","10,674.52","10,509.23","190.41M","0.62%"
"06/21/2002","10,591.86","10,608.94","10,639.46","10,574.03","212.59M","-1.51%"
"06/20/2002","10,754.41","10,668.77","10,768.03","10,583.28","225.42M","0.76%"
"06/19/2002","10,673.11","10,843.01","10,865.04","10,612.03","310.92M","-1.65%"
"06/18/2002","10,852.04","10,963.37","10,983.72","10,838.86","216.38M","0.18%"
"06/17/2002","10,832.26","10,871.51","10,900.48","10,811.62","192.98M","-1.13%"
"06/14/2002","10,955.52","11,024.59","11,066.75","10,940.23","196.36M","-1.47%"
"06/13/2002","11,119.33","11,173.77","11,191.49","11,105.40","161.17M","-0.26%"
"06/12/2002","11,147.97","11,167.18","11,167.18","11,117.30","183.37M","-0.60%"
"06/11/2002","11,215.02","11,304.73","11,306.43","11,176.00","179.69M","-0.65%"
"06/10/2002","11,288.84","11,270.10","11,326.43","11,228.99","148.04M","0.04%"
"06/07/2002","11,284.71","11,274.59","11,325.54","11,236.19","191.78M","-0.84%"
"06/06/2002","11,380.77","11,438.61","11,475.19","11,345.61","167.71M","-0.19%"
"06/05/2002","11,402.38","11,328.52","11,407.59","11,297.96","141.82M","0.79%"
"06/04/2002","11,312.55","11,279.05","11,317.56","11,204.86","149.65M","-0.42%"
"06/03/2002","11,359.80","11,339.20","11,397.37","11,282.76","176.36M","0.51%"
"05/31/2002","11,301.94","11,385.19","11,429.06","11,260.20","302.32M","-0.69%"
"05/30/2002","11,380.61","11,413.85","11,413.85","11,268.54","228.22M","-0.44%"
"05/29/2002","11,430.66","11,480.95","11,581.67","11,404.30","248.89M","-1.30%"
"05/28/2002","11,581.58","11,568.74","11,610.97","11,544.10","135.40M","0.15%"
"05/27/2002","11,564.73","11,608.38","11,612.53","11,526.59","188.01M","-0.53%"
"05/24/2002","11,626.78","11,636.86","11,672.99","11,595.59","218.77M","0.02%"
"05/23/2002","11,624.75","11,754.46","11,761.68","11,586.52","313.30M","-1.45%"
"05/22/2002","11,795.20","11,745.76","11,797.85","11,698.12","166.91M","0.36%"
"05/21/2002","11,753.29","11,959.65","12,006.92","11,687.27","307.96M","-1.85%"
"05/17/2002","11,974.61","11,924.62","12,021.72","11,867.39","321.25M","1.20%"
"05/16/2002","11,832.77","11,838.53","11,839.57","11,762.25","184.90M","-0.05%"
"05/15/2002","11,838.36","11,791.53","11,902.71","11,738.08","258.94M","1.27%"
"05/14/2002","11,690.31","11,824.93","11,824.93","11,662.01","163.93M","-0.37%"
"05/13/2002","11,733.43","11,653.55","11,772.93","11,650.62","199.68M","0.75%"
"05/10/2002","11,645.90","11,720.46","11,752.96","11,630.04","201.91M","-0.47%"
"05/09/2002","11,700.76","11,957.16","11,962.10","11,677.55","336.80M","-0.57%"
"05/08/2002","11,768.31","11,873.25","11,890.72","11,699.33","278.47M","-0.23%"
"05/07/2002","11,795.98","11,639.51","11,813.90","11,591.26","272.45M","0.51%"
"05/06/2002","11,736.20","11,771.08","11,845.10","11,671.38","247.91M","-0.52%"
"05/03/2002","11,797.22","11,855.90","11,863.62","11,729.85","450.36M","0.15%"
"05/02/2002","11,780.11","11,577.57","11,800.83","11,577.57","433.59M","2.46%"
"04/30/2002","11,497.58","11,337.89","11,497.58","11,317.66","229.57M","1.20%"
"04/29/2002","11,361.49","11,329.91","11,371.12","11,260.88","204.98M","-0.21%"
"04/26/2002","11,385.08","11,449.40","11,461.59","11,348.81","269.87M","-0.21%"
"04/25/2002","11,409.29","11,394.04","11,439.59","11,351.79","297.91M","0.11%"
"04/24/2002","11,396.57","11,362.65","11,417.47","11,305.65","301.56M","0.45%"
"04/23/2002","11,345.18","11,102.23","11,355.11","11,102.23","361.00M","1.85%"
"04/22/2002","11,139.42","11,259.04","11,301.67","11,134.17","271.81M","-1.00%"
"04/19/2002","11,252.18","11,166.50","11,285.05","11,135.04","322.09M","0.31%"
"04/18/2002","11,217.15","11,102.68","11,222.39","11,070.80","347.36M","1.14%"
"04/17/2002","11,090.58","10,938.69","11,090.58","10,929.07","352.62M","2.80%"
"04/16/2002","10,788.53","10,745.20","10,797.14","10,690.47","166.39M","0.56%"
"04/15/2002","10,727.98","10,720.41","10,764.48","10,697.47","139.53M","0.16%"
"04/12/2002","10,710.48","10,653.82","10,717.55","10,630.41","159.12M","-0.32%"
"04/11/2002","10,744.91","10,748.45","10,829.04","10,720.66","167.10M","0.96%"
"04/10/2002","10,643.14","10,692.95","10,692.95","10,610.76","201.44M","-0.84%"
"04/09/2002","10,733.69","10,711.08","10,791.09","10,688.69","144.61M","0.09%"
"04/08/2002","10,723.68","10,833.16","10,856.64","10,702.44","227.93M","-0.99%"
"04/04/2002","10,831.37","10,766.56","10,838.22","10,747.99","170.82M","-0.02%"
"04/03/2002","10,833.96","10,831.23","10,853.88","10,783.00","144.43M","-0.41%"
"04/02/2002","10,878.04","11,032.36","11,055.98","10,816.73","274.31M","-1.40%"
"03/28/2002","11,032.92","11,025.03","11,075.40","10,972.11","214.86M","0.41%"
"03/27/2002","10,987.88","10,819.85","11,022.83","10,819.85","250.63M","1.86%"
"03/26/2002","10,786.92","10,781.16","10,792.83","10,715.05","180.53M","-0.46%"
"03/25/2002","10,836.64","10,855.23","10,867.02","10,785.62","201.92M","-0.24%"
"03/22/2002","10,863.07","10,839.87","10,919.46","10,811.88","211.53M","0.31%"
"03/21/2002","10,829.73","10,950.78","10,950.78","10,810.90","345.85M","-1.87%"
"03/20/2002","11,036.60","11,136.30","11,176.59","10,996.36","254.34M","-1.66%"
"03/19/2002","11,222.83","11,242.25","11,302.39","11,195.07","305.42M","-0.07%"
"03/18/2002","11,230.64","11,224.32","11,317.75","11,168.32","240.82M","0.18%"
"03/15/2002","11,210.25","11,280.99","11,363.71","11,150.50","230.45M","-0.83%"
"03/14/2002","11,303.70","11,202.86","11,333.52","11,163.11","273.11M","0.77%"
"03/13/2002","11,217.50","11,214.85","11,306.89","11,185.51","239.68M","-0.50%"
"03/12/2002","11,273.86","11,304.91","11,381.85","11,242.23","275.71M","-0.40%"
"03/11/2002","11,318.87","11,234.53","11,334.31","11,178.68","264.34M","0.76%"
"03/08/2002","11,233.23","11,201.28","11,331.12","11,201.28","360.93M","0.40%"
"03/07/2002","11,188.07","11,102.36","11,246.31","11,102.36","483.09M","1.68%"
"03/06/2002","11,003.00","10,954.75","11,040.75","10,933.43","270.69M","0.16%"
"03/05/2002","10,985.84","10,883.29","11,004.04","10,883.29","350.22M","2.63%"
"03/04/2002","10,704.12","10,593.77","10,720.12","10,561.38","279.65M","2.67%"
"03/01/2002","10,425.31","10,453.88","10,473.02","10,387.49","186.68M","-0.55%"
"02/28/2002","10,482.55","10,660.76","10,677.16","10,415.65","258.70M","-1.56%"
"02/27/2002","10,648.71","10,541.19","10,757.11","10,524.77","268.26M","0.96%"
"02/26/2002","10,547.13","10,581.79","10,667.57","10,536.74","207.62M","0.49%"
"02/25/2002","10,496.02","10,679.00","10,683.64","10,468.95","191.98M","-1.58%"
"02/22/2002","10,664.94","10,730.21","10,730.21","10,579.81","155.75M","-1.15%"
"02/21/2002","10,788.90","10,807.93","10,871.10","10,732.63","186.40M","0.37%"
"02/20/2002","10,749.06","10,777.39","10,777.39","10,685.38","193.53M","-0.84%"
"02/19/2002","10,840.49","10,997.90","10,997.90","10,794.20","167.33M","-1.48%"
"02/18/2002","11,002.81","10,905.49","11,007.00","10,867.82","181.04M","0.37%"
"02/15/2002","10,961.88","11,005.85","11,108.48","10,914.71","292.41M","1.19%"
"02/11/2002","10,832.74","10,596.06","10,843.26","10,596.06","184.74M","2.98%"
"02/08/2002","10,518.99","10,441.19","10,526.75","10,421.48","259.19M","1.05%"
"02/07/2002","10,409.68","10,556.29","10,601.30","10,393.83","419.40M","-1.72%"
"02/06/2002","10,592.39","10,590.26","10,633.12","10,542.29","238.61M","-0.16%"
"02/05/2002","10,609.19","10,627.85","10,636.23","10,541.28","292.12M","-1.05%"
"02/04/2002","10,721.32","10,680.32","10,806.68","10,661.13","267.87M","0.28%"
"02/01/2002","10,691.25","10,764.03","10,827.39","10,673.66","192.22M","-0.32%"
"01/31/2002","10,725.30","10,797.99","10,953.57","10,671.77","267.65M","-0.29%"
"01/30/2002","10,756.96","10,895.70","10,895.70","10,699.94","295.20M","-2.34%"
"01/29/2002","11,014.24","10,774.61","11,041.82","10,744.14","378.84M","2.29%"
"01/28/2002","10,767.46","10,749.08","10,891.59","10,748.10","257.61M","-0.05%"
"01/25/2002","10,772.96","10,789.00","10,842.47","10,718.27","290.67M","0.29%"
"01/24/2002","10,741.46","10,796.81","10,847.53","10,690.63","199.48M","-0.19%"
"01/23/2002","10,762.14","10,750.98","10,793.07","10,689.06","225.16M","-0.33%"
"01/22/2002","10,797.69","10,991.40","10,997.90","10,778.78","251.47M","-1.84%"
"01/21/2002","11,000.25","10,967.09","11,083.17","10,941.47","213.15M","0.25%"
"01/18/2002","10,972.96","11,023.79","11,065.53","10,934.01","373.83M","-0.37%"
"01/17/2002","11,013.84","10,888.11","11,020.21","10,808.00","221.63M","0.45%"
"01/16/2002","10,964.09","11,035.49","11,080.55","10,910.75","194.57M","-0.45%"
"01/15/2002","11,013.59","11,071.49","11,071.49","10,965.24","230.47M","-1.75%"
"01/14/2002","11,209.43","11,081.38","11,213.86","11,029.22","210.14M","0.38%"
"01/11/2002","11,166.46","11,278.86","11,351.75","11,085.47","316.22M","-0.80%"
"01/10/2002","11,256.07","11,361.09","11,361.09","11,168.89","354.78M","-1.61%"
"01/09/2002","11,440.72","11,711.77","11,783.70","11,369.63","428.71M","-2.33%"
"01/08/2002","11,713.71","11,781.19","11,806.25","11,678.06","279.50M","-1.50%"
"01/07/2002","11,892.64","11,687.43","11,919.41","11,687.43","442.39M","1.63%"
"01/04/2002","11,702.15","11,547.01","11,727.81","11,547.01","362.55M","2.44%"
"01/03/2002","11,423.52","11,348.80","11,447.00","11,348.80","274.63M","0.64%"
"01/02/2002","11,350.85","11,368.13","11,368.13","11,241.63","106.07M","-0.41%"
"12/31/2001","11,397.21","11,431.59","11,451.79","11,347.79","64.71M","-0.30%"
"12/28/2001","11,431.59","11,359.50","11,432.29","11,309.02","148.86M","0.63%"
"12/27/2001","11,359.50","11,250.05","11,415.04","11,208.47","130.00M","1.34%"
"12/24/2001","11,209.78","11,189.52","11,249.90","11,182.45","79.45M","0.46%"
"12/21/2001","11,158.10","11,500.29","11,500.29","11,122.20","277.01M","-3.82%"
"12/20/2001","11,601.14","11,547.92","11,639.22","11,447.73","259.93M","0.31%"
"12/19/2001","11,565.23","11,523.92","11,597.13","11,523.92","147.14M","0.68%"
"12/18/2001","11,486.93","11,521.68","11,599.57","11,391.33","189.54M","0.18%"
"12/17/2001","11,465.78","11,464.38","11,576.31","11,361.35","175.38M","-0.00%"
"12/14/2001","11,466.11","11,497.59","11,521.04","11,349.51","323.40M","-0.55%"
"12/13/2001","11,529.54","11,803.02","11,875.03","11,515.13","349.86M","-2.68%"
"12/12/2001","11,847.06","11,698.71","11,865.17","11,592.47","320.96M","1.32%"
"12/11/2001","11,693.05","11,756.53","11,756.53","11,633.22","226.85M","-0.78%"
"12/10/2001","11,784.92","11,786.91","11,836.21","11,709.37","238.00M","-0.40%"
"12/07/2001","11,832.18","11,782.47","11,848.09","11,697.09","309.71M","0.74%"
"12/06/2001","11,745.84","11,818.99","11,957.83","11,672.55","700.30M","0.58%"
"12/05/2001","11,678.44","11,505.11","11,706.09","11,505.11","544.66M","2.20%"
"12/04/2001","11,427.28","11,169.26","11,429.68","11,076.32","441.43M","2.44%"
"12/03/2001","11,155.15","11,253.98","11,257.71","11,049.15","357.66M","-1.10%"
"11/30/2001","11,279.25","11,116.34","11,359.12","11,116.34","407.02M","1.70%"
"11/29/2001","11,090.74","10,974.66","11,120.74","10,905.04","350.88M","0.22%"
"11/28/2001","11,066.19","11,225.41","11,225.41","11,012.47","362.44M","-1.73%"
"11/27/2001","11,261.54","11,402.03","11,428.49","11,216.53","269.44M","-1.14%"
"11/26/2001","11,391.96","11,380.00","11,525.26","11,316.74","337.98M","0.61%"
"11/23/2001","11,322.36","11,289.34","11,346.33","11,271.03","234.53M","0.61%"
"11/22/2001","11,253.30","11,162.82","11,261.77","11,114.54","270.36M","0.71%"
"11/21/2001","11,173.92","11,208.28","11,311.80","11,149.51","363.37M","-0.46%"
"11/20/2001","11,225.79","11,347.31","11,501.04","11,148.26","611.35M","-1.18%"
"11/19/2001","11,360.26","11,292.98","11,396.36","11,292.98","288.36M","0.65%"
"11/16/2001","11,287.37","11,220.12","11,393.49","11,170.30","404.94M","0.43%"
"11/15/2001","11,239.39","10,958.66","11,280.27","10,936.71","755.80M","2.64%"
"11/14/2001","10,950.04","10,781.71","10,954.74","10,781.71","380.54M","2.69%"
"11/13/2001","10,662.84","10,536.59","10,713.61","10,462.02","215.01M","0.66%"
"11/12/2001","10,592.45","10,618.07","10,699.54","10,541.02","239.13M","-0.16%"
"11/09/2001","10,609.25","10,516.46","10,716.55","10,465.67","403.18M","0.67%"
"11/08/2001","10,538.62","10,295.96","10,594.55","10,280.86","413.37M","2.62%"
"11/07/2001","10,269.79","10,419.24","10,454.69","10,216.51","257.14M","-0.83%"
"11/06/2001","10,356.05","10,528.17","10,556.72","10,303.06","265.73M","-0.72%"
"11/05/2001","10,430.72","10,202.30","10,434.78","10,165.51","244.44M","2.40%"
"11/02/2001","10,186.06","10,238.10","10,333.88","10,097.64","251.11M","0.27%"
"11/01/2001","10,158.85","10,110.92","10,189.56","10,107.09","203.40M","0.84%"
"10/31/2001","10,073.97","10,025.82","10,091.65","9,945.54","222.87M","-0.02%"
"10/30/2001","10,076.43","10,064.07","10,139.71","9,927.41","250.69M","-1.00%"
"10/29/2001","10,178.09","10,406.93","10,406.93","10,079.03","294.62M","-2.18%"
"10/26/2001","10,404.74","10,330.44","10,475.19","10,330.44","346.80M","1.57%"
"10/25/2001","10,243.46","10,243.46","10,243.46","10,243.46","-","0.00%"
"10/24/2001","10,243.46","10,231.39","10,280.09","10,158.73","287.42M","0.23%"
"10/23/2001","10,219.84","9,935.90","10,224.12","9,935.90","344.02M","4.31%"
"10/22/2001","9,797.54","9,832.11","9,874.39","9,758.98","236.57M","-0.29%"
"10/19/2001","9,825.84","9,894.42","9,948.00","9,801.63","297.21M","-0.55%"
"10/18/2001","9,880.61","10,101.90","10,101.90","9,817.92","365.70M","-3.71%"
"10/17/2001","10,260.81","10,118.14","10,331.82","10,091.94","414.84M","1.11%"
"10/16/2001","10,148.49","10,164.64","10,229.16","10,056.83","-","0.18%"
"10/15/2001","10,130.59","10,195.64","10,232.07","10,081.28","-","-1.40%"
"10/12/2001","10,274.13","10,614.69","10,614.69","10,243.68","-","-2.36%"
"10/11/2001","10,522.61","10,475.36","10,638.58","10,475.36","-","2.18%"
"10/10/2001","10,298.24","10,335.57","10,425.38","10,184.60","-","-0.59%"
"10/09/2001","10,358.93","10,053.88","10,361.97","10,053.88","-","3.92%"
"10/08/2001","9,967.83","10,153.56","10,153.56","9,904.93","-","-3.01%"
"10/05/2001","10,277.38","10,221.76","10,315.01","10,120.28","-","-0.09%"
"10/04/2001","10,286.39","10,082.75","10,293.64","10,082.75","-","3.93%"
"10/03/2001","9,897.14","9,995.22","10,098.69","9,883.76","-","-0.54%"
"09/28/2001","9,950.70","9,682.35","9,959.35","9,663.08","-","3.64%"
"09/27/2001","9,600.79","9,387.80","9,602.35","9,302.00","-","2.44%"
"09/26/2001","9,371.75","9,307.76","9,416.95","9,251.31","-","1.76%"
"09/25/2001","9,210.06","9,411.35","9,440.27","9,166.12","-","-0.80%"
"09/24/2001","9,284.50","8,971.47","9,292.27","8,971.47","-","3.92%"
"09/21/2001","8,934.20","9,039.65","9,039.65","8,894.36","-","-4.12%"
"09/20/2001","9,317.98","9,415.10","9,415.10","9,249.16","-","-2.51%"
"09/19/2001","9,558.15","9,402.65","9,560.94","9,377.56","-","2.69%"
"09/18/2001","9,307.90","9,509.08","9,608.51","9,224.05","-","-0.12%"
"09/17/2001","9,319.35","9,397.24","9,411.65","9,251.71","-","-3.48%"
"09/14/2001","9,655.45","9,622.86","9,696.44","9,478.67","-","0.90%"
"09/13/2001","9,569.21","9,565.47","9,700.80","9,548.42","-","0.80%"
"09/12/2001","9,493.62","9,687.38","9,704.18","9,170.24","-","-8.87%"
"09/11/2001","10,417.36","10,352.63","10,427.29","10,272.25","-","0.49%"
"09/10/2001","10,366.32","10,227.47","10,413.51","10,177.51","-","-0.17%"
"09/07/2001","10,384.20","10,556.18","10,556.18","10,346.88","-","-2.63%"
"09/06/2001","10,664.32","10,929.28","10,932.22","10,652.04","-","-2.55%"
"09/05/2001","10,943.14","11,053.65","11,053.65","10,859.75","-","-1.74%"
"09/04/2001","11,136.86","10,941.95","11,180.79","10,772.10","-","2.15%"
"09/03/2001","10,902.64","11,058.80","11,071.73","10,897.84","-","-1.69%"
"08/31/2001","11,090.48","11,204.47","11,229.77","11,003.95","-","-1.99%"
"08/30/2001","11,315.63","11,241.63","11,335.16","11,115.44","-","0.65%"
"08/29/2001","11,242.41","11,228.86","11,258.27","11,173.80","-","-0.51%"
"08/28/2001","11,300.53","11,213.66","11,372.29","11,046.82","-","0.59%"
"08/27/2001","11,234.72","11,307.18","11,342.93","11,212.83","-","1.12%"
"08/24/2001","11,110.30","11,372.40","11,372.40","11,049.45","-","-2.07%"
"08/23/2001","11,345.38","11,259.02","11,370.08","11,220.11","-","1.40%"
"08/22/2001","11,188.57","11,339.52","11,365.61","11,161.51","-","-2.20%"
"08/21/2001","11,440.35","11,495.21","11,512.28","11,363.82","-","-0.16%"
"08/20/2001","11,458.70","11,573.46","11,573.46","11,375.46","-","-2.52%"
"08/17/2001","11,754.81","11,713.40","11,809.76","11,643.84","-","-0.66%"
"08/16/2001","11,832.44","12,071.71","12,195.08","11,827.02","-","-2.55%"
"08/15/2001","12,141.63","12,031.09","12,156.88","11,897.47","-","1.26%"
"08/14/2001","11,991.01","11,718.19","12,007.76","11,718.19","-","2.54%"
"08/13/2001","11,694.29","11,779.46","11,779.86","11,624.99","-","-0.61%"
"08/10/2001","11,765.81","11,746.85","11,794.48","11,662.82","-","0.42%"
"08/09/2001","11,716.77","11,822.26","11,822.26","11,605.04","-","-2.02%"
"08/08/2001","11,958.01","12,035.98","12,082.18","11,942.78","-","-0.41%"
"08/07/2001","12,007.19","12,260.23","12,260.23","11,924.96","-","-1.17%"
"08/06/2001","12,148.81","12,255.53","12,255.53","12,091.21","-","-0.98%"
"08/03/2001","12,269.08","12,487.99","12,515.50","12,256.78","-","-1.58%"
"08/02/2001","12,466.37","12,493.43","12,544.64","12,438.50","-","-0.10%"
"08/01/2001","12,478.74","12,376.31","12,481.89","12,277.88","-","1.32%"
"07/31/2001","12,316.69","12,125.96","12,317.12","12,125.96","-","1.90%"
"07/30/2001","12,086.66","12,103.56","12,110.77","12,007.67","-","-0.78%"
"07/27/2001","12,182.17","12,069.53","12,191.67","12,069.53","-","1.18%"
"07/26/2001","12,039.82","12,195.95","12,229.59","12,003.16","-","-1.43%"
"07/24/2001","12,214.10","12,213.93","12,238.71","12,137.32","-","-0.18%"
"07/23/2001","12,236.45","12,232.75","12,257.58","12,171.93","-","-0.53%"
"07/20/2001","12,301.68","12,305.12","12,359.62","12,238.02","-","0.18%"
"07/19/2001","12,279.82","12,376.44","12,381.41","12,191.57","-","-1.19%"
"07/18/2001","12,427.19","12,480.91","12,554.19","12,338.94","-","-0.54%"
"07/17/2001","12,495.25","12,591.29","12,591.29","12,433.18","-","-1.02%"
"07/16/2001","12,624.53","12,663.46","12,692.09","12,582.01","-","0.09%"
"07/13/2001","12,612.79","12,779.72","12,820.85","12,518.19","-","-0.37%"
"07/12/2001","12,660.20","12,533.39","12,693.30","12,533.39","-","1.06%"
"07/11/2001","12,527.90","12,625.45","12,625.45","12,457.51","-","-1.46%"
"07/10/2001","12,713.90","12,701.14","12,731.97","12,634.99","-","0.18%"
"07/09/2001","12,690.68","12,768.62","12,768.62","12,583.33","-","-2.38%"
"07/05/2001","12,999.48","13,209.36","13,236.98","12,986.59","-","-1.58%"
"07/04/2001","13,207.53","13,201.78","13,208.75","13,090.46","-","0.17%"
"07/03/2001","13,184.75","13,068.30","13,198.19","13,068.30","-","1.09%"
"06/29/2001","13,042.53","12,966.68","13,088.75","12,966.68","-","1.67%"
"06/28/2001","12,827.82","12,967.68","12,967.68","12,787.01","-","-1.36%"
"06/27/2001","13,004.21","12,956.17","13,019.99","12,890.62","-","0.33%"
"06/26/2001","12,961.97","13,142.43","13,142.43","12,942.56","-","-1.61%"
"06/22/2001","13,174.02","13,193.13","13,243.34","13,126.98","-","-0.10%"
"06/21/2001","13,187.45","13,024.28","13,253.34","12,977.40","-","2.08%"
"06/20/2001","12,918.71","13,127.83","13,127.83","12,895.82","-","-1.64%"
"06/19/2001","13,133.66","12,980.06","13,149.89","12,900.66","-","1.43%"
"06/18/2001","12,948.78","13,092.77","13,092.77","12,891.20","-","-1.17%"
"06/15/2001","13,102.50","13,132.14","13,135.69","12,949.07","-","-1.10%"
"06/14/2001","13,248.89","13,511.82","13,519.24","13,223.10","-","-2.03%"
"06/13/2001","13,523.31","13,515.54","13,598.18","13,429.23","-","-0.02%"
"06/12/2001","13,526.68","13,628.21","13,628.21","13,443.66","-","-1.09%"
"06/11/2001","13,675.49","13,748.43","13,846.33","13,628.31","-","-0.97%"
"06/08/2001","13,808.89","13,716.97","13,900.68","13,716.97","-","0.77%"
"06/07/2001","13,703.43","13,537.70","13,714.65","13,478.74","-","0.94%"
"06/06/2001","13,576.01","13,490.89","13,670.83","13,490.89","-","0.92%"
"06/05/2001","13,451.87","13,232.22","13,482.89","13,146.72","-","1.85%"
"06/04/2001","13,207.49","13,167.02","13,272.10","13,167.02","-","0.50%"
"06/01/2001","13,141.38","13,244.10","13,282.86","13,121.21","-","-0.25%"
"05/31/2001","13,174.41","13,310.42","13,310.42","13,091.51","-","-1.83%"
"05/30/2001","13,420.13","13,567.54","13,567.54","13,348.40","-","-1.54%"
"05/29/2001","13,629.61","13,739.07","13,767.45","13,506.45","-","-0.80%"
"05/28/2001","13,739.07","13,738.07","13,756.81","13,674.73","-","-0.11%"
"05/25/2001","13,753.99","13,853.50","13,956.69","13,732.89","-","-0.41%"
"05/24/2001","13,810.60","13,770.01","13,813.26","13,649.71","-","-0.21%"
"05/23/2001","13,839.10","13,873.22","13,989.16","13,798.32","-","-0.28%"
"05/22/2001","13,877.95","13,775.35","13,929.47","13,775.35","-","1.14%"
"05/21/2001","13,721.27","13,465.72","13,732.40","13,465.72","-","1.95%"
"05/18/2001","13,459.18","13,631.40","13,631.40","13,449.04","-","-1.31%"
"05/17/2001","13,637.87","13,550.78","13,713.06","13,550.78","-","2.26%"
"05/16/2001","13,335.95","13,257.77","13,566.38","13,228.92","-","0.65%"
"05/15/2001","13,250.09","13,232.76","13,350.59","13,209.55","-","-0.07%"
"05/14/2001","13,259.17","13,608.84","13,608.84","13,239.15","-","-2.77%"
"05/11/2001","13,636.61","13,602.15","13,689.68","13,579.21","-","0.23%"
"05/10/2001","13,604.80","13,540.87","13,726.45","13,462.24","-","0.14%"
"05/09/2001","13,585.14","13,527.00","13,643.49","13,408.99","-","0.33%"
"05/08/2001","13,540.81","13,599.63","13,599.63","13,445.98","-","-0.44%"
"05/07/2001","13,600.78","13,464.34","13,652.15","13,437.02","-","1.57%"
"05/04/2001","13,390.99","13,599.47","13,599.47","13,319.39","-","-2.38%"
"05/03/2001","13,718.14","13,768.57","13,844.36","13,646.22","-","-0.70%"
"05/02/2001","13,814.24","13,596.27","13,841.41","13,596.27","-","3.20%"
"04/27/2001","13,386.04","13,282.34","13,391.47","13,125.36","-","0.70%"
"04/26/2001","13,293.11","13,324.55","13,408.70","13,237.18","-","0.33%"
"04/25/2001","13,249.55","13,275.59","13,346.20","13,139.09","-","-0.19%"
"04/24/2001","13,274.61","13,250.89","13,279.33","13,157.40","-","-0.28%"
"04/23/2001","13,311.50","13,444.41","13,444.41","13,282.96","-","-1.02%"
"04/20/2001","13,448.13","13,570.69","13,570.69","13,412.29","-","-0.74%"
"04/19/2001","13,548.95","13,446.06","13,621.80","13,425.56","-","4.44%"
"04/18/2001","12,972.80","12,761.41","12,988.15","12,761.41","-","2.91%"
"04/17/2001","12,606.45","12,881.52","12,881.52","12,597.36","-","-2.95%"
"04/12/2001","12,989.47","12,778.66","13,018.57","12,769.25","-","2.23%"
"04/11/2001","12,706.43","12,429.88","12,728.60","12,429.88","-","4.03%"
"04/10/2001","12,213.67","12,263.59","12,321.51","12,110.00","-","0.09%"
"04/09/2001","12,202.10","12,355.61","12,355.61","12,061.55","-","-1.49%"
"04/06/2001","12,386.61","12,446.24","12,606.15","12,374.53","-","2.68%"
"04/04/2001","12,063.71","12,427.79","12,427.79","12,062.84","-","-4.14%"
"04/03/2001","12,584.22","12,688.22","12,688.22","12,532.53","-","-1.12%"
"04/02/2001","12,727.30","12,750.31","12,843.90","12,634.28","-","-0.26%"
"03/30/2001","12,760.64","12,689.11","12,802.52","12,578.36","-","0.65%"
"03/29/2001","12,677.89","12,729.79","12,768.67","12,523.61","-","-1.35%"
"03/28/2001","12,851.41","12,824.22","13,015.73","12,779.34","-","1.13%"
"03/27/2001","12,707.90","12,959.54","13,056.32","12,662.57","-","-1.87%"
"03/26/2001","12,950.49","12,678.90","12,991.88","12,678.90","-","2.92%"
"03/23/2001","12,583.36","12,570.45","12,705.12","12,396.97","-","-0.30%"
"03/22/2001","12,621.85","12,992.29","12,992.29","12,585.77","-","-4.05%"
"03/21/2001","13,154.44","13,160.37","13,243.65","12,866.40","-","-0.52%"
"03/20/2001","13,223.86","13,516.85","13,565.97","13,200.55","-","-1.74%"
"03/19/2001","13,457.69","13,383.81","13,537.75","13,308.41","-","-0.48%"
"03/16/2001","13,522.04","13,506.73","13,560.31","13,321.08","-","0.13%"
"03/15/2001","13,504.17","13,056.93","13,553.22","12,947.59","-","1.30%"
"03/14/2001","13,330.84","13,485.75","13,616.68","13,306.94","-","-1.20%"
"03/13/2001","13,493.03","13,419.92","13,517.08","13,277.52","-","-2.06%"
"03/12/2001","13,776.72","13,969.05","13,969.05","13,671.99","-","-2.94%"
"03/09/2001","14,194.35","14,216.99","14,288.58","14,148.73","-","-0.10%"
"03/08/2001","14,208.95","14,177.86","14,247.17","13,966.97","-","0.22%"
"03/07/2001","14,177.36","14,369.50","14,432.22","14,141.41","-","-1.00%"
"03/06/2001","14,321.05","14,229.17","14,346.69","14,165.66","-","1.31%"
"03/05/2001","14,135.26","14,011.30","14,200.90","13,908.07","-","1.21%"
"03/02/2001","13,966.43","14,285.30","14,285.30","13,951.43","-","-2.74%"
"03/01/2001","14,360.56","14,696.47","14,696.47","14,330.57","-","-2.89%"
"02/28/2001","14,787.87","14,702.96","14,842.69","14,573.54","-","-0.32%"
"02/27/2001","14,834.73","14,933.59","15,059.17","14,771.09","-","-2.60%"
"02/26/2001","15,230.22","15,278.15","15,304.66","15,177.80","-","-0.33%"
"02/23/2001","15,280.56","15,135.30","15,302.70","15,042.81","-","1.20%"
"02/22/2001","15,098.64","15,202.16","15,202.16","15,039.08","-","-1.65%"
"02/21/2001","15,351.51","15,484.35","15,484.35","15,298.75","-","-1.13%"
"02/20/2001","15,527.36","15,499.02","15,613.44","15,437.51","-","0.23%"
"02/19/2001","15,490.96","15,552.94","15,573.74","15,458.43","-","-0.89%"
"02/16/2001","15,630.31","15,777.40","15,813.15","15,544.62","-","-0.80%"
"02/15/2001","15,756.37","15,865.47","15,870.98","15,714.77","-","-0.66%"
"02/14/2001","15,860.42","15,821.79","16,021.22","15,750.96","-","0.11%"
"02/13/2001","15,842.72","15,801.69","15,915.06","15,792.76","-","0.95%"
"02/12/2001","15,693.11","15,807.64","15,807.64","15,586.46","-","-1.14%"
"02/09/2001","15,873.28","15,882.93","15,899.24","15,782.88","-","-0.23%"
"02/08/2001","15,909.40","15,987.57","15,987.57","15,794.44","-","-0.87%"
"02/07/2001","16,049.47","15,909.02","16,060.32","15,871.38","-","0.86%"
"02/06/2001","15,913.24","15,864.47","15,936.48","15,819.64","-","0.52%"
"02/05/2001","15,830.84","16,013.46","16,013.46","15,753.97","-","-1.50%"
"02/02/2001","16,071.29","16,165.43","16,274.67","16,056.20","-","-0.57%"
"02/01/2001","16,163.99","16,055.64","16,193.17","15,913.07","-","0.38%"
"01/31/2001","16,102.35","15,916.42","16,106.71","15,905.51","-","1.32%"
"01/30/2001","15,893.07","16,145.28","16,167.95","15,877.23","-","-1.28%"
"01/29/2001","16,099.82","16,176.10","16,255.11","15,980.51","-","0.35%"
"01/23/2001","16,044.21","16,053.22","16,099.06","15,940.26","-","-0.34%"
"01/22/2001","16,099.27","15,967.66","16,106.16","15,906.58","-","1.04%"
"01/19/2001","15,933.55","15,682.35","15,964.93","15,682.35","-","2.61%"
"01/18/2001","15,528.75","15,292.84","15,553.51","15,292.84","-","1.75%"
"01/17/2001","15,261.48","15,409.38","15,451.39","15,154.02","-","-0.66%"
"01/16/2001","15,363.15","15,290.70","15,430.95","15,241.90","-","0.45%"
"01/15/2001","15,293.76","15,288.81","15,388.02","15,146.65","-","-0.01%"
"01/12/2001","15,295.42","15,157.37","15,330.15","15,157.37","-","1.36%"
"01/11/2001","15,090.77","15,441.30","15,481.76","15,060.81","-","-2.24%"
"01/10/2001","15,435.79","15,395.97","15,539.30","15,327.70","-","-0.42%"
"01/09/2001","15,500.59","15,438.30","15,555.97","15,336.62","-","0.41%"
"01/08/2001","15,436.53","15,328.12","15,451.72","15,200.52","-","-0.07%"
"01/05/2001","15,447.61","15,354.16","15,494.56","15,275.90","-","1.40%"
"01/04/2001","15,235.03","15,060.60","15,312.61","15,060.60","-","4.42%"
"01/03/2001","14,589.58","14,751.33","14,751.33","14,512.71","-","-1.89%"
"01/02/2001","14,869.94","15,089.85","15,089.85","14,865.66","-","-1.49%"
"12/29/2000","15,095.53","14,864.04","15,154.92","14,785.01","-","2.02%"
"12/28/2000","14,796.55","14,785.15","14,900.14","14,737.95","-","0.33%"
"12/27/2000","14,748.36","14,811.95","14,941.23","14,727.45","-","0.07%"
"12/22/2000","14,738.21","14,730.51","14,851.86","14,707.75","-","0.54%"
"12/21/2000","14,659.32","14,775.97","14,775.97","14,476.79","-","-1.82%"
"12/20/2000","14,930.72","15,048.51","15,048.51","14,839.49","-","-1.69%"
"12/19/2000","15,188.04","15,074.36","15,192.22","15,014.77","-","1.09%"
"12/18/2000","15,024.53","14,901.43","15,039.46","14,766.85","-","0.33%"
"12/15/2000","14,975.53","15,290.60","15,290.60","14,914.05","-","-3.36%"
"12/14/2000","15,496.99","15,543.85","15,597.63","15,441.58","-","-0.80%"
"12/13/2000","15,621.73","14,986.08","15,637.78","14,986.08","-","1.91%"
"12/12/2000","15,329.60","15,498.45","15,548.26","15,319.84","-","-0.51%"
"12/11/2000","15,408.54","15,274.07","15,438.89","15,193.49","-","1.44%"
"12/08/2000","15,189.33","15,008.80","15,281.81","14,968.64","-","1.18%"
"12/07/2000","15,011.52","14,982.92","15,032.27","14,839.38","-","-0.58%"
"12/06/2000","15,098.95","14,914.54","15,178.27","14,914.54","-","3.61%"
"12/05/2000","14,573.21","14,602.25","14,701.98","14,507.50","-","0.10%"
"12/04/2000","14,559.24","14,470.49","14,632.07","14,403.38","-","0.82%"
"12/01/2000","14,441.43","14,026.21","14,522.39","13,920.11","-","3.27%"
"11/30/2000","13,984.39","14,130.48","14,289.12","13,894.19","-","-1.30%"
"11/29/2000","14,169.06","14,336.83","14,353.92","14,133.85","-","-2.73%"
"11/28/2000","14,566.22","14,550.28","14,691.07","14,492.59","-","-0.25%"
"11/27/2000","14,602.76","14,491.37","14,669.25","14,354.62","-","1.57%"
"11/24/2000","14,376.90","14,585.19","14,647.61","14,353.98","-","-1.28%"
"11/23/2000","14,563.51","14,416.68","14,579.90","14,257.54","-","-1.41%"
"11/22/2000","14,772.51","15,168.81","15,246.61","14,730.43","-","-2.74%"
"11/21/2000","15,188.30","15,185.90","15,212.80","15,013.82","-","-1.03%"
"11/20/2000","15,346.66","15,154.04","15,379.39","15,140.01","-","1.09%"
"11/17/2000","15,180.85","15,192.63","15,218.02","15,057.42","-","-0.77%"
"11/16/2000","15,298.35","15,132.57","15,319.21","15,087.48","-","1.13%"
"11/15/2000","15,127.40","15,368.85","15,473.76","15,084.66","-","-0.33%"
"11/14/2000","15,177.52","14,827.20","15,186.26","14,825.99","-","2.44%"
"11/13/2000","14,815.69","15,078.75","15,078.75","14,802.48","-","-3.73%"
"11/10/2000","15,389.39","15,458.42","15,544.83","15,324.13","-","-0.74%"
"11/09/2000","15,504.80","15,473.58","15,623.78","15,404.58","-","-0.95%"
"11/08/2000","15,654.13","15,779.57","16,023.41","15,631.14","-","-1.05%"
"11/07/2000","15,820.79","15,691.76","15,837.62","15,531.30","-","0.95%"
"11/06/2000","15,671.15","15,625.43","15,779.73","15,593.04","-","0.49%"
"11/03/2000","15,594.12","15,486.41","15,693.03","15,449.12","-","1.98%"
"11/02/2000","15,291.54","15,292.59","15,524.03","15,223.99","-","-0.37%"
"11/01/2000","15,349.01","14,943.43","15,387.08","14,942.61","-","3.05%"
"10/31/2000","14,895.34","14,791.42","15,090.60","14,729.21","-","0.64%"
"10/30/2000","14,799.90","14,936.19","14,958.97","14,763.68","-","-0.69%"
"10/27/2000","14,902.46","15,065.09","15,182.63","14,820.99","-","-0.63%"
"10/26/2000","14,996.24","14,904.29","15,166.22","14,764.50","-","-0.43%"
"10/25/2000","15,061.14","14,987.36","15,152.58","14,980.04","-","0.91%"
"10/24/2000","14,925.93","15,125.83","15,209.34","14,885.65","-","-1.17%"
"10/23/2000","15,102.36","15,038.25","15,161.03","14,864.83","-","0.38%"
"10/20/2000","15,044.53","14,822.43","15,105.45","14,822.43","-","4.31%"
"10/19/2000","14,422.52","14,352.42","14,422.52","14,107.74","-","-0.25%"
"10/18/2000","14,458.52","14,751.94","14,751.94","14,356.06","-","-2.79%"
"10/17/2000","14,873.43","15,081.76","15,134.53","14,794.81","-","-0.67%"
"10/16/2000","14,973.40","15,185.68","15,284.65","14,956.88","-","2.00%"
"10/13/2000","14,680.50","14,679.99","14,786.04","14,494.38","-","-2.62%"
"10/12/2000","15,074.80","15,071.92","15,244.65","14,883.32","-","-0.35%"
"10/11/2000","15,127.00","15,376.62","15,376.62","15,073.95","-","-2.75%"
"10/10/2000","15,554.11","15,739.39","15,739.39","15,434.74","-","-0.89%"
"10/09/2000","15,693.50","16,046.88","16,057.40","15,668.50","-","-3.03%"
"10/05/2000","16,184.68","16,054.58","16,245.61","16,014.92","-","1.93%"
"10/04/2000","15,878.89","15,670.53","15,917.57","15,582.84","-","0.97%"
"10/03/2000","15,725.96","15,586.03","15,728.42","15,469.39","-","0.49%"
"09/29/2000","15,648.98","15,632.99","15,772.56","15,574.79","-","1.51%"
"09/28/2000","15,415.75","15,464.56","15,660.47","15,328.02","-","-0.18%"
"09/27/2000","15,444.13","15,074.31","15,489.30","14,978.59","-","1.00%"
"09/26/2000","15,290.85","15,304.68","15,426.32","15,152.87","-","-0.90%"
"09/25/2000","15,428.95","14,894.09","15,448.99","14,894.09","-","5.58%"
"09/22/2000","14,612.88","14,966.77","14,966.77","14,538.88","-","-3.64%"
"09/21/2000","15,164.45","15,444.68","15,447.92","15,092.49","-","-3.20%"
"09/20/2000","15,665.62","15,757.64","15,874.63","15,572.58","-","-0.07%"
"09/19/2000","15,677.20","15,353.82","15,764.84","15,091.41","-","0.75%"
"09/18/2000","15,560.16","16,010.69","16,010.69","15,525.46","-","-4.24%"
"09/15/2000","16,249.53","16,381.70","16,510.68","16,195.69","-","-0.89%"
"09/14/2000","16,395.43","16,542.92","16,623.10","16,322.58","-","-1.41%"
"09/12/2000","16,629.78","16,941.53","16,941.53","16,541.69","-","-2.22%"
"09/11/2000","17,007.98","17,199.28","17,199.28","16,924.73","-","-1.55%"
"09/08/2000","17,275.45","17,441.26","17,512.31","17,228.52","-","-0.90%"
"09/07/2000","17,431.95","17,557.03","17,609.32","17,418.10","-","-0.98%"
"09/06/2000","17,605.23","17,586.23","17,735.10","17,525.11","-","0.06%"
"09/05/2000","17,595.22","17,753.50","17,803.20","17,556.05","-","-0.74%"
"09/04/2000","17,726.17","17,421.34","17,787.60","17,421.34","-","2.26%"
"09/01/2000","17,333.61","17,210.33","17,391.01","17,210.33","-","1.38%"
"08/31/2000","17,097.51","17,070.63","17,263.01","16,957.23","-","0.01%"
"08/30/2000","17,095.88","17,211.35","17,302.63","16,929.64","-","-0.84%"
"08/29/2000","17,240.11","17,062.01","17,390.48","17,062.01","-","1.29%"
"08/28/2000","17,019.76","17,220.79","17,265.78","17,015.02","-","-1.26%"
"08/25/2000","17,236.74","17,348.12","17,441.30","17,058.34","-","-1.16%"
"08/24/2000","17,439.70","17,463.33","17,548.53","17,331.70","-","0.07%"
"08/23/2000","17,427.40","17,709.08","17,785.08","17,386.87","-","-1.36%"
"08/22/2000","17,668.28","17,568.11","17,724.82","17,481.64","-","0.95%"
"08/21/2000","17,501.48","17,432.42","17,596.31","17,334.93","-","0.35%"
"08/18/2000","17,440.00","17,698.36","17,717.77","17,359.01","-","-1.03%"
"08/17/2000","17,622.01","17,710.43","17,784.65","17,560.24","-","-0.63%"
"08/16/2000","17,734.15","17,440.43","17,794.32","17,408.18","-","1.55%"
"08/15/2000","17,463.53","17,029.72","17,536.42","17,029.72","-","2.74%"
"08/14/2000","16,998.06","17,245.34","17,296.20","16,945.44","-","-1.26%"
"08/11/2000","17,214.42","17,363.61","17,363.61","17,144.66","-","-0.69%"
"08/10/2000","17,333.21","17,234.58","17,417.89","17,149.69","-","0.88%"
"08/09/2000","17,181.99","17,306.19","17,446.67","16,951.04","-","-0.17%"
"08/08/2000","17,211.84","17,728.41","17,759.59","17,179.75","-","-2.91%"
"08/07/2000","17,727.25","17,538.81","17,761.95","17,538.81","-","1.73%"
"08/04/2000","17,425.70","17,330.59","17,555.20","17,330.59","-","0.88%"
"08/03/2000","17,274.28","17,272.44","17,379.66","17,171.84","-","-0.02%"
"08/02/2000","17,277.39","16,899.22","17,322.20","16,866.15","-","2.25%"
"08/01/2000","16,897.45","17,014.44","17,133.09","16,787.46","-","0.34%"
"07/31/2000","16,840.98","16,977.70","16,981.83","16,729.98","-","-2.00%"
"07/28/2000","17,183.93","17,429.73","17,429.73","16,994.37","-","-1.53%"
"07/27/2000","17,450.09","17,442.11","17,463.29","17,285.87","-","-0.97%"
"07/26/2000","17,620.23","17,476.42","17,730.09","17,476.42","-","1.41%"
"07/25/2000","17,375.34","17,574.32","17,574.32","17,306.89","-","-1.61%"
"07/24/2000","17,659.69","17,866.28","18,028.65","17,638.55","-","-1.46%"
"07/21/2000","17,920.86","18,022.81","18,125.57","17,765.49","-","0.91%"
"07/20/2000","17,758.51","17,702.69","17,818.56","17,518.69","-","0.27%"
"07/19/2000","17,710.07","17,462.12","17,730.57","17,388.63","-","1.54%"
"07/18/2000","17,440.83","17,766.46","17,766.46","17,404.05","-","-2.21%"
"07/17/2000","17,834.78","17,736.62","17,913.48","17,729.99","-","1.41%"
"07/14/2000","17,586.16","17,508.62","17,643.81","17,372.63","-","0.78%"
"07/13/2000","17,449.50","17,808.70","17,834.95","17,413.27","-","-0.59%"
"07/12/2000","17,552.26","17,466.98","17,667.49","17,451.62","-","1.11%"
"07/11/2000","17,359.66","17,259.95","17,380.59","17,126.45","-","0.70%"
"07/10/2000","17,238.67","17,024.46","17,274.02","17,024.46","-","2.43%"
"07/07/2000","16,829.96","16,631.86","16,861.58","16,565.39","-","2.06%"
"07/06/2000","16,489.59","16,396.08","16,681.34","16,365.66","-","0.09%"
"07/05/2000","16,474.27","16,275.33","16,540.64","16,275.33","-","1.47%"
"07/04/2000","16,235.76","16,131.77","16,242.30","16,086.26","-","0.69%"
"07/03/2000","16,124.97","16,177.06","16,179.90","15,928.92","-","-0.19%"
"06/30/2000","16,155.78","16,142.35","16,310.05","16,015.52","-","-0.80%"
"06/29/2000","16,286.80","16,474.40","16,534.48","16,226.56","-","-0.92%"
"06/28/2000","16,438.42","16,202.16","16,511.24","16,132.53","-","1.75%"
"06/27/2000","16,155.77","16,147.14","16,274.23","16,031.58","-","1.11%"
"06/26/2000","15,978.91","15,726.12","16,048.69","15,644.61","-","1.53%"
"06/23/2000","15,738.08","15,827.28","15,904.39","15,667.35","-","-1.34%"
"06/22/2000","15,952.36","16,227.47","16,266.46","15,860.97","-","-1.76%"
"06/21/2000","16,238.14","16,071.19","16,338.91","15,935.53","-","0.94%"
"06/20/2000","16,086.74","16,467.14","16,525.02","15,968.66","-","-1.11%"
"06/19/2000","16,267.47","16,332.69","16,364.21","16,168.79","-","-1.02%"
"06/16/2000","16,434.38","16,088.74","16,483.91","16,002.28","-","2.20%"
"06/15/2000","16,080.34","15,941.82","16,222.51","15,894.70","-","1.41%"
"06/14/2000","15,857.07","15,761.43","15,887.78","15,621.30","-","1.05%"
"06/13/2000","15,692.94","15,947.87","15,947.87","15,657.82","-","-2.26%"
"06/12/2000","16,055.05","16,125.75","16,250.64","16,047.52","-","-0.40%"
"06/09/2000","16,120.26","15,841.19","16,154.80","15,723.33","-","1.53%"
"06/08/2000","15,876.93","15,912.21","15,980.94","15,786.36","-","-0.15%"
"06/07/2000","15,900.06","15,782.87","16,033.87","15,668.12","-","0.24%"
"06/05/2000","15,861.68","15,643.79","15,971.24","15,643.79","-","3.78%"
"06/02/2000","15,284.10","15,165.58","15,344.13","15,142.95","-","2.30%"
"06/01/2000","14,941.19","14,652.90","15,002.53","14,652.90","-","1.55%"
"05/31/2000","14,713.86","14,438.39","14,913.25","14,438.39","-","5.17%"
"05/30/2000","13,990.90","14,044.04","14,181.49","13,734.60","-","0.11%"
"05/29/2000","13,975.07","13,735.07","14,024.15","13,606.19","-","1.84%"
"05/26/2000","13,722.70","13,845.44","13,845.44","13,596.63","-","-1.42%"
"05/25/2000","13,921.06","14,082.05","14,250.71","13,852.86","-","-0.09%"
"05/24/2000","13,933.98","14,115.54","14,115.54","13,878.63","-","-2.27%"
"05/23/2000","14,257.18","14,117.13","14,311.70","13,980.94","-","0.82%"
"05/22/2000","14,140.73","14,278.51","14,278.51","13,981.44","-","-2.33%"
"05/19/2000","14,478.26","14,338.75","14,699.42","14,166.36","-","1.09%"
"05/18/2000","14,322.60","14,688.74","14,688.74","14,210.49","-","-3.41%"
"05/17/2000","14,827.81","15,293.26","15,293.26","14,721.40","-","-2.19%"
"05/16/2000","15,160.29","14,961.52","15,184.33","14,806.26","-","1.87%"
"05/15/2000","14,881.30","15,117.75","15,165.69","14,835.80","-","-1.53%"
"05/12/2000","15,111.94","14,438.67","15,168.48","14,288.33","-","4.27%"
"05/10/2000","14,492.92","14,652.66","14,681.06","14,380.78","-","-1.92%"
"05/09/2000","14,776.90","14,854.64","14,854.64","14,644.61","-","-0.83%"
"05/08/2000","14,901.00","15,337.66","15,443.33","14,827.36","-","-2.41%"
"05/05/2000","15,268.64","15,298.57","15,328.98","15,173.20","-","-0.30%"
"05/04/2000","15,314.07","15,438.96","15,438.96","15,171.11","-","-1.69%"
"05/03/2000","15,577.47","15,695.09","15,695.09","15,511.74","-","-1.52%"
"05/02/2000","15,817.76","15,751.03","15,912.27","15,654.42","-","1.92%"
"04/28/2000","15,519.30","15,291.06","15,541.37","15,291.06","-","2.15%"
"04/27/2000","15,192.87","15,225.17","15,253.52","15,068.66","-","-0.23%"
"04/26/2000","15,227.39","15,581.45","15,629.52","15,140.35","-","-0.99%"
"04/25/2000","15,380.01","15,335.89","15,531.21","15,212.92","-","0.08%"
"04/20/2000","15,367.14","15,425.82","15,453.65","15,213.02","-","-0.39%"
"04/19/2000","15,427.20","15,558.52","15,667.16","15,338.10","-","0.97%"
"04/18/2000","15,278.32","15,158.15","15,409.67","15,158.15","-","3.50%"
"04/17/2000","14,762.37","15,306.05","15,306.05","14,624.33","-","-8.55%"
"04/14/2000","16,142.76","16,254.26","16,270.77","15,906.29","-","-1.28%"
"04/13/2000","16,352.56","16,345.26","16,470.38","16,043.85","-","-1.35%"
"04/12/2000","16,577.09","16,391.12","16,762.86","16,267.72","-","0.54%"
"04/11/2000","16,487.66","16,683.40","16,683.40","16,422.27","-","-2.15%"
"04/10/2000","16,850.74","17,038.22","17,083.27","16,676.07","-","-0.54%"
"04/07/2000","16,941.68","16,657.84","16,992.53","16,657.84","-","2.73%"
"04/06/2000","16,491.39","16,416.48","16,528.58","16,283.20","-","1.06%"
"04/05/2000","16,318.44","16,599.07","16,736.22","16,246.53","-","-3.40%"
"04/03/2000","16,892.93","17,444.48","17,458.06","16,872.82","-","-2.95%"
"03/31/2000","17,406.54","17,383.63","17,537.13","17,107.44","-","-0.35%"
"03/30/2000","17,467.15","18,011.14","18,038.47","17,456.56","-","-3.48%"
"03/29/2000","18,096.37","18,203.13","18,249.27","17,950.20","-","-1.12%"
"03/28/2000","18,301.69","18,272.80","18,397.57","18,188.27","-","0.05%"
"03/27/2000","18,292.86","17,827.71","18,350.61","17,815.68","-","2.86%"
"03/24/2000","17,784.57","17,768.06","17,879.37","17,577.71","-","0.42%"
"03/23/2000","17,710.58","17,705.26","17,856.36","17,391.97","-","0.93%"
"03/22/2000","17,547.04","17,418.91","17,560.69","17,274.56","-","2.02%"
"03/21/2000","17,199.98","17,253.04","17,345.71","16,896.70","-","-0.20%"
"03/20/2000","17,234.46","16,878.81","17,325.15","16,708.72","-","0.89%"
"03/17/2000","17,082.99","16,688.04","17,096.00","16,617.18","-","4.43%"
"03/16/2000","16,359.00","16,775.23","16,826.25","16,315.04","-","-2.32%"
"03/15/2000","16,747.20","16,847.30","16,901.31","16,553.17","-","-1.07%"
"03/14/2000","16,929.16","17,125.90","17,220.26","16,837.02","-","-0.98%"
"03/13/2000","17,096.68","17,650.62","17,786.28","16,892.65","-","-4.12%"
"03/10/2000","17,831.86","17,727.96","18,001.54","17,574.06","-","1.10%"
"03/09/2000","17,637.03","18,031.78","18,249.86","17,613.80","-","-1.75%"
"03/08/2000","17,951.43","17,687.58","18,058.97","17,323.76","-","0.48%"
"03/07/2000","17,865.36","17,656.47","17,876.78","17,471.74","-","0.60%"
"03/06/2000","17,758.76","17,500.97","17,855.21","17,500.97","-","2.74%"
"03/03/2000","17,285.24","16,903.55","17,361.92","16,795.80","-","2.06%"
"03/02/2000","16,936.81","16,996.06","17,118.40","16,769.57","-","0.55%"
"03/01/2000","16,843.59","17,267.27","17,275.44","16,617.95","-","-1.90%"
"02/29/2000","17,169.44","17,140.21","17,290.07","17,021.72","-","1.09%"
"02/28/2000","16,984.44","17,434.72","17,746.77","16,638.46","-","-1.26%"
"02/25/2000","17,200.98","17,279.51","17,414.46","16,905.40","-","0.83%"
"02/24/2000","17,058.66","16,512.57","17,083.30","16,512.57","-","4.16%"
"02/23/2000","16,376.79","16,313.96","16,523.65","16,297.13","-","0.75%"
"02/22/2000","16,255.17","16,294.94","16,442.58","15,776.35","-","-0.41%"
"02/21/2000","16,322.37","16,412.63","16,477.10","16,136.50","-","-1.67%"
"02/18/2000","16,599.16","16,985.30","17,027.95","16,468.95","-","-2.25%"
"02/17/2000","16,981.23","17,075.90","17,229.15","16,770.14","-","-0.36%"
"02/16/2000","17,043.39","16,771.10","17,144.95","16,732.81","-","2.13%"
"02/15/2000","16,688.16","17,257.37","17,296.97","16,548.75","-","-2.91%"
"02/14/2000","17,188.96","17,546.47","17,939.27","17,107.90","-","-1.10%"
"02/11/2000","17,380.30","17,024.37","17,653.65","17,024.37","-","3.18%"
"02/10/2000","16,845.17","16,679.79","16,874.09","16,525.56","-","0.15%"
"02/09/2000","16,819.46","16,456.87","16,967.90","16,456.87","-","3.64%"
"02/08/2000","16,228.73","16,079.89","16,285.93","15,940.31","-","1.63%"
"02/03/2000","15,968.12","15,795.59","16,010.03","15,702.85","-","1.13%"
"02/02/2000","15,789.82","15,747.56","15,957.92","15,747.56","-","0.87%"
"02/01/2000","15,653.86","15,600.26","15,764.40","15,580.46","-","0.78%"
"01/31/2000","15,532.34","15,889.05","15,889.05","15,444.82","-","-4.04%"
"01/28/2000","16,185.94","16,052.07","16,315.74","16,023.37","-","1.68%"
"01/27/2000","15,917.81","15,460.21","15,925.18","15,460.21","-","3.18%"
"01/26/2000","15,427.72","15,164.80","15,452.72","15,164.80","-","2.15%"
"01/25/2000","15,103.04","15,093.53","15,150.22","14,910.29","-","-0.43%"
"01/24/2000","15,167.55","15,233.79","15,413.75","15,020.17","-","0.39%"
"01/21/2000","15,108.41","15,094.90","15,120.36","14,903.70","-","-0.70%"
"01/20/2000","15,215.31","15,347.70","15,347.70","15,078.03","-","-0.39%"
"01/19/2000","15,275.34","15,719.04","15,719.04","15,192.28","-","-3.25%"
"01/18/2000","15,789.20","15,575.68","15,801.07","15,508.08","-","1.38%"
"01/17/2000","15,574.56","15,666.06","15,827.51","15,474.39","-","0.21%"
"01/14/2000","15,542.23","15,741.54","15,863.48","15,322.19","-","-0.59%"
"01/13/2000","15,633.96","15,763.26","15,861.17","15,458.63","-","-0.51%"
"01/12/2000","15,714.20","15,691.73","15,744.04","15,545.67","-","-0.93%"
"01/11/2000","15,862.10","15,981.13","16,196.09","15,736.17","-","0.09%"
"01/10/2000","15,848.15","15,631.00","16,065.09","15,631.00","-","2.87%"
"01/07/2000","15,405.63","15,329.34","15,513.89","15,108.75","-","1.67%"
"01/06/2000","15,153.23","15,942.07","15,971.03","14,763.97","-","-4.38%"
"01/05/2000","15,846.72","16,608.55","16,608.55","15,688.49","-","-7.18%"
"01/04/2000","17,072.82","17,303.00","17,303.00","16,933.52","-","-1.71%"
"01/03/2000","17,369.63","17,057.70","17,426.16","17,057.70","-","2.40%"
"12/30/1999","16,962.10","16,772.95","17,050.40","16,737.90","-","1.81%"
"12/29/1999","16,660.82","16,997.86","17,138.11","16,577.07","-","-1.58%"
"12/28/1999","16,928.29","16,820.87","16,979.44","16,810.87","-","0.56%"
"12/24/1999","16,833.28","16,404.46","16,833.28","16,404.46","-","3.30%"
"12/23/1999","16,296.08","16,216.97","16,336.50","16,166.15","-","0.64%"
"12/22/1999","16,192.40","16,323.29","16,437.86","16,137.60","-","-0.35%"
"12/21/1999","16,248.74","16,228.52","16,334.89","15,964.71","-","0.22%"
"12/20/1999","16,212.39","15,999.99","16,260.77","15,885.22","-","1.41%"
"12/17/1999","15,986.35","15,737.49","16,003.24","15,737.49","-","2.67%"
"12/16/1999","15,571.36","15,814.58","15,821.98","15,512.30","-","-1.60%"
"12/15/1999","15,825.31","16,277.10","16,277.10","15,785.34","-","-2.81%"
"12/14/1999","16,282.70","16,508.19","16,516.37","16,121.56","-","-0.97%"
"12/13/1999","16,442.11","16,505.35","16,635.52","16,349.45","-","0.38%"
"12/10/1999","16,380.21","16,386.54","16,495.36","16,321.82","-","0.06%"
"12/09/1999","16,370.95","15,963.68","16,455.01","15,941.77","-","2.39%"
"12/08/1999","15,989.38","16,040.38","16,046.12","15,833.11","-","-0.52%"
"12/07/1999","16,073.09","16,190.96","16,237.51","15,952.58","-","-0.59%"
"12/06/1999","16,168.62","15,952.76","16,168.62","15,873.54","-","2.07%"
"12/03/1999","15,840.41","15,635.44","15,875.96","15,519.10","-","1.52%"
"12/02/1999","15,603.04","15,532.41","15,655.15","15,369.39","-","1.17%"
"12/01/1999","15,422.52","15,277.31","15,519.61","15,146.03","-","0.29%"
"11/30/1999","15,377.19","15,504.31","15,640.54","15,173.20","-","-0.54%"
"11/29/1999","15,461.11","15,255.68","15,581.96","15,255.68","-","1.22%"
"11/26/1999","15,274.53","15,023.09","15,339.39","15,023.09","-","1.84%"
"11/25/1999","14,998.77","15,121.27","15,308.47","14,903.43","-","-2.02%"
"11/24/1999","15,307.28","15,328.93","15,460.15","15,113.65","-","-0.56%"
"11/23/1999","15,393.20","15,339.97","15,521.47","15,024.83","-","0.71%"
"11/22/1999","15,285.03","15,075.78","15,323.30","15,057.29","-","1.41%"
"11/19/1999","15,073.10","14,745.46","15,127.14","14,745.46","-","2.39%"
"11/18/1999","14,721.74","14,723.30","14,783.80","14,606.54","-","0.12%"
"11/17/1999","14,704.48","14,997.21","15,072.65","14,604.91","-","0.10%"
"11/16/1999","14,689.46","14,619.42","14,726.65","14,491.39","-","0.87%"
"11/15/1999","14,562.22","14,251.29","14,634.99","14,251.29","-","2.63%"
"11/12/1999","14,189.67","14,110.83","14,268.39","13,977.95","-","0.60%"
"11/11/1999","14,105.71","14,053.47","14,217.36","13,916.14","-","0.93%"
"11/10/1999","13,975.54","13,734.41","14,005.26","13,734.41","-","2.24%"
"11/09/1999","13,669.70","13,585.65","13,735.07","13,574.42","-","1.10%"
"11/08/1999","13,521.11","13,659.26","13,756.84","13,513.66","-","-0.66%"
"11/05/1999","13,610.27","13,698.30","13,730.89","13,533.26","-","-0.30%"
"11/04/1999","13,651.51","13,272.30","13,693.39","13,272.30","-","2.97%"
"11/03/1999","13,257.33","13,366.12","13,497.36","13,230.72","-","-0.59%"
"11/02/1999","13,335.84","13,335.25","13,405.41","13,278.17","-","0.10%"
"11/01/1999","13,322.11","13,309.40","13,398.84","13,281.05","-","0.49%"
"10/29/1999","13,256.95","13,072.59","13,283.60","13,072.59","-","3.90%"
"10/28/1999","12,758.88","12,780.96","13,019.09","12,750.36","-","0.39%"
"10/27/1999","12,709.07","12,796.97","12,846.30","12,687.66","-","-0.69%"
"10/26/1999","12,797.38","12,932.96","12,959.30","12,765.65","-","-1.82%"
"10/25/1999","13,034.18","12,973.59","13,130.10","12,965.55","-","1.33%"
"10/22/1999","12,863.08","12,534.12","12,867.91","12,499.61","-","2.72%"
"10/21/1999","12,523.00","12,530.02","12,646.98","12,483.71","-","0.20%"
"10/20/1999","12,498.56","12,262.29","12,573.72","12,262.29","-","3.00%"
"10/19/1999","12,134.13","12,236.52","12,246.13","12,066.65","-","-1.34%"
"10/15/1999","12,299.08","12,486.15","12,486.15","12,283.98","-","-1.50%"
"10/14/1999","12,486.82","12,486.42","12,553.75","12,354.55","-","0.09%"
"10/13/1999","12,475.87","12,706.28","12,706.28","12,398.63","-","-2.22%"
"10/12/1999","12,759.35","12,979.67","12,979.67","12,743.15","-","-1.80%"
"10/11/1999","12,992.72","13,112.42","13,150.03","12,913.33","-","-0.91%"
"10/08/1999","13,112.42","13,102.41","13,145.33","13,050.03","-","-0.01%"
"10/07/1999","13,113.20","13,132.08","13,260.12","13,080.37","-","0.73%"
"10/06/1999","13,017.98","13,010.47","13,187.64","13,010.07","-","0.15%"
"10/05/1999","12,998.89","12,872.87","13,038.00","12,802.03","-","0.96%"
"10/04/1999","12,875.86","12,731.32","13,017.33","12,731.32","-","1.12%"
"09/30/1999","12,733.24","12,798.68","12,876.41","12,733.24","-","-0.79%"
"09/29/1999","12,834.89","12,822.06","12,837.38","12,652.87","-","-0.08%"
"09/28/1999","12,844.93","12,920.00","12,981.70","12,792.57","-","0.66%"
"09/27/1999","12,760.46","13,049.25","13,050.43","12,686.59","-","-2.08%"
"09/24/1999","13,032.07","13,063.81","13,125.93","12,931.35","-","-1.38%"
"09/23/1999","13,214.44","13,188.82","13,306.63","13,177.75","-","0.20%"
"09/22/1999","13,187.62","13,200.57","13,265.76","13,108.61","-","-1.73%"
"09/21/1999","13,420.46","13,484.78","13,580.35","13,419.81","-","-0.39%"
"09/20/1999","13,472.37","13,554.62","13,569.94","13,315.53","-","-0.09%"
"09/17/1999","13,484.84","13,243.03","13,578.44","13,185.81","-","0.40%"
"09/15/1999","13,430.60","13,703.50","13,703.50","13,417.58","-","-2.71%"
"09/14/1999","13,804.03","13,810.65","13,902.84","13,733.93","-","-0.41%"
"09/13/1999","13,860.85","13,941.08","14,075.06","13,800.69","-","0.04%"
"09/10/1999","13,855.93","13,871.27","14,005.08","13,820.40","-","0.01%"
"09/09/1999","13,854.88","13,323.29","13,854.96","13,321.08","-","3.73%"
"09/08/1999","13,356.63","13,401.46","13,414.26","13,342.98","-","-0.29%"
"09/07/1999","13,396.09","13,416.01","13,522.47","13,352.42","-","0.08%"
"09/06/1999","13,385.16","13,372.33","13,435.19","13,346.60","-","1.57%"
"09/03/1999","13,178.31","13,255.92","13,255.92","13,074.75","-","-1.42%"
"09/02/1999","13,367.56","13,510.24","13,575.16","13,256.52","-","-1.30%"
"09/01/1999","13,544.19","13,561.08","13,682.96","13,524.19","-","0.46%"
"08/31/1999","13,482.77","13,574.98","13,597.87","13,451.23","-","-1.50%"
"08/30/1999","13,688.66","13,434.79","13,784.40","13,434.79","-","2.28%"
"08/27/1999","13,383.13","13,532.61","13,561.81","13,370.77","-","-1.66%"
"08/26/1999","13,608.38","13,567.85","13,683.38","13,545.87","-","0.96%"
"08/25/1999","13,479.13","13,639.76","13,645.52","13,369.47","-","-1.13%"
"08/24/1999","13,633.87","13,730.64","13,744.24","13,536.61","-","0.44%"
"08/23/1999","13,573.66","13,707.59","13,834.89","13,573.66","-","0.05%"
"08/20/1999","13,566.74","13,444.52","13,638.40","13,396.42","-","1.22%"
"08/19/1999","13,403.59","12,918.89","13,423.80","12,855.73","-","3.16%"
"08/18/1999","12,993.10","12,947.89","13,088.66","12,923.80","-","1.64%"
"08/17/1999","12,783.16","12,883.06","12,883.06","12,740.06","-","-0.87%"
"08/16/1999","12,894.78","12,882.73","12,997.12","12,824.24","-","2.27%"
"08/13/1999","12,608.18","12,775.18","12,775.18","12,473.87","-","-1.34%"
"08/12/1999","12,779.75","12,634.28","12,803.34","12,625.47","-","2.75%"
"08/11/1999","12,437.80","12,512.16","12,614.93","12,422.78","-","-1.26%"
"08/10/1999","12,596.71","12,922.04","13,061.89","12,576.34","-","-2.69%"
"08/09/1999","12,945.47","13,046.51","13,046.51","12,886.13","-","-1.68%"
"08/06/1999","13,167.06","13,206.45","13,250.49","13,090.60","-","-0.66%"
"08/05/1999","13,254.34","13,558.11","13,558.11","13,201.62","-","-2.48%"
"08/04/1999","13,591.02","13,532.95","13,631.92","13,484.42","-","0.87%"
"08/03/1999","13,473.84","13,435.65","13,533.35","13,370.74","-","0.29%"
"08/02/1999","13,435.43","13,202.39","13,451.51","13,142.75","-","1.88%"
"07/30/1999","13,186.86","12,949.72","13,213.49","12,832.49","-","0.53%"
"07/29/1999","13,117.84","13,125.03","13,184.76","13,009.71","-","-0.17%"
"07/28/1999","13,140.42","13,184.76","13,234.78","13,039.64","-","0.50%"
"07/27/1999","13,075.09","12,761.62","13,136.54","12,722.55","-","1.62%"
"07/26/1999","12,866.52","12,992.78","13,098.48","12,819.48","-","-1.74%"
"07/23/1999","13,093.70","13,335.26","13,335.26","12,952.27","-","-2.06%"
"07/22/1999","13,369.06","13,419.86","13,524.12","13,326.74","-","-0.38%"
"07/21/1999","13,419.66","13,417.93","13,472.75","13,347.18","-","-1.33%"
"07/20/1999","13,600.40","13,636.83","13,740.32","13,560.98","-","1.14%"
"07/19/1999","13,447.13","13,515.19","13,550.64","13,395.46","-","-0.72%"
"07/16/1999","13,545.24","13,801.03","13,826.05","13,397.79","-","-1.55%"
"07/15/1999","13,758.89","13,631.79","13,758.89","13,508.83","-","1.35%"
"07/14/1999","13,575.57","13,859.18","13,859.18","13,466.90","-","-2.90%"
"07/13/1999","13,980.93","14,057.26","14,069.13","13,891.39","-","-0.58%"
"07/12/1999","14,061.84","14,253.80","14,404.42","14,059.50","-","-1.13%"
"07/09/1999","14,222.57","14,136.06","14,308.59","14,043.19","-","-0.03%"
"07/08/1999","14,226.30","14,214.57","14,454.22","14,059.55","-","-0.22%"
"07/07/1999","14,257.44","14,273.09","14,408.04","14,222.32","-","-0.80%"
"07/06/1999","14,372.61","14,523.80","14,523.80","14,321.70","-","-0.92%"
"07/05/1999","14,506.74","14,369.72","14,531.63","14,271.84","-","2.27%"
"07/02/1999","14,184.58","13,859.60","14,188.17","13,815.68","-","4.82%"
"06/30/1999","13,532.14","13,687.12","13,825.86","13,530.19","-","-1.70%"
"06/29/1999","13,765.49","13,905.68","13,966.07","13,745.65","-","-0.54%"
"06/28/1999","13,840.29","13,768.17","13,862.80","13,740.63","-","0.40%"
"06/25/1999","13,784.51","13,753.13","13,875.85","13,716.88","-","0.03%"
"06/24/1999","13,780.12","13,894.15","13,953.76","13,747.01","-","-1.40%"
"06/23/1999","13,976.04","13,929.21","14,104.90","13,791.55","-","-0.21%"
"06/22/1999","14,004.88","13,995.07","14,124.42","13,936.49","-","0.08%"
"06/21/1999","13,994.23","13,563.16","13,999.99","13,538.89","-","4.37%"
"06/17/1999","13,408.27","13,370.46","13,453.80","13,338.94","-","1.92%"
"06/16/1999","13,155.12","12,924.77","13,221.56","12,916.79","-","1.70%"
"06/15/1999","12,935.41","13,051.19","13,067.05","12,860.68","-","-0.55%"
"06/14/1999","13,007.57","13,028.66","13,056.55","12,915.22","-","0.11%"
"06/11/1999","12,992.76","12,883.77","13,030.53","12,813.60","-","1.20%"
"06/10/1999","12,839.21","13,022.35","13,114.89","12,805.86","-","-0.27%"
"06/09/1999","12,874.42","12,776.75","12,905.75","12,721.94","-","0.07%"
"06/08/1999","12,864.86","12,898.52","13,023.20","12,840.78","-","0.21%"
"06/07/1999","12,837.39","12,562.71","12,837.39","12,562.71","-","3.40%"
"06/04/1999","12,415.54","12,523.49","12,577.12","12,359.49","-","-0.45%"
"06/03/1999","12,471.61","12,414.32","12,480.41","12,297.72","-","0.10%"
"06/02/1999","12,458.64","12,351.27","12,534.79","12,317.25","-","0.77%"
"06/01/1999","12,363.56","12,139.97","12,363.56","12,106.78","-","1.78%"
"05/31/1999","12,147.12","12,088.79","12,179.03","11,964.64","-","0.73%"
"05/28/1999","12,059.25","12,179.12","12,179.12","11,977.54","-","-2.03%"
"05/27/1999","12,308.53","12,486.72","12,510.70","12,282.43","-","-0.81%"
"05/26/1999","12,409.16","12,233.06","12,452.49","12,221.09","-","0.50%"
"05/25/1999","12,346.91","12,301.66","12,481.18","12,259.58","-","-0.72%"
"05/24/1999","12,436.86","12,307.86","12,436.86","12,193.58","-","1.34%"
"05/21/1999","12,272.14","12,383.00","12,383.00","12,224.98","-","-0.83%"
"05/20/1999","12,375.42","12,431.57","12,515.14","12,310.09","-","-0.22%"
"05/19/1999","12,403.14","12,532.01","12,532.01","12,321.87","-","-1.77%"
"05/18/1999","12,627.10","12,589.76","12,660.82","12,549.48","-","0.31%"
"05/17/1999","12,588.60","12,629.12","12,672.83","12,521.95","-","-2.08%"
"05/14/1999","12,855.52","13,141.49","13,167.02","12,854.23","-","-1.52%"
"05/13/1999","13,053.67","13,031.23","13,169.18","12,993.50","-","0.31%"
"05/12/1999","13,012.97","12,824.77","13,162.76","12,824.77","-","1.08%"
"05/11/1999","12,874.37","13,091.76","13,091.76","12,771.62","-","-2.19%"
"05/10/1999","13,163.20","13,075.84","13,181.00","12,769.05","-","1.28%"
"05/07/1999","12,997.43","13,496.46","13,496.46","12,966.42","-","-4.22%"
"05/06/1999","13,570.24","13,679.77","13,719.08","13,399.35","-","-0.12%"
"05/05/1999","13,586.21","13,434.91","13,643.51","13,366.77","-","0.20%"
"05/04/1999","13,559.69","13,618.30","13,690.37","13,481.24","-","1.67%"
"05/03/1999","13,337.07","13,297.77","13,379.57","13,081.45","-","0.03%"
"04/30/1999","13,333.20","13,176.74","13,342.78","13,176.74","-","1.16%"
"04/29/1999","13,179.70","13,094.90","13,284.15","12,881.60","-","0.35%"
"04/28/1999","13,133.39","13,568.22","13,628.26","13,035.72","-","-1.73%"
"04/27/1999","13,364.79","13,345.07","13,409.99","13,236.04","-","1.81%"
"04/26/1999","13,127.02","12,854.44","13,173.37","12,853.86","-","1.72%"
"04/23/1999","12,905.30","13,114.88","13,364.42","12,905.30","-","-0.22%"
"04/22/1999","12,933.54","12,722.99","13,010.19","12,722.99","-","3.11%"
"04/21/1999","12,543.76","12,450.01","12,609.43","12,382.43","-","1.08%"
"04/20/1999","12,409.78","12,696.95","12,811.30","12,384.74","-","-2.79%"
"04/19/1999","12,766.44","12,639.15","13,079.50","12,639.15","-","2.21%"
"04/16/1999","12,490.30","12,068.36","12,490.30","12,068.36","-","4.41%"
"04/15/1999","11,962.23","11,867.58","11,975.65","11,785.65","-","1.08%"
"04/14/1999","11,834.13","11,853.87","11,963.91","11,783.15","-","-0.55%"
"04/13/1999","11,899.69","11,888.49","11,956.43","11,858.37","-","1.32%"
"04/12/1999","11,744.74","11,738.11","11,806.28","11,638.88","-","-1.42%"
"04/09/1999","11,914.10","11,802.03","11,919.83","11,757.59","-","1.59%"
"04/08/1999","11,727.84","11,781.56","11,889.34","11,715.57","-","0.97%"
"04/07/1999","11,614.87","11,288.13","11,630.47","11,288.13","-","4.89%"
"04/01/1999","11,072.98","11,017.45","11,072.98","10,850.11","-","1.20%"
"03/31/1999","10,942.20","10,861.12","11,081.58","10,858.86","-","0.02%"
"03/30/1999","10,940.21","10,810.23","10,972.08","10,779.40","-","2.36%"
"03/29/1999","10,688.47","10,801.73","10,801.73","10,628.06","-","-1.06%"
"03/26/1999","10,803.31","10,895.62","10,896.53","10,751.24","-","-0.21%"
"03/25/1999","10,826.13","10,829.26","10,878.80","10,769.21","-","1.07%"
"03/24/1999","10,711.34","10,839.78","10,859.75","10,653.67","-","-2.99%"
"03/23/1999","11,041.01","11,030.98","11,060.73","10,905.04","-","-0.60%"
"03/22/1999","11,107.24","11,013.17","11,161.00","10,977.63","-","0.22%"
"03/19/1999","11,082.92","10,817.06","11,127.23","10,815.19","-","3.97%"
"03/18/1999","10,659.32","10,884.50","10,889.21","10,570.18","-","-2.57%"
"03/17/1999","10,940.07","10,900.43","10,988.49","10,853.37","-","0.26%"
"03/16/1999","10,911.25","10,869.47","10,963.22","10,861.23","-","0.69%"
"03/15/1999","10,836.86","10,788.14","10,874.32","10,738.81","-","0.32%"
"03/12/1999","10,801.76","10,812.53","10,918.43","10,728.61","-","1.30%"
"03/11/1999","10,662.81","10,728.53","10,837.66","10,598.37","-","-0.80%"
"03/10/1999","10,749.01","10,550.19","10,813.61","10,515.72","-","2.05%"
"03/09/1999","10,532.95","10,311.49","10,539.12","10,311.49","-","2.62%"
"03/08/1999","10,263.99","10,401.26","10,500.86","10,236.47","-","0.22%"
"03/05/1999","10,241.12","10,057.12","10,253.07","10,037.53","-","3.31%"
"03/04/1999","9,912.76","9,969.00","9,977.08","9,804.00","-","-0.10%"
"03/03/1999","9,922.40","9,910.58","10,091.91","9,865.41","-","0.09%"
"03/02/1999","9,913.58","9,964.76","10,154.36","9,868.25","-","-1.07%"
"03/01/1999","10,020.46","9,951.11","10,055.79","9,951.11","-","1.64%"
"02/26/1999","9,858.49","9,803.34","9,891.62","9,741.80","-","2.08%"
"02/25/1999","9,658.07","9,652.27","9,687.85","9,547.42","-","-0.20%"
"02/24/1999","9,677.57","9,425.78","9,737.08","9,383.76","-","2.58%"
"02/23/1999","9,433.99","9,330.26","9,464.84","9,330.26","-","2.22%"
"02/22/1999","9,229.34","9,218.55","9,279.37","9,146.22","-","-0.27%"
"02/19/1999","9,254.12","9,484.61","9,485.01","9,235.26","-","-1.58%"
"02/15/1999","9,402.39","9,459.00","9,470.28","9,334.10","-","-0.24%"
"02/12/1999","9,425.42","9,260.15","9,437.88","9,245.39","-","3.05%"
"02/11/1999","9,146.80","9,103.21","9,237.53","9,103.21","-","0.78%"
"02/10/1999","9,076.33","9,147.50","9,162.71","9,000.24","-","-1.82%"
"02/09/1999","9,244.49","9,082.33","9,244.49","9,053.57","-","1.15%"
"02/08/1999","9,139.60","9,199.03","9,251.16","9,109.63","-","-0.55%"
"02/05/1999","9,190.20","9,378.55","9,378.55","9,156.71","-","-2.63%"
"02/04/1999","9,438.65","9,390.31","9,486.80","9,368.75","-","0.20%"
"02/03/1999","9,419.85","9,455.37","9,547.32","9,408.63","-","-0.87%"
"02/02/1999","9,502.72","9,522.34","9,581.10","9,436.43","-","-1.01%"
"02/01/1999","9,599.55","9,485.49","9,633.15","9,336.26","-","0.97%"
"01/29/1999","9,506.90","9,435.52","9,526.88","9,341.99","-","1.56%"
"01/28/1999","9,360.96","9,643.60","9,643.60","9,339.01","-","-3.69%"
"01/27/1999","9,719.66","9,571.11","9,745.87","9,514.59","-","2.21%"
"01/26/1999","9,509.83","9,640.06","9,655.80","9,414.57","-","0.11%"
"01/25/1999","9,499.50","9,527.29","9,527.29","9,316.05","-","-2.45%"
"01/22/1999","9,738.52","9,904.65","9,904.65","9,695.49","-","-3.09%"
"01/21/1999","10,048.57","10,224.55","10,224.55","9,992.66","-","-2.58%"
"01/20/1999","10,314.91","10,288.04","10,337.23","10,245.85","-","0.24%"
"01/19/1999","10,290.11","10,527.19","10,527.19","10,258.23","-","-1.08%"
"01/18/1999","10,402.54","10,356.06","10,422.12","10,304.32","-","2.51%"
"01/15/1999","10,147.40","9,994.74","10,208.81","9,959.82","-","-0.35%"
"01/14/1999","10,183.13","10,058.16","10,283.89","9,907.80","-","-0.88%"
"01/13/1999","10,273.77","10,559.86","10,602.20","10,273.77","-","-4.09%"
"01/12/1999","10,711.56","10,530.62","10,735.33","10,456.01","-","0.73%"
"01/11/1999","10,634.27","10,797.61","10,834.00","10,565.49","-","-0.82%"
"01/08/1999","10,722.70","10,713.15","10,898.25","10,687.79","-","0.27%"
"01/07/1999","10,693.57","10,585.17","10,737.76","10,565.09","-","4.49%"
"01/06/1999","10,233.80","9,967.43","10,233.80","9,967.43","-","3.47%"
"01/05/1999","9,891.06","9,800.67","9,939.97","9,790.00","-","0.83%"
"01/04/1999","9,809.17","9,982.26","9,982.26","9,764.98","-","-2.38%"
"12/31/1998","10,048.58","10,117.06","10,117.06","10,048.58","-","-0.72%"
"12/30/1998","10,121.44","10,262.70","10,266.21","10,094.32","-","-1.02%"
"12/29/1998","10,225.97","10,171.21","10,270.96","10,171.21","-","0.55%"
"12/28/1998","10,170.14","10,263.62","10,281.60","10,146.27","-","-1.19%"
"12/24/1998","10,292.20","10,242.61","10,314.48","10,224.91","-","1.31%"
"12/23/1998","10,158.75","10,263.69","10,263.69","10,101.58","-","-1.59%"
"12/22/1998","10,322.56","10,396.55","10,396.55","10,296.83","-","-0.71%"
"12/21/1998","10,396.01","10,469.56","10,469.56","10,334.64","-","1.66%"
"12/18/1998","10,226.23","10,169.54","10,266.24","10,153.82","-","1.42%"
"12/17/1998","10,083.31","9,933.18","10,101.99","9,847.16","-","1.45%"
"12/16/1998","9,939.39","9,986.95","10,015.09","9,927.83","-","-0.14%"
"12/15/1998","9,952.84","9,804.73","9,964.72","9,788.32","-","1.30%"
"12/14/1998","9,825.21","9,878.99","9,878.99","9,714.01","-","-1.27%"
"12/11/1998","9,952.00","10,146.28","10,146.28","9,921.06","-","-3.52%"
"12/10/1998","10,315.44","10,334.02","10,388.46","10,281.23","-","-0.44%"
"12/09/1998","10,361.29","10,293.67","10,372.32","10,234.32","-","0.10%"
"12/08/1998","10,351.08","10,398.10","10,458.36","10,300.23","-","-0.75%"
"12/07/1998","10,428.82","10,288.08","10,433.89","10,288.08","-","4.67%"
"12/04/1998","9,963.14","10,024.45","10,153.02","9,890.35","-","-0.83%"
"12/03/1998","10,046.15","9,967.48","10,140.71","9,805.05","-","-0.10%"
"12/02/1998","10,055.78","10,053.14","10,187.81","9,980.88","-","0.80%"
"12/01/1998","9,975.85","10,258.14","10,258.14","9,961.30","-","-4.10%"
"11/30/1998","10,402.32","10,705.19","10,705.19","10,393.53","-","-3.16%"
"11/27/1998","10,742.11","10,788.42","10,819.05","10,690.10","-","-0.34%"
"11/26/1998","10,778.92","10,763.08","10,838.90","10,656.25","-","0.54%"
"11/25/1998","10,720.99","10,767.40","10,979.31","10,649.65","-","-1.20%"
"11/24/1998","10,851.71","10,648.75","10,869.15","10,636.54","-","3.21%"
"11/23/1998","10,514.53","10,411.12","10,514.53","10,395.64","-","2.75%"
"11/20/1998","10,233.36","10,448.09","10,453.92","10,227.98","-","-0.78%"
"11/19/1998","10,313.30","10,219.88","10,352.75","10,166.88","-","0.98%"
"11/18/1998","10,213.42","10,198.73","10,354.92","10,194.56","-","0.64%"
"11/17/1998","10,148.69","10,320.96","10,351.78","10,054.36","-","-1.45%"
"11/16/1998","10,298.09","10,010.54","10,358.40","10,010.54","-","3.00%"
"11/13/1998","9,997.99","9,932.35","10,067.25","9,918.65","-","0.50%"
"11/12/1998","9,948.18","10,172.25","10,196.67","9,914.27","-","-1.87%"
"11/11/1998","10,137.32","9,698.51","10,137.32","9,678.18","-","4.28%"
"11/10/1998","9,721.33","9,702.99","9,795.16","9,637.56","-","-1.33%"
"11/09/1998","9,851.93","10,086.25","10,086.25","9,840.37","-","-2.84%"
"11/06/1998","10,139.75","10,179.53","10,344.09","10,100.58","-","-0.80%"
"11/05/1998","10,221.98","10,558.37","10,565.37","10,197.66","-","-2.72%"
"11/04/1998","10,508.25","10,435.90","10,535.45","10,267.55","-","1.45%"
"11/03/1998","10,358.52","10,298.91","10,401.39","10,263.73","-","1.85%"
"11/02/1998","10,170.08","10,217.59","10,286.08","10,094.92","-","0.15%"
"10/30/1998","10,154.94","9,966.73","10,254.35","9,966.73","-","2.25%"
"10/29/1998","9,931.46","9,869.70","9,989.42","9,578.19","-","0.04%"
"10/27/1998","9,927.05","9,744.43","9,985.54","9,724.04","-","1.51%"
"10/26/1998","9,778.91","9,763.03","9,860.61","9,743.24","-","-0.40%"
"10/23/1998","9,817.75","9,557.86","9,866.36","9,487.32","-","1.65%"
"10/22/1998","9,658.58","9,679.38","9,795.40","9,628.95","-","-0.04%"
"10/21/1998","9,662.12","9,790.74","9,894.73","9,639.40","-","0.20%"
"10/20/1998","9,642.75","9,620.21","9,746.78","9,571.33","-","0.46%"
"10/19/1998","9,599.05","9,661.02","9,815.63","9,506.13","-","-1.82%"
"10/16/1998","9,777.01","9,456.78","9,805.76","9,456.78","-","8.99%"
"10/15/1998","8,970.42","8,838.64","9,037.98","8,765.69","-","1.48%"
"10/14/1998","8,840.01","8,962.07","9,068.69","8,807.16","-","-1.87%"
"10/13/1998","9,008.83","9,022.90","9,114.02","8,822.84","-","0.21%"
"10/12/1998","8,990.27","8,737.23","9,168.13","8,737.23","-","5.68%"
"10/09/1998","8,506.79","8,026.17","8,527.01","8,026.17","-","7.15%"
"10/08/1998","7,939.51","7,714.08","8,060.17","7,714.08","-","2.52%"
"10/07/1998","7,744.72","7,577.18","7,829.58","7,577.18","-","2.38%"
"10/05/1998","7,564.54","7,651.75","7,651.75","7,540.79","-","-4.05%"
"09/30/1998","7,883.46","7,811.25","7,900.72","7,752.11","-","0.58%"
"09/29/1998","7,837.61","7,976.27","7,976.27","7,813.30","-","-1.36%"
"09/28/1998","7,946.04","7,760.71","8,011.50","7,760.71","-","3.17%"
"09/25/1998","7,701.61","7,700.32","7,745.93","7,553.29","-","-1.70%"
"09/24/1998","7,834.61","7,705.47","7,907.40","7,705.47","-","4.40%"
"09/23/1998","7,504.39","7,372.49","7,518.88","7,348.18","-","1.78%"
"09/22/1998","7,373.51","7,192.95","7,438.33","7,192.95","-","2.84%"
"09/21/1998","7,170.23","7,410.81","7,410.81","7,142.19","-","-3.70%"
"09/18/1998","7,445.96","7,450.82","7,469.29","7,348.28","-","-1.72%"
"09/17/1998","7,576.57","7,856.11","7,856.11","7,555.54","-","-3.61%"
"09/16/1998","7,860.68","7,716.60","7,904.99","7,708.24","-","1.64%"
"09/15/1998","7,733.47","7,700.67","7,837.96","7,672.64","-","0.93%"
"09/14/1998","7,661.86","7,607.73","7,712.15","7,572.47","-","1.10%"
"09/11/1998","7,578.48","7,672.58","7,672.58","7,538.60","-","-3.46%"
"09/10/1998","7,849.96","7,828.86","7,950.28","7,749.90","-","-0.70%"
"09/09/1998","7,905.45","8,215.66","8,215.66","7,899.98","-","-3.47%"
"09/08/1998","8,189.25","8,127.48","8,331.69","8,127.48","-","1.39%"
"09/07/1998","8,076.76","7,649.69","8,189.43","7,649.69","-","7.86%"
"09/04/1998","7,488.47","7,168.84","7,538.30","7,168.63","-","2.32%"
"09/03/1998","7,318.59","7,335.86","7,525.75","7,201.44","-","-0.50%"
"09/02/1998","7,355.67","7,308.01","7,501.38","7,298.73","-","4.15%"
"09/01/1998","7,062.47","7,038.45","7,306.40","6,982.43","-","-2.92%"
"08/31/1998","7,275.04","7,558.05","7,686.67","7,233.81","-","-7.08%"
"08/28/1998","7,829.74","7,865.47","7,880.93","7,829.37","-","-1.18%"
"08/27/1998","7,922.97","7,840.95","7,926.35","7,834.40","-","1.13%"
"08/26/1998","7,834.40","7,837.09","7,860.85","7,679.48","-","-0.71%"
"08/25/1998","7,890.09","7,783.94","7,899.19","7,714.27","-","0.57%"
"08/24/1998","7,845.48","7,443.43","7,845.48","7,438.84","-","4.22%"
"08/21/1998","7,527.61","7,647.72","7,703.24","7,524.20","-","-2.78%"
"08/20/1998","7,742.53","7,590.57","7,880.89","7,586.93","-","1.57%"
"08/19/1998","7,622.58","7,300.43","7,731.51","7,300.43","-","5.71%"
"08/18/1998","7,210.92","7,246.75","7,259.29","7,146.49","-","-0.19%"
"08/14/1998","7,224.69","6,649.45","7,271.75","6,643.57","-","8.47%"
"08/13/1998","6,660.42","6,855.31","6,855.31","6,544.79","-","-2.90%"
"08/12/1998","6,859.48","6,761.83","6,891.54","6,708.18","-","1.17%"
"08/11/1998","6,779.95","7,025.08","7,025.08","6,725.59","-","-3.62%"
"08/10/1998","7,034.62","7,065.22","7,100.19","6,991.59","-","0.23%"
"08/07/1998","7,018.41","7,199.59","7,217.88","7,000.00","-","-3.25%"
"08/06/1998","7,254.36","7,476.52","7,522.57","7,254.36","-","-2.84%"
"08/05/1998","7,466.43","7,391.55","7,501.71","7,366.44","-","-1.51%"
"08/04/1998","7,580.80","7,499.15","7,623.12","7,377.81","-","0.37%"
"08/03/1998","7,552.77","7,767.42","7,767.42","7,537.25","-","-4.83%"
"07/31/1998","7,936.20","7,980.35","8,010.77","7,785.31","-","0.38%"
"07/30/1998","7,906.16","7,822.04","7,917.20","7,750.76","-","1.25%"
"07/29/1998","7,808.83","7,873.97","7,995.18","7,752.99","-","-1.48%"
"07/28/1998","7,926.10","8,031.70","8,068.41","7,869.18","-","-0.73%"
"07/27/1998","7,984.43","8,184.08","8,197.10","7,982.65","-","-3.31%"
"07/24/1998","8,257.46","8,037.54","8,302.84","8,018.89","-","0.99%"
"07/23/1998","8,176.25","8,380.49","8,380.49","8,164.69","-","-2.90%"
"07/22/1998","8,420.72","8,527.49","8,527.49","8,392.02","-","-1.68%"
"07/21/1998","8,564.55","8,512.23","8,661.67","8,511.58","-","0.84%"
"07/20/1998","8,493.25","8,641.13","8,660.76","8,480.65","-","-1.57%"
"07/17/1998","8,628.93","8,679.82","8,712.07","8,556.08","-","0.49%"
"07/16/1998","8,586.57","8,419.28","8,638.56","8,371.64","-","1.54%"
"07/15/1998","8,456.22","8,343.91","8,501.82","8,334.64","-","3.39%"
"07/14/1998","8,178.93","8,180.13","8,207.15","8,072.07","-","0.98%"
"07/13/1998","8,099.20","8,109.68","8,113.80","7,912.23","-","-1.30%"
"07/10/1998","8,205.77","8,379.77","8,379.77","8,129.56","-","-2.70%"
"07/09/1998","8,433.78","8,639.10","8,655.42","8,429.57","-","-2.26%"
"07/08/1998","8,629.18","8,483.76","8,668.71","8,483.76","-","2.19%"
"07/07/1998","8,444.18","8,503.08","8,560.75","8,444.18","-","-0.47%"
"07/06/1998","8,484.12","8,629.11","8,629.11","8,451.83","-","-1.80%"
"07/03/1998","8,639.31","8,766.38","8,766.38","8,550.61","-","-2.56%"
"07/02/1998","8,866.16","8,844.10","8,970.74","8,844.10","-","3.78%"
"06/30/1998","8,543.10","8,547.42","8,660.13","8,471.88","-","0.97%"
"06/29/1998","8,460.71","8,663.39","8,790.55","8,444.25","-","-1.71%"
"06/26/1998","8,607.86","8,635.99","8,702.25","8,410.60","-","-0.67%"
"06/25/1998","8,665.83","8,293.82","8,705.81","8,272.97","-","4.45%"
"06/24/1998","8,296.77","8,221.18","8,312.16","8,109.69","-","0.94%"
"06/23/1998","8,219.67","8,284.59","8,341.44","8,048.82","-","0.19%"
"06/22/1998","8,204.21","8,531.30","8,531.30","8,180.04","-","-4.51%"
"06/19/1998","8,591.91","8,396.26","8,677.49","8,350.45","-","0.89%"
"06/18/1998","8,515.97","8,485.63","8,644.14","8,416.77","-","6.39%"
"06/17/1998","8,004.35","7,787.83","8,005.76","7,745.27","-","6.35%"
"06/16/1998","7,526.45","7,426.61","7,642.66","7,351.68","-","0.86%"
"06/15/1998","7,462.50","7,803.93","7,803.93","7,438.72","-","-5.72%"
"06/12/1998","7,915.44","7,749.49","7,970.53","7,740.84","-","0.37%"
"06/11/1998","7,886.07","7,881.58","7,929.02","7,673.25","-","-1.17%"
"06/10/1998","7,979.37","8,261.75","8,261.75","7,906.39","-","-4.91%"
"06/09/1998","8,391.46","8,615.30","8,617.70","8,347.98","-","-2.27%"
"06/08/1998","8,586.63","8,623.06","8,666.25","8,424.22","-","0.20%"
"06/05/1998","8,569.47","8,606.55","8,672.10","8,546.35","-","0.13%"
"06/04/1998","8,558.43","8,805.42","8,805.42","8,542.03","-","-2.96%"
"06/03/1998","8,819.22","8,631.55","8,915.29","8,537.77","-","2.57%"
"06/02/1998","8,598.17","8,618.67","8,618.67","8,351.11","-","-0.16%"
"06/01/1998","8,612.01","9,049.48","9,089.41","8,607.89","-","-3.61%"
"05/29/1998","8,934.56","8,853.63","8,949.47","8,836.38","-","0.64%"
"05/28/1998","8,877.94","8,931.56","9,066.79","8,853.06","-","-1.17%"
"05/27/1998","8,983.43","9,357.91","9,357.91","8,914.23","-","-5.26%"
"05/26/1998","9,482.21","9,529.32","9,529.32","9,421.62","-","-0.65%"
"05/25/1998","9,544.53","9,519.95","9,558.59","9,487.54","-","-0.12%"
"05/22/1998","9,555.98","9,613.68","9,659.98","9,535.53","-","-1.18%"
"05/21/1998","9,670.45","9,693.59","9,725.11","9,489.51","-","1.27%"
"05/20/1998","9,549.18","9,333.63","9,555.55","9,264.30","-","1.06%"
"05/19/1998","9,449.11","9,344.43","9,486.57","9,209.97","-","0.39%"
"05/18/1998","9,411.97","9,478.57","9,539.18","9,368.43","-","-1.33%"
"05/15/1998","9,538.39","9,573.08","9,716.95","9,499.02","-","-0.56%"
"05/14/1998","9,591.95","9,485.74","9,612.99","9,303.03","-","1.30%"
"05/13/1998","9,469.29","9,710.73","9,710.73","9,456.59","-","-3.78%"
"05/12/1998","9,841.51","10,033.38","10,130.50","9,819.17","-","-2.52%"
"05/11/1998","10,096.37","10,106.44","10,135.33","9,953.27","-","0.36%"
"05/08/1998","10,060.38","9,911.91","10,095.62","9,908.13","-","0.89%"
"05/07/1998","9,971.93","9,992.76","9,994.08","9,842.46","-","-1.36%"
"05/06/1998","10,109.14","10,036.40","10,186.15","9,983.34","-","-0.44%"
"05/05/1998","10,153.66","10,460.21","10,475.87","10,132.63","-","-2.74%"
"05/04/1998","10,439.42","10,610.97","10,619.20","10,401.82","-","-1.18%"
"05/01/1998","10,563.68","10,538.70","10,613.29","10,514.37","-","1.73%"
"04/30/1998","10,383.68","10,490.12","10,490.12","10,267.23","-","-0.84%"
"04/29/1998","10,471.15","10,668.86","10,668.86","10,419.60","-","-1.94%"
"04/28/1998","10,678.61","10,358.10","10,678.61","10,302.58","-","0.80%"
"04/27/1998","10,593.71","10,812.11","10,812.11","10,555.57","-","-2.63%"
"04/24/1998","10,879.93","10,838.09","10,912.18","10,767.32","-","-0.36%"
"04/23/1998","10,918.94","10,966.40","10,970.21","10,827.91","-","-0.53%"
"04/22/1998","10,977.47","10,988.83","11,044.19","10,889.45","-","0.08%"
"04/21/1998","10,968.26","11,125.43","11,191.92","10,945.86","-","-1.64%"
"04/20/1998","11,151.63","11,075.02","11,151.63","10,999.22","-","1.37%"
"04/17/1998","11,001.32","11,054.99","11,054.99","10,876.00","-","-1.67%"
"04/16/1998","11,187.78","11,315.42","11,315.42","11,110.59","-","-1.61%"
"04/15/1998","11,371.06","11,470.97","11,490.30","11,269.07","-","-0.43%"
"04/14/1998","11,420.34","11,449.15","11,506.03","11,296.36","-","0.69%"
"04/09/1998","11,342.02","11,261.68","11,405.89","11,167.05","-","0.24%"
"04/08/1998","11,314.46","11,012.75","11,429.82","11,011.91","-","2.40%"
"04/07/1998","11,049.43","11,178.07","11,214.89","10,997.36","-","-0.03%"
"04/03/1998","11,052.68","11,126.52","11,206.55","10,952.52","-","-1.22%"
"04/02/1998","11,189.71","11,352.66","11,372.38","11,097.14","-","-1.25%"
"04/01/1998","11,331.42","11,491.19","11,491.19","11,291.78","-","-1.63%"
"03/31/1998","11,518.68","11,447.68","11,578.44","11,404.61","-","0.13%"
"03/30/1998","11,503.76","11,834.94","11,874.74","11,503.06","-","-1.97%"
"03/27/1998","11,735.50","11,703.65","11,868.67","11,677.49","-","-0.19%"
"03/26/1998","11,757.88","11,911.22","11,926.16","11,717.24","-","-0.45%"
"03/25/1998","11,810.63","11,745.62","11,891.48","11,745.62","-","1.42%"
"03/24/1998","11,645.43","11,546.64","11,688.65","11,516.76","-","0.44%"
"03/23/1998","11,594.33","11,633.27","11,672.81","11,488.91","-","0.26%"
"03/20/1998","11,564.23","11,553.43","11,715.67","11,550.99","-","1.04%"
"03/19/1998","11,445.04","11,162.75","11,459.10","11,139.11","-","2.91%"
"03/18/1998","11,121.65","11,279.03","11,308.64","11,011.56","-","-1.19%"
"03/17/1998","11,255.54","11,268.02","11,349.28","11,239.23","-","0.66%"
"03/16/1998","11,181.54","11,034.46","11,207.35","10,986.31","-","1.13%"
"03/13/1998","11,057.03","10,889.86","11,076.07","10,889.86","-","1.42%"
"03/12/1998","10,902.47","11,094.53","11,229.84","10,827.31","-","-1.95%"
"03/11/1998","11,118.85","10,984.43","11,166.08","10,984.43","-","2.02%"
"03/10/1998","10,898.57","10,995.25","11,093.61","10,898.57","-","-0.87%"
"03/09/1998","10,994.09","10,892.83","11,006.88","10,697.94","-","0.68%"
"03/06/1998","10,919.53","10,730.32","10,994.66","10,708.19","-","1.07%"
"03/05/1998","10,803.68","11,161.49","11,161.49","10,801.42","-","-4.82%"
"03/04/1998","11,350.81","11,414.20","11,414.20","11,192.74","-","-0.65%"
"03/03/1998","11,425.46","11,343.15","11,447.59","11,258.86","-","0.94%"
"03/02/1998","11,318.84","11,486.70","11,669.85","11,302.81","-","-1.41%"
"02/27/1998","11,480.69","11,294.55","11,480.69","11,185.11","-","2.28%"
"02/26/1998","11,224.78","11,094.34","11,383.09","11,014.62","-","3.11%"
"02/25/1998","10,886.74","10,676.43","10,886.74","10,632.79","-","1.90%"
"02/24/1998","10,683.34","10,740.82","10,740.82","10,491.20","-","-0.02%"
"02/23/1998","10,685.21","10,795.99","10,871.03","10,652.56","-","0.81%"
"02/20/1998","10,599.79","10,491.78","10,671.42","10,348.95","-","0.18%"
"02/19/1998","10,581.27","11,002.13","11,081.36","10,581.27","-","-0.84%"
"02/18/1998","10,670.95","10,332.97","10,670.95","10,327.42","-","4.29%"
"02/17/1998","10,232.03","10,169.30","10,358.28","10,169.30","-","1.07%"
"02/16/1998","10,124.03","10,220.28","10,220.28","9,918.23","-","-1.47%"
"02/13/1998","10,274.60","10,510.61","10,510.61","10,148.66","-","-3.25%"
"02/12/1998","10,620.03","10,748.82","10,748.82","10,511.48","-","-1.61%"
"02/11/1998","10,793.41","11,101.72","11,189.80","10,754.50","-","-0.61%"
"02/10/1998","10,859.67","10,908.30","10,928.22","10,581.51","-","-0.12%"
"02/09/1998","10,873.15","10,530.63","10,894.67","10,530.63","-","3.69%"
"02/06/1998","10,485.86","10,580.45","10,681.87","10,485.86","-","0.42%"
"02/05/1998","10,442.13","10,228.40","10,508.15","10,192.18","-","1.35%"
"02/04/1998","10,302.61","10,420.78","10,704.60","10,302.61","-","-2.12%"
"02/03/1998","10,525.51","10,705.40","10,743.19","10,387.88","-","-0.50%"
"02/02/1998","10,578.60","9,800.09","10,696.98","9,800.09","-","14.33%"
"01/27/1998","9,252.36","9,047.84","9,253.97","9,032.36","-","3.10%"
"01/26/1998","8,973.86","9,045.42","9,278.82","8,948.11","-","0.60%"
"01/23/1998","8,920.20","8,849.25","8,943.77","8,641.18","-","0.41%"
"01/22/1998","8,883.73","9,068.51","9,068.51","8,773.87","-","-3.93%"
"01/21/1998","9,246.80","9,558.70","9,572.37","9,127.85","-","-1.98%"
"01/20/1998","9,433.70","9,328.21","9,659.27","9,212.13","-","0.35%"
"01/19/1998","9,400.42","9,217.49","9,510.68","9,217.49","-","5.62%"
"01/16/1998","8,900.04","8,668.49","9,044.27","8,668.49","-","3.74%"
"01/15/1998","8,578.98","9,094.08","9,094.08","8,471.68","-","-7.02%"
"01/14/1998","9,226.55","8,913.48","9,316.97","8,913.48","-","5.81%"
"01/13/1998","8,720.00","8,333.74","8,741.51","8,333.74","-","7.38%"
"01/12/1998","8,121.06","8,214.32","8,349.79","7,909.13","-","-8.70%"
"01/09/1998","8,894.64","8,971.68","9,073.94","8,721.09","-","-3.89%"
"01/08/1998","9,254.53","9,553.41","9,579.55","8,928.86","-","-2.98%"
"01/07/1998","9,538.61","10,084.16","10,084.16","9,515.81","-","-5.89%"
"01/06/1998","10,135.51","10,212.37","10,212.37","10,056.41","-","-1.63%"
"01/05/1998","10,303.54","10,673.91","10,698.34","10,301.35","-","-3.53%"
"01/02/1998","10,680.57","10,743.68","10,822.67","10,594.06","-","-0.39%"
"12/31/1997","10,722.76","10,831.87","10,935.58","10,628.34","-","-0.30%"
"12/30/1997","10,755.21","10,593.01","10,767.55","10,593.01","-","2.40%"
"12/29/1997","10,502.99","10,350.29","10,556.47","10,350.29","-","1.55%"
"12/24/1997","10,342.44","10,288.01","10,376.20","10,250.79","-","-0.25%"
"12/23/1997","10,368.10","10,240.71","10,441.81","10,134.31","-","1.92%"
"12/22/1997","10,172.47","10,335.68","10,383.76","10,058.52","-","-2.24%"
"12/19/1997","10,405.81","10,573.51","10,573.51","10,352.68","-","-3.24%"
"12/18/1997","10,754.11","10,663.27","10,754.11","10,627.45","-","0.57%"
"12/17/1997","10,692.70","10,463.75","10,723.12","10,463.75","-","3.35%"
"12/16/1997","10,346.38","10,504.75","10,533.56","10,305.91","-","-0.85%"
"12/15/1997","10,435.15","10,599.38","10,665.94","10,346.22","-","-1.69%"
"12/12/1997","10,614.66","10,219.58","10,614.66","10,114.79","-","1.87%"
"12/11/1997","10,420.22","10,765.88","10,765.88","10,258.98","-","-5.46%"
"12/10/1997","11,022.41","11,419.72","11,419.72","11,022.41","-","-4.08%"
"12/09/1997","11,490.66","11,704.40","11,704.40","11,410.23","-","-1.98%"
"12/08/1997","11,722.94","11,613.01","11,842.73","11,573.06","-","1.69%"
"12/05/1997","11,527.60","11,589.90","11,638.27","11,401.08","-","0.46%"
"12/04/1997","11,474.94","11,209.47","11,494.37","11,183.37","-","2.39%"
"12/03/1997","11,207.58","11,193.75","11,297.63","11,014.02","-","-0.08%"
"12/02/1997","11,216.35","10,881.65","11,253.28","10,881.65","-","4.33%"
"12/01/1997","10,750.88","10,510.82","10,769.10","10,510.82","-","2.13%"
"11/28/1997","10,526.92","10,441.20","10,581.77","10,378.71","-","-0.53%"
"11/27/1997","10,583.10","10,621.03","10,636.72","10,385.14","-","-0.07%"
"11/26/1997","10,590.11","10,395.29","10,619.45","10,395.29","-","2.56%"
"11/25/1997","10,325.56","10,392.45","10,473.23","10,300.26","-","-2.46%"
"11/24/1997","10,586.36","10,647.27","10,674.82","10,462.82","-","0.36%"
"11/21/1997","10,548.20","10,308.02","10,602.50","10,300.19","-","4.95%"
"11/20/1997","10,050.68","10,117.27","10,229.01","9,977.95","-","-1.02%"
"11/19/1997","10,154.36","10,103.10","10,154.36","9,900.99","-","-0.89%"
"11/18/1997","10,245.18","10,501.87","10,501.87","10,188.63","-","-1.68%"
"11/17/1997","10,419.75","10,180.66","10,512.41","10,180.66","-","4.64%"
"11/14/1997","9,957.33","9,894.07","10,098.19","9,805.94","-","2.43%"
"11/13/1997","9,720.78","9,522.04","9,873.00","9,436.55","-","1.17%"
"11/12/1997","9,607.91","9,965.65","9,965.65","9,510.08","-","-3.96%"
"11/11/1997","10,004.13","10,006.17","10,251.65","9,967.42","-","0.11%"
"11/10/1997","9,992.84","9,920.64","10,181.38","9,836.10","-","-1.11%"
"11/07/1997","10,104.50","10,346.76","10,346.76","9,796.40","-","-2.96%"
"11/06/1997","10,412.56","10,777.51","10,812.34","10,364.89","-","-2.52%"
"11/05/1997","10,681.75","10,663.21","10,818.13","10,422.53","-","-0.92%"
"11/04/1997","10,780.78","11,543.86","11,660.97","10,747.47","-","-4.21%"
"11/03/1997","11,255.11","10,901.92","11,350.37","10,901.92","-","5.94%"
"10/31/1997","10,623.78","10,122.71","10,764.37","9,907.22","-","2.52%"
"10/30/1997","10,362.86","10,444.45","10,510.46","9,924.61","-","-3.74%"
"10/29/1997","10,765.30","10,130.47","10,765.30","10,130.47","-","18.82%"
"10/28/1997","9,059.89","9,649.06","9,649.06","8,775.88","-","-13.70%"
"10/27/1997","10,498.20","10,902.39","10,902.39","10,377.21","-","-5.80%"
"10/24/1997","11,144.34","10,226.84","11,147.82","10,187.90","-","6.89%"
"10/23/1997","10,426.30","11,083.24","11,203.42","9,766.72","-","-10.41%"
"10/22/1997","11,637.77","12,242.08","12,412.43","11,637.77","-","-6.17%"
"10/21/1997","12,403.10","13,052.05","13,052.05","12,353.12","-","-4.38%"
"10/20/1997","12,970.88","13,473.65","13,473.65","12,967.82","-","-4.63%"
"10/17/1997","13,601.01","13,475.70","13,748.98","13,270.40","-","0.25%"
"10/16/1997","13,567.26","13,317.16","13,574.70","13,142.35","-","1.37%"
"10/15/1997","13,384.24","13,785.78","13,785.78","13,148.15","-","-3.27%"
"10/14/1997","13,836.56","14,147.64","14,259.95","13,769.50","-","-1.68%"
"10/13/1997","14,072.90","14,242.93","14,242.93","13,886.64","-","-1.40%"
"10/09/1997","14,273.12","14,713.19","14,713.19","14,260.73","-","-3.81%"
"10/08/1997","14,838.52","14,795.21","14,959.48","14,734.98","-","0.19%"
"10/07/1997","14,810.76","14,762.34","14,903.31","14,627.06","-","0.23%"
"10/06/1997","14,776.78","15,190.52","15,242.65","14,776.78","-","-2.32%"
"10/03/1997","15,128.02","15,133.27","15,184.99","15,043.82","-","0.52%"
"09/30/1997","15,049.30","14,946.74","15,049.30","14,835.16","-","1.24%"
"09/29/1997","14,864.37","14,874.09","14,940.97","14,770.25","-","1.04%"
"09/26/1997","14,710.87","14,648.16","14,754.17","14,537.68","-","0.51%"
"09/25/1997","14,636.59","14,285.61","14,660.64","14,237.65","-","3.04%"
"09/24/1997","14,205.44","14,112.77","14,291.61","14,095.44","-","0.79%"
"09/23/1997","14,094.38","14,144.10","14,202.18","13,921.27","-","-0.10%"
"09/22/1997","14,108.08","14,385.13","14,385.13","14,015.75","-","-1.92%"
"09/19/1997","14,384.13","14,499.38","14,569.73","14,374.80","-","-0.24%"
"09/18/1997","14,419.45","14,511.99","14,528.02","14,034.22","-","0.06%"
"09/16/1997","14,411.19","14,600.64","14,607.11","14,358.55","-","-1.50%"
"09/15/1997","14,630.65","14,642.18","14,764.38","14,600.66","-","1.11%"
"09/12/1997","14,470.46","14,193.99","14,485.45","14,023.69","-","1.13%"
"09/11/1997","14,308.30","14,581.58","14,581.58","14,238.31","-","-3.36%"
"09/10/1997","14,805.44","15,031.58","15,042.87","14,746.92","-","-1.28%"
"09/09/1997","14,996.66","14,861.76","15,043.47","14,827.28","-","1.28%"
"09/08/1997","14,806.49","14,639.84","14,909.97","14,618.09","-","1.67%"
"09/05/1997","14,563.55","14,296.69","14,576.73","14,200.99","-","2.57%"
"09/04/1997","14,199.17","14,609.69","14,609.69","14,089.72","-","-3.50%"
"09/03/1997","14,713.99","14,334.83","14,713.99","14,287.08","-","7.13%"
"09/02/1997","13,735.33","13,777.29","13,810.84","12,899.81","-","2.31%"
"09/01/1997","13,425.65","14,112.01","14,203.11","13,425.65","-","-5.02%"
"08/29/1997","14,135.25","14,360.43","14,420.68","14,088.03","-","-4.98%"
"08/28/1997","14,876.10","15,590.12","15,607.98","14,820.26","-","-4.23%"
"08/27/1997","15,533.95","15,470.05","15,533.95","15,284.65","-","-0.09%"
"08/26/1997","15,547.22","15,617.73","15,704.08","15,500.01","-","-0.33%"
"08/25/1997","15,598.88","15,411.29","15,604.71","15,321.96","-","1.10%"
"08/22/1997","15,429.75","15,497.26","15,642.68","15,300.83","-","-1.43%"
"08/21/1997","15,654.03","15,921.59","16,184.30","15,628.53","-","-1.27%"
"08/20/1997","15,855.67","15,571.90","15,882.37","15,571.90","-","2.44%"
"08/19/1997","15,477.26","15,559.66","15,848.82","15,355.94","-","-3.85%"
"08/15/1997","16,096.88","16,503.62","16,555.51","16,002.90","-","-2.43%"
"08/14/1997","16,497.71","16,464.96","16,541.01","16,337.56","-","0.09%"
"08/13/1997","16,482.93","16,318.62","16,484.92","16,176.32","-","0.61%"
"08/12/1997","16,383.41","16,571.96","16,660.76","16,320.32","-","-0.47%"
"08/11/1997","16,460.47","16,449.18","16,478.11","16,328.72","-","-1.12%"
"08/08/1997","16,647.54","16,667.98","16,686.28","16,482.02","-","-0.15%"
"08/07/1997","16,673.27","16,682.96","16,820.31","16,615.42","-","0.80%"
"08/06/1997","16,541.60","16,418.19","16,600.59","16,401.99","-","1.04%"
"08/05/1997","16,371.52","16,423.14","16,482.74","16,305.78","-","0.69%"
"08/04/1997","16,259.59","16,342.03","16,430.26","16,166.68","-","-0.73%"
"08/01/1997","16,379.22","16,424.18","16,449.53","16,336.20","-","0.08%"
"07/31/1997","16,365.71","16,144.58","16,365.71","16,144.58","-","2.39%"
"07/30/1997","15,983.18","15,842.63","16,055.19","15,842.63","-","1.34%"
"07/29/1997","15,772.06","15,681.94","15,782.91","15,681.94","-","0.67%"
"07/28/1997","15,666.59","15,627.03","15,770.08","15,627.03","-","0.05%"
"07/25/1997","15,658.12","15,720.83","15,769.88","15,631.93","-","-0.33%"
"07/24/1997","15,709.23","15,801.87","15,880.57","15,691.37","-","-0.19%"
"07/23/1997","15,738.81","15,551.21","15,738.81","15,551.21","-","1.89%"
"07/22/1997","15,446.78","15,486.09","15,602.87","15,397.71","-","-0.58%"
"07/21/1997","15,536.30","15,424.43","15,710.55","15,370.42","-","-0.22%"
"07/18/1997","15,570.40","15,611.52","15,769.35","15,554.12","-","-0.87%"
"07/17/1997","15,706.29","15,606.27","15,783.27","15,552.23","-","1.69%"
"07/16/1997","15,446.02","15,577.90","15,635.52","15,392.47","-","-0.27%"
"07/15/1997","15,487.24","15,388.83","15,508.96","15,260.70","-","0.76%"
"07/14/1997","15,370.94","15,298.91","15,502.54","15,298.91","-","0.96%"
"07/11/1997","15,225.29","14,870.81","15,225.29","14,870.81","-","2.60%"
"07/10/1997","14,839.23","14,666.81","14,849.69","14,549.91","-","0.92%"
"07/09/1997","14,703.73","14,820.33","14,931.59","14,659.33","-","-0.60%"
"07/08/1997","14,792.17","14,847.03","14,876.13","14,686.15","-","-0.45%"
"07/07/1997","14,858.58","14,844.81","15,003.02","14,723.46","-","0.24%"
"07/04/1997","14,822.97","15,166.89","15,179.53","14,727.48","-","-1.55%"
"07/03/1997","15,055.74","15,345.99","15,363.61","15,035.91","-","-0.93%"
"06/27/1997","15,196.79","15,181.55","15,275.54","15,095.28","-","0.45%"
"06/26/1997","15,128.02","15,014.48","15,275.41","14,942.14","-","0.42%"
"06/25/1997","15,065.02","15,034.29","15,200.96","15,034.29","-","1.17%"
"06/24/1997","14,890.96","14,825.81","15,028.73","14,797.11","-","-0.87%"
"06/23/1997","15,021.23","15,148.50","15,322.33","14,993.72","-","-0.88%"
"06/20/1997","15,154.36","14,624.91","15,154.36","14,624.91","-","4.47%"
"06/19/1997","14,506.49","14,172.33","14,569.12","14,137.15","-","2.13%"
"06/18/1997","14,203.89","14,210.34","14,260.41","13,999.69","-","-0.72%"
"06/17/1997","14,307.15","14,372.88","14,434.77","14,284.34","-","-0.61%"
"06/16/1997","14,394.60","14,163.24","14,426.55","14,163.24","-","2.00%"
"06/13/1997","14,112.55","14,110.73","14,145.35","13,795.96","-","1.35%"
"06/12/1997","13,924.34","14,339.88","14,383.65","13,916.26","-","-3.45%"
"06/11/1997","14,421.52","14,422.43","14,575.16","14,213.95","-","-0.13%"
"06/10/1997","14,439.71","14,808.40","14,856.77","14,391.88","-","-1.47%"
"06/06/1997","14,655.13","14,833.41","14,975.02","14,609.16","-","-0.95%"
"06/05/1997","14,795.52","14,799.55","14,914.28","14,709.03","-","-0.24%"
"06/04/1997","14,831.58","14,764.67","14,979.76","14,755.27","-","0.48%"
"06/03/1997","14,760.17","14,935.59","15,020.96","14,607.18","-","-1.54%"
"06/02/1997","14,990.90","14,737.07","14,998.12","14,737.07","-","1.58%"
"05/30/1997","14,757.81","14,389.73","14,757.81","14,336.42","-","2.37%"
"05/29/1997","14,416.57","14,528.87","14,528.87","14,299.01","-","-0.96%"
"05/28/1997","14,556.48","14,555.78","14,688.47","14,534.42","-","0.11%"
"05/27/1997","14,540.16","14,588.69","14,618.36","14,505.94","-","-0.24%"
"05/26/1997","14,574.64","14,356.55","14,581.35","14,356.55","-","1.70%"
"05/23/1997","14,331.68","14,183.93","14,331.68","14,157.32","-","0.84%"
"05/22/1997","14,212.00","14,198.45","14,323.97","14,173.51","-","-0.17%"
"05/21/1997","14,235.52","14,323.18","14,398.55","14,207.92","-","-0.00%"
"05/20/1997","14,236.20","14,092.96","14,253.97","14,072.83","-","0.90%"
"05/19/1997","14,108.82","13,966.54","14,145.04","13,946.94","-","0.33%"
"05/16/1997","14,062.37","14,020.96","14,133.66","13,932.50","-","0.15%"
"05/15/1997","14,041.90","14,111.62","14,167.01","13,936.45","-","-0.79%"
"05/14/1997","14,153.58","13,912.02","14,153.58","13,830.23","-","1.78%"
"05/13/1997","13,906.46","14,007.79","14,019.03","13,875.89","-","-0.58%"
"05/12/1997","13,987.80","14,062.39","14,130.07","13,952.30","-","0.41%"
"05/09/1997","13,930.80","13,879.44","14,047.20","13,866.94","-","1.39%"
"05/08/1997","13,740.30","13,471.33","13,740.30","13,447.48","-","0.99%"
"05/07/1997","13,605.91","13,607.68","13,649.28","13,533.08","-","0.20%"
"05/06/1997","13,579.34","13,520.42","13,679.92","13,520.42","-","1.34%"
"05/05/1997","13,399.34","13,238.60","13,439.78","13,238.60","-","2.43%"
"05/02/1997","13,081.70","13,026.58","13,145.93","13,015.69","-","0.47%"
"05/01/1997","13,020.78","12,892.21","13,024.84","12,845.44","-","0.91%"
"04/30/1997","12,903.30","12,819.50","12,924.27","12,819.50","-","2.40%"
"04/29/1997","12,600.42","12,621.02","12,697.16","12,571.62","-","-0.08%"
"04/28/1997","12,610.17","12,645.11","12,649.18","12,565.85","-","-0.28%"
"04/25/1997","12,645.76","12,707.56","12,783.93","12,643.28","-","-0.64%"
"04/24/1997","12,726.83","12,688.01","12,729.06","12,610.71","-","0.16%"
"04/23/1997","12,707.04","12,703.46","12,758.28","12,687.00","-","1.00%"
"04/22/1997","12,580.85","12,614.59","12,648.31","12,533.73","-","-0.36%"
"04/21/1997","12,626.04","12,548.56","12,711.31","12,548.56","-","0.68%"
"04/18/1997","12,541.18","12,496.11","12,568.42","12,482.80","-","0.20%"
"04/17/1997","12,516.23","12,622.84","12,635.52","12,474.22","-","-0.52%"
"04/16/1997","12,581.31","12,485.94","12,613.86","12,485.94","-","1.94%"
"04/15/1997","12,342.02","12,332.84","12,392.73","12,315.36","-","0.37%"
"04/14/1997","12,295.97","12,347.30","12,396.04","12,264.76","-","-1.76%"
"04/11/1997","12,516.60","12,351.76","12,522.06","12,351.76","-","1.28%"
"04/10/1997","12,358.70","12,408.97","12,408.97","12,308.27","-","-0.55%"
"04/09/1997","12,426.68","12,418.09","12,451.46","12,353.10","-","0.23%"
"04/08/1997","12,398.57","12,316.50","12,398.57","12,286.49","-","0.90%"
"04/07/1997","12,287.84","12,244.93","12,359.17","12,244.93","-","0.68%"
"04/04/1997","12,204.59","12,059.95","12,213.52","12,059.95","-","1.24%"
"04/03/1997","12,055.17","12,036.36","12,270.66","12,013.51","-","-0.67%"
"04/02/1997","12,136.32","12,167.81","12,176.95","12,067.89","-","0.51%"
"04/01/1997","12,074.19","12,230.09","12,230.09","11,951.94","-","-3.67%"
"03/27/1997","12,534.32","12,779.73","12,779.73","12,463.32","-","-1.89%"
"03/26/1997","12,776.39","12,808.64","12,854.30","12,740.03","-","-0.44%"
"03/25/1997","12,832.53","12,834.72","12,914.89","12,784.60","-","0.65%"
"03/24/1997","12,749.14","12,493.00","12,749.14","12,493.00","-","2.08%"
"03/21/1997","12,489.30","12,381.25","12,548.18","12,331.63","-","0.14%"
"03/20/1997","12,472.33","12,659.85","12,737.53","12,460.46","-","-1.42%"
"03/19/1997","12,651.42","12,695.75","12,735.58","12,650.29","-","-0.76%"
"03/18/1997","12,748.91","12,842.95","12,842.95","12,687.44","-","-0.70%"
"03/17/1997","12,838.53","12,759.35","12,870.33","12,759.35","-","0.80%"
"03/14/1997","12,736.53","12,723.83","12,807.23","12,630.15","-","-1.40%"
"03/13/1997","12,917.09","13,056.25","13,056.25","12,877.06","-","-1.54%"
"03/12/1997","13,119.13","13,249.96","13,249.96","13,073.96","-","-1.00%"
"03/11/1997","13,252.20","13,304.36","13,342.46","13,220.11","-","-0.12%"
"03/10/1997","13,268.76","13,389.21","13,445.47","13,240.77","-","-0.51%"
"03/07/1997","13,337.35","13,424.71","13,424.71","13,304.24","-","-0.59%"
"03/06/1997","13,416.36","13,487.02","13,568.86","13,381.26","-","0.04%"
"03/05/1997","13,410.76","13,474.41","13,498.64","13,359.06","-","-0.29%"
"03/04/1997","13,450.08","13,433.47","13,497.61","13,405.20","-","-0.42%"
"03/03/1997","13,507.28","13,426.31","13,543.50","13,354.55","-","0.81%"
"02/28/1997","13,398.72","13,520.84","13,520.84","13,347.42","-","-1.09%"
"02/27/1997","13,546.60","13,455.15","13,561.68","13,425.83","-","0.04%"
"02/26/1997","13,541.83","13,541.44","13,610.43","13,524.43","-","0.16%"
"02/25/1997","13,520.26","13,431.93","13,539.38","13,384.85","-","1.08%"
"02/24/1997","13,375.69","13,437.73","13,446.99","13,347.78","-","-0.51%"
"02/21/1997","13,444.85","13,352.81","13,452.21","13,336.01","-","0.25%"
"02/20/1997","13,411.33","13,013.34","13,427.02","13,013.34","-","2.33%"
"02/19/1997","13,106.32","13,145.43","13,145.43","13,002.55","-","0.03%"
"02/18/1997","13,102.94","13,108.46","13,123.94","12,933.98","-","-0.32%"
"02/17/1997","13,144.62","13,153.70","13,256.51","13,126.55","-","0.24%"
"02/14/1997","13,113.26","13,215.76","13,215.76","12,962.15","-","-0.96%"
"02/13/1997","13,239.95","13,541.25","13,589.70","13,239.95","-","-1.65%"
"02/12/1997","13,462.61","13,478.76","13,497.87","13,364.08","-","0.06%"
"02/11/1997","13,454.21","13,617.94","13,617.94","13,380.02","-","-1.39%"
"02/10/1997","13,643.54","13,856.54","13,860.88","13,616.57","-","-0.12%"
"02/05/1997","13,660.50","13,567.28","13,660.50","13,541.16","-","0.83%"
"02/04/1997","13,548.43","13,468.93","13,563.91","13,435.46","-","0.72%"
"02/03/1997","13,451.07","13,340.70","13,499.47","13,340.70","-","0.97%"
"01/31/1997","13,321.79","13,355.78","13,432.73","13,292.46","-","0.25%"
"01/30/1997","13,288.40","13,353.83","13,405.54","13,250.55","-","0.02%"
"01/29/1997","13,285.43","13,438.31","13,486.82","13,182.47","-","-0.88%"
"01/28/1997","13,403.29","13,279.21","13,450.56","13,279.21","-","0.82%"
"01/27/1997","13,294.90","13,314.13","13,314.13","13,210.59","-","-0.63%"
"01/24/1997","13,379.55","13,471.54","13,493.51","13,362.01","-","-1.70%"
"01/23/1997","13,610.33","13,680.17","13,680.17","13,591.35","-","-0.60%"
"01/22/1997","13,692.79","13,800.33","13,898.27","13,674.80","-","-0.29%"
"01/21/1997","13,732.79","13,824.20","13,824.20","13,712.11","-","-0.98%"
"01/20/1997","13,868.24","13,928.70","13,994.86","13,828.74","-","0.09%"
"01/17/1997","13,856.40","13,879.21","13,977.54","13,794.40","-","0.19%"
"01/16/1997","13,830.68","13,749.69","14,004.93","13,684.32","-","0.47%"
"01/15/1997","13,766.65","13,407.42","13,771.54","13,407.42","-","3.56%"
"01/14/1997","13,293.87","13,280.16","13,327.97","13,215.56","-","0.04%"
"01/13/1997","13,289.21","13,165.21","13,310.30","13,103.94","-","0.74%"
"01/10/1997","13,191.50","13,290.33","13,335.54","13,133.10","-","-0.05%"
"01/09/1997","13,198.11","13,411.97","13,411.97","13,086.17","-","-1.91%"
"01/08/1997","13,454.93","13,442.08","13,501.19","13,432.84","-","0.26%"
"01/07/1997","13,420.16","13,515.56","13,564.60","13,371.78","-","-0.18%"
"01/06/1997","13,443.93","13,282.33","13,443.93","13,282.33","-","1.67%"
"01/03/1997","13,222.79","13,173.34","13,241.24","13,147.26","-","0.15%"
"01/02/1997","13,203.44","13,362.50","13,362.50","13,200.23","-","-1.84%"
"12/31/1996","13,451.45","13,489.08","13,489.08","13,364.35","-","-0.22%"
"12/30/1996","13,480.75","13,406.97","13,503.18","13,371.44","-","0.57%"
"12/27/1996","13,404.14","13,366.26","13,451.16","13,362.21","-","0.47%"
"12/24/1996","13,341.61","13,333.96","13,414.00","13,278.06","-","0.08%"
"12/23/1996","13,331.48","13,133.19","13,361.24","13,103.16","-","1.52%"
"12/20/1996","13,131.41","12,979.29","13,145.35","12,979.29","-","2.22%"
"12/19/1996","12,846.56","12,808.00","12,881.54","12,781.32","-","0.63%"
"12/18/1996","12,766.02","12,843.45","12,942.63","12,762.62","-","-0.39%"
"12/17/1996","12,815.37","12,864.43","12,864.43","12,747.91","-","-0.94%"
"12/16/1996","12,937.48","12,814.36","12,937.48","12,801.38","-","1.20%"
"12/13/1996","12,784.07","12,892.01","12,892.01","12,736.40","-","-2.06%"
"12/12/1996","13,053.28","13,048.28","13,125.81","13,031.23","-","-1.03%"
"12/11/1996","13,189.60","13,357.66","13,473.26","13,125.93","-","-1.15%"
"12/10/1996","13,342.46","13,237.72","13,360.45","13,237.72","-","1.51%"
"12/09/1996","13,144.23","13,194.49","13,225.99","12,980.54","-","0.32%"
"12/06/1996","13,102.73","13,466.02","13,466.02","12,870.06","-","-2.88%"
"12/05/1996","13,491.56","13,427.21","13,525.44","13,416.09","-","0.43%"
"12/04/1996","13,434.24","13,406.03","13,435.24","13,344.80","-","-0.16%"
"12/03/1996","13,456.26","13,493.81","13,522.54","13,422.10","-","-0.45%"
"12/02/1996","13,517.56","13,446.72","13,517.56","13,446.72","-","0.92%"
"11/29/1996","13,393.93","13,312.05","13,447.67","13,291.56","-","0.62%"
"11/28/1996","13,310.76","13,672.21","13,744.30","13,300.08","-","-1.63%"
"11/27/1996","13,530.95","13,463.23","13,530.95","13,347.62","-","0.34%"
"11/26/1996","13,485.33","13,310.70","13,495.38","13,310.70","-","1.86%"
"11/25/1996","13,239.39","13,172.40","13,261.25","13,138.81","-","0.93%"
"11/22/1996","13,116.79","13,142.36","13,189.28","13,044.69","-","0.13%"
"11/21/1996","13,099.56","13,162.74","13,237.73","13,028.03","-","-0.51%"
"11/20/1996","13,167.16","13,112.80","13,229.15","13,112.80","-","0.84%"
"11/19/1996","13,056.93","13,031.62","13,183.01","13,006.07","-","0.11%"
"11/18/1996","13,042.80","12,899.30","13,094.42","12,850.17","-","1.19%"
"11/15/1996","12,889.37","13,020.05","13,054.91","12,887.52","-","-0.89%"
"11/14/1996","13,004.80","12,939.42","13,009.74","12,911.62","-","0.47%"
"11/13/1996","12,943.69","12,819.76","12,951.85","12,819.76","-","1.07%"
"11/12/1996","12,806.31","12,778.54","12,817.95","12,731.27","-","0.27%"
"11/11/1996","12,771.86","12,743.07","12,816.42","12,670.67","-","0.16%"
"11/08/1996","12,751.16","12,721.51","12,776.49","12,667.71","-","0.12%"
"11/07/1996","12,735.26","12,820.91","12,898.30","12,730.72","-","-0.31%"
"11/06/1996","12,775.47","12,552.53","12,779.11","12,472.75","-","2.18%"
"11/05/1996","12,502.70","12,566.74","12,616.37","12,502.70","-","-0.45%"
"11/04/1996","12,559.40","12,537.84","12,582.70","12,518.80","-","0.24%"
"11/01/1996","12,529.27","12,503.13","12,562.12","12,494.48","-","0.41%"
"10/31/1996","12,477.56","12,414.45","12,496.57","12,377.88","-","0.58%"
"10/30/1996","12,405.47","12,209.26","12,428.16","12,209.26","-","1.75%"
"10/29/1996","12,192.17","12,229.33","12,244.83","12,172.84","-","-0.58%"
"10/28/1996","12,262.77","12,370.78","12,380.38","12,244.93","-","-1.01%"
"10/25/1996","12,388.38","12,410.93","12,420.36","12,343.27","-","-0.68%"
"10/24/1996","12,473.56","12,475.22","12,535.19","12,431.18","-","-0.15%"
"10/23/1996","12,492.37","12,418.45","12,492.37","12,367.95","-","0.38%"
"10/22/1996","12,444.66","12,532.49","12,542.31","12,423.17","-","-0.52%"
"10/18/1996","12,510.05","12,473.49","12,543.79","12,469.40","-","0.59%"
"10/17/1996","12,436.80","12,394.78","12,461.71","12,325.75","-","0.33%"
"10/16/1996","12,396.18","12,517.30","12,602.34","12,370.44","-","-0.76%"
"10/15/1996","12,490.70","12,352.09","12,490.70","12,337.56","-","1.30%"
"10/14/1996","12,330.35","12,275.12","12,354.74","12,274.47","-","0.92%"
"10/11/1996","12,218.40","12,235.62","12,288.95","12,201.12","-","-0.20%"
"10/10/1996","12,242.47","12,264.25","12,398.28","12,231.73","-","-0.07%"
"10/09/1996","12,250.57","12,094.26","12,250.57","12,059.93","-","1.19%"
"10/08/1996","12,106.76","12,127.75","12,179.04","12,103.57","-","-0.22%"
"10/07/1996","12,133.07","12,013.63","12,153.46","12,013.63","-","1.91%"
"10/04/1996","11,905.51","11,984.99","11,993.99","11,881.59","-","-0.91%"
"10/03/1996","12,014.56","11,981.30","12,022.38","11,938.29","-","0.52%"
"10/02/1996","11,951.88","11,932.62","11,956.16","11,859.46","-","0.26%"
"10/01/1996","11,921.22","11,916.73","11,930.16","11,857.43","-","0.16%"
"09/30/1996","11,902.43","11,783.26","11,906.02","11,778.10","-","1.22%"
"09/27/1996","11,759.39","11,728.52","11,788.41","11,690.51","-","1.06%"
"09/26/1996","11,636.13","11,635.59","11,668.70","11,594.58","-","0.28%"
"09/25/1996","11,603.53","11,527.03","11,653.36","11,512.84","-","0.49%"
"09/24/1996","11,546.70","11,586.60","11,615.45","11,538.76","-","-0.65%"
"09/23/1996","11,622.13","11,600.79","11,684.00","11,600.79","-","0.26%"
"09/20/1996","11,592.36","11,600.76","11,642.54","11,558.40","-","0.05%"
"09/19/1996","11,586.68","11,574.48","11,586.68","11,534.22","-","-0.06%"
"09/18/1996","11,594.03","11,601.92","11,625.90","11,523.12","-","-0.24%"
"09/17/1996","11,621.61","11,613.46","11,645.35","11,559.38","-","0.46%"
"09/16/1996","11,567.90","11,484.97","11,584.27","11,484.97","-","1.75%"
"09/13/1996","11,369.04","11,256.85","11,371.27","11,255.32","-","1.04%"
"09/12/1996","11,251.72","11,256.29","11,292.24","11,221.75","-","0.14%"
"09/11/1996","11,236.36","11,224.49","11,266.13","11,180.12","-","0.11%"
"09/10/1996","11,223.62","11,262.11","11,334.40","11,215.08","-","0.10%"
"09/09/1996","11,212.60","11,051.45","11,214.97","11,051.45","-","1.70%"
"09/06/1996","11,025.59","11,010.08","11,025.59","10,930.37","-","-0.14%"
"09/05/1996","11,040.51","11,079.85","11,101.63","11,017.21","-","-0.33%"
"09/04/1996","11,076.95","10,990.89","11,087.38","10,990.89","-","1.09%"
"09/03/1996","10,957.18","11,099.00","11,135.67","10,937.58","-","-1.35%"
"09/02/1996","11,106.57","11,123.67","11,123.67","11,046.82","-","-0.47%"
"08/30/1996","11,159.02","11,283.17","11,283.17","11,153.11","-","-1.49%"
"08/29/1996","11,328.21","11,397.79","11,451.37","11,328.21","-","-0.45%"
"08/28/1996","11,379.49","11,325.59","11,379.49","11,295.53","-","0.36%"
"08/27/1996","11,338.93","11,390.51","11,390.51","11,305.25","-","-0.75%"
"08/23/1996","11,424.64","11,491.77","11,494.33","11,390.33","-","-0.47%"
"08/22/1996","11,478.77","11,428.69","11,478.77","11,386.62","-","0.37%"
"08/21/1996","11,436.50","11,348.69","11,436.50","11,334.75","-","1.10%"
"08/20/1996","11,312.51","11,219.06","11,312.51","11,219.06","-","0.88%"
"08/19/1996","11,213.48","11,174.90","11,263.09","11,174.90","-","0.34%"
"08/16/1996","11,175.98","11,159.00","11,195.07","11,130.99","-","0.16%"
"08/15/1996","11,158.39","11,178.38","11,212.37","11,130.88","-","-0.08%"
"08/14/1996","11,166.77","11,127.44","11,172.82","11,096.27","-","0.01%"
"08/13/1996","11,165.67","11,186.01","11,260.99","11,152.31","-","-0.14%"
"08/12/1996","11,181.88","11,101.98","11,212.33","11,098.91","-","0.70%"
"08/09/1996","11,104.03","11,162.38","11,162.38","11,072.84","-","-0.54%"
"08/08/1996","11,164.36","11,135.96","11,178.75","11,135.96","-","0.33%"
"08/07/1996","11,127.54","11,097.77","11,154.64","11,051.17","-","-0.06%"
"08/06/1996","11,134.60","11,193.23","11,218.21","11,052.41","-","0.57%"
"08/05/1996","11,071.43","11,071.41","11,127.94","11,037.19","-","1.00%"
"08/02/1996","10,961.97","10,845.49","10,966.56","10,845.49","-","1.60%"
"08/01/1996","10,789.87","10,705.98","10,794.35","10,705.98","-","1.02%"
"07/31/1996","10,681.42","10,610.62","10,681.42","10,574.20","-","0.90%"
"07/30/1996","10,585.86","10,639.79","10,639.79","10,533.70","-","-0.62%"
"07/29/1996","10,651.80","10,722.50","10,752.65","10,623.91","-","-0.50%"
"07/26/1996","10,705.57","10,750.59","10,802.37","10,673.72","-","-0.01%"
"07/25/1996","10,706.97","10,710.75","10,757.32","10,683.92","-","0.07%"
"07/24/1996","10,699.86","10,875.52","10,880.08","10,655.33","-","-1.52%"
"07/23/1996","10,865.31","10,799.97","10,875.28","10,742.19","-","0.62%"
"07/22/1996","10,798.29","10,838.38","10,852.56","10,768.95","-","-0.43%"
"07/19/1996","10,845.30","10,792.67","10,867.99","10,785.15","-","1.25%"
"07/18/1996","10,711.24","10,618.38","10,738.26","10,618.38","-","0.96%"
"07/17/1996","10,609.10","10,652.71","10,734.59","10,595.90","-","-0.18%"
"07/16/1996","10,627.98","10,675.84","10,675.84","10,564.33","-","-1.59%"
"07/15/1996","10,800.13","10,797.25","10,860.35","10,797.25","-","-0.02%"
"07/12/1996","10,802.68","10,860.21","10,860.21","10,764.33","-","-1.09%"
"07/11/1996","10,921.35","10,926.93","10,943.92","10,892.59","-","0.09%"
"07/10/1996","10,911.76","10,951.67","10,992.91","10,909.06","-","-0.16%"
"07/09/1996","10,929.63","10,887.74","10,942.33","10,872.45","-","0.36%"
"07/08/1996","10,890.05","11,044.37","11,044.37","10,844.91","-","-2.57%"
"07/05/1996","11,177.13","11,192.92","11,211.05","11,132.67","-","-0.04%"
"07/04/1996","11,181.82","11,063.08","11,181.82","11,063.08","-","1.07%"
"07/03/1996","11,063.28","11,082.79","11,090.72","11,030.85","-","-0.19%"
"07/02/1996","11,084.43","11,052.07","11,087.52","11,029.70","-","0.74%"
"07/01/1996","11,002.61","11,036.50","11,081.77","10,979.44","-","-0.17%"
"06/28/1996","11,020.90","11,002.45","11,057.12","10,993.80","-","0.17%"
"06/27/1996","11,002.45","11,054.13","11,054.13","10,947.73","-","-0.52%"
"06/26/1996","11,059.92","10,974.64","11,074.52","10,960.59","-","0.70%"
"06/25/1996","10,982.77","10,976.14","11,033.44","10,972.19","-","0.21%"
"06/24/1996","10,959.72","10,869.83","10,966.99","10,841.84","-","0.96%"
"06/21/1996","10,855.29","10,904.01","10,914.34","10,799.17","-","-0.45%"
"06/19/1996","10,904.47","10,942.66","10,953.78","10,871.21","-","-0.44%"
"06/18/1996","10,952.78","10,881.51","10,972.20","10,881.51","-","0.81%"
"06/14/1996","10,864.99","10,865.97","10,929.03","10,842.47","-","-0.01%"
"06/13/1996","10,866.02","10,940.43","10,940.43","10,806.29","-","-0.85%"
"06/12/1996","10,958.67","11,000.70","11,000.70","10,913.77","-","-0.32%"
"06/11/1996","10,993.55","11,132.42","11,132.42","10,977.34","-","-1.34%"
"06/10/1996","11,143.24","11,154.85","11,186.09","11,116.73","-","-0.48%"
"06/07/1996","11,196.55","11,214.25","11,215.73","11,158.12","-","-0.26%"
"06/06/1996","11,225.83","11,103.33","11,225.83","11,103.33","-","1.20%"
"06/05/1996","11,092.51","11,101.54","11,140.21","11,055.90","-","0.05%"
"06/04/1996","11,086.91","11,059.39","11,102.18","11,029.47","-","0.25%"
"06/03/1996","11,059.81","11,252.96","11,252.96","11,052.34","-","-1.82%"
"05/31/1996","11,264.73","11,160.81","11,264.73","11,160.81","-","0.96%"
"05/30/1996","11,157.07","11,168.12","11,170.79","11,097.48","-","-0.39%"
"05/29/1996","11,200.56","11,085.37","11,200.56","11,068.07","-","0.84%"
"05/28/1996","11,107.02","11,082.97","11,123.98","11,049.14","-","0.23%"
"05/27/1996","11,081.69","11,018.39","11,106.26","11,018.39","-","0.57%"
"05/24/1996","11,019.16","11,021.79","11,058.35","10,995.39","-","-0.11%"
"05/23/1996","11,030.84","11,105.73","11,156.63","11,030.84","-","-0.47%"
"05/22/1996","11,082.79","11,073.26","11,162.64","11,051.58","-","-0.05%"
"05/21/1996","11,088.77","11,052.76","11,121.91","11,052.76","-","0.92%"
"05/20/1996","10,987.59","10,871.14","11,010.83","10,871.14","-","1.58%"
"05/17/1996","10,816.85","10,831.09","10,870.94","10,805.73","-","-0.15%"
"05/16/1996","10,833.41","10,844.30","10,875.78","10,812.72","-","-0.28%"
"05/15/1996","10,863.83","10,848.26","10,916.55","10,848.26","-","0.42%"
"05/14/1996","10,817.88","10,758.82","10,825.12","10,758.82","-","0.67%"
"05/13/1996","10,746.00","10,651.94","10,751.02","10,651.94","-","1.40%"
"05/10/1996","10,597.73","10,575.32","10,639.36","10,575.32","-","0.23%"
"05/09/1996","10,573.00","10,646.47","10,693.13","10,537.71","-","-0.42%"
"05/08/1996","10,617.32","10,651.62","10,651.62","10,569.26","-","-0.79%"
"05/07/1996","10,702.17","10,688.46","10,732.02","10,664.99","-","0.04%"
"05/06/1996","10,697.54","10,722.71","10,747.62","10,649.90","-","-0.34%"
"05/03/1996","10,734.24","10,798.11","10,798.11","10,701.26","-","-1.79%"
"05/02/1996","10,929.90","10,902.54","10,948.39","10,891.61","-","0.21%"
"05/01/1996","10,907.01","10,954.64","10,971.18","10,891.65","-","-0.52%"
"04/30/1996","10,964.53","10,840.52","10,964.53","10,800.06","-","1.19%"
"04/29/1996","10,835.75","10,747.87","10,877.79","10,747.87","-","0.96%"
"04/26/1996","10,732.79","10,752.34","10,796.13","10,712.69","-","-0.19%"
"04/25/1996","10,753.38","10,870.64","10,870.64","10,740.22","-","-1.33%"
"04/24/1996","10,898.69","10,894.28","10,931.33","10,878.48","-","0.09%"
"04/23/1996","10,889.05","10,932.15","10,960.72","10,840.11","-","-0.19%"
"04/22/1996","10,909.98","10,835.59","10,989.24","10,835.59","-","0.85%"
"04/19/1996","10,818.49","10,890.29","10,890.29","10,786.65","-","-0.83%"
"04/18/1996","10,909.29","10,907.74","10,923.07","10,867.87","-","-0.49%"
"04/17/1996","10,962.69","11,033.17","11,036.94","10,959.14","-","-0.64%"
"04/16/1996","11,032.98","10,983.95","11,083.75","10,983.95","-","0.76%"
"04/15/1996","10,949.57","10,909.35","10,964.35","10,889.85","-","0.92%"
"04/12/1996","10,849.80","10,907.29","10,907.29","10,805.93","-","-0.39%"
"04/11/1996","10,892.57","11,007.23","11,007.23","10,872.24","-","-1.67%"
"04/10/1996","11,077.55","11,085.67","11,166.93","11,043.27","-","-0.27%"
"04/09/1996","11,107.37","11,004.32","11,119.02","10,912.32","-","-0.29%"
"04/03/1996","11,139.88","11,150.32","11,213.50","11,114.98","-","-0.04%"
"04/02/1996","11,144.64","10,965.65","11,144.64","10,965.65","-","1.99%"
"04/01/1996","10,926.84","10,944.96","11,012.51","10,887.76","-","-0.28%"
"03/29/1996","10,957.20","11,022.07","11,070.43","10,934.04","-","-0.67%"
"03/28/1996","11,030.58","11,074.01","11,102.62","11,014.50","-","-0.33%"
"03/27/1996","11,066.57","10,985.21","11,066.57","10,955.94","-","0.75%"
"03/26/1996","10,984.47","11,114.08","11,215.11","10,959.12","-","-1.15%"
"03/25/1996","11,111.76","11,021.50","11,165.07","11,021.50","-","0.77%"
"03/22/1996","11,026.73","11,021.17","11,072.13","10,976.84","-","-0.01%"
"03/21/1996","11,027.96","10,811.59","11,027.96","10,774.83","-","1.77%"
"03/20/1996","10,836.53","10,859.55","10,923.33","10,779.81","-","-0.40%"
"03/19/1996","10,880.50","10,683.22","10,883.44","10,683.22","-","2.63%"
"03/18/1996","10,601.28","10,517.84","10,659.26","10,484.49","-","0.41%"
"03/15/1996","10,557.58","10,522.61","10,648.55","10,522.42","-","1.01%"
"03/14/1996","10,451.75","10,290.01","10,451.93","10,239.50","-","1.97%"
"03/13/1996","10,249.48","10,417.75","10,417.75","10,230.54","-","-3.33%"
"03/12/1996","10,602.45","10,642.71","10,737.07","10,565.42","-","1.97%"
"03/11/1996","10,397.45","10,883.66","10,883.66","10,308.82","-","-7.31%"
"03/08/1996","11,217.79","11,201.24","11,261.71","11,153.73","-","0.21%"
"03/07/1996","11,194.48","11,373.69","11,373.69","11,171.91","-","-1.62%"
"03/06/1996","11,378.73","11,451.28","11,451.28","11,345.50","-","-0.66%"
"03/05/1996","11,454.08","11,286.23","11,459.77","11,279.79","-","1.78%"
"03/04/1996","11,254.05","11,256.60","11,311.95","11,222.88","-","0.53%"
"03/01/1996","11,194.94","11,098.79","11,197.08","11,040.01","-","0.62%"
"02/29/1996","11,125.68","11,270.31","11,316.00","11,039.12","-","-1.23%"
"02/28/1996","11,264.65","11,219.22","11,288.09","11,195.02","-","0.60%"
"02/27/1996","11,197.02","11,160.92","11,260.70","11,107.75","-","-0.12%"
"02/26/1996","11,210.42","11,380.51","11,380.51","11,172.91","-","-1.58%"
"02/23/1996","11,390.41","11,391.50","11,449.73","11,251.95","-","0.46%"
"02/22/1996","11,338.45","11,539.56","11,539.56","11,312.61","-","-2.21%"
"02/16/1996","11,594.99","11,484.48","11,600.22","11,484.48","-","1.07%"
"02/15/1996","11,471.81","11,363.46","11,518.80","11,358.16","-","0.94%"
"02/14/1996","11,364.46","11,194.86","11,390.48","11,184.20","-","1.47%"
"02/13/1996","11,200.19","11,264.36","11,357.61","11,187.84","-","-0.50%"
"02/12/1996","11,256.59","11,305.36","11,315.01","11,232.84","-","-0.47%"
"02/09/1996","11,310.28","11,338.97","11,404.85","11,300.50","-","-0.19%"
"02/08/1996","11,331.77","11,385.02","11,389.60","11,260.10","-","-0.50%"
"02/07/1996","11,388.59","11,297.63","11,423.13","11,279.54","-","-0.02%"
"02/06/1996","11,391.38","11,470.03","11,470.03","11,361.76","-","-0.81%"
"02/05/1996","11,484.12","11,486.38","11,521.06","11,424.70","-","0.13%"
"02/02/1996","11,469.40","11,369.87","11,495.73","11,308.73","-","0.94%"
"02/01/1996","11,362.80","11,352.41","11,385.42","11,278.70","-","0.03%"
"01/31/1996","11,359.70","11,313.20","11,411.14","11,281.60","-","1.41%"
"01/30/1996","11,201.46","11,053.32","11,213.41","11,013.55","-","1.29%"
"01/29/1996","11,058.97","11,118.59","11,122.80","11,013.01","-","-0.48%"
"01/26/1996","11,111.87","11,074.65","11,131.26","11,011.16","-","0.08%"
"01/25/1996","11,103.08","11,010.97","11,153.86","11,010.97","-","1.30%"
"01/24/1996","10,960.21","10,939.49","10,992.58","10,894.49","-","0.03%"
"01/23/1996","10,957.22","10,963.08","10,988.66","10,857.23","-","0.02%"
"01/22/1996","10,955.33","10,835.81","10,955.33","10,835.81","-","1.78%"
"01/19/1996","10,764.09","10,606.82","10,769.19","10,606.82","-","2.16%"
"01/18/1996","10,536.49","10,549.87","10,614.78","10,510.62","-","-0.54%"
"01/17/1996","10,593.82","10,732.75","10,745.21","10,565.23","-","-0.72%"
"01/16/1996","10,671.15","10,639.31","10,673.49","10,559.47","-","0.34%"
"01/15/1996","10,634.50","10,550.84","10,657.31","10,550.84","-","0.90%"
"01/12/1996","10,540.01","10,493.96","10,633.68","10,447.23","-","1.06%"
"01/11/1996","10,429.82","10,228.95","10,435.60","10,196.00","-","1.21%"
"01/10/1996","10,304.63","10,330.02","10,388.38","10,285.06","-","-1.18%"
"01/09/1996","10,427.20","10,462.89","10,520.76","10,386.54","-","-0.38%"
"01/08/1996","10,466.67","10,549.10","10,617.98","10,463.72","-","-0.60%"
"01/05/1996","10,529.90","10,470.37","10,591.43","10,417.65","-","-0.42%"
"01/04/1996","10,573.90","10,506.56","10,654.78","10,506.56","-","1.70%"
"01/03/1996","10,397.44","10,252.05","10,397.44","10,252.05","-","1.89%"
"01/02/1996","10,204.87","10,070.79","10,204.87","10,070.79","-","1.31%"
"12/29/1995","10,073.39","9,998.17","10,073.39","9,990.13","-","0.75%"
"12/28/1995","9,998.17","9,950.85","9,999.10","9,873.78","-","0.13%"
"12/27/1995","9,985.23","9,957.80","10,006.69","9,957.80","-","0.53%"
"12/22/1995","9,932.20","9,916.64","9,948.97","9,907.81","-","0.25%"
"12/21/1995","9,907.61","9,873.06","9,928.41","9,838.73","-","0.30%"
"12/20/1995","9,877.86","9,750.82","9,877.86","9,750.82","-","1.77%"
"12/19/1995","9,705.86","9,691.80","9,715.54","9,647.74","-","-1.03%"
"12/18/1995","9,806.58","9,852.20","9,852.20","9,765.26","-","-0.53%"
"12/15/1995","9,858.65","9,903.35","9,903.35","9,815.71","-","-0.55%"
"12/14/1995","9,912.84","9,931.08","9,931.08","9,875.59","-","-0.08%"
"12/13/1995","9,920.88","9,927.39","9,969.63","9,903.26","-","-0.07%"
"12/12/1995","9,927.79","9,846.38","9,947.65","9,840.87","-","0.94%"
"12/11/1995","9,835.17","9,868.49","9,868.49","9,814.66","-","-0.29%"
"12/08/1995","9,863.61","9,842.64","9,878.78","9,795.82","-","-0.00%"
"12/07/1995","9,863.98","9,893.74","9,893.74","9,771.44","-","-0.35%"
"12/06/1995","9,898.89","9,990.15","9,990.15","9,867.37","-","-0.77%"
"12/05/1995","9,975.37","10,022.83","10,063.14","9,917.32","-","0.35%"
"12/04/1995","9,940.63","9,889.92","9,971.68","9,889.92","-","0.79%"
"12/01/1995","9,862.55","9,832.23","9,920.87","9,829.28","-","0.50%"
"11/30/1995","9,813.34","9,622.00","9,831.10","9,622.00","-","2.04%"
"11/29/1995","9,617.32","9,623.41","9,648.84","9,579.74","-","-0.07%"
"11/28/1995","9,623.79","9,542.48","9,628.19","9,542.48","-","1.05%"
"11/27/1995","9,523.87","9,502.50","9,553.78","9,487.67","-","0.37%"
"11/24/1995","9,488.75","9,494.64","9,498.19","9,432.18","-","-0.18%"
"11/23/1995","9,505.67","9,535.78","9,565.14","9,482.13","-","0.04%"
"11/22/1995","9,501.61","9,483.88","9,570.34","9,479.82","-","0.52%"
"11/21/1995","9,452.09","9,388.56","9,452.61","9,310.87","-","0.83%"
"11/20/1995","9,373.91","9,298.52","9,373.91","9,269.99","-","0.93%"
"11/17/1995","9,287.90","9,384.85","9,414.88","9,259.33","-","-0.85%"
"11/16/1995","9,367.65","9,438.30","9,505.02","9,345.22","-","-0.68%"
"11/15/1995","9,431.38","9,416.86","9,471.64","9,389.23","-","0.26%"
"11/14/1995","9,407.37","9,395.23","9,438.55","9,313.40","-","0.24%"
"11/13/1995","9,385.22","9,404.21","9,470.55","9,348.38","-","-0.28%"
"11/10/1995","9,411.85","9,476.95","9,484.55","9,388.18","-","-0.91%"
"11/09/1995","9,497.83","9,609.82","9,655.59","9,480.32","-","-0.68%"
"11/08/1995","9,562.45","9,696.72","9,696.72","9,522.54","-","-1.75%"
"11/07/1995","9,732.41","9,720.41","9,759.45","9,686.48","-","-0.04%"
"11/06/1995","9,736.10","9,856.13","9,882.44","9,733.02","-","-1.21%"
"11/03/1995","9,855.80","9,781.80","9,855.80","9,781.80","-","1.09%"
"11/02/1995","9,749.36","9,789.58","9,804.97","9,731.75","-","-0.34%"
"10/31/1995","9,782.39","9,655.45","9,787.45","9,655.45","-","1.14%"
"10/30/1995","9,672.39","9,701.26","9,810.42","9,672.39","-","-0.09%"
"10/27/1995","9,680.75","9,714.35","9,719.96","9,665.66","-","-0.96%"
"10/26/1995","9,774.48","9,810.07","9,810.07","9,749.29","-","-0.68%"
"10/25/1995","9,841.06","9,792.21","9,860.59","9,792.21","-","0.67%"
"10/24/1995","9,775.66","9,812.08","9,826.85","9,763.66","-","-1.06%"
"10/23/1995","9,880.53","9,883.10","9,883.10","9,796.03","-","-0.15%"
"10/20/1995","9,895.24","9,994.13","10,031.46","9,875.36","-","-0.87%"
"10/19/1995","9,981.61","9,964.80","10,025.38","9,937.54","-","0.08%"
"10/18/1995","9,973.70","10,045.69","10,056.69","9,957.99","-","-0.59%"
"10/17/1995","10,032.93","10,005.77","10,032.93","9,945.49","-","0.24%"
"10/16/1995","10,009.28","9,982.40","10,069.17","9,982.40","-","1.27%"
"10/13/1995","9,883.78","9,708.50","9,883.78","9,708.50","-","2.05%"
"10/12/1995","9,685.14","9,648.17","9,710.34","9,648.17","-","0.52%"
"10/11/1995","9,635.06","9,686.03","9,756.87","9,627.46","-","-0.99%"
"10/10/1995","9,730.92","9,804.04","9,804.04","9,724.69","-","-1.34%"
"10/09/1995","9,863.44","9,864.43","9,871.86","9,815.88","-","-0.11%"
"10/06/1995","9,873.90","9,900.50","9,920.25","9,832.24","-","-0.14%"
"10/05/1995","9,888.04","9,948.76","9,962.56","9,875.43","-","-0.52%"
"10/04/1995","9,939.95","9,824.12","9,948.33","9,824.12","-","1.37%"
"10/03/1995","9,805.46","9,724.10","9,815.54","9,721.08","-","0.83%"
"10/02/1995","9,724.98","9,645.31","9,763.87","9,642.55","-","0.82%"
"09/29/1995","9,646.34","9,602.09","9,646.34","9,550.43","-","0.48%"
"09/28/1995","9,600.56","9,629.87","9,674.26","9,584.53","-","-0.52%"
"09/27/1995","9,650.60","9,585.47","9,659.56","9,583.35","-","0.70%"
"09/26/1995","9,583.34","9,492.41","9,583.34","9,492.41","-","0.90%"
"09/25/1995","9,497.88","9,509.60","9,509.60","9,449.72","-","-0.46%"
"09/22/1995","9,541.87","9,505.33","9,569.66","9,448.66","-","0.06%"
"09/21/1995","9,536.27","9,637.51","9,662.59","9,530.31","-","-0.98%"
"09/20/1995","9,630.96","9,622.53","9,684.58","9,597.87","-","-0.16%"
"09/19/1995","9,646.14","9,696.70","9,696.70","9,633.76","-","-1.27%"
"09/18/1995","9,770.05","9,806.06","9,834.36","9,734.68","-","-0.28%"
"09/15/1995","9,797.40","9,710.91","9,797.40","9,700.41","-","1.21%"
"09/14/1995","9,680.10","9,636.34","9,724.58","9,636.34","-","1.03%"
"09/13/1995","9,581.36","9,482.11","9,614.15","9,482.11","-","1.55%"
"09/12/1995","9,434.81","9,430.98","9,470.72","9,390.38","-","-0.04%"
"09/11/1995","9,438.95","9,421.40","9,492.98","9,389.74","-","0.49%"
"09/08/1995","9,393.21","9,282.95","9,395.46","9,262.59","-","1.23%"
"09/07/1995","9,278.99","9,200.27","9,298.35","9,164.95","-","0.92%"
"09/06/1995","9,194.68","9,220.53","9,275.04","9,170.21","-","-0.31%"
"09/05/1995","9,222.91","9,251.26","9,252.43","9,179.44","-","-0.32%"
"09/04/1995","9,252.95","9,209.76","9,282.81","9,209.76","-","0.61%"
"09/01/1995","9,196.47","9,185.83","9,214.21","9,136.31","-","0.18%"
"08/31/1995","9,179.86","9,196.34","9,197.61","9,126.56","-","-0.19%"
"08/30/1995","9,197.21","9,155.64","9,211.65","9,155.64","-","0.48%"
"08/29/1995","9,152.89","9,080.97","9,198.39","9,080.97","-","0.80%"
"08/25/1995","9,080.39","9,065.96","9,104.59","9,038.40","-","0.24%"
"08/24/1995","9,058.34","9,118.22","9,118.22","9,022.23","-","-0.81%"
"08/23/1995","9,132.64","8,953.91","9,133.41","8,953.43","-","2.07%"
"08/22/1995","8,947.19","8,913.56","8,958.11","8,907.39","-","0.52%"
"08/21/1995","8,900.48","8,914.85","8,931.53","8,774.97","-","0.05%"
"08/18/1995","8,895.82","8,882.98","8,900.14","8,815.88","-","-0.01%"
"08/17/1995","8,896.66","8,986.71","9,033.62","8,896.66","-","-0.98%"
"08/16/1995","8,985.05","8,913.27","9,054.34","8,878.83","-","0.60%"
"08/15/1995","8,931.31","8,943.69","9,003.46","8,910.48","-","0.08%"
"08/14/1995","8,924.27","8,978.10","8,989.81","8,887.98","-","-0.92%"
"08/11/1995","9,006.93","9,113.22","9,113.22","8,952.60","-","-1.48%"
"08/10/1995","9,142.55","9,315.10","9,331.82","9,132.60","-","-1.71%"
"08/09/1995","9,301.65","9,289.56","9,312.02","9,244.92","-","-0.02%"
"08/08/1995","9,303.82","9,339.24","9,402.08","9,301.86","-","-0.16%"
"08/07/1995","9,318.40","9,348.47","9,350.16","9,305.23","-","-0.47%"
"08/04/1995","9,362.83","9,371.19","9,389.66","9,341.92","-","-0.18%"
"08/03/1995","9,379.72","9,423.70","9,461.80","9,379.72","-","-0.32%"
"08/02/1995","9,410.14","9,360.99","9,410.18","9,286.99","-","0.26%"
"08/01/1995","9,385.27","9,436.05","9,441.13","9,356.49","-","-0.72%"
"07/31/1995","9,453.42","9,435.53","9,465.20","9,434.70","-","0.02%"
"07/28/1995","9,451.69","9,371.75","9,466.06","9,371.75","-","0.97%"
"07/27/1995","9,361.33","9,358.19","9,391.82","9,297.04","-","0.07%"
"07/26/1995","9,354.95","9,393.77","9,454.94","9,316.92","-","-0.04%"
"07/25/1995","9,359.10","9,297.91","9,413.23","9,269.38","-","0.77%"
"07/24/1995","9,288.04","9,386.85","9,386.85","9,248.43","-","-1.30%"
"07/21/1995","9,410.23","9,432.78","9,439.09","9,374.13","-","-0.14%"
"07/20/1995","9,423.20","9,359.23","9,423.20","9,240.09","-","0.05%"
"07/19/1995","9,418.91","9,537.04","9,537.04","9,370.14","-","-2.06%"
"07/18/1995","9,616.98","9,648.92","9,679.35","9,614.61","-","-0.18%"
"07/17/1995","9,633.98","9,686.84","9,686.84","9,598.21","-","-0.97%"
"07/14/1995","9,727.96","9,735.79","9,744.93","9,691.98","-","-0.15%"
"07/13/1995","9,742.44","9,701.65","9,820.81","9,701.65","-","1.07%"
"07/12/1995","9,639.62","9,646.32","9,699.90","9,620.02","-","-0.31%"
"07/11/1995","9,669.97","9,712.90","9,732.13","9,639.36","-","-0.59%"
"07/10/1995","9,727.54","9,704.50","9,772.27","9,675.86","-","0.99%"
"07/07/1995","9,632.25","9,461.32","9,640.63","9,461.32","-","2.72%"
"07/06/1995","9,376.87","9,446.20","9,519.78","9,342.64","-","-0.32%"
"07/05/1995","9,407.27","9,190.52","9,410.25","9,190.52","-","2.45%"
"07/04/1995","9,182.47","9,143.01","9,184.78","9,134.15","-","0.48%"
"07/03/1995","9,138.21","9,208.33","9,213.04","9,110.70","-","-0.74%"
"06/30/1995","9,206.54","9,192.87","9,237.28","9,166.58","-","0.07%"
"06/29/1995","9,200.13","9,153.15","9,215.46","9,153.15","-","0.53%"
"06/28/1995","9,151.37","9,199.97","9,213.77","9,143.98","-","-0.52%"
"06/27/1995","9,199.54","9,159.22","9,206.83","9,105.01","-","-0.02%"
"06/26/1995","9,201.25","9,223.91","9,223.91","9,156.89","-","-0.25%"
"06/23/1995","9,224.36","9,204.58","9,263.93","9,204.58","-","0.71%"
"06/22/1995","9,158.95","9,243.62","9,243.62","9,123.94","-","-0.92%"
"06/21/1995","9,243.65","9,261.33","9,285.85","9,232.84","-","-0.38%"
"06/20/1995","9,278.69","9,362.08","9,414.24","9,273.64","-","-0.38%"
"06/16/1995","9,313.95","9,264.40","9,367.69","9,260.67","-","0.56%"
"06/15/1995","9,262.00","9,354.02","9,354.02","9,252.46","-","-1.10%"
"06/14/1995","9,364.77","9,185.92","9,364.77","9,185.92","-","2.87%"
"06/13/1995","9,103.17","9,132.00","9,201.02","9,103.17","-","-0.20%"
"06/12/1995","9,121.45","9,221.84","9,221.84","9,065.77","-","-1.58%"
"06/09/1995","9,267.62","9,300.42","9,305.29","9,216.13","-","-0.27%"
"06/08/1995","9,292.78","9,305.75","9,312.99","9,194.71","-","-0.96%"
"06/07/1995","9,382.58","9,494.60","9,494.60","9,347.07","-","-1.21%"
"06/06/1995","9,497.83","9,608.21","9,657.07","9,485.90","-","-0.76%"
"06/05/1995","9,570.37","9,561.89","9,676.10","9,549.00","-","0.11%"
"06/01/1995","9,559.74","9,546.96","9,625.35","9,546.96","-","1.62%"
"05/31/1995","9,407.38","9,248.12","9,448.05","9,248.12","-","1.75%"
"05/30/1995","9,245.30","9,317.34","9,324.51","9,237.30","-","-0.76%"
"05/29/1995","9,316.17","9,302.09","9,316.17","9,174.86","-","-0.14%"
"05/26/1995","9,329.18","9,387.73","9,387.73","9,301.88","-","-0.65%"
"05/25/1995","9,390.60","9,259.80","9,408.37","9,243.00","-","1.43%"
"05/24/1995","9,258.18","9,344.76","9,404.78","9,257.81","-","-0.48%"
"05/23/1995","9,302.86","9,112.25","9,334.38","9,112.25","-","2.69%"
"05/22/1995","9,058.74","9,014.93","9,060.65","8,987.47","-","0.50%"
"05/19/1995","9,013.32","9,002.19","9,023.70","8,891.28","-","-1.12%"
"05/18/1995","9,115.72","9,146.48","9,146.48","9,069.25","-","-0.59%"
"05/17/1995","9,170.24","9,146.79","9,194.06","9,079.66","-","0.09%"
"05/16/1995","9,162.32","9,176.79","9,317.26","9,161.91","-","-0.30%"
"05/15/1995","9,189.79","9,216.91","9,276.72","9,080.05","-","-0.30%"
"05/12/1995","9,217.83","9,068.42","9,299.09","9,065.23","-","2.13%"
"05/11/1995","9,025.66","8,858.72","9,025.66","8,858.72","-","2.59%"
"05/10/1995","8,797.87","8,604.88","8,807.48","8,604.88","-","2.61%"
"05/09/1995","8,574.08","8,521.46","8,590.81","8,497.78","-","1.01%"
"05/08/1995","8,488.36","8,321.76","8,489.04","8,316.64","-","1.87%"
"05/05/1995","8,332.17","8,307.88","8,340.40","8,224.48","-","0.15%"
"05/04/1995","8,319.75","8,317.93","8,370.69","8,317.93","-","0.24%"
"05/03/1995","8,299.67","8,229.37","8,316.99","8,229.37","-","1.07%"
"05/02/1995","8,212.11","8,225.45","8,252.83","8,095.35","-","-0.17%"
"05/01/1995","8,226.04","8,351.15","8,351.15","8,215.22","-","-1.61%"
"04/28/1995","8,361.03","8,312.98","8,364.51","8,236.63","-","0.59%"
"04/27/1995","8,312.29","8,271.59","8,355.43","8,218.74","-","0.32%"
"04/26/1995","8,285.69","8,489.49","8,489.49","8,188.98","-","-2.59%"
"04/25/1995","8,505.60","8,633.29","8,633.29","8,501.10","-","-1.39%"
"04/24/1995","8,625.55","8,658.29","8,695.66","8,593.42","-","-0.23%"
"04/21/1995","8,645.39","8,640.30","8,670.85","8,602.46","-","0.16%"
"04/20/1995","8,631.37","8,590.97","8,676.38","8,590.97","-","0.55%"
"04/19/1995","8,583.91","8,629.07","8,629.07","8,557.07","-","-0.71%"
"04/18/1995","8,644.97","8,662.48","8,697.35","8,628.33","-","-0.20%"
"04/13/1995","8,661.99","8,532.57","8,662.93","8,532.57","-","1.79%"
"04/12/1995","8,509.69","8,514.13","8,517.28","8,454.23","-","-0.06%"
"04/11/1995","8,514.60","8,470.02","8,537.01","8,462.37","-","0.53%"
"04/10/1995","8,469.78","8,471.69","8,501.80","8,422.04","-","-0.01%"
"04/07/1995","8,470.28","8,426.92","8,483.37","8,389.29","-","0.62%"
"04/06/1995","8,418.18","8,526.41","8,553.19","8,413.32","-","-0.87%"
"04/04/1995","8,491.93","8,428.91","8,502.42","8,401.06","-","1.09%"
"04/03/1995","8,400.44","8,514.06","8,514.06","8,362.20","-","-2.18%"
"03/31/1995","8,587.72","8,718.77","8,743.38","8,577.52","-","-0.96%"
"03/30/1995","8,670.73","8,748.97","8,751.20","8,670.73","-","-0.71%"
"03/29/1995","8,732.75","8,795.27","8,795.27","8,698.66","-","-1.08%"
"03/28/1995","8,827.93","8,699.99","8,849.51","8,664.97","-","1.62%"
"03/27/1995","8,687.54","8,574.31","8,715.16","8,574.31","-","2.39%"
"03/24/1995","8,484.66","8,462.64","8,489.18","8,416.58","-","0.20%"
"03/23/1995","8,467.67","8,504.67","8,509.74","8,435.56","-","-0.49%"
"03/22/1995","8,509.11","8,569.91","8,569.91","8,462.81","-","-0.83%"
"03/21/1995","8,580.31","8,622.96","8,659.00","8,540.06","-","-0.16%"
"03/20/1995","8,594.43","8,528.54","8,594.43","8,501.24","-","0.70%"
"03/17/1995","8,534.71","8,428.39","8,563.20","8,428.39","-","2.24%"
"03/16/1995","8,347.75","8,355.55","8,406.13","8,316.79","-","-0.21%"
"03/15/1995","8,365.21","8,156.84","8,380.39","8,156.84","-","3.34%"
"03/14/1995","8,094.58","8,099.15","8,109.60","8,040.50","-","-0.21%"
"03/13/1995","8,111.27","8,021.78","8,123.34","8,021.78","-","2.04%"
"03/10/1995","7,949.39","8,076.35","8,076.35","7,936.89","-","-1.58%"
"03/09/1995","8,076.79","7,983.54","8,076.79","7,973.14","-","1.85%"
"03/08/1995","7,929.99","8,068.52","8,068.52","7,905.75","-","-2.56%"
"03/07/1995","8,138.66","8,065.90","8,159.23","8,060.57","-","0.55%"
"03/06/1995","8,093.91","8,175.73","8,175.73","8,079.10","-","-1.11%"
"03/03/1995","8,185.15","8,224.15","8,224.15","8,115.45","-","-0.83%"
"03/02/1995","8,253.33","8,308.86","8,348.85","8,233.88","-","-0.53%"
"03/01/1995","8,296.96","8,337.74","8,369.88","8,225.40","-","-0.37%"
"02/28/1995","8,327.52","8,170.08","8,339.91","8,168.55","-","2.47%"
"02/27/1995","8,126.65","8,094.96","8,146.38","8,006.89","-","-1.12%"
"02/24/1995","8,218.95","8,096.74","8,236.31","8,096.74","-","3.04%"
"02/23/1995","7,976.41","7,933.95","8,033.83","7,907.16","-","0.85%"
"02/22/1995","7,909.27","8,104.31","8,135.64","7,877.11","-","-2.14%"
"02/21/1995","8,082.29","7,899.86","8,082.29","7,899.86","-","2.22%"
"02/20/1995","7,906.74","8,013.22","8,013.22","7,853.10","-","-1.69%"
"02/17/1995","8,043.01","8,111.04","8,159.43","8,003.89","-","-1.11%"
"02/16/1995","8,133.34","8,189.89","8,339.57","8,119.75","-","0.37%"
"02/15/1995","8,103.14","7,857.70","8,103.14","7,838.42","-","3.06%"
"02/14/1995","7,862.67","7,964.77","7,964.77","7,809.63","-","-1.41%"
"02/13/1995","7,974.82","8,010.66","8,018.48","7,941.01","-","-0.47%"
"02/10/1995","8,012.82","8,079.91","8,173.64","8,000.78","-","-0.52%"
"02/09/1995","8,054.88","7,914.62","8,084.47","7,871.67","-","1.51%"
"02/08/1995","7,934.83","7,978.11","7,978.11","7,851.50","-","-0.86%"
"02/07/1995","8,004.01","7,927.11","8,146.81","7,927.11","-","1.34%"
"02/06/1995","7,897.80","7,531.69","7,918.46","7,531.69","-","5.60%"
"02/03/1995","7,478.92","7,383.67","7,542.08","7,383.67","-","1.86%"
"01/30/1995","7,342.65","7,287.52","7,343.63","7,267.39","-","0.62%"
"01/27/1995","7,297.12","7,300.65","7,349.50","7,209.23","-","-0.18%"
"01/26/1995","7,310.53","7,275.32","7,371.75","7,256.82","-","0.96%"
"01/25/1995","7,240.72","7,034.25","7,252.32","7,034.25","-","3.10%"
"01/24/1995","7,022.90","6,970.63","7,035.81","6,908.57","-","0.79%"
"01/23/1995","6,967.93","7,243.10","7,243.10","6,890.08","-","-4.26%"
"01/20/1995","7,278.10","7,329.55","7,329.55","7,210.92","-","-1.94%"
"01/19/1995","7,422.00","7,623.12","7,623.12","7,419.18","-","-2.73%"
"01/18/1995","7,630.20","7,577.87","7,644.68","7,530.79","-","0.31%"
"01/17/1995","7,606.51","7,556.67","7,642.32","7,546.24","-","1.36%"
"01/16/1995","7,504.24","7,316.82","7,519.53","7,316.82","-","3.47%"
"01/13/1995","7,252.34","7,400.81","7,400.81","7,138.27","-","-2.23%"
"01/12/1995","7,418.05","7,427.19","7,527.05","7,394.78","-","0.34%"
"01/11/1995","7,392.75","7,610.79","7,726.06","7,389.18","-","-1.98%"
"01/10/1995","7,541.72","7,490.58","7,543.44","7,365.06","-","0.17%"
"01/09/1995","7,528.88","7,678.64","7,678.64","7,515.85","-","-2.01%"
"01/06/1995","7,683.25","7,904.91","7,904.91","7,628.16","-","-2.97%"
"01/05/1995","7,918.38","7,908.00","7,923.76","7,842.63","-","0.40%"
"01/04/1995","7,887.01","7,857.28","7,900.41","7,773.14","-","0.55%"
"01/03/1995","7,844.14","8,190.42","8,190.42","7,833.65","-","-4.24%"
"12/30/1994","8,191.04","8,194.36","8,273.52","8,187.93","-","-0.06%"
"12/29/1994","8,196.02","8,222.16","8,222.16","8,106.56","-","-0.87%"
"12/28/1994","8,268.22","8,316.23","8,354.77","8,268.22","-","-0.53%"
"12/23/1994","8,311.88","8,419.14","8,419.92","8,280.55","-","-1.20%"
"12/22/1994","8,412.66","8,410.35","8,460.35","8,379.20","-","0.97%"
"12/21/1994","8,331.56","8,273.75","8,336.07","8,230.32","-","0.78%"
"12/20/1994","8,267.33","8,164.36","8,267.33","8,079.17","-","1.09%"
"12/19/1994","8,178.34","8,223.70","8,326.78","8,170.33","-","0.15%"
"12/16/1994","8,166.39","8,261.29","8,263.90","8,141.16","-","-1.13%"
"12/15/1994","8,259.56","8,076.34","8,263.39","8,076.34","-","3.28%"
"12/14/1994","7,997.35","7,857.61","8,029.56","7,857.61","-","1.88%"
"12/13/1994","7,849.75","7,742.30","7,863.01","7,742.30","-","1.84%"
"12/12/1994","7,707.78","7,797.61","7,894.21","7,670.83","-","-1.04%"
"12/09/1994","7,789.07","7,944.76","7,944.76","7,723.43","-","-3.46%"
"12/08/1994","8,068.31","8,240.13","8,240.13","8,062.63","-","-2.42%"
"12/07/1994","8,268.50","8,298.86","8,347.88","8,231.09","-","-0.77%"
"12/06/1994","8,332.65","8,296.08","8,366.53","8,170.19","-","0.36%"
"12/05/1994","8,302.53","8,289.47","8,375.08","8,289.47","-","0.98%"
"12/02/1994","8,221.57","8,361.07","8,361.07","8,135.64","-","-2.48%"
"12/01/1994","8,430.80","8,465.24","8,555.26","8,409.44","-","-0.42%"
"11/30/1994","8,466.26","8,636.86","8,636.86","8,428.57","-","-2.22%"
"11/29/1994","8,658.26","8,669.26","8,701.35","8,633.45","-","-0.05%"
"11/28/1994","8,662.37","8,676.05","8,751.18","8,625.72","-","0.04%"
"11/25/1994","8,658.83","8,648.42","8,687.01","8,610.53","-","0.13%"
"11/24/1994","8,647.86","8,635.97","8,758.47","8,634.48","-","0.84%"
"11/23/1994","8,576.03","8,757.85","8,757.85","8,379.88","-","-4.16%"
"11/22/1994","8,948.43","9,235.63","9,235.63","8,930.10","-","-3.81%"
"11/21/1994","9,303.24","9,406.52","9,406.52","9,274.08","-","-1.32%"
"11/18/1994","9,427.44","9,507.84","9,507.84","9,373.69","-","-0.95%"
"11/17/1994","9,518.28","9,595.43","9,620.32","9,511.18","-","-0.77%"
"11/16/1994","9,592.24","9,587.31","9,592.24","9,504.10","-","0.28%"
"11/15/1994","9,565.66","9,385.33","9,570.63","9,385.33","-","1.99%"
"11/14/1994","9,378.92","9,363.44","9,397.42","9,334.89","-","0.12%"
"11/11/1994","9,367.85","9,391.21","9,391.21","9,332.30","-","-0.24%"
"11/10/1994","9,390.76","9,412.11","9,412.24","9,372.93","-","-0.16%"
"11/09/1994","9,405.48","9,399.64","9,435.43","9,356.92","-","-0.11%"
"11/08/1994","9,416.09","9,441.47","9,449.28","9,402.17","-","-0.19%"
"11/07/1994","9,434.31","9,513.95","9,513.95","9,414.34","-","-1.01%"
"11/04/1994","9,530.40","9,533.36","9,600.10","9,495.35","-","0.40%"
"11/03/1994","9,491.96","9,441.53","9,551.35","9,441.53","-","0.43%"
"11/02/1994","9,451.76","9,500.92","9,514.00","9,429.73","-","-1.27%"
"11/01/1994","9,573.40","9,651.34","9,675.51","9,566.49","-","-0.76%"
"10/31/1994","9,646.25","9,445.96","9,651.03","9,445.96","-","2.84%"
"10/28/1994","9,379.47","9,326.13","9,383.12","9,276.95","-","0.80%"
"10/27/1994","9,304.58","9,256.21","9,341.40","9,256.21","-","0.56%"
"10/26/1994","9,252.44","9,234.12","9,273.86","9,208.34","-","0.06%"
"10/25/1994","9,246.50","9,335.28","9,335.28","9,243.59","-","-1.26%"
"10/24/1994","9,364.29","9,298.79","9,364.29","9,209.70","-","0.28%"
"10/21/1994","9,338.59","9,377.00","9,377.00","9,291.08","-","-0.53%"
"10/20/1994","9,388.78","9,317.47","9,396.34","9,315.69","-","0.74%"
"10/19/1994","9,320.06","9,420.27","9,420.27","9,317.66","-","-1.05%"
"10/18/1994","9,418.57","9,451.32","9,453.08","9,391.15","-","-0.40%"
"10/17/1994","9,455.94","9,550.93","9,579.18","9,453.15","-","-0.99%"
"10/14/1994","9,550.93","9,617.93","9,659.99","9,492.82","-","0.19%"
"10/12/1994","9,532.35","9,459.05","9,549.22","9,459.05","-","1.82%"
"10/11/1994","9,362.32","9,271.13","9,392.53","9,271.13","-","1.23%"
"10/10/1994","9,248.40","9,291.81","9,338.80","9,186.59","-","-0.39%"
"10/07/1994","9,284.88","9,273.86","9,306.21","9,194.40","-","0.09%"
"10/06/1994","9,276.25","9,258.44","9,313.93","9,230.62","-","-0.24%"
"10/05/1994","9,298.36","9,453.23","9,453.23","9,292.23","-","-2.16%"
"10/04/1994","9,504.12","9,482.42","9,547.78","9,464.05","-","0.12%"
"10/03/1994","9,492.49","9,516.11","9,541.72","9,453.72","-","-0.30%"
"09/30/1994","9,521.24","9,674.39","9,674.39","9,495.25","-","-1.85%"
"09/29/1994","9,700.21","9,720.60","9,817.51","9,687.06","-","0.07%"
"09/28/1994","9,693.49","9,617.74","9,747.45","9,617.74","-","0.87%"
"09/27/1994","9,610.24","9,637.81","9,647.61","9,577.28","-","-0.35%"
"09/26/1994","9,643.63","9,638.43","9,700.92","9,632.51","-","0.12%"
"09/23/1994","9,632.47","9,657.81","9,687.67","9,620.73","-","-0.37%"
"09/22/1994","9,668.14","9,733.43","9,733.43","9,581.88","-","-1.59%"
"09/20/1994","9,824.75","9,811.49","9,857.99","9,797.14","-","0.24%"
"09/19/1994","9,801.43","9,920.32","9,920.32","9,786.66","-","-1.68%"
"09/16/1994","9,968.52","9,903.78","9,968.52","9,882.51","-","1.07%"
"09/15/1994","9,862.64","9,812.80","9,862.88","9,782.71","-","0.16%"
"09/14/1994","9,846.40","9,963.83","10,021.55","9,845.07","-","-0.91%"
"09/13/1994","9,937.01","9,891.31","9,950.93","9,825.31","-","0.47%"
"09/12/1994","9,890.37","10,013.34","10,013.34","9,856.11","-","-2.51%"
"09/09/1994","10,145.02","10,170.17","10,280.46","10,142.35","-","-0.06%"
"09/08/1994","10,150.98","10,166.33","10,207.21","10,105.79","-","-0.15%"
"09/07/1994","10,165.87","10,032.37","10,229.70","10,032.37","-","1.29%"
"09/06/1994","10,035.97","9,961.65","10,035.97","9,885.56","-","0.74%"
"09/05/1994","9,962.04","9,910.21","10,064.86","9,910.21","-","0.61%"
"09/02/1994","9,901.56","9,881.26","9,936.20","9,846.24","-","0.11%"
"09/01/1994","9,890.90","9,922.85","10,018.65","9,830.02","-","-0.39%"
"08/31/1994","9,929.39","9,708.65","9,929.39","9,708.65","-","2.51%"
"08/30/1994","9,686.56","9,450.02","9,688.38","9,450.02","-","3.06%"
"08/26/1994","9,399.08","9,392.25","9,435.76","9,330.25","-","0.67%"
"08/25/1994","9,336.11","9,300.48","9,387.75","9,300.48","-","1.05%"
"08/24/1994","9,238.69","9,215.21","9,248.24","9,130.07","-","0.05%"
"08/23/1994","9,234.06","9,449.91","9,449.91","9,234.06","-","-2.36%"
"08/22/1994","9,457.33","9,406.96","9,461.68","9,372.89","-","0.56%"
"08/19/1994","9,404.44","9,508.43","9,508.43","9,353.01","-","-1.20%"
"08/18/1994","9,518.89","9,561.09","9,582.76","9,509.46","-","-0.20%"
"08/17/1994","9,537.98","9,361.44","9,585.06","9,361.44","-","1.83%"
"08/16/1994","9,366.62","9,444.30","9,444.30","9,340.02","-","-1.26%"
"08/15/1994","9,486.13","9,482.42","9,544.47","9,458.03","-","0.23%"
"08/12/1994","9,464.56","9,486.25","9,486.25","9,423.89","-","-0.63%"
"08/11/1994","9,524.54","9,584.97","9,607.03","9,509.14","-","-0.97%"
"08/10/1994","9,618.08","9,496.83","9,619.60","9,475.16","-","1.82%"
"08/09/1994","9,446.43","9,533.18","9,561.45","9,406.06","-","-0.96%"
"08/08/1994","9,537.87","9,602.21","9,631.77","9,534.65","-","-0.67%"
"08/05/1994","9,602.21","9,628.83","9,630.79","9,562.41","-","-0.42%"
"08/04/1994","9,642.85","9,576.69","9,686.07","9,508.73","-","0.59%"
"08/03/1994","9,585.89","9,781.40","9,795.88","9,583.40","-","-1.13%"
"08/02/1994","9,695.03","9,698.99","9,749.70","9,628.64","-","0.12%"
"08/01/1994","9,683.68","9,510.45","9,743.34","9,510.45","-","2.12%"
"07/29/1994","9,482.81","9,449.32","9,525.18","9,438.41","-","0.85%"
"07/28/1994","9,402.66","9,427.43","9,541.65","9,398.89","-","0.01%"
"07/27/1994","9,402.18","9,203.01","9,412.99","9,203.01","-","2.26%"
"07/26/1994","9,194.36","9,177.27","9,257.46","9,117.02","-","0.22%"
"07/25/1994","9,174.62","9,165.28","9,236.42","9,165.28","-","0.24%"
"07/22/1994","9,152.99","9,129.62","9,202.31","9,077.92","-","0.39%"
"07/21/1994","9,117.66","9,149.02","9,149.02","9,028.55","-","-0.77%"
"07/20/1994","9,188.82","9,149.79","9,322.72","9,149.79","-","0.48%"
"07/19/1994","9,145.01","9,191.75","9,197.04","9,091.67","-","-0.53%"
"07/18/1994","9,193.83","9,149.09","9,228.50","9,131.54","-","0.84%"
"07/15/1994","9,117.02","8,863.83","9,140.84","8,863.83","-","3.51%"
"07/14/1994","8,808.28","8,864.82","8,944.31","8,790.79","-","-0.23%"
"07/13/1994","8,828.91","8,606.51","8,828.91","8,606.51","-","2.76%"
"07/12/1994","8,591.45","8,407.36","8,608.12","8,398.43","-","2.34%"
"07/11/1994","8,394.94","8,427.93","8,463.81","8,387.61","-","-0.45%"
"07/08/1994","8,432.96","8,489.25","8,489.52","8,424.47","-","-0.68%"
"07/07/1994","8,490.86","8,458.03","8,500.46","8,298.03","-","0.43%"
"07/06/1994","8,454.92","8,625.53","8,633.59","8,449.36","-","-1.95%"
"07/05/1994","8,623.19","8,631.94","8,661.91","8,616.82","-","-0.06%"
"07/04/1994","8,628.28","8,636.56","8,685.67","8,604.34","-","-0.07%"
"07/01/1994","8,634.37","8,730.98","8,730.98","8,508.93","-","-1.42%"
"06/30/1994","8,758.41","8,640.70","8,843.68","8,640.70","-","1.37%"
"06/29/1994","8,640.31","8,636.06","8,656.87","8,461.61","-","-0.38%"
"06/28/1994","8,673.49","8,723.88","8,777.58","8,673.49","-","0.30%"
"06/27/1994","8,647.48","8,793.99","8,793.99","8,640.88","-","-2.63%"
"06/24/1994","8,881.00","8,960.73","9,052.92","8,881.00","-","-0.96%"
"06/23/1994","8,966.79","8,899.88","9,050.77","8,899.88","-","1.01%"
"06/22/1994","8,876.84","8,822.29","8,911.77","8,746.80","-","0.22%"
"06/21/1994","8,857.78","8,930.77","8,930.77","8,793.04","-","-1.56%"
"06/20/1994","8,998.18","9,077.10","9,077.10","8,962.36","-","-1.27%"
"06/17/1994","9,113.96","9,009.79","9,113.96","8,884.35","-","1.01%"
"06/16/1994","9,022.92","9,174.97","9,189.83","9,020.00","-","-1.38%"
"06/15/1994","9,149.52","9,099.71","9,184.42","9,091.34","-","0.42%"
"06/10/1994","9,111.16","9,183.48","9,183.48","8,927.27","-","-0.86%"
"06/09/1994","9,190.64","9,304.13","9,327.31","9,190.64","-","-1.08%"
"06/08/1994","9,291.18","9,250.94","9,334.73","9,193.89","-","0.47%"
"06/07/1994","9,247.88","9,385.50","9,461.14","9,205.50","-","-1.44%"
"06/06/1994","9,383.03","9,231.07","9,416.51","9,231.07","-","1.61%"
"06/03/1994","9,234.27","9,186.82","9,266.54","9,149.23","-","0.13%"
"06/02/1994","9,222.34","9,406.91","9,406.91","9,216.97","-","-3.05%"
"06/01/1994","9,512.07","9,542.31","9,598.10","9,497.99","-","-0.43%"
"05/31/1994","9,553.56","9,495.93","9,568.78","9,478.94","-","0.31%"
"05/30/1994","9,523.63","9,405.78","9,577.67","9,381.47","-","0.56%"
"05/27/1994","9,470.13","9,516.96","9,575.13","9,362.46","-","-0.12%"
"05/26/1994","9,481.71","9,473.70","9,656.15","9,442.12","-","-0.42%"
"05/25/1994","9,521.37","9,497.50","9,664.07","9,497.50","-","0.33%"
"05/24/1994","9,490.11","9,541.71","9,547.23","9,433.03","-","-1.04%"
"05/23/1994","9,589.78","9,605.09","9,773.23","9,584.30","-","-0.43%"
"05/20/1994","9,631.63","9,404.96","9,674.81","9,404.96","-","2.96%"
"05/19/1994","9,354.98","9,467.21","9,484.14","9,307.45","-","-1.28%"
"05/18/1994","9,476.64","9,201.49","9,477.33","9,201.49","-","4.78%"
"05/17/1994","9,044.70","9,236.54","9,285.22","9,040.74","-","-2.26%"
"05/16/1994","9,253.41","9,117.65","9,276.62","9,107.87","-","1.30%"
"05/13/1994","9,134.72","8,959.61","9,146.33","8,959.61","-","2.88%"
"05/12/1994","8,878.86","8,886.36","8,954.14","8,795.73","-","-0.31%"
"05/11/1994","8,906.16","8,672.10","8,943.50","8,672.10","-","4.29%"
"05/10/1994","8,540.09","8,353.85","8,540.09","8,289.37","-","1.41%"
"05/09/1994","8,421.70","8,581.39","8,581.39","8,348.96","-","-2.30%"
"05/06/1994","8,620.27","8,503.87","8,660.42","8,503.87","-","2.47%"
"05/05/1994","8,412.88","8,336.60","8,451.71","8,249.20","-","0.52%"
"05/04/1994","8,369.44","8,678.65","8,678.65","8,359.41","-","-3.57%"
"05/03/1994","8,679.13","8,797.69","8,822.28","8,572.79","-","-1.37%"
"05/02/1994","8,799.70","8,937.79","8,940.99","8,777.68","-","-1.86%"
"04/29/1994","8,966.07","9,133.20","9,133.20","8,943.30","-","-2.15%"
"04/28/1994","9,163.09","9,111.89","9,173.49","9,013.82","-","0.55%"
"04/27/1994","9,113.25","9,324.22","9,324.22","9,107.31","-","-2.31%"
"04/26/1994","9,328.64","9,198.89","9,337.28","9,171.87","-","2.11%"
"04/25/1994","9,136.11","9,152.80","9,198.47","9,068.26","-","-0.23%"
"04/22/1994","9,156.85","9,023.03","9,236.54","9,023.03","-","2.49%"
"04/21/1994","8,934.59","9,152.86","9,152.86","8,860.51","-","-3.11%"
"04/20/1994","9,221.01","9,306.12","9,325.25","9,221.01","-","-0.89%"
"04/19/1994","9,303.91","9,379.59","9,379.59","9,203.09","-","-2.13%"
"04/18/1994","9,506.84","9,526.04","9,568.27","9,415.53","-","-0.31%"
"04/15/1994","9,536.06","9,600.34","9,672.53","9,518.77","-","-0.67%"
"04/14/1994","9,600.63","9,733.17","9,753.99","9,597.01","-","-1.57%"
"04/13/1994","9,753.76","9,769.88","9,905.83","9,702.90","-","0.16%"
"04/12/1994","9,738.09","9,522.86","9,802.46","9,522.86","-","2.76%"
"04/11/1994","9,476.77","9,284.90","9,485.51","9,266.42","-","1.92%"
"04/08/1994","9,298.22","9,298.02","9,330.98","9,242.31","-","0.13%"
"04/07/1994","9,285.92","9,231.13","9,310.04","9,164.97","-","0.56%"
"04/06/1994","9,234.31","9,098.64","9,375.57","9,098.64","-","2.26%"
"03/31/1994","9,029.91","9,161.07","9,161.07","8,888.98","-","-2.19%"
"03/30/1994","9,232.21","9,419.74","9,428.66","9,178.01","-","-2.62%"
"03/29/1994","9,480.14","9,236.63","9,484.79","9,236.63","-","3.08%"
"03/28/1994","9,197.03","9,199.46","9,362.80","9,173.77","-","-0.40%"
"03/25/1994","9,234.21","9,287.31","9,411.35","9,196.26","-","-0.93%"
"03/24/1994","9,320.75","9,423.57","9,572.78","9,211.81","-","-1.53%"
"03/23/1994","9,465.53","9,078.13","9,470.42","9,002.90","-","5.03%"
"03/22/1994","9,012.17","8,723.06","9,150.46","8,533.99","-","3.98%"
"03/21/1994","8,667.03","9,105.51","9,132.39","8,657.99","-","-5.09%"
"03/18/1994","9,132.31","9,535.49","9,535.49","8,996.03","-","-4.00%"
"03/17/1994","9,513.13","9,720.00","9,788.81","9,432.79","-","-2.13%"
"03/16/1994","9,720.61","9,866.47","9,965.41","9,718.65","-","-1.45%"
"03/15/1994","9,863.56","10,062.77","10,101.14","9,850.05","-","-1.17%"
"03/14/1994","9,980.07","9,844.27","9,980.07","9,634.48","-","0.75%"
"03/11/1994","9,905.66","10,106.94","10,106.94","9,836.78","-","-2.21%"
"03/10/1994","10,129.05","10,192.97","10,216.55","10,091.41","-","-0.93%"
"03/09/1994","10,224.38","10,288.68","10,288.68","10,137.48","-","-0.68%"
"03/08/1994","10,294.58","10,219.16","10,339.44","10,219.16","-","2.32%"
"03/07/1994","10,061.55","9,935.38","10,188.11","9,935.38","-","1.45%"
"03/04/1994","9,918.19","9,809.93","10,021.66","9,809.93","-","1.19%"
"03/03/1994","9,802.03","9,774.39","9,953.17","9,682.28","-","-0.76%"
"03/02/1994","9,877.43","9,990.77","10,035.62","9,819.76","-","-2.67%"
"03/01/1994","10,148.36","10,387.61","10,387.61","10,079.78","-","-2.52%"
"02/28/1994","10,410.23","10,114.62","10,436.14","10,114.62","-","3.07%"
"02/25/1994","10,100.25","10,244.20","10,244.20","9,892.07","-","-3.18%"
"02/24/1994","10,432.02","10,737.90","10,737.90","10,403.17","-","-3.08%"
"02/23/1994","10,763.23","10,653.34","10,815.21","10,634.44","-","0.84%"
"02/22/1994","10,674.01","10,424.81","10,678.56","10,298.99","-","2.08%"
"02/21/1994","10,456.45","10,761.67","10,761.67","10,439.26","-","-3.41%"
"02/18/1994","10,825.88","10,877.79","10,905.56","10,729.29","-","0.36%"
"02/17/1994","10,786.58","10,716.00","10,819.31","10,477.43","-","1.43%"
"02/16/1994","10,634.14","11,050.96","11,119.51","10,634.14","-","-3.43%"
"02/15/1994","11,012.33","10,934.82","11,012.33","10,790.38","-","0.21%"
"02/14/1994","10,988.81","11,346.90","11,346.90","10,898.48","-","-4.48%"
"02/09/1994","11,504.03","11,447.92","11,599.20","11,447.92","-","0.44%"
"02/08/1994","11,454.16","11,455.65","11,504.33","11,163.43","-","0.35%"
"02/07/1994","11,414.27","11,934.19","11,934.19","11,384.63","-","-6.11%"
"02/04/1994","12,157.57","11,910.82","12,186.80","11,910.82","-","2.59%"
"02/03/1994","11,851.13","11,805.35","11,947.28","11,803.95","-","0.55%"
"02/02/1994","11,785.83","11,873.47","11,970.65","11,785.57","-","-0.35%"
"02/01/1994","11,826.89","11,523.53","11,826.89","11,523.53","-","2.96%"
"01/31/1994","11,487.02","11,394.73","11,547.84","11,364.72","-","0.96%"
"01/28/1994","11,377.83","11,564.24","11,641.01","11,297.77","-","-0.81%"
"01/27/1994","11,470.42","11,237.51","11,491.49","11,237.51","-","2.05%"
"01/26/1994","11,239.57","11,385.55","11,385.55","11,150.71","-","-2.19%"
"01/25/1994","11,490.94","11,565.07","11,640.30","11,404.22","-","-0.94%"
"01/24/1994","11,600.09","11,515.58","11,708.56","11,515.58","-","1.23%"
"01/21/1994","11,459.37","11,216.03","11,470.68","11,129.36","-","1.73%"
"01/20/1994","11,264.84","11,438.95","11,637.41","11,261.83","-","-0.87%"
"01/19/1994","11,363.77","11,046.61","11,400.39","11,046.61","-","3.14%"
"01/18/1994","11,017.69","10,773.25","11,218.24","10,773.25","-","2.08%"
"01/17/1994","10,792.92","10,807.45","10,916.97","10,712.08","-","0.17%"
"01/14/1994","10,774.25","10,386.66","10,809.26","10,386.66","-","5.87%"
"01/13/1994","10,176.51","10,651.07","10,651.07","10,162.20","-","-5.01%"
"01/12/1994","10,712.73","11,139.17","11,139.17","10,593.06","-","-3.97%"
"01/11/1994","11,155.81","11,390.85","11,450.96","11,072.28","-","-1.86%"
"01/10/1994","11,366.94","11,092.08","11,421.80","11,092.08","-","3.32%"
"01/07/1994","11,001.48","11,180.99","11,186.57","10,611.73","-","-3.36%"
"01/06/1994","11,384.20","12,138.55","12,138.55","11,384.20","-","-6.44%"
"01/05/1994","12,167.93","12,103.01","12,250.65","12,007.86","-","-0.27%"
"01/04/1994","12,201.09","12,093.64","12,599.23","12,093.64","-","0.95%"
"01/03/1994","12,086.49","11,884.94","12,115.56","11,810.27","-","1.67%"
"12/31/1993","11,888.39","11,778.92","11,888.39","11,629.06","-","0.09%"
"12/30/1993","11,877.39","11,540.53","11,959.06","11,540.53","-","3.73%"
"12/29/1993","11,449.77","11,586.69","11,641.81","11,415.94","-","-1.04%"
"12/28/1993","11,570.22","11,065.38","11,689.94","11,065.38","-","4.80%"
"12/24/1993","11,039.84","10,924.20","11,044.65","10,924.20","-","1.46%"
"12/23/1993","10,881.20","10,708.35","10,957.59","10,708.35","-","1.62%"
"12/22/1993","10,707.96","10,519.13","10,712.27","10,478.47","-","1.75%"
"12/21/1993","10,524.28","10,802.82","10,856.87","10,516.72","-","-2.69%"
"12/20/1993","10,814.78","10,575.21","10,824.36","10,482.54","-","2.33%"
"12/17/1993","10,568.86","10,397.65","10,676.44","10,397.65","-","2.22%"
"12/16/1993","10,339.66","9,978.69","10,352.87","9,978.69","-","3.97%"
"12/15/1993","9,945.26","10,018.67","10,084.16","9,891.71","-","-0.76%"
"12/14/1993","10,021.48","10,223.35","10,223.35","9,992.39","-","-2.22%"
"12/13/1993","10,248.59","10,234.57","10,271.58","10,101.59","-","0.20%"
"12/10/1993","10,228.11","10,125.30","10,268.16","10,069.45","-","2.38%"
"12/09/1993","9,990.26","9,767.44","9,990.26","9,752.46","-","2.46%"
"12/08/1993","9,750.23","9,757.06","9,792.97","9,644.81","-","0.14%"
"12/07/1993","9,736.57","9,696.21","9,937.36","9,696.21","-","1.32%"
"12/06/1993","9,609.69","9,294.35","9,617.39","9,288.60","-","3.39%"
"12/03/1993","9,294.35","9,238.20","9,315.19","9,222.03","-","0.61%"
"12/02/1993","9,238.20","9,270.90","9,367.52","9,238.20","-","-0.17%"
"12/01/1993","9,254.03","9,142.85","9,263.85","9,102.85","-","1.41%"
"11/30/1993","9,125.21","9,012.57","9,125.21","8,923.98","-","1.25%"
"11/29/1993","9,012.77","9,205.52","9,205.52","8,870.59","-","-2.82%"
"11/26/1993","9,274.42","9,283.85","9,361.06","9,224.21","-","-0.13%"
"11/25/1993","9,286.31","9,247.25","9,360.28","9,213.06","-","0.52%"
"11/24/1993","9,238.06","9,027.90","9,256.52","9,017.28","-","2.24%"
"11/23/1993","9,036.02","9,109.87","9,109.87","8,923.00","-","-1.47%"
"11/22/1993","9,170.64","9,267.37","9,333.06","9,165.26","-","-1.01%"
"11/19/1993","9,263.94","9,321.62","9,360.10","9,193.04","-","-0.77%"
"11/18/1993","9,335.43","9,326.99","9,454.63","9,165.95","-","-1.80%"
"11/17/1993","9,506.98","9,675.92","9,675.92","9,493.40","-","-1.88%"
"11/16/1993","9,689.10","9,683.03","9,703.82","9,605.20","-","-0.45%"
"11/15/1993","9,733.34","9,708.97","9,825.50","9,708.97","-","0.33%"
"11/12/1993","9,701.25","9,676.07","9,726.88","9,600.90","-","0.27%"
"11/11/1993","9,674.83","9,345.98","9,714.24","9,345.98","-","3.75%"
"11/10/1993","9,325.44","9,109.90","9,325.44","9,109.90","-","2.61%"
"11/09/1993","9,088.47","9,167.76","9,273.17","9,059.14","-","-0.97%"
"11/08/1993","9,177.95","8,957.16","9,177.95","8,884.31","-","2.01%"
"11/05/1993","8,996.93","9,164.00","9,164.00","8,834.69","-","-2.26%"
"11/04/1993","9,204.88","9,346.43","9,353.31","9,189.11","-","-1.47%"
"11/03/1993","9,342.45","9,600.52","9,600.52","9,341.58","-","-3.08%"
"11/02/1993","9,638.86","9,629.19","9,716.38","9,561.53","-","0.04%"
"11/01/1993","9,635.21","9,378.79","9,710.08","9,378.79","-","3.28%"
"10/29/1993","9,329.09","9,023.76","9,386.69","9,023.76","-","3.54%"
"10/28/1993","9,010.27","8,914.63","9,010.27","8,914.63","-","1.20%"
"10/27/1993","8,903.20","8,781.52","8,914.54","8,781.52","-","1.28%"
"10/26/1993","8,790.90","8,761.11","8,825.58","8,750.17","-","0.27%"
"10/25/1993","8,767.50","8,719.32","8,805.11","8,624.53","-","0.55%"
"10/22/1993","8,719.32","8,871.90","8,871.90","8,695.72","-","-1.84%"
"10/21/1993","8,882.68","8,929.10","9,044.71","8,882.68","-","-0.23%"
"10/20/1993","8,902.80","8,812.65","8,961.46","8,732.61","-","0.47%"
"10/19/1993","8,861.41","8,988.83","8,997.66","8,851.19","-","-1.88%"
"10/18/1993","9,031.13","8,768.08","9,053.98","8,701.98","-","3.05%"
"10/15/1993","8,763.98","8,592.38","8,777.14","8,592.38","-","4.18%"
"10/14/1993","8,412.40","8,292.69","8,419.29","8,280.22","-","1.44%"
"10/13/1993","8,292.96","8,241.03","8,304.36","8,174.05","-","0.48%"
"10/12/1993","8,253.45","8,315.02","8,320.72","8,231.11","-","0.75%"
"10/11/1993","8,192.18","8,035.01","8,195.22","8,035.01","-","2.33%"
"10/08/1993","8,005.56","8,034.30","8,034.30","7,961.76","-","-0.76%"
"10/07/1993","8,066.79","8,017.17","8,082.10","7,950.13","-","0.31%"
"10/06/1993","8,041.57","7,899.38","8,043.59","7,899.38","-","2.19%"
"10/05/1993","7,869.48","7,750.30","7,878.35","7,750.30","-","1.62%"
"10/04/1993","7,744.32","7,674.39","7,763.87","7,668.69","-","0.89%"
"09/30/1993","7,676.22","7,578.11","7,678.62","7,578.11","-","1.66%"
"09/29/1993","7,551.10","7,461.03","7,553.60","7,461.03","-","1.08%"
"09/28/1993","7,470.50","7,462.61","7,497.88","7,452.64","-","0.25%"
"09/27/1993","7,452.09","7,523.37","7,543.83","7,445.89","-","-0.97%"
"09/24/1993","7,525.05","7,525.31","7,531.47","7,422.65","-","-0.74%"
"09/23/1993","7,581.00","7,480.26","7,590.99","7,480.26","-","1.37%"
"09/22/1993","7,478.90","7,500.85","7,517.62","7,459.95","-","-0.22%"
"09/21/1993","7,495.31","7,383.38","7,495.31","7,376.15","-","1.42%"
"09/20/1993","7,390.60","7,394.79","7,407.36","7,298.52","-","-0.37%"
"09/16/1993","7,418.11","7,481.14","7,491.25","7,408.27","-","-0.94%"
"09/15/1993","7,488.77","7,486.21","7,541.02","7,484.73","-","0.20%"
"09/14/1993","7,473.85","7,475.97","7,497.15","7,436.26","-","-0.03%"
"09/13/1993","7,475.97","7,594.36","7,615.77","7,470.82","-","-1.55%"
"09/10/1993","7,593.45","7,588.00","7,612.23","7,549.80","-","0.09%"
"09/09/1993","7,586.76","7,607.57","7,663.63","7,586.76","-","-0.27%"
"09/08/1993","7,607.13","7,546.40","7,613.01","7,523.94","-","0.80%"
"09/07/1993","7,546.71","7,519.66","7,563.49","7,513.22","-","0.36%"
"09/06/1993","7,519.66","7,504.90","7,522.26","7,482.79","-","0.10%"
"09/03/1993","7,512.13","7,493.45","7,551.68","7,486.22","-","0.25%"
"09/02/1993","7,493.45","7,534.80","7,538.29","7,444.83","-","-0.65%"
"09/01/1993","7,542.19","7,559.36","7,589.55","7,520.76","-","-0.10%"
"08/31/1993","7,549.73","7,422.98","7,551.78","7,422.98","-","1.71%"
"08/27/1993","7,422.98","7,440.53","7,440.53","7,371.06","-","-0.35%"
"08/26/1993","7,449.08","7,272.81","7,449.08","7,272.81","-","2.53%"
"08/25/1993","7,265.58","7,326.41","7,370.37","7,265.58","-","-0.85%"
"08/24/1993","7,327.68","7,361.70","7,385.90","7,313.79","-","-0.82%"
"08/23/1993","7,388.42","7,546.91","7,549.90","7,388.42","-","-2.08%"
"08/20/1993","7,545.36","7,591.92","7,591.92","7,504.26","-","-0.79%"
"08/19/1993","7,605.26","7,556.63","7,615.06","7,530.03","-","0.59%"
"08/18/1993","7,560.97","7,539.43","7,570.00","7,492.67","-","0.43%"
"08/17/1993","7,528.79","7,500.05","7,541.77","7,485.03","-","0.52%"
"08/16/1993","7,489.49","7,392.25","7,489.49","7,392.25","-","1.32%"
"08/13/1993","7,392.25","7,348.58","7,401.58","7,314.57","-","0.72%"
"08/12/1993","7,339.55","7,366.53","7,411.57","7,334.48","-","-0.25%"
"08/11/1993","7,357.63","7,327.63","7,357.63","7,298.66","-","0.38%"
"08/10/1993","7,329.81","7,405.17","7,434.88","7,283.66","-","-0.71%"
"08/09/1993","7,382.22","7,409.42","7,497.79","7,376.76","-","-0.20%"
"08/06/1993","7,396.77","7,293.08","7,399.85","7,281.62","-","1.22%"
"08/05/1993","7,307.54","7,211.37","7,310.70","7,211.37","-","2.00%"
"08/04/1993","7,164.20","7,226.54","7,262.58","7,148.46","-","-0.66%"
"08/03/1993","7,211.83","7,044.24","7,212.81","7,044.24","-","2.60%"
"08/02/1993","7,029.03","6,988.96","7,066.36","6,988.96","-","0.57%"
"07/30/1993","6,988.96","6,899.93","7,004.88","6,898.96","-","1.29%"
"07/29/1993","6,899.93","6,902.86","6,939.28","6,874.16","-","-0.05%"
"07/28/1993","6,903.21","6,861.32","6,908.23","6,838.20","-","0.54%"
"07/27/1993","6,865.97","6,868.88","6,924.96","6,845.76","-","0.12%"
"07/26/1993","6,858.08","6,750.95","6,876.27","6,750.95","-","1.60%"
"07/23/1993","6,750.33","6,757.98","6,757.98","6,707.93","-","-0.14%"
"07/22/1993","6,760.02","6,832.75","6,832.75","6,748.00","-","-1.17%"
"07/21/1993","6,839.98","6,848.05","6,891.75","6,819.01","-","-0.10%"
"07/20/1993","6,846.81","6,814.55","6,856.58","6,767.69","-","0.49%"
"07/19/1993","6,813.72","6,923.15","6,923.15","6,775.66","-","-1.61%"
"07/16/1993","6,925.22","6,978.54","6,978.54","6,923.83","-","-0.76%"
"07/15/1993","6,978.54","6,955.50","7,002.19","6,950.30","-","0.33%"
"07/14/1993","6,955.50","6,957.36","7,028.64","6,955.50","-","-0.01%"
"07/13/1993","6,956.10","6,951.33","6,981.16","6,914.87","-","0.05%"
"07/12/1993","6,952.59","7,070.61","7,070.61","6,903.36","-","-1.67%"
"07/09/1993","7,070.61","7,122.39","7,188.83","7,070.61","-","-0.73%"
"07/08/1993","7,122.39","7,135.57","7,169.28","7,105.69","-","-0.26%"
"07/07/1993","7,141.11","7,168.34","7,196.66","7,137.99","-","-0.38%"
"07/06/1993","7,168.34","7,185.81","7,196.79","7,129.25","-","-0.51%"
"07/05/1993","7,205.41","7,247.95","7,339.63","7,189.50","-","-0.17%"
"07/02/1993","7,217.93","7,205.38","7,236.51","7,135.25","-","0.17%"
"07/01/1993","7,205.38","7,119.65","7,205.38","7,106.05","-","1.49%"
"06/30/1993","7,099.28","7,107.47","7,145.52","7,071.11","-","-0.12%"
"06/29/1993","7,107.47","7,148.10","7,172.79","7,068.93","-","-0.57%"
"06/28/1993","7,148.10","7,012.33","7,166.20","7,012.09","-","1.91%"
"06/25/1993","7,014.08","7,049.59","7,049.59","6,928.13","-","-0.69%"
"06/23/1993","7,062.64","7,046.73","7,097.94","7,046.73","-","0.23%"
"06/22/1993","7,046.73","7,003.58","7,065.82","6,981.04","-","0.62%"
"06/21/1993","7,003.58","7,188.06","7,188.06","7,003.58","-","-2.74%"
"06/18/1993","7,200.75","7,184.18","7,249.88","7,104.31","-","0.16%"
"06/17/1993","7,189.10","7,304.83","7,304.83","7,156.26","-","-1.58%"
"06/16/1993","7,304.83","7,281.30","7,314.80","7,230.15","-","0.29%"
"06/15/1993","7,283.46","7,286.56","7,347.10","7,280.70","-","0.23%"
"06/11/1993","7,266.74","7,262.14","7,287.90","7,247.85","-","0.08%"
"06/10/1993","7,260.58","7,322.14","7,322.14","7,257.92","-","-1.07%"
"06/09/1993","7,339.08","7,258.83","7,346.99","7,258.83","-","1.09%"
"06/08/1993","7,259.74","7,124.73","7,266.88","7,124.73","-","1.89%"
"06/07/1993","7,124.73","7,156.09","7,156.09","7,094.27","-","-0.46%"
"06/04/1993","7,157.49","7,145.52","7,240.54","7,109.01","-","0.03%"
"06/03/1993","7,155.29","7,305.14","7,305.14","7,138.71","-","-2.28%"
"06/02/1993","7,322.23","7,370.02","7,372.22","7,317.20","-","-0.73%"
"06/01/1993","7,375.81","7,364.09","7,407.94","7,320.78","-","0.05%"
"05/31/1993","7,372.19","7,391.48","7,404.30","7,344.31","-","-0.35%"
"05/28/1993","7,397.91","7,460.93","7,528.68","7,391.22","-","-0.66%"
"05/27/1993","7,447.24","7,359.21","7,459.08","7,359.21","-","1.33%"
"05/26/1993","7,349.72","7,373.33","7,383.18","7,313.39","-","-0.25%"
"05/25/1993","7,368.18","7,278.66","7,374.07","7,249.47","-","1.26%"
"05/24/1993","7,276.39","7,169.96","7,276.39","7,169.96","-","1.48%"
"05/21/1993","7,169.96","7,163.11","7,233.35","7,163.11","-","0.72%"
"05/20/1993","7,118.96","7,089.93","7,133.94","7,029.68","-","0.35%"
"05/19/1993","7,093.88","7,142.45","7,142.45","7,090.67","-","-0.78%"
"05/18/1993","7,149.30","7,123.64","7,152.06","7,095.00","-","0.35%"
"05/17/1993","7,124.12","7,039.07","7,149.18","7,039.07","-","1.70%"
"05/14/1993","7,005.29","7,105.77","7,105.77","6,973.84","-","-1.46%"
"05/13/1993","7,108.76","7,041.30","7,130.37","7,041.30","-","1.52%"
"05/12/1993","7,002.60","6,844.04","7,015.59","6,844.04","-","2.35%"
"05/11/1993","6,841.97","6,731.64","6,872.79","6,731.64","-","1.52%"
"05/10/1993","6,739.23","6,790.48","6,802.05","6,735.92","-","-0.87%"
"05/07/1993","6,798.34","6,788.65","6,803.93","6,770.74","-","0.04%"
"05/06/1993","6,795.52","6,829.33","6,864.21","6,786.39","-","-0.50%"
"05/05/1993","6,829.33","6,821.32","6,856.46","6,771.36","-","0.03%"
"05/04/1993","6,827.29","6,788.84","6,832.30","6,757.46","-","0.55%"
"05/03/1993","6,790.11","6,830.51","6,830.51","6,727.64","-","-0.59%"
"04/30/1993","6,830.51","6,892.02","6,912.05","6,828.21","-","-0.78%"
"04/29/1993","6,884.05","6,864.48","6,898.87","6,835.25","-","-0.16%"
"04/28/1993","6,894.90","6,836.49","6,915.19","6,801.07","-","0.85%"
"04/27/1993","6,836.88","6,857.94","6,899.85","6,821.92","-","-0.13%"
"04/26/1993","6,845.75","6,750.94","6,845.75","6,750.94","-","1.40%"
"04/23/1993","6,750.94","6,756.19","6,777.24","6,718.24","-","-0.12%"
"04/22/1993","6,759.24","6,774.84","6,831.23","6,734.14","-","-0.14%"
"04/21/1993","6,768.39","6,638.54","6,768.39","6,638.54","-","1.96%"
"04/20/1993","6,638.54","6,679.04","6,679.04","6,618.60","-","-0.62%"
"04/19/1993","6,680.15","6,689.98","6,709.38","6,643.68","-","-0.25%"
"04/16/1993","6,697.15","6,736.46","6,755.85","6,686.99","-","-0.52%"
"04/15/1993","6,732.04","6,783.52","6,796.69","6,728.58","-","-0.85%"
"04/14/1993","6,789.74","6,651.22","6,805.66","6,651.22","-","5.79%"
"04/13/1993","6,418.21","6,285.67","6,418.40","6,264.79","-","2.11%"
"04/08/1993","6,285.67","6,276.66","6,323.73","6,258.93","-","0.06%"
"04/07/1993","6,281.70","6,326.51","6,326.51","6,250.17","-","-0.93%"
"04/06/1993","6,340.83","6,409.71","6,414.33","6,334.42","-","-0.99%"
"04/02/1993","6,404.44","6,395.71","6,418.45","6,355.94","-","-0.07%"
"04/01/1993","6,408.88","6,385.18","6,427.08","6,385.18","-","0.31%"
"03/31/1993","6,388.86","6,415.05","6,440.68","6,353.30","-","-0.28%"
"03/30/1993","6,406.49","6,328.74","6,442.43","6,328.74","-","1.32%"
"03/29/1993","6,322.90","6,322.65","6,369.85","6,310.36","-","-0.29%"
"03/26/1993","6,341.25","6,245.59","6,369.75","6,225.21","-","1.51%"
"03/25/1993","6,246.97","6,232.05","6,323.54","6,232.05","-","0.56%"
"03/24/1993","6,212.19","6,113.94","6,217.10","6,103.01","-","1.54%"
"03/23/1993","6,117.95","6,051.28","6,125.64","6,050.07","-","0.96%"
"03/22/1993","6,060.04","6,089.61","6,101.09","6,016.12","-","-0.50%"
"03/19/1993","6,090.68","6,061.12","6,100.12","6,029.61","-","0.65%"
"03/18/1993","6,051.26","5,962.23","6,102.72","5,962.23","-","1.56%"
"03/17/1993","5,958.33","5,949.41","5,960.17","5,760.79","-","-0.36%"
"03/16/1993","5,980.04","5,903.52","5,980.04","5,903.52","-","2.14%"
"03/15/1993","5,854.61","5,919.46","5,934.47","5,792.18","-","-5.12%"
"03/12/1993","6,170.40","6,372.75","6,447.41","6,170.40","-","-3.16%"
"03/11/1993","6,371.84","6,470.02","6,470.02","6,300.55","-","-1.80%"
"03/10/1993","6,488.46","6,505.67","6,511.30","6,471.91","-","-0.30%"
"03/09/1993","6,508.00","6,485.29","6,557.10","6,485.29","-","0.40%"
"03/08/1993","6,482.16","6,509.84","6,511.07","6,433.21","-","-0.32%"
"03/05/1993","6,502.81","6,496.27","6,519.91","6,429.16","-","0.54%"
"03/04/1993","6,467.80","6,492.53","6,538.32","6,466.98","-","0.48%"
"03/03/1993","6,436.64","6,345.44","6,438.85","6,345.44","-","1.46%"
"03/02/1993","6,344.23","6,389.27","6,405.37","6,340.50","-","-0.85%"
"03/01/1993","6,398.82","6,353.05","6,407.94","6,338.09","-","0.74%"
"02/26/1993","6,351.99","6,266.18","6,351.99","6,265.16","-","2.39%"
"02/25/1993","6,203.88","6,176.89","6,206.80","6,167.71","-","0.42%"
"02/24/1993","6,177.69","6,142.71","6,203.77","6,078.55","-","0.46%"
"02/23/1993","6,149.19","6,227.80","6,227.80","6,138.19","-","-1.33%"
"02/22/1993","6,231.88","6,100.19","6,231.88","6,090.36","-","1.00%"
"02/19/1993","6,170.09","6,243.29","6,268.99","6,152.25","-","-0.27%"
"02/18/1993","6,186.94","6,093.74","6,199.11","6,093.74","-","1.63%"
"02/17/1993","6,087.46","6,044.54","6,142.09","6,029.54","-","0.36%"
"02/16/1993","6,065.62","6,048.95","6,124.40","5,982.13","-","0.27%"
"02/15/1993","6,049.44","5,874.74","6,058.45","5,874.74","-","3.27%"
"02/12/1993","5,858.15","5,854.45","5,860.64","5,819.92","-","0.02%"
"02/11/1993","5,857.00","5,833.37","5,867.10","5,833.37","-","0.37%"
"02/10/1993","5,835.55","5,782.18","5,843.64","5,772.40","-","0.80%"
"02/09/1993","5,789.52","5,791.14","5,815.02","5,775.06","-","0.05%"
"02/08/1993","5,786.65","5,742.33","5,786.65","5,706.61","-","0.69%"
"02/05/1993","5,747.21","5,787.33","5,826.10","5,728.77","-","-0.53%"
"02/04/1993","5,778.01","5,723.45","5,787.17","5,723.45","-","1.18%"
"02/03/1993","5,710.80","5,662.53","5,728.73","5,662.53","-","0.85%"
"02/02/1993","5,662.53","5,693.34","5,719.19","5,661.25","-","-0.62%"
"02/01/1993","5,697.78","5,743.32","5,743.32","5,677.12","-","-0.93%"
"01/29/1993","5,751.40","5,785.54","5,785.54","5,679.36","-","-0.91%"
"01/28/1993","5,804.50","5,918.18","5,918.18","5,788.60","-","-2.28%"
"01/27/1993","5,939.89","5,923.73","5,959.83","5,902.25","-","0.27%"
"01/26/1993","5,923.73","5,948.78","5,970.47","5,912.03","-","0.16%"
"01/21/1993","5,914.39","5,874.90","5,936.15","5,857.42","-","0.64%"
"01/20/1993","5,877.02","5,897.25","5,902.09","5,854.10","-","-0.35%"
"01/19/1993","5,897.90","5,882.02","5,904.66","5,841.94","-","0.27%"
"01/18/1993","5,882.02","5,864.04","5,897.37","5,825.01","-","0.17%"
"01/15/1993","5,871.80","5,878.15","5,904.54","5,815.68","-","-0.31%"
"01/14/1993","5,890.16","5,761.56","5,890.16","5,749.77","-","1.93%"
"01/13/1993","5,778.74","5,694.88","5,796.74","5,694.88","-","1.90%"
"01/12/1993","5,671.26","5,673.73","5,716.84","5,658.21","-","-0.03%"
"01/11/1993","5,673.10","5,577.70","5,673.10","5,577.70","-","2.60%"
"01/08/1993","5,529.56","5,539.09","5,552.39","5,524.19","-","-0.32%"
"01/07/1993","5,547.32","5,584.97","5,584.97","5,524.45","-","-0.70%"
"01/06/1993","5,586.67","5,556.06","5,596.75","5,534.87","-","0.70%"
"01/05/1993","5,548.03","5,444.25","5,563.27","5,444.25","-","2.03%"
"01/04/1993","5,437.80","5,512.92","5,512.92","5,431.29","-","-1.35%"
"12/31/1992","5,512.39","5,467.89","5,512.39","5,467.89","-","0.81%"
"12/30/1992","5,467.89","5,446.56","5,476.98","5,442.14","-","0.44%"
"12/29/1992","5,444.13","5,536.00","5,556.55","5,433.49","-","-1.58%"
"12/28/1992","5,531.65","5,453.71","5,546.41","5,453.71","-","1.65%"
"12/24/1992","5,442.01","5,322.51","5,445.08","5,322.51","-","2.33%"
"12/23/1992","5,317.99","5,304.73","5,379.67","5,304.73","-","0.38%"
"12/22/1992","5,297.74","5,242.84","5,312.46","5,242.84","-","1.05%"
"12/21/1992","5,242.48","5,181.43","5,251.03","5,141.40","-","0.96%"
"12/18/1992","5,192.66","5,310.15","5,310.15","5,162.50","-","-2.57%"
"12/17/1992","5,329.46","5,389.75","5,412.36","5,324.65","-","-1.60%"
"12/16/1992","5,415.96","5,315.81","5,417.43","5,309.25","-","1.88%"
"12/15/1992","5,315.81","5,280.98","5,339.16","5,280.98","-","0.91%"
"12/14/1992","5,267.73","5,254.12","5,327.84","5,247.58","-","0.28%"
"12/11/1992","5,253.18","5,268.55","5,268.55","5,193.69","-","-0.39%"
"12/10/1992","5,273.79","5,338.61","5,359.35","5,251.41","-","-1.23%"
"12/09/1992","5,339.25","5,222.12","5,346.38","5,222.12","-","2.63%"
"12/08/1992","5,202.36","5,193.29","5,202.36","5,099.39","-","0.20%"
"12/07/1992","5,191.75","5,234.85","5,234.85","5,126.79","-","-1.45%"
"12/04/1992","5,268.10","5,166.64","5,288.89","5,166.64","-","5.82%"
"12/03/1992","4,978.21","5,383.34","5,383.34","4,947.75","-","-8.01%"
"12/02/1992","5,411.65","5,524.47","5,530.83","5,391.71","-","-1.64%"
"12/01/1992","5,501.71","5,676.35","5,676.35","5,400.82","-","-5.32%"
"11/30/1992","5,810.63","5,936.77","5,936.77","5,810.63","-","-2.94%"
"11/27/1992","5,986.67","5,923.80","6,002.54","5,923.80","-","1.24%"
"11/26/1992","5,913.18","5,915.58","5,948.74","5,901.38","-","-0.09%"
"11/25/1992","5,918.54","5,973.15","6,013.35","5,896.49","-","-0.90%"
"11/24/1992","5,972.52","5,890.37","5,992.01","5,890.37","-","1.32%"
"11/23/1992","5,894.97","5,903.03","5,905.48","5,828.30","-","0.29%"
"11/20/1992","5,878.18","5,861.31","5,888.24","5,795.34","-","0.39%"
"11/19/1992","5,855.41","5,909.26","5,916.13","5,642.71","-","0.12%"
"11/18/1992","5,848.33","6,085.05","6,093.63","5,848.33","-","-3.94%"
"11/17/1992","6,088.52","6,285.71","6,285.71","6,046.74","-","-3.28%"
"11/16/1992","6,294.83","6,350.49","6,350.49","6,261.99","-","-1.13%"
"11/13/1992","6,366.56","6,424.05","6,424.05","6,344.35","-","-1.25%"
"11/12/1992","6,447.11","6,416.07","6,470.83","6,391.53","-","0.39%"
"11/11/1992","6,422.03","6,276.30","6,431.61","6,276.30","-","2.37%"
"11/10/1992","6,273.08","6,267.91","6,292.00","6,253.96","-","0.08%"
"11/09/1992","6,267.91","6,319.84","6,324.68","6,256.36","-","-0.75%"
"11/06/1992","6,315.01","6,369.65","6,401.73","6,312.24","-","-0.52%"
"11/05/1992","6,347.77","6,332.35","6,397.27","6,332.35","-","0.35%"
"11/04/1992","6,325.37","6,203.04","6,325.37","6,113.37","-","2.06%"
"11/03/1992","6,197.44","6,229.01","6,234.56","6,177.61","-","-0.54%"
"11/02/1992","6,231.17","6,197.17","6,277.22","6,197.17","-","0.65%"
"10/30/1992","6,190.69","6,122.10","6,190.69","6,122.10","-","1.20%"
"10/29/1992","6,117.50","6,127.94","6,166.15","6,113.16","-","-0.15%"
"10/28/1992","6,126.98","6,200.43","6,202.71","6,123.88","-","-1.46%"
"10/27/1992","6,218.01","6,082.49","6,249.96","6,082.49","-","2.57%"
"10/26/1992","6,062.47","6,148.75","6,148.75","6,012.94","-","-3.19%"
"10/23/1992","6,262.54","6,346.04","6,367.24","6,255.96","-","-1.05%"
"10/22/1992","6,329.12","6,275.82","6,340.31","6,262.99","-","2.07%"
"10/21/1992","6,200.85","6,107.30","6,201.83","6,074.01","-","1.85%"
"10/20/1992","6,088.51","6,093.40","6,167.02","6,060.37","-","-0.02%"
"10/19/1992","6,089.91","6,018.09","6,096.05","6,018.09","-","1.75%"
"10/16/1992","5,985.33","5,918.13","6,022.26","5,918.13","-","1.21%"
"10/15/1992","5,913.64","5,828.53","5,934.92","5,828.53","-","1.84%"
"10/14/1992","5,806.77","5,758.70","5,807.13","5,742.39","-","0.88%"
"10/13/1992","5,756.10","5,729.12","5,772.73","5,729.12","-","0.53%"
"10/12/1992","5,725.57","5,658.80","5,790.70","5,658.80","-","2.30%"
"10/09/1992","5,596.71","5,538.83","5,619.39","5,519.30","-","0.74%"
"10/08/1992","5,555.53","5,563.77","5,604.95","5,526.37","-","-0.60%"
"10/07/1992","5,589.03","5,548.35","5,589.03","5,498.07","-","0.65%"
"10/06/1992","5,553.12","5,550.46","5,559.19","5,440.60","-","-0.76%"
"10/02/1992","5,595.44","5,537.09","5,597.60","5,537.09","-","1.20%"
"10/01/1992","5,528.84","5,502.68","5,544.92","5,471.98","-","0.43%"
"09/30/1992","5,505.44","5,587.68","5,588.70","5,473.69","-","-1.37%"
"09/29/1992","5,581.92","5,604.41","5,636.28","5,579.25","-","-0.27%"
"09/28/1992","5,597.20","5,678.62","5,678.62","5,579.46","-","-1.56%"
"09/25/1992","5,686.16","5,663.59","5,689.13","5,637.38","-","0.48%"
"09/24/1992","5,658.73","5,710.36","5,712.93","5,622.70","-","-0.94%"
"09/23/1992","5,712.64","5,737.11","5,754.13","5,708.07","-","-0.48%"
"09/22/1992","5,740.18","5,740.59","5,756.23","5,709.73","-","-0.02%"
"09/21/1992","5,741.53","5,689.32","5,749.15","5,688.39","-","0.92%"
"09/18/1992","5,689.32","5,660.88","5,705.99","5,660.88","-","0.91%"
"09/17/1992","5,637.90","5,613.26","5,638.59","5,543.25","-","0.08%"
"09/16/1992","5,633.13","5,653.84","5,653.84","5,599.10","-","-0.37%"
"09/15/1992","5,653.84","5,609.19","5,671.97","5,609.19","-","0.83%"
"09/14/1992","5,607.15","5,537.16","5,623.78","5,537.16","-","1.26%"
"09/11/1992","5,537.29","5,627.95","5,627.95","5,537.29","-","-1.67%"
"09/10/1992","5,631.55","5,698.59","5,698.59","5,613.09","-","-1.67%"
"09/09/1992","5,726.99","5,700.59","5,739.32","5,685.86","-","0.46%"
"09/08/1992","5,700.59","5,666.40","5,700.59","5,658.00","-","0.64%"
"09/07/1992","5,664.41","5,698.08","5,724.40","5,647.07","-","-0.76%"
"09/04/1992","5,707.51","5,729.56","5,754.63","5,690.54","-","-0.26%"
"09/03/1992","5,722.46","5,735.64","5,762.91","5,690.90","-","-0.21%"
"09/02/1992","5,734.45","5,711.57","5,776.37","5,705.02","-","0.40%"
"09/01/1992","5,711.57","5,631.70","5,711.57","5,597.06","-","1.47%"
"08/28/1992","5,628.60","5,478.46","5,631.02","5,478.46","-","3.07%"
"08/27/1992","5,460.72","5,480.36","5,566.81","5,445.39","-","-0.33%"
"08/26/1992","5,478.81","5,323.76","5,487.49","5,323.76","-","3.54%"
"08/25/1992","5,291.49","5,366.71","5,366.71","5,252.28","-","-1.84%"
"08/24/1992","5,390.93","5,496.43","5,496.43","5,389.79","-","-2.15%"
"08/21/1992","5,509.39","5,489.73","5,532.61","5,474.45","-","0.51%"
"08/20/1992","5,481.61","5,620.44","5,620.44","5,377.14","-","-2.47%"
"08/19/1992","5,620.44","5,681.13","5,722.41","5,619.90","-","-0.96%"
"08/18/1992","5,675.16","5,676.41","5,681.72","5,621.70","-","0.13%"
"08/17/1992","5,667.85","5,829.28","5,830.10","5,651.37","-","-2.66%"
"08/14/1992","5,822.59","5,849.38","5,855.24","5,818.17","-","-0.59%"
"08/13/1992","5,857.11","5,877.99","5,877.99","5,833.77","-","-0.38%"
"08/12/1992","5,879.19","5,883.96","5,956.66","5,876.35","-","-0.13%"
"08/11/1992","5,886.75","5,866.13","5,901.44","5,855.06","-","0.32%"
"08/10/1992","5,867.94","5,856.36","5,887.62","5,840.49","-","0.29%"
"08/07/1992","5,850.93","5,847.78","5,854.34","5,822.37","-","-0.24%"
"08/06/1992","5,865.27","5,841.54","5,877.98","5,839.17","-","0.41%"
"08/05/1992","5,841.24","5,855.37","5,868.10","5,821.56","-","-0.32%"
"08/04/1992","5,859.78","5,907.10","5,926.81","5,847.26","-","-0.86%"
"08/03/1992","5,910.73","5,885.73","5,937.26","5,881.30","-","0.50%"
"07/31/1992","5,881.13","5,831.14","5,882.92","5,805.97","-","0.88%"
"07/30/1992","5,829.83","5,880.61","5,902.42","5,811.21","-","-0.47%"
"07/29/1992","5,857.29","5,796.78","5,893.89","5,796.78","-","1.29%"
"07/28/1992","5,782.63","5,664.39","5,782.63","5,664.39","-","2.09%"
"07/27/1992","5,664.39","5,773.97","5,783.96","5,657.56","-","-1.88%"
"07/24/1992","5,772.76","5,916.55","5,916.55","5,772.52","-","-2.44%"
"07/23/1992","5,917.16","5,977.78","5,977.78","5,917.16","-","-1.55%"
"07/21/1992","6,010.44","5,961.20","6,058.09","5,928.94","-","0.40%"
"07/20/1992","5,986.49","6,113.75","6,113.75","5,984.97","-","-2.31%"
"07/17/1992","6,128.06","6,159.18","6,159.42","6,110.13","-","-0.56%"
"07/16/1992","6,162.53","6,138.69","6,239.67","6,138.69","-","0.61%"
"07/15/1992","6,125.46","6,098.34","6,145.82","6,069.73","-","0.46%"
"07/14/1992","6,097.19","6,092.82","6,130.44","6,092.82","-","0.19%"
"07/13/1992","6,085.85","5,988.33","6,088.65","5,988.33","-","1.75%"
"07/10/1992","5,981.36","5,924.18","5,988.01","5,923.27","-","0.94%"
"07/09/1992","5,925.52","5,976.56","5,980.49","5,925.52","-","-0.94%"
"07/08/1992","5,981.91","5,916.72","5,982.86","5,900.91","-","1.18%"
"07/07/1992","5,911.92","5,997.16","5,997.16","5,857.47","-","-1.87%"
"07/06/1992","6,024.77","6,072.01","6,084.36","6,021.65","-","-0.61%"
"07/03/1992","6,061.85","6,073.74","6,077.92","5,985.22","-","-0.20%"
"07/02/1992","6,073.74","6,134.23","6,173.89","6,073.74","-","-0.99%"
"07/01/1992","6,134.75","6,107.27","6,164.19","6,107.27","-","0.51%"
"06/30/1992","6,103.92","6,061.07","6,109.35","6,038.38","-","0.76%"
"06/29/1992","6,057.90","6,113.10","6,124.68","6,048.49","-","-0.90%"
"06/26/1992","6,113.10","6,094.98","6,178.96","6,090.03","-","0.57%"
"06/25/1992","6,078.69","5,965.21","6,106.27","5,965.21","-","1.90%"
"06/24/1992","5,965.21","5,894.70","5,987.91","5,894.70","-","1.14%"
"06/23/1992","5,897.86","5,820.32","5,897.93","5,787.30","-","1.34%"
"06/22/1992","5,819.94","5,787.60","5,863.89","5,787.60","-","0.56%"
"06/19/1992","5,787.60","5,790.32","5,791.81","5,744.25","-","-0.15%"
"06/18/1992","5,796.10","5,840.82","5,840.82","5,790.51","-","-0.85%"
"06/17/1992","5,846.06","5,841.53","5,891.25","5,836.00","-","-0.01%"
"06/16/1992","5,846.75","5,813.71","5,851.82","5,763.24","-","0.48%"
"06/12/1992","5,819.07","5,829.87","5,881.80","5,786.42","-","-0.13%"
"06/11/1992","5,826.54","5,894.50","5,894.71","5,791.13","-","-1.54%"
"06/10/1992","5,917.50","5,941.56","5,989.16","5,889.80","-","-0.38%"
"06/09/1992","5,940.19","5,952.97","5,973.01","5,898.18","-","-0.64%"
"06/08/1992","5,978.75","6,026.05","6,039.94","5,978.12","-","-0.95%"
"06/04/1992","6,035.80","6,012.03","6,067.73","5,979.73","-","-0.03%"
"06/03/1992","6,037.37","6,057.64","6,057.64","5,996.91","-","-0.36%"
"06/02/1992","6,059.39","6,058.49","6,081.45","5,999.85","-","0.06%"
"06/01/1992","6,056.00","6,099.41","6,161.20","6,044.55","-","-0.40%"
"05/29/1992","6,080.15","5,983.70","6,084.15","5,970.74","-","1.54%"
"05/28/1992","5,988.13","6,094.70","6,105.41","5,967.76","-","-1.55%"
"05/27/1992","6,082.70","6,058.34","6,101.89","6,005.28","-","0.51%"
"05/26/1992","6,052.08","5,995.43","6,052.59","5,956.99","-","0.98%"
"05/25/1992","5,993.11","5,903.23","6,032.19","5,903.23","-","2.28%"
"05/22/1992","5,859.68","5,869.55","5,923.94","5,841.44","-","-0.10%"
"05/21/1992","5,865.61","5,769.69","5,884.06","5,769.69","-","1.94%"
"05/20/1992","5,753.76","5,663.83","5,761.89","5,663.83","-","1.98%"
"05/19/1992","5,642.24","5,637.09","5,663.72","5,635.87","-","0.09%"
"05/18/1992","5,637.09","5,684.85","5,690.51","5,605.50","-","-1.18%"
"05/15/1992","5,704.50","5,722.87","5,751.77","5,693.58","-","-0.73%"
"05/14/1992","5,746.45","5,757.48","5,833.44","5,733.37","-","-0.20%"
"05/13/1992","5,757.95","5,698.51","5,768.29","5,698.51","-","0.91%"
"05/12/1992","5,705.93","5,632.34","5,722.96","5,632.34","-","1.31%"
"05/11/1992","5,632.34","5,609.15","5,638.65","5,577.20","-","0.43%"
"05/08/1992","5,608.19","5,627.05","5,651.34","5,607.14","-","-0.38%"
"05/07/1992","5,629.58","5,586.27","5,631.44","5,586.27","-","0.87%"
"05/06/1992","5,581.20","5,624.02","5,646.46","5,565.09","-","-0.89%"
"05/05/1992","5,631.21","5,627.27","5,684.40","5,601.60","-","0.31%"
"05/04/1992","5,613.78","5,520.87","5,624.59","5,520.87","-","2.36%"
"05/01/1992","5,484.21","5,349.59","5,486.44","5,349.59","-","2.13%"
"04/30/1992","5,369.57","5,374.39","5,397.92","5,351.57","-","0.13%"
"04/29/1992","5,362.41","5,422.02","5,422.02","5,361.42","-","-1.12%"
"04/28/1992","5,423.39","5,378.45","5,442.90","5,378.45","-","0.96%"
"04/27/1992","5,371.77","5,329.40","5,375.46","5,295.06","-","0.78%"
"04/24/1992","5,330.17","5,312.84","5,368.00","5,271.17","-","0.80%"
"04/23/1992","5,287.78","5,199.49","5,317.17","5,199.49","-","1.90%"
"04/22/1992","5,189.03","5,094.15","5,197.62","5,094.15","-","1.88%"
"04/21/1992","5,093.09","5,075.05","5,118.46","5,072.53","-","0.20%"
"04/16/1992","5,082.69","4,990.60","5,086.17","4,990.60","-","1.94%"
"04/15/1992","4,986.11","4,899.61","4,986.11","4,899.61","-","2.10%"
"04/14/1992","4,883.53","4,882.19","4,892.16","4,867.07","-","-0.11%"
"04/13/1992","4,889.14","4,923.07","4,941.11","4,885.98","-","-0.65%"
"04/10/1992","4,921.11","4,787.87","4,931.13","4,787.87","-","4.05%"
"04/09/1992","4,729.39","4,827.58","4,832.35","4,729.39","-","-2.03%"
"04/08/1992","4,827.58","4,915.24","4,915.24","4,805.37","-","-2.01%"
"04/07/1992","4,926.43","4,900.39","4,926.43","4,900.39","-","0.60%"
"04/06/1992","4,896.90","4,911.15","4,911.95","4,859.41","-","-0.40%"
"04/03/1992","4,916.70","4,924.27","4,949.68","4,909.04","-","-0.15%"
"04/02/1992","4,924.27","4,909.96","4,925.87","4,883.74","-","0.29%"
"04/01/1992","4,909.96","4,936.62","4,938.65","4,876.23","-","-0.57%"
"03/31/1992","4,938.30","4,978.27","4,984.69","4,930.87","-","-0.80%"
"03/30/1992","4,978.27","5,006.21","5,006.21","4,969.76","-","-0.59%"
"03/27/1992","5,007.58","5,036.94","5,056.77","5,005.26","-","-0.60%"
"03/26/1992","5,037.71","5,051.05","5,062.71","5,003.61","-","-0.29%"
"03/25/1992","5,052.23","5,051.55","5,068.23","5,049.09","-","-0.00%"
"03/24/1992","5,052.32","5,061.14","5,066.76","5,034.14","-","-0.17%"
"03/23/1992","5,061.14","5,018.40","5,063.59","5,018.40","-","0.90%"
"03/20/1992","5,015.81","5,022.76","5,024.18","4,961.02","-","0.51%"
"03/19/1992","4,990.59","5,035.12","5,085.92","4,978.01","-","-0.90%"
"03/18/1992","5,036.07","4,980.14","5,036.07","4,938.87","-","-0.18%"
"03/17/1992","5,045.39","5,059.86","5,059.86","5,008.53","-","-0.29%"
"03/16/1992","5,059.86","5,075.22","5,104.62","5,047.25","-","-0.22%"
"03/13/1992","5,071.19","5,046.73","5,113.85","5,046.73","-","0.56%"
"03/12/1992","5,042.81","5,005.24","5,045.18","4,975.61","-","0.74%"
"03/11/1992","5,005.96","4,962.18","5,018.86","4,962.18","-","1.77%"
"03/10/1992","4,918.95","4,849.57","4,918.95","4,849.57","-","1.45%"
"03/09/1992","4,848.63","4,908.90","4,911.45","4,844.27","-","-1.23%"
"03/06/1992","4,908.90","4,958.58","4,958.58","4,879.01","-","-1.12%"
"03/05/1992","4,964.29","4,964.23","4,985.76","4,929.50","-","0.20%"
"03/04/1992","4,954.50","4,913.68","4,984.82","4,913.68","-","0.88%"
"03/03/1992","4,911.13","4,952.19","4,966.07","4,909.66","-","-0.83%"
"03/02/1992","4,952.19","4,930.59","4,986.98","4,905.75","-","0.47%"
"02/28/1992","4,929.06","4,921.50","4,966.88","4,917.70","-","0.69%"
"02/27/1992","4,895.13","4,815.25","4,895.13","4,815.25","-","2.09%"
"02/26/1992","4,794.71","4,766.48","4,802.86","4,766.48","-","0.72%"
"02/25/1992","4,760.20","4,716.43","4,763.00","4,714.99","-","0.95%"
"02/24/1992","4,715.62","4,737.06","4,737.06","4,702.93","-","-0.44%"
"02/21/1992","4,736.47","4,733.90","4,760.69","4,730.45","-","0.43%"
"02/20/1992","4,716.00","4,723.41","4,723.41","4,681.65","-","-0.21%"
"02/19/1992","4,725.70","4,750.20","4,755.46","4,725.70","-","-0.45%"
"02/18/1992","4,747.10","4,720.22","4,769.69","4,720.22","-","0.59%"
"02/17/1992","4,719.19","4,772.32","4,778.78","4,714.85","-","-1.11%"
"02/14/1992","4,772.32","4,761.74","4,796.00","4,748.90","-","0.19%"
"02/13/1992","4,763.50","4,736.94","4,782.85","4,736.94","-","0.66%"
"02/12/1992","4,732.43","4,675.78","4,737.28","4,675.70","-","1.24%"
"02/11/1992","4,674.52","4,733.56","4,746.24","4,673.63","-","-1.25%"
"02/10/1992","4,733.56","4,710.68","4,742.91","4,692.81","-","0.47%"
"02/07/1992","4,711.37","4,681.76","4,714.45","4,679.66","-","0.84%"
"02/03/1992","4,672.09","4,603.03","4,673.61","4,603.03","-","1.53%"
"01/31/1992","4,601.78","4,571.47","4,602.87","4,571.47","-","0.66%"
"01/30/1992","4,571.47","4,569.75","4,571.47","4,525.81","-","0.01%"
"01/29/1992","4,571.13","4,595.53","4,617.42","4,566.49","-","-0.33%"
"01/28/1992","4,586.33","4,557.60","4,602.43","4,557.60","-","0.69%"
"01/27/1992","4,554.73","4,599.04","4,599.04","4,541.90","-","-0.99%"
"01/24/1992","4,600.08","4,607.59","4,635.10","4,573.09","-","-0.56%"
"01/23/1992","4,625.84","4,552.27","4,630.68","4,542.52","-","1.65%"
"01/22/1992","4,550.72","4,518.72","4,564.33","4,502.21","-","0.63%"
"01/21/1992","4,522.21","4,510.47","4,529.62","4,488.54","-","0.26%"
"01/20/1992","4,510.47","4,469.17","4,529.39","4,469.17","-","1.25%"
"01/17/1992","4,454.89","4,424.66","4,458.90","4,422.53","-","0.97%"
"01/16/1992","4,412.14","4,383.58","4,424.34","4,383.58","-","0.67%"
"01/15/1992","4,382.66","4,393.74","4,420.07","4,371.82","-","0.34%"
"01/14/1992","4,367.61","4,326.75","4,373.54","4,322.01","-","0.96%"
"01/13/1992","4,325.91","4,347.96","4,353.93","4,319.13","-","-0.53%"
"01/10/1992","4,348.92","4,334.93","4,368.57","4,334.93","-","0.33%"
"01/09/1992","4,334.54","4,340.56","4,342.39","4,326.18","-","-0.07%"
"01/08/1992","4,337.67","4,347.93","4,373.66","4,328.47","-","-0.24%"
"01/07/1992","4,347.93","4,306.97","4,356.80","4,303.46","-","0.95%"
"01/06/1992","4,306.97","4,319.74","4,330.86","4,297.68","-","-0.00%"
"01/03/1992","4,307.13","4,301.78","4,311.78","4,294.18","-","0.12%"
"01/02/1992","4,301.78","4,297.33","4,316.60","4,284.07","-","0.10%"
"12/31/1991","4,297.33","4,284.96","4,309.32","4,284.34","-","0.52%"
"12/30/1991","4,275.20","4,240.48","4,277.69","4,240.48","-","0.92%"
"12/27/1991","4,236.20","4,192.76","4,242.43","4,192.76","-","1.04%"
"12/24/1991","4,192.76","4,155.94","4,194.93","4,155.94","-","1.12%"
"12/23/1991","4,146.12","4,142.61","4,168.58","4,142.61","-","0.08%"
"12/20/1991","4,142.61","4,182.81","4,183.56","4,141.17","-","-0.96%"
"12/19/1991","4,182.81","4,177.67","4,188.75","4,176.76","-","0.12%"
"12/18/1991","4,177.67","4,183.99","4,193.72","4,171.07","-","-0.18%"
"12/17/1991","4,185.03","4,171.66","4,187.93","4,158.79","-","0.32%"
"12/16/1991","4,171.66","4,156.16","4,172.43","4,156.16","-","0.39%"
"12/13/1991","4,155.48","4,117.36","4,167.21","4,117.36","-","1.45%"
"12/12/1991","4,096.00","4,099.14","4,129.91","4,092.70","-","-0.03%"
"12/11/1991","4,097.23","4,124.51","4,124.51","4,086.50","-","-0.75%"
"12/10/1991","4,128.32","4,198.98","4,198.98","4,128.32","-","-1.78%"
"12/09/1991","4,203.20","4,188.22","4,209.03","4,183.98","-","0.31%"
"12/06/1991","4,190.04","4,145.50","4,191.93","4,137.56","-","0.79%"
"12/05/1991","4,157.15","4,161.59","4,161.59","4,151.54","-","-0.11%"
"12/04/1991","4,161.59","4,125.80","4,173.37","4,121.34","-","0.90%"
"12/03/1991","4,124.38","4,105.57","4,147.15","4,105.57","-","0.73%"
"12/02/1991","4,094.42","4,149.80","4,149.80","4,084.32","-","-1.33%"
"11/29/1991","4,149.80","4,146.13","4,165.42","4,143.61","-","0.10%"
"11/28/1991","4,145.61","4,177.34","4,177.34","4,121.51","-","-0.81%"
"11/27/1991","4,179.30","4,202.10","4,208.82","4,162.69","-","-0.54%"
"11/26/1991","4,202.10","4,216.21","4,232.03","4,202.10","-","-0.44%"
"11/25/1991","4,220.74","4,238.04","4,240.72","4,210.45","-","-0.53%"
"11/22/1991","4,243.07","4,230.63","4,243.56","4,223.53","-","0.20%"
"11/21/1991","4,234.57","4,207.06","4,247.54","4,206.67","-","0.80%"
"11/20/1991","4,200.94","4,250.15","4,250.15","4,200.94","-","-1.41%"
"11/19/1991","4,261.23","4,208.09","4,280.75","4,208.09","-","1.50%"
"11/18/1991","4,198.21","4,228.17","4,231.86","4,152.05","-","-1.71%"
"11/15/1991","4,271.34","4,211.32","4,275.01","4,208.52","-","1.43%"
"11/14/1991","4,211.32","4,240.28","4,241.05","4,198.68","-","-0.68%"
"11/13/1991","4,240.28","4,255.10","4,279.11","4,229.77","-","-0.30%"
"11/12/1991","4,253.02","4,220.33","4,253.84","4,166.58","-","0.52%"
"11/11/1991","4,230.91","4,220.42","4,265.43","4,219.67","-","-0.14%"
"11/08/1991","4,236.64","4,187.25","4,236.64","4,187.25","-","1.24%"
"11/07/1991","4,184.74","4,165.18","4,184.74","4,152.55","-","0.27%"
"11/06/1991","4,173.57","4,156.65","4,185.02","4,156.65","-","0.65%"
"11/05/1991","4,146.54","4,083.04","4,149.39","4,083.04","-","1.56%"
"11/04/1991","4,083.04","4,038.45","4,085.39","4,038.45","-","1.12%"
"11/01/1991","4,037.82","4,041.35","4,047.49","4,028.18","-","-0.02%"
"10/31/1991","4,038.74","4,020.04","4,053.43","4,017.47","-","0.47%"
"10/30/1991","4,020.04","4,000.26","4,030.51","4,000.26","-","0.50%"
"10/29/1991","4,000.05","3,988.82","4,020.60","3,988.82","-","0.29%"
"10/28/1991","3,988.60","3,971.33","3,993.35","3,969.45","-","0.42%"
"10/25/1991","3,971.90","3,989.34","3,992.92","3,969.14","-","-0.44%"
"10/24/1991","3,989.34","4,036.06","4,050.08","3,989.34","-","-0.80%"
"10/23/1991","4,021.38","3,985.17","4,024.46","3,980.50","-","1.00%"
"10/22/1991","3,981.66","3,997.90","3,997.90","3,977.89","-","-0.43%"
"10/21/1991","3,998.74","4,015.91","4,032.43","3,996.46","-","-0.43%"
"10/18/1991","4,015.91","4,018.43","4,023.81","3,993.70","-","-0.06%"
"10/17/1991","4,018.43","4,037.26","4,053.17","4,011.09","-","-0.38%"
"10/15/1991","4,033.75","4,023.22","4,044.24","4,023.22","-","0.29%"
"10/14/1991","4,022.21","4,017.98","4,035.40","3,996.69","-","0.11%"
"10/11/1991","4,017.98","4,052.20","4,052.20","4,007.46","-","-0.94%"
"10/10/1991","4,056.22","4,080.73","4,091.57","4,056.22","-","-0.49%"
"10/09/1991","4,076.38","4,064.98","4,088.95","4,043.64","-","0.23%"
"10/08/1991","4,066.85","4,060.37","4,066.85","4,040.10","-","0.16%"
"10/07/1991","4,060.37","4,073.12","4,076.14","4,048.95","-","-0.18%"
"10/04/1991","4,067.69","4,081.00","4,087.94","4,063.15","-","-0.63%"
"10/03/1991","4,093.41","4,069.09","4,093.41","4,069.09","-","0.77%"
"10/02/1991","4,062.07","4,029.09","4,078.66","4,029.09","-","0.95%"
"10/01/1991","4,023.87","3,958.22","4,023.87","3,958.22","-","1.70%"
"09/30/1991","3,956.69","3,940.76","3,964.63","3,940.76","-","0.46%"
"09/27/1991","3,938.72","3,926.06","3,947.72","3,926.06","-","0.27%"
"09/26/1991","3,927.98","3,901.95","3,940.69","3,901.95","-","0.67%"
"09/25/1991","3,901.95","3,903.62","3,912.88","3,897.84","-","-0.06%"
"09/24/1991","3,904.19","3,910.68","3,916.36","3,898.16","-","-0.16%"
"09/20/1991","3,910.34","3,858.21","3,930.72","3,858.21","-","1.21%"
"09/19/1991","3,863.68","3,897.78","3,897.78","3,863.15","-","-0.94%"
"09/18/1991","3,900.48","3,938.71","3,942.32","3,900.48","-","-0.97%"
"09/17/1991","3,938.71","3,953.53","3,959.33","3,926.76","-","-0.37%"
"09/16/1991","3,953.53","3,976.76","3,988.43","3,945.93","-","-0.52%"
"09/13/1991","3,974.12","3,957.29","3,976.96","3,956.12","-","0.10%"
"09/12/1991","3,970.10","3,966.93","3,977.32","3,966.60","-","0.08%"
"09/11/1991","3,966.93","3,959.79","3,976.22","3,958.67","-","0.19%"
"09/10/1991","3,959.27","3,940.54","3,959.73","3,931.18","-","0.48%"
"09/09/1991","3,940.54","3,969.44","3,984.97","3,939.70","-","-0.76%"
"09/06/1991","3,970.91","3,990.16","3,991.54","3,969.17","-","-0.48%"
"09/05/1991","3,990.16","4,006.45","4,009.64","3,980.46","-","-0.41%"
"09/04/1991","4,006.45","4,026.10","4,030.09","4,003.38","-","-0.46%"
"09/03/1991","4,025.07","4,023.54","4,033.40","4,008.85","-","0.04%"
"09/02/1991","4,023.54","3,998.26","4,032.88","3,998.26","-","0.63%"
"08/30/1991","3,998.26","3,963.00","3,998.27","3,963.00","-","0.96%"
"08/29/1991","3,960.23","3,968.75","3,985.09","3,946.51","-","-0.20%"
"08/28/1991","3,968.14","3,983.82","3,994.78","3,958.38","-","-0.35%"
"08/27/1991","3,981.96","4,027.84","4,045.05","3,963.15","-","-0.97%"
"08/23/1991","4,021.02","4,048.13","4,048.13","4,009.51","-","-0.61%"
"08/22/1991","4,045.57","3,996.62","4,094.72","3,996.62","-","4.71%"
"08/21/1991","3,863.68","3,843.16","3,865.52","3,794.42","-","0.40%"
"08/20/1991","3,848.44","3,727.64","3,848.99","3,727.64","-","3.38%"
"08/19/1991","3,722.75","4,053.80","4,053.80","3,708.81","-","-8.38%"
"08/16/1991","4,063.28","4,073.34","4,073.34","4,056.52","-","-0.25%"
"08/15/1991","4,073.34","4,083.43","4,084.73","4,071.98","-","-0.14%"
"08/14/1991","4,079.01","4,051.42","4,088.65","4,051.42","-","0.65%"
"08/13/1991","4,052.70","4,069.11","4,069.11","4,044.65","-","-0.43%"
"08/12/1991","4,070.14","4,030.09","4,079.30","4,030.09","-","1.15%"
"08/09/1991","4,024.01","4,046.02","4,050.48","3,996.97","-","-0.56%"
"08/08/1991","4,046.56","4,059.92","4,074.88","4,031.95","-","-0.36%"
"08/07/1991","4,061.31","4,021.27","4,067.37","4,017.41","-","1.00%"
"08/06/1991","4,021.27","4,061.92","4,069.30","4,021.27","-","-1.03%"
"08/05/1991","4,063.01","4,061.04","4,076.55","4,050.86","-","0.09%"
"08/02/1991","4,059.40","4,035.39","4,063.59","4,034.80","-","0.73%"
"08/01/1991","4,030.01","4,012.78","4,033.15","4,004.21","-","0.51%"
"07/31/1991","4,009.58","3,999.00","4,010.13","3,973.27","-","0.44%"
"07/30/1991","3,991.83","4,011.07","4,017.17","3,979.38","-","-0.61%"
"07/29/1991","4,016.29","4,027.10","4,042.86","4,008.01","-","-0.37%"
"07/26/1991","4,031.29","4,012.62","4,038.08","4,012.62","-","0.47%"
"07/25/1991","4,012.62","4,029.80","4,030.39","3,995.71","-","-0.40%"
"07/24/1991","4,028.77","4,016.50","4,047.09","4,016.50","-","0.47%"
"07/23/1991","4,009.82","3,989.62","4,012.13","3,978.57","-","0.54%"
"07/22/1991","3,988.35","4,009.35","4,023.46","3,988.35","-","-0.52%"
"07/19/1991","4,009.35","3,979.77","4,025.63","3,979.77","-","0.82%"
"07/18/1991","3,976.83","3,958.09","3,987.19","3,955.37","-","0.36%"
"07/17/1991","3,962.46","3,998.18","3,998.18","3,945.15","-","-0.88%"
"07/16/1991","3,997.67","3,948.54","4,003.01","3,947.50","-","1.33%"
"07/15/1991","3,945.12","3,921.69","3,958.71","3,915.17","-","0.76%"
"07/12/1991","3,915.17","3,894.05","3,917.64","3,888.59","-","0.59%"
"07/11/1991","3,892.12","3,901.23","3,908.92","3,879.33","-","-0.23%"
"07/10/1991","3,901.23","3,905.03","3,938.96","3,897.00","-","-0.08%"
"07/09/1991","3,904.19","3,894.73","3,912.98","3,840.15","-","0.60%"
"07/08/1991","3,880.73","3,894.41","3,935.53","3,880.73","-","-0.31%"
"07/05/1991","3,892.71","3,862.64","3,919.08","3,860.70","-","1.09%"
"07/04/1991","3,850.71","3,799.83","3,854.90","3,797.60","-","1.43%"
"07/03/1991","3,796.57","3,772.24","3,802.85","3,754.90","-","0.63%"
"07/02/1991","3,772.91","3,764.65","3,793.94","3,758.77","-","0.91%"
"07/01/1991","3,738.85","3,681.60","3,751.30","3,672.17","-","1.91%"
"06/28/1991","3,668.64","3,631.67","3,673.25","3,631.67","-","1.07%"
"06/27/1991","3,629.79","3,638.23","3,648.42","3,625.16","-","-0.13%"
"06/26/1991","3,634.64","3,609.41","3,644.83","3,608.79","-","0.84%"
"06/25/1991","3,604.26","3,567.12","3,613.38","3,549.60","-","0.97%"
"06/24/1991","3,569.54","3,567.07","3,601.08","3,565.14","-","0.12%"
"06/21/1991","3,565.14","3,593.38","3,593.38","3,565.14","-","-0.79%"
"06/20/1991","3,593.38","3,624.52","3,624.91","3,589.51","-","-0.90%"
"06/19/1991","3,626.13","3,638.12","3,642.10","3,624.08","-","-0.36%"
"06/14/1991","3,639.15","3,634.49","3,646.21","3,626.64","-","0.18%"
"06/13/1991","3,632.55","3,630.93","3,665.80","3,627.90","-","0.13%"
"06/12/1991","3,627.90","3,631.48","3,632.58","3,621.67","-","-0.10%"
"06/11/1991","3,631.48","3,623.59","3,656.57","3,621.19","-","0.28%"
"06/10/1991","3,621.19","3,637.77","3,638.02","3,595.56","-","-0.46%"
"06/07/1991","3,637.77","3,674.33","3,676.00","3,628.46","-","-1.10%"
"06/06/1991","3,678.19","3,690.01","3,695.81","3,676.23","-","-0.32%"
"06/05/1991","3,690.01","3,667.62","3,706.80","3,658.97","-","0.61%"
"06/04/1991","3,667.62","3,686.63","3,686.63","3,652.99","-","-0.56%"
"06/03/1991","3,688.14","3,698.56","3,703.30","3,672.89","-","-0.51%"
"05/31/1991","3,707.01","3,681.75","3,716.30","3,681.75","-","0.74%"
"05/30/1991","3,679.72","3,625.75","3,687.59","3,625.75","-","1.50%"
"05/29/1991","3,625.39","3,598.40","3,646.44","3,596.45","-","0.85%"
"05/28/1991","3,594.78","3,595.89","3,643.98","3,557.42","-","0.54%"
"05/27/1991","3,575.52","3,646.95","3,682.49","3,559.83","-","-3.47%"
"05/24/1991","3,703.98","3,777.26","3,778.79","3,698.07","-","-1.98%"
"05/23/1991","3,778.79","3,805.54","3,819.40","3,722.38","-","-1.25%"
"05/22/1991","3,826.62","3,830.00","3,837.12","3,793.01","-","-0.09%"
"05/21/1991","3,829.88","3,917.09","3,917.09","3,829.20","-","-2.23%"
"05/20/1991","3,917.09","3,917.09","3,917.09","3,878.22","-","0.88%"
"05/17/1991","3,882.84","3,843.05","3,882.84","3,843.05","-","0.60%"
"05/16/1991","3,859.66","3,789.69","3,860.75","3,789.69","-","1.85%"
"05/15/1991","3,789.69","3,783.25","3,794.49","3,771.72","-","0.12%"
"05/14/1991","3,785.14","3,756.92","3,797.87","3,756.92","-","0.46%"
"05/13/1991","3,767.63","3,750.20","3,786.09","3,749.35","-","0.46%"
"05/10/1991","3,750.20","3,748.73","3,768.90","3,744.29","-","0.15%"
"05/09/1991","3,744.46","3,746.50","3,752.23","3,727.62","-","-0.09%"
"05/08/1991","3,747.80","3,742.35","3,758.13","3,740.63","-","0.17%"
"05/07/1991","3,741.51","3,704.43","3,756.73","3,704.43","-","1.00%"
"05/06/1991","3,704.43","3,727.58","3,729.75","3,704.43","-","-0.89%"
"05/03/1991","3,737.88","3,721.22","3,769.05","3,721.22","-","0.32%"
"05/02/1991","3,726.14","3,637.16","3,729.67","3,631.90","-","2.61%"
"05/01/1991","3,631.23","3,589.77","3,633.83","3,588.36","-","1.19%"
"04/30/1991","3,588.36","3,624.72","3,626.08","3,586.94","-","-1.00%"
"04/29/1991","3,624.72","3,625.15","3,628.97","3,596.68","-","-0.03%"
"04/26/1991","3,625.80","3,597.43","3,644.88","3,590.75","-","0.87%"
"04/25/1991","3,594.38","3,603.00","3,605.40","3,591.80","-","-0.30%"
"04/24/1991","3,605.29","3,570.69","3,632.25","3,570.69","-","1.00%"
"04/23/1991","3,569.64","3,584.40","3,584.40","3,549.12","-","-0.36%"
"04/22/1991","3,582.49","3,665.66","3,665.66","3,538.78","-","-2.32%"
"04/19/1991","3,667.40","3,693.57","3,693.57","3,667.40","-","-0.86%"
"04/18/1991","3,699.26","3,687.01","3,711.42","3,684.19","-","0.33%"
"04/17/1991","3,687.01","3,718.57","3,732.38","3,684.32","-","-0.82%"
"04/16/1991","3,717.46","3,714.24","3,744.87","3,712.98","-","0.08%"
"04/15/1991","3,714.37","3,737.57","3,739.25","3,680.21","-","-0.74%"
"04/12/1991","3,742.00","3,702.20","3,742.64","3,702.20","-","1.03%"
"04/11/1991","3,703.93","3,776.39","3,779.24","3,703.93","-","-1.95%"
"04/10/1991","3,777.62","3,755.90","3,778.16","3,709.62","-","0.54%"
"04/09/1991","3,757.30","3,806.29","3,806.29","3,732.96","-","-1.44%"
"04/08/1991","3,812.01","3,845.55","3,889.48","3,809.98","-","-0.96%"
"04/04/1991","3,849.15","3,869.70","3,874.52","3,838.86","-","-0.53%"
"04/03/1991","3,869.70","3,792.02","3,877.12","3,792.02","-","2.10%"
"04/02/1991","3,789.99","3,745.02","3,792.99","3,736.84","-","1.18%"
"03/28/1991","3,745.97","3,692.06","3,746.31","3,692.06","-","1.47%"
"03/27/1991","3,691.82","3,683.00","3,725.98","3,673.05","-","0.21%"
"03/26/1991","3,683.90","3,718.00","3,725.98","3,673.05","-","-0.93%"
"03/25/1991","3,718.55","3,716.00","3,731.72","3,697.27","-","0.06%"
"03/22/1991","3,716.15","3,666.34","3,721.27","3,666.34","-","1.50%"
"03/21/1991","3,661.16","3,683.00","3,715.09","3,656.55","-","-0.60%"
"03/20/1991","3,683.41","3,748.00","3,748.01","3,683.41","-","-1.81%"
"03/19/1991","3,751.40","3,724.00","3,761.28","3,719.74","-","0.73%"
"03/18/1991","3,724.35","3,722.00","3,742.02","3,694.53","-","0.05%"
"03/15/1991","3,722.39","3,632.22","3,722.39","3,632.22","-","2.60%"
"03/14/1991","3,627.91","3,636.00","3,658.82","3,625.26","-","-0.18%"
"03/13/1991","3,634.48","3,658.00","3,661.30","3,628.69","-","-0.64%"
"03/12/1991","3,658.07","3,669.00","3,669.03","3,639.78","-","-0.30%"
"03/11/1991","3,669.03","3,657.08","3,697.49","3,657.08","-","0.43%"
"03/08/1991","3,653.19","3,657.00","3,657.64","3,614.23","-","-0.14%"
"03/07/1991","3,658.24","3,649.00","3,668.32","3,641.57","-","0.30%"
"03/06/1991","3,647.33","3,616.64","3,659.58","3,616.64","-","1.30%"
"03/05/1991","3,600.49","3,564.34","3,604.56","3,564.34","-","1.01%"
"03/04/1991","3,564.34","3,552.00","3,568.24","3,536.89","-","0.34%"
"03/01/1991","3,552.37","3,541.00","3,565.02","3,536.95","-","0.01%"
"02/28/1991","3,552.14","3,512.79","3,554.70","3,512.79","-","1.12%"
"02/27/1991","3,512.79","3,532.00","3,532.43","3,498.41","-","-0.56%"
"02/26/1991","3,532.43","3,520.00","3,544.69","3,516.18","-","0.34%"
"02/25/1991","3,520.45","3,475.00","3,520.99","3,447.49","-","1.30%"
"02/22/1991","3,475.34","3,477.00","3,502.45","3,464.95","-","-0.07%"
"02/21/1991","3,477.61","3,490.00","3,490.75","3,458.36","-","-0.42%"
"02/20/1991","3,492.16","3,467.00","3,494.06","3,455.43","-","0.70%"
"02/19/1991","3,467.84","3,473.00","3,498.40","3,457.07","-","-0.16%"
"02/18/1991","3,473.42","3,422.94","3,495.64","3,422.94","-","1.78%"
"02/13/1991","3,412.66","3,389.00","3,417.12","3,377.53","-","0.52%"
"02/12/1991","3,395.00","3,392.16","3,434.85","3,392.16","-","0.03%"
"02/11/1991","3,394.08","3,359.09","3,397.05","3,359.09","-","1.04%"
"02/08/1991","3,359.09","3,332.00","3,359.32","3,328.65","-","0.75%"
"02/07/1991","3,333.98","3,365.00","3,365.58","3,333.90","-","-0.94%"
"02/06/1991","3,365.46","3,345.00","3,369.71","3,337.79","-","0.60%"
"02/05/1991","3,345.41","3,259.51","3,345.41","3,259.51","-","2.92%"
"02/04/1991","3,250.43","3,223.49","3,250.43","3,223.49","-","0.84%"
"02/01/1991","3,223.49","3,243.00","3,245.54","3,220.66","-","-0.61%"
"01/31/1991","3,243.30","3,201.94","3,256.32","3,201.94","-","1.32%"
"01/30/1991","3,200.89","3,188.00","3,200.89","3,180.65","-","0.25%"
"01/29/1991","3,192.90","3,198.00","3,217.99","3,188.28","-","-0.17%"
"01/28/1991","3,198.29","3,205.00","3,211.18","3,179.29","-","-0.25%"
"01/25/1991","3,206.36","3,140.50","3,206.36","3,140.50","-","2.10%"
"01/24/1991","3,140.50","3,090.40","3,140.50","3,090.40","-","1.62%"
"01/23/1991","3,090.40","3,062.72","3,093.31","3,062.72","-","0.92%"
"01/22/1991","3,062.08","3,066.00","3,068.74","3,050.32","-","-0.16%"
"01/21/1991","3,066.98","3,072.00","3,075.61","3,047.38","-","-0.17%"
"01/18/1991","3,072.17","3,087.00","3,087.83","3,056.08","-","-0.51%"
"01/17/1991","3,087.83","2,983.00","3,099.80","2,982.49","-","3.48%"
"01/16/1991","2,984.01","3,000.00","3,000.82","2,970.33","-","-0.56%"
"01/15/1991","3,000.82","3,036.00","3,036.75","2,999.75","-","-1.21%"
"01/14/1991","3,037.62","3,058.00","3,058.37","3,014.41","-","-0.68%"
"01/11/1991","3,058.37","3,033.00","3,058.37","3,028.57","-","0.75%"
"01/10/1991","3,035.53","3,027.00","3,040.89","3,004.85","-","0.26%"
"01/09/1991","3,027.60","3,009.00","3,029.45","2,999.23","-","0.60%"
"01/08/1991","3,009.42","3,026.00","3,026.52","2,992.86","-","-0.57%"
"01/07/1991","3,026.52","3,046.00","3,046.61","3,012.36","-","-0.66%"
"01/04/1991","3,046.61","3,004.00","3,050.39","3,002.72","-","1.39%"
"01/03/1991","3,004.88","3,031.00","3,031.34","2,990.42","-","-0.87%"
"01/02/1991","3,031.34","3,024.00","3,033.43","3,018.97","-","0.22%"
"12/31/1990","3,024.55","3,053.00","3,055.15","3,012.48","-","-0.96%"
"12/28/1990","3,053.73","3,066.00","3,066.44","3,049.72","-","-0.42%"
"12/27/1990","3,066.71","3,060.00","3,069.00","3,050.25","-","0.19%"
"12/24/1990","3,060.95","3,079.00","3,079.67","3,049.77","-","-0.61%"
"12/21/1990","3,079.67","3,077.00","3,082.15","3,049.31","-","0.05%"
"12/20/1990","3,078.21","3,083.00","3,087.19","3,072.81","-","-0.17%"
"12/19/1990","3,083.44","3,066.57","3,093.86","3,066.57","-","0.55%"
"12/18/1990","3,066.65","3,045.00","3,072.58","3,022.48","-","0.48%"
"12/17/1990","3,051.92","3,124.00","3,124.27","3,045.30","-","-2.36%"
"12/14/1990","3,125.69","3,150.00","3,150.12","3,123.75","-","-0.78%"
"12/13/1990","3,150.12","3,160.00","3,178.43","3,148.58","-","-0.34%"
"12/12/1990","3,160.79","3,144.00","3,160.79","3,142.91","-","0.51%"
"12/11/1990","3,144.62","3,149.00","3,149.77","3,128.05","-","-0.14%"
"12/10/1990","3,149.13","3,163.00","3,165.87","3,138.38","-","-0.46%"
"12/07/1990","3,163.69","3,126.00","3,175.53","3,123.14","-","1.18%"
"12/06/1990","3,126.79","3,067.65","3,128.15","3,067.65","-","1.98%"
"12/05/1990","3,066.23","3,019.80","3,070.77","3,019.80","-","1.50%"
"12/04/1990","3,020.84","3,020.00","3,022.75","2,996.21","-","0.02%"
"12/03/1990","3,020.17","2,970.79","3,020.24","2,970.79","-","1.86%"
"11/30/1990","2,965.06","2,978.00","2,978.35","2,956.70","-","-0.45%"
"11/29/1990","2,978.35","2,985.00","2,985.46","2,972.06","-","-0.27%"
"11/28/1990","2,986.39","2,998.00","3,003.96","2,972.73","-","-0.42%"
"11/27/1990","2,998.94","2,995.00","2,999.41","2,974.44","-","0.11%"
"11/26/1990","2,995.52","3,016.00","3,017.48","2,983.54","-","-0.68%"
"11/23/1990","3,016.06","3,020.00","3,020.18","3,003.75","-","-0.23%"
"11/22/1990","3,023.08","3,013.66","3,038.94","3,013.66","-","0.31%"
"11/21/1990","3,013.66","3,031.00","3,031.92","2,991.94","-","-0.60%"
"11/20/1990","3,031.92","3,042.00","3,051.08","3,030.88","-","-0.35%"
"11/19/1990","3,042.58","3,008.66","3,047.65","3,008.66","-","1.13%"
"11/16/1990","3,008.66","2,988.00","3,016.72","2,985.85","-","0.61%"
"11/15/1990","2,990.47","3,005.00","3,010.82","2,987.39","-","-0.54%"
"11/14/1990","3,006.82","2,998.00","3,014.44","2,989.82","-","0.26%"
"11/13/1990","2,998.97","2,957.42","2,998.97","2,957.42","-","1.68%"
"11/12/1990","2,949.56","2,935.38","2,970.32","2,935.38","-","0.57%"
"11/09/1990","2,932.92","2,932.00","2,934.17","2,921.85","-","0.02%"
"11/08/1990","2,932.44","2,952.00","2,952.87","2,911.44","-","-0.77%"
"11/07/1990","2,955.19","2,966.00","2,966.71","2,946.49","-","-0.39%"
"11/06/1990","2,966.71","2,967.00","2,976.29","2,957.27","-","-0.02%"
"11/05/1990","2,967.24","2,978.00","3,003.42","2,963.83","-","-0.39%"
"11/02/1990","2,978.92","2,968.00","2,978.92","2,958.29","-","0.34%"
"11/01/1990","2,968.74","2,989.00","2,989.07","2,954.72","-","-0.74%"
"10/31/1990","2,990.96","3,011.00","3,011.65","2,972.93","-","-0.69%"
"10/30/1990","3,011.65","3,064.00","3,064.47","3,007.22","-","-1.69%"
"10/29/1990","3,063.53","3,049.00","3,064.99","3,029.70","-","0.41%"
"10/25/1990","3,050.88","3,042.00","3,064.31","3,041.45","-","0.29%"
"10/24/1990","3,042.08","3,074.00","3,074.63","3,036.40","-","-1.27%"
"10/23/1990","3,081.23","3,015.56","3,085.94","3,015.56","-","2.18%"
"10/22/1990","3,015.56","2,992.48","3,036.96","2,992.48","-","0.79%"
"10/19/1990","2,991.95","2,955.42","3,003.99","2,955.42","-","1.40%"
"10/18/1990","2,950.52","2,960.00","2,965.23","2,949.64","-","-0.27%"
"10/17/1990","2,958.54","2,948.00","2,959.71","2,941.96","-","0.30%"
"10/16/1990","2,949.57","2,916.38","2,954.57","2,916.38","-","1.14%"
"10/15/1990","2,916.38","2,915.00","2,935.99","2,914.09","-","0.04%"
"10/12/1990","2,915.26","2,879.00","2,916.78","2,862.34","-","1.07%"
"10/11/1990","2,884.41","2,872.00","2,892.82","2,863.25","-","0.42%"
"10/10/1990","2,872.41","2,913.00","2,913.52","2,856.26","-","-1.41%"
"10/09/1990","2,913.52","2,925.00","2,926.49","2,898.42","-","-0.41%"
"10/08/1990","2,925.48","2,850.00","2,925.48","2,846.89","-","2.63%"
"10/05/1990","2,850.45","2,860.00","2,894.20","2,849.77","-","-0.42%"
"10/03/1990","2,862.55","2,902.00","2,904.11","2,858.38","-","-1.48%"
"10/02/1990","2,905.48","2,790.14","2,916.26","2,790.14","-","4.09%"
"10/01/1990","2,791.26","2,760.00","2,793.14","2,758.84","-","1.10%"
"09/28/1990","2,760.82","2,766.00","2,766.90","2,733.99","-","-0.26%"
"09/27/1990","2,767.95","2,778.00","2,778.74","2,752.19","-","-0.39%"
"09/26/1990","2,778.74","2,808.00","2,826.01","2,732.69","-","-1.02%"
"09/25/1990","2,807.50","2,860.00","2,860.72","2,786.62","-","-1.90%"
"09/24/1990","2,861.77","2,931.00","2,932.21","2,861.77","-","-2.39%"
"09/21/1990","2,931.86","2,979.00","2,979.53","2,921.24","-","-1.77%"
"09/20/1990","2,984.54","2,980.00","3,001.81","2,979.00","-","0.12%"
"09/19/1990","2,980.95","2,994.00","2,994.45","2,975.55","-","-0.52%"
"09/18/1990","2,996.66","3,016.00","3,016.28","2,976.88","-","-0.77%"
"09/17/1990","3,019.87","3,062.00","3,062.04","3,015.62","-","-1.38%"
"09/14/1990","3,062.04","3,087.00","3,087.52","3,058.04","-","-1.03%"
"09/13/1990","3,093.97","3,105.00","3,113.44","3,087.22","-","-0.36%"
"09/12/1990","3,105.04","3,082.14","3,108.97","3,082.14","-","0.70%"
"09/11/1990","3,083.57","3,087.00","3,088.11","3,066.84","-","-0.14%"
"09/10/1990","3,087.74","3,049.88","3,088.29","3,049.88","-","1.31%"
"09/07/1990","3,047.91","3,030.00","3,052.24","3,008.03","-","0.50%"
"09/06/1990","3,032.85","3,021.55","3,048.29","3,021.55","-","-0.23%"
"09/05/1990","3,039.69","3,054.00","3,055.12","3,032.51","-","-0.47%"
"09/04/1990","3,054.16","3,063.00","3,066.81","3,047.99","-","-0.41%"
"09/03/1990","3,066.81","3,089.00","3,096.34","3,061.20","-","-0.67%"
"08/31/1990","3,087.50","3,063.00","3,091.41","3,055.70","-","0.76%"
"08/30/1990","3,064.19","3,015.00","3,083.25","3,013.71","-","1.60%"
"08/29/1990","3,015.95","3,072.00","3,072.21","3,014.09","-","-2.05%"
"08/28/1990","3,078.94","2,958.22","3,084.64","2,958.22","-","5.52%"
"08/24/1990","2,918.01","2,870.00","2,925.80","2,813.07","-","1.63%"
"08/23/1990","2,871.14","2,954.00","2,954.93","2,828.78","-","-2.84%"
"08/22/1990","2,954.93","3,024.00","3,024.87","2,949.94","-","-2.80%"
"08/21/1990","3,040.00","3,052.00","3,079.00","3,024.55","-","-0.42%"
"08/20/1990","3,052.84","3,120.00","3,120.03","3,040.55","-","-2.24%"
"08/17/1990","3,122.64","3,175.00","3,175.48","3,102.20","-","-1.91%"
"08/16/1990","3,183.29","3,173.00","3,183.29","3,137.77","-","0.16%"
"08/15/1990","3,178.27","3,067.53","3,178.27","3,067.53","-","3.61%"
"08/14/1990","3,067.53","3,042.18","3,079.87","3,042.18","-","0.90%"
"08/13/1990","3,040.28","3,076.00","3,078.97","3,040.28","-","-1.26%"
"08/10/1990","3,078.97","3,091.00","3,122.40","3,059.10","-","-0.39%"
"08/09/1990","3,091.12","3,144.00","3,144.53","3,089.56","-","-1.73%"
"08/08/1990","3,145.57","3,098.00","3,171.02","3,081.95","-","1.51%"
"08/07/1990","3,098.69","3,075.00","3,146.67","2,909.11","-","-0.30%"
"08/06/1990","3,107.98","3,346.00","3,346.72","3,107.98","-","-7.42%"
"08/03/1990","3,356.95","3,410.00","3,410.97","3,341.79","-","-1.71%"
"08/02/1990","3,415.18","3,468.00","3,479.48","3,397.35","-","-1.54%"
"08/01/1990","3,468.64","3,438.00","3,488.70","3,437.95","-","0.88%"
"07/31/1990","3,438.49","3,445.00","3,456.45","3,429.07","-","-0.20%"
"07/30/1990","3,445.41","3,481.00","3,481.88","3,444.74","-","-1.16%"
"07/27/1990","3,485.80","3,479.00","3,492.11","3,443.61","-","0.06%"
"07/26/1990","3,483.59","3,520.00","3,521.36","3,474.64","-","-1.05%"
"07/25/1990","3,520.54","3,497.00","3,535.44","3,495.87","-","0.71%"
"07/24/1990","3,495.87","3,541.00","3,541.80","3,479.89","-","-1.80%"
"07/23/1990","3,559.89","3,540.00","3,559.89","3,528.55","-","0.55%"
"07/20/1990","3,540.43","3,523.00","3,542.88","3,504.69","-","0.48%"
"07/19/1990","3,523.58","3,528.00","3,530.09","3,515.51","-","-0.13%"
"07/18/1990","3,528.29","3,463.94","3,529.34","3,463.94","-","1.86%"
"07/17/1990","3,463.94","3,488.00","3,490.94","3,463.94","-","-0.71%"
"07/16/1990","3,488.85","3,507.00","3,513.48","3,468.66","-","-0.52%"
"07/13/1990","3,507.16","3,468.59","3,515.73","3,468.59","-","1.11%"
"07/12/1990","3,468.59","3,448.00","3,472.44","3,443.85","-","0.80%"
"07/11/1990","3,440.93","3,407.94","3,450.11","3,407.94","-","0.96%"
"07/10/1990","3,408.16","3,385.00","3,413.36","3,378.46","-","0.68%"
"07/09/1990","3,385.15","3,359.89","3,389.17","3,359.89","-","0.82%"
"07/06/1990","3,357.61","3,345.00","3,360.95","3,325.74","-","0.03%"
"07/05/1990","3,356.44","3,363.00","3,369.98","3,338.31","-","-0.21%"
"07/04/1990","3,363.49","3,356.00","3,366.70","3,338.31","-","0.21%"
"07/03/1990","3,356.55","3,319.47","3,365.54","3,319.47","-","1.12%"
"07/02/1990","3,319.47","3,278.24","3,323.44","3,278.24","-","1.26%"
"06/29/1990","3,278.24","3,272.00","3,281.12","3,255.94","-","0.15%"
"06/28/1990","3,273.28","3,284.00","3,284.47","3,266.50","-","-0.34%"
"06/27/1990","3,284.47","3,292.00","3,293.50","3,258.98","-","-0.24%"
"06/26/1990","3,292.35","3,278.15","3,305.28","3,278.15","-","0.49%"
"06/25/1990","3,276.44","3,250.00","3,276.47","3,246.63","-","0.80%"
"06/22/1990","3,250.44","3,246.00","3,253.17","3,226.69","-","0.13%"
"06/21/1990","3,246.21","3,234.00","3,259.47","3,230.45","-","0.37%"
"06/20/1990","3,234.39","3,229.00","3,250.04","3,214.71","-","0.17%"
"06/19/1990","3,229.02","3,200.00","3,229.33","3,185.21","-","0.86%"
"06/15/1990","3,201.52","3,189.00","3,205.29","3,176.08","-","0.31%"
"06/14/1990","3,191.55","3,185.00","3,199.39","3,180.38","-","0.20%"
"06/13/1990","3,185.14","3,203.00","3,226.92","3,184.61","-","-0.56%"
"06/12/1990","3,203.00","3,157.93","3,207.54","3,157.93","-","1.52%"
"06/11/1990","3,154.99","3,174.00","3,174.33","3,148.81","-","-0.61%"
"06/08/1990","3,174.33","3,144.00","3,179.44","3,136.23","-","0.92%"
"06/07/1990","3,145.30","3,172.00","3,172.49","3,143.91","-","-0.86%"
"06/06/1990","3,172.49","3,159.00","3,172.49","3,138.88","-","0.43%"
"06/05/1990","3,159.06","3,153.00","3,179.00","3,152.69","-","0.19%"
"06/04/1990","3,153.22","3,159.00","3,200.33","3,150.57","-","-0.19%"
"06/01/1990","3,159.17","3,139.57","3,166.72","3,139.57","-","0.86%"
"05/31/1990","3,132.32","3,084.20","3,137.69","3,084.20","-","1.59%"
"05/30/1990","3,083.35","3,048.48","3,087.16","3,048.48","-","1.14%"
"05/29/1990","3,048.55","3,059.00","3,059.50","3,024.61","-","-0.36%"
"05/25/1990","3,059.50","3,049.00","3,068.68","3,037.10","-","0.38%"
"05/24/1990","3,048.01","3,028.31","3,054.15","3,028.31","-","0.65%"
"05/23/1990","3,028.31","2,970.87","3,034.60","2,970.87","-","1.93%"
"05/22/1990","2,970.87","2,925.40","2,971.58","2,925.40","-","1.37%"
"05/21/1990","2,930.83","2,925.04","2,938.47","2,925.04","-","0.17%"
"05/18/1990","2,925.89","2,909.33","2,941.54","2,909.33","-","0.28%"
"05/17/1990","2,917.63","2,948.00","2,949.01","2,906.74","-","-1.06%"
"05/16/1990","2,948.89","2,964.00","2,964.05","2,931.93","-","-0.55%"
"05/15/1990","2,965.09","2,978.00","2,990.15","2,960.70","-","-0.38%"
"05/14/1990","2,976.44","2,963.51","2,988.81","2,963.51","-","0.54%"
"05/11/1990","2,960.46","2,960.46","2,981.06","2,959.26","-","-0.84%"
"05/10/1990","2,985.42","2,985.42","2,986.97","2,940.88","-","1.47%"
"05/09/1990","2,942.27","2,942.27","2,955.64","2,930.24","-","-0.38%"
"05/08/1990","2,953.58","2,953.58","2,973.46","2,952.59","-","-0.18%"
"05/07/1990","2,958.91","2,958.91","2,968.87","2,948.53","-","0.41%"
"05/04/1990","2,946.97","2,946.97","2,950.43","2,938.46","-","-0.26%"
"05/03/1990","2,954.61","2,954.61","2,958.99","2,948.13","-","-0.11%"
"05/02/1990","2,957.76","2,957.76","2,981.73","2,945.18","-","0.43%"
"05/01/1990","2,945.18","2,945.18","2,948.26","2,923.48","-","-0.17%"
"04/30/1990","2,950.09","2,950.09","2,986.33","2,950.09","-","-1.21%"
"04/27/1990","2,986.33","2,986.33","3,004.15","2,980.96","-","-0.76%"
"04/26/1990","3,009.34","3,009.34","3,025.79","2,998.83","-","-0.31%"
"04/25/1990","3,018.58","3,018.58","3,026.38","3,001.65","-","0.09%"
"04/24/1990","3,015.84","3,015.84","3,057.02","3,014.24","-","-1.34%"
"04/23/1990","3,056.86","3,056.86","3,073.42","3,056.86","-","-0.34%"
"04/20/1990","3,067.30","3,067.30","3,067.30","3,038.12","-","-0.01%"
"04/19/1990","3,067.67","3,067.67","3,072.69","3,049.70","-","0.50%"
"04/18/1990","3,052.35","3,052.35","3,052.35","3,020.44","-","1.06%"
"04/17/1990","3,020.44","3,020.44","3,028.84","2,996.29","-","0.83%"
"04/12/1990","2,995.69","2,948.54","2,996.01","2,948.54","-","1.21%"
"04/11/1990","2,959.98","2,942.00","2,961.01","2,939.95","-","0.60%"
"04/10/1990","2,942.33","2,954.00","2,956.24","2,935.58","-","-0.42%"
"04/09/1990","2,954.74","2,951.00","2,964.92","2,949.04","-","-0.05%"
"04/06/1990","2,956.12","2,958.00","2,975.52","2,956.12","-","-0.16%"
"04/04/1990","2,960.88","2,961.00","2,975.75","2,954.09","-","-0.05%"
"04/03/1990","2,962.45","2,936.13","2,962.62","2,936.13","-","0.95%"
"04/02/1990","2,934.70","2,992.00","2,992.96","2,931.50","-","-2.11%"
"03/30/1990","2,997.98","2,997.98","3,015.25","2,989.35","-","-0.08%"
"03/29/1990","3,000.52","3,000.52","3,008.77","2,980.14","-","0.33%"
"03/28/1990","2,990.70","2,990.70","3,014.15","2,985.95","-","-0.67%"
"03/27/1990","3,010.85","3,010.85","3,027.73","2,999.35","-","-0.11%"
"03/26/1990","3,014.02","3,014.02","3,018.33","2,981.60","-","1.34%"
"03/23/1990","2,974.16","2,974.16","2,974.16","2,940.56","-","0.86%"
"03/22/1990","2,948.67","2,948.67","2,956.02","2,913.24","-","0.74%"
"03/21/1990","2,926.92","2,926.92","2,932.88","2,880.03","-","1.63%"
"03/20/1990","2,880.03","2,880.03","2,888.42","2,870.85","-","0.30%"
"03/19/1990","2,871.39","2,871.39","2,903.52","2,862.09","-","-0.52%"
"03/16/1990","2,886.46","2,886.46","2,906.62","2,869.97","-","-0.22%"
"03/15/1990","2,892.81","2,892.81","2,907.05","2,884.86","-","0.40%"
"03/14/1990","2,881.23","2,881.23","2,885.72","2,873.98","-","-0.22%"
"03/13/1990","2,887.62","2,887.62","2,898.18","2,877.80","-","-0.19%"
"03/12/1990","2,892.98","2,892.98","2,917.22","2,882.32","-","-0.68%"
"03/09/1990","2,912.67","2,912.67","2,937.55","2,912.67","-","-0.10%"
"03/08/1990","2,915.73","2,915.73","2,926.97","2,906.14","-","-0.37%"
"03/07/1990","2,926.45","2,926.45","2,936.99","2,925.10","-","-0.23%"
"03/06/1990","2,933.23","2,933.23","2,941.09","2,921.81","-","-0.19%"
"03/05/1990","2,938.68","2,938.68","2,949.00","2,925.09","-","0.03%"
"03/02/1990","2,937.93","2,937.93","2,942.23","2,924.00","-","0.16%"
"03/01/1990","2,933.13","2,933.13","2,952.38","2,928.67","-","-0.64%"
"02/28/1990","2,951.98","2,951.98","2,955.57","2,935.95","-","0.66%"
"02/27/1990","2,932.62","2,932.62","2,932.62","2,872.63","-","2.09%"
"02/26/1990","2,872.63","2,872.63","2,883.91","2,838.48","-","-0.75%"
"02/23/1990","2,894.31","2,894.31","2,927.92","2,863.15","-","-1.15%"
"02/22/1990","2,927.92","2,927.92","2,931.16","2,862.47","-","2.29%"
"02/21/1990","2,862.27","2,862.27","2,974.80","2,826.27","-","-3.98%"
"02/20/1990","2,980.90","2,980.90","2,982.68","2,959.59","-","0.43%"
"02/19/1990","2,968.00","2,968.00","2,968.00","2,940.29","-","0.98%"
"02/16/1990","2,939.25","2,939.25","2,959.15","2,912.93","-","1.00%"
"02/15/1990","2,910.14","2,910.14","2,914.94","2,870.43","-","1.38%"
"02/14/1990","2,870.43","2,870.43","2,882.91","2,862.48","-","0.24%"
"02/13/1990","2,863.55","2,863.55","2,894.66","2,851.97","-","-1.07%"
"02/12/1990","2,894.66","2,894.66","2,900.87","2,885.03","-","0.03%"
"02/09/1990","2,893.90","2,893.90","2,912.65","2,879.16","-","-0.34%"
"02/08/1990","2,903.77","2,903.77","2,910.27","2,844.89","-","2.07%"
"02/07/1990","2,844.89","2,844.89","2,844.89","2,793.93","-","1.86%"
"02/06/1990","2,792.89","2,792.89","2,792.89","2,756.67","-","1.31%"
"02/05/1990","2,756.67","2,756.67","2,758.52","2,736.55","-","0.74%"
"02/02/1990","2,736.55","2,736.55","2,739.44","2,697.38","-","-0.06%"
"02/01/1990","2,738.24","2,738.24","2,767.35","2,738.20","-","-0.49%"
"01/31/1990","2,751.60","2,751.60","2,761.73","2,748.38","-","-0.33%"
"01/30/1990","2,760.80","2,760.80","2,774.50","2,756.07","-","-0.29%"
"01/25/1990","2,768.86","2,768.86","2,770.38","2,732.97","-","0.45%"
"01/24/1990","2,756.39","2,756.39","2,762.49","2,755.49","-","-0.22%"
"01/23/1990","2,762.45","2,762.45","2,771.13","2,745.67","-","-0.33%"
"01/22/1990","2,771.65","2,771.65","2,777.14","2,766.11","-","-0.17%"
"01/19/1990","2,776.29","2,776.29","2,782.80","2,771.25","-","0.17%"
"01/18/1990","2,771.67","2,771.67","2,774.51","2,747.29","-","0.61%"
"01/17/1990","2,754.84","2,754.84","2,785.44","2,736.10","-","0.11%"
"01/16/1990","2,751.79","2,751.79","2,789.04","2,751.79","-","-1.25%"
"01/15/1990","2,786.69","2,786.69","2,810.54","2,778.87","-","-1.74%"
"01/12/1990","2,835.94","2,835.94","2,855.96","2,832.97","-","-0.69%"
"01/11/1990","2,855.52","2,855.52","2,889.59","2,855.52","-","-0.44%"
"01/10/1990","2,868.00","2,868.00","2,875.25","2,822.16","-","1.62%"
"01/09/1990","2,822.16","2,822.16","2,838.90","2,816.24","-","0.21%"
"01/08/1990","2,816.24","2,816.24","2,836.94","2,815.18","-","-0.83%"
"01/05/1990","2,839.94","2,839.94","2,875.57","2,838.83","-","-0.98%"
"01/04/1990","2,867.95","2,867.95","2,876.50","2,850.78","-","0.32%"
"01/03/1990","2,858.72","2,858.72","2,873.66","2,836.82","-","0.73%"
"01/02/1990","2,838.07","2,838.07","2,851.74","2,798.28","-","0.05%"
