"Date","Price","Open","High","Low","Vol.","Change %"
"06/11/2026","7,763.95","7,509.62","7,800.62","7,394.46","478.73K","0.43%"
"06/10/2026","7,730.82","7,899.77","7,996.68","7,541.11","460.90K","-4.52%"
"06/09/2026","8,096.93","7,697.76","8,119.09","7,598.87","448.50K","8.18%"
"06/08/2026","7,484.41","8,048.09","8,048.09","7,442.73","452.20K","-8.29%"
"06/05/2026","8,160.59","8,323.20","8,382.16","8,038.10","463.20K","-5.54%"
"06/04/2026","8,639.41","8,623.82","8,759.05","8,577.30","437.90K","-1.84%"
"06/02/2026","8,801.49","8,883.19","8,933.62","8,503.12","632.60K","0.15%"
"06/01/2026","8,788.38","8,485.67","8,874.16","8,485.67","636.20K","3.68%"
"05/29/2026","8,476.15","8,384.31","8,476.15","8,273.74","735.10K","3.55%"
"05/28/2026","8,185.29","8,165.73","8,253.60","7,841.01","669.00K","-0.53%"
"05/27/2026","8,228.70","8,242.12","8,457.09","8,220.04","619.50K","2.25%"
"05/26/2026","8,047.51","8,070.91","8,131.15","8,008.19","519.60K","2.55%"
"05/22/2026","7,847.71","7,873.12","7,886.64","7,780.13","435.50K","0.41%"
"05/21/2026","7,815.59","7,486.37","7,819.23","7,486.37","621.10K","8.42%"
"05/20/2026","7,208.95","7,324.52","7,324.52","7,053.84","492.50K","-0.86%"
"05/19/2026","7,271.66","7,425.66","7,446.57","7,141.91","533.50K","-3.25%"
"05/18/2026","7,516.04","7,443.29","7,636.20","7,142.71","566.60K","0.31%"
"05/15/2026","7,493.18","7,951.75","8,046.78","7,371.68","885.60K","-6.12%"
"05/14/2026","7,981.41","7,873.91","7,991.04","7,842.72","849.90K","1.75%"
"05/13/2026","7,844.01","7,513.65","7,855.47","7,402.36","738.70K","2.63%"
"05/12/2026","7,643.15","7,953.41","7,999.67","7,421.71","1.02M","-2.29%"
"05/11/2026","7,822.24","7,775.31","7,899.32","7,713.49","731.30K","4.32%"
"05/08/2026","7,498.00","7,353.94","7,511.01","7,318.96","523.10K","0.11%"
"05/07/2026","7,490.05","7,499.07","7,531.88","7,257.89","767.50K","1.43%"
"05/06/2026","7,384.56","7,093.01","7,426.60","7,093.01","995.70K","6.45%"
"05/04/2026","6,936.99","6,782.93","6,937.00","6,741.63","873.00K","5.12%"
"04/30/2026","6,598.87","6,739.39","6,750.27","6,597.83","685.50K","-1.38%"
"04/29/2026","6,690.90","6,619.00","6,702.38","6,596.03","717.90K","0.75%"
"04/28/2026","6,641.02","6,646.80","6,712.73","6,621.73","1.14M","0.39%"
"04/27/2026","6,615.03","6,533.60","6,657.22","6,529.19","842.70K","2.15%"
"04/24/2026","6,475.63","6,496.10","6,516.54","6,403.74","878.20K","-0.00%"
"04/23/2026","6,475.81","6,488.83","6,557.76","6,309.10","1.04M","0.90%"
"04/22/2026","6,417.93","6,387.57","6,423.29","6,318.51","900.10K","0.46%"
"04/21/2026","6,388.47","6,302.54","6,388.47","6,302.54","792.00K","2.72%"
"04/20/2026","6,219.09","6,213.92","6,278.36","6,176.75","692.90K","0.44%"
"04/17/2026","6,191.92","6,227.33","6,230.32","6,159.88","689.70K","-0.55%"
"04/16/2026","6,226.05","6,149.49","6,231.03","6,126.06","925.70K","2.21%"
"04/15/2026","6,091.39","6,141.60","6,183.21","6,064.23","923.80K","2.07%"
"04/14/2026","5,967.75","5,960.00","6,026.52","5,938.33","889.50K","2.74%"
"04/13/2026","5,808.62","5,737.28","5,827.73","5,730.23","1.08M","-0.86%"
"04/10/2026","5,858.87","5,876.12","5,918.59","5,850.83","1.00M","1.40%"
"04/09/2026","5,778.01","5,826.45","5,862.41","5,757.49","1.03M","-1.61%"
"04/08/2026","5,872.34","5,804.70","5,919.60","5,774.00","932.60K","6.87%"
"04/07/2026","5,494.78","5,552.19","5,594.90","5,424.46","990.40K","0.82%"
"04/06/2026","5,450.33","5,423.35","5,505.61","5,404.91","1.11M","1.36%"
"04/03/2026","5,377.30","5,375.50","5,419.45","5,316.42","1.19M","2.74%"
"04/02/2026","5,234.05","5,551.69","5,574.62","5,170.27","1.43M","-4.47%"
"04/01/2026","5,478.70","5,330.04","5,512.33","5,272.45","959.00K","8.44%"
"03/31/2026","5,052.46","5,143.75","5,233.99","5,042.99","1.16M","-4.26%"
"03/30/2026","5,277.30","5,181.80","5,297.35","5,151.22","727.40K","-2.97%"
"03/27/2026","5,438.87","5,300.61","5,462.51","5,220.10","900.10K","-0.40%"
"03/26/2026","5,460.46","5,594.06","5,598.37","5,448.12","925.10K","-3.22%"
"03/25/2026","5,642.21","5,680.33","5,740.97","5,630.07","763.20K","1.59%"
"03/24/2026","5,553.92","5,638.20","5,643.00","5,395.17","1.17M","2.74%"
"03/23/2026","5,405.75","5,580.15","5,580.15","5,397.94","1.13M","-6.49%"
"03/20/2026","5,781.20","5,813.35","5,833.68","5,764.64","1.49M","0.31%"
"03/19/2026","5,763.22","5,761.40","5,863.39","5,738.95","1.18M","-2.73%"
"03/18/2026","5,925.03","5,767.10","5,934.35","5,766.14","1.14M","5.04%"
"03/17/2026","5,640.48","5,711.80","5,717.13","5,632.86","1.14M","1.63%"
"03/16/2026","5,549.85","5,510.82","5,561.42","5,448.75","1.07M","1.14%"
"03/13/2026","5,487.24","5,412.39","5,537.59","5,392.52","907.70K","-1.72%"
"03/12/2026","5,583.25","5,567.65","5,629.07","5,527.47","801.30K","-0.48%"
"03/11/2026","5,609.95","5,658.72","5,746.36","5,559.69","1.05M","1.40%"
"03/10/2026","5,532.59","5,523.21","5,595.88","5,427.88","923.20K","5.35%"
"03/09/2026","5,251.87","5,265.37","5,327.42","5,096.16","1.03M","-5.96%"
"03/06/2026","5,584.87","5,491.02","5,609.98","5,381.27","1.22M","0.02%"
"03/05/2026","5,583.90","5,250.92","5,715.30","5,248.13","1.66M","9.63%"
"03/04/2026","5,093.54","5,592.59","5,672.12","5,059.45","1.64M","-12.06%"
"03/03/2026","5,791.91","6,165.15","6,180.45","5,791.65","1.23M","-7.24%"
"02/27/2026","6,244.13","6,197.49","6,347.41","6,153.87","1.17M","-1.00%"
"02/26/2026","6,307.27","6,121.03","6,313.27","6,107.41","1.41M","3.67%"
"02/25/2026","6,083.86","6,022.70","6,144.71","5,984.28","1.42M","1.91%"
"02/24/2026","5,969.64","5,853.48","5,969.64","5,775.61","1.60M","2.11%"
"02/23/2026","5,846.09","5,903.11","5,931.86","5,792.57","1.48M","0.65%"
"02/20/2026","5,808.53","5,696.89","5,809.91","5,684.58","1.75M","2.31%"
"02/19/2026","5,677.25","5,642.09","5,681.65","5,614.97","1.19M","3.09%"
"02/13/2026","5,507.01","5,513.71","5,583.74","5,480.92","1.29M","-0.28%"
"02/12/2026","5,522.27","5,425.39","5,522.27","5,399.52","750.60K","3.13%"
"02/11/2026","5,354.49","5,293.75","5,374.23","5,257.53","753.80K","1.00%"
"02/10/2026","5,301.69","5,350.21","5,363.62","5,286.67","712.30K","0.07%"
"02/09/2026","5,298.04","5,299.10","5,322.35","5,265.08","617.70K","4.10%"
"02/06/2026","5,089.14","5,013.15","5,120.77","4,899.30","745.80K","-1.44%"
"02/05/2026","5,163.57","5,251.03","5,304.40","5,142.20","911.90K","-3.86%"
"02/04/2026","5,371.10","5,260.71","5,376.92","5,243.11","789.90K","1.57%"
"02/03/2026","5,288.08","5,114.81","5,288.08","5,101.31","672.60K","6.84%"
"02/02/2026","4,949.67","5,122.62","5,196.71","4,933.58","572.50K","-5.26%"
"01/30/2026","5,224.36","5,210.35","5,321.68","5,199.78","862.50K","0.06%"
"01/29/2026","5,221.25","5,243.42","5,252.61","5,073.12","699.70K","0.98%"
"01/28/2026","5,170.81","5,145.39","5,183.44","5,124.80","593.10K","1.69%"
"01/27/2026","5,084.85","4,932.89","5,084.85","4,890.72","476.20K","2.73%"
"01/26/2026","4,949.59","4,997.54","5,023.76","4,940.78","446.90K","-0.81%"
"01/23/2026","4,990.07","4,984.08","5,021.13","4,926.22","612.60K","0.76%"
"01/22/2026","4,952.53","4,987.06","5,019.54","4,934.17","568.60K","0.87%"
"01/21/2026","4,909.93","4,808.94","4,910.54","4,807.13","600.10K","0.49%"
"01/20/2026","4,885.75","4,900.28","4,935.48","4,823.88","667.70K","-0.39%"
"01/19/2026","4,904.66","4,829.40","4,917.37","4,827.95","570.80K","1.32%"
"01/16/2026","4,840.74","4,820.66","4,855.61","4,797.75","720.90K","0.90%"
"01/15/2026","4,797.55","4,710.28","4,797.55","4,705.44","545.20K","1.58%"
"01/14/2026","4,723.10","4,685.11","4,723.10","4,669.32","550.40K","0.65%"
"01/13/2026","4,692.64","4,662.44","4,693.07","4,641.58","429.20K","1.47%"
"01/12/2026","4,624.79","4,639.89","4,652.54","4,567.55","394.80K","0.84%"
"01/09/2026","4,586.32","4,530.03","4,590.03","4,500.48","399.20K","0.75%"
"01/08/2026","4,552.37","4,531.46","4,622.32","4,527.50","440.10K","0.03%"
"01/07/2026","4,551.06","4,566.34","4,611.72","4,488.20","553.70K","0.57%"
"01/06/2026","4,525.48","4,446.08","4,525.48","4,395.00","498.40K","1.52%"
"01/05/2026","4,457.52","4,385.92","4,457.52","4,381.93","513.90K","3.43%"
"01/02/2026","4,309.63","4,224.53","4,313.55","4,216.68","406.30K","2.27%"
"12/30/2025","4,214.17","4,193.75","4,226.36","4,186.95","408.20K","-0.15%"
"12/29/2025","4,220.56","4,146.48","4,220.56","4,146.48","502.40K","2.20%"
"12/26/2025","4,129.68","4,130.37","4,143.14","4,116.53","510.20K","0.51%"
"12/24/2025","4,108.62","4,136.24","4,137.20","4,106.62","363.60K","-0.21%"
"12/23/2025","4,117.32","4,127.40","4,140.84","4,110.25","385.80K","0.28%"
"12/22/2025","4,105.93","4,096.26","4,105.93","4,083.13","315.60K","2.12%"
"12/19/2025","4,020.55","4,055.78","4,055.78","3,997.05","442.70K","0.65%"
"12/18/2025","3,994.51","3,989.60","4,030.65","3,975.50","581.40K","-1.53%"
"12/17/2025","4,056.41","4,019.43","4,060.24","3,994.65","361.00K","1.43%"
"12/16/2025","3,999.13","4,093.32","4,099.01","3,996.23","374.00K","-2.24%"
"12/15/2025","4,090.59","4,053.74","4,123.19","4,052.65","346.80K","-1.84%"
"12/12/2025","4,167.16","4,123.83","4,168.17","4,120.73","426.60K","1.38%"
"12/11/2025","4,110.62","4,163.32","4,170.77","4,103.20","539.80K","-0.59%"
"12/10/2025","4,135.00","4,159.05","4,172.64","4,123.60","317.90K","-0.21%"
"12/09/2025","4,143.55","4,129.77","4,152.18","4,121.21","400.60K","-0.27%"
"12/08/2025","4,154.85","4,109.25","4,154.85","4,081.26","395.60K","1.34%"
"12/05/2025","4,100.05","4,023.50","4,100.05","4,003.29","478.50K","1.78%"
"12/04/2025","4,028.51","4,018.91","4,028.53","3,982.54","352.00K","-0.19%"
"12/03/2025","4,036.30","4,010.26","4,052.83","3,987.76","290.90K","1.04%"
"12/02/2025","3,994.93","3,939.09","3,994.93","3,935.14","319.00K","1.90%"
"12/01/2025","3,920.37","3,967.92","3,977.31","3,892.08","296.90K","-0.16%"
"11/28/2025","3,926.59","3,995.30","3,995.30","3,921.89","241.90K","-1.51%"
"11/27/2025","3,986.91","3,989.45","4,023.42","3,968.43","257.90K","0.66%"
"11/26/2025","3,960.87","3,891.88","3,960.87","3,866.66","295.30K","2.67%"
"11/25/2025","3,857.78","3,942.36","3,946.61","3,833.35","279.30K","0.30%"
"11/24/2025","3,846.06","3,915.16","3,917.16","3,838.20","373.10K","-0.19%"
"11/21/2025","3,853.26","3,908.70","3,911.55","3,838.46","319.30K","-3.79%"
"11/20/2025","4,004.85","4,030.97","4,059.37","4,001.31","360.30K","1.92%"
"11/19/2025","3,929.51","3,966.64","3,966.64","3,854.95","338.20K","-0.61%"
"11/18/2025","3,953.62","4,044.47","4,072.41","3,953.26","319.70K","-3.32%"
"11/17/2025","4,089.25","4,078.57","4,089.88","4,045.40","344.10K","1.94%"
"11/14/2025","4,011.57","4,061.91","4,092.76","4,011.40","400.00K","-3.81%"
"11/13/2025","4,170.63","4,127.57","4,188.54","4,123.84","424.20K","0.49%"
"11/12/2025","4,150.39","4,097.44","4,154.62","4,088.86","334.60K","1.07%"
"11/11/2025","4,106.39","4,124.30","4,187.46","4,066.58","377.60K","0.81%"
"11/10/2025","4,073.24","3,991.87","4,092.91","3,984.24","339.50K","3.02%"
"11/07/2025","3,953.76","3,963.72","4,037.61","3,887.32","377.10K","-1.81%"
"11/06/2025","4,026.45","4,092.46","4,111.96","3,985.29","423.40K","0.55%"
"11/05/2025","4,004.42","4,055.47","4,055.47","3,867.81","594.20K","-2.85%"
"11/04/2025","4,121.74","4,219.24","4,226.75","4,117.91","423.50K","-2.37%"
"11/03/2025","4,221.87","4,123.36","4,221.92","4,123.36","472.70K","2.78%"
"10/31/2025","4,107.50","4,083.25","4,122.09","4,059.74","408.30K","0.50%"
"10/30/2025","4,086.89","4,105.95","4,146.72","4,070.79","566.50K","0.14%"
"10/29/2025","4,081.15","4,061.54","4,084.09","4,014.84","466.90K","1.76%"
"10/28/2025","4,010.41","4,010.47","4,018.22","3,972.56","408.20K","-0.80%"
"10/27/2025","4,042.83","3,999.79","4,042.83","3,999.79","517.00K","2.57%"
"10/24/2025","3,941.59","3,893.23","3,951.07","3,886.64","426.90K","2.50%"
"10/23/2025","3,845.56","3,835.79","3,902.21","3,822.33","423.60K","-0.98%"
"10/22/2025","3,883.68","3,827.23","3,883.68","3,794.52","597.20K","1.56%"
"10/21/2025","3,823.84","3,851.01","3,893.06","3,816.19","526.90K","0.24%"
"10/20/2025","3,814.69","3,775.40","3,814.69","3,728.38","410.10K","1.76%"
"10/17/2025","3,748.89","3,732.76","3,794.87","3,722.07","420.80K","0.01%"
"10/16/2025","3,748.37","3,675.82","3,748.37","3,675.82","495.80K","2.49%"
"10/15/2025","3,657.28","3,580.64","3,659.91","3,577.06","543.60K","2.68%"
"10/14/2025","3,561.81","3,604.12","3,646.77","3,535.52","734.10K","-0.63%"
"10/13/2025","3,584.55","3,550.08","3,584.55","3,522.54","408.00K","-0.72%"
"10/10/2025","3,610.60","3,598.11","3,617.86","3,569.44","407.40K","1.73%"
"10/02/2025","3,549.21","3,525.48","3,565.96","3,512.16","402.10K","2.70%"
"10/01/2025","3,455.83","3,444.06","3,459.74","3,440.42","493.60K","0.91%"
"09/30/2025","3,424.60","3,436.00","3,443.38","3,421.89","526.40K","-0.19%"
"09/29/2025","3,431.21","3,414.43","3,439.12","3,413.33","416.50K","1.33%"
"09/26/2025","3,386.05","3,440.39","3,441.91","3,365.73","399.20K","-2.45%"
"09/25/2025","3,471.11","3,458.98","3,479.42","3,454.08","293.10K","-0.03%"
"09/24/2025","3,472.14","3,492.03","3,497.95","3,442.41","287.10K","-0.40%"
"09/23/2025","3,486.19","3,489.46","3,494.49","3,467.83","358.30K","0.51%"
"09/22/2025","3,468.65","3,463.84","3,482.25","3,458.87","287.90K","0.68%"
"09/19/2025","3,445.24","3,461.23","3,467.89","3,434.61","348.80K","-0.46%"
"09/18/2025","3,461.30","3,432.77","3,461.30","3,422.77","391.20K","1.40%"
"09/17/2025","3,413.40","3,433.83","3,433.83","3,406.75","326.60K","-1.05%"
"09/16/2025","3,449.62","3,421.13","3,452.50","3,418.10","406.20K","1.24%"
"09/15/2025","3,407.31","3,407.78","3,420.23","3,391.33","378.90K","0.35%"
"09/12/2025","3,395.54","3,374.65","3,395.54","3,362.86","448.90K","1.54%"
"09/11/2025","3,344.20","3,336.60","3,344.70","3,311.86","435.60K","0.90%"
"09/10/2025","3,314.53","3,272.20","3,317.77","3,272.07","564.70K","1.67%"
"09/09/2025","3,260.05","3,231.31","3,260.05","3,221.98","439.90K","1.26%"
"09/08/2025","3,219.59","3,209.81","3,221.14","3,206.34","372.30K","0.45%"
"09/05/2025","3,205.12","3,208.83","3,214.64","3,196.19","323.80K","0.13%"
"09/04/2025","3,200.83","3,188.84","3,205.61","3,185.49","286.30K","0.52%"
"09/03/2025","3,184.42","3,177.75","3,187.48","3,167.23","335.80K","0.38%"
"09/02/2025","3,172.35","3,155.73","3,174.16","3,151.93","310.70K","0.94%"
"09/01/2025","3,142.93","3,164.58","3,177.40","3,135.02","260.10K","-1.35%"
"08/29/2025","3,186.01","3,208.80","3,212.69","3,184.48","245.10K","-0.32%"
"08/28/2025","3,196.32","3,175.33","3,211.34","3,164.08","312.20K","0.29%"
"08/27/2025","3,187.16","3,185.87","3,189.31","3,165.77","281.70K","0.25%"
"08/26/2025","3,179.36","3,199.92","3,199.92","3,175.31","325.40K","-0.95%"
"08/25/2025","3,209.86","3,195.14","3,209.86","3,180.12","220.20K","1.30%"
"08/22/2025","3,168.73","3,165.41","3,181.95","3,159.45","236.80K","0.86%"
"08/21/2025","3,141.74","3,140.71","3,166.54","3,134.86","276.90K","0.37%"
"08/20/2025","3,130.09","3,121.52","3,132.83","3,079.27","335.30K","-0.68%"
"08/19/2025","3,151.56","3,185.04","3,185.48","3,142.48","285.30K","-0.81%"
"08/18/2025","3,177.28","3,202.63","3,206.77","3,177.28","326.10K","-1.50%"
"08/14/2025","3,225.66","3,226.52","3,239.55","3,210.83","441.50K","0.04%"
"08/13/2025","3,224.37","3,225.40","3,226.37","3,192.17","320.10K","1.08%"
"08/12/2025","3,189.91","3,209.75","3,242.17","3,189.58","373.20K","-0.53%"
"08/11/2025","3,206.77","3,220.72","3,223.23","3,199.90","305.00K","-0.10%"
"08/08/2025","3,210.01","3,220.58","3,227.28","3,198.31","341.40K","-0.55%"
"08/07/2025","3,227.68","3,214.81","3,227.68","3,200.28","327.00K","0.92%"
"08/06/2025","3,198.14","3,182.06","3,200.15","3,176.61","327.40K","0.00%"
"08/05/2025","3,198.00","3,187.15","3,212.31","3,174.23","273.40K","1.60%"
"08/04/2025","3,147.75","3,114.27","3,157.45","3,105.63","293.50K","0.91%"
"08/01/2025","3,119.41","3,210.32","3,210.32","3,117.92","507.80K","-3.88%"
"07/31/2025","3,245.44","3,275.78","3,288.26","3,227.46","540.30K","-0.28%"
"07/30/2025","3,254.47","3,233.31","3,269.40","3,227.28","338.10K","0.74%"
"07/29/2025","3,230.57","3,192.17","3,232.31","3,169.03","373.20K","0.66%"
"07/28/2025","3,209.52","3,228.61","3,228.61","3,180.18","502.70K","0.42%"
"07/25/2025","3,196.05","3,184.37","3,205.82","3,184.37","389.30K","0.18%"
"07/24/2025","3,190.45","3,209.43","3,237.97","3,183.05","425.50K","0.21%"
"07/23/2025","3,183.77","3,189.65","3,199.86","3,141.93","664.80K","0.44%"
"07/22/2025","3,169.94","3,210.12","3,220.27","3,155.25","378.50K","-1.27%"
"07/21/2025","3,210.81","3,191.11","3,211.14","3,188.87","343.90K","0.71%"
"07/18/2025","3,188.07","3,200.44","3,204.75","3,169.69","393.40K","-0.13%"
"07/17/2025","3,192.29","3,201.42","3,201.42","3,152.42","424.80K","0.19%"
"07/16/2025","3,186.38","3,207.48","3,209.20","3,178.42","531.50K","-0.90%"
"07/15/2025","3,215.28","3,194.82","3,216.01","3,183.83","419.70K","0.41%"
"07/14/2025","3,202.03","3,175.59","3,202.06","3,170.72","444.00K","0.83%"
"07/11/2025","3,175.77","3,186.35","3,216.69","3,170.46","465.30K","-0.23%"
"07/10/2025","3,183.23","3,144.14","3,183.23","3,133.81","596.60K","1.58%"
"07/09/2025","3,133.74","3,123.22","3,137.17","3,111.02","643.00K","0.60%"
"07/08/2025","3,114.95","3,071.74","3,115.86","3,066.03","745.80K","1.81%"
"07/07/2025","3,059.47","3,044.78","3,068.43","3,032.99","359.40K","0.17%"
"07/04/2025","3,054.28","3,122.28","3,123.84","3,052.91","520.80K","-1.99%"
"07/03/2025","3,116.27","3,100.33","3,116.27","3,085.98","539.10K","1.34%"
"07/02/2025","3,075.06","3,083.82","3,090.61","3,032.47","696.80K","-0.47%"
"07/01/2025","3,089.65","3,089.64","3,133.52","3,088.45","576.00K","0.58%"
"06/30/2025","3,071.70","3,072.75","3,086.00","3,063.42","464.20K","0.52%"
"06/27/2025","3,055.94","3,077.87","3,093.56","3,041.85","381.60K","-0.77%"
"06/26/2025","3,079.56","3,108.34","3,113.03","3,036.55","460.60K","-0.92%"
"06/25/2025","3,108.25","3,127.79","3,129.09","3,084.86","644.80K","0.15%"
"06/24/2025","3,103.64","3,061.14","3,105.04","3,061.14","579.20K","2.96%"
"06/23/2025","3,014.47","2,992.20","3,019.81","2,971.36","625.70K","-0.24%"
"06/20/2025","3,021.84","2,986.52","3,022.06","2,972.37","484.90K","1.48%"
"06/19/2025","2,977.74","2,989.56","2,996.04","2,954.47","433.30K","0.19%"
"06/18/2025","2,972.19","2,933.63","2,979.32","2,933.63","576.50K","0.74%"
"06/17/2025","2,950.30","2,959.93","2,998.62","2,925.79","939.60K","0.12%"
"06/16/2025","2,946.66","2,903.50","2,947.07","2,886.13","726.40K","1.80%"
"06/13/2025","2,894.62","2,930.57","2,932.38","2,877.07","931.70K","-0.87%"
"06/12/2025","2,920.03","2,909.99","2,934.31","2,909.99","713.70K","0.45%"
"06/11/2025","2,907.04","2,887.32","2,908.16","2,879.92","393.90K","1.23%"
"06/10/2025","2,871.85","2,872.62","2,885.67","2,849.67","508.20K","0.56%"
"06/09/2025","2,855.77","2,841.56","2,867.27","2,841.39","537.60K","1.55%"
"06/05/2025","2,812.05","2,790.33","2,831.11","2,787.76","556.00K","1.49%"
"06/04/2025","2,770.84","2,737.92","2,771.03","2,734.02","489.90K","2.66%"
"06/02/2025","2,698.97","2,692.91","2,719.87","2,685.14","323.60K","0.05%"
"05/30/2025","2,697.67","2,713.24","2,717.54","2,689.87","525.70K","-0.84%"
"05/29/2025","2,720.64","2,691.06","2,720.64","2,686.64","448.30K","1.89%"
"05/28/2025","2,670.15","2,648.86","2,692.47","2,643.50","405.50K","1.25%"
"05/27/2025","2,637.22","2,630.29","2,642.63","2,625.66","318.30K","-0.27%"
"05/26/2025","2,644.40","2,598.45","2,644.40","2,595.96","380.20K","2.02%"
"05/23/2025","2,592.09","2,603.57","2,604.14","2,589.51","434.00K","-0.06%"
"05/22/2025","2,593.67","2,614.66","2,616.53","2,588.09","358.10K","-1.22%"
"05/21/2025","2,625.58","2,615.90","2,633.41","2,614.73","371.50K","0.91%"
"05/20/2025","2,601.80","2,622.68","2,622.91","2,598.10","457.00K","-0.06%"
"05/19/2025","2,603.42","2,613.70","2,619.43","2,593.44","313.30K","-0.89%"
"05/16/2025","2,626.87","2,630.64","2,633.98","2,619.10","359.70K","0.21%"
"05/15/2025","2,621.36","2,634.50","2,643.83","2,618.08","339.60K","-0.73%"
"05/14/2025","2,640.57","2,625.36","2,646.01","2,619.15","390.50K","1.23%"
"05/13/2025","2,608.42","2,601.76","2,620.64","2,601.58","422.50K","0.04%"
"05/12/2025","2,607.33","2,593.94","2,607.33","2,585.60","409.70K","1.17%"
"05/09/2025","2,577.27","2,587.93","2,589.58","2,571.20","485.60K","-0.09%"
"05/08/2025","2,579.48","2,581.27","2,590.90","2,575.78","471.60K","0.22%"
"05/07/2025","2,573.80","2,577.04","2,581.85","2,559.17","546.80K","0.55%"
"05/02/2025","2,559.79","2,556.52","2,567.04","2,540.57","585.50K","0.12%"
"04/30/2025","2,556.61","2,561.04","2,570.83","2,544.46","487.50K","-0.34%"
"04/29/2025","2,565.42","2,550.25","2,571.41","2,542.25","547.10K","0.65%"
"04/28/2025","2,548.86","2,551.23","2,558.69","2,541.97","454.10K","0.10%"
"04/25/2025","2,546.30","2,544.59","2,553.33","2,534.94","403.50K","0.95%"
"04/24/2025","2,522.33","2,525.34","2,530.61","2,507.21","327.90K","-0.13%"
"04/23/2025","2,525.56","2,520.56","2,526.72","2,507.10","538.10K","1.57%"
"04/22/2025","2,486.64","2,481.18","2,494.59","2,476.14","416.70K","-0.07%"
"04/21/2025","2,488.42","2,486.38","2,498.84","2,479.23","429.00K","0.20%"
"04/18/2025","2,483.42","2,473.30","2,486.37","2,466.90","451.00K","0.53%"
"04/17/2025","2,470.41","2,451.70","2,473.24","2,447.40","601.70K","0.94%"
"04/16/2025","2,447.43","2,472.78","2,475.83","2,442.72","613.20K","-1.21%"
"04/15/2025","2,477.41","2,464.51","2,482.56","2,461.23","560.30K","0.88%"
"04/14/2025","2,455.89","2,454.28","2,465.56","2,449.48","488.60K","0.95%"
"04/11/2025","2,432.72","2,400.74","2,433.18","2,394.25","369.70K","-0.50%"
"04/10/2025","2,445.06","2,395.13","2,445.06","2,391.39","670.40K","6.60%"
"04/09/2025","2,293.70","2,329.99","2,337.58","2,284.72","699.60K","-1.74%"
"04/08/2025","2,334.23","2,381.20","2,381.31","2,328.94","557.00K","0.26%"
"04/07/2025","2,328.20","2,359.25","2,369.40","2,327.01","619.50K","-5.57%"
"04/04/2025","2,465.42","2,450.49","2,506.71","2,438.02","695.10K","-0.86%"
"04/03/2025","2,486.70","2,437.43","2,488.92","2,437.43","480.10K","-0.76%"
"04/02/2025","2,505.86","2,525.62","2,532.15","2,499.83","515.60K","-0.62%"
"04/01/2025","2,521.39","2,511.24","2,530.61","2,494.43","453.40K","1.62%"
"03/31/2025","2,481.12","2,513.44","2,514.22","2,479.46","391.60K","-3.00%"
"03/28/2025","2,557.98","2,592.63","2,592.63","2,549.26","513.60K","-1.89%"
"03/27/2025","2,607.15","2,620.28","2,633.03","2,603.41","403.30K","-1.39%"
"03/26/2025","2,643.94","2,628.09","2,649.15","2,618.05","507.90K","1.08%"
"03/25/2025","2,615.81","2,653.04","2,654.63","2,612.74","439.30K","-0.62%"
"03/24/2025","2,632.07","2,636.43","2,648.82","2,629.38","372.40K","-0.42%"
"03/21/2025","2,643.13","2,633.90","2,645.82","2,617.78","497.50K","0.23%"
"03/20/2025","2,637.10","2,648.16","2,650.72","2,629.20","455.00K","0.32%"
"03/19/2025","2,628.62","2,613.48","2,642.83","2,613.48","653.30K","0.62%"
"03/18/2025","2,612.34","2,627.27","2,638.56","2,606.91","555.50K","0.06%"
"03/17/2025","2,610.69","2,588.32","2,610.69","2,587.52","396.60K","1.73%"
"03/14/2025","2,566.36","2,565.18","2,576.74","2,559.24","362.30K","-0.28%"
"03/13/2025","2,573.64","2,598.06","2,600.07","2,561.02","427.30K","-0.05%"
"03/12/2025","2,574.82","2,552.60","2,579.69","2,541.66","401.60K","1.47%"
"03/11/2025","2,537.60","2,516.69","2,547.88","2,505.91","399.00K","-1.28%"
"03/10/2025","2,570.39","2,555.40","2,579.76","2,549.99","435.70K","0.27%"
"03/07/2025","2,563.48","2,553.44","2,575.48","2,541.49","567.20K","-0.49%"
"03/06/2025","2,576.16","2,573.55","2,583.65","2,565.57","609.60K","0.70%"
"03/05/2025","2,558.13","2,548.45","2,561.47","2,535.18","569.40K","1.16%"
"03/04/2025","2,528.92","2,522.20","2,548.78","2,513.31","484.10K","-0.15%"
"02/28/2025","2,532.78","2,585.61","2,586.78","2,531.24","588.60K","-3.39%"
"02/27/2025","2,621.75","2,637.63","2,638.47","2,610.47","513.90K","-0.73%"
"02/26/2025","2,641.09","2,629.86","2,648.06","2,620.16","386.80K","0.41%"
"02/25/2025","2,630.29","2,617.64","2,641.49","2,617.12","410.30K","-0.57%"
"02/24/2025","2,645.27","2,636.12","2,645.27","2,626.88","536.40K","-0.35%"
"02/21/2025","2,654.58","2,653.76","2,656.04","2,638.44","444.70K","0.02%"
"02/20/2025","2,654.06","2,661.72","2,667.59","2,645.53","529.30K","-0.65%"
"02/19/2025","2,671.52","2,633.91","2,680.70","2,633.91","525.80K","1.70%"
"02/18/2025","2,626.81","2,613.25","2,628.47","2,605.15","422.00K","0.63%"
"02/17/2025","2,610.42","2,595.99","2,612.80","2,592.57","366.30K","0.75%"
"02/14/2025","2,591.05","2,588.20","2,600.57","2,582.84","499.40K","0.31%"
"02/13/2025","2,583.17","2,558.95","2,583.74","2,555.98","680.30K","1.36%"
"02/12/2025","2,548.39","2,534.71","2,549.58","2,528.74","464.90K","0.37%"
"02/11/2025","2,539.05","2,532.87","2,549.44","2,527.74","451.10K","0.71%"
"02/10/2025","2,521.27","2,510.64","2,527.33","2,499.18","393.60K","-0.03%"
"02/07/2025","2,521.92","2,532.09","2,537.63","2,519.01","419.90K","-0.58%"
"02/06/2025","2,536.75","2,521.82","2,536.75","2,515.34","479.70K","1.10%"
"02/05/2025","2,509.27","2,503.94","2,514.71","2,498.74","437.30K","1.11%"
"02/04/2025","2,481.69","2,481.44","2,508.35","2,471.63","479.40K","1.13%"
"02/03/2025","2,453.95","2,468.74","2,468.74","2,437.61","522.80K","-2.52%"
"01/31/2025","2,517.37","2,534.33","2,537.98","2,496.95","454.40K","-0.77%"
"01/24/2025","2,536.80","2,529.29","2,542.83","2,522.64","602.00K","0.85%"
"01/23/2025","2,515.49","2,541.24","2,541.60","2,515.49","609.70K","-1.24%"
"01/22/2025","2,547.06","2,535.80","2,552.57","2,526.89","583.70K","1.15%"
"01/21/2025","2,518.03","2,533.23","2,548.44","2,507.95","572.00K","-0.08%"
"01/20/2025","2,520.05","2,533.68","2,536.72","2,516.28","437.50K","-0.14%"
"01/17/2025","2,523.55","2,520.85","2,528.48","2,513.84","445.90K","-0.16%"
"01/16/2025","2,527.49","2,528.27","2,534.01","2,519.86","451.10K","1.23%"
"01/15/2025","2,496.81","2,511.07","2,524.36","2,493.10","538.50K","-0.02%"
"01/14/2025","2,497.40","2,501.49","2,504.89","2,482.74","414.50K","0.31%"
"01/13/2025","2,489.56","2,508.15","2,513.93","2,483.73","578.60K","-1.04%"
"01/10/2025","2,515.78","2,528.42","2,535.24","2,506.29","377.60K","-0.24%"
"01/09/2025","2,521.90","2,526.10","2,535.87","2,515.82","404.30K","0.03%"
"01/08/2025","2,521.05","2,481.25","2,526.77","2,481.25","362.90K","1.16%"
"01/07/2025","2,492.10","2,513.49","2,521.86","2,492.09","407.70K","0.14%"
"01/06/2025","2,488.64","2,453.30","2,489.10","2,446.82","302.80K","1.91%"
"01/03/2025","2,441.92","2,402.58","2,454.67","2,402.58","407.50K","1.79%"
"01/02/2025","2,398.94","2,400.87","2,410.99","2,386.84","350.70K","-0.02%"
"12/30/2024","2,399.49","2,397.49","2,429.75","2,390.44","304.00K","-0.22%"
"12/27/2024","2,404.77","2,419.46","2,423.86","2,388.33","311.30K","-1.02%"
"12/26/2024","2,429.67","2,449.52","2,449.52","2,428.82","322.80K","-0.44%"
"12/24/2024","2,440.52","2,450.55","2,452.85","2,432.42","386.80K","-0.06%"
"12/23/2024","2,442.01","2,423.36","2,446.97","2,413.62","428.20K","1.57%"
"12/20/2024","2,404.15","2,429.63","2,430.69","2,389.86","617.80K","-1.30%"
"12/19/2024","2,435.93","2,426.55","2,450.05","2,423.59","504.50K","-1.95%"
"12/18/2024","2,484.43","2,463.06","2,492.00","2,462.82","441.70K","1.12%"
"12/17/2024","2,456.81","2,487.31","2,487.31","2,455.05","559.00K","-1.29%"
"12/16/2024","2,488.97","2,511.08","2,515.62","2,483.43","526.70K","-0.22%"
"12/13/2024","2,494.46","2,473.75","2,500.32","2,470.24","577.70K","0.50%"
"12/12/2024","2,482.12","2,456.63","2,487.95","2,448.76","664.20K","1.62%"
"12/11/2024","2,442.51","2,412.15","2,443.34","2,411.38","617.70K","1.02%"
"12/10/2024","2,417.84","2,384.51","2,419.06","2,384.51","598.80K","2.43%"
"12/09/2024","2,360.58","2,392.37","2,399.52","2,360.18","591.60K","-2.78%"
"12/06/2024","2,428.16","2,451.60","2,459.24","2,397.73","630.40K","-0.56%"
"12/05/2024","2,441.85","2,471.45","2,471.45","2,434.78","519.40K","-0.90%"
"12/04/2024","2,464.00","2,450.76","2,483.04","2,442.46","670.30K","-1.44%"
"12/03/2024","2,500.10","2,472.06","2,500.67","2,471.55","324.10K","1.86%"
"12/02/2024","2,454.48","2,479.02","2,483.29","2,448.45","328.10K","-0.06%"
"11/29/2024","2,455.91","2,496.93","2,496.93","2,446.96","384.30K","-1.95%"
"11/28/2024","2,504.67","2,499.69","2,513.63","2,495.64","342.60K","0.06%"
"11/27/2024","2,503.06","2,518.82","2,526.32","2,498.32","414.30K","-0.69%"
"11/26/2024","2,520.36","2,521.39","2,526.62","2,512.21","441.70K","-0.55%"
"11/25/2024","2,534.34","2,524.11","2,541.76","2,517.98","564.70K","1.32%"
"11/22/2024","2,501.24","2,493.42","2,511.23","2,492.21","543.50K","0.83%"
"11/21/2024","2,480.63","2,474.62","2,496.97","2,474.62","451.10K","-0.07%"
"11/20/2024","2,482.29","2,475.76","2,489.15","2,471.79","408.80K","0.42%"
"11/19/2024","2,471.95","2,469.13","2,479.39","2,465.15","410.90K","0.12%"
"11/18/2024","2,469.07","2,440.31","2,480.01","2,437.53","443.90K","2.16%"
"11/15/2024","2,416.86","2,413.05","2,433.18","2,390.56","623.30K","-0.08%"
"11/14/2024","2,418.86","2,430.26","2,441.43","2,410.93","640.00K","0.07%"
"11/13/2024","2,417.08","2,468.27","2,478.87","2,415.77","619.20K","-2.64%"
"11/12/2024","2,482.57","2,527.94","2,532.44","2,481.53","735.80K","-1.94%"
"11/11/2024","2,531.66","2,562.05","2,562.05","2,525.56","572.20K","-1.15%"
"11/08/2024","2,561.15","2,586.70","2,593.15","2,553.42","448.70K","-0.14%"
"11/07/2024","2,564.63","2,557.23","2,579.81","2,540.48","465.10K","0.04%"
"11/06/2024","2,563.51","2,591.90","2,592.75","2,544.04","548.50K","-0.52%"
"11/05/2024","2,576.88","2,570.24","2,586.73","2,564.66","310.90K","-0.47%"
"11/04/2024","2,588.97","2,549.04","2,588.97","2,542.68","373.90K","1.83%"
"11/01/2024","2,542.36","2,542.96","2,559.30","2,536.84","319.80K","-0.54%"
"10/31/2024","2,556.15","2,575.24","2,579.65","2,552.36","406.60K","-1.45%"
"10/30/2024","2,593.79","2,606.99","2,613.47","2,586.88","487.40K","-0.92%"
"10/29/2024","2,617.80","2,606.94","2,617.80","2,595.86","363.30K","0.21%"
"10/28/2024","2,612.43","2,588.45","2,612.96","2,587.20","333.70K","1.13%"
"10/25/2024","2,583.27","2,597.44","2,611.27","2,577.00","462.90K","0.09%"
"10/24/2024","2,581.03","2,591.69","2,600.26","2,578.80","343.10K","-0.72%"
"10/23/2024","2,599.62","2,575.25","2,607.79","2,567.42","352.40K","1.12%"
"10/22/2024","2,570.70","2,600.87","2,604.16","2,564.46","343.30K","-1.31%"
"10/21/2024","2,604.92","2,600.77","2,618.71","2,594.05","240.70K","0.43%"
"10/18/2024","2,593.82","2,616.04","2,618.32","2,587.96","265.20K","-0.59%"
"10/17/2024","2,609.30","2,620.74","2,622.71","2,603.52","331.30K","-0.04%"
"10/16/2024","2,610.36","2,606.70","2,622.33","2,601.35","437.60K","-0.88%"
"10/15/2024","2,633.45","2,632.37","2,635.32","2,615.47","438.30K","0.39%"
"10/14/2024","2,623.29","2,602.63","2,628.54","2,602.63","401.70K","1.02%"
"10/11/2024","2,596.91","2,612.02","2,621.93","2,594.43","491.30K","-0.09%"
"10/10/2024","2,599.16","2,611.65","2,613.61","2,596.86","618.60K","0.19%"
"10/08/2024","2,594.36","2,592.65","2,601.96","2,581.79","318.20K","-0.61%"
"10/07/2024","2,610.38","2,579.20","2,611.93","2,561.46","343.70K","1.58%"
"10/04/2024","2,569.71","2,563.70","2,585.59","2,555.57","414.30K","0.31%"
"10/02/2024","2,561.69","2,566.55","2,591.61","2,555.46","351.00K","-1.22%"
"09/30/2024","2,593.27","2,665.24","2,668.66","2,593.27","358.90K","-2.13%"
"09/27/2024","2,649.78","2,674.58","2,681.45","2,649.78","413.00K","-0.82%"
"09/26/2024","2,671.57","2,630.91","2,671.57","2,630.30","324.90K","2.90%"
"09/25/2024","2,596.32","2,652.71","2,663.36","2,596.32","454.50K","-1.34%"
"09/24/2024","2,631.68","2,612.45","2,631.68","2,597.81","355.10K","1.14%"
"09/23/2024","2,602.01","2,596.47","2,603.57","2,588.49","339.10K","0.33%"
"09/20/2024","2,593.37","2,603.83","2,619.55","2,591.40","496.00K","0.49%"
"09/19/2024","2,580.80","2,594.67","2,598.68","2,550.09","385.10K","0.21%"
"09/13/2024","2,575.41","2,571.81","2,584.11","2,562.91","358.30K","0.13%"
"09/12/2024","2,572.09","2,572.09","2,572.09","2,572.09","-","2.34%"
"09/11/2024","2,513.37","2,524.86","2,526.13","2,493.37","302.60K","-0.40%"
"09/10/2024","2,523.43","2,542.69","2,544.83","2,522.48","347.70K","-0.49%"
"09/09/2024","2,535.93","2,498.67","2,543.22","2,491.30","270.20K","-0.33%"
"09/06/2024","2,544.28","2,576.66","2,576.94","2,529.31","374.80K","-1.21%"
"09/05/2024","2,575.50","2,598.36","2,615.80","2,560.65","379.00K","-0.21%"
"09/04/2024","2,580.80","2,589.94","2,608.13","2,578.07","455.50K","-3.15%"
"09/03/2024","2,664.63","2,683.12","2,695.59","2,664.63","303.50K","-0.61%"
"09/02/2024","2,681.00","2,683.80","2,686.98","2,658.31","267.00K","0.25%"
"08/30/2024","2,674.31","2,676.72","2,686.51","2,668.66","278.80K","0.45%"
"08/29/2024","2,662.28","2,657.18","2,672.90","2,649.56","288.80K","-1.02%"
"08/28/2024","2,689.83","2,690.59","2,695.51","2,671.59","280.80K","0.02%"
"08/27/2024","2,689.25","2,696.24","2,700.18","2,681.92","264.10K","-0.32%"
"08/26/2024","2,698.01","2,716.88","2,718.47","2,688.79","333.70K","-0.14%"
"08/23/2024","2,701.69","2,690.80","2,712.84","2,689.54","330.60K","-0.22%"
"08/22/2024","2,707.67","2,710.95","2,711.38","2,690.35","441.80K","0.24%"
"08/21/2024","2,701.13","2,687.20","2,704.98","2,684.61","417.30K","0.17%"
"08/20/2024","2,696.63","2,699.74","2,706.05","2,686.06","484.20K","0.83%"
"08/19/2024","2,674.36","2,697.97","2,699.84","2,664.28","395.60K","-0.85%"
"08/16/2024","2,697.23","2,695.49","2,699.61","2,680.74","385.90K","1.99%"
"08/14/2024","2,644.50","2,649.11","2,653.71","2,632.44","328.70K","0.88%"
"08/13/2024","2,621.50","2,624.50","2,636.12","2,607.52","378.50K","0.12%"
"08/12/2024","2,618.30","2,602.16","2,622.86","2,602.01","293.10K","1.15%"
"08/09/2024","2,588.43","2,603.08","2,603.08","2,575.90","474.20K","1.24%"
"08/08/2024","2,556.73","2,530.21","2,570.34","2,518.52","494.70K","-0.45%"
"08/07/2024","2,568.41","2,515.27","2,594.83","2,510.82","476.30K","1.83%"
"08/06/2024","2,522.15","2,533.34","2,578.77","2,491.47","566.30K","3.30%"
"08/05/2024","2,441.55","2,611.30","2,611.30","2,386.96","761.90K","-8.77%"
"08/02/2024","2,676.19","2,719.39","2,725.05","2,666.40","531.80K","-3.65%"
"08/01/2024","2,777.68","2,787.27","2,794.11","2,772.97","480.80K","0.25%"
"07/31/2024","2,770.69","2,745.58","2,770.70","2,733.63","556.40K","1.19%"
"07/30/2024","2,738.19","2,744.40","2,754.53","2,732.82","392.90K","-0.99%"
"07/29/2024","2,765.53","2,748.32","2,776.86","2,742.69","456.50K","1.23%"
"07/26/2024","2,731.90","2,724.99","2,738.40","2,715.75","513.00K","0.78%"
"07/25/2024","2,710.65","2,721.29","2,725.15","2,703.86","439.60K","-1.74%"
"07/24/2024","2,758.71","2,755.50","2,778.31","2,748.65","468.50K","-0.56%"
"07/23/2024","2,774.29","2,788.83","2,796.92","2,765.81","422.70K","0.39%"
"07/22/2024","2,763.51","2,790.99","2,795.12","2,752.63","463.40K","-1.14%"
"07/19/2024","2,795.46","2,800.21","2,802.68","2,776.99","425.60K","-1.02%"
"07/18/2024","2,824.35","2,805.64","2,824.35","2,799.02","657.70K","-0.67%"
"07/17/2024","2,843.29","2,865.90","2,868.58","2,841.33","548.10K","-0.80%"
"07/16/2024","2,866.09","2,861.71","2,872.21","2,857.07","677.30K","0.18%"
"07/15/2024","2,860.92","2,869.15","2,872.90","2,848.93","424.50K","0.14%"
"07/12/2024","2,857.00","2,867.75","2,872.25","2,844.88","407.40K","-1.19%"
"07/11/2024","2,891.35","2,888.76","2,896.43","2,879.28","461.70K","0.81%"
"07/10/2024","2,867.99","2,863.05","2,871.56","2,858.87","471.80K","0.02%"
"07/09/2024","2,867.38","2,872.63","2,875.37","2,854.13","455.80K","0.34%"
"07/08/2024","2,857.76","2,862.58","2,868.99","2,855.53","424.60K","-0.16%"
"07/05/2024","2,862.23","2,836.21","2,871.96","2,836.21","377.60K","1.32%"
"07/04/2024","2,824.94","2,817.06","2,824.94","2,808.88","393.20K","1.11%"
"07/03/2024","2,794.01","2,797.14","2,799.70","2,774.71","339.80K","0.47%"
"07/02/2024","2,780.86","2,798.65","2,805.42","2,776.62","538.40K","-0.84%"
"07/01/2024","2,804.31","2,792.96","2,805.95","2,783.98","458.80K","0.23%"
"06/28/2024","2,797.82","2,792.79","2,797.82","2,782.40","610.60K","0.49%"
"06/27/2024","2,784.06","2,767.62","2,784.33","2,761.55","396.70K","-0.29%"
"06/26/2024","2,792.05","2,767.43","2,792.07","2,762.98","534.30K","0.64%"
"06/25/2024","2,774.39","2,765.76","2,780.42","2,765.76","714.20K","0.35%"
"06/24/2024","2,764.73","2,772.85","2,782.90","2,758.09","592.80K","-0.70%"
"06/21/2024","2,784.26","2,794.87","2,797.00","2,777.33","631.10K","-0.83%"
"06/20/2024","2,807.63","2,802.10","2,812.62","2,796.37","758.20K","0.37%"
"06/19/2024","2,797.33","2,786.16","2,799.32","2,786.16","645.70K","1.21%"
"06/18/2024","2,763.92","2,765.70","2,772.35","2,759.03","561.50K","0.72%"
"06/17/2024","2,744.10","2,754.83","2,759.86","2,741.03","594.00K","-0.52%"
"06/14/2024","2,758.42","2,759.22","2,769.16","2,750.86","645.00K","0.13%"
"06/13/2024","2,754.89","2,764.18","2,776.72","2,752.61","700.00K","0.98%"
"06/12/2024","2,728.17","2,709.65","2,730.30","2,707.44","511.00K","0.84%"
"06/11/2024","2,705.32","2,716.72","2,718.88","2,702.17","558.90K","0.15%"
"06/10/2024","2,701.17","2,698.71","2,718.89","2,689.19","506.90K","-0.79%"
"06/07/2024","2,722.67","2,718.25","2,729.63","2,705.23","783.90K","1.23%"
"06/05/2024","2,689.50","2,681.11","2,697.43","2,667.63","881.50K","1.03%"
"06/04/2024","2,662.10","2,668.73","2,679.47","2,659.43","773.50K","-0.76%"
"06/03/2024","2,682.52","2,657.81","2,690.73","2,657.81","782.30K","1.74%"
"05/31/2024","2,636.52","2,657.87","2,664.48","2,635.77","613.70K","0.04%"
"05/30/2024","2,635.44","2,666.63","2,666.63","2,635.44","371.90K","-1.56%"
"05/29/2024","2,677.30","2,719.56","2,721.63","2,677.07","439.00K","-1.67%"
"05/28/2024","2,722.85","2,715.52","2,730.12","2,714.34","441.00K","-0.01%"
"05/27/2024","2,722.99","2,697.16","2,725.08","2,693.66","556.70K","1.32%"
"05/24/2024","2,687.60","2,693.65","2,696.99","2,681.17","501.60K","-1.26%"
"05/23/2024","2,721.81","2,719.03","2,734.27","2,704.00","427.40K","-0.06%"
"05/22/2024","2,723.46","2,723.46","2,733.07","2,707.87","484.70K","-0.03%"
"05/21/2024","2,724.18","2,733.03","2,734.48","2,719.74","560.80K","-0.65%"
"05/20/2024","2,742.14","2,741.24","2,756.41","2,734.64","582.10K","0.64%"
"05/17/2024","2,724.62","2,751.47","2,752.17","2,724.62","575.90K","-1.03%"
"05/16/2024","2,753.00","2,770.27","2,773.46","2,748.22","521.80K","0.83%"
"05/14/2024","2,730.34","2,732.98","2,735.82","2,722.74","443.30K","0.11%"
"05/13/2024","2,727.21","2,735.20","2,738.38","2,713.92","625.30K","-0.02%"
"05/10/2024","2,727.63","2,737.95","2,743.58","2,723.21","586.10K","0.57%"
"05/09/2024","2,712.14","2,743.29","2,749.14","2,710.25","423.80K","-1.20%"
"05/08/2024","2,745.05","2,732.11","2,745.05","2,727.93","436.30K","0.39%"
"05/07/2024","2,734.36","2,718.17","2,734.36","2,716.62","532.20K","2.16%"
"05/03/2024","2,676.63","2,704.31","2,705.26","2,676.63","338.60K","-0.26%"
"05/02/2024","2,683.65","2,679.04","2,692.47","2,678.84","351.10K","-0.31%"
"04/30/2024","2,692.06","2,693.22","2,710.23","2,687.29","460.10K","0.17%"
"04/29/2024","2,687.44","2,675.46","2,687.44","2,665.21","470.50K","1.17%"
"04/26/2024","2,656.33","2,650.94","2,662.10","2,641.35","450.50K","1.05%"
"04/25/2024","2,628.62","2,646.80","2,656.51","2,628.62","334.10K","-1.76%"
"04/24/2024","2,675.75","2,662.84","2,677.85","2,662.84","325.10K","2.01%"
"04/23/2024","2,623.02","2,632.15","2,641.78","2,619.72","430.30K","-0.24%"
"04/22/2024","2,629.44","2,615.72","2,629.44","2,604.37","401.90K","1.45%"
"04/19/2024","2,591.86","2,600.69","2,609.90","2,553.55","809.50K","-1.63%"
"04/18/2024","2,634.70","2,595.46","2,642.03","2,593.26","478.80K","1.95%"
"04/17/2024","2,584.18","2,619.15","2,626.63","2,584.18","414.30K","-0.98%"
"04/16/2024","2,609.63","2,644.17","2,647.60","2,601.45","570.20K","-2.28%"
"04/15/2024","2,670.43","2,661.36","2,673.26","2,641.16","562.00K","-0.42%"
"04/12/2024","2,681.82","2,710.89","2,712.45","2,678.21","513.70K","-0.93%"
"04/11/2024","2,706.96","2,665.40","2,718.07","2,661.92","561.30K","0.07%"
"04/09/2024","2,705.16","2,733.23","2,741.23","2,703.96","470.20K","-0.46%"
"04/08/2024","2,717.65","2,718.76","2,725.58","2,706.74","620.70K","0.13%"
"04/05/2024","2,714.21","2,713.96","2,730.47","2,705.31","621.00K","-1.01%"
"04/04/2024","2,742.00","2,738.24","2,746.39","2,727.10","478.00K","1.29%"
"04/03/2024","2,706.97","2,730.68","2,732.29","2,706.97","640.80K","-1.68%"
"04/02/2024","2,753.16","2,744.15","2,760.33","2,737.19","630.40K","0.19%"
"04/01/2024","2,747.86","2,766.24","2,769.87","2,747.40","397.60K","0.04%"
"03/29/2024","2,746.63","2,757.27","2,757.55","2,739.12","495.50K","0.03%"
"03/28/2024","2,745.82","2,753.22","2,756.86","2,742.68","419.30K","-0.34%"
"03/27/2024","2,755.11","2,745.00","2,762.03","2,745.00","510.60K","-0.07%"
"03/26/2024","2,757.09","2,756.42","2,779.40","2,752.27","448.30K","0.71%"
"03/25/2024","2,737.57","2,756.59","2,763.63","2,731.70","489.60K","-0.40%"
"03/22/2024","2,748.56","2,751.15","2,763.06","2,738.18","509.50K","-0.23%"
"03/21/2024","2,754.86","2,731.18","2,755.45","2,724.25","823.70K","2.41%"
"03/20/2024","2,690.14","2,680.70","2,692.52","2,674.09","720.50K","1.28%"
"03/19/2024","2,656.17","2,673.57","2,673.57","2,645.14","695.90K","-1.10%"
"03/18/2024","2,685.84","2,678.52","2,688.07","2,665.28","408.20K","0.71%"
"03/15/2024","2,666.84","2,701.91","2,705.59","2,666.84","582.10K","-1.91%"
"03/14/2024","2,718.76","2,698.37","2,718.76","2,696.31","609.30K","0.94%"
"03/13/2024","2,693.57","2,694.71","2,701.45","2,679.54","497.20K","0.44%"
"03/12/2024","2,681.81","2,673.47","2,686.14","2,659.72","404.00K","0.83%"
"03/11/2024","2,659.84","2,665.58","2,677.21","2,658.74","389.80K","-0.77%"
"03/08/2024","2,680.35","2,676.79","2,688.00","2,668.38","454.30K","1.24%"
"03/07/2024","2,647.62","2,653.98","2,660.26","2,633.57","462.90K","0.23%"
"03/06/2024","2,641.49","2,638.84","2,649.78","2,630.16","379.00K","-0.30%"
"03/05/2024","2,649.40","2,660.80","2,684.83","2,649.35","457.20K","-0.93%"
"03/04/2024","2,674.27","2,664.52","2,682.80","2,662.32","404.00K","1.21%"
"02/29/2024","2,642.36","2,643.48","2,647.56","2,628.62","496.10K","-0.37%"
"02/28/2024","2,652.29","2,629.11","2,657.32","2,623.15","421.60K","1.04%"
"02/27/2024","2,625.05","2,654.76","2,654.76","2,619.38","574.30K","-0.83%"
"02/26/2024","2,647.08","2,657.35","2,659.60","2,629.78","530.50K","-0.77%"
"02/23/2024","2,667.70","2,681.03","2,694.80","2,665.21","415.40K","0.13%"
"02/22/2024","2,664.27","2,671.69","2,671.69","2,653.99","456.40K","0.41%"
"02/21/2024","2,653.31","2,656.92","2,670.95","2,644.04","562.10K","-0.17%"
"02/20/2024","2,657.79","2,671.55","2,673.84","2,643.93","612.70K","-0.84%"
"02/19/2024","2,680.26","2,653.12","2,683.39","2,653.12","422.70K","1.19%"
"02/16/2024","2,648.76","2,635.63","2,648.76","2,625.01","593.80K","1.34%"
"02/15/2024","2,613.80","2,643.81","2,643.86","2,613.80","621.40K","-0.25%"
"02/14/2024","2,620.42","2,609.60","2,627.31","2,601.99","543.50K","-1.10%"
"02/13/2024","2,649.64","2,644.17","2,656.87","2,640.96","559.40K","1.12%"
"02/08/2024","2,620.32","2,620.26","2,629.51","2,610.21","430.00K","0.41%"
"02/07/2024","2,609.58","2,592.59","2,625.24","2,588.09","518.20K","1.30%"
"02/06/2024","2,576.20","2,584.20","2,599.18","2,563.87","411.60K","-0.58%"
"02/05/2024","2,591.31","2,612.77","2,612.77","2,562.50","511.70K","-0.92%"
"02/02/2024","2,615.31","2,559.40","2,615.34","2,559.39","588.70K","2.87%"
"02/01/2024","2,542.46","2,491.93","2,542.46","2,491.93","751.10K","1.82%"
"01/31/2024","2,497.09","2,487.90","2,502.45","2,486.97","437.60K","-0.07%"
"01/30/2024","2,498.81","2,523.68","2,528.54","2,498.81","481.80K","-0.07%"
"01/29/2024","2,500.65","2,490.93","2,516.92","2,483.81","421.80K","0.89%"
"01/26/2024","2,478.56","2,458.05","2,502.61","2,453.45","292.70K","0.33%"
"01/25/2024","2,470.34","2,467.73","2,474.01","2,452.36","357.20K","0.03%"
"01/24/2024","2,469.69","2,476.22","2,476.22","2,454.34","395.50K","-0.36%"
"01/23/2024","2,478.61","2,478.32","2,482.84","2,464.24","472.30K","0.58%"
"01/22/2024","2,464.35","2,489.57","2,490.69","2,464.35","386.60K","-0.34%"
"01/19/2024","2,472.74","2,468.43","2,479.00","2,455.50","518.80K","1.34%"
"01/18/2024","2,440.04","2,439.96","2,453.97","2,429.12","570.00K","0.17%"
"01/17/2024","2,435.90","2,501.23","2,503.91","2,435.34","965.60K","-2.47%"
"01/16/2024","2,497.59","2,516.27","2,524.35","2,491.13","659.60K","-1.12%"
"01/15/2024","2,525.99","2,525.69","2,536.06","2,515.84","800.00K","0.04%"
"01/12/2024","2,525.05","2,536.55","2,543.83","2,517.76","790.20K","-0.60%"
"01/11/2024","2,540.27","2,543.03","2,557.30","2,540.27","788.40K","-0.07%"
"01/10/2024","2,541.98","2,563.97","2,568.19","2,539.82","570.00K","-0.75%"
"01/09/2024","2,561.24","2,598.31","2,599.37","2,556.00","790.30K","-0.26%"
"01/08/2024","2,567.82","2,584.23","2,591.68","2,566.34","320.10K","-0.40%"
"01/05/2024","2,578.08","2,586.89","2,592.29","2,572.60","520.50K","-0.35%"
"01/04/2024","2,587.02","2,592.44","2,602.64","2,580.09","770.20K","-0.78%"
"01/03/2024","2,607.31","2,643.54","2,643.72","2,607.31","463.10K","-2.34%"
"01/02/2024","2,669.81","2,645.47","2,675.80","2,641.88","409.90K","0.55%"
"12/28/2023","2,655.28","2,616.27","2,655.28","2,611.72","460.10K","1.60%"
"12/27/2023","2,613.50","2,599.35","2,613.50","2,590.08","349.70K","0.42%"
"12/26/2023","2,602.59","2,609.44","2,612.14","2,594.65","439.50K","0.12%"
"12/22/2023","2,599.51","2,617.72","2,621.37","2,599.51","466.00K","-0.02%"
"12/21/2023","2,600.02","2,598.37","2,610.81","2,587.16","578.30K","-0.55%"
"12/20/2023","2,614.30","2,586.99","2,615.38","2,584.85","570.40K","1.78%"
"12/19/2023","2,568.55","2,564.81","2,570.06","2,556.52","392.50K","0.07%"
"12/18/2023","2,566.86","2,568.77","2,573.13","2,556.05","383.00K","0.13%"
"12/15/2023","2,563.56","2,558.44","2,574.23","2,555.30","465.30K","0.76%"
"12/14/2023","2,544.18","2,547.74","2,549.65","2,532.16","530.10K","1.34%"
"12/13/2023","2,510.66","2,531.23","2,531.23","2,509.89","377.90K","-0.97%"
"12/12/2023","2,535.27","2,535.11","2,543.06","2,529.74","378.00K","0.39%"
"12/11/2023","2,525.36","2,524.79","2,528.89","2,512.45","435.00K","0.30%"
"12/08/2023","2,517.85","2,510.24","2,521.58","2,507.14","431.80K","1.03%"
"12/07/2023","2,492.07","2,493.14","2,499.73","2,481.00","446.90K","-0.13%"
"12/06/2023","2,495.38","2,503.57","2,509.67","2,495.38","391.00K","0.04%"
"12/05/2023","2,494.28","2,507.45","2,509.74","2,492.55","427.10K","-0.82%"
"12/04/2023","2,514.95","2,522.22","2,525.63","2,510.52","498.90K","0.40%"
"12/01/2023","2,505.01","2,520.49","2,520.49","2,504.06","516.60K","-1.19%"
"11/30/2023","2,535.29","2,512.11","2,535.29","2,507.80","664.30K","0.61%"
"11/29/2023","2,519.81","2,518.80","2,523.98","2,501.44","579.30K","-0.08%"
"11/28/2023","2,521.76","2,506.14","2,522.45","2,502.26","442.40K","1.05%"
"11/27/2023","2,495.66","2,501.83","2,511.37","2,489.18","364.70K","-0.04%"
"11/24/2023","2,496.63","2,517.88","2,521.56","2,496.63","359.40K","-0.73%"
"11/23/2023","2,514.96","2,515.83","2,522.20","2,507.30","360.90K","0.13%"
"11/22/2023","2,511.70","2,493.17","2,516.72","2,490.43","439.50K","0.05%"
"11/21/2023","2,510.42","2,504.70","2,517.74","2,500.91","345.10K","0.77%"
"11/20/2023","2,491.20","2,464.72","2,499.75","2,464.04","323.80K","0.86%"
"11/17/2023","2,469.85","2,477.43","2,481.10","2,463.59","388.20K","-0.74%"
"11/16/2023","2,488.18","2,483.48","2,491.98","2,472.69","407.40K","0.06%"
"11/15/2023","2,486.67","2,482.21","2,487.42","2,468.43","419.80K","2.20%"
"11/14/2023","2,433.25","2,424.93","2,442.37","2,422.97","307.00K","1.23%"
"11/13/2023","2,403.76","2,431.24","2,435.32","2,399.04","307.10K","-0.24%"
"11/10/2023","2,409.66","2,406.40","2,413.62","2,393.64","312.50K","-0.72%"
"11/09/2023","2,427.08","2,425.93","2,437.90","2,413.04","395.00K","0.23%"
"11/08/2023","2,421.62","2,460.22","2,468.43","2,418.14","467.20K","-0.91%"
"11/07/2023","2,443.96","2,476.35","2,476.35","2,418.74","457.70K","-2.33%"
"11/06/2023","2,502.37","2,399.80","2,502.37","2,395.03","528.60K","5.66%"
"11/03/2023","2,368.34","2,365.59","2,370.28","2,351.83","578.70K","1.08%"
"11/02/2023","2,343.12","2,334.96","2,351.91","2,333.41","377.50K","1.81%"
"11/01/2023","2,301.56","2,292.89","2,312.15","2,288.64","358.20K","1.03%"
"10/31/2023","2,277.99","2,318.39","2,322.45","2,273.97","395.00K","-1.41%"
"10/30/2023","2,310.55","2,292.34","2,317.75","2,292.34","444.80K","0.34%"
"10/27/2023","2,302.81","2,311.59","2,321.84","2,293.05","514.90K","0.16%"
"10/26/2023","2,299.08","2,325.82","2,330.55","2,299.08","531.10K","-2.71%"
"10/25/2023","2,363.17","2,389.23","2,389.90","2,362.69","440.80K","-0.85%"
"10/24/2023","2,383.51","2,371.55","2,384.14","2,326.67","444.20K","1.12%"
"10/23/2023","2,357.02","2,370.07","2,375.79","2,354.70","395.90K","-0.76%"
"10/20/2023","2,375.00","2,391.54","2,394.67","2,364.01","520.60K","-1.69%"
"10/19/2023","2,415.80","2,431.92","2,433.45","2,412.55","756.90K","-1.90%"
"10/18/2023","2,462.60","2,452.05","2,465.33","2,450.78","911.50K","0.10%"
"10/17/2023","2,460.17","2,454.14","2,466.87","2,449.42","508.80K","0.98%"
"10/16/2023","2,436.24","2,442.43","2,453.77","2,422.52","788.40K","-0.81%"
"10/13/2023","2,456.15","2,460.85","2,466.62","2,452.83","582.40K","-0.95%"
"10/12/2023","2,479.82","2,465.19","2,479.82","2,464.84","515.50K","1.21%"
"10/11/2023","2,450.08","2,436.52","2,463.56","2,436.52","446.90K","1.98%"
"10/10/2023","2,402.58","2,436.58","2,448.24","2,402.44","415.50K","-0.26%"
"10/06/2023","2,408.73","2,408.81","2,421.18","2,403.92","289.40K","0.21%"
"10/05/2023","2,403.60","2,423.35","2,426.61","2,402.50","451.70K","-0.09%"
"10/04/2023","2,405.69","2,435.78","2,435.78","2,402.84","424.90K","-2.41%"
"09/27/2023","2,465.07","2,447.99","2,469.72","2,445.51","366.20K","0.09%"
"09/26/2023","2,462.97","2,493.64","2,495.00","2,461.59","427.50K","-1.31%"
"09/25/2023","2,495.76","2,504.10","2,509.38","2,486.44","438.60K","-0.49%"
"09/22/2023","2,508.13","2,491.45","2,513.26","2,486.14","433.20K","-0.27%"
"09/21/2023","2,514.97","2,544.81","2,549.63","2,514.96","394.70K","-1.75%"
"09/20/2023","2,559.74","2,556.55","2,566.62","2,551.12","414.70K","0.02%"
"09/19/2023","2,559.21","2,579.36","2,583.25","2,555.46","461.80K","-0.60%"
"09/18/2023","2,574.72","2,588.69","2,596.55","2,573.26","415.90K","-1.02%"
"09/15/2023","2,601.28","2,574.98","2,611.00","2,572.37","441.10K","1.10%"
"09/14/2023","2,572.89","2,544.89","2,572.89","2,541.11","411.80K","1.51%"
"09/13/2023","2,534.70","2,536.22","2,549.38","2,528.18","417.00K","-0.07%"
"09/12/2023","2,536.58","2,566.42","2,568.55","2,535.15","358.70K","-0.79%"
"09/11/2023","2,556.88","2,549.88","2,556.89","2,540.44","410.30K","0.36%"
"09/08/2023","2,547.68","2,546.07","2,550.96","2,530.05","395.80K","-0.02%"
"09/07/2023","2,548.26","2,554.87","2,562.42","2,539.24","376.60K","-0.59%"
"09/06/2023","2,563.34","2,577.41","2,585.98","2,560.09","421.50K","-0.73%"
"09/05/2023","2,582.18","2,578.91","2,586.65","2,575.19","383.40K","-0.09%"
"09/04/2023","2,584.55","2,566.93","2,584.55","2,560.32","342.10K","0.81%"
"09/01/2023","2,563.71","2,551.93","2,568.42","2,551.04","492.40K","0.29%"
"08/31/2023","2,556.27","2,564.45","2,568.06","2,547.72","471.90K","-0.19%"
"08/30/2023","2,561.22","2,575.42","2,578.62","2,561.22","363.00K","0.35%"
"08/29/2023","2,552.16","2,550.76","2,556.98","2,545.27","440.70K","0.34%"
"08/28/2023","2,543.41","2,519.14","2,543.41","2,519.14","483.00K","0.96%"
"08/25/2023","2,519.14","2,505.39","2,526.37","2,502.05","576.40K","-0.73%"
"08/24/2023","2,537.68","2,531.78","2,539.44","2,520.73","440.30K","1.28%"
"08/23/2023","2,505.50","2,510.00","2,517.51","2,499.89","546.20K","-0.41%"
"08/22/2023","2,515.74","2,528.39","2,533.43","2,509.53","471.00K","0.28%"
"08/21/2023","2,508.80","2,511.70","2,524.41","2,505.59","398.60K","0.17%"
"08/18/2023","2,504.50","2,495.18","2,519.60","2,489.63","556.40K","-0.61%"
"08/17/2023","2,519.85","2,512.92","2,520.56","2,482.06","733.90K","-0.23%"
"08/16/2023","2,525.64","2,550.13","2,550.53","2,520.87","683.20K","-1.76%"
"08/14/2023","2,570.87","2,586.51","2,592.91","2,561.88","622.80K","-0.79%"
"08/11/2023","2,591.26","2,611.25","2,616.84","2,589.94","672.20K","-0.40%"
"08/10/2023","2,601.56","2,592.40","2,601.56","2,590.02","566.50K","-0.14%"
"08/09/2023","2,605.12","2,580.60","2,608.98","2,576.21","466.00K","1.21%"
"08/08/2023","2,573.98","2,598.29","2,601.41","2,568.15","637.00K","-0.26%"
"08/07/2023","2,580.71","2,591.58","2,607.36","2,580.71","504.10K","-0.85%"
"08/04/2023","2,602.80","2,606.17","2,612.30","2,598.38","645.80K","-0.10%"
"08/03/2023","2,605.39","2,624.76","2,625.45","2,591.30","789.40K","-0.42%"
"08/02/2023","2,616.47","2,651.53","2,660.90","2,611.77","704.70K","-1.90%"
"08/01/2023","2,667.07","2,644.34","2,668.21","2,639.10","493.60K","1.31%"
"07/31/2023","2,632.58","2,628.87","2,639.45","2,622.21","454.20K","0.93%"
"07/28/2023","2,608.32","2,593.67","2,609.54","2,586.33","497.30K","0.17%"
"07/27/2023","2,603.81","2,599.82","2,617.61","2,586.36","591.90K","0.44%"
"07/26/2023","2,592.36","2,638.76","2,639.21","2,580.98","830.10K","-1.67%"
"07/25/2023","2,636.46","2,643.35","2,646.71","2,621.60","721.50K","0.30%"
"07/24/2023","2,628.53","2,608.47","2,636.06","2,595.21","525.90K","0.72%"
"07/21/2023","2,609.76","2,581.06","2,609.76","2,570.58","499.30K","0.37%"
"07/20/2023","2,600.23","2,595.38","2,611.34","2,589.29","369.70K","-0.31%"
"07/19/2023","2,608.24","2,622.24","2,622.54","2,598.52","434.90K","0.02%"
"07/18/2023","2,607.62","2,624.59","2,626.89","2,600.67","491.10K","-0.43%"
"07/17/2023","2,619.00","2,617.67","2,627.12","2,611.55","548.80K","-0.35%"
"07/14/2023","2,628.30","2,607.47","2,628.30","2,603.36","568.10K","1.43%"
"07/13/2023","2,591.23","2,589.89","2,602.21","2,587.75","584.30K","0.64%"
"07/12/2023","2,574.72","2,557.61","2,574.73","2,554.26","695.50K","0.48%"
"07/11/2023","2,562.49","2,538.84","2,562.49","2,534.48","592.40K","1.66%"
"07/10/2023","2,520.70","2,528.08","2,539.63","2,517.67","560.60K","-0.24%"
"07/07/2023","2,526.71","2,547.41","2,547.41","2,515.07","612.10K","-1.16%"
"07/06/2023","2,556.29","2,574.75","2,575.45","2,550.67","530.80K","-0.88%"
"07/05/2023","2,579.00","2,593.47","2,601.99","2,578.66","599.40K","-0.55%"
"07/04/2023","2,593.31","2,604.72","2,607.66","2,591.86","673.10K","-0.35%"
"07/03/2023","2,602.47","2,580.89","2,604.63","2,580.49","615.50K","1.49%"
"06/30/2023","2,564.28","2,558.43","2,571.03","2,541.72","508.80K","0.56%"
"06/29/2023","2,550.02","2,564.02","2,577.69","2,550.02","602.50K","-0.55%"
"06/28/2023","2,564.19","2,590.52","2,590.52","2,559.46","484.20K","-0.67%"
"06/27/2023","2,581.39","2,581.02","2,582.00","2,568.52","535.40K","-0.03%"
"06/26/2023","2,582.20","2,568.65","2,585.31","2,562.03","479.20K","0.47%"
"06/23/2023","2,570.10","2,599.04","2,600.81","2,568.07","526.50K","-0.91%"
"06/22/2023","2,593.70","2,575.65","2,597.76","2,575.65","610.20K","0.43%"
"06/21/2023","2,582.63","2,599.19","2,600.97","2,579.52","655.40K","-0.86%"
"06/20/2023","2,604.91","2,602.83","2,610.03","2,596.82","715.80K","-0.18%"
"06/19/2023","2,609.50","2,618.06","2,619.44","2,600.49","708.80K","-0.62%"
"06/16/2023","2,625.79","2,623.57","2,625.79","2,612.21","668.40K","0.66%"
"06/15/2023","2,608.54","2,629.24","2,634.22","2,602.52","579.00K","-0.40%"
"06/14/2023","2,619.08","2,640.81","2,642.86","2,614.25","648.80K","-0.72%"
"06/13/2023","2,637.95","2,644.43","2,645.62","2,633.52","692.50K","0.33%"
"06/12/2023","2,629.35","2,647.49","2,650.45","2,623.43","554.30K","-0.45%"
"06/09/2023","2,641.16","2,624.15","2,644.70","2,618.45","581.50K","1.16%"
"06/08/2023","2,610.85","2,609.21","2,612.39","2,595.33","578.70K","-0.18%"
"06/07/2023","2,615.60","2,623.46","2,629.92","2,613.68","535.30K","0.01%"
"06/05/2023","2,615.41","2,617.43","2,618.62","2,608.01","542.70K","0.54%"
"06/02/2023","2,601.36","2,586.27","2,601.38","2,583.88","566.50K","1.25%"
"06/01/2023","2,569.17","2,572.56","2,580.15","2,565.00","674.20K","-0.31%"
"05/31/2023","2,577.12","2,586.03","2,596.31","2,575.98","683.90K","-0.32%"
"05/30/2023","2,585.52","2,582.41","2,586.22","2,574.82","638.50K","1.04%"
"05/26/2023","2,558.81","2,561.94","2,567.50","2,553.79","631.80K","0.16%"
"05/25/2023","2,554.69","2,570.64","2,575.05","2,551.49","916.70K","-0.50%"
"05/24/2023","2,567.45","2,557.11","2,572.21","2,555.04","1.07M","-0.00%"
"05/23/2023","2,567.55","2,565.80","2,577.32","2,561.10","573.80K","0.41%"
"05/22/2023","2,557.08","2,540.03","2,564.09","2,533.50","590.50K","0.76%"
"05/19/2023","2,537.79","2,530.83","2,538.31","2,524.89","569.30K","0.89%"
"05/18/2023","2,515.40","2,511.09","2,515.40","2,500.01","571.50K","0.83%"
"05/17/2023","2,494.66","2,479.65","2,498.37","2,475.02","563.30K","0.58%"
"05/16/2023","2,480.24","2,494.40","2,498.54","2,474.90","627.90K","0.04%"
"05/15/2023","2,479.35","2,469.80","2,479.35","2,455.99","483.30K","0.16%"
"05/12/2023","2,475.42","2,487.35","2,487.35","2,472.45","797.20K","-0.63%"
"05/11/2023","2,491.00","2,505.57","2,513.82","2,490.08","646.30K","-0.22%"
"05/10/2023","2,496.51","2,505.96","2,510.13","2,488.42","634.40K","-0.54%"
"05/09/2023","2,510.06","2,512.34","2,514.81","2,495.63","750.50K","-0.13%"
"05/08/2023","2,513.21","2,518.53","2,525.84","2,511.13","653.90K","0.49%"
"05/04/2023","2,500.94","2,494.82","2,502.14","2,486.09","809.10K","-0.02%"
"05/03/2023","2,501.40","2,510.19","2,514.37","2,497.83","887.30K","-0.91%"
"05/02/2023","2,524.39","2,504.01","2,524.42","2,503.21","700.30K","0.91%"
"04/28/2023","2,501.53","2,511.79","2,517.13","2,489.58","776.40K","0.23%"
"04/27/2023","2,495.81","2,484.31","2,499.01","2,465.83","732.60K","0.44%"
"04/26/2023","2,484.83","2,489.49","2,498.56","2,481.38","1.09M","-0.17%"
"04/25/2023","2,489.02","2,531.35","2,531.35","2,472.33","885.20K","-1.37%"
"04/24/2023","2,523.50","2,538.36","2,541.89","2,518.73","925.90K","-0.82%"
"04/21/2023","2,544.40","2,556.70","2,559.44","2,532.32","969.00K","-0.73%"
"04/20/2023","2,563.11","2,566.06","2,573.94","2,552.06","950.40K","-0.46%"
"04/19/2023","2,575.08","2,570.06","2,582.11","2,568.46","956.00K","0.16%"
"04/18/2023","2,571.09","2,582.23","2,582.23","2,557.19","895.20K","-0.19%"
"04/17/2023","2,575.91","2,570.30","2,577.08","2,561.14","774.60K","0.17%"
"04/14/2023","2,571.49","2,580.10","2,581.74","2,560.53","890.50K","0.38%"
"04/13/2023","2,561.66","2,534.71","2,561.66","2,531.07","840.30K","0.43%"
"04/12/2023","2,550.64","2,546.36","2,561.37","2,536.23","899.80K","0.11%"
"04/11/2023","2,547.86","2,523.33","2,550.97","2,514.42","766.80K","1.42%"
"04/10/2023","2,512.08","2,491.68","2,519.99","2,490.17","716.20K","0.87%"
"04/07/2023","2,490.41","2,478.64","2,493.06","2,473.89","584.00K","1.27%"
"04/06/2023","2,459.23","2,488.00","2,488.00","2,458.50","749.10K","-1.44%"
"04/05/2023","2,495.21","2,482.61","2,497.61","2,478.67","630.40K","0.59%"
"04/04/2023","2,480.51","2,475.87","2,489.71","2,472.79","830.50K","0.33%"
"04/03/2023","2,472.34","2,485.81","2,485.81","2,467.59","807.40K","-0.18%"
"03/31/2023","2,476.86","2,459.94","2,481.24","2,456.54","721.30K","0.97%"
"03/30/2023","2,453.16","2,452.97","2,462.70","2,439.43","621.30K","0.38%"
"03/29/2023","2,443.92","2,432.63","2,443.95","2,428.61","496.60K","0.37%"
"03/28/2023","2,434.94","2,418.69","2,434.94","2,415.34","523.50K","1.07%"
"03/27/2023","2,409.22","2,423.94","2,423.94","2,395.97","472.20K","-0.24%"
"03/24/2023","2,414.96","2,421.27","2,423.76","2,399.49","470.10K","-0.39%"
"03/23/2023","2,424.48","2,398.27","2,424.48","2,397.91","567.40K","0.31%"
"03/22/2023","2,416.96","2,411.25","2,417.47","2,402.78","500.90K","1.20%"
"03/21/2023","2,388.35","2,396.54","2,399.52","2,383.17","354.70K","0.38%"
"03/20/2023","2,379.20","2,391.87","2,405.99","2,378.70","344.70K","-0.69%"
"03/17/2023","2,395.69","2,403.70","2,405.35","2,382.80","363.40K","0.75%"
"03/16/2023","2,377.91","2,357.98","2,382.79","2,346.11","317.30K","-0.08%"
"03/15/2023","2,379.72","2,380.09","2,395.36","2,370.77","443.50K","1.31%"
"03/14/2023","2,348.97","2,390.36","2,390.78","2,348.19","484.80K","-2.56%"
"03/13/2023","2,410.60","2,400.45","2,413.24","2,369.79","380.40K","0.67%"
"03/10/2023","2,394.59","2,389.82","2,400.87","2,383.19","412.90K","-1.01%"
"03/09/2023","2,419.09","2,440.79","2,444.20","2,416.25","473.50K","-0.53%"
"03/08/2023","2,431.91","2,435.58","2,442.61","2,426.52","437.30K","-1.28%"
"03/07/2023","2,463.35","2,457.04","2,475.73","2,455.65","449.80K","0.03%"
"03/06/2023","2,462.62","2,452.46","2,464.45","2,441.07","417.90K","1.26%"
"03/03/2023","2,432.07","2,438.73","2,442.10","2,423.08","371.50K","0.17%"
"03/02/2023","2,427.85","2,414.61","2,440.59","2,411.85","427.90K","0.62%"
"02/28/2023","2,412.85","2,417.58","2,431.67","2,407.29","529.20K","0.42%"
"02/27/2023","2,402.64","2,405.42","2,405.56","2,383.76","356.70K","-0.87%"
"02/24/2023","2,423.61","2,442.49","2,452.97","2,421.47","369.20K","-0.63%"
"02/23/2023","2,439.09","2,430.01","2,449.62","2,422.62","400.30K","0.89%"
"02/22/2023","2,417.68","2,430.87","2,435.98","2,416.16","426.70K","-1.68%"
"02/21/2023","2,458.96","2,457.51","2,466.07","2,446.00","494.30K","0.16%"
"02/20/2023","2,455.12","2,453.25","2,463.17","2,430.27","390.00K","0.16%"
"02/17/2023","2,451.21","2,447.66","2,471.51","2,445.74","513.60K","-0.98%"
"02/16/2023","2,475.48","2,444.06","2,475.99","2,442.07","387.60K","1.96%"
"02/15/2023","2,427.90","2,473.09","2,473.44","2,424.16","386.50K","-1.53%"
"02/14/2023","2,465.64","2,471.33","2,480.34","2,459.83","348.80K","0.53%"
"02/13/2023","2,452.70","2,461.96","2,462.58","2,440.86","485.50K","-0.69%"
"02/10/2023","2,469.73","2,470.65","2,473.80","2,454.74","656.90K","-0.48%"
"02/09/2023","2,481.52","2,470.66","2,487.14","2,466.61","609.40K","-0.09%"
"02/08/2023","2,483.64","2,469.42","2,487.35","2,465.96","414.80K","1.30%"
"02/07/2023","2,451.71","2,440.14","2,456.17","2,432.40","446.60K","0.55%"
"02/06/2023","2,438.19","2,461.82","2,469.42","2,438.04","566.60K","-1.70%"
"02/03/2023","2,480.40","2,466.54","2,485.08","2,460.21","496.60K","0.47%"
"02/02/2023","2,468.88","2,481.94","2,486.20","2,454.60","692.80K","0.78%"
"02/01/2023","2,449.80","2,446.03","2,453.29","2,433.37","666.10K","1.02%"
"01/31/2023","2,425.08","2,449.92","2,457.48","2,423.37","616.90K","-1.04%"
"01/30/2023","2,450.47","2,484.64","2,491.13","2,446.59","475.10K","-1.35%"
"01/27/2023","2,484.02","2,474.52","2,497.40","2,464.53","509.10K","0.62%"
"01/26/2023","2,468.65","2,436.18","2,468.65","2,426.40","486.60K","1.65%"
"01/25/2023","2,428.57","2,426.58","2,432.71","2,421.51","549.80K","1.39%"
"01/20/2023","2,395.26","2,380.00","2,395.97","2,372.57","302.30K","0.63%"
"01/19/2023","2,380.34","2,354.56","2,380.34","2,354.56","369.90K","0.51%"
"01/18/2023","2,368.32","2,380.36","2,383.00","2,356.84","536.20K","-0.47%"
"01/17/2023","2,379.39","2,400.92","2,404.00","2,374.65","536.00K","-0.85%"
"01/16/2023","2,399.86","2,390.06","2,410.22","2,387.61","517.80K","0.58%"
"01/13/2023","2,386.09","2,377.34","2,397.01","2,375.78","861.70K","0.89%"
"01/12/2023","2,365.10","2,376.72","2,377.80","2,358.33","580.10K","0.24%"
"01/11/2023","2,359.53","2,364.05","2,369.66","2,350.36","368.80K","0.35%"
"01/10/2023","2,351.31","2,348.04","2,370.18","2,344.18","359.60K","0.05%"
"01/09/2023","2,350.19","2,315.87","2,351.06","2,312.56","341.10K","2.63%"
"01/06/2023","2,289.97","2,253.40","2,300.62","2,253.27","398.30K","1.12%"
"01/05/2023","2,264.65","2,268.20","2,281.39","2,252.97","430.80K","0.38%"
"01/04/2023","2,255.98","2,205.98","2,260.06","2,198.82","412.70K","1.68%"
"01/03/2023","2,218.68","2,230.98","2,230.98","2,180.67","410.00K","-0.31%"
"01/02/2023","2,225.67","2,249.95","2,259.88","2,222.37","346.10K","-0.48%"
"12/29/2022","2,236.40","2,265.73","2,272.67","2,236.38","361.00K","-1.93%"
"12/28/2022","2,280.45","2,296.45","2,296.45","2,276.90","405.70K","-2.24%"
"12/27/2022","2,332.79","2,327.52","2,335.99","2,321.48","448.30K","0.68%"
"12/26/2022","2,317.14","2,312.54","2,321.92","2,304.20","427.60K","0.15%"
"12/23/2022","2,313.69","2,325.86","2,333.08","2,311.90","367.00K","-1.83%"
"12/22/2022","2,356.73","2,340.00","2,356.73","2,335.75","552.80K","1.19%"
"12/21/2022","2,328.95","2,346.39","2,347.00","2,325.78","329.40K","-0.19%"
"12/20/2022","2,333.29","2,344.73","2,353.86","2,324.66","358.10K","-0.80%"
"12/19/2022","2,352.17","2,350.78","2,358.76","2,342.28","323.60K","-0.33%"
"12/16/2022","2,360.02","2,329.75","2,360.44","2,326.83","414.20K","-0.04%"
"12/15/2022","2,360.97","2,383.83","2,392.11","2,360.95","374.30K","-1.60%"
"12/14/2022","2,399.25","2,380.81","2,400.18","2,379.44","409.40K","1.13%"
"12/13/2022","2,372.40","2,385.05","2,388.27","2,364.87","447.10K","-0.03%"
"12/12/2022","2,373.02","2,373.58","2,381.87","2,368.47","498.90K","-0.67%"
"12/09/2022","2,389.04","2,382.73","2,390.08","2,367.25","315.30K","0.76%"
"12/08/2022","2,371.08","2,386.90","2,387.95","2,357.20","351.60K","-0.49%"
"12/07/2022","2,382.81","2,385.87","2,394.88","2,377.98","332.10K","-0.43%"
"12/06/2022","2,393.16","2,397.70","2,416.88","2,390.20","367.80K","-1.08%"
"12/05/2022","2,419.32","2,442.17","2,442.22","2,413.05","385.20K","-0.62%"
"12/02/2022","2,434.33","2,471.50","2,471.50","2,434.33","468.50K","-1.84%"
"12/01/2022","2,479.84","2,501.43","2,501.43","2,474.33","491.20K","0.30%"
"11/30/2022","2,472.53","2,424.44","2,472.53","2,421.42","593.90K","1.61%"
"11/29/2022","2,433.39","2,405.54","2,433.87","2,401.10","550.00K","1.04%"
"11/28/2022","2,408.27","2,425.05","2,425.65","2,401.95","350.10K","-1.21%"
"11/25/2022","2,437.86","2,442.21","2,449.66","2,433.57","438.40K","-0.14%"
"11/24/2022","2,441.33","2,437.51","2,441.33","2,428.12","481.20K","0.96%"
"11/23/2022","2,418.01","2,424.36","2,427.28","2,407.58","474.80K","0.53%"
"11/22/2022","2,405.27","2,405.96","2,426.40","2,401.50","539.20K","-0.59%"
"11/21/2022","2,419.50","2,446.05","2,448.14","2,409.36","544.50K","-1.02%"
"11/18/2022","2,444.48","2,448.13","2,471.87","2,442.87","589.50K","0.06%"
"11/17/2022","2,442.90","2,466.50","2,467.39","2,442.90","914.40K","-1.39%"
"11/16/2022","2,477.45","2,487.00","2,487.00","2,446.79","657.60K","-0.12%"
"11/15/2022","2,480.33","2,482.76","2,485.20","2,463.65","617.10K","0.23%"
"11/14/2022","2,474.65","2,485.18","2,499.43","2,470.60","730.90K","-0.34%"
"11/11/2022","2,483.16","2,466.90","2,486.46","2,463.51","758.00K","3.37%"
"11/10/2022","2,402.23","2,405.77","2,426.10","2,401.99","899.00K","-0.91%"
"11/09/2022","2,424.41","2,408.54","2,429.65","2,403.64","680.50K","1.06%"
"11/08/2022","2,399.04","2,387.20","2,400.39","2,375.67","499.80K","1.15%"
"11/07/2022","2,371.79","2,360.22","2,373.28","2,354.22","392.30K","0.99%"
"11/04/2022","2,348.43","2,325.85","2,348.43","2,316.29","436.20K","0.83%"
"11/03/2022","2,329.17","2,297.45","2,342.86","2,296.44","550.30K","-0.33%"
"11/02/2022","2,336.87","2,326.05","2,346.32","2,323.37","450.20K","0.07%"
"11/01/2022","2,335.22","2,301.58","2,335.57","2,297.57","597.10K","1.81%"
"10/31/2022","2,293.61","2,293.75","2,295.51","2,273.73","401.30K","1.11%"
"10/28/2022","2,268.40","2,276.73","2,292.65","2,266.44","427.10K","-0.89%"
"10/27/2022","2,288.78","2,266.07","2,290.56","2,262.02","587.70K","1.74%"
"10/26/2022","2,249.56","2,240.70","2,258.11","2,234.49","563.30K","0.65%"
"10/25/2022","2,235.07","2,237.04","2,253.24","2,230.75","456.70K","-0.05%"
"10/24/2022","2,236.16","2,248.26","2,256.67","2,229.85","444.70K","1.04%"
"10/21/2022","2,213.12","2,210.59","2,224.04","2,204.64","637.40K","-0.22%"
"10/20/2022","2,218.09","2,225.53","2,231.52","2,200.44","1.11M","-0.86%"
"10/19/2022","2,237.44","2,249.35","2,266.80","2,234.59","895.00K","-0.56%"
"10/18/2022","2,249.95","2,249.15","2,251.74","2,220.71","580.70K","1.36%"
"10/17/2022","2,219.71","2,187.17","2,221.05","2,177.66","498.50K","0.32%"
"10/14/2022","2,212.55","2,200.66","2,220.54","2,193.63","512.90K","2.30%"
"10/13/2022","2,162.87","2,198.29","2,198.34","2,162.87","792.20K","-1.80%"
"10/12/2022","2,202.47","2,191.35","2,205.02","2,181.65","658.00K","0.47%"
"10/11/2022","2,192.07","2,193.02","2,193.05","2,174.06","859.10K","-1.83%"
"10/07/2022","2,232.84","2,217.84","2,245.88","2,215.08","428.50K","-0.22%"
"10/06/2022","2,237.86","2,230.43","2,250.87","2,223.36","642.70K","1.02%"
"10/05/2022","2,215.22","2,248.85","2,253.93","2,204.03","855.40K","0.26%"
"10/04/2022","2,209.38","2,189.51","2,212.38","2,180.84","420.70K","2.50%"
"09/30/2022","2,155.49","2,161.11","2,177.20","2,134.77","950.00K","-0.71%"
"09/29/2022","2,170.93","2,197.75","2,210.61","2,170.14","508.20K","0.08%"
"09/28/2022","2,169.29","2,206.15","2,223.56","2,151.60","595.70K","-2.45%"
"09/27/2022","2,223.86","2,224.39","2,227.35","2,197.90","487.60K","0.13%"
"09/26/2022","2,220.94","2,260.80","2,260.80","2,215.36","621.40K","-3.02%"
"09/23/2022","2,290.00","2,331.33","2,334.06","2,285.71","446.30K","-1.81%"
"09/22/2022","2,332.31","2,319.70","2,335.11","2,309.10","446.60K","-0.63%"
"09/21/2022","2,347.21","2,351.54","2,360.27","2,341.79","378.00K","-0.87%"
"09/20/2022","2,367.85","2,373.64","2,382.52","2,359.84","419.20K","0.52%"
"09/19/2022","2,355.66","2,388.73","2,389.85","2,352.76","403.70K","-1.14%"
"09/16/2022","2,382.78","2,387.56","2,395.10","2,371.11","440.30K","-0.79%"
"09/15/2022","2,401.83","2,416.01","2,421.63","2,401.83","423.90K","-0.40%"
"09/14/2022","2,411.42","2,390.47","2,418.42","2,381.50","461.30K","-1.56%"
"09/13/2022","2,449.54","2,418.59","2,453.95","2,418.59","366.90K","2.74%"
"09/08/2022","2,384.28","2,393.27","2,394.06","2,379.06","423.60K","0.33%"
"09/07/2022","2,376.46","2,395.66","2,398.40","2,365.35","377.90K","-1.39%"
"09/06/2022","2,410.02","2,409.72","2,422.53","2,399.26","294.10K","0.26%"
"09/05/2022","2,403.68","2,410.07","2,424.77","2,392.63","354.70K","-0.24%"
"09/02/2022","2,409.41","2,427.70","2,432.37","2,402.67","391.40K","-0.26%"
"09/01/2022","2,415.61","2,443.00","2,443.61","2,415.61","579.30K","-2.28%"
"08/31/2022","2,472.05","2,433.47","2,473.75","2,426.14","435.90K","0.86%"
"08/30/2022","2,450.93","2,441.21","2,453.91","2,433.48","336.20K","0.99%"
"08/29/2022","2,426.89","2,432.06","2,432.89","2,417.01","447.20K","-2.18%"
"08/26/2022","2,481.03","2,489.14","2,497.76","2,476.75","519.90K","0.15%"
"08/25/2022","2,477.26","2,459.79","2,477.26","2,455.32","426.00K","1.22%"
"08/24/2022","2,447.45","2,446.18","2,454.01","2,430.69","423.30K","0.50%"
"08/23/2022","2,435.34","2,449.31","2,454.55","2,431.83","471.00K","-1.10%"
"08/22/2022","2,462.50","2,467.38","2,475.77","2,457.08","422.40K","-1.21%"
"08/19/2022","2,492.69","2,510.72","2,510.72","2,492.69","459.70K","-0.61%"
"08/18/2022","2,508.05","2,499.30","2,515.37","2,488.09","381.40K","-0.33%"
"08/17/2022","2,516.47","2,536.57","2,543.15","2,512.01","417.80K","-0.67%"
"08/16/2022","2,533.52","2,543.05","2,546.35","2,532.20","398.10K","0.22%"
"08/12/2022","2,527.94","2,519.66","2,533.20","2,514.31","445.10K","0.16%"
"08/11/2022","2,523.78","2,507.74","2,523.78","2,506.41","505.10K","1.73%"
"08/10/2022","2,480.88","2,493.70","2,494.15","2,478.21","479.30K","-0.90%"
"08/09/2022","2,503.46","2,493.57","2,506.49","2,481.36","454.20K","0.42%"
"08/08/2022","2,493.10","2,481.17","2,494.00","2,477.76","418.10K","0.09%"
"08/05/2022","2,490.80","2,481.43","2,497.58","2,480.05","409.40K","0.72%"
"08/04/2022","2,473.11","2,478.44","2,478.95","2,465.32","398.50K","0.47%"
"08/03/2022","2,461.45","2,438.56","2,461.45","2,433.12","475.20K","0.89%"
"08/02/2022","2,439.62","2,451.00","2,451.07","2,428.76","549.80K","-0.52%"
"08/01/2022","2,452.25","2,444.05","2,461.40","2,437.13","487.00K","0.03%"
"07/29/2022","2,451.50","2,453.53","2,463.05","2,442.01","499.00K","0.67%"
"07/28/2022","2,435.27","2,437.57","2,443.43","2,429.07","490.90K","0.82%"
"07/27/2022","2,415.53","2,412.52","2,415.53","2,396.19","333.40K","0.11%"
"07/26/2022","2,412.96","2,397.27","2,415.39","2,395.17","415.10K","0.39%"
"07/25/2022","2,403.69","2,385.65","2,412.47","2,385.65","322.90K","0.44%"
"07/22/2022","2,393.14","2,405.37","2,417.91","2,391.48","381.40K","-0.66%"
"07/21/2022","2,409.16","2,387.91","2,411.96","2,387.91","295.50K","0.93%"
"07/20/2022","2,386.85","2,406.29","2,410.06","2,382.65","333.00K","0.67%"
"07/19/2022","2,370.97","2,367.52","2,372.74","2,359.59","339.20K","-0.18%"
"07/18/2022","2,375.25","2,350.48","2,376.50","2,344.12","324.10K","1.90%"
"07/15/2022","2,330.98","2,335.12","2,337.30","2,293.45","319.30K","0.37%"
"07/14/2022","2,322.32","2,316.41","2,338.29","2,307.69","348.90K","-0.27%"
"07/13/2022","2,328.61","2,324.45","2,341.19","2,312.49","308.40K","0.47%"
"07/12/2022","2,317.76","2,330.88","2,333.02","2,303.74","379.00K","-0.96%"
"07/11/2022","2,340.27","2,357.43","2,363.26","2,337.82","376.90K","-0.44%"
"07/08/2022","2,350.61","2,352.49","2,367.84","2,348.74","411.20K","0.70%"
"07/07/2022","2,334.27","2,308.97","2,344.14","2,307.90","340.00K","1.84%"
"07/06/2022","2,292.01","2,330.11","2,332.14","2,290.33","410.60K","-2.13%"
"07/05/2022","2,341.78","2,322.11","2,344.08","2,309.62","323.60K","1.80%"
"07/04/2022","2,300.34","2,310.73","2,318.31","2,276.63","467.70K","-0.22%"
"07/01/2022","2,305.42","2,342.92","2,354.97","2,291.49","530.10K","-1.17%"
"06/30/2022","2,332.64","2,368.57","2,368.57","2,332.59","515.00K","-1.91%"
"06/29/2022","2,377.99","2,387.10","2,393.25","2,375.45","422.10K","-1.82%"
"06/28/2022","2,422.09","2,405.20","2,422.10","2,393.96","564.70K","0.84%"
"06/27/2022","2,401.92","2,383.20","2,418.94","2,365.86","509.70K","1.49%"
"06/24/2022","2,366.60","2,327.11","2,373.48","2,319.99","654.10K","2.26%"
"06/23/2022","2,314.32","2,347.84","2,361.23","2,306.48","749.20K","-1.22%"
"06/22/2022","2,342.81","2,417.11","2,418.05","2,342.81","531.80K","-2.74%"
"06/21/2022","2,408.93","2,402.99","2,423.48","2,385.60","479.40K","0.75%"
"06/20/2022","2,391.03","2,449.89","2,449.89","2,372.35","592.10K","-2.04%"
"06/17/2022","2,440.93","2,409.72","2,441.34","2,396.47","634.20K","-0.43%"
"06/16/2022","2,451.41","2,481.66","2,500.36","2,447.33","583.80K","0.16%"
"06/15/2022","2,447.38","2,490.01","2,495.54","2,436.04","713.80K","-1.83%"
"06/14/2022","2,492.97","2,472.96","2,503.17","2,457.39","671.20K","-0.46%"
"06/13/2022","2,504.51","2,550.21","2,550.32","2,504.51","659.80K","-3.52%"
"06/10/2022","2,595.87","2,596.37","2,602.80","2,583.74","723.80K","-1.13%"
"06/09/2022","2,625.44","2,618.92","2,627.88","2,606.61","814.50K","-0.03%"
"06/08/2022","2,626.15","2,633.53","2,639.52","2,621.96","576.00K","-0.01%"
"06/07/2022","2,626.34","2,659.27","2,662.04","2,622.78","524.30K","-1.66%"
"06/03/2022","2,670.65","2,679.57","2,681.51","2,663.00","562.20K","0.44%"
"06/02/2022","2,658.99","2,670.74","2,674.00","2,653.59","524.90K","-1.00%"
"05/31/2022","2,685.90","2,666.88","2,685.90","2,654.32","670.70K","0.61%"
"05/30/2022","2,669.66","2,662.31","2,672.74","2,654.18","469.30K","1.20%"
"05/27/2022","2,638.05","2,640.75","2,644.71","2,631.49","590.50K","0.98%"
"05/26/2022","2,612.45","2,616.99","2,641.91","2,602.01","595.30K","-0.18%"
"05/25/2022","2,617.22","2,621.75","2,630.17","2,602.94","710.20K","0.44%"
"05/24/2022","2,605.87","2,638.94","2,646.99","2,605.87","850.70K","-1.57%"
"05/23/2022","2,647.38","2,651.63","2,653.87","2,634.29","641.90K","0.31%"
"05/20/2022","2,639.29","2,605.78","2,641.68","2,605.38","752.40K","1.81%"
"05/19/2022","2,592.34","2,576.24","2,597.79","2,568.54","676.90K","-1.28%"
"05/18/2022","2,625.98","2,634.75","2,644.13","2,618.00","869.30K","0.21%"
"05/17/2022","2,620.44","2,603.58","2,621.84","2,603.58","873.00K","0.92%"
"05/16/2022","2,596.58","2,624.69","2,629.20","2,593.61","780.00K","-0.29%"
"05/13/2022","2,604.24","2,570.01","2,605.84","2,565.96","788.30K","2.12%"
"05/12/2022","2,550.08","2,569.50","2,591.57","2,546.80","899.90K","-1.63%"
"05/11/2022","2,592.27","2,586.52","2,599.11","2,579.09","679.30K","-0.17%"
"05/10/2022","2,596.56","2,590.13","2,602.75","2,553.01","840.90K","-1.81%"
"05/06/2022","2,644.51","2,650.89","2,652.51","2,635.97","1.33M","-1.23%"
"05/04/2022","2,677.57","2,690.45","2,696.03","2,667.23","1.18M","-0.11%"
"05/03/2022","2,680.46","2,690.16","2,702.10","2,680.46","883.10K","-0.26%"
"05/02/2022","2,687.45","2,669.21","2,689.91","2,667.85","873.40K","-0.28%"
"04/29/2022","2,695.05","2,669.18","2,696.10","2,664.06","975.00K","1.03%"
"04/28/2022","2,667.49","2,656.54","2,667.49","2,638.37","898.90K","1.08%"
"04/27/2022","2,639.06","2,630.58","2,641.82","2,615.50","1.07M","-1.10%"
"04/26/2022","2,668.31","2,674.00","2,678.05","2,663.83","889.60K","0.42%"
"04/25/2022","2,657.13","2,676.67","2,680.35","2,657.04","1.02M","-1.76%"
"04/22/2022","2,704.71","2,704.72","2,708.58","2,690.48","1.24M","-0.86%"
"04/21/2022","2,728.21","2,725.71","2,737.54","2,725.04","1.00M","0.35%"
"04/20/2022","2,718.69","2,718.49","2,724.46","2,702.84","1.74M","-0.01%"
"04/19/2022","2,718.89","2,707.76","2,723.98","2,705.32","1.26M","0.95%"
"04/18/2022","2,693.21","2,685.04","2,701.11","2,681.37","1.02M","-0.11%"
"04/15/2022","2,696.06","2,695.52","2,705.41","2,685.01","693.70K","-0.76%"
"04/14/2022","2,716.71","2,719.34","2,720.30","2,702.61","664.80K","0.01%"
"04/13/2022","2,716.49","2,677.53","2,717.63","2,672.60","732.00K","1.86%"
"04/12/2022","2,666.76","2,674.17","2,685.08","2,658.40","870.00K","-0.98%"
"04/11/2022","2,693.10","2,687.54","2,711.02","2,683.96","742.10K","-0.27%"
"04/08/2022","2,700.39","2,706.64","2,712.00","2,685.52","948.00K","0.17%"
"04/07/2022","2,695.86","2,714.70","2,718.50","2,693.36","998.20K","-1.43%"
"04/06/2022","2,735.03","2,739.07","2,747.85","2,730.66","1.32M","-0.88%"
"04/05/2022","2,759.20","2,765.50","2,769.18","2,750.50","1.61M","0.05%"
"04/04/2022","2,757.90","2,729.86","2,758.38","2,722.45","1.02M","0.66%"
"04/01/2022","2,739.85","2,745.85","2,745.85","2,729.68","1.30M","-0.65%"
"03/31/2022","2,757.65","2,743.24","2,765.20","2,743.20","1.03M","0.40%"
"03/30/2022","2,746.74","2,758.31","2,760.60","2,740.02","837.80K","0.21%"
"03/29/2022","2,741.07","2,745.62","2,754.18","2,733.22","726.70K","0.42%"
"03/28/2022","2,729.56","2,721.22","2,737.46","2,707.74","768.00K","-0.02%"
"03/25/2022","2,729.98","2,740.83","2,740.95","2,722.36","599.80K","0.01%"
"03/24/2022","2,729.66","2,716.25","2,729.66","2,705.14","959.60K","-0.20%"
"03/23/2022","2,735.05","2,727.12","2,742.27","2,720.83","883.00K","0.92%"
"03/22/2022","2,710.00","2,686.68","2,712.14","2,686.58","489.10K","0.89%"
"03/21/2022","2,686.05","2,717.81","2,717.81","2,683.69","502.00K","-0.77%"
"03/18/2022","2,707.02","2,695.64","2,708.16","2,688.71","643.50K","0.46%"
"03/17/2022","2,694.51","2,703.27","2,714.00","2,694.51","545.50K","1.33%"
"03/16/2022","2,659.23","2,649.85","2,659.90","2,630.03","736.00K","1.44%"
"03/15/2022","2,621.53","2,630.31","2,641.97","2,615.08","603.70K","-0.91%"
"03/14/2022","2,645.65","2,654.93","2,661.76","2,633.31","635.90K","-0.59%"
"03/11/2022","2,661.28","2,665.95","2,672.62","2,647.28","796.50K","-0.71%"
"03/10/2022","2,680.32","2,660.86","2,682.79","2,660.86","613.50K","2.21%"
"03/08/2022","2,622.40","2,617.33","2,647.18","2,605.81","540.10K","-1.09%"
"03/07/2022","2,651.31","2,680.17","2,680.17","2,644.10","571.30K","-2.29%"
"03/04/2022","2,713.43","2,736.58","2,736.58","2,702.34","765.30K","-1.22%"
"03/03/2022","2,747.08","2,729.86","2,748.21","2,726.35","614.30K","1.61%"
"03/02/2022","2,703.52","2,698.31","2,716.46","2,692.24","527.80K","0.16%"
"02/28/2022","2,699.18","2,663.00","2,699.18","2,658.25","613.30K","0.84%"
"02/25/2022","2,676.76","2,678.47","2,694.81","2,665.96","664.10K","1.06%"
"02/24/2022","2,648.80","2,689.28","2,694.55","2,642.63","925.90K","-2.60%"
"02/23/2022","2,719.53","2,727.43","2,729.56","2,705.31","537.70K","0.47%"
"02/22/2022","2,706.79","2,705.08","2,721.84","2,690.09","648.10K","-1.35%"
"02/21/2022","2,743.80","2,706.65","2,746.62","2,694.90","495.00K","-0.03%"
"02/18/2022","2,744.52","2,714.52","2,747.08","2,711.88","512.90K","0.02%"
"02/17/2022","2,744.09","2,735.11","2,770.66","2,711.99","611.00K","0.53%"
"02/16/2022","2,729.68","2,719.61","2,730.43","2,711.34","422.10K","1.99%"
"02/15/2022","2,676.54","2,712.45","2,716.45","2,665.47","588.70K","-1.03%"
"02/14/2022","2,704.48","2,715.10","2,724.72","2,688.24","616.00K","-1.57%"
"02/11/2022","2,747.71","2,739.14","2,766.70","2,735.08","480.30K","-0.87%"
"02/10/2022","2,771.93","2,787.44","2,788.27","2,761.76","509.30K","0.11%"
"02/09/2022","2,768.85","2,772.63","2,773.38","2,753.51","538.70K","0.81%"
"02/08/2022","2,746.47","2,767.76","2,779.85","2,726.72","559.60K","0.05%"
"02/07/2022","2,745.06","2,750.70","2,750.70","2,718.94","417.60K","-0.19%"
"02/04/2022","2,750.26","2,714.83","2,751.80","2,712.87","535.90K","1.57%"
"02/03/2022","2,707.82","2,706.34","2,735.34","2,702.78","435.30K","1.67%"
"01/28/2022","2,663.34","2,617.87","2,668.59","2,591.53","433.70K","1.87%"
"01/27/2022","2,614.49","2,709.24","2,722.86","2,614.49","487.10K","-3.50%"
"01/26/2022","2,709.24","2,729.75","2,744.14","2,708.10","471.80K","-0.41%"
"01/25/2022","2,720.39","2,786.41","2,789.62","2,703.99","639.40K","-2.56%"
"01/24/2022","2,792.00","2,823.76","2,828.11","2,780.68","473.60K","-1.49%"
"01/21/2022","2,834.29","2,837.49","2,847.95","2,817.11","532.50K","-0.99%"
"01/20/2022","2,862.68","2,842.28","2,862.70","2,830.97","395.40K","0.72%"
"01/19/2022","2,842.28","2,840.34","2,871.79","2,832.18","463.40K","-0.77%"
"01/18/2022","2,864.24","2,898.98","2,902.79","2,857.26","553.70K","-0.89%"
"01/17/2022","2,890.10","2,918.55","2,919.67","2,875.98","592.90K","-1.09%"
"01/14/2022","2,921.92","2,937.61","2,944.97","2,914.73","532.30K","-1.36%"
"01/13/2022","2,962.09","2,979.91","2,982.14","2,958.39","604.60K","-0.35%"
"01/12/2022","2,972.48","2,950.78","2,972.58","2,950.31","519.00K","1.54%"
"01/11/2022","2,927.38","2,930.93","2,943.57","2,909.82","565.80K","0.02%"
"01/10/2022","2,926.72","2,947.37","2,951.12","2,910.90","477.00K","-0.95%"
"01/07/2022","2,954.89","2,933.78","2,959.03","2,933.10","545.80K","1.18%"
"01/06/2022","2,920.53","2,925.40","2,952.54","2,915.38","785.50K","-1.13%"
"01/05/2022","2,953.97","2,984.05","2,986.20","2,936.73","786.90K","-1.18%"
"01/04/2022","2,989.24","2,991.97","2,995.25","2,973.08","621.20K","0.39%"
"12/30/2021","2,977.65","2,999.75","3,005.36","2,975.74","460.60K","-0.52%"
"12/29/2021","2,993.29","3,002.90","3,007.72","2,988.67","545.80K","-0.89%"
"12/28/2021","3,020.24","3,006.77","3,020.29","2,991.55","607.00K","0.69%"
"12/27/2021","2,999.55","3,013.94","3,017.31","2,999.30","475.00K","-0.43%"
"12/24/2021","3,012.43","3,009.48","3,025.77","3,009.48","537.50K","0.48%"
"12/23/2021","2,998.17","2,998.02","3,000.70","2,980.91","483.30K","0.46%"
"12/22/2021","2,984.48","2,993.50","3,000.79","2,976.65","461.40K","0.32%"
"12/21/2021","2,975.03","2,981.67","2,984.56","2,955.90","410.50K","0.41%"
"12/20/2021","2,963.00","3,001.33","3,001.33","2,962.07","377.10K","-1.81%"
"12/17/2021","3,017.73","2,985.20","3,017.73","2,984.19","451.40K","0.38%"
"12/16/2021","3,006.41","3,013.26","3,018.20","2,989.63","402.40K","0.57%"
"12/15/2021","2,989.39","2,979.83","2,992.30","2,973.00","432.50K","0.05%"
"12/14/2021","2,987.95","2,983.95","3,001.70","2,976.16","581.20K","-0.46%"
"12/13/2021","3,001.66","3,019.67","3,043.83","3,000.51","375.40K","-0.28%"
"12/10/2021","3,010.23","3,008.70","3,017.64","2,998.29","451.20K","-0.64%"
"12/09/2021","3,029.57","3,007.00","3,029.57","3,001.55","513.00K","0.93%"
"12/08/2021","3,001.80","3,017.93","3,036.13","2,995.34","487.80K","0.34%"
"12/07/2021","2,991.72","2,973.84","2,992.31","2,960.90","540.90K","0.62%"
"12/06/2021","2,973.25","2,954.82","2,983.50","2,932.49","479.40K","0.17%"
"12/03/2021","2,968.33","2,935.93","2,975.44","2,927.55","486.10K","0.78%"
"12/02/2021","2,945.27","2,874.64","2,945.27","2,874.64","533.70K","1.57%"
"12/01/2021","2,899.72","2,860.12","2,905.74","2,837.03","563.10K","2.14%"
"11/30/2021","2,839.01","2,932.71","2,942.93","2,822.73","982.40K","-2.42%"
"11/29/2021","2,909.32","2,906.15","2,930.22","2,890.78","841.70K","-0.92%"
"11/26/2021","2,936.44","2,973.04","2,985.77","2,930.31","594.70K","-1.47%"
"11/25/2021","2,980.27","2,996.74","2,996.74","2,973.24","595.40K","-0.47%"
"11/24/2021","2,994.29","3,006.34","3,017.90","2,981.02","556.60K","-0.10%"
"11/23/2021","2,997.33","3,013.16","3,016.36","2,992.14","524.20K","-0.53%"
"11/22/2021","3,013.25","2,983.38","3,018.01","2,980.73","531.00K","1.42%"
"11/19/2021","2,971.02","2,951.06","2,974.64","2,948.07","656.30K","0.80%"
"11/18/2021","2,947.38","2,959.26","2,964.48","2,937.53","541.10K","-0.51%"
"11/17/2021","2,962.42","3,004.02","3,004.67","2,957.70","540.70K","-1.16%"
"11/16/2021","2,997.21","2,995.68","3,011.88","2,985.34","579.00K","-0.08%"
"11/15/2021","2,999.52","2,989.68","3,003.71","2,979.96","638.90K","1.03%"
"11/12/2021","2,968.80","2,945.95","2,973.84","2,938.27","665.00K","1.50%"
"11/11/2021","2,924.92","2,911.41","2,925.19","2,903.72","571.90K","-0.18%"
"11/10/2021","2,930.17","2,947.46","2,958.61","2,924.36","567.30K","-1.09%"
"11/09/2021","2,962.46","2,958.15","2,987.28","2,949.17","707.80K","0.08%"
"11/08/2021","2,960.20","2,965.36","2,968.18","2,930.90","559.60K","-0.31%"
"11/05/2021","2,969.27","3,003.53","3,003.53","2,953.96","687.40K","-0.47%"
"11/04/2021","2,983.22","3,000.92","3,011.56","2,978.07","771.70K","0.25%"
"11/03/2021","2,975.71","3,020.36","3,020.87","2,969.01","658.30K","-1.25%"
"11/02/2021","3,013.49","2,995.58","3,034.30","2,995.58","525.40K","1.16%"
"11/01/2021","2,978.94","2,984.18","2,991.81","2,976.87","475.00K","0.28%"
"10/29/2021","2,970.68","3,025.67","3,030.17","2,965.40","545.30K","-1.29%"
"10/28/2021","3,009.55","3,023.17","3,034.42","3,009.55","616.90K","-0.53%"
"10/27/2021","3,025.49","3,045.83","3,049.02","3,019.00","607.50K","-0.77%"
"10/26/2021","3,049.08","3,039.82","3,051.65","3,030.53","564.10K","0.94%"
"10/25/2021","3,020.54","3,001.10","3,025.27","2,983.29","791.50K","0.48%"
"10/22/2021","3,006.16","3,005.36","3,018.70","2,996.26","695.00K","-0.04%"
"10/21/2021","3,007.33","3,012.28","3,025.88","3,002.74","887.00K","-0.19%"
"10/20/2021","3,013.13","3,043.13","3,047.24","3,012.97","679.90K","-0.53%"
"10/19/2021","3,029.04","3,022.23","3,034.53","3,014.19","845.40K","0.74%"
"10/18/2021","3,006.68","3,017.48","3,021.17","2,990.44","926.00K","-0.28%"
"10/15/2021","3,015.06","3,012.62","3,021.90","2,999.33","857.30K","0.88%"
"10/14/2021","2,988.64","2,968.87","2,988.97","2,962.33","616.60K","1.50%"
"10/13/2021","2,944.41","2,913.34","2,953.33","2,909.47","751.60K","0.96%"
"10/12/2021","2,916.38","2,950.22","2,950.94","2,901.51","659.60K","-1.35%"
"10/08/2021","2,956.30","2,977.82","2,978.08","2,949.01","668.20K","-0.11%"
"10/07/2021","2,959.46","2,936.87","2,961.53","2,927.60","594.60K","1.76%"
"10/06/2021","2,908.31","2,986.06","2,993.47","2,908.30","900.50K","-1.82%"
"10/05/2021","2,962.17","2,998.17","2,998.17","2,940.59","839.40K","-1.89%"
"10/01/2021","3,019.18","3,056.21","3,062.60","3,015.01","854.80K","-1.62%"
"09/30/2021","3,068.82","3,054.87","3,079.43","3,046.43","885.40K","0.28%"
"09/29/2021","3,060.27","3,055.50","3,069.04","3,030.60","820.70K","-1.22%"
"09/28/2021","3,097.92","3,133.40","3,134.46","3,095.72","894.10K","-1.14%"
"09/27/2021","3,133.64","3,121.70","3,146.35","3,119.26","882.60K","0.27%"
"09/24/2021","3,125.24","3,140.73","3,146.86","3,119.40","752.80K","-0.07%"
"09/23/2021","3,127.58","3,123.64","3,131.63","3,107.98","623.00K","-0.41%"
"09/17/2021","3,140.51","3,127.75","3,142.13","3,112.51","587.50K","0.33%"
"09/16/2021","3,130.09","3,165.38","3,167.68","3,126.65","612.00K","-0.74%"
"09/15/2021","3,153.40","3,147.21","3,164.01","3,138.80","615.20K","0.15%"
"09/14/2021","3,148.83","3,137.32","3,164.31","3,137.32","712.40K","0.67%"
"09/13/2021","3,127.86","3,117.35","3,139.13","3,109.01","731.20K","0.07%"
"09/10/2021","3,125.76","3,121.09","3,131.54","3,103.38","723.10K","0.36%"
"09/09/2021","3,114.70","3,146.64","3,158.60","3,111.49","927.40K","-1.53%"
"09/08/2021","3,162.99","3,178.74","3,187.55","3,157.07","858.50K","-0.77%"
"09/07/2021","3,187.42","3,200.07","3,201.76","3,176.81","758.70K","-0.50%"
"09/06/2021","3,203.33","3,196.30","3,206.25","3,186.79","726.20K","0.07%"
"09/03/2021","3,201.06","3,189.71","3,203.08","3,181.64","638.30K","0.79%"
"09/02/2021","3,175.85","3,198.03","3,204.01","3,171.78","753.90K","-0.97%"
"09/01/2021","3,207.02","3,195.67","3,215.13","3,185.80","746.70K","0.24%"
"08/31/2021","3,199.27","3,144.49","3,199.89","3,130.30","660.50K","1.75%"
"08/30/2021","3,144.19","3,160.87","3,164.87","3,132.77","602.90K","0.33%"
"08/27/2021","3,133.90","3,116.29","3,143.01","3,106.97","520.70K","0.17%"
"08/26/2021","3,128.53","3,151.30","3,159.37","3,121.04","727.70K","-0.58%"
"08/25/2021","3,146.81","3,148.13","3,161.00","3,124.25","600.40K","0.27%"
"08/24/2021","3,138.30","3,119.70","3,142.58","3,115.23","586.50K","1.56%"
"08/23/2021","3,090.21","3,086.81","3,111.81","3,064.65","570.40K","0.97%"
"08/20/2021","3,060.51","3,111.10","3,122.09","3,049.03","672.10K","-1.20%"
"08/19/2021","3,097.83","3,140.01","3,158.00","3,097.83","655.60K","-1.93%"
"08/18/2021","3,158.93","3,141.98","3,175.88","3,124.56","622.80K","0.50%"
"08/17/2021","3,143.09","3,169.74","3,179.49","3,134.48","690.80K","-0.89%"
"08/13/2021","3,171.29","3,205.75","3,209.72","3,146.76","695.60K","-1.16%"
"08/12/2021","3,208.38","3,213.58","3,229.59","3,202.11","642.60K","-0.38%"
"08/11/2021","3,220.62","3,235.36","3,250.21","3,217.65","616.70K","-0.70%"
"08/10/2021","3,243.19","3,272.44","3,272.44","3,232.46","729.00K","-0.53%"
"08/09/2021","3,260.42","3,258.10","3,275.15","3,251.74","706.50K","-0.30%"
"08/06/2021","3,270.36","3,277.06","3,288.17","3,261.93","939.90K","-0.18%"
"08/05/2021","3,276.13","3,283.25","3,296.17","3,273.33","680.00K","-0.13%"
"08/04/2021","3,280.38","3,246.65","3,283.14","3,237.55","632.00K","1.34%"
"08/03/2021","3,237.14","3,221.57","3,237.14","3,213.20","653.20K","0.44%"
"08/02/2021","3,223.04","3,218.42","3,223.04","3,194.00","560.80K","0.65%"
"07/30/2021","3,202.32","3,234.37","3,234.66","3,202.32","687.50K","-1.24%"
"07/29/2021","3,242.65","3,248.49","3,252.26","3,232.50","694.50K","0.18%"
"07/28/2021","3,236.86","3,226.06","3,243.21","3,210.90","868.20K","0.13%"
"07/27/2021","3,232.53","3,244.43","3,252.85","3,230.75","991.60K","0.24%"
"07/26/2021","3,224.95","3,265.99","3,265.99","3,224.95","826.10K","-0.91%"
"07/23/2021","3,254.42","3,253.44","3,264.01","3,246.09","804.60K","0.13%"
"07/22/2021","3,250.21","3,235.17","3,253.75","3,235.17","713.00K","1.07%"
"07/21/2021","3,215.91","3,251.13","3,252.25","3,215.91","990.30K","-0.52%"
"07/20/2021","3,232.70","3,223.24","3,234.80","3,214.42","979.30K","-0.35%"
"07/19/2021","3,244.04","3,258.87","3,258.87","3,236.39","1.10M","-1.00%"
"07/16/2021","3,276.91","3,282.89","3,282.89","3,259.32","1.07M","-0.28%"
"07/15/2021","3,286.22","3,269.33","3,286.58","3,263.09","1.17M","0.66%"
"07/14/2021","3,264.81","3,270.09","3,270.09","3,250.45","908.30K","-0.20%"
"07/13/2021","3,271.38","3,253.24","3,273.90","3,253.24","1.15M","0.77%"
"07/12/2021","3,246.47","3,227.51","3,251.45","3,227.51","1.13M","0.89%"
"07/09/2021","3,217.95","3,245.52","3,245.52","3,188.80","1.31M","-1.07%"
"07/08/2021","3,252.68","3,287.68","3,295.71","3,252.41","1.52M","-0.99%"
"07/07/2021","3,285.34","3,303.59","3,303.59","3,277.66","1.15M","-0.60%"
"07/06/2021","3,305.21","3,295.44","3,313.51","3,295.44","1.03M","0.36%"
"07/05/2021","3,293.21","3,285.29","3,298.93","3,285.29","849.70K","0.35%"
"07/02/2021","3,281.78","3,282.81","3,295.68","3,278.19","1.02M","-0.01%"
"07/01/2021","3,282.06","3,297.92","3,300.12","3,278.10","1.16M","-0.44%"
"06/30/2021","3,296.68","3,288.63","3,305.73","3,288.63","1.61M","0.30%"
"06/29/2021","3,286.68","3,305.26","3,305.42","3,276.63","1.21M","-0.46%"
"06/28/2021","3,301.89","3,305.46","3,311.69","3,291.30","1.43M","-0.03%"
"06/25/2021","3,302.84","3,289.18","3,316.08","3,289.18","1.20M","0.51%"
"06/24/2021","3,286.10","3,281.47","3,292.27","3,277.85","1.30M","0.30%"
"06/23/2021","3,276.19","3,265.73","3,281.88","3,263.07","1.07M","0.38%"
"06/22/2021","3,263.88","3,245.79","3,267.63","3,245.79","1.67M","0.71%"
"06/21/2021","3,240.79","3,264.18","3,264.18","3,225.56","1.51M","-0.83%"
"06/18/2021","3,267.93","3,265.68","3,275.76","3,262.58","1.63M","0.09%"
"06/17/2021","3,264.96","3,276.20","3,276.20","3,251.32","1.85M","-0.42%"
"06/16/2021","3,278.68","3,259.06","3,281.96","3,256.68","2.35M","0.62%"
"06/15/2021","3,258.63","3,253.17","3,262.80","3,247.90","1.73M","0.20%"
"06/14/2021","3,252.13","3,249.60","3,254.49","3,238.51","1.66M","0.09%"
"06/11/2021","3,249.32","3,226.98","3,251.58","3,226.98","1.64M","0.77%"
"06/10/2021","3,224.64","3,216.94","3,235.39","3,210.31","1.90M","0.26%"
"06/09/2021","3,216.18","3,245.08","3,246.49","3,216.18","1.96M","-0.97%"
"06/08/2021","3,247.83","3,251.83","3,264.67","3,242.56","1.95M","-0.13%"
"06/07/2021","3,252.12","3,244.59","3,264.41","3,233.40","1.73M","0.37%"
"06/04/2021","3,240.08","3,246.17","3,246.19","3,218.67","1.39M","-0.23%"
"06/03/2021","3,247.43","3,224.96","3,258.50","3,224.96","1.58M","0.72%"
"06/02/2021","3,224.23","3,224.40","3,241.07","3,216.10","1.50M","0.07%"
"06/01/2021","3,221.87","3,207.12","3,233.17","3,199.18","1.47M","0.56%"
"05/31/2021","3,203.92","3,192.06","3,204.29","3,179.87","1.12M","0.48%"
"05/28/2021","3,188.73","3,172.09","3,198.66","3,171.85","966.00K","0.73%"
"05/27/2021","3,165.51","3,170.84","3,173.86","3,142.37","1.08M","-0.09%"
"05/26/2021","3,168.43","3,171.91","3,183.97","3,160.30","1.27M","-0.09%"
"05/25/2021","3,171.32","3,152.93","3,173.10","3,148.30","612.70K","0.86%"
"05/24/2021","3,144.30","3,155.91","3,163.27","3,137.81","587.50K","-0.38%"
"05/21/2021","3,156.42","3,171.91","3,198.01","3,149.46","796.80K","-0.19%"
"05/20/2021","3,162.28","3,174.53","3,174.53","3,140.48","773.60K","-0.34%"
"05/18/2021","3,173.05","3,135.38","3,176.40","3,135.38","785.40K","1.23%"
"05/17/2021","3,134.52","3,163.21","3,173.01","3,121.32","770.70K","-0.60%"
"05/14/2021","3,153.32","3,131.35","3,162.31","3,131.35","835.60K","1.00%"
"05/13/2021","3,122.11","3,146.97","3,161.93","3,103.88","1.09M","-1.25%"
"05/12/2021","3,161.66","3,209.36","3,212.83","3,138.04","1.42M","-1.49%"
"05/11/2021","3,209.43","3,239.92","3,239.92","3,192.25","1.10M","-1.23%"
"05/10/2021","3,249.30","3,201.46","3,255.90","3,201.46","1.01M","1.63%"
"05/07/2021","3,197.20","3,179.63","3,205.11","3,179.63","988.90K","1.16%"
"05/06/2021","3,160.43","3,147.72","3,174.16","3,133.64","1.24M","0.41%"
"05/04/2021","3,147.37","3,131.39","3,147.38","3,109.78","1.28M","0.64%"
"05/03/2021","3,127.20","3,149.05","3,174.26","3,120.70","1.04M","-0.66%"
"04/30/2021","3,147.86","3,176.43","3,179.43","3,143.38","1.36M","-0.83%"
"04/29/2021","3,174.07","3,184.75","3,200.41","3,161.06","1.22M","-0.23%"
"04/28/2021","3,181.47","3,217.21","3,219.69","3,176.55","1.41M","-1.06%"
"04/27/2021","3,215.42","3,218.30","3,223.05","3,203.25","1.53M","-0.07%"
"04/26/2021","3,217.53","3,191.34","3,217.53","3,191.34","1.30M","1.15%"
"04/23/2021","3,181.08","3,173.47","3,185.97","3,146.54","1.83M","0.11%"
"04/22/2021","3,177.52","3,174.52","3,196.97","3,174.52","1.75M","0.18%"
"04/21/2021","3,171.66","3,214.24","3,214.24","3,165.49","1.77M","-1.52%"
"04/20/2021","3,220.70","3,198.31","3,220.82","3,195.96","1.30M","0.68%"
"04/19/2021","3,198.84","3,201.11","3,214.45","3,193.40","1.06M","0.01%"
"04/16/2021","3,198.62","3,194.08","3,206.76","3,185.67","985.30K","0.13%"
"04/15/2021","3,194.33","3,180.73","3,204.48","3,178.99","1.31M","0.38%"
"04/14/2021","3,182.38","3,169.95","3,188.32","3,162.12","1.78M","0.42%"
"04/13/2021","3,169.08","3,138.21","3,173.26","3,136.99","1.74M","1.07%"
"04/12/2021","3,135.59","3,134.88","3,147.27","3,127.91","1.05M","0.12%"
"04/09/2021","3,131.88","3,146.51","3,156.04","3,125.24","1.82M","-0.36%"
"04/08/2021","3,143.26","3,137.25","3,145.81","3,122.09","1.36M","0.19%"
"04/07/2021","3,137.41","3,129.07","3,146.19","3,125.33","1.98M","0.33%"
"04/06/2021","3,127.08","3,123.80","3,139.29","3,110.19","1.28M","0.20%"
"04/05/2021","3,120.83","3,121.23","3,127.20","3,101.86","1.08M","0.26%"
"04/02/2021","3,112.80","3,104.72","3,121.58","3,101.60","792.70K","0.82%"
"04/01/2021","3,087.40","3,073.77","3,090.88","3,069.68","922.70K","0.85%"
"03/31/2021","3,061.42","3,073.39","3,093.89","3,061.40","1.15M","-0.28%"
"03/30/2021","3,070.00","3,038.44","3,074.57","3,038.44","1.02M","1.12%"
"03/29/2021","3,036.04","3,047.71","3,054.21","3,025.39","1.29M","-0.16%"
"03/26/2021","3,041.01","3,012.79","3,041.86","3,012.79","1.04M","1.09%"
"03/25/2021","3,008.33","2,995.67","3,024.63","2,987.83","940.40K","0.40%"
"03/24/2021","2,996.35","2,996.32","3,006.54","2,971.04","978.40K","-0.28%"
"03/23/2021","3,004.74","3,038.25","3,058.79","3,003.05","1.33M","-1.01%"
"03/22/2021","3,035.46","3,040.01","3,048.11","3,019.60","915.70K","-0.13%"
"03/19/2021","3,039.53","3,063.01","3,063.01","3,022.49","1.07M","-0.86%"
"03/18/2021","3,066.01","3,054.93","3,090.19","3,054.93","1.23M","0.61%"
"03/17/2021","3,047.50","3,067.76","3,069.57","3,027.20","815.00K","-0.64%"
"03/16/2021","3,067.17","3,049.23","3,071.54","3,049.23","1.12M","0.70%"
"03/15/2021","3,045.71","3,057.06","3,065.17","3,036.14","1.16M","-0.28%"
"03/12/2021","3,054.39","3,030.73","3,061.43","3,030.73","1.67M","1.35%"
"03/11/2021","3,013.70","2,964.30","3,028.37","2,964.30","1.35M","1.88%"
"03/10/2021","2,958.12","2,980.76","3,013.95","2,951.53","905.60K","-0.60%"
"03/09/2021","2,976.12","2,989.96","3,000.49","2,929.36","1.53M","-0.67%"
"03/08/2021","2,996.11","3,031.99","3,055.65","2,992.64","1.93M","-1.00%"
"03/05/2021","3,026.26","3,036.16","3,036.98","2,982.45","1.19M","-0.57%"
"03/04/2021","3,043.49","3,076.88","3,076.88","3,022.54","1.28M","-1.28%"
"03/03/2021","3,082.99","3,041.20","3,083.04","3,029.37","2.24M","1.29%"
"03/02/2021","3,043.87","3,021.68","3,096.50","3,020.74","1.75M","1.03%"
"02/26/2021","3,012.95","3,089.49","3,089.49","2,988.28","1.36M","-2.80%"
"02/25/2021","3,099.69","3,026.47","3,099.80","3,026.47","1.28M","3.50%"
"02/24/2021","2,994.98","3,070.58","3,092.05","2,993.46","1.56M","-2.45%"
"02/23/2021","3,070.09","3,069.26","3,094.29","3,035.46","2.36M","-0.31%"
"02/22/2021","3,079.75","3,114.03","3,142.48","3,079.16","1.83M","-0.90%"
"02/19/2021","3,107.62","3,089.96","3,109.67","3,040.28","3.46M","0.68%"
"02/18/2021","3,086.66","3,131.74","3,140.40","3,086.66","1.86M","-1.50%"
"02/17/2021","3,133.73","3,162.95","3,162.95","3,115.48","1.78M","-0.93%"
"02/16/2021","3,163.25","3,151.85","3,180.94","3,145.84","1.94M","0.52%"
"02/15/2021","3,147.00","3,108.70","3,156.56","3,108.70","1.60M","1.50%"
"02/10/2021","3,100.58","3,088.13","3,111.88","3,064.25","2.15M","0.52%"
"02/09/2021","3,084.67","3,102.25","3,129.66","3,084.67","2.15M","-0.21%"
"02/08/2021","3,091.24","3,113.63","3,128.54","3,085.59","1.28M","-0.94%"
"02/05/2021","3,120.63","3,098.49","3,124.62","3,081.78","1.19M","1.07%"
"02/04/2021","3,087.55","3,135.02","3,135.02","3,068.46","1.46M","-1.35%"
"02/03/2021","3,129.68","3,108.42","3,142.26","3,091.85","901.80K","1.06%"
"02/02/2021","3,096.81","3,065.56","3,138.95","3,065.56","887.30K","1.32%"
"02/01/2021","3,056.53","2,976.81","3,056.87","2,947.24","969.30K","2.70%"
"01/29/2021","2,976.21","3,078.73","3,100.22","2,962.70","995.10K","-3.03%"
"01/28/2021","3,069.05","3,114.98","3,114.98","3,046.64","1.31M","-1.71%"
"01/27/2021","3,122.56","3,143.46","3,182.53","3,118.89","924.60K","-0.57%"
"01/26/2021","3,140.31","3,203.96","3,209.18","3,132.67","873.00K","-2.14%"
"01/25/2021","3,208.99","3,144.01","3,212.22","3,142.80","1.09M","2.18%"
"01/22/2021","3,140.63","3,163.83","3,185.26","3,140.60","1.11M","-0.64%"
"01/21/2021","3,160.84","3,123.27","3,163.21","3,123.27","1.36M","1.49%"
"01/20/2021","3,114.55","3,115.04","3,145.01","3,077.15","1.19M","0.71%"
"01/19/2021","3,092.66","3,013.05","3,092.66","3,013.05","1.35M","2.61%"
"01/18/2021","3,013.93","3,079.90","3,079.90","3,003.89","1.47M","-2.33%"
"01/15/2021","3,085.90","3,153.84","3,189.90","3,085.90","1.33M","-2.03%"
"01/14/2021","3,149.93","3,148.65","3,159.03","3,128.72","1.23M","0.05%"
"01/13/2021","3,148.29","3,128.26","3,164.37","3,109.63","1.58M","0.71%"
"01/12/2021","3,125.95","3,145.87","3,154.79","3,047.56","1.39M","-0.71%"
"01/11/2021","3,148.45","3,161.90","3,266.23","3,096.19","1.71M","-0.12%"
"01/08/2021","3,152.18","3,040.11","3,161.11","3,040.11","1.30M","3.97%"
"01/07/2021","3,031.68","2,980.75","3,055.28","2,980.75","1.52M","2.14%"
"01/06/2021","2,968.21","2,993.34","3,027.16","2,961.37","1.79M","-0.75%"
"01/05/2021","2,990.57","2,943.67","2,990.57","2,921.84","1.52M","1.57%"
"01/04/2021","2,944.45","2,874.50","2,946.54","2,869.11","1.03M","2.47%"
"12/30/2020","2,873.47","2,820.36","2,878.21","2,809.35","1.07M","1.88%"
"12/29/2020","2,820.51","2,810.55","2,823.44","2,792.06","1.05M","0.42%"
"12/28/2020","2,808.60","2,820.95","2,834.59","2,799.56","1.01M","0.06%"
"12/24/2020","2,806.86","2,762.60","2,812.16","2,762.60","1.03M","1.70%"
"12/23/2020","2,759.82","2,737.74","2,769.08","2,716.28","1.12M","0.96%"
"12/22/2020","2,733.68","2,772.03","2,774.22","2,733.64","1.26M","-1.62%"
"12/21/2020","2,778.65","2,771.98","2,780.24","2,747.09","1.14M","0.23%"
"12/18/2020","2,772.18","2,770.95","2,782.15","2,762.80","1.06M","0.06%"
"12/17/2020","2,770.43","2,769.89","2,772.71","2,742.25","1.02M","-0.05%"
"12/16/2020","2,771.79","2,763.64","2,781.08","2,761.50","1.17M","0.54%"
"12/15/2020","2,756.82","2,763.65","2,769.37","2,735.08","1.09M","-0.19%"
"12/14/2020","2,762.20","2,769.43","2,782.79","2,755.29","1.11M","-0.28%"
"12/11/2020","2,770.06","2,754.16","2,781.04","2,754.16","1.22M","0.86%"
"12/10/2020","2,746.46","2,750.34","2,765.46","2,718.70","1.23M","-0.33%"
"12/09/2020","2,755.47","2,703.30","2,755.47","2,703.30","1.25M","2.02%"
"12/08/2020","2,700.93","2,745.13","2,747.45","2,700.92","1.41M","-1.62%"
"12/07/2020","2,745.44","2,738.11","2,754.01","2,711.42","1.50M","0.51%"
"12/04/2020","2,731.45","2,705.34","2,742.77","2,705.34","1.78M","1.31%"
"12/03/2020","2,696.22","2,686.38","2,696.22","2,672.85","817.10K","0.76%"
"12/02/2020","2,675.90","2,645.88","2,677.26","2,644.53","1.08M","1.58%"
"12/01/2020","2,634.25","2,613.42","2,638.87","2,611.67","1.15M","1.66%"
"11/30/2020","2,591.34","2,648.05","2,648.66","2,591.34","1.31M","-1.60%"
"11/27/2020","2,633.45","2,624.80","2,635.00","2,618.47","1.20M","0.29%"
"11/26/2020","2,625.91","2,605.73","2,625.97","2,592.43","1.39M","0.94%"
"11/25/2020","2,601.54","2,637.34","2,642.26","2,583.41","1.41M","-0.62%"
"11/24/2020","2,617.76","2,616.28","2,628.52","2,605.03","1.36M","0.58%"
"11/23/2020","2,602.59","2,560.04","2,605.58","2,553.70","1.65M","1.92%"
"11/20/2020","2,553.50","2,544.06","2,558.21","2,539.79","1.13M","0.24%"
"11/19/2020","2,547.42","2,536.89","2,548.95","2,529.53","976.50K","0.07%"
"11/18/2020","2,545.64","2,548.85","2,553.95","2,536.78","923.50K","0.26%"
"11/17/2020","2,539.15","2,544.12","2,556.09","2,533.34","1.27M","-0.15%"
"11/16/2020","2,543.03","2,507.46","2,546.37","2,507.46","1.24M","1.97%"
"11/13/2020","2,493.87","2,470.12","2,495.77","2,460.96","1.07M","0.74%"
"11/12/2020","2,475.62","2,482.68","2,488.79","2,467.04","1.28M","-0.41%"
"11/11/2020","2,485.87","2,459.50","2,488.04","2,459.50","1.27M","1.35%"
"11/10/2020","2,452.83","2,453.95","2,457.94","2,435.59","1.46M","0.23%"
"11/09/2020","2,447.20","2,438.63","2,459.15","2,434.52","1.35M","1.27%"
"11/06/2020","2,416.50","2,421.79","2,431.11","2,404.97","825.60K","0.11%"
"11/05/2020","2,413.79","2,373.41","2,413.79","2,370.85","702.00K","2.40%"
"11/04/2020","2,357.32","2,361.32","2,371.14","2,339.95","986.80K","0.60%"
"11/03/2020","2,343.31","2,315.81","2,344.77","2,315.30","887.40K","1.88%"
"11/02/2020","2,300.16","2,276.61","2,302.64","2,267.95","678.50K","1.46%"
"10/30/2020","2,267.15","2,319.56","2,320.20","2,266.93","795.60K","-2.56%"
"10/29/2020","2,326.67","2,312.34","2,330.17","2,299.91","509.10K","-0.79%"
"10/28/2020","2,345.26","2,324.18","2,345.46","2,316.47","705.20K","0.62%"
"10/27/2020","2,330.84","2,328.66","2,349.33","2,321.23","666.90K","-0.56%"
"10/26/2020","2,343.91","2,366.50","2,374.50","2,342.58","822.30K","-0.72%"
"10/23/2020","2,360.81","2,364.84","2,368.57","2,344.49","890.40K","0.24%"
"10/22/2020","2,355.05","2,355.61","2,360.22","2,339.73","814.00K","-0.67%"
"10/21/2020","2,370.86","2,363.03","2,371.74","2,356.32","810.40K","0.53%"
"10/20/2020","2,358.41","2,333.56","2,358.41","2,322.06","870.30K","0.50%"
"10/19/2020","2,346.74","2,352.92","2,364.25","2,344.77","930.80K","0.22%"
"10/16/2020","2,341.53","2,363.88","2,370.73","2,325.03","920.20K","-0.83%"
"10/15/2020","2,361.21","2,375.91","2,376.73","2,348.74","1.17M","-0.81%"
"10/14/2020","2,380.48","2,403.74","2,405.56","2,375.54","901.20K","-0.94%"
"10/13/2020","2,403.15","2,416.85","2,418.89","2,385.87","724.90K","-0.02%"
"10/12/2020","2,403.73","2,404.18","2,409.42","2,393.74","843.60K","0.49%"
"10/08/2020","2,391.96","2,408.49","2,409.01","2,383.82","961.70K","0.21%"
"10/07/2020","2,386.94","2,350.82","2,387.45","2,347.82","735.80K","0.89%"
"10/06/2020","2,365.90","2,369.17","2,378.28","2,355.39","861.80K","0.34%"
"10/05/2020","2,358.00","2,330.55","2,364.73","2,327.83","763.60K","1.29%"
"09/29/2020","2,327.89","2,331.51","2,339.83","2,320.04","646.20K","0.86%"
"09/28/2020","2,308.08","2,301.16","2,314.81","2,291.32","606.00K","1.29%"
"09/25/2020","2,278.79","2,295.19","2,296.36","2,267.63","698.00K","0.27%"
"09/24/2020","2,272.70","2,295.62","2,309.74","2,268.88","714.90K","-2.59%"
"09/23/2020","2,333.24","2,352.56","2,354.46","2,287.44","735.00K","0.03%"
"09/22/2020","2,332.59","2,388.14","2,388.49","2,323.58","1.05M","-2.38%"
"09/21/2020","2,389.39","2,412.44","2,427.17","2,379.38","1.04M","-0.95%"
"09/18/2020","2,412.40","2,413.53","2,417.81","2,396.33","756.50K","0.26%"
"09/17/2020","2,406.17","2,430.77","2,437.02","2,398.69","853.70K","-1.22%"
"09/16/2020","2,435.92","2,442.72","2,450.53","2,429.94","772.90K","-0.31%"
"09/15/2020","2,443.58","2,434.59","2,444.57","2,423.79","850.00K","0.65%"
"09/14/2020","2,427.91","2,418.33","2,429.07","2,410.79","963.10K","1.30%"
"09/11/2020","2,396.69","2,389.76","2,397.56","2,374.00","882.90K","0.01%"
"09/10/2020","2,396.48","2,404.83","2,406.68","2,388.56","1.06M","0.87%"
"09/09/2020","2,375.81","2,372.53","2,388.85","2,369.12","946.20K","-1.09%"
"09/08/2020","2,401.91","2,402.66","2,407.56","2,391.43","979.40K","0.74%"
"09/07/2020","2,384.22","2,369.85","2,387.49","2,362.42","1.20M","0.67%"
"09/04/2020","2,368.25","2,332.68","2,371.02","2,332.68","1.35M","-1.15%"
"09/03/2020","2,395.90","2,383.26","2,401.78","2,382.23","981.50K","1.33%"
"09/02/2020","2,364.37","2,363.43","2,369.57","2,341.29","1.43M","0.63%"
"09/01/2020","2,349.55","2,340.19","2,355.90","2,331.23","1.09M","1.01%"
"08/31/2020","2,326.17","2,377.09","2,381.50","2,326.06","1.65M","-1.17%"
"08/28/2020","2,353.80","2,362.22","2,379.26","2,345.28","1.30M","0.40%"
"08/27/2020","2,344.45","2,371.95","2,373.36","2,344.38","913.70K","-1.05%"
"08/26/2020","2,369.32","2,367.74","2,374.68","2,336.98","956.50K","0.11%"
"08/25/2020","2,366.73","2,352.15","2,369.78","2,340.97","771.60K","1.58%"
"08/24/2020","2,329.83","2,309.38","2,332.33","2,283.48","649.30K","1.10%"
"08/21/2020","2,304.59","2,306.16","2,329.34","2,280.97","865.70K","1.34%"
"08/20/2020","2,274.22","2,339.91","2,357.08","2,270.85","903.70K","-3.66%"
"08/19/2020","2,360.54","2,370.87","2,380.10","2,353.17","638.00K","0.52%"
"08/18/2020","2,348.24","2,405.84","2,419.65","2,336.78","909.80K","-2.46%"
"08/14/2020","2,407.49","2,427.85","2,435.00","2,383.69","968.10K","-1.23%"
"08/13/2020","2,437.53","2,455.28","2,458.17","2,412.49","907.20K","0.21%"
"08/12/2020","2,432.35","2,414.78","2,432.85","2,393.27","752.90K","0.57%"
"08/11/2020","2,418.67","2,396.11","2,429.36","2,396.11","843.40K","1.35%"
"08/10/2020","2,386.38","2,353.92","2,390.51","2,349.33","784.40K","1.48%"
"08/07/2020","2,351.67","2,349.25","2,362.24","2,333.62","812.60K","0.39%"
"08/06/2020","2,342.61","2,322.64","2,352.48","2,322.64","797.00K","1.33%"
"08/05/2020","2,311.86","2,289.23","2,312.14","2,283.95","841.20K","1.40%"
"08/04/2020","2,279.97","2,272.33","2,284.66","2,269.69","722.80K","1.29%"
"08/03/2020","2,251.04","2,251.65","2,254.38","2,237.04","648.50K","0.07%"
"07/31/2020","2,249.37","2,278.53","2,281.41","2,248.49","739.70K","-0.78%"
"07/30/2020","2,267.01","2,275.33","2,281.33","2,263.81","712.90K","0.17%"
"07/29/2020","2,263.16","2,258.35","2,276.79","2,252.24","899.30K","0.27%"
"07/28/2020","2,256.99","2,238.19","2,266.00","2,237.21","866.70K","1.76%"
"07/27/2020","2,217.86","2,203.48","2,231.25","2,203.48","928.60K","0.79%"
"07/24/2020","2,200.44","2,196.73","2,219.57","2,195.49","1.00M","-0.71%"
"07/23/2020","2,216.19","2,227.24","2,227.24","2,202.99","934.40K","-0.56%"
"07/22/2020","2,228.66","2,228.20","2,238.86","2,221.62","856.20K","-0.01%"
"07/21/2020","2,228.83","2,219.19","2,234.86","2,214.28","918.50K","1.39%"
"07/20/2020","2,198.20","2,209.59","2,209.59","2,183.83","686.80K","-0.14%"
"07/17/2020","2,201.19","2,187.85","2,204.20","2,187.85","569.30K","0.80%"
"07/16/2020","2,183.76","2,203.30","2,207.34","2,177.82","784.60K","-0.82%"
"07/15/2020","2,201.88","2,208.73","2,216.97","2,190.66","830.30K","0.84%"
"07/14/2020","2,183.61","2,176.43","2,183.61","2,165.60","811.00K","-0.11%"
"07/13/2020","2,186.06","2,170.51","2,188.80","2,163.07","650.20K","1.67%"
"07/10/2020","2,150.25","2,171.44","2,171.52","2,140.29","887.00K","-0.81%"
"07/09/2020","2,167.90","2,171.15","2,181.48","2,166.74","619.40K","0.42%"
"07/08/2020","2,158.88","2,166.76","2,173.83","2,150.89","677.80K","-0.24%"
"07/07/2020","2,164.17","2,202.04","2,206.79","2,164.03","847.40K","-1.09%"
"07/06/2020","2,187.93","2,158.95","2,191.28","2,157.71","666.90K","1.65%"
"07/03/2020","2,152.41","2,147.89","2,153.54","2,135.30","770.10K","0.80%"
"07/02/2020","2,135.37","2,116.72","2,135.37","2,113.98","1.09M","1.36%"
"07/01/2020","2,106.70","2,128.81","2,133.55","2,101.33","1.12M","-0.08%"
"06/30/2020","2,108.33","2,124.38","2,134.38","2,108.26","708.60K","0.71%"
"06/29/2020","2,093.48","2,105.54","2,120.50","2,087.84","643.20K","-1.93%"
"06/26/2020","2,134.65","2,137.47","2,142.04","2,115.25","761.00K","1.05%"
"06/25/2020","2,112.37","2,130.45","2,143.33","2,112.37","1.02M","-2.27%"
"06/24/2020","2,161.51","2,145.93","2,171.86","2,143.91","913.90K","1.42%"
"06/23/2020","2,131.24","2,149.13","2,158.15","2,110.51","917.60K","0.21%"
"06/22/2020","2,126.73","2,126.38","2,142.88","2,122.10","789.40K","-0.68%"
"06/19/2020","2,141.32","2,153.09","2,153.57","2,108.91","1.08M","0.37%"
"06/18/2020","2,133.48","2,134.35","2,145.13","2,120.29","767.10K","-0.35%"
"06/17/2020","2,141.05","2,133.18","2,154.37","2,105.26","927.20K","0.14%"
"06/16/2020","2,138.05","2,091.09","2,138.08","2,079.02","973.30K","5.28%"
"06/15/2020","2,030.82","2,114.41","2,129.67","2,030.82","1.07M","-4.76%"
"06/12/2020","2,132.30","2,088.24","2,137.12","2,084.63","689.90K","-2.04%"
"06/11/2020","2,176.78","2,184.36","2,200.72","2,148.51","827.40K","-0.86%"
"06/10/2020","2,195.69","2,187.91","2,200.68","2,178.12","706.30K","0.31%"
"06/09/2020","2,188.92","2,206.23","2,212.17","2,166.01","817.10K","0.21%"
"06/08/2020","2,184.29","2,215.60","2,217.21","2,174.96","854.00K","0.11%"
"06/05/2020","2,181.87","2,151.17","2,187.25","2,138.18","854.60K","1.43%"
"06/04/2020","2,151.18","2,181.64","2,191.00","2,139.68","1.39M","0.19%"
"06/03/2020","2,147.00","2,108.55","2,156.55","2,107.69","1.15M","2.87%"
"06/02/2020","2,087.19","2,061.45","2,089.43","2,059.14","1.00M","1.07%"
"06/01/2020","2,065.08","2,037.04","2,065.38","2,035.63","997.30K","1.75%"
"05/29/2020","2,029.60","2,018.37","2,038.89","2,006.62","1.09M","0.05%"
"05/28/2020","2,028.54","2,047.08","2,054.52","2,003.75","1.17M","-0.13%"
"05/27/2020","2,031.20","2,027.90","2,043.44","2,019.82","1.18M","0.07%"
"05/26/2020","2,029.78","2,001.00","2,029.89","1,997.94","1.02M","1.76%"
"05/25/2020","1,994.60","1,980.51","1,994.90","1,967.84","641.50K","1.24%"
"05/22/2020","1,970.13","2,001.60","2,002.65","1,961.40","847.50K","-1.41%"
"05/21/2020","1,998.31","2,003.20","2,004.95","1,993.00","600.90K","0.44%"
"05/20/2020","1,989.64","1,972.12","1,992.20","1,972.12","699.40K","0.46%"
"05/19/2020","1,980.61","1,977.47","1,983.77","1,968.59","773.40K","2.25%"
"05/18/2020","1,937.11","1,934.51","1,943.07","1,921.14","761.70K","0.51%"
"05/15/2020","1,927.28","1,937.63","1,938.59","1,913.21","866.40K","0.12%"
"05/14/2020","1,924.96","1,922.44","1,931.43","1,913.49","760.60K","-0.80%"
"05/13/2020","1,940.42","1,897.50","1,940.42","1,897.24","618.80K","0.95%"
"05/12/2020","1,922.17","1,938.62","1,938.62","1,905.17","799.90K","-0.68%"
"05/11/2020","1,935.40","1,953.51","1,960.46","1,932.87","591.10K","-0.54%"
"05/08/2020","1,945.82","1,944.94","1,956.89","1,942.54","784.50K","0.89%"
"05/07/2020","1,928.61","1,922.00","1,938.50","1,918.57","775.70K","-0.01%"
"05/06/2020","1,928.76","1,919.45","1,928.76","1,905.55","1.08M","1.76%"
"05/04/2020","1,895.37","1,906.42","1,918.66","1,894.29","1.15M","-2.68%"
"04/29/2020","1,947.56","1,936.89","1,957.51","1,934.31","1.98M","0.70%"
"04/28/2020","1,934.09","1,931.25","1,941.79","1,911.63","1.17M","0.59%"
"04/27/2020","1,922.77","1,897.06","1,929.82","1,894.62","735.70K","1.79%"
"04/24/2020","1,889.01","1,906.07","1,908.29","1,880.71","933.90K","-1.34%"
"04/23/2020","1,914.73","1,907.45","1,923.53","1,895.98","683.70K","0.98%"
"04/22/2020","1,896.15","1,855.51","1,897.90","1,844.85","820.40K","0.89%"
"04/21/2020","1,879.38","1,886.78","1,898.32","1,841.66","1.17M","-1.00%"
"04/20/2020","1,898.36","1,908.34","1,925.25","1,893.17","1.09M","-0.84%"
"04/17/2020","1,914.53","1,893.31","1,926.02","1,893.19","1.67M","3.09%"
"04/16/2020","1,857.07","1,839.51","1,862.23","1,828.13","878.30K","-0.00%"
"04/14/2020","1,857.08","1,846.41","1,864.46","1,837.17","886.80K","1.72%"
"04/13/2020","1,825.76","1,853.30","1,853.30","1,825.76","1.02M","-1.88%"
"04/10/2020","1,860.70","1,835.76","1,861.10","1,824.43","992.50K","1.33%"
"04/09/2020","1,836.21","1,838.09","1,839.33","1,818.30","920.60K","1.61%"
"04/08/2020","1,807.14","1,815.75","1,842.16","1,801.80","907.50K","-0.90%"
"04/07/2020","1,823.60","1,826.72","1,838.97","1,791.92","951.40K","1.77%"
"04/06/2020","1,791.88","1,745.25","1,794.19","1,742.67","1.22M","3.85%"
"04/03/2020","1,725.44","1,731.17","1,743.91","1,706.68","1.00M","0.03%"
"04/02/2020","1,724.86","1,693.53","1,726.76","1,664.13","766.30K","2.34%"
"04/01/2020","1,685.46","1,737.28","1,762.44","1,685.37","1.24M","-3.94%"
"03/31/2020","1,754.64","1,739.29","1,757.81","1,722.62","1.04M","2.19%"
"03/30/2020","1,717.12","1,670.34","1,729.63","1,659.95","767.80K","-0.04%"
"03/27/2020","1,717.73","1,756.07","1,759.05","1,668.21","1.08M","1.87%"
"03/26/2020","1,686.24","1,699.11","1,735.75","1,679.23","992.50K","-1.09%"
"03/25/2020","1,704.76","1,668.19","1,707.64","1,645.28","872.80K","5.89%"
"03/24/2020","1,609.97","1,523.69","1,609.97","1,508.68","679.30K","8.60%"
"03/23/2020","1,482.46","1,474.45","1,516.75","1,458.41","647.20K","-5.34%"
"03/20/2020","1,566.15","1,498.49","1,566.82","1,466.48","817.00K","7.44%"
"03/19/2020","1,457.64","1,626.09","1,626.09","1,439.43","977.70K","-8.39%"
"03/18/2020","1,591.20","1,686.12","1,693.95","1,591.12","728.00K","-4.86%"
"03/17/2020","1,672.44","1,640.84","1,722.97","1,637.88","649.80K","-2.47%"
"03/16/2020","1,714.86","1,805.43","1,805.43","1,714.38","682.00K","-3.19%"
"03/13/2020","1,771.44","1,722.68","1,809.31","1,680.60","1.04M","-3.43%"
"03/12/2020","1,834.33","1,887.97","1,897.23","1,808.56","850.30K","-3.87%"
"03/11/2020","1,908.27","1,965.67","1,967.70","1,898.27","679.70K","-2.78%"
"03/10/2020","1,962.93","1,942.85","1,968.17","1,934.72","638.60K","0.42%"
"03/09/2020","1,954.77","1,981.02","1,989.50","1,946.90","666.90K","-4.19%"
"03/06/2020","2,040.22","2,053.09","2,062.57","2,032.13","865.60K","-2.16%"
"03/05/2020","2,085.26","2,078.11","2,089.08","2,059.99","675.20K","1.26%"
"03/04/2020","2,059.33","2,005.81","2,063.59","2,005.81","606.30K","2.24%"
"03/03/2020","2,014.15","2,051.85","2,051.85","2,009.39","615.70K","0.58%"
"03/02/2020","2,002.51","1,997.03","2,017.07","1,969.34","528.10K","0.78%"
"02/28/2020","1,987.01","2,020.17","2,031.01","1,980.82","671.60K","-3.30%"
"02/27/2020","2,054.89","2,073.87","2,085.40","2,049.15","562.50K","-1.05%"
"02/26/2020","2,076.77","2,064.07","2,089.64","2,059.13","810.90K","-1.28%"
"02/25/2020","2,103.61","2,075.55","2,105.49","2,071.50","1.57M","1.18%"
"02/24/2020","2,079.04","2,114.04","2,120.06","2,079.03","948.60K","-3.87%"
"02/21/2020","2,162.84","2,165.65","2,184.43","2,160.28","635.50K","-1.49%"
"02/20/2020","2,195.50","2,223.55","2,228.18","2,186.72","709.60K","-0.67%"
"02/19/2020","2,210.34","2,222.51","2,226.00","2,191.20","590.80K","0.07%"
"02/18/2020","2,208.88","2,225.98","2,232.93","2,205.21","470.40K","-1.48%"
"02/17/2020","2,242.17","2,243.07","2,250.05","2,230.26","458.20K","-0.06%"
"02/14/2020","2,243.59","2,232.71","2,251.50","2,221.90","597.20K","0.48%"
"02/13/2020","2,232.96","2,245.72","2,255.49","2,230.30","638.70K","-0.24%"
"02/12/2020","2,238.38","2,225.95","2,242.24","2,214.77","632.50K","0.69%"
"02/11/2020","2,223.12","2,213.50","2,233.32","2,211.25","526.00K","1.00%"
"02/10/2020","2,201.07","2,185.63","2,203.39","2,180.51","609.60K","-0.49%"
"02/07/2020","2,211.95","2,221.49","2,223.92","2,198.14","800.20K","-0.72%"
"02/06/2020","2,227.94","2,184.77","2,229.99","2,182.25","695.00K","2.88%"
"02/05/2020","2,165.63","2,177.26","2,181.52","2,154.88","574.40K","0.36%"
"02/04/2020","2,157.90","2,121.22","2,162.32","2,120.53","624.60K","1.84%"
"02/03/2020","2,118.88","2,086.61","2,126.73","2,082.74","836.70K","-0.01%"
"01/31/2020","2,119.01","2,160.60","2,167.23","2,119.01","710.50K","-1.35%"
"01/30/2020","2,148.00","2,181.54","2,187.45","2,139.72","602.70K","-1.71%"
"01/29/2020","2,185.28","2,188.18","2,195.45","2,172.33","692.30K","0.39%"
"01/28/2020","2,176.72","2,192.22","2,199.93","2,166.23","808.50K","-3.09%"
"01/23/2020","2,246.13","2,254.54","2,260.63","2,241.94","509.60K","-0.93%"
"01/22/2020","2,267.25","2,238.53","2,269.27","2,235.13","608.50K","1.23%"
"01/21/2020","2,239.69","2,259.81","2,266.31","2,238.25","770.30K","-1.01%"
"01/20/2020","2,262.64","2,261.40","2,277.23","2,258.09","545.50K","0.54%"
"01/17/2020","2,250.57","2,261.57","2,268.71","2,245.58","580.80K","0.11%"
"01/16/2020","2,248.05","2,231.93","2,249.09","2,225.41","808.30K","0.77%"
"01/15/2020","2,230.98","2,229.80","2,238.21","2,223.39","746.20K","-0.35%"
"01/14/2020","2,238.88","2,243.06","2,250.79","2,232.94","835.90K","0.43%"
"01/13/2020","2,229.26","2,204.49","2,230.43","2,204.49","488.30K","1.04%"
"01/10/2020","2,206.39","2,189.48","2,206.92","2,188.10","594.50K","0.91%"
"01/09/2020","2,186.45","2,182.20","2,186.45","2,172.16","592.60K","1.63%"
"01/08/2020","2,151.31","2,156.27","2,162.32","2,137.72","913.80K","-1.11%"
"01/07/2020","2,175.54","2,166.60","2,181.62","2,164.27","568.20K","0.95%"
"01/06/2020","2,155.07","2,154.97","2,164.42","2,149.95","592.70K","-0.98%"
"01/03/2020","2,176.46","2,192.58","2,203.38","2,165.39","631.60K","0.06%"
"01/02/2020","2,175.17","2,201.21","2,202.32","2,171.84","494.70K","-1.02%"
"12/30/2019","2,197.67","2,202.62","2,208.04","2,195.65","416.40K","-0.30%"
"12/27/2019","2,204.21","2,183.70","2,215.55","2,177.40","490.20K","0.29%"
"12/26/2019","2,197.93","2,192.22","2,198.01","2,183.90","571.30K","0.36%"
"12/24/2019","2,190.08","2,206.23","2,206.23","2,187.58","570.00K","-0.62%"
"12/23/2019","2,203.71","2,208.22","2,209.20","2,196.43","502.00K","-0.02%"
"12/20/2019","2,204.18","2,205.57","2,206.82","2,194.80","646.70K","0.35%"
"12/19/2019","2,196.56","2,199.42","2,204.73","2,186.59","643.10K","0.08%"
"12/18/2019","2,194.76","2,194.92","2,204.04","2,187.32","591.10K","-0.04%"
"12/17/2019","2,195.68","2,179.40","2,196.01","2,171.09","599.50K","1.27%"
"12/16/2019","2,168.15","2,168.05","2,175.01","2,166.29","377.10K","-0.10%"
"12/13/2019","2,170.25","2,164.63","2,170.25","2,159.45","540.00K","1.54%"
"12/12/2019","2,137.35","2,120.13","2,138.93","2,120.13","584.60K","1.51%"
"12/11/2019","2,105.62","2,098.28","2,109.22","2,092.48","668.70K","0.36%"
"12/10/2019","2,098.00","2,081.22","2,100.48","2,080.16","500.10K","0.45%"
"12/09/2019","2,088.65","2,091.94","2,093.81","2,084.31","393.10K","0.33%"
"12/06/2019","2,081.85","2,072.44","2,084.44","2,070.17","440.20K","1.02%"
"12/05/2019","2,060.74","2,078.31","2,084.29","2,053.56","472.20K","-0.39%"
"12/04/2019","2,068.89","2,070.84","2,072.91","2,057.45","347.00K","-0.73%"
"12/03/2019","2,084.07","2,075.02","2,085.71","2,066.60","450.00K","-0.38%"
"12/02/2019","2,091.92","2,097.55","2,103.87","2,088.92","385.30K","0.19%"
"11/29/2019","2,087.96","2,125.53","2,125.53","2,085.10","433.30K","-1.45%"
"11/28/2019","2,118.60","2,116.93","2,127.75","2,116.58","335.20K","-0.43%"
"11/27/2019","2,127.85","2,134.47","2,136.30","2,118.07","367.80K","0.31%"
"11/26/2019","2,121.35","2,129.27","2,139.64","2,120.85","532.60K","-0.10%"
"11/25/2019","2,123.50","2,117.14","2,130.04","2,116.07","397.70K","1.02%"
"11/22/2019","2,101.96","2,098.89","2,106.42","2,093.99","519.90K","0.26%"
"11/21/2019","2,096.60","2,123.65","2,125.36","2,088.19","579.60K","-1.35%"
"11/20/2019","2,125.32","2,140.06","2,145.97","2,123.80","581.10K","-1.30%"
"11/19/2019","2,153.24","2,151.04","2,154.41","2,137.01","826.90K","-0.34%"
"11/18/2019","2,160.69","2,161.89","2,165.89","2,151.97","489.20K","-0.07%"
"11/15/2019","2,162.18","2,137.96","2,165.02","2,135.26","556.20K","1.07%"
"11/14/2019","2,139.23","2,127.54","2,139.23","2,121.32","521.10K","0.79%"
"11/13/2019","2,122.45","2,132.48","2,133.37","2,118.67","664.40K","-0.86%"
"11/12/2019","2,140.92","2,131.26","2,140.94","2,121.80","610.40K","0.79%"
"11/11/2019","2,124.09","2,139.07","2,139.07","2,119.07","617.30K","-0.61%"
"11/08/2019","2,137.23","2,154.18","2,155.94","2,133.75","574.10K","-0.33%"
"11/07/2019","2,144.29","2,141.05","2,147.01","2,135.45","425.70K","0.01%"
"11/06/2019","2,144.15","2,142.69","2,156.23","2,138.83","410.10K","0.07%"
"11/05/2019","2,142.64","2,133.66","2,143.12","2,128.70","400.60K","0.58%"
"11/04/2019","2,130.24","2,111.32","2,130.83","2,111.32","476.30K","1.43%"
"11/01/2019","2,100.20","2,084.79","2,100.42","2,081.53","418.30K","0.80%"
"10/31/2019","2,083.48","2,089.22","2,103.71","2,083.48","461.30K","0.15%"
"10/30/2019","2,080.27","2,093.51","2,093.51","2,075.54","415.60K","-0.59%"
"10/29/2019","2,092.69","2,103.92","2,105.17","2,088.04","357.70K","-0.04%"
"10/28/2019","2,093.60","2,096.67","2,104.39","2,089.76","269.20K","0.27%"
"10/25/2019","2,087.89","2,091.16","2,091.24","2,079.30","348.70K","0.11%"
"10/24/2019","2,085.66","2,089.85","2,089.85","2,067.90","367.70K","0.24%"
"10/23/2019","2,080.62","2,086.81","2,088.25","2,074.88","429.50K","-0.39%"
"10/22/2019","2,088.86","2,076.29","2,093.81","2,073.08","504.10K","1.16%"
"10/21/2019","2,064.84","2,067.97","2,067.97","2,059.33","606.10K","0.20%"
"10/18/2019","2,060.69","2,082.23","2,088.54","2,057.89","516.70K","-0.83%"
"10/17/2019","2,077.94","2,081.76","2,087.15","2,072.49","314.20K","-0.23%"
"10/16/2019","2,082.83","2,080.92","2,090.01","2,073.80","524.50K","0.71%"
"10/15/2019","2,068.17","2,064.78","2,073.21","2,064.34","464.50K","0.04%"
"10/14/2019","2,067.40","2,068.13","2,075.10","2,065.53","511.20K","1.11%"
"10/11/2019","2,044.61","2,048.08","2,053.94","2,040.48","381.10K","0.81%"
"10/10/2019","2,028.15","2,030.13","2,040.88","2,010.90","445.80K","-0.88%"
"10/08/2019","2,046.25","2,029.37","2,046.81","2,024.63","437.50K","1.21%"
"10/07/2019","2,021.73","2,031.53","2,034.94","2,016.19","322.20K","0.05%"
"10/04/2019","2,020.69","2,028.40","2,039.43","2,020.69","402.90K","-0.55%"
"10/02/2019","2,031.91","2,058.23","2,058.23","2,031.91","414.50K","-1.95%"
"10/01/2019","2,072.42","2,062.44","2,077.48","2,057.91","389.30K","0.45%"
"09/30/2019","2,063.05","2,045.77","2,064.99","2,042.01","327.60K","0.64%"
"09/27/2019","2,049.93","2,066.96","2,066.96","2,044.75","285.90K","-1.19%"
"09/26/2019","2,074.52","2,082.66","2,087.33","2,064.34","430.60K","0.05%"
"09/25/2019","2,073.39","2,093.47","2,095.27","2,072.41","651.60K","-1.32%"
"09/24/2019","2,101.04","2,090.19","2,101.63","2,085.91","535.80K","0.45%"
"09/23/2019","2,091.70","2,087.70","2,095.54","2,085.60","420.90K","0.01%"
"09/20/2019","2,091.52","2,080.86","2,092.37","2,077.30","589.90K","0.54%"
"09/19/2019","2,080.35","2,070.53","2,089.81","2,070.53","493.00K","0.46%"
"09/18/2019","2,070.73","2,064.42","2,075.63","2,058.52","613.10K","0.41%"
"09/17/2019","2,062.33","2,058.72","2,066.33","2,055.17","508.00K","0.01%"
"09/16/2019","2,062.22","2,056.26","2,062.22","2,044.80","493.50K","0.64%"
"09/11/2019","2,049.20","2,043.72","2,050.80","2,040.04","429.10K","0.84%"
"09/10/2019","2,032.08","2,024.79","2,034.28","2,021.58","504.40K","0.62%"
"09/09/2019","2,019.55","2,013.38","2,029.80","2,013.28","511.80K","0.52%"
"09/06/2019","2,009.13","2,016.11","2,017.20","2,005.69","384.40K","0.22%"
"09/05/2019","2,004.75","1,993.62","2,015.39","1,992.51","488.10K","0.82%"
"09/04/2019","1,988.53","1,962.43","1,988.53","1,962.08","348.70K","1.16%"
"09/03/2019","1,965.69","1,966.50","1,976.37","1,960.15","342.10K","-0.18%"
"09/02/2019","1,969.19","1,961.19","1,973.25","1,958.59","262.20K","0.07%"
"08/30/2019","1,967.79","1,951.66","1,971.21","1,951.30","317.70K","1.78%"
"08/29/2019","1,933.41","1,943.55","1,947.15","1,928.49","285.10K","-0.40%"
"08/28/2019","1,941.09","1,929.96","1,943.62","1,926.43","284.30K","0.86%"
"08/27/2019","1,924.60","1,928.98","1,937.42","1,919.28","427.00K","0.43%"
"08/26/2019","1,916.31","1,915.34","1,924.49","1,909.92","324.90K","-1.64%"
"08/23/2019","1,948.30","1,942.42","1,953.85","1,940.60","381.10K","-0.14%"
"08/22/2019","1,951.01","1,966.60","1,967.96","1,951.01","435.60K","-0.69%"
"08/21/2019","1,964.65","1,954.57","1,971.12","1,954.47","391.60K","0.22%"
"08/20/2019","1,960.25","1,942.99","1,964.16","1,937.53","463.60K","1.05%"
"08/19/2019","1,939.90","1,936.64","1,943.09","1,931.44","481.00K","0.66%"
"08/16/2019","1,927.17","1,921.49","1,927.70","1,911.72","421.70K","-0.58%"
"08/14/2019","1,938.37","1,946.18","1,952.22","1,937.23","699.60K","0.65%"
"08/13/2019","1,925.83","1,928.76","1,937.68","1,923.58","660.00K","-0.85%"
"08/12/2019","1,942.29","1,941.53","1,949.19","1,933.25","427.10K","0.23%"
"08/09/2019","1,937.75","1,940.06","1,946.94","1,936.14","654.30K","0.89%"
"08/08/2019","1,920.61","1,926.28","1,937.95","1,915.81","777.20K","0.57%"
"08/07/2019","1,909.71","1,925.33","1,929.29","1,901.61","760.80K","-0.41%"
"08/06/2019","1,917.50","1,900.36","1,948.53","1,891.81","739.60K","-1.51%"
"08/05/2019","1,946.98","1,985.93","1,987.64","1,945.39","639.60K","-2.56%"
"08/02/2019","1,998.13","1,995.31","2,005.31","1,987.12","438.50K","-0.95%"
"08/01/2019","2,017.34","2,015.09","2,032.23","2,009.33","461.70K","-0.36%"
"07/31/2019","2,024.55","2,036.46","2,041.16","2,010.95","589.40K","-0.69%"
"07/30/2019","2,038.68","2,035.32","2,044.59","2,032.61","547.00K","0.45%"
"07/29/2019","2,029.48","2,059.13","2,063.13","2,025.01","608.70K","-1.78%"
"07/26/2019","2,066.26","2,063.35","2,068.16","2,054.64","589.10K","-0.40%"
"07/25/2019","2,074.48","2,085.67","2,088.81","2,061.08","598.60K","-0.38%"
"07/24/2019","2,082.30","2,097.16","2,105.68","2,080.66","851.40K","-0.91%"
"07/23/2019","2,101.45","2,095.76","2,106.39","2,095.38","648.10K","0.39%"
"07/22/2019","2,093.34","2,090.35","2,099.34","2,087.51","332.60K","-0.05%"
"07/19/2019","2,094.36","2,080.21","2,096.73","2,076.51","394.90K","1.35%"
"07/18/2019","2,066.55","2,068.66","2,073.20","2,061.33","446.60K","-0.31%"
"07/17/2019","2,072.92","2,079.91","2,080.01","2,063.49","761.60K","-0.91%"
"07/16/2019","2,091.87","2,084.46","2,096.67","2,078.74","682.80K","0.45%"
"07/15/2019","2,082.48","2,083.39","2,088.34","2,073.10","463.50K","-0.20%"
"07/12/2019","2,086.66","2,083.53","2,090.43","2,077.35","403.90K","0.29%"
"07/11/2019","2,080.58","2,070.59","2,088.24","2,070.21","376.70K","1.06%"
"07/10/2019","2,058.78","2,061.55","2,068.20","2,056.48","355.70K","0.33%"
"07/09/2019","2,052.03","2,070.35","2,075.30","2,052.03","440.10K","-0.59%"
"07/08/2019","2,064.17","2,091.91","2,092.54","2,063.78","516.00K","-2.20%"
"07/05/2019","2,110.59","2,111.00","2,115.43","2,096.23","459.40K","0.09%"
"07/04/2019","2,108.73","2,102.36","2,108.80","2,088.97","446.90K","0.61%"
"07/03/2019","2,096.02","2,120.75","2,127.71","2,093.32","522.70K","-1.23%"
"07/02/2019","2,122.02","2,122.07","2,130.86","2,112.52","460.80K","-0.36%"
"07/01/2019","2,129.74","2,147.24","2,147.24","2,126.87","412.30K","-0.04%"
"06/28/2019","2,130.62","2,135.06","2,139.24","2,123.97","537.30K","-0.17%"
"06/27/2019","2,134.32","2,120.73","2,141.27","2,118.22","644.90K","0.59%"
"06/26/2019","2,121.85","2,120.20","2,128.25","2,115.72","736.90K","0.01%"
"06/25/2019","2,121.64","2,125.74","2,136.24","2,115.11","643.00K","-0.22%"
"06/24/2019","2,126.33","2,130.32","2,134.48","2,123.88","669.60K","0.03%"
"06/21/2019","2,125.62","2,132.38","2,132.68","2,120.15","692.00K","-0.27%"
"06/20/2019","2,131.29","2,121.78","2,131.77","2,120.42","1.01M","0.31%"
"06/19/2019","2,124.78","2,119.54","2,126.74","2,117.64","863.00K","1.24%"
"06/18/2019","2,098.71","2,089.31","2,103.02","2,089.31","601.00K","0.38%"
"06/17/2019","2,090.73","2,091.71","2,103.59","2,087.25","561.60K","-0.22%"
"06/14/2019","2,095.41","2,096.32","2,103.02","2,087.47","473.40K","-0.37%"
"06/13/2019","2,103.15","2,104.46","2,108.01","2,081.92","553.40K","-0.27%"
"06/12/2019","2,108.75","2,111.66","2,118.89","2,104.41","693.50K","-0.14%"
"06/11/2019","2,111.81","2,096.09","2,114.57","2,094.60","550.70K","0.59%"
"06/10/2019","2,099.49","2,087.37","2,099.65","2,075.51","457.60K","1.31%"
"06/07/2019","2,072.33","2,070.78","2,081.16","2,057.97","368.40K","0.16%"
"06/05/2019","2,069.11","2,084.16","2,086.49","2,065.71","380.20K","0.10%"
"06/04/2019","2,066.97","2,066.78","2,072.19","2,060.98","436.00K","-0.04%"
"06/03/2019","2,067.85","2,031.03","2,070.58","2,029.17","387.10K","1.28%"
"05/31/2019","2,041.74","2,029.03","2,048.90","2,022.97","439.20K","0.14%"
"05/30/2019","2,038.80","2,024.33","2,040.66","2,023.91","461.90K","0.77%"
"05/29/2019","2,023.32","2,046.71","2,046.71","2,016.25","380.90K","-1.25%"
"05/28/2019","2,048.83","2,044.77","2,058.42","2,038.52","494.50K","0.23%"
"05/27/2019","2,044.21","2,044.25","2,055.13","2,035.87","351.60K","-0.05%"
"05/24/2019","2,045.31","2,047.30","2,057.38","2,035.98","480.60K","-0.69%"
"05/23/2019","2,059.59","2,063.25","2,065.86","2,046.82","509.30K","-0.26%"
"05/22/2019","2,064.86","2,068.65","2,070.80","2,048.01","510.00K","0.18%"
"05/21/2019","2,061.25","2,056.95","2,076.47","2,053.69","526.90K","0.27%"
"05/20/2019","2,055.71","2,066.53","2,077.10","2,051.69","640.20K","-0.00%"
"05/17/2019","2,055.80","2,081.57","2,082.83","2,053.79","537.40K","-0.58%"
"05/16/2019","2,067.69","2,094.88","2,095.58","2,062.44","745.20K","-1.20%"
"05/15/2019","2,092.78","2,081.92","2,100.01","2,076.46","577.80K","0.53%"
"05/14/2019","2,081.84","2,060.24","2,093.41","2,056.74","696.20K","0.14%"
"05/13/2019","2,079.01","2,091.80","2,101.09","2,077.72","505.80K","-1.38%"
"05/10/2019","2,108.04","2,118.42","2,124.92","2,090.39","714.80K","0.29%"
"05/09/2019","2,102.01","2,159.79","2,164.98","2,102.01","743.50K","-3.04%"
"05/08/2019","2,168.01","2,151.34","2,179.34","2,151.34","456.30K","-0.41%"
"05/07/2019","2,176.99","2,172.39","2,179.51","2,160.44","484.10K","-0.88%"
"05/03/2019","2,196.32","2,209.44","2,211.36","2,192.36","617.90K","-0.74%"
"05/02/2019","2,212.75","2,192.94","2,217.03","2,191.30","369.10K","0.42%"
"04/30/2019","2,203.59","2,213.43","2,215.77","2,186.33","381.40K","-0.58%"
"04/29/2019","2,216.43","2,183.41","2,216.43","2,181.82","380.80K","1.70%"
"04/26/2019","2,179.31","2,178.13","2,186.52","2,168.15","570.20K","-0.51%"
"04/25/2019","2,190.50","2,195.47","2,200.89","2,187.44","441.10K","-0.48%"
"04/24/2019","2,201.03","2,229.75","2,229.75","2,190.29","575.10K","-0.88%"
"04/23/2019","2,220.51","2,217.61","2,223.92","2,212.14","481.20K","0.17%"
"04/22/2019","2,216.65","2,218.50","2,227.94","2,207.25","494.00K","0.02%"
"04/19/2019","2,216.15","2,223.42","2,225.37","2,215.58","525.30K","0.11%"
"04/18/2019","2,213.77","2,248.80","2,250.11","2,210.43","573.30K","-1.43%"
"04/17/2019","2,245.89","2,249.05","2,252.05","2,242.01","452.50K","-0.12%"
"04/16/2019","2,248.63","2,241.06","2,249.89","2,235.72","569.10K","0.26%"
"04/15/2019","2,242.88","2,242.31","2,251.22","2,240.29","404.20K","0.42%"
"04/12/2019","2,233.45","2,221.10","2,233.45","2,212.88","449.60K","0.41%"
"04/11/2019","2,224.44","2,227.69","2,230.41","2,217.18","402.00K","0.00%"
"04/10/2019","2,224.39","2,206.20","2,225.02","2,203.82","399.70K","0.49%"
"04/09/2019","2,213.56","2,212.32","2,221.62","2,203.54","414.80K","0.13%"
"04/08/2019","2,210.60","2,217.66","2,217.87","2,202.49","347.90K","0.04%"
"04/05/2019","2,209.61","2,206.36","2,214.82","2,205.26","517.20K","0.14%"
"04/04/2019","2,206.53","2,201.04","2,216.15","2,198.66","431.00K","0.15%"
"04/03/2019","2,203.27","2,176.81","2,203.29","2,172.83","358.60K","1.20%"
"04/02/2019","2,177.18","2,177.20","2,181.37","2,171.84","257.50K","0.41%"
"04/01/2019","2,168.28","2,153.31","2,171.49","2,153.31","263.30K","1.29%"
"03/29/2019","2,140.67","2,138.45","2,143.30","2,124.07","364.60K","0.59%"
"03/28/2019","2,128.10","2,131.25","2,136.40","2,120.93","288.00K","-0.82%"
"03/27/2019","2,145.62","2,147.19","2,152.91","2,132.42","363.20K","-0.15%"
"03/26/2019","2,148.80","2,152.98","2,153.90","2,143.63","301.30K","0.18%"
"03/25/2019","2,144.86","2,158.80","2,159.25","2,143.70","307.10K","-1.92%"
"03/22/2019","2,186.95","2,192.72","2,195.42","2,178.77","333.60K","0.09%"
"03/21/2019","2,184.88","2,183.11","2,200.32","2,173.70","342.70K","0.36%"
"03/20/2019","2,177.10","2,171.41","2,177.19","2,152.21","317.60K","-0.02%"
"03/19/2019","2,177.62","2,183.03","2,183.76","2,171.05","319.70K","-0.09%"
"03/18/2019","2,179.49","2,179.69","2,183.90","2,172.34","258.00K","0.16%"
"03/15/2019","2,176.11","2,152.96","2,181.77","2,152.59","387.10K","0.95%"
"03/14/2019","2,155.68","2,154.35","2,158.34","2,142.31","341.00K","0.34%"
"03/13/2019","2,148.41","2,152.66","2,154.11","2,134.16","285.60K","-0.41%"
"03/12/2019","2,157.18","2,154.61","2,161.69","2,150.96","355.30K","0.89%"
"03/11/2019","2,138.10","2,140.29","2,145.31","2,125.54","272.10K","0.03%"
"03/08/2019","2,137.44","2,152.80","2,159.67","2,137.44","313.30K","-1.31%"
"03/07/2019","2,165.79","2,173.19","2,181.19","2,155.19","292.60K","-0.45%"
"03/06/2019","2,175.60","2,177.11","2,179.01","2,168.46","328.90K","-0.17%"
"03/05/2019","2,179.23","2,183.35","2,185.74","2,171.33","313.10K","-0.52%"
"03/04/2019","2,190.66","2,210.97","2,216.02","2,188.56","373.20K","-0.22%"
"02/28/2019","2,195.44","2,231.58","2,233.93","2,195.44","510.00K","-1.76%"
"02/27/2019","2,234.79","2,234.46","2,237.77","2,228.16","301.50K","0.37%"
"02/26/2019","2,226.60","2,230.37","2,235.70","2,221.76","332.00K","-0.27%"
"02/25/2019","2,232.56","2,241.13","2,241.76","2,224.64","339.20K","0.09%"
"02/22/2019","2,230.50","2,222.32","2,230.50","2,217.08","409.30K","0.08%"
"02/21/2019","2,228.66","2,224.26","2,234.31","2,213.19","382.50K","-0.05%"
"02/20/2019","2,229.76","2,216.74","2,234.68","2,213.83","374.30K","1.09%"
"02/19/2019","2,205.63","2,208.96","2,213.87","2,193.34","389.10K","-0.24%"
"02/18/2019","2,210.89","2,207.36","2,217.32","2,203.00","314.40K","0.67%"
"02/15/2019","2,196.09","2,210.94","2,210.94","2,187.71","400.60K","-1.34%"
"02/14/2019","2,225.85","2,195.92","2,225.85","2,186.09","573.40K","1.11%"
"02/13/2019","2,201.48","2,200.00","2,203.71","2,194.75","422.00K","0.50%"
"02/12/2019","2,190.47","2,182.71","2,195.05","2,178.59","429.90K","0.45%"
"02/11/2019","2,180.73","2,180.54","2,181.58","2,167.36","406.10K","0.17%"
"02/08/2019","2,177.05","2,192.01","2,192.48","2,171.96","391.00K","-1.20%"
"02/07/2019","2,203.42","2,215.77","2,215.79","2,196.77","427.80K","-0.00%"
"02/01/2019","2,203.46","2,211.93","2,218.78","2,201.41","479.40K","-0.06%"
"01/31/2019","2,204.85","2,222.88","2,222.88","2,201.22","545.20K","-0.06%"
"01/30/2019","2,206.20","2,183.49","2,206.20","2,177.88","480.40K","1.05%"
"01/29/2019","2,183.36","2,172.83","2,183.36","2,162.53","552.60K","0.28%"
"01/28/2019","2,177.30","2,184.41","2,188.15","2,169.17","371.60K","-0.02%"
"01/25/2019","2,177.73","2,147.92","2,178.01","2,146.64","410.00K","1.52%"
"01/24/2019","2,145.03","2,127.88","2,145.08","2,125.48","413.70K","0.81%"
"01/23/2019","2,127.78","2,108.72","2,131.05","2,106.74","408.60K","0.47%"
"01/22/2019","2,117.77","2,126.03","2,129.37","2,108.91","419.40K","-0.32%"
"01/21/2019","2,124.61","2,133.87","2,134.17","2,114.45","398.00K","0.02%"
"01/18/2019","2,124.28","2,116.43","2,124.50","2,113.44","456.70K","0.82%"
"01/17/2019","2,107.06","2,110.14","2,117.43","2,101.70","475.90K","0.05%"
"01/16/2019","2,106.10","2,098.65","2,106.35","2,091.92","500.10K","0.43%"
"01/15/2019","2,097.18","2,069.14","2,098.01","2,067.58","439.50K","1.58%"
"01/14/2019","2,064.52","2,070.49","2,073.94","2,059.46","432.90K","-0.53%"
"01/11/2019","2,075.57","2,070.36","2,076.99","2,063.99","380.10K","0.60%"
"01/10/2019","2,063.28","2,065.73","2,072.81","2,057.16","382.90K","-0.07%"
"01/09/2019","2,064.71","2,034.19","2,068.23","2,034.19","386.20K","1.95%"
"01/08/2019","2,025.27","2,038.68","2,042.70","2,023.59","397.80K","-0.58%"
"01/07/2019","2,037.10","2,034.24","2,048.06","2,030.90","440.20K","1.34%"
"01/04/2019","2,010.25","1,992.40","2,011.56","1,984.53","409.00K","0.83%"
"01/03/2019","1,993.70","2,011.81","2,014.72","1,991.65","428.00K","-0.81%"
"01/02/2019","2,010.00","2,050.55","2,053.45","2,004.27","326.40K","-1.52%"
"12/28/2018","2,041.04","2,036.70","2,046.97","2,035.41","352.70K","0.62%"
"12/27/2018","2,028.44","2,032.09","2,035.57","2,021.39","398.00K","0.02%"
"12/26/2018","2,028.01","2,028.81","2,037.83","2,014.28","321.50K","-1.31%"
"12/24/2018","2,055.01","2,050.38","2,059.94","2,046.18","285.30K","-0.31%"
"12/21/2018","2,061.49","2,052.70","2,061.51","2,049.76","311.40K","0.07%"
"12/20/2018","2,060.12","2,063.70","2,071.08","2,047.52","421.10K","-0.90%"
"12/19/2018","2,078.84","2,068.95","2,080.65","2,063.01","418.80K","0.81%"
"12/18/2018","2,062.11","2,057.39","2,074.31","2,054.26","429.50K","-0.43%"
"12/17/2018","2,071.09","2,071.21","2,075.93","2,065.51","444.50K","0.08%"
"12/14/2018","2,069.38","2,095.64","2,095.64","2,061.40","448.20K","-1.25%"
"12/13/2018","2,095.55","2,087.43","2,104.43","2,084.37","379.80K","0.62%"
"12/12/2018","2,082.57","2,062.77","2,084.77","2,061.13","457.10K","1.44%"
"12/11/2018","2,052.97","2,058.16","2,060.94","2,047.17","273.90K","-0.04%"
"12/10/2018","2,053.79","2,048.45","2,061.78","2,043.21","344.20K","-1.06%"
"12/07/2018","2,075.76","2,081.68","2,086.84","2,065.62","371.60K","0.34%"
"12/06/2018","2,068.69","2,094.62","2,094.62","2,064.00","537.40K","-1.55%"
"12/05/2018","2,101.31","2,086.57","2,107.69","2,086.57","492.70K","-0.62%"
"12/04/2018","2,114.35","2,125.67","2,128.94","2,105.45","507.50K","-0.82%"
"12/03/2018","2,131.93","2,127.78","2,136.64","2,113.60","436.60K","1.67%"
"11/30/2018","2,096.86","2,116.83","2,122.33","2,093.83","427.40K","-0.82%"
"11/29/2018","2,114.10","2,133.95","2,136.74","2,108.90","307.20K","0.28%"
"11/28/2018","2,108.22","2,104.13","2,108.65","2,094.32","300.10K","0.42%"
"11/27/2018","2,099.42","2,091.75","2,102.29","2,079.49","239.20K","0.79%"
"11/26/2018","2,083.02","2,060.17","2,083.96","2,060.17","237.70K","1.24%"
"11/23/2018","2,057.48","2,073.26","2,075.91","2,047.96","227.20K","-0.60%"
"11/22/2018","2,069.95","2,079.01","2,081.75","2,066.20","242.50K","-0.32%"
"11/21/2018","2,076.55","2,057.07","2,077.49","2,049.76","267.90K","-0.29%"
"11/20/2018","2,082.58","2,074.67","2,089.54","2,074.67","281.70K","-0.86%"
"11/19/2018","2,100.56","2,096.13","2,111.39","2,089.37","273.20K","0.39%"
"11/16/2018","2,092.40","2,097.94","2,103.11","2,086.54","301.60K","0.21%"
"11/15/2018","2,088.06","2,061.47","2,088.61","2,058.73","351.00K","0.97%"
"11/14/2018","2,068.05","2,071.41","2,075.12","2,060.86","339.00K","-0.15%"
"11/13/2018","2,071.23","2,047.62","2,072.03","2,032.05","383.40K","-0.44%"
"11/12/2018","2,080.44","2,065.92","2,087.24","2,065.52","295.50K","-0.27%"
"11/09/2018","2,086.09","2,093.89","2,101.92","2,082.47","298.10K","-0.31%"
"11/08/2018","2,092.63","2,109.97","2,120.88","2,092.36","328.00K","0.67%"
"11/07/2018","2,078.69","2,090.32","2,107.63","2,072.48","485.20K","-0.52%"
"11/06/2018","2,089.62","2,085.81","2,092.61","2,068.59","315.80K","0.61%"
"11/05/2018","2,076.92","2,079.81","2,080.49","2,052.67","361.30K","-0.91%"
"11/02/2018","2,096.00","2,046.61","2,096.63","2,044.94","372.00K","3.53%"
"11/01/2018","2,024.46","2,035.11","2,054.22","2,023.43","343.80K","-0.26%"
"10/31/2018","2,029.69","2,022.84","2,030.50","2,006.63","373.00K","0.74%"
"10/30/2018","2,014.69","1,985.95","2,028.84","1,985.95","441.60K","0.93%"
"10/29/2018","1,996.05","2,026.68","2,045.76","1,993.77","427.30K","-1.53%"
"10/26/2018","2,027.15","2,066.57","2,066.57","2,008.86","449.20K","-1.75%"
"10/25/2018","2,063.30","2,046.67","2,066.06","2,033.81","376.00K","-1.63%"
"10/24/2018","2,097.58","2,119.19","2,121.36","2,092.10","399.70K","-0.40%"
"10/23/2018","2,106.10","2,147.30","2,148.80","2,094.69","373.50K","-2.57%"
"10/22/2018","2,161.71","2,143.08","2,163.21","2,136.92","308.70K","0.25%"
"10/19/2018","2,156.26","2,130.06","2,158.78","2,117.62","351.80K","0.37%"
"10/18/2018","2,148.31","2,158.80","2,168.01","2,146.61","321.80K","-0.89%"
"10/17/2018","2,167.51","2,169.44","2,182.77","2,159.37","275.20K","1.04%"
"10/16/2018","2,145.12","2,156.00","2,161.76","2,140.19","222.50K","0.00%"
"10/15/2018","2,145.12","2,155.34","2,159.23","2,141.28","259.20K","-0.77%"
"10/12/2018","2,161.85","2,131.66","2,173.01","2,129.13","292.60K","1.51%"
"10/11/2018","2,129.67","2,176.16","2,186.69","2,129.67","411.90K","-4.44%"
"10/10/2018","2,228.61","2,256.03","2,257.52","2,222.95","365.70K","-1.12%"
"10/08/2018","2,253.83","2,258.73","2,273.71","2,253.83","214.60K","-0.60%"
"10/05/2018","2,267.52","2,269.94","2,278.12","2,250.99","282.10K","-0.31%"
"10/04/2018","2,274.49","2,311.06","2,311.06","2,270.22","309.50K","-1.52%"
"10/02/2018","2,309.57","2,338.28","2,341.55","2,308.90","287.90K","-1.25%"
"10/01/2018","2,338.88","2,349.64","2,352.11","2,333.32","278.30K","-0.18%"
"09/28/2018","2,343.07","2,356.13","2,356.62","2,337.47","317.90K","-0.52%"
"09/27/2018","2,355.43","2,331.70","2,355.43","2,331.70","279.20K","0.70%"
"09/21/2018","2,339.17","2,332.04","2,339.17","2,325.12","321.70K","0.68%"
"09/20/2018","2,323.45","2,314.41","2,334.04","2,311.56","289.10K","0.65%"
"09/19/2018","2,308.46","2,319.22","2,319.22","2,301.79","350.90K","-0.02%"
"09/18/2018","2,308.98","2,287.73","2,310.97","2,287.42","309.20K","0.26%"
"09/17/2018","2,303.01","2,314.55","2,314.55","2,295.26","343.20K","-0.66%"
"09/14/2018","2,318.25","2,304.70","2,318.65","2,304.15","292.20K","1.40%"
"09/13/2018","2,286.23","2,285.28","2,291.51","2,281.63","301.30K","0.14%"
"09/12/2018","2,282.92","2,286.28","2,289.66","2,271.00","336.80K","-0.01%"
"09/11/2018","2,283.20","2,286.91","2,295.76","2,275.13","368.20K","-0.24%"
"09/10/2018","2,288.66","2,277.35","2,289.38","2,276.60","312.60K","0.31%"
"09/07/2018","2,281.58","2,278.08","2,286.82","2,264.90","357.60K","-0.26%"
"09/06/2018","2,287.61","2,288.80","2,298.47","2,284.50","387.50K","-0.18%"
"09/05/2018","2,291.77","2,310.90","2,315.43","2,288.01","358.20K","-1.03%"
"09/04/2018","2,315.72","2,308.96","2,317.74","2,302.17","277.00K","0.38%"
"09/03/2018","2,307.03","2,317.93","2,318.72","2,302.17","230.50K","-0.68%"
"08/31/2018","2,322.88","2,298.13","2,322.88","2,295.72","255.90K","0.67%"
"08/30/2018","2,307.35","2,313.11","2,320.85","2,305.46","286.90K","-0.07%"
"08/29/2018","2,309.03","2,304.66","2,309.88","2,300.21","268.20K","0.26%"
"08/28/2018","2,303.12","2,312.14","2,314.60","2,299.45","276.90K","0.17%"
"08/27/2018","2,299.30","2,297.32","2,302.87","2,289.41","307.00K","0.27%"
"08/24/2018","2,293.21","2,276.16","2,295.22","2,271.35","347.30K","0.46%"
"08/23/2018","2,282.60","2,282.57","2,282.88","2,268.06","338.40K","0.41%"
"08/22/2018","2,273.33","2,273.68","2,280.31","2,268.91","269.30K","0.14%"
"08/21/2018","2,270.06","2,248.04","2,272.86","2,244.59","294.30K","0.99%"
"08/20/2018","2,247.88","2,257.35","2,264.42","2,245.06","271.60K","0.04%"
"08/17/2018","2,247.05","2,244.61","2,250.92","2,240.14","238.40K","0.28%"
"08/16/2018","2,240.80","2,233.05","2,244.08","2,218.09","312.50K","-0.80%"
"08/14/2018","2,258.91","2,249.86","2,262.52","2,247.37","255.20K","0.47%"
"08/13/2018","2,248.45","2,266.43","2,271.82","2,238.55","335.40K","-1.50%"
"08/10/2018","2,282.79","2,295.21","2,295.62","2,277.89","286.20K","-0.91%"
"08/09/2018","2,303.71","2,303.04","2,303.71","2,291.91","244.90K","0.10%"
"08/08/2018","2,301.45","2,305.73","2,308.60","2,298.41","299.70K","0.06%"
"08/07/2018","2,300.16","2,290.85","2,301.27","2,279.55","230.30K","0.60%"
"08/06/2018","2,286.50","2,288.51","2,300.38","2,283.26","244.50K","-0.05%"
"08/03/2018","2,287.68","2,278.33","2,288.93","2,272.94","270.50K","0.77%"
"08/02/2018","2,270.20","2,304.14","2,306.72","2,265.46","352.10K","-1.60%"
"08/01/2018","2,307.07","2,301.17","2,312.65","2,301.13","219.00K","0.51%"
"07/31/2018","2,295.26","2,292.23","2,296.60","2,286.02","223.90K","0.08%"
"07/30/2018","2,293.51","2,290.18","2,296.91","2,283.29","206.50K","-0.06%"
"07/27/2018","2,294.99","2,292.33","2,295.27","2,284.44","262.10K","0.26%"
"07/26/2018","2,289.06","2,284.51","2,297.16","2,276.54","303.30K","0.71%"
"07/25/2018","2,273.03","2,284.38","2,292.61","2,269.67","309.30K","-0.31%"
"07/24/2018","2,280.20","2,273.15","2,284.43","2,263.13","436.10K","0.48%"
"07/23/2018","2,269.31","2,289.61","2,289.61","2,264.42","334.30K","-0.87%"
"07/20/2018","2,289.19","2,281.36","2,293.34","2,269.55","353.20K","0.30%"
"07/19/2018","2,282.29","2,298.91","2,300.18","2,278.94","464.50K","-0.34%"
"07/18/2018","2,290.11","2,313.78","2,319.39","2,287.10","402.80K","-0.34%"
"07/17/2018","2,297.92","2,302.95","2,306.07","2,290.24","379.00K","-0.18%"
"07/16/2018","2,301.99","2,312.26","2,317.84","2,299.79","297.10K","-0.39%"
"07/13/2018","2,310.90","2,293.07","2,313.80","2,293.07","291.60K","1.13%"
"07/12/2018","2,285.06","2,285.93","2,298.56","2,277.73","364.40K","0.19%"
"07/11/2018","2,280.62","2,277.22","2,287.08","2,262.77","423.00K","-0.59%"
"07/10/2018","2,294.16","2,299.09","2,305.84","2,292.13","339.90K","0.37%"
"07/09/2018","2,285.80","2,276.92","2,294.61","2,267.25","352.60K","0.57%"
"07/06/2018","2,272.87","2,261.44","2,283.75","2,247.35","344.40K","0.68%"
"07/05/2018","2,257.55","2,264.74","2,274.74","2,243.90","346.90K","-0.35%"
"07/04/2018","2,265.46","2,270.95","2,280.81","2,261.34","315.10K","-0.32%"
"07/03/2018","2,272.76","2,285.88","2,287.39","2,252.36","366.00K","0.05%"
"07/02/2018","2,271.54","2,322.23","2,327.59","2,271.53","393.30K","-2.35%"
"06/29/2018","2,326.13","2,325.68","2,329.58","2,296.39","396.70K","0.51%"
"06/28/2018","2,314.24","2,327.37","2,335.35","2,310.80","414.40K","-1.19%"
"06/27/2018","2,342.03","2,349.38","2,358.71","2,342.02","526.60K","-0.38%"
"06/26/2018","2,350.92","2,334.75","2,358.01","2,326.61","470.90K","-0.30%"
"06/25/2018","2,357.88","2,351.89","2,361.39","2,337.22","415.10K","0.03%"
"06/22/2018","2,357.22","2,323.08","2,357.40","2,320.76","537.30K","0.83%"
"06/21/2018","2,337.83","2,364.16","2,370.58","2,337.83","438.30K","-1.10%"
"06/20/2018","2,363.91","2,350.24","2,374.52","2,345.22","456.00K","1.02%"
"06/19/2018","2,340.11","2,373.12","2,379.49","2,336.54","606.30K","-1.52%"
"06/18/2018","2,376.24","2,404.68","2,405.56","2,365.31","564.80K","-1.16%"
"06/15/2018","2,404.04","2,432.18","2,433.51","2,403.97","502.40K","-0.80%"
"06/14/2018","2,423.48","2,450.86","2,451.95","2,422.37","533.40K","-1.84%"
"06/12/2018","2,468.83","2,474.78","2,479.56","2,462.84","613.20K","-0.05%"
"06/11/2018","2,470.15","2,454.25","2,470.99","2,448.00","427.90K","0.76%"
"06/08/2018","2,451.58","2,467.88","2,468.27","2,449.11","530.20K","-0.77%"
"06/07/2018","2,470.58","2,468.26","2,478.67","2,466.01","474.10K","0.69%"
"06/05/2018","2,453.76","2,450.39","2,455.78","2,432.81","501.40K","0.25%"
"06/04/2018","2,447.76","2,444.62","2,452.67","2,441.25","438.90K","0.36%"
"06/01/2018","2,438.96","2,419.63","2,445.31","2,418.11","603.00K","0.66%"
"05/31/2018","2,423.01","2,428.83","2,430.15","2,415.50","816.90K","0.58%"
"05/30/2018","2,409.03","2,446.81","2,449.88","2,399.58","575.90K","-1.96%"
"05/29/2018","2,457.25","2,476.70","2,479.68","2,457.18","571.80K","-0.88%"
"05/28/2018","2,478.96","2,465.00","2,482.40","2,463.14","708.40K","0.74%"
"05/25/2018","2,460.80","2,452.80","2,466.57","2,444.77","653.60K","-0.21%"
"05/24/2018","2,466.01","2,477.48","2,481.31","2,457.84","638.10K","-0.24%"
"05/23/2018","2,471.91","2,462.98","2,476.86","2,460.07","752.70K","0.26%"
"05/21/2018","2,465.57","2,464.07","2,472.30","2,447.69","588.10K","0.20%"
"05/18/2018","2,460.65","2,459.73","2,461.95","2,452.34","431.40K","0.50%"
"05/17/2018","2,448.45","2,468.72","2,472.82","2,448.43","596.80K","-0.46%"
"05/16/2018","2,459.82","2,446.64","2,465.55","2,444.67","691.80K","0.05%"
"05/15/2018","2,458.54","2,476.87","2,480.22","2,456.20","712.60K","-0.71%"
"05/14/2018","2,476.11","2,482.97","2,486.17","2,471.91","650.70K","-0.06%"
"05/11/2018","2,477.71","2,469.30","2,483.85","2,468.41","599.90K","0.55%"
"05/10/2018","2,464.16","2,458.67","2,464.72","2,448.01","490.00K","0.83%"
"05/09/2018","2,443.98","2,450.71","2,451.86","2,428.79","593.40K","-0.24%"
"05/08/2018","2,449.81","2,468.45","2,479.75","2,444.08","714.70K","-0.47%"
"05/04/2018","2,461.38","2,486.47","2,487.77","2,461.38","612.00K","-1.04%"
"05/03/2018","2,487.25","2,506.94","2,507.91","2,487.25","614.10K","-0.73%"
"05/02/2018","2,505.61","2,515.75","2,516.57","2,501.71","807.60K","-0.39%"
"04/30/2018","2,515.38","2,502.29","2,515.38","2,500.22","746.30K","0.92%"
"04/27/2018","2,492.40","2,497.75","2,508.13","2,484.19","465.00K","0.68%"
"04/26/2018","2,475.64","2,460.62","2,484.09","2,456.20","520.90K","1.10%"
"04/25/2018","2,448.81","2,444.19","2,453.54","2,436.51","466.10K","-0.62%"
"04/24/2018","2,464.14","2,478.47","2,479.32","2,454.44","524.30K","-0.40%"
"04/23/2018","2,474.11","2,473.70","2,478.57","2,466.57","701.40K","-0.09%"
"04/20/2018","2,476.33","2,478.59","2,485.15","2,472.37","531.70K","-0.39%"
"04/19/2018","2,486.10","2,483.26","2,490.57","2,476.51","727.00K","0.25%"
"04/18/2018","2,479.98","2,467.55","2,486.73","2,467.55","647.30K","1.07%"
"04/17/2018","2,453.77","2,459.39","2,465.63","2,449.08","394.70K","-0.15%"
"04/16/2018","2,457.49","2,466.04","2,466.16","2,449.97","347.20K","0.10%"
"04/13/2018","2,455.07","2,449.42","2,457.85","2,442.35","395.90K","0.51%"
"04/12/2018","2,442.71","2,450.95","2,454.95","2,441.58","441.60K","-0.06%"
"04/11/2018","2,444.22","2,456.53","2,458.99","2,441.20","355.20K","-0.27%"
"04/10/2018","2,450.74","2,439.94","2,454.36","2,419.55","356.40K","0.27%"
"04/09/2018","2,444.08","2,424.15","2,446.28","2,424.15","334.40K","0.60%"
"04/06/2018","2,429.58","2,420.88","2,433.97","2,417.24","454.30K","-0.33%"
"04/05/2018","2,437.52","2,426.92","2,446.78","2,420.92","591.00K","1.22%"
"04/04/2018","2,408.06","2,447.97","2,447.97","2,405.91","551.70K","-1.41%"
"04/03/2018","2,442.43","2,422.26","2,442.43","2,416.44","497.10K","-0.07%"
"04/02/2018","2,444.16","2,454.72","2,467.52","2,440.89","390.30K","-0.07%"
"03/30/2018","2,445.85","2,454.10","2,458.24","2,445.72","395.30K","0.39%"
"03/29/2018","2,436.37","2,421.70","2,439.47","2,413.71","333.40K","0.71%"
"03/28/2018","2,419.29","2,425.94","2,430.77","2,409.47","501.30K","-1.34%"
"03/27/2018","2,452.06","2,455.00","2,456.55","2,444.92","332.10K","0.61%"
"03/26/2018","2,437.08","2,414.68","2,437.08","2,399.44","306.90K","0.84%"
"03/23/2018","2,416.76","2,446.73","2,450.40","2,412.62","458.00K","-3.18%"
"03/22/2018","2,496.02","2,494.84","2,508.71","2,485.34","482.10K","0.44%"
"03/21/2018","2,484.97","2,488.22","2,492.88","2,483.78","399.10K","-0.02%"
"03/20/2018","2,485.52","2,456.80","2,485.52","2,456.80","291.50K","0.42%"
"03/19/2018","2,475.03","2,491.99","2,493.56","2,470.91","477.20K","-0.76%"
"03/16/2018","2,493.97","2,495.11","2,497.80","2,476.88","377.80K","0.06%"
"03/15/2018","2,492.38","2,486.00","2,496.51","2,471.04","344.00K","0.25%"
"03/14/2018","2,486.08","2,477.43","2,486.98","2,474.77","360.90K","-0.34%"
"03/13/2018","2,494.49","2,483.05","2,494.49","2,478.76","350.20K","0.42%"
"03/12/2018","2,484.12","2,485.64","2,489.46","2,474.91","391.30K","1.00%"
"03/09/2018","2,459.45","2,443.43","2,476.43","2,436.03","437.30K","1.08%"
"03/08/2018","2,433.08","2,420.67","2,433.08","2,407.59","394.80K","1.30%"
"03/07/2018","2,401.82","2,413.39","2,429.43","2,395.24","413.00K","-0.40%"
"03/06/2018","2,411.41","2,400.67","2,413.01","2,392.87","400.10K","1.53%"
"03/05/2018","2,375.06","2,405.92","2,407.98","2,374.80","312.30K","-1.13%"
"03/02/2018","2,402.16","2,406.57","2,410.34","2,387.25","320.40K","-1.04%"
"02/28/2018","2,427.36","2,447.11","2,460.12","2,426.21","367.60K","-1.17%"
"02/27/2018","2,456.14","2,474.08","2,480.79","2,456.14","271.20K","-0.06%"
"02/26/2018","2,457.65","2,465.35","2,466.08","2,447.86","321.30K","0.25%"
"02/23/2018","2,451.52","2,427.13","2,451.52","2,427.13","300.60K","1.54%"
"02/22/2018","2,414.28","2,417.18","2,422.62","2,405.23","349.50K","-0.63%"
"02/21/2018","2,429.65","2,417.73","2,432.45","2,404.02","432.30K","0.60%"
"02/20/2018","2,415.12","2,433.35","2,438.48","2,411.23","421.50K","-1.13%"
"02/19/2018","2,442.82","2,452.52","2,455.12","2,428.15","322.10K","0.87%"
"02/14/2018","2,421.83","2,412.47","2,426.63","2,408.02","305.70K","1.11%"
"02/13/2018","2,395.19","2,402.89","2,421.80","2,388.54","423.40K","0.41%"
"02/12/2018","2,385.38","2,380.49","2,397.90","2,367.31","352.30K","0.91%"
"02/09/2018","2,363.77","2,346.73","2,372.90","2,346.73","489.10K","-1.82%"
"02/08/2018","2,407.62","2,400.17","2,423.88","2,393.46","362.40K","0.46%"
"02/07/2018","2,396.56","2,483.72","2,484.18","2,396.56","460.10K","-2.31%"
"02/06/2018","2,453.31","2,437.02","2,460.28","2,409.38","582.80K","-1.54%"
"02/05/2018","2,491.75","2,487.34","2,503.99","2,476.24","442.40K","-1.33%"
"02/02/2018","2,525.39","2,565.99","2,565.99","2,519.60","481.80K","-1.68%"
"02/01/2018","2,568.54","2,578.91","2,583.74","2,564.59","595.10K","0.08%"
"01/31/2018","2,566.46","2,557.37","2,597.14","2,553.01","403.10K","-0.05%"
"01/30/2018","2,567.74","2,590.41","2,599.17","2,567.07","397.00K","-1.17%"
"01/29/2018","2,598.19","2,588.87","2,607.10","2,587.55","437.50K","0.91%"
"01/26/2018","2,574.76","2,560.69","2,574.76","2,553.53","400.60K","0.49%"
"01/25/2018","2,562.23","2,536.96","2,564.43","2,536.73","514.60K","0.95%"
"01/24/2018","2,538.00","2,533.86","2,547.22","2,531.31","371.10K","0.06%"
"01/23/2018","2,536.60","2,510.35","2,536.60","2,507.96","370.00K","1.38%"
"01/22/2018","2,502.11","2,516.90","2,517.12","2,488.44","343.00K","-0.72%"
"01/19/2018","2,520.26","2,519.67","2,524.33","2,513.09","351.80K","0.18%"
"01/18/2018","2,515.81","2,527.67","2,532.08","2,512.69","333.10K","0.02%"
"01/17/2018","2,515.43","2,517.19","2,521.97","2,506.49","336.70K","-0.25%"
"01/16/2018","2,521.74","2,504.16","2,524.55","2,498.55","341.60K","0.72%"
"01/15/2018","2,503.73","2,510.97","2,513.30","2,496.18","404.60K","0.29%"
"01/12/2018","2,496.42","2,499.87","2,500.87","2,482.15","438.80K","0.34%"
"01/11/2018","2,487.91","2,496.86","2,502.52","2,483.82","444.30K","-0.47%"
"01/10/2018","2,499.75","2,516.33","2,516.82","2,493.98","444.00K","-0.42%"
"01/09/2018","2,510.23","2,510.73","2,524.73","2,498.41","374.30K","-0.12%"
"01/08/2018","2,513.28","2,510.70","2,515.37","2,494.18","311.40K","0.63%"
"01/05/2018","2,497.52","2,476.85","2,497.52","2,475.51","308.80K","1.26%"
"01/04/2018","2,466.46","2,502.50","2,502.50","2,466.45","333.80K","-0.80%"
"01/03/2018","2,486.35","2,484.63","2,493.40","2,481.91","331.10K","0.27%"
"01/02/2018","2,479.65","2,474.86","2,481.02","2,465.94","262.20K","0.49%"
"12/28/2017","2,467.49","2,439.31","2,467.51","2,437.26","220.30K","1.26%"
"12/27/2017","2,436.67","2,420.86","2,436.68","2,411.48","194.90K","0.38%"
"12/26/2017","2,427.34","2,447.67","2,457.19","2,427.34","224.60K","-0.54%"
"12/22/2017","2,440.54","2,437.59","2,444.57","2,426.94","230.40K","0.44%"
"12/21/2017","2,429.83","2,471.34","2,471.73","2,429.83","247.30K","-1.96%"
"12/19/2017","2,478.53","2,487.83","2,498.67","2,470.49","308.40K","-0.13%"
"12/18/2017","2,481.88","2,488.83","2,488.83","2,477.29","324.40K","-0.01%"
"12/15/2017","2,482.07","2,488.39","2,495.08","2,475.99","340.80K","0.51%"
"12/14/2017","2,469.48","2,486.57","2,514.61","2,469.48","317.80K","-0.45%"
"12/13/2017","2,480.55","2,462.42","2,481.92","2,457.70","255.00K","0.79%"
"12/12/2017","2,461.00","2,471.23","2,471.43","2,455.39","281.20K","-0.42%"
"12/11/2017","2,471.49","2,467.81","2,471.99","2,457.98","240.10K","0.30%"
"12/08/2017","2,464.00","2,470.09","2,473.17","2,459.02","406.40K","0.08%"
"12/07/2017","2,461.98","2,479.55","2,480.85","2,452.40","404.90K","-0.50%"
"12/06/2017","2,474.37","2,510.19","2,510.47","2,474.29","507.60K","-1.42%"
"12/05/2017","2,510.12","2,490.73","2,513.68","2,487.15","395.40K","0.34%"
"12/04/2017","2,501.67","2,486.72","2,501.67","2,476.29","323.80K","1.06%"
"12/01/2017","2,475.41","2,488.92","2,488.92","2,472.75","288.60K","-0.04%"
"11/30/2017","2,476.37","2,502.22","2,506.32","2,474.28","339.00K","-1.45%"
"11/29/2017","2,512.90","2,517.26","2,524.41","2,508.66","301.20K","-0.05%"
"11/28/2017","2,514.19","2,512.52","2,521.06","2,500.93","348.20K","0.25%"
"11/27/2017","2,507.81","2,544.74","2,546.71","2,506.69","284.90K","-1.44%"
"11/24/2017","2,544.33","2,539.79","2,544.33","2,533.98","297.90K","0.28%"
"11/23/2017","2,537.15","2,542.34","2,544.58","2,532.45","391.30K","-0.13%"
"11/22/2017","2,540.51","2,546.61","2,553.22","2,535.19","485.70K","0.39%"
"11/21/2017","2,530.70","2,533.85","2,539.88","2,525.96","484.90K","0.12%"
"11/20/2017","2,527.67","2,536.80","2,542.62","2,523.52","404.30K","-0.25%"
"11/17/2017","2,533.99","2,546.05","2,559.10","2,533.99","362.20K","-0.03%"
"11/16/2017","2,534.79","2,522.42","2,538.28","2,514.51","302.90K","0.66%"
"11/15/2017","2,518.25","2,525.60","2,526.61","2,511.76","398.20K","-0.33%"
"11/14/2017","2,526.64","2,532.55","2,532.95","2,520.99","287.80K","-0.15%"
"11/13/2017","2,530.35","2,548.27","2,552.28","2,527.20","266.50K","-0.50%"
"11/10/2017","2,542.95","2,541.18","2,547.61","2,534.60","291.50K","-0.30%"
"11/09/2017","2,550.57","2,559.93","2,559.93","2,536.54","293.50K","-0.07%"
"11/08/2017","2,552.40","2,534.48","2,558.74","2,533.73","277.00K","0.27%"
"11/07/2017","2,545.44","2,548.30","2,554.13","2,540.67","253.90K","-0.16%"
"11/06/2017","2,549.41","2,557.29","2,559.90","2,529.94","221.20K","-0.33%"
"11/03/2017","2,557.97","2,558.37","2,558.37","2,539.72","292.80K","0.46%"
"11/02/2017","2,546.36","2,560.34","2,561.63","2,542.02","527.70K","-0.40%"
"11/01/2017","2,556.47","2,535.97","2,556.47","2,535.83","361.80K","1.31%"
"10/31/2017","2,523.43","2,500.21","2,528.32","2,498.05","313.80K","0.86%"
"10/30/2017","2,501.93","2,513.87","2,513.87","2,497.42","342.00K","0.21%"
"10/27/2017","2,496.63","2,485.44","2,499.15","2,479.67","511.20K","0.64%"
"10/26/2017","2,480.63","2,489.60","2,495.99","2,480.63","646.90K","-0.48%"
"10/25/2017","2,492.50","2,495.87","2,497.41","2,481.48","599.40K","0.08%"
"10/24/2017","2,490.49","2,489.31","2,497.35","2,487.17","232.00K","0.02%"
"10/23/2017","2,490.05","2,497.65","2,500.33","2,485.48","274.20K","0.02%"
"10/20/2017","2,489.54","2,477.30","2,489.54","2,476.88","313.20K","0.67%"
"10/19/2017","2,473.06","2,485.72","2,490.94","2,468.67","236.60K","-0.40%"
"10/18/2017","2,482.91","2,481.53","2,490.58","2,475.67","244.20K","-0.06%"
"10/17/2017","2,484.37","2,484.96","2,487.88","2,478.76","199.00K","0.17%"
"10/16/2017","2,480.05","2,483.17","2,487.71","2,470.24","224.40K","0.26%"
"10/13/2017","2,473.62","2,473.65","2,479.73","2,468.14","234.80K","-0.05%"
"10/12/2017","2,474.76","2,461.70","2,474.76","2,459.48","256.20K","0.68%"
"10/11/2017","2,458.16","2,442.49","2,458.16","2,439.81","201.80K","1.00%"
"10/10/2017","2,433.81","2,425.63","2,443.20","2,421.10","221.70K","1.64%"
"09/29/2017","2,394.47","2,378.66","2,394.47","2,378.66","184.20K","0.90%"
"09/28/2017","2,373.14","2,374.10","2,379.54","2,365.67","194.80K","0.02%"
"09/27/2017","2,372.57","2,376.89","2,377.18","2,368.92","202.60K","-0.07%"
"09/26/2017","2,374.32","2,371.62","2,381.31","2,365.34","319.10K","-0.26%"
"09/25/2017","2,380.40","2,388.77","2,392.44","2,374.69","339.30K","-1.08%"
"09/21/2017","2,406.50","2,412.01","2,415.13","2,401.89","335.30K","-0.24%"
"09/20/2017","2,412.20","2,420.82","2,429.12","2,405.78","303.30K","-0.16%"
"09/19/2017","2,416.05","2,419.30","2,422.05","2,411.68","254.60K","-0.09%"
"09/18/2017","2,418.21","2,390.58","2,418.24","2,389.65","273.50K","1.35%"
"09/15/2017","2,386.07","2,368.44","2,386.07","2,365.37","298.70K","0.35%"
"09/14/2017","2,377.66","2,365.54","2,377.66","2,358.43","314.30K","0.74%"
"09/13/2017","2,360.18","2,370.54","2,373.61","2,360.17","318.90K","-0.22%"
"09/12/2017","2,365.47","2,372.02","2,372.45","2,359.12","333.60K","0.27%"
"09/11/2017","2,359.08","2,354.86","2,369.72","2,354.35","243.60K","0.66%"
"09/08/2017","2,343.72","2,350.19","2,351.73","2,340.63","214.60K","-0.11%"
"09/07/2017","2,346.19","2,328.94","2,349.79","2,328.92","277.00K","1.14%"
"09/06/2017","2,319.82","2,324.84","2,325.56","2,314.31","252.70K","-0.29%"
"09/05/2017","2,326.62","2,340.62","2,340.62","2,319.94","320.40K","-0.13%"
"09/04/2017","2,329.65","2,316.89","2,344.82","2,316.89","248.50K","-1.19%"
"09/01/2017","2,357.69","2,367.45","2,370.25","2,351.37","280.10K","-0.23%"
"08/31/2017","2,363.19","2,373.96","2,377.02","2,355.29","265.10K","-0.38%"
"08/30/2017","2,372.29","2,368.13","2,372.29","2,363.43","305.60K","0.32%"
"08/29/2017","2,364.74","2,356.20","2,364.74","2,332.85","223.10K","-0.23%"
"08/28/2017","2,370.30","2,376.38","2,383.46","2,366.23","226.90K","-0.35%"
"08/25/2017","2,378.51","2,381.47","2,384.59","2,372.67","342.00K","0.11%"
"08/24/2017","2,375.84","2,370.12","2,382.72","2,368.29","295.50K","0.40%"
"08/23/2017","2,366.40","2,376.53","2,379.59","2,360.71","228.60K","0.05%"
"08/22/2017","2,365.33","2,360.29","2,369.02","2,359.97","251.90K","0.44%"
"08/21/2017","2,355.00","2,363.38","2,363.38","2,351.96","207.20K","-0.14%"
"08/18/2017","2,358.37","2,340.19","2,362.43","2,340.19","201.50K","-0.14%"
"08/17/2017","2,361.67","2,351.61","2,364.50","2,346.74","255.80K","0.57%"
"08/16/2017","2,348.26","2,355.74","2,358.46","2,343.72","270.50K","0.60%"
"08/14/2017","2,334.22","2,336.02","2,341.78","2,327.80","214.00K","0.63%"
"08/11/2017","2,319.71","2,323.06","2,335.12","2,310.20","318.60K","-1.69%"
"08/10/2017","2,359.47","2,360.95","2,371.50","2,339.06","283.90K","-0.38%"
"08/09/2017","2,368.39","2,379.70","2,387.53","2,366.33","234.10K","-1.10%"
"08/08/2017","2,394.73","2,404.68","2,410.22","2,383.94","252.90K","-0.17%"
"08/07/2017","2,398.75","2,402.57","2,412.13","2,395.74","244.10K","0.14%"
"08/04/2017","2,395.45","2,389.74","2,400.33","2,383.45","273.60K","0.36%"
"08/03/2017","2,386.85","2,423.21","2,423.55","2,374.11","303.60K","-1.68%"
"08/02/2017","2,427.63","2,431.94","2,434.47","2,424.18","261.60K","0.19%"
"08/01/2017","2,422.96","2,397.12","2,432.62","2,394.27","264.00K","0.84%"
"07/31/2017","2,402.71","2,392.02","2,403.90","2,388.39","277.60K","0.07%"
"07/28/2017","2,400.99","2,433.46","2,434.38","2,399.06","318.70K","-1.73%"
"07/27/2017","2,443.24","2,443.28","2,448.24","2,435.49","426.50K","0.36%"
"07/26/2017","2,434.51","2,446.82","2,446.96","2,429.62","336.10K","-0.22%"
"07/25/2017","2,439.90","2,450.76","2,453.17","2,437.14","275.20K","-0.47%"
"07/24/2017","2,451.53","2,451.41","2,451.53","2,443.65","233.40K","0.06%"
"07/21/2017","2,450.06","2,438.78","2,451.59","2,437.84","250.10K","0.34%"
"07/20/2017","2,441.84","2,436.06","2,443.69","2,427.95","251.90K","0.49%"
"07/19/2017","2,429.94","2,430.09","2,430.09","2,419.64","271.00K","0.16%"
"07/18/2017","2,426.04","2,425.07","2,426.16","2,419.17","260.70K","0.04%"
"07/17/2017","2,425.10","2,427.76","2,430.34","2,419.91","254.20K","0.43%"
"07/14/2017","2,414.63","2,418.27","2,421.48","2,411.34","258.80K","0.21%"
"07/13/2017","2,409.49","2,405.76","2,422.26","2,402.92","289.30K","0.74%"
"07/12/2017","2,391.77","2,395.41","2,399.28","2,390.45","268.90K","-0.18%"
"07/11/2017","2,396.00","2,386.42","2,396.46","2,382.69","284.50K","0.58%"
"07/10/2017","2,382.10","2,386.30","2,389.87","2,378.04","296.30K","0.09%"
"07/07/2017","2,379.87","2,376.29","2,385.02","2,372.83","314.40K","-0.33%"
"07/06/2017","2,387.81","2,390.31","2,392.50","2,380.82","301.50K","-0.02%"
"07/05/2017","2,388.35","2,377.01","2,390.29","2,375.63","333.70K","0.33%"
"07/04/2017","2,380.52","2,395.24","2,398.02","2,376.41","411.80K","-0.58%"
"07/03/2017","2,394.48","2,397.66","2,399.90","2,384.55","311.00K","0.11%"
"06/30/2017","2,391.79","2,382.15","2,391.81","2,381.40","343.50K","-0.16%"
"06/29/2017","2,395.66","2,396.81","2,402.80","2,393.57","445.10K","0.55%"
"06/28/2017","2,382.56","2,382.91","2,390.89","2,380.75","361.20K","-0.39%"
"06/27/2017","2,391.95","2,386.76","2,397.14","2,383.47","358.00K","0.14%"
"06/26/2017","2,388.66","2,381.09","2,390.70","2,377.88","325.70K","0.42%"
"06/23/2017","2,378.60","2,371.54","2,380.94","2,369.17","256.30K","0.35%"
"06/22/2017","2,370.37","2,364.22","2,370.39","2,354.10","299.20K","0.54%"
"06/21/2017","2,357.53","2,358.23","2,359.97","2,346.19","360.30K","-0.49%"
"06/20/2017","2,369.23","2,382.54","2,382.54","2,365.45","360.70K","-0.07%"
"06/19/2017","2,370.90","2,364.02","2,377.20","2,356.84","290.90K","0.38%"
"06/16/2017","2,361.83","2,364.20","2,365.37","2,355.29","329.20K","0.01%"
"06/15/2017","2,361.65","2,373.36","2,378.04","2,350.37","334.90K","-0.46%"
"06/14/2017","2,372.64","2,384.54","2,387.29","2,366.92","393.00K","-0.09%"
"06/13/2017","2,374.70","2,358.92","2,375.81","2,358.92","322.10K","0.71%"
"06/12/2017","2,357.87","2,370.69","2,374.70","2,353.35","327.20K","-1.00%"
"06/09/2017","2,381.69","2,371.22","2,385.15","2,367.81","520.60K","0.77%"
"06/08/2017","2,363.57","2,361.64","2,365.52","2,347.62","417.10K","0.15%"
"06/07/2017","2,360.14","2,364.96","2,369.43","2,356.71","376.20K","-0.36%"
"06/05/2017","2,368.62","2,376.66","2,376.83","2,363.61","326.40K","-0.13%"
"06/02/2017","2,371.72","2,353.77","2,372.65","2,353.45","399.50K","1.16%"
"06/01/2017","2,344.61","2,348.31","2,351.31","2,335.63","336.70K","-0.12%"
"05/31/2017","2,347.38","2,339.25","2,355.23","2,338.25","555.90K","0.16%"
"05/30/2017","2,343.68","2,356.54","2,358.69","2,332.16","508.80K","-0.39%"
"05/29/2017","2,352.97","2,362.59","2,371.67","2,344.25","316.20K","-0.10%"
"05/26/2017","2,355.30","2,344.39","2,364.80","2,341.61","312.90K","0.53%"
"05/25/2017","2,342.93","2,325.49","2,343.72","2,321.26","369.30K","1.10%"
"05/24/2017","2,317.34","2,319.37","2,322.54","2,312.93","409.60K","0.24%"
"05/23/2017","2,311.74","2,308.69","2,326.57","2,303.15","341.10K","0.33%"
"05/22/2017","2,304.03","2,300.68","2,305.21","2,292.95","340.10K","0.68%"
"05/19/2017","2,288.48","2,286.78","2,293.82","2,282.13","421.10K","0.07%"
"05/18/2017","2,286.82","2,271.27","2,288.85","2,267.08","378.30K","-0.27%"
"05/17/2017","2,293.08","2,291.56","2,295.87","2,283.01","394.80K","-0.10%"
"05/16/2017","2,295.33","2,306.73","2,309.00","2,283.84","368.10K","0.20%"
"05/15/2017","2,290.65","2,288.23","2,297.31","2,280.60","251.60K","0.20%"
"05/12/2017","2,286.02","2,296.06","2,296.51","2,283.38","335.30K","-0.45%"
"05/11/2017","2,296.37","2,278.47","2,297.67","2,271.66","463.50K","1.16%"
"05/10/2017","2,270.12","2,294.10","2,323.22","2,264.31","422.90K","-0.99%"
"05/08/2017","2,292.76","2,245.61","2,292.76","2,244.23","281.80K","2.30%"
"05/04/2017","2,241.24","2,224.91","2,241.24","2,224.91","261.90K","0.97%"
"05/02/2017","2,219.67","2,213.61","2,229.74","2,212.87","295.10K","0.65%"
"04/28/2017","2,205.44","2,214.36","2,217.04","2,202.20","268.60K","-0.18%"
"04/27/2017","2,209.46","2,201.72","2,211.59","2,199.76","386.10K","0.07%"
"04/26/2017","2,207.84","2,202.37","2,210.61","2,200.73","397.50K","0.50%"
"04/25/2017","2,196.85","2,175.70","2,196.85","2,174.11","275.90K","1.06%"
"04/24/2017","2,173.74","2,175.50","2,177.89","2,166.83","374.70K","0.40%"
"04/21/2017","2,165.04","2,161.24","2,169.46","2,156.64","281.50K","0.74%"
"04/20/2017","2,149.15","2,138.19","2,150.43","2,134.05","268.30K","0.50%"
"04/19/2017","2,138.40","2,144.98","2,148.03","2,133.82","344.20K","-0.47%"
"04/18/2017","2,148.46","2,155.36","2,155.36","2,139.31","291.40K","0.13%"
"04/17/2017","2,145.76","2,140.87","2,150.70","2,138.70","259.30K","0.51%"
"04/14/2017","2,134.88","2,138.28","2,141.61","2,127.80","383.70K","-0.64%"
"04/13/2017","2,148.61","2,130.64","2,148.61","2,125.87","357.60K","0.93%"
"04/12/2017","2,128.91","2,128.17","2,129.82","2,122.94","427.40K","0.24%"
"04/11/2017","2,123.85","2,129.23","2,136.55","2,117.82","489.30K","-0.44%"
"04/10/2017","2,133.32","2,148.83","2,148.83","2,128.35","512.90K","-0.86%"
"04/07/2017","2,151.73","2,154.87","2,155.70","2,142.51","408.50K","-0.05%"
"04/06/2017","2,152.75","2,152.64","2,153.83","2,143.30","510.20K","-0.37%"
"04/05/2017","2,160.85","2,161.90","2,164.85","2,146.98","571.70K","-0.01%"
"04/04/2017","2,161.10","2,165.23","2,166.94","2,156.89","522.10K","-0.30%"
"04/03/2017","2,167.51","2,166.04","2,171.33","2,161.26","398.50K","0.34%"
"03/31/2017","2,160.23","2,166.62","2,166.93","2,159.80","441.60K","-0.20%"
"03/30/2017","2,164.64","2,170.18","2,174.16","2,159.16","643.60K","-0.11%"
"03/29/2017","2,166.98","2,172.31","2,172.31","2,162.04","626.80K","0.17%"
"03/28/2017","2,163.31","2,166.58","2,169.14","2,157.71","394.00K","0.35%"
"03/27/2017","2,155.66","2,161.17","2,165.25","2,153.14","395.90K","-0.61%"
"03/24/2017","2,168.95","2,171.36","2,179.34","2,163.34","358.70K","-0.17%"
"03/23/2017","2,172.72","2,174.09","2,182.42","2,170.56","358.60K","0.20%"
"03/22/2017","2,168.30","2,159.97","2,170.00","2,158.96","394.40K","-0.46%"
"03/21/2017","2,178.38","2,162.95","2,181.99","2,160.25","303.90K","0.99%"
"03/20/2017","2,157.01","2,160.32","2,160.57","2,151.51","264.90K","-0.35%"
"03/17/2017","2,164.58","2,150.47","2,164.59","2,148.86","302.80K","0.67%"
"03/16/2017","2,150.08","2,154.98","2,156.85","2,143.01","402.40K","0.80%"
"03/15/2017","2,133.00","2,128.42","2,135.38","2,127.26","374.70K","-0.04%"
"03/14/2017","2,133.78","2,127.12","2,135.50","2,124.42","365.10K","0.76%"
"03/13/2017","2,117.59","2,102.37","2,122.88","2,100.91","382.10K","0.97%"
"03/10/2017","2,097.35","2,088.67","2,102.05","2,082.31","500.90K","0.30%"
"03/09/2017","2,091.06","2,098.29","2,100.08","2,090.73","408.20K","-0.21%"
"03/08/2017","2,095.41","2,092.27","2,101.56","2,088.19","381.40K","0.06%"
"03/07/2017","2,094.05","2,080.77","2,096.79","2,079.16","277.80K","0.61%"
"03/06/2017","2,081.36","2,073.20","2,083.80","2,067.68","431.40K","0.13%"
"03/03/2017","2,078.75","2,090.92","2,091.59","2,072.09","425.90K","-1.14%"
"03/02/2017","2,102.65","2,105.19","2,112.58","2,096.31","434.70K","0.53%"
"02/28/2017","2,091.64","2,087.26","2,094.41","2,084.36","399.80K","0.29%"
"02/27/2017","2,085.52","2,095.47","2,097.24","2,084.08","343.70K","-0.41%"
"02/24/2017","2,094.12","2,106.43","2,107.83","2,090.05","385.40K","-0.64%"
"02/23/2017","2,107.63","2,106.15","2,108.99","2,103.11","430.90K","0.05%"
"02/22/2017","2,106.61","2,106.42","2,108.98","2,101.56","312.20K","0.17%"
"02/21/2017","2,102.93","2,085.97","2,108.48","2,085.00","292.50K","0.89%"
"02/20/2017","2,084.39","2,084.16","2,085.59","2,077.13","297.20K","0.18%"
"02/17/2017","2,080.58","2,072.57","2,081.18","2,072.57","301.50K","-0.06%"
"02/16/2017","2,081.84","2,088.09","2,092.59","2,078.35","330.50K","-0.10%"
"02/15/2017","2,083.86","2,073.60","2,087.69","2,069.89","338.00K","0.45%"
"02/14/2017","2,074.57","2,079.30","2,081.59","2,068.16","332.40K","-0.20%"
"02/13/2017","2,078.65","2,074.94","2,078.66","2,070.36","289.70K","0.17%"
"02/10/2017","2,075.08","2,075.80","2,080.74","2,072.23","314.70K","0.45%"
"02/09/2017","2,065.88","2,067.15","2,072.69","2,062.12","236.00K","0.04%"
"02/08/2017","2,065.08","2,072.58","2,072.58","2,052.29","266.70K","-0.49%"
"02/07/2017","2,075.21","2,077.80","2,079.23","2,071.05","271.80K","-0.12%"
"02/06/2017","2,077.66","2,085.73","2,088.37","2,073.03","315.30K","0.22%"
"02/03/2017","2,073.16","2,075.90","2,079.85","2,064.05","392.60K","0.10%"
"02/02/2017","2,071.01","2,080.23","2,092.45","2,067.76","825.50K","-0.46%"
"02/01/2017","2,080.48","2,075.31","2,082.70","2,073.97","452.50K","0.62%"
"01/31/2017","2,067.57","2,077.66","2,079.97","2,067.57","288.30K","-0.77%"
"01/26/2017","2,083.59","2,074.77","2,088.60","2,068.50","257.90K","0.81%"
"01/25/2017","2,066.94","2,075.33","2,077.72","2,062.96","310.20K","0.06%"
"01/24/2017","2,065.76","2,070.22","2,072.66","2,058.59","312.40K","-0.01%"
"01/23/2017","2,065.99","2,067.62","2,073.80","2,058.91","444.90K","0.02%"
"01/20/2017","2,065.61","2,065.54","2,072.32","2,064.00","392.60K","-0.35%"
"01/19/2017","2,072.79","2,085.61","2,091.02","2,065.03","415.70K","0.11%"
"01/18/2017","2,070.54","2,073.77","2,075.23","2,058.35","530.10K","-0.06%"
"01/17/2017","2,071.87","2,067.52","2,078.80","2,065.53","601.40K","0.37%"
"01/16/2017","2,064.17","2,077.03","2,080.05","2,058.93","683.90K","-0.61%"
"01/13/2017","2,076.79","2,077.12","2,080.94","2,073.44","518.30K","-0.50%"
"01/12/2017","2,087.14","2,077.69","2,087.14","2,073.89","555.80K","0.58%"
"01/11/2017","2,075.17","2,048.08","2,079.70","2,047.56","335.50K","1.47%"
"01/10/2017","2,045.12","2,043.30","2,046.78","2,039.50","512.70K","-0.18%"
"01/09/2017","2,048.78","2,053.18","2,053.18","2,046.47","398.30K","-0.02%"
"01/06/2017","2,049.12","2,048.11","2,051.84","2,045.66","455.40K","0.35%"
"01/05/2017","2,041.95","2,045.52","2,046.50","2,039.49","541.30K","-0.18%"
"01/04/2017","2,045.64","2,046.29","2,046.29","2,040.61","371.50K","0.08%"
"01/03/2017","2,043.97","2,034.31","2,044.07","2,028.47","268.10K","0.88%"
"01/02/2017","2,026.16","2,022.23","2,031.79","2,015.68","229.90K","-0.01%"
"12/29/2016","2,026.46","2,020.42","2,026.57","2,016.25","264.50K","0.10%"
"12/28/2016","2,024.49","2,021.86","2,029.69","2,020.86","356.60K","-0.87%"
"12/27/2016","2,042.17","2,040.74","2,044.43","2,037.12","384.00K","0.22%"
"12/26/2016","2,037.75","2,038.33","2,039.76","2,034.80","366.60K","0.09%"
"12/23/2016","2,035.90","2,036.17","2,037.71","2,031.54","310.90K","0.01%"
"12/22/2016","2,035.73","2,041.61","2,042.90","2,033.99","275.10K","-0.11%"
"12/21/2016","2,037.96","2,049.47","2,053.46","2,037.96","284.60K","-0.19%"
"12/20/2016","2,041.94","2,044.87","2,047.38","2,040.81","314.20K","0.17%"
"12/19/2016","2,038.39","2,039.40","2,046.03","2,037.04","249.90K","-0.19%"
"12/16/2016","2,042.24","2,037.35","2,043.60","2,033.23","289.70K","0.27%"
"12/15/2016","2,036.65","2,022.14","2,040.62","2,021.76","300.20K","-0.01%"
"12/14/2016","2,036.87","2,043.07","2,044.42","2,031.18","384.00K","0.04%"
"12/13/2016","2,035.98","2,026.39","2,035.99","2,023.61","383.40K","0.43%"
"12/12/2016","2,027.24","2,031.95","2,031.95","2,020.97","289.80K","0.13%"
"12/09/2016","2,024.69","2,024.52","2,026.83","2,019.79","225.70K","-0.31%"
"12/08/2016","2,031.07","2,008.31","2,031.07","2,007.57","239.40K","1.97%"
"12/07/2016","1,991.89","1,995.69","1,997.62","1,987.26","204.40K","0.10%"
"12/06/2016","1,989.86","1,976.51","1,993.47","1,976.51","214.60K","1.35%"
"12/05/2016","1,963.36","1,965.71","1,971.24","1,960.65","237.20K","-0.37%"
"12/02/2016","1,970.61","1,980.14","1,981.64","1,966.42","243.20K","-0.66%"
"12/01/2016","1,983.75","1,987.48","1,989.08","1,979.67","217.90K","0.01%"
"11/30/2016","1,983.48","1,980.38","1,988.44","1,977.09","233.10K","0.26%"
"11/29/2016","1,978.39","1,977.10","1,982.53","1,972.31","214.60K","0.01%"
"11/28/2016","1,978.13","1,976.58","1,983.43","1,966.78","213.60K","0.19%"
"11/25/2016","1,974.46","1,972.60","1,978.45","1,969.09","201.90K","0.16%"
"11/24/2016","1,971.26","1,985.11","1,988.96","1,968.50","235.40K","-0.84%"
"11/23/2016","1,987.95","1,987.64","1,996.65","1,981.22","308.20K","0.23%"
"11/22/2016","1,983.47","1,976.07","1,986.82","1,974.05","231.40K","0.89%"
"11/21/2016","1,966.05","1,971.03","1,976.23","1,962.42","223.50K","-0.43%"
"11/18/2016","1,974.58","1,983.07","1,983.26","1,968.13","307.00K","-0.30%"
"11/17/2016","1,980.55","1,976.21","1,983.87","1,968.80","272.20K","0.05%"
"11/16/2016","1,979.65","1,980.82","1,985.67","1,976.63","306.50K","0.62%"
"11/15/2016","1,967.53","1,977.33","1,978.94","1,967.21","375.70K","-0.35%"
"11/14/2016","1,974.40","1,982.93","1,988.65","1,974.27","352.10K","-0.51%"
"11/11/2016","1,984.43","1,988.87","1,994.05","1,982.15","386.90K","-0.91%"
"11/10/2016","2,002.60","1,989.85","2,002.60","1,983.26","433.90K","2.26%"
"11/09/2016","1,958.38","2,008.08","2,015.23","1,931.07","709.00K","-2.25%"
"11/08/2016","2,003.38","2,009.56","2,010.17","1,994.33","239.60K","0.29%"
"11/07/2016","1,997.58","1,997.58","2,001.74","1,992.14","210.30K","0.79%"
"11/04/2016","1,982.02","1,983.87","1,985.29","1,976.57","227.80K","-0.09%"
"11/03/2016","1,983.80","1,974.93","1,988.82","1,973.58","272.70K","0.25%"
"11/02/2016","1,978.94","1,995.41","1,997.46","1,976.34","333.50K","-1.42%"
"11/01/2016","2,007.39","2,003.41","2,010.51","1,990.45","321.80K","-0.04%"
"10/31/2016","2,008.19","2,011.29","2,016.01","2,005.95","400.70K","-0.56%"
"10/28/2016","2,019.42","2,021.97","2,026.85","2,015.72","270.50K","-0.23%"
"10/27/2016","2,024.12","2,018.24","2,026.33","2,015.66","298.70K","0.51%"
"10/26/2016","2,013.89","2,030.37","2,030.37","2,002.29","392.40K","-1.14%"
"10/25/2016","2,037.17","2,042.29","2,042.65","2,031.25","299.10K","-0.52%"
"10/24/2016","2,047.74","2,037.19","2,047.74","2,036.77","252.00K","0.73%"
"10/21/2016","2,033.00","2,039.40","2,040.40","2,029.79","260.40K","-0.37%"
"10/20/2016","2,040.60","2,044.12","2,048.25","2,036.54","276.00K","-0.02%"
"10/19/2016","2,040.94","2,036.18","2,050.51","2,035.90","321.90K","0.02%"
"10/18/2016","2,040.43","2,027.81","2,040.72","2,026.47","305.90K","0.63%"
"10/17/2016","2,027.61","2,028.93","2,033.56","2,011.81","333.40K","0.24%"
"10/14/2016","2,022.66","2,021.66","2,028.76","2,021.11","458.90K","0.36%"
"10/13/2016","2,015.44","2,033.99","2,035.93","2,014.89","440.30K","-0.90%"
"10/12/2016","2,033.73","2,022.97","2,037.02","2,022.39","297.40K","0.09%"
"10/11/2016","2,031.93","2,053.29","2,060.78","2,030.51","343.20K","-1.21%"
"10/10/2016","2,056.82","2,047.19","2,058.73","2,039.99","314.90K","0.15%"
"10/07/2016","2,053.80","2,065.95","2,067.49","2,051.60","422.40K","-0.56%"
"10/06/2016","2,065.30","2,069.30","2,070.43","2,055.83","337.70K","0.60%"
"10/05/2016","2,053.00","2,043.37","2,056.01","2,036.87","292.30K","-0.09%"
"10/04/2016","2,054.86","2,056.94","2,059.25","2,050.46","318.90K","0.55%"
"09/30/2016","2,043.63","2,054.25","2,056.33","2,042.77","326.40K","-1.21%"
"09/29/2016","2,068.72","2,063.74","2,072.09","2,063.74","416.20K","0.76%"
"09/28/2016","2,053.06","2,062.57","2,062.98","2,051.68","546.50K","-0.47%"
"09/27/2016","2,062.82","2,037.32","2,064.89","2,031.13","664.00K","0.77%"
"09/26/2016","2,047.11","2,052.76","2,060.71","2,042.70","359.60K","-0.34%"
"09/23/2016","2,054.07","2,053.22","2,057.35","2,048.96","494.10K","0.21%"
"09/22/2016","2,049.70","2,050.31","2,060.26","2,048.80","447.60K","0.67%"
"09/21/2016","2,035.99","2,022.81","2,035.99","2,021.78","525.10K","0.51%"
"09/20/2016","2,025.71","2,014.50","2,026.56","2,010.25","362.30K","0.49%"
"09/19/2016","2,015.78","1,997.43","2,019.45","1,997.10","434.40K","0.82%"
"09/13/2016","1,999.36","2,011.93","2,013.03","1,997.58","437.40K","0.40%"
"09/12/2016","1,991.48","2,003.67","2,011.04","1,991.47","422.90K","-2.28%"
"09/09/2016","2,037.87","2,048.94","2,049.30","2,029.46","392.70K","-1.25%"
"09/08/2016","2,063.73","2,064.96","2,070.66","2,053.20","656.70K","0.09%"
"09/07/2016","2,061.88","2,068.81","2,073.89","2,061.88","687.20K","-0.23%"
"09/06/2016","2,066.53","2,058.21","2,067.77","2,057.26","462.60K","0.31%"
"09/05/2016","2,060.08","2,049.19","2,061.00","2,047.49","573.00K","1.07%"
"09/02/2016","2,038.31","2,033.92","2,039.18","2,030.17","342.60K","0.28%"
"09/01/2016","2,032.72","2,022.96","2,032.72","2,016.47","300.50K","-0.09%"
"08/31/2016","2,034.65","2,038.58","2,041.17","2,027.24","401.00K","-0.25%"
"08/30/2016","2,039.74","2,038.60","2,049.99","2,036.76","378.60K","0.36%"
"08/29/2016","2,032.35","2,028.64","2,034.63","2,024.93","317.00K","-0.25%"
"08/26/2016","2,037.50","2,036.74","2,039.91","2,027.68","288.20K","-0.27%"
"08/25/2016","2,042.92","2,041.58","2,046.00","2,035.01","277.40K","-0.04%"
"08/24/2016","2,043.76","2,050.82","2,052.74","2,039.53","285.20K","-0.30%"
"08/23/2016","2,049.93","2,044.27","2,051.43","2,041.86","360.40K","0.38%"
"08/22/2016","2,042.16","2,054.37","2,054.71","2,040.51","343.50K","-0.68%"
"08/19/2016","2,056.24","2,057.90","2,059.30","2,049.52","392.30K","0.04%"
"08/18/2016","2,055.47","2,048.15","2,056.09","2,041.90","353.10K","0.57%"
"08/17/2016","2,043.75","2,045.37","2,048.29","2,032.53","391.70K","-0.20%"
"08/16/2016","2,047.76","2,056.00","2,063.09","2,047.73","374.90K","-0.13%"
"08/12/2016","2,050.47","2,053.82","2,060.84","2,046.15","376.50K","0.08%"
"08/11/2016","2,048.80","2,042.64","2,048.80","2,035.25","346.10K","0.20%"
"08/10/2016","2,044.64","2,043.03","2,049.36","2,039.86","331.10K","0.04%"
"08/09/2016","2,043.78","2,033.52","2,046.03","2,032.18","436.70K","0.62%"
"08/08/2016","2,031.12","2,025.55","2,031.14","2,018.81","270.50K","0.65%"
"08/05/2016","2,017.94","2,006.23","2,018.16","2,004.37","289.30K","0.90%"
"08/04/2016","2,000.03","2,006.08","2,006.48","1,994.73","326.50K","0.26%"
"08/03/2016","1,994.79","2,008.68","2,008.68","1,993.00","485.90K","-1.20%"
"08/02/2016","2,019.03","2,023.55","2,026.10","2,017.59","409.90K","-0.52%"
"08/01/2016","2,029.61","2,024.71","2,031.58","2,024.57","369.60K","0.67%"
"07/29/2016","2,016.19","2,023.24","2,028.99","2,016.19","366.40K","-0.24%"
"07/28/2016","2,021.10","2,029.07","2,029.38","2,014.36","350.90K","-0.20%"
"07/27/2016","2,025.05","2,027.07","2,030.69","2,021.15","411.70K","-0.11%"
"07/26/2016","2,027.34","2,009.40","2,027.34","2,008.25","338.60K","0.75%"
"07/25/2016","2,012.32","2,014.74","2,020.69","2,006.63","350.20K","0.10%"
"07/22/2016","2,010.34","2,005.37","2,014.44","2,002.66","321.00K","-0.09%"
"07/21/2016","2,012.22","2,019.36","2,020.55","2,007.59","391.00K","-0.16%"
"07/20/2016","2,015.46","2,013.40","2,015.47","2,003.87","316.30K","-0.07%"
"07/19/2016","2,016.89","2,022.80","2,023.22","2,010.27","380.80K","-0.21%"
"07/18/2016","2,021.11","2,018.22","2,022.11","2,012.30","380.10K","0.19%"
"07/15/2016","2,017.26","2,015.37","2,022.34","2,011.10","477.80K","0.42%"
"07/14/2016","2,008.77","2,004.12","2,009.67","1,997.94","340.20K","0.16%"
"07/13/2016","2,005.55","2,007.65","2,013.60","1,995.84","357.60K","0.72%"
"07/12/2016","1,991.23","1,991.13","1,998.03","1,986.45","432.70K","0.14%"
"07/11/2016","1,988.54","1,979.36","1,990.95","1,977.81","337.80K","1.30%"
"07/08/2016","1,963.10","1,972.28","1,979.75","1,956.91","356.50K","-0.56%"
"07/07/2016","1,974.08","1,963.30","1,976.49","1,959.83","378.80K","1.07%"
"07/06/2016","1,953.12","1,980.11","1,982.80","1,944.33","457.40K","-1.85%"
"07/05/2016","1,989.85","1,995.69","1,996.77","1,985.94","405.50K","-0.27%"
"07/04/2016","1,995.30","1,989.44","1,997.37","1,985.11","468.60K","0.40%"
"07/01/2016","1,987.32","1,977.36","1,993.98","1,975.89","448.10K","0.86%"
"06/30/2016","1,970.35","1,971.54","1,972.81","1,959.28","349.90K","0.72%"
"06/29/2016","1,956.36","1,946.31","1,966.21","1,941.90","451.20K","1.04%"
"06/28/2016","1,936.22","1,907.71","1,937.99","1,907.49","373.50K","0.49%"
"06/27/2016","1,926.85","1,901.85","1,926.87","1,900.83","394.30K","0.08%"
"06/24/2016","1,925.24","2,001.55","2,001.55","1,892.75","750.50K","-3.09%"
"06/23/2016","1,986.71","1,989.42","1,990.71","1,980.14","455.40K","-0.29%"
"06/22/2016","1,992.58","1,981.78","1,994.76","1,979.37","407.40K","0.50%"
"06/21/2016","1,982.70","1,977.80","1,983.87","1,971.99","557.40K","0.08%"
"06/20/2016","1,981.12","1,974.43","1,984.07","1,969.56","391.30K","1.42%"
"06/17/2016","1,953.40","1,966.23","1,970.54","1,949.60","485.30K","0.07%"
"06/16/2016","1,951.99","1,971.53","1,974.01","1,944.80","438.80K","-0.86%"
"06/15/2016","1,968.83","1,972.00","1,975.87","1,960.97","376.80K","-0.16%"
"06/14/2016","1,972.03","1,976.80","1,982.32","1,965.34","439.90K","-0.36%"
"06/13/2016","1,979.06","2,001.03","2,001.79","1,976.69","443.00K","-1.91%"
"06/10/2016","2,017.63","2,022.77","2,022.77","2,014.15","404.30K","-0.32%"
"06/09/2016","2,024.17","2,028.02","2,035.27","2,012.14","599.70K","-0.14%"
"06/08/2016","2,027.08","2,013.72","2,027.09","2,008.59","497.90K","0.77%"
"06/07/2016","2,011.63","1,993.08","2,011.67","1,992.77","481.30K","1.30%"
"06/03/2016","1,985.84","1,991.58","1,991.58","1,979.66","540.90K","0.04%"
"06/02/2016","1,985.11","1,983.86","1,988.00","1,978.82","474.20K","0.12%"
"06/01/2016","1,982.72","1,976.87","1,986.76","1,975.82","502.30K","-0.03%"
"05/31/2016","1,983.40","1,962.47","1,984.18","1,958.16","657.00K","0.83%"
"05/30/2016","1,967.13","1,969.72","1,970.54","1,955.49","550.50K","-0.10%"
"05/27/2016","1,969.17","1,962.33","1,971.27","1,959.75","523.50K","0.62%"
"05/26/2016","1,957.06","1,965.81","1,967.45","1,955.97","558.30K","-0.18%"
"05/25/2016","1,960.51","1,953.63","1,964.91","1,951.17","656.90K","1.18%"
"05/24/2016","1,937.68","1,951.18","1,951.39","1,937.67","517.10K","-0.90%"
"05/23/2016","1,955.25","1,954.26","1,956.77","1,940.44","399.50K","0.39%"
"05/20/2016","1,947.67","1,943.84","1,951.50","1,940.36","388.10K","0.05%"
"05/19/2016","1,946.78","1,953.91","1,954.29","1,942.48","505.90K","-0.51%"
"05/18/2016","1,956.73","1,962.78","1,964.34","1,945.56","696.30K","-0.58%"
"05/17/2016","1,968.06","1,973.86","1,975.10","1,962.57","597.60K","0.01%"
"05/16/2016","1,967.91","1,961.91","1,970.53","1,961.32","526.70K","0.05%"
"05/13/2016","1,966.99","1,979.97","1,980.45","1,962.77","509.10K","-0.53%"
"05/12/2016","1,977.49","1,973.28","1,981.49","1,970.54","462.90K","-0.13%"
"05/11/2016","1,980.10","1,989.17","1,989.17","1,970.48","398.50K","-0.12%"
"05/10/2016","1,982.50","1,965.86","1,982.50","1,964.90","369.10K","0.75%"
"05/09/2016","1,967.81","1,974.52","1,976.14","1,962.92","342.20K","-0.45%"
"05/04/2016","1,976.71","1,978.24","1,982.38","1,969.22","352.70K","-0.49%"
"05/03/2016","1,986.41","1,988.34","1,989.41","1,979.66","310.50K","0.42%"
"05/02/2016","1,978.15","1,991.84","1,991.84","1,977.03","328.20K","-0.80%"
"04/29/2016","1,994.15","1,998.68","1,999.34","1,983.30","401.10K","-0.34%"
"04/28/2016","2,000.93","2,020.83","2,022.99","1,998.60","341.10K","-0.72%"
"04/27/2016","2,015.40","2,019.31","2,019.86","2,012.75","412.80K","-0.21%"
"04/26/2016","2,019.63","2,013.26","2,021.59","2,011.85","509.30K","0.25%"
"04/25/2016","2,014.55","2,016.05","2,016.65","2,007.18","397.70K","-0.05%"
"04/22/2016","2,015.49","2,014.93","2,017.90","2,010.94","480.50K","-0.33%"
"04/21/2016","2,022.10","2,014.60","2,022.10","2,009.45","392.10K","0.81%"
"04/20/2016","2,005.83","2,017.05","2,023.77","2,005.82","424.00K","-0.27%"
"04/19/2016","2,011.36","2,015.10","2,020.29","2,007.68","401.20K","0.11%"
"04/18/2016","2,009.10","2,001.35","2,009.55","1,998.49","339.20K","-0.28%"
"04/15/2016","2,014.71","2,013.38","2,016.95","2,008.68","317.70K","-0.06%"
"04/14/2016","2,015.93","2,004.15","2,016.03","2,000.83","473.50K","1.75%"
"04/12/2016","1,981.32","1,970.50","1,981.73","1,968.50","387.30K","0.56%"
"04/11/2016","1,970.37","1,972.25","1,973.90","1,963.21","379.50K","-0.09%"
"04/08/2016","1,972.05","1,961.29","1,972.12","1,954.11","400.60K","-0.09%"
"04/07/2016","1,973.89","1,978.75","1,980.43","1,964.99","434.10K","0.13%"
"04/06/2016","1,971.32","1,963.17","1,975.09","1,961.51","358.00K","0.44%"
"04/05/2016","1,962.74","1,972.38","1,973.17","1,959.26","368.20K","-0.82%"
"04/04/2016","1,978.97","1,974.73","1,979.03","1,969.35","363.30K","0.27%"
"04/01/2016","1,973.57","1,994.77","1,994.77","1,970.17","392.30K","-1.12%"
"03/31/2016","1,995.85","2,005.72","2,007.43","1,986.74","335.10K","-0.31%"
"03/30/2016","2,002.14","2,005.24","2,009.10","1,998.51","368.30K","0.36%"
"03/29/2016","1,994.91","1,986.93","1,997.33","1,984.07","385.50K","0.62%"
"03/28/2016","1,982.54","1,984.93","1,992.46","1,981.37","410.50K","-0.06%"
"03/25/2016","1,983.81","1,991.06","1,991.06","1,981.53","463.40K","-0.11%"
"03/24/2016","1,985.97","1,988.46","1,992.76","1,981.17","341.20K","-0.46%"
"03/23/2016","1,995.12","1,996.47","2,001.67","1,989.84","367.60K","-0.08%"
"03/22/2016","1,996.81","1,993.37","1,997.76","1,986.87","383.80K","0.35%"
"03/21/2016","1,989.76","1,999.25","2,003.12","1,982.70","323.30K","-0.12%"
"03/18/2016","1,992.12","1,996.31","1,996.31","1,986.04","385.80K","0.21%"
"03/17/2016","1,987.99","1,984.69","2,000.30","1,984.33","291.60K","0.66%"
"03/16/2016","1,974.90","1,971.58","1,982.08","1,969.66","294.50K","0.25%"
"03/15/2016","1,969.97","1,975.61","1,979.46","1,966.44","264.60K","-0.12%"
"03/14/2016","1,972.27","1,985.74","1,985.90","1,970.56","357.10K","0.04%"
"03/11/2016","1,971.41","1,968.30","1,975.87","1,966.65","303.40K","0.11%"
"03/10/2016","1,969.33","1,958.87","1,976.19","1,955.67","352.30K","0.84%"
"03/09/2016","1,952.95","1,940.55","1,952.95","1,938.32","355.40K","0.35%"
"03/08/2016","1,946.12","1,958.94","1,958.94","1,935.55","358.70K","-0.60%"
"03/07/2016","1,957.87","1,961.26","1,963.43","1,955.97","344.60K","0.11%"
"03/04/2016","1,955.63","1,956.01","1,958.46","1,949.47","316.40K","-0.13%"
"03/03/2016","1,958.17","1,957.83","1,958.17","1,946.57","421.00K","0.55%"
"03/02/2016","1,947.42","1,944.27","1,949.94","1,942.24","323.40K","1.60%"
"02/29/2016","1,916.66","1,921.76","1,927.05","1,916.66","275.10K","-0.18%"
"02/26/2016","1,920.16","1,927.10","1,927.80","1,917.07","280.20K","0.08%"
"02/25/2016","1,918.57","1,919.08","1,928.49","1,906.99","305.80K","0.32%"
"02/24/2016","1,912.53","1,908.71","1,918.63","1,906.19","281.60K","-0.09%"
"02/23/2016","1,914.22","1,928.85","1,929.53","1,909.79","326.80K","-0.11%"
"02/22/2016","1,916.36","1,911.56","1,921.14","1,905.85","267.90K","0.01%"
"02/19/2016","1,916.24","1,904.50","1,916.24","1,902.24","312.20K","0.39%"
"02/18/2016","1,908.84","1,909.40","1,910.12","1,898.49","332.60K","1.32%"
"02/17/2016","1,883.94","1,889.41","1,897.37","1,881.03","344.60K","-0.23%"
"02/16/2016","1,888.30","1,870.10","1,892.15","1,868.11","388.30K","1.40%"
"02/15/2016","1,862.20","1,857.33","1,864.62","1,847.60","284.60K","1.47%"
"02/12/2016","1,835.28","1,850.67","1,857.12","1,817.97","470.50K","-1.41%"
"02/11/2016","1,861.54","1,872.68","1,877.77","1,858.90","386.40K","-2.93%"
"02/05/2016","1,917.79","1,914.55","1,921.76","1,910.31","305.80K","0.08%"
"02/04/2016","1,916.26","1,900.48","1,917.09","1,897.18","365.80K","1.35%"
"02/03/2016","1,890.67","1,893.83","1,894.72","1,882.75","408.60K","-0.84%"
"02/02/2016","1,906.60","1,914.96","1,920.02","1,906.06","412.30K","-0.95%"
"02/01/2016","1,924.82","1,919.62","1,926.11","1,912.85","440.30K","0.67%"
"01/29/2016","1,912.06","1,905.01","1,912.07","1,888.48","386.60K","0.27%"
"01/28/2016","1,906.94","1,885.38","1,907.56","1,877.78","354.30K","0.48%"
"01/27/2016","1,897.87","1,888.07","1,902.03","1,883.39","348.90K","1.40%"
"01/26/2016","1,871.69","1,881.87","1,884.13","1,862.98","298.80K","-1.15%"
"01/25/2016","1,893.43","1,890.15","1,901.22","1,882.74","315.30K","0.74%"
"01/22/2016","1,879.43","1,860.30","1,879.43","1,859.54","408.50K","2.11%"
"01/21/2016","1,840.53","1,848.10","1,860.02","1,838.04","433.70K","-0.27%"
"01/20/2016","1,845.45","1,885.36","1,885.36","1,830.06","407.30K","-2.34%"
"01/19/2016","1,889.64","1,879.80","1,889.90","1,866.76","335.30K","0.60%"
"01/18/2016","1,878.45","1,856.03","1,882.21","1,854.55","276.90K","-0.02%"
"01/15/2016","1,878.87","1,915.83","1,918.30","1,873.35","312.40K","-1.11%"
"01/14/2016","1,900.01","1,893.18","1,900.48","1,882.02","311.00K","-0.85%"
"01/13/2016","1,916.28","1,904.33","1,921.00","1,902.49","265.20K","1.34%"
"01/12/2016","1,890.86","1,907.61","1,910.59","1,888.94","295.10K","-0.21%"
"01/11/2016","1,894.84","1,897.18","1,907.43","1,892.69","328.80K","-1.19%"
"01/08/2016","1,917.62","1,889.42","1,918.25","1,883.82","430.20K","0.70%"
"01/07/2016","1,904.33","1,915.71","1,926.41","1,901.24","393.00K","-1.10%"
"01/06/2016","1,925.43","1,934.25","1,934.25","1,911.61","594.60K","-0.26%"
"01/05/2016","1,930.53","1,911.93","1,937.57","1,911.93","446.50K","0.61%"
"01/04/2016","1,918.76","1,954.47","1,954.52","1,918.76","359.00K","-2.17%"
"12/30/2015","1,961.31","1,973.03","1,974.67","1,958.78","304.50K","-0.25%"
"12/29/2015","1,966.31","1,956.49","1,968.57","1,946.21","401.40K","0.11%"
"12/28/2015","1,964.06","1,990.59","1,991.19","1,964.06","396.60K","-1.34%"
"12/24/2015","1,990.65","2,009.34","2,009.99","1,990.65","504.60K","-0.43%"
"12/23/2015","1,999.22","1,994.20","2,007.42","1,989.30","502.40K","0.33%"
"12/22/2015","1,992.56","1,984.37","1,992.72","1,971.32","577.20K","0.57%"
"12/21/2015","1,981.19","1,974.26","1,986.66","1,968.14","539.60K","0.30%"
"12/18/2015","1,975.32","1,960.32","1,981.42","1,958.12","677.70K","-0.13%"
"12/17/2015","1,977.96","1,984.06","1,987.83","1,967.64","379.60K","0.43%"
"12/16/2015","1,969.40","1,950.15","1,975.63","1,950.05","475.10K","1.88%"
"12/15/2015","1,932.97","1,935.82","1,938.04","1,925.75","434.70K","0.27%"
"12/14/2015","1,927.82","1,926.36","1,930.40","1,919.22","439.70K","-1.07%"
"12/11/2015","1,948.62","1,952.82","1,961.00","1,943.67","380.70K","-0.18%"
"12/10/2015","1,952.07","1,947.21","1,956.84","1,940.40","377.80K","0.20%"
"12/09/2015","1,948.24","1,951.39","1,956.70","1,944.78","378.10K","-0.04%"
"12/08/2015","1,949.04","1,964.22","1,971.07","1,948.43","406.20K","-0.75%"
"12/07/2015","1,963.67","1,987.62","1,988.04","1,963.66","382.10K","-0.54%"
"12/04/2015","1,974.40","1,972.16","1,983.02","1,970.48","379.50K","-0.99%"
"12/03/2015","1,994.07","2,000.20","2,000.20","1,981.59","365.90K","-0.76%"
"12/02/2015","2,009.29","2,026.08","2,026.19","2,009.29","631.30K","-0.72%"
"12/01/2015","2,023.93","2,001.51","2,026.33","2,001.51","573.30K","1.60%"
"11/30/2015","1,991.97","2,022.38","2,022.38","1,987.12","452.90K","-1.82%"
"11/27/2015","2,028.99","2,038.71","2,038.72","2,026.40","482.00K","-0.08%"
"11/26/2015","2,030.68","2,014.88","2,033.18","2,014.88","454.50K","1.06%"
"11/25/2015","2,009.42","2,018.24","2,018.93","2,007.91","391.60K","-0.34%"
"11/24/2015","2,016.29","2,004.29","2,019.95","2,003.06","417.00K","0.63%"
"11/23/2015","2,003.70","1,995.92","2,008.34","1,992.86","383.20K","0.70%"
"11/20/2015","1,989.86","1,988.96","1,993.97","1,985.93","413.70K","0.05%"
"11/19/2015","1,988.91","1,976.94","1,988.92","1,972.85","422.50K","1.33%"
"11/18/2015","1,962.88","1,967.25","1,973.16","1,961.43","541.90K","-0.04%"
"11/17/2015","1,963.58","1,967.36","1,974.08","1,959.22","417.60K","1.06%"
"11/16/2015","1,943.02","1,945.68","1,956.09","1,942.85","433.40K","-1.53%"
"11/13/2015","1,973.29","1,975.97","1,981.27","1,969.71","342.30K","-1.01%"
"11/12/2015","1,993.36","1,997.32","1,998.66","1,991.28","389.40K","-0.20%"
"11/11/2015","1,997.27","1,993.81","2,001.73","1,983.14","286.60K","0.03%"
"11/10/2015","1,996.59","2,015.45","2,015.45","1,988.54","417.50K","-1.44%"
"11/09/2015","2,025.70","2,038.59","2,038.59","2,022.52","435.40K","-0.75%"
"11/06/2015","2,041.07","2,048.17","2,055.14","2,038.46","465.00K","-0.41%"
"11/05/2015","2,049.41","2,049.30","2,050.44","2,039.93","349.10K","-0.16%"
"11/04/2015","2,052.77","2,053.51","2,056.12","2,042.38","545.10K","0.21%"
"11/03/2015","2,048.40","2,042.60","2,053.24","2,040.75","591.70K","0.65%"
"11/02/2015","2,035.24","2,033.15","2,036.05","2,028.20","366.40K","0.28%"
"10/30/2015","2,029.47","2,034.78","2,038.56","2,027.80","380.70K","-0.23%"
"10/29/2015","2,034.16","2,050.97","2,064.72","2,032.56","481.30K","-0.41%"
"10/28/2015","2,042.51","2,045.67","2,045.67","2,032.39","402.20K","-0.10%"
"10/27/2015","2,044.65","2,043.52","2,045.81","2,036.22","449.20K","-0.17%"
"10/26/2015","2,048.08","2,049.41","2,049.60","2,039.97","460.00K","0.38%"
"10/23/2015","2,040.40","2,043.67","2,054.82","2,036.92","649.00K","0.86%"
"10/22/2015","2,023.00","2,040.43","2,042.57","2,019.53","695.80K","-0.98%"
"10/21/2015","2,042.98","2,039.25","2,053.95","2,035.59","668.90K","0.18%"
"10/20/2015","2,039.36","2,031.50","2,040.24","2,026.67","958.10K","0.45%"
"10/19/2015","2,030.27","2,032.36","2,036.30","2,022.25","726.80K","0.00%"
"10/16/2015","2,030.26","2,037.98","2,038.06","2,025.19","550.80K","-0.15%"
"10/15/2015","2,033.27","2,008.29","2,035.80","2,007.46","498.90K","1.18%"
"10/14/2015","2,009.55","2,014.47","2,016.14","2,002.63","644.80K","-0.47%"
"10/13/2015","2,019.05","2,021.20","2,024.50","2,010.16","605.00K","-0.13%"
"10/12/2015","2,021.63","2,022.33","2,030.92","2,015.43","635.10K","0.10%"
"10/08/2015","2,019.53","2,016.36","2,020.19","1,998.66","701.00K","0.68%"
"10/07/2015","2,005.84","1,995.87","2,006.24","1,994.55","761.70K","0.76%"
"10/06/2015","1,990.65","1,996.29","1,998.02","1,985.17","661.60K","0.63%"
"10/05/2015","1,978.25","1,981.60","1,994.65","1,975.55","545.60K","0.44%"
"10/02/2015","1,969.68","1,979.41","1,985.57","1,969.68","1.03M","-0.49%"
"10/01/2015","1,979.32","1,963.55","1,986.01","1,958.63","679.00K","0.84%"
"09/30/2015","1,962.81","1,915.46","1,962.84","1,915.04","547.00K","1.03%"
"09/25/2015","1,942.85","1,948.30","1,951.94","1,932.49","796.60K","-0.22%"
"09/24/2015","1,947.10","1,956.94","1,958.73","1,944.31","921.30K","0.13%"
"09/23/2015","1,944.64","1,960.33","1,968.16","1,944.51","857.00K","-1.89%"
"09/22/2015","1,982.06","1,973.54","1,983.99","1,966.05","696.40K","0.88%"
"09/21/2015","1,964.68","1,973.24","1,980.80","1,960.11","376.40K","-1.57%"
"09/18/2015","1,995.95","1,978.39","1,996.47","1,964.12","523.80K","0.98%"
"09/17/2015","1,976.49","1,989.07","1,989.07","1,972.93","510.20K","0.05%"
"09/16/2015","1,975.45","1,949.49","1,978.68","1,949.15","584.80K","1.96%"
"09/15/2015","1,937.56","1,930.44","1,938.90","1,927.62","390.80K","0.32%"
"09/14/2015","1,931.46","1,947.65","1,948.02","1,921.45","362.90K","-0.51%"
"09/11/2015","1,941.37","1,942.88","1,951.26","1,939.73","503.00K","-1.06%"
"09/10/2015","1,962.11","1,918.42","1,962.11","1,915.44","460.30K","1.44%"
"09/09/2015","1,934.20","1,903.28","1,934.20","1,902.93","516.20K","2.96%"
"09/08/2015","1,878.68","1,889.14","1,894.56","1,868.48","391.90K","-0.24%"
"09/07/2015","1,883.22","1,883.36","1,895.99","1,870.59","288.20K","-0.15%"
"09/04/2015","1,886.04","1,921.81","1,923.06","1,879.94","361.10K","-1.54%"
"09/03/2015","1,915.53","1,929.78","1,931.19","1,911.17","297.30K","0.02%"
"09/02/2015","1,915.22","1,886.14","1,920.62","1,883.50","342.00K","0.05%"
"09/01/2015","1,914.23","1,934.44","1,939.67","1,914.22","324.50K","-1.40%"
"08/31/2015","1,941.49","1,934.12","1,941.49","1,925.52","350.90K","0.20%"
"08/28/2015","1,937.67","1,932.39","1,938.61","1,927.39","446.80K","1.56%"
"08/27/2015","1,908.00","1,912.42","1,920.39","1,898.98","482.70K","0.73%"
"08/26/2015","1,894.09","1,843.70","1,895.45","1,835.58","453.40K","2.57%"
"08/25/2015","1,846.63","1,840.94","1,864.30","1,806.79","451.60K","0.92%"
"08/24/2015","1,829.81","1,860.03","1,872.86","1,800.75","415.20K","-2.47%"
"08/21/2015","1,876.07","1,862.79","1,886.49","1,856.91","512.30K","-2.01%"
"08/20/2015","1,914.55","1,929.43","1,933.79","1,912.55","397.50K","-1.28%"
"08/19/2015","1,939.38","1,954.56","1,959.51","1,915.91","506.80K","-0.86%"
"08/18/2015","1,956.26","1,977.61","1,979.33","1,954.35","472.80K","-0.62%"
"08/17/2015","1,968.52","1,991.05","1,991.05","1,968.44","561.60K","-0.75%"
"08/13/2015","1,983.46","1,975.47","1,990.70","1,966.02","376.60K","0.40%"
"08/12/2015","1,975.47","1,980.04","1,989.10","1,948.91","524.30K","-0.56%"
"08/11/2015","1,986.65","2,020.15","2,021.81","1,986.46","366.40K","-0.82%"
"08/10/2015","2,003.17","2,008.44","2,008.55","1,993.96","308.30K","-0.35%"
"08/07/2015","2,010.23","2,009.39","2,012.90","2,001.13","334.60K","-0.15%"
"08/06/2015","2,013.29","2,037.26","2,038.41","2,011.60","340.50K","-0.81%"
"08/05/2015","2,029.76","2,027.22","2,035.25","2,022.98","319.20K","0.09%"
"08/04/2015","2,027.99","2,007.75","2,027.99","2,007.66","388.80K","0.97%"
"08/03/2015","2,008.49","2,026.25","2,026.25","2,005.21","358.70K","-1.07%"
"07/31/2015","2,030.16","2,026.98","2,030.16","2,004.70","448.20K","0.55%"
"07/30/2015","2,019.03","2,040.24","2,044.93","2,019.03","509.30K","-0.91%"
"07/29/2015","2,037.62","2,053.62","2,055.95","2,037.62","520.60K","-0.07%"
"07/28/2015","2,039.10","2,026.33","2,045.55","2,015.91","498.50K","0.01%"
"07/27/2015","2,038.81","2,034.82","2,048.15","2,032.44","543.20K","-0.35%"
"07/24/2015","2,045.96","2,060.66","2,060.66","2,040.30","611.90K","-0.93%"
"07/23/2015","2,065.07","2,068.93","2,069.20","2,053.52","739.80K","0.02%"
"07/22/2015","2,064.73","2,071.06","2,075.94","2,059.45","1.16M","-0.91%"
"07/21/2015","2,083.62","2,082.18","2,088.24","2,069.21","727.40K","0.50%"
"07/20/2015","2,073.31","2,077.09","2,081.43","2,068.19","870.70K","-0.17%"
"07/17/2015","2,076.79","2,101.22","2,101.22","2,068.36","819.20K","-0.53%"
"07/16/2015","2,087.89","2,073.29","2,088.33","2,071.02","697.90K","0.72%"
"07/15/2015","2,072.91","2,068.38","2,079.90","2,060.66","619.10K","0.66%"
"07/14/2015","2,059.23","2,070.44","2,070.44","2,052.21","503.10K","-0.11%"
"07/13/2015","2,061.52","2,033.25","2,063.28","2,030.21","426.30K","1.49%"
"07/10/2015","2,031.17","2,036.89","2,037.84","2,024.76","381.30K","0.17%"
"07/09/2015","2,027.81","2,000.19","2,027.81","1,983.78","408.50K","0.58%"
"07/08/2015","2,016.21","2,045.88","2,046.33","2,010.83","453.10K","-1.18%"
"07/07/2015","2,040.29","2,067.04","2,067.93","2,028.98","502.80K","-0.66%"
"07/06/2015","2,053.93","2,076.06","2,089.86","2,052.23","474.00K","-2.40%"
"07/03/2015","2,104.41","2,107.51","2,109.68","2,094.02","419.50K","-0.14%"
"07/02/2015","2,107.33","2,107.11","2,110.81","2,098.76","565.30K","0.45%"
"07/01/2015","2,097.89","2,077.27","2,100.34","2,072.54","471.60K","1.14%"
"06/30/2015","2,074.20","2,054.83","2,075.02","2,049.44","392.40K","0.67%"
"06/29/2015","2,060.49","2,056.44","2,068.85","2,054.33","503.80K","-1.42%"
"06/26/2015","2,090.26","2,083.40","2,097.01","2,080.79","492.80K","0.25%"
"06/25/2015","2,085.06","2,077.84","2,088.16","2,073.95","575.90K","-0.02%"
"06/24/2015","2,085.53","2,086.69","2,087.68","2,076.78","400.80K","0.21%"
"06/23/2015","2,081.20","2,071.30","2,086.09","2,066.21","329.80K","1.27%"
"06/22/2015","2,055.16","2,059.60","2,068.07","2,050.30","267.00K","0.40%"
"06/19/2015","2,046.96","2,056.54","2,057.71","2,044.71","400.30K","0.25%"
"06/18/2015","2,041.88","2,046.19","2,052.00","2,036.78","391.00K","0.34%"
"06/17/2015","2,034.86","2,035.48","2,037.12","2,021.50","354.70K","0.30%"
"06/16/2015","2,028.72","2,045.01","2,045.77","2,008.46","381.40K","-0.67%"
"06/15/2015","2,042.32","2,041.07","2,049.68","2,033.72","313.90K","-0.48%"
"06/12/2015","2,052.17","2,068.45","2,074.78","2,044.87","388.30K","-0.22%"
"06/11/2015","2,056.61","2,065.07","2,065.07","2,051.10","457.00K","0.26%"
"06/10/2015","2,051.32","2,079.13","2,080.03","2,049.13","427.40K","-0.62%"
"06/09/2015","2,064.03","2,063.40","2,073.75","2,057.21","421.90K","-0.06%"
"06/08/2015","2,065.19","2,068.51","2,068.51","2,056.50","393.60K","-0.14%"
"06/05/2015","2,068.10","2,062.22","2,075.02","2,060.91","394.30K","-0.23%"
"06/04/2015","2,072.86","2,070.49","2,082.60","2,062.75","400.40K","0.47%"
"06/03/2015","2,063.16","2,078.51","2,087.95","2,059.34","541.20K","-0.74%"
"06/02/2015","2,078.64","2,102.62","2,107.17","2,076.16","520.10K","-1.13%"
"06/01/2015","2,102.37","2,110.12","2,110.88","2,086.00","426.90K","-0.59%"
"05/29/2015","2,114.80","2,109.38","2,123.39","2,106.70","456.10K","0.19%"
"05/28/2015","2,110.89","2,117.77","2,123.52","2,110.89","416.10K","0.16%"
"05/27/2015","2,107.50","2,133.49","2,134.95","2,103.64","439.00K","-1.68%"
"05/26/2015","2,143.50","2,146.47","2,148.70","2,130.30","381.40K","-0.12%"
"05/22/2015","2,146.10","2,131.11","2,146.10","2,126.88","444.60K","1.10%"
"05/21/2015","2,122.81","2,139.68","2,140.60","2,121.49","398.10K","-0.78%"
"05/20/2015","2,139.54","2,128.01","2,140.24","2,125.49","452.10K","0.88%"
"05/19/2015","2,120.85","2,114.29","2,126.89","2,107.62","418.50K","0.34%"
"05/18/2015","2,113.72","2,108.15","2,113.72","2,099.48","445.20K","0.34%"
"05/15/2015","2,106.50","2,132.53","2,134.36","2,104.77","491.70K","-0.65%"
"05/14/2015","2,120.33","2,115.59","2,121.68","2,111.72","430.80K","0.29%"
"05/13/2015","2,114.16","2,100.10","2,115.36","2,100.08","377.00K","0.83%"
"05/12/2015","2,096.77","2,100.63","2,101.72","2,088.64","391.90K","-0.03%"
"05/11/2015","2,097.38","2,106.12","2,110.79","2,097.38","329.70K","0.57%"
"05/08/2015","2,085.52","2,090.19","2,094.06","2,082.72","309.50K","-0.26%"
"05/07/2015","2,091.00","2,098.48","2,099.44","2,067.99","423.20K","-0.65%"
"05/06/2015","2,104.58","2,122.03","2,123.22","2,095.60","428.10K","-1.30%"
"05/04/2015","2,132.23","2,134.51","2,139.30","2,128.72","355.60K","0.24%"
"04/30/2015","2,127.17","2,134.94","2,136.90","2,121.29","509.10K","-0.72%"
"04/29/2015","2,142.63","2,155.01","2,156.24","2,126.36","458.10K","-0.23%"
"04/28/2015","2,147.67","2,162.50","2,164.52","2,144.85","415.10K","-0.46%"
"04/27/2015","2,157.54","2,169.14","2,169.14","2,152.09","392.30K","-0.10%"
"04/24/2015","2,159.80","2,181.24","2,189.54","2,154.27","508.40K","-0.63%"
"04/23/2015","2,173.41","2,156.94","2,174.72","2,139.33","521.60K","1.38%"
"04/22/2015","2,143.89","2,146.59","2,161.23","2,125.88","769.40K","-0.04%"
"04/21/2015","2,144.79","2,153.42","2,153.84","2,140.12","561.80K","-0.09%"
"04/20/2015","2,146.71","2,126.55","2,146.73","2,126.55","509.00K","0.15%"
"04/17/2015","2,143.50","2,142.72","2,144.76","2,134.10","464.60K","0.17%"
"04/16/2015","2,139.90","2,134.14","2,139.90","2,125.54","476.40K","0.94%"
"04/15/2015","2,119.96","2,114.56","2,122.72","2,110.25","451.40K","0.39%"
"04/14/2015","2,111.72","2,101.76","2,111.73","2,095.97","648.80K","0.61%"
"04/13/2015","2,098.92","2,094.10","2,099.97","2,088.82","561.80K","0.53%"
"04/10/2015","2,087.76","2,066.32","2,089.09","2,065.39","658.40K","1.40%"
"04/09/2015","2,058.87","2,060.30","2,064.46","2,054.17","529.90K","-0.02%"
"04/08/2015","2,059.26","2,048.75","2,060.19","2,046.09","552.70K","0.60%"
"04/07/2015","2,047.03","2,059.05","2,059.09","2,043.79","436.20K","0.03%"
"04/06/2015","2,046.43","2,049.87","2,055.45","2,043.26","460.50K","0.05%"
"04/03/2015","2,045.42","2,035.83","2,045.94","2,031.27","498.60K","0.81%"
"04/02/2015","2,029.07","2,036.90","2,040.45","2,028.22","655.90K","0.03%"
"04/01/2015","2,028.45","2,035.40","2,039.04","2,024.64","542.80K","-0.62%"
"03/31/2015","2,041.03","2,042.31","2,046.90","2,032.24","555.90K","0.54%"
"03/30/2015","2,030.04","2,026.60","2,033.27","2,018.12","439.60K","0.51%"
"03/27/2015","2,019.80","2,026.75","2,027.25","2,016.88","449.00K","-0.14%"
"03/26/2015","2,022.56","2,027.20","2,036.70","2,019.51","342.30K","-0.99%"
"03/25/2015","2,042.81","2,043.16","2,046.97","2,038.14","423.40K","0.07%"
"03/24/2015","2,041.37","2,035.08","2,041.77","2,028.54","328.80K","0.23%"
"03/23/2015","2,036.59","2,043.22","2,043.92","2,032.35","314.90K","-0.03%"
"03/20/2015","2,037.24","2,037.13","2,040.00","2,027.81","351.70K","-0.03%"
"03/19/2015","2,037.89","2,047.13","2,047.13","2,031.07","468.30K","0.47%"
"03/18/2015","2,028.45","2,032.19","2,036.13","2,026.72","362.00K","-0.07%"
"03/17/2015","2,029.91","1,998.26","2,029.91","1,997.27","356.60K","2.14%"
"03/16/2015","1,987.33","1,985.59","1,991.79","1,982.26","319.20K","0.08%"
"03/13/2015","1,985.79","1,987.17","1,991.87","1,982.96","326.70K","0.77%"
"03/12/2015","1,970.59","1,979.22","1,988.77","1,970.59","384.00K","-0.52%"
"03/11/2015","1,980.83","1,971.04","1,984.60","1,969.13","399.50K","-0.20%"
"03/10/2015","1,984.77","2,000.66","2,003.19","1,982.22","433.40K","-0.40%"
"03/09/2015","1,992.82","2,004.94","2,005.81","1,990.87","296.70K","-1.00%"
"03/06/2015","2,012.94","2,003.97","2,013.73","2,003.18","393.30K","0.73%"
"03/05/2015","1,998.38","1,996.81","2,002.48","1,993.92","373.70K","0.00%"
"03/04/2015","1,998.29","2,001.76","2,003.85","1,996.50","374.50K","-0.15%"
"03/03/2015","2,001.38","2,002.50","2,003.05","1,995.93","444.90K","0.23%"
"03/02/2015","1,996.81","1,996.72","1,999.13","1,988.33","373.40K","0.55%"
"02/27/2015","1,985.80","1,992.76","1,993.34","1,982.50","424.50K","-0.37%"
"02/26/2015","1,993.08","1,993.27","1,993.43","1,983.94","385.70K","0.13%"
"02/25/2015","1,990.47","1,988.47","1,992.03","1,984.53","369.50K","0.73%"
"02/24/2015","1,976.12","1,975.65","1,980.38","1,972.61","309.50K","0.39%"
"02/23/2015","1,968.39","1,974.44","1,976.96","1,966.77","347.60K","0.35%"
"02/17/2015","1,961.45","1,955.77","1,962.97","1,952.33","304.50K","0.16%"
"02/16/2015","1,958.23","1,960.03","1,963.44","1,955.39","350.90K","0.04%"
"02/13/2015","1,957.50","1,949.32","1,957.50","1,946.94","351.10K","0.82%"
"02/12/2015","1,941.63","1,947.21","1,947.47","1,932.75","334.80K","-0.21%"
"02/11/2015","1,945.70","1,942.34","1,948.89","1,937.95","307.50K","0.51%"
"02/10/2015","1,935.86","1,949.30","1,954.20","1,935.86","329.20K","-0.57%"
"02/09/2015","1,947.00","1,949.50","1,952.86","1,944.79","310.20K","-0.44%"
"02/06/2015","1,955.52","1,955.13","1,955.52","1,945.82","309.80K","0.14%"
"02/05/2015","1,952.84","1,961.15","1,962.15","1,945.42","395.70K","-0.51%"
"02/04/2015","1,962.79","1,963.37","1,970.27","1,961.57","348.00K","0.55%"
"02/03/2015","1,951.96","1,960.11","1,960.35","1,940.74","370.00K","-0.04%"
"02/02/2015","1,952.68","1,947.91","1,956.10","1,944.58","364.80K","0.18%"
"01/30/2015","1,949.26","1,964.13","1,964.13","1,948.60","441.50K","-0.09%"
"01/29/2015","1,951.02","1,950.83","1,960.12","1,946.20","391.00K","-0.54%"
"01/28/2015","1,961.58","1,946.71","1,963.53","1,943.59","400.90K","0.47%"
"01/27/2015","1,952.40","1,941.90","1,952.41","1,940.72","467.00K","0.86%"
"01/26/2015","1,935.68","1,928.26","1,936.40","1,924.14","330.60K","-0.02%"
"01/23/2015","1,936.09","1,945.36","1,945.36","1,930.65","367.70K","0.79%"
"01/22/2015","1,920.82","1,926.01","1,932.50","1,916.56","343.10K","-0.02%"
"01/21/2015","1,921.23","1,917.33","1,921.88","1,909.86","300.80K","0.15%"
"01/20/2015","1,918.31","1,908.62","1,918.85","1,907.97","280.90K","0.82%"
"01/19/2015","1,902.62","1,902.81","1,912.42","1,900.26","281.10K","0.77%"
"01/16/2015","1,888.13","1,907.07","1,907.07","1,885.62","298.70K","-1.36%"
"01/15/2015","1,914.14","1,914.06","1,919.69","1,908.60","266.50K","0.03%"
"01/14/2015","1,913.66","1,919.31","1,925.68","1,913.51","297.50K","-0.18%"
"01/13/2015","1,917.14","1,915.03","1,920.77","1,910.27","339.00K","-0.20%"
"01/12/2015","1,920.95","1,918.18","1,924.66","1,917.88","311.90K","-0.19%"
"01/09/2015","1,924.70","1,919.80","1,929.10","1,915.85","308.80K","1.05%"
"01/08/2015","1,904.65","1,895.85","1,907.23","1,891.77","262.20K","1.11%"
"01/07/2015","1,883.83","1,878.90","1,887.60","1,876.27","280.50K","0.07%"
"01/06/2015","1,882.45","1,895.48","1,900.02","1,877.38","303.70K","-1.74%"
"01/05/2015","1,915.75","1,921.96","1,921.96","1,903.37","313.40K","-0.55%"
"01/02/2015","1,926.44","1,914.24","1,929.15","1,909.67","258.80K","0.57%"
"12/30/2014","1,915.59","1,934.51","1,937.55","1,910.78","256.40K","-0.64%"
"12/29/2014","1,927.86","1,937.27","1,941.33","1,927.83","265.80K","-1.04%"
"12/26/2014","1,948.16","1,947.60","1,954.77","1,944.22","297.00K","0.08%"
"12/24/2014","1,946.61","1,940.76","1,947.35","1,936.74","283.90K","0.39%"
"12/23/2014","1,939.02","1,942.12","1,944.75","1,936.75","300.80K","-0.21%"
"12/22/2014","1,943.12","1,938.16","1,944.20","1,928.89","324.50K","0.68%"
"12/19/2014","1,929.98","1,920.75","1,930.08","1,914.27","291.80K","1.71%"
"12/18/2014","1,897.50","1,917.67","1,919.24","1,881.73","337.30K","-0.14%"
"12/17/2014","1,900.16","1,913.28","1,913.28","1,900.16","307.30K","-0.21%"
"12/16/2014","1,904.13","1,909.01","1,919.60","1,901.13","369.40K","-0.85%"
"12/15/2014","1,920.36","1,903.12","1,920.43","1,899.61","294.40K","-0.07%"
"12/12/2014","1,921.71","1,921.61","1,926.67","1,915.00","363.50K","0.27%"
"12/11/2014","1,916.59","1,930.46","1,937.23","1,916.49","343.60K","-1.49%"
"12/10/2014","1,945.56","1,964.04","1,966.11","1,943.27","367.90K","-1.29%"
"12/09/2014","1,970.95","1,977.05","1,977.15","1,968.85","541.20K","-0.40%"
"12/08/2014","1,978.95","1,988.80","1,990.04","1,976.89","295.10K","-0.39%"
"12/05/2014","1,986.62","1,986.60","1,989.17","1,983.36","305.50K","0.00%"
"12/04/2014","1,986.61","1,976.30","1,988.56","1,976.10","244.40K","0.85%"
"12/03/2014","1,969.91","1,969.57","1,973.96","1,964.77","271.10K","0.21%"
"12/02/2014","1,965.83","1,959.40","1,965.83","1,954.40","317.90K","0.03%"
"12/01/2014","1,965.22","1,971.95","1,971.97","1,962.15","334.00K","-0.79%"
"11/28/2014","1,980.78","1,983.22","1,984.73","1,975.66","340.70K","-0.07%"
"11/27/2014","1,982.09","1,993.65","1,994.82","1,982.08","295.50K","0.06%"
"11/26/2014","1,980.84","1,984.83","1,985.43","1,972.95","253.30K","0.03%"
"11/25/2014","1,980.21","1,981.52","1,981.85","1,973.80","283.20K","0.08%"
"11/24/2014","1,978.54","1,982.48","1,985.18","1,974.37","325.40K","0.70%"
"11/21/2014","1,964.84","1,966.89","1,969.43","1,959.81","345.90K","0.35%"
"11/20/2014","1,958.04","1,960.72","1,962.69","1,952.44","339.20K","-0.45%"
"11/19/2014","1,966.87","1,974.41","1,974.41","1,959.21","279.60K","-0.01%"
"11/18/2014","1,967.01","1,951.93","1,967.01","1,951.93","251.30K","1.20%"
"11/17/2014","1,943.63","1,941.83","1,948.33","1,935.95","277.50K","-0.08%"
"11/14/2014","1,945.14","1,959.64","1,959.64","1,940.49","314.80K","-0.78%"
"11/13/2014","1,960.51","1,970.64","1,973.33","1,954.88","332.60K","-0.34%"
"11/12/2014","1,967.27","1,965.21","1,974.69","1,961.66","348.50K","0.22%"
"11/11/2014","1,963.00","1,957.87","1,965.41","1,956.23","311.40K","0.24%"
"11/10/2014","1,958.23","1,952.79","1,965.35","1,952.79","313.30K","0.95%"
"11/07/2014","1,939.87","1,935.75","1,943.26","1,932.17","255.40K","0.18%"
"11/06/2014","1,936.48","1,933.45","1,939.32","1,923.05","360.60K","0.26%"
"11/05/2014","1,931.43","1,938.61","1,944.50","1,928.99","332.30K","-0.19%"
"11/04/2014","1,935.19","1,950.15","1,956.73","1,928.52","391.70K","-0.91%"
"11/03/2014","1,952.97","1,959.66","1,961.04","1,947.83","344.50K","-0.58%"
"10/31/2014","1,964.43","1,963.26","1,967.08","1,951.07","349.40K","0.28%"
"10/30/2014","1,958.93","1,956.92","1,959.49","1,944.24","311.00K","-0.11%"
"10/29/2014","1,961.17","1,938.80","1,961.49","1,931.59","396.60K","1.84%"
"10/28/2014","1,925.68","1,935.46","1,936.28","1,924.37","414.60K","-0.33%"
"10/27/2014","1,931.97","1,933.91","1,939.25","1,929.26","408.80K","0.33%"
"10/24/2014","1,925.69","1,942.46","1,942.72","1,916.84","419.40K","-0.31%"
"10/23/2014","1,931.65","1,932.43","1,944.45","1,924.14","372.80K","-0.27%"
"10/22/2014","1,936.97","1,936.91","1,936.99","1,924.21","399.10K","1.13%"
"10/21/2014","1,915.28","1,923.62","1,923.62","1,911.03","405.90K","-0.77%"
"10/20/2014","1,930.06","1,918.84","1,933.12","1,917.54","344.70K","1.55%"
"10/17/2014","1,900.66","1,923.51","1,923.51","1,896.54","362.10K","-0.95%"
"10/16/2014","1,918.83","1,911.45","1,922.94","1,904.77","313.60K","-0.37%"
"10/15/2014","1,925.91","1,932.11","1,938.85","1,918.77","310.30K","-0.17%"
"10/14/2014","1,929.25","1,933.45","1,940.21","1,926.87","335.50K","0.11%"
"10/13/2014","1,927.21","1,919.48","1,932.37","1,918.48","308.90K","-0.71%"
"10/10/2014","1,940.92","1,953.98","1,953.98","1,931.88","342.80K","-1.24%"
"10/08/2014","1,965.25","1,957.90","1,974.27","1,957.90","266.20K","-0.39%"
"10/07/2014","1,972.91","1,979.83","1,982.96","1,966.22","328.20K","0.23%"
"10/06/2014","1,968.39","1,987.89","1,988.39","1,968.30","325.10K","-0.39%"
"10/02/2014","1,976.16","1,984.43","1,985.06","1,966.17","322.70K","-0.77%"
"10/01/2014","1,991.54","2,013.47","2,013.47","1,989.84","351.60K","-1.41%"
"09/30/2014","2,020.09","2,023.18","2,029.17","2,007.30","322.80K","-0.32%"
"09/29/2014","2,026.60","2,035.93","2,036.44","2,021.37","339.60K","-0.25%"
"09/26/2014","2,031.64","2,019.17","2,031.65","2,018.70","313.50K","-0.12%"
"09/25/2014","2,034.11","2,045.66","2,046.26","2,030.09","325.40K","-0.08%"
"09/24/2014","2,035.64","2,024.75","2,036.26","2,019.91","332.60K","0.33%"
"09/23/2014","2,028.91","2,028.90","2,036.25","2,025.16","427.80K","-0.51%"
"09/22/2014","2,039.27","2,053.30","2,053.30","2,032.36","323.90K","-0.71%"
"09/19/2014","2,053.82","2,057.56","2,062.37","2,053.66","397.70K","0.30%"
"09/18/2014","2,047.74","2,058.21","2,063.26","2,044.17","394.30K","-0.72%"
"09/17/2014","2,062.61","2,052.06","2,062.62","2,051.11","351.70K","0.96%"
"09/16/2014","2,042.92","2,039.92","2,045.65","2,036.23","365.70K","0.35%"
"09/15/2014","2,035.82","2,039.03","2,040.08","2,028.80","297.60K","-0.30%"
"09/12/2014","2,041.86","2,042.51","2,048.21","2,037.37","362.70K","0.38%"
"09/11/2014","2,034.16","2,046.97","2,052.16","2,034.13","333.40K","-0.74%"
"09/05/2014","2,049.41","2,053.18","2,059.04","2,044.68","343.40K","-0.33%"
"09/04/2014","2,056.26","2,059.05","2,065.27","2,050.79","376.40K","0.25%"
"09/03/2014","2,051.20","2,050.09","2,054.08","2,040.44","338.00K","-0.02%"
"09/02/2014","2,051.58","2,065.97","2,066.00","2,049.15","323.10K","-0.79%"
"09/01/2014","2,067.86","2,067.80","2,072.59","2,062.30","272.50K","-0.03%"
"08/29/2014","2,068.54","2,070.73","2,073.03","2,060.14","301.40K","-0.35%"
"08/28/2014","2,075.76","2,083.03","2,088.86","2,072.14","305.90K","0.04%"
"08/27/2014","2,074.93","2,075.45","2,081.83","2,070.77","337.60K","0.33%"
"08/26/2014","2,068.05","2,069.07","2,072.42","2,065.15","288.90K","0.35%"
"08/25/2014","2,060.89","2,049.16","2,062.23","2,044.20","272.00K","0.20%"
"08/22/2014","2,056.70","2,048.24","2,058.46","2,046.54","277.90K","0.61%"
"08/21/2014","2,044.21","2,067.63","2,068.22","2,041.91","307.80K","-1.38%"
"08/20/2014","2,072.78","2,080.77","2,082.21","2,063.61","315.40K","0.08%"
"08/19/2014","2,071.14","2,065.19","2,074.43","2,064.34","327.10K","0.88%"
"08/18/2014","2,053.13","2,070.95","2,073.05","2,053.13","300.40K","-0.49%"
"08/14/2014","2,063.22","2,065.69","2,073.42","2,056.06","270.80K","0.04%"
"08/13/2014","2,062.36","2,046.68","2,062.36","2,043.11","280.70K","1.02%"
"08/12/2014","2,041.47","2,048.39","2,055.85","2,038.14","312.80K","0.10%"
"08/11/2014","2,039.37","2,048.18","2,048.18","2,037.80","285.80K","0.41%"
"08/08/2014","2,031.10","2,049.51","2,051.06","2,026.56","354.80K","-1.14%"
"08/07/2014","2,054.51","2,062.24","2,063.53","2,047.75","292.90K","-0.30%"
"08/06/2014","2,060.73","2,062.93","2,068.08","2,055.68","377.30K","-0.27%"
"08/05/2014","2,066.26","2,076.17","2,077.73","2,058.92","346.80K","-0.68%"
"08/04/2014","2,080.42","2,080.77","2,083.05","2,067.17","253.20K","0.35%"
"08/01/2014","2,073.10","2,063.71","2,079.81","2,062.54","272.00K","-0.15%"
"07/31/2014","2,076.12","2,081.75","2,090.57","2,070.78","383.70K","-0.31%"
"07/30/2014","2,082.61","2,064.47","2,093.08","2,062.88","343.30K","1.00%"
"07/29/2014","2,061.97","2,054.03","2,065.96","2,053.41","408.80K","0.64%"
"07/28/2014","2,048.81","2,035.96","2,053.84","2,035.96","349.00K","0.74%"
"07/25/2014","2,033.85","2,030.04","2,036.20","2,027.33","282.80K","0.36%"
"07/24/2014","2,026.62","2,032.94","2,034.72","2,021.22","323.60K","-0.08%"
"07/23/2014","2,028.32","2,032.73","2,035.24","2,025.00","353.50K","-0.03%"
"07/22/2014","2,028.93","2,021.18","2,028.93","2,017.76","265.90K","0.52%"
"07/21/2014","2,018.50","2,028.02","2,030.61","2,016.42","274.60K","-0.05%"
"07/18/2014","2,019.42","2,007.12","2,019.42","2,006.01","304.50K","-0.07%"
"07/17/2014","2,020.90","2,020.52","2,025.41","2,018.77","322.70K","0.37%"
"07/16/2014","2,013.48","2,015.67","2,018.05","2,008.99","315.20K","0.04%"
"07/15/2014","2,012.72","2,004.93","2,015.54","2,004.49","361.20K","0.94%"
"07/14/2014","1,993.88","1,998.26","2,001.11","1,993.57","270.40K","0.26%"
"07/11/2014","1,988.74","1,988.93","1,993.46","1,985.53","277.00K","-0.70%"
"07/10/2014","2,002.84","2,004.63","2,006.50","1,999.96","327.60K","0.12%"
"07/09/2014","2,000.50","1,997.57","2,000.89","1,992.42","272.70K","-0.31%"
"07/08/2014","2,006.66","2,003.55","2,009.22","1,997.87","259.40K","0.08%"
"07/07/2014","2,005.12","2,007.53","2,009.32","1,998.03","228.30K","-0.23%"
"07/04/2014","2,009.66","2,018.35","2,018.35","2,005.84","241.50K","-0.07%"
"07/03/2014","2,010.97","2,015.99","2,015.99","2,007.86","259.90K","-0.21%"
"07/02/2014","2,015.28","2,008.00","2,016.36","2,002.40","318.40K","0.81%"
"07/01/2014","1,999.00","1,993.29","1,999.00","1,987.89","238.90K","-0.16%"
"06/30/2014","2,002.21","1,996.13","2,002.21","1,992.65","201.10K","0.69%"
"06/27/2014","1,988.51","1,990.90","1,997.01","1,983.88","218.80K","-0.33%"
"06/26/2014","1,995.05","1,983.00","1,997.08","1,982.48","273.50K","0.67%"
"06/25/2014","1,981.77","1,992.69","1,993.60","1,980.78","336.70K","-0.63%"
"06/24/2014","1,994.35","1,976.24","1,998.31","1,976.24","250.60K","0.98%"
"06/23/2014","1,974.92","1,975.10","1,980.31","1,971.61","231.70K","0.35%"
"06/20/2014","1,968.07","1,990.71","1,990.73","1,965.12","232.70K","-1.20%"
"06/19/2014","1,992.03","1,994.23","1,999.11","1,985.89","257.90K","0.13%"
"06/18/2014","1,989.49","2,002.26","2,002.26","1,987.03","216.90K","-0.60%"
"06/17/2014","2,001.55","1,994.89","2,002.96","1,991.53","236.60K","0.40%"
"06/16/2014","1,993.59","1,986.86","1,995.86","1,985.30","233.60K","0.14%"
"06/13/2014","1,990.85","2,005.55","2,005.55","1,984.04","223.10K","-1.03%"
"06/12/2014","2,011.65","2,013.60","2,015.80","2,003.57","251.90K","-0.15%"
"06/11/2014","2,014.67","2,009.51","2,016.78","2,006.73","238.00K","0.14%"
"06/10/2014","2,011.80","2,000.89","2,011.87","1,996.21","234.90K","1.09%"
"06/09/2014","1,990.04","2,004.73","2,008.86","1,986.53","209.60K","-0.27%"
"06/05/2014","1,995.48","2,007.20","2,007.20","1,986.95","222.10K","-0.65%"
"06/03/2014","2,008.56","2,006.31","2,008.56","1,990.72","266.70K","0.33%"
"06/02/2014","2,002.00","1,998.81","2,006.93","1,995.69","265.60K","0.35%"
"05/30/2014","1,994.96","2,015.37","2,019.17","1,994.96","247.30K","-0.86%"
"05/29/2014","2,012.26","2,020.67","2,021.96","2,009.23","228.50K","-0.24%"
"05/28/2014","2,017.06","2,000.26","2,017.06","1,997.89","210.70K","0.97%"
"05/27/2014","1,997.63","2,014.87","2,016.73","1,988.44","221.80K","-0.63%"
"05/26/2014","2,010.35","2,016.21","2,020.96","2,008.14","196.60K","-0.34%"
"05/23/2014","2,017.17","2,013.09","2,017.96","2,011.76","241.80K","0.08%"
"05/22/2014","2,015.59","2,015.41","2,022.59","2,011.60","231.10K","0.36%"
"05/21/2014","2,008.33","2,003.48","2,015.63","2,001.74","224.10K","-0.15%"
"05/20/2014","2,011.26","2,011.85","2,014.46","2,004.32","248.30K","-0.19%"
"05/19/2014","2,015.14","2,013.79","2,015.53","2,002.89","265.60K","0.08%"
"05/16/2014","2,013.44","2,003.48","2,013.44","1,997.27","232.50K","0.16%"
"05/15/2014","2,010.20","2,007.88","2,015.37","2,006.38","259.40K","-0.03%"
"05/14/2014","2,010.83","1,990.99","2,010.85","1,990.79","233.90K","1.41%"
"05/13/2014","1,982.93","1,973.08","1,988.41","1,969.60","242.20K","0.92%"
"05/12/2014","1,964.94","1,956.26","1,966.64","1,950.91","201.60K","0.43%"
"05/09/2014","1,956.55","1,953.48","1,958.34","1,949.64","205.20K","0.31%"
"05/08/2014","1,950.60","1,945.94","1,950.60","1,934.72","222.40K","0.55%"
"05/07/2014","1,939.88","1,964.19","1,964.19","1,939.55","193.00K","-1.00%"
"05/02/2014","1,959.44","1,966.29","1,968.50","1,956.32","179.50K","-0.12%"
"04/30/2014","1,961.79","1,973.56","1,974.33","1,955.15","227.30K","-0.15%"
"04/29/2014","1,964.77","1,974.67","1,976.17","1,960.36","177.60K","-0.23%"
"04/28/2014","1,969.26","1,969.04","1,976.56","1,969.04","168.80K","-0.12%"
"04/25/2014","1,971.66","1,996.61","1,996.64","1,971.66","208.40K","-1.34%"
"04/24/2014","1,998.34","2,006.38","2,007.17","1,993.18","235.10K","-0.10%"
"04/23/2014","2,000.37","2,010.06","2,013.09","1,999.78","241.70K","-0.19%"
"04/22/2014","2,004.22","2,000.94","2,004.42","1,991.47","212.00K","0.25%"
"04/21/2014","1,999.22","2,006.21","2,006.95","1,993.53","205.60K","-0.25%"
"04/18/2014","2,004.28","1,998.52","2,005.22","1,998.26","206.50K","0.61%"
"04/17/2014","1,992.05","2,000.47","2,001.29","1,984.98","200.20K","-0.01%"
"04/16/2014","1,992.21","1,994.31","1,995.86","1,986.25","230.70K","-0.00%"
"04/15/2014","1,992.27","2,008.49","2,009.04","1,990.34","194.50K","-0.24%"
"04/14/2014","1,997.02","1,993.81","2,001.00","1,993.07","205.70K","-0.02%"
"04/11/2014","1,997.44","1,985.28","1,997.44","1,985.16","218.10K","-0.56%"
"04/10/2014","2,008.61","2,007.71","2,008.98","1,995.79","232.40K","0.48%"
"04/09/2014","1,998.95","1,997.98","2,001.15","1,992.12","233.70K","0.30%"
"04/08/2014","1,993.03","1,977.61","1,994.58","1,977.61","218.10K","0.17%"
"04/07/2014","1,989.70","1,984.29","1,992.18","1,978.63","186.40K","0.08%"
"04/04/2014","1,988.09","1,987.84","1,993.96","1,985.76","225.60K","-0.28%"
"04/03/2014","1,993.70","1,999.42","2,007.88","1,992.16","225.70K","-0.18%"
"04/02/2014","1,997.25","2,000.13","2,001.26","1,995.08","220.90K","0.26%"
"04/01/2014","1,991.98","1,983.78","1,991.98","1,976.06","214.60K","0.32%"
"03/31/2014","1,985.61","1,988.73","1,989.80","1,973.05","241.00K","0.23%"
"03/28/2014","1,981.00","1,972.63","1,985.50","1,971.25","244.60K","0.15%"
"03/27/2014","1,977.97","1,963.66","1,979.70","1,963.10","218.10K","0.70%"
"03/26/2014","1,964.31","1,954.60","1,965.44","1,953.69","248.90K","1.19%"
"03/25/2014","1,941.25","1,940.90","1,946.09","1,936.62","225.20K","-0.22%"
"03/24/2014","1,945.55","1,937.06","1,950.54","1,937.06","228.30K","0.55%"
"03/21/2014","1,934.94","1,930.24","1,935.18","1,927.85","252.90K","0.80%"
"03/20/2014","1,919.52","1,934.15","1,934.63","1,919.37","220.60K","-0.94%"
"03/19/2014","1,937.68","1,947.34","1,948.15","1,935.27","249.10K","-0.13%"
"03/18/2014","1,940.21","1,941.12","1,946.14","1,931.83","274.30K","0.66%"
"03/17/2014","1,927.53","1,921.15","1,928.43","1,919.61","214.90K","0.40%"
"03/14/2014","1,919.90","1,916.07","1,927.89","1,913.64","254.00K","-0.75%"
"03/13/2014","1,934.38","1,940.35","1,946.28","1,931.75","259.60K","0.10%"
"03/12/2014","1,932.54","1,957.67","1,958.09","1,930.48","329.90K","-1.60%"
"03/11/2014","1,963.87","1,957.22","1,963.87","1,951.20","247.50K","0.48%"
"03/10/2014","1,954.42","1,967.63","1,967.66","1,951.96","214.90K","-1.03%"
"03/07/2014","1,974.68","1,979.70","1,983.53","1,968.66","231.60K","-0.05%"
"03/06/2014","1,975.62","1,973.67","1,975.62","1,968.17","193.70K","0.22%"
"03/05/2014","1,971.24","1,973.28","1,977.30","1,970.28","197.70K","0.88%"
"03/04/2014","1,954.11","1,954.58","1,963.56","1,952.61","200.40K","-0.54%"
"03/03/2014","1,964.69","1,967.90","1,969.16","1,955.11","222.60K","-0.77%"
"02/28/2014","1,979.99","1,976.48","1,981.15","1,972.65","252.80K","0.08%"
"02/27/2014","1,978.43","1,969.85","1,980.37","1,965.70","201.10K","0.39%"
"02/26/2014","1,970.77","1,963.45","1,973.88","1,955.92","209.10K","0.30%"
"02/25/2014","1,964.86","1,958.30","1,964.86","1,955.70","226.00K","0.81%"
"02/24/2014","1,949.05","1,958.06","1,961.41","1,943.86","193.80K","-0.45%"
"02/21/2014","1,957.83","1,948.03","1,957.83","1,946.68","216.30K","1.41%"
"02/20/2014","1,930.57","1,932.90","1,941.13","1,927.53","232.30K","-0.64%"
"02/19/2014","1,942.93","1,944.70","1,944.70","1,932.44","213.60K","-0.20%"
"02/18/2014","1,946.91","1,946.88","1,951.06","1,935.60","200.40K","0.03%"
"02/17/2014","1,946.36","1,951.74","1,955.04","1,942.94","215.50K","0.31%"
"02/14/2014","1,940.28","1,930.14","1,946.81","1,930.14","216.60K","0.69%"
"02/13/2014","1,926.96","1,936.62","1,944.73","1,924.39","187.90K","-0.46%"
"02/12/2014","1,935.84","1,942.23","1,942.23","1,933.54","225.40K","0.20%"
"02/11/2014","1,932.06","1,924.45","1,935.29","1,920.55","226.40K","0.46%"
"02/10/2014","1,923.30","1,928.13","1,928.39","1,916.40","208.00K","0.04%"
"02/07/2014","1,922.50","1,922.45","1,923.25","1,910.90","273.00K","0.77%"
"02/06/2014","1,907.89","1,897.35","1,910.91","1,897.35","259.40K","0.88%"
"02/05/2014","1,891.32","1,897.95","1,901.40","1,888.47","244.00K","0.24%"
"02/04/2014","1,886.85","1,894.96","1,898.08","1,885.53","251.00K","-1.72%"
"02/03/2014","1,919.96","1,930.09","1,931.81","1,917.64","229.60K","-1.09%"
"01/29/2014","1,941.15","1,925.93","1,941.71","1,925.52","219.90K","1.26%"
"01/28/2014","1,916.93","1,907.18","1,919.26","1,904.05","270.50K","0.34%"
"01/27/2014","1,910.34","1,905.91","1,918.68","1,899.76","340.40K","-1.56%"
"01/24/2014","1,940.56","1,941.55","1,947.01","1,924.49","279.20K","-0.36%"
"01/23/2014","1,947.59","1,968.77","1,969.04","1,947.01","229.40K","-1.16%"
"01/22/2014","1,970.42","1,960.46","1,970.42","1,959.57","243.90K","0.33%"
"01/21/2014","1,963.89","1,955.26","1,965.43","1,949.56","289.30K","0.52%"
"01/20/2014","1,953.78","1,945.99","1,955.28","1,934.38","279.50K","0.48%"
"01/17/2014","1,944.48","1,958.50","1,962.64","1,943.13","260.90K","-0.66%"
"01/16/2014","1,957.32","1,957.91","1,965.27","1,955.79","379.60K","0.21%"
"01/15/2014","1,953.28","1,956.43","1,956.84","1,945.87","250.90K","0.37%"
"01/14/2014","1,946.07","1,942.79","1,961.73","1,939.31","244.10K","-0.15%"
"01/13/2014","1,948.92","1,947.38","1,954.07","1,942.83","267.90K","0.54%"
"01/10/2014","1,938.54","1,949.53","1,956.97","1,931.16","263.00K","-0.39%"
"01/09/2014","1,946.11","1,962.30","1,964.59","1,946.11","276.40K","-0.66%"
"01/08/2014","1,958.96","1,965.50","1,966.95","1,950.02","217.10K","-0.02%"
"01/07/2014","1,959.44","1,947.65","1,965.74","1,947.08","193.00K","0.32%"
"01/06/2014","1,953.28","1,947.62","1,961.85","1,943.74","193.60K","0.37%"
"01/03/2014","1,946.14","1,963.72","1,964.63","1,936.15","188.50K","-1.07%"
"01/02/2014","1,967.19","2,013.11","2,013.89","1,967.19","207.80K","-2.20%"
"12/30/2013","2,011.34","2,004.32","2,011.34","1,998.61","172.20K","0.45%"
"12/27/2013","2,002.28","1,994.05","2,004.55","1,987.58","207.80K","0.15%"
"12/26/2013","1,999.30","2,004.25","2,009.96","1,997.34","230.50K","-0.11%"
"12/24/2013","2,001.59","2,000.24","2,007.34","1,994.34","214.70K","0.24%"
"12/23/2013","1,996.89","1,993.45","2,000.07","1,989.00","223.00K","0.68%"
"12/20/2013","1,983.35","1,973.12","1,984.44","1,972.59","247.10K","0.39%"
"12/19/2013","1,975.65","1,996.79","1,997.02","1,969.95","255.80K","0.05%"
"12/18/2013","1,974.63","1,971.85","1,982.42","1,966.18","258.70K","0.45%"
"12/17/2013","1,965.74","1,977.94","1,979.62","1,962.22","253.90K","0.23%"
"12/16/2013","1,961.15","1,960.60","1,970.25","1,956.63","213.50K","-0.09%"
"12/13/2013","1,962.91","1,963.04","1,963.81","1,947.44","234.10K","-0.26%"
"12/12/2013","1,967.93","1,966.44","1,970.51","1,958.99","255.10K","-0.51%"
"12/11/2013","1,977.97","1,987.22","2,000.15","1,972.87","231.40K","-0.78%"
"12/10/2013","1,993.45","2,000.03","2,001.33","1,989.41","201.00K","-0.35%"
"12/09/2013","2,000.38","2,000.52","2,003.97","1,997.58","230.30K","1.01%"
"12/06/2013","1,980.41","1,982.99","1,990.55","1,980.40","201.90K","-0.22%"
"12/05/2013","1,984.77","1,993.73","1,994.32","1,971.44","217.70K","-0.10%"
"12/04/2013","1,986.80","1,998.69","2,006.71","1,986.80","230.30K","-1.12%"
"12/03/2013","2,009.36","2,023.62","2,028.07","2,008.55","294.90K","-1.05%"
"12/02/2013","2,030.78","2,050.45","2,052.88","2,029.10","229.70K","-0.69%"
"11/29/2013","2,044.87","2,044.85","2,050.70","2,038.46","245.40K","-0.04%"
"11/28/2013","2,045.77","2,039.73","2,047.66","2,037.73","276.30K","0.84%"
"11/27/2013","2,028.81","2,016.28","2,028.81","2,010.84","284.10K","0.31%"
"11/26/2013","2,022.64","2,008.19","2,022.66","1,998.90","275.30K","0.33%"
"11/25/2013","2,015.98","2,020.00","2,031.11","2,015.98","295.50K","0.49%"
"11/22/2013","2,006.23","2,002.15","2,011.20","1,992.48","351.00K","0.62%"
"11/21/2013","1,993.78","2,013.71","2,013.71","1,985.65","292.70K","-1.16%"
"11/20/2013","2,017.24","2,028.34","2,029.61","2,010.74","334.80K","-0.71%"
"11/19/2013","2,031.64","2,009.95","2,033.91","2,009.47","402.80K","1.04%"
"11/18/2013","2,010.81","2,014.24","2,018.17","2,009.76","314.00K","0.26%"
"11/15/2013","2,005.64","1,980.99","2,006.31","1,980.99","264.70K","1.94%"
"11/14/2013","1,967.56","1,980.20","1,981.89","1,963.42","323.10K","0.20%"
"11/13/2013","1,963.56","1,993.16","1,993.16","1,963.56","251.50K","-1.60%"
"11/12/2013","1,995.48","1,983.94","2,000.41","1,983.89","247.40K","0.92%"
"11/11/2013","1,977.30","1,995.86","1,995.86","1,973.05","286.20K","-0.38%"
"11/08/2013","1,984.87","1,987.21","1,998.59","1,984.86","287.30K","-0.96%"
"11/07/2013","2,004.04","2,014.85","2,017.55","2,000.60","310.90K","-0.48%"
"11/06/2013","2,013.67","2,015.32","2,023.52","2,011.41","273.70K","-0.01%"
"11/05/2013","2,013.93","2,027.62","2,029.60","2,010.20","257.80K","-0.56%"
"11/04/2013","2,025.17","2,035.08","2,035.84","2,022.91","235.20K","-0.70%"
"11/01/2013","2,039.42","2,037.25","2,041.23","2,030.57","294.20K","0.46%"
"10/31/2013","2,030.09","2,050.96","2,055.59","2,030.09","254.50K","-1.43%"
"10/30/2013","2,059.58","2,055.00","2,059.58","2,043.93","263.40K","0.38%"
"10/29/2013","2,051.76","2,046.67","2,053.78","2,039.46","307.70K","0.18%"
"10/28/2013","2,048.14","2,037.28","2,048.14","2,030.90","257.50K","0.68%"
"10/25/2013","2,034.39","2,047.46","2,047.46","2,023.82","234.80K","-0.60%"
"10/24/2013","2,046.69","2,034.96","2,046.69","2,027.93","254.90K","0.54%"
"10/23/2013","2,035.75","2,062.81","2,063.28","2,035.75","368.00K","-0.99%"
"10/22/2013","2,056.12","2,051.01","2,056.12","2,045.45","378.80K","0.15%"
"10/21/2013","2,053.01","2,054.16","2,060.18","2,047.83","281.90K","0.03%"
"10/18/2013","2,052.40","2,046.56","2,052.40","2,041.36","257.60K","0.58%"
"10/17/2013","2,040.61","2,051.19","2,052.44","2,035.96","306.90K","0.29%"
"10/16/2013","2,034.61","2,040.03","2,049.50","2,033.75","267.50K","-0.31%"
"10/15/2013","2,040.96","2,034.69","2,045.50","2,033.84","233.60K","1.02%"
"10/14/2013","2,020.27","2,026.07","2,026.79","2,019.65","220.70K","-0.23%"
"10/11/2013","2,024.90","2,018.01","2,028.11","2,012.66","254.30K","1.17%"
"10/10/2013","2,001.40","2,000.91","2,010.00","1,997.66","222.70K","-0.07%"
"10/08/2013","2,002.76","1,987.97","2,002.78","1,981.21","329.60K","0.42%"
"10/07/2013","1,994.42","1,997.17","2,002.61","1,991.02","249.80K","-0.13%"
"10/04/2013","1,996.98","1,999.92","2,004.65","1,985.63","241.10K","-0.12%"
"10/02/2013","1,999.47","2,012.07","2,012.82","1,999.02","238.30K","0.03%"
"10/01/2013","1,998.87","1,997.62","2,012.52","1,991.22","281.30K","0.10%"
"09/30/2013","1,996.96","2,002.02","2,005.41","1,994.22","292.80K","-0.74%"
"09/27/2013","2,011.80","2,012.26","2,016.34","2,008.25","282.30K","0.22%"
"09/26/2013","2,007.32","1,992.10","2,007.32","1,991.10","255.60K","0.46%"
"09/25/2013","1,998.06","2,004.53","2,006.88","1,988.87","294.80K","-0.45%"
"09/24/2013","2,007.10","2,001.51","2,011.11","1,990.36","309.40K","-0.11%"
"09/23/2013","2,009.41","2,000.72","2,015.18","1,994.77","249.50K","0.19%"
"09/17/2013","2,005.58","2,009.31","2,009.31","1,994.31","264.70K","-0.39%"
"09/16/2013","2,013.37","2,011.69","2,018.02","2,004.45","248.50K","0.96%"
"09/13/2013","1,994.32","1,994.95","2,004.87","1,992.26","253.90K","-0.49%"
"09/12/2013","2,004.06","2,004.67","2,017.48","1,995.16","359.30K","0.01%"
"09/11/2013","2,003.85","1,995.96","2,003.85","1,987.40","299.40K","0.49%"
"09/10/2013","1,994.06","1,978.08","1,994.06","1,974.59","264.30K","0.98%"
"09/09/2013","1,974.67","1,964.09","1,974.67","1,962.62","270.70K","0.99%"
"09/06/2013","1,955.31","1,954.11","1,962.15","1,949.01","325.00K","0.19%"
"09/05/2013","1,951.65","1,943.66","1,954.21","1,937.82","286.70K","0.96%"
"09/04/2013","1,933.03","1,929.60","1,938.26","1,921.93","284.20K","-0.04%"
"09/03/2013","1,933.74","1,934.24","1,940.99","1,928.09","300.10K","0.46%"
"09/02/2013","1,924.81","1,925.32","1,932.46","1,921.01","244.00K","-0.08%"
"08/30/2013","1,926.36","1,918.91","1,926.37","1,910.37","300.90K","0.99%"
"08/29/2013","1,907.54","1,892.03","1,914.90","1,891.59","301.70K","1.22%"
"08/28/2013","1,884.52","1,862.51","1,885.35","1,861.56","378.30K","-0.07%"
"08/27/2013","1,885.84","1,883.71","1,896.63","1,881.44","409.30K","-0.11%"
"08/26/2013","1,887.86","1,876.59","1,890.38","1,876.59","316.30K","0.95%"
"08/23/2013","1,870.16","1,861.58","1,876.14","1,854.67","375.00K","1.14%"
"08/22/2013","1,849.12","1,847.94","1,858.50","1,838.52","425.90K","-0.98%"
"08/21/2013","1,867.46","1,891.01","1,894.74","1,863.60","411.20K","-1.08%"
"08/20/2013","1,887.85","1,910.30","1,923.42","1,885.93","350.40K","-1.55%"
"08/19/2013","1,917.64","1,917.32","1,918.71","1,909.80","302.10K","-0.13%"
"08/16/2013","1,920.11","1,903.72","1,927.59","1,901.70","348.50K","-0.20%"
"08/14/2013","1,923.91","1,912.59","1,925.10","1,908.92","363.30K","0.57%"
"08/13/2013","1,913.03","1,893.42","1,913.03","1,890.78","362.60K","1.50%"
"08/12/2013","1,884.83","1,878.50","1,894.42","1,878.33","297.50K","0.22%"
"08/09/2013","1,880.71","1,884.57","1,888.79","1,876.07","283.50K","-0.17%"
"08/08/2013","1,883.97","1,884.58","1,896.07","1,879.13","338.20K","0.30%"
"08/07/2013","1,878.33","1,892.47","1,895.50","1,878.33","312.40K","-1.48%"
"08/06/2013","1,906.62","1,914.06","1,914.06","1,895.87","294.60K","-0.50%"
"08/05/2013","1,916.22","1,920.83","1,925.60","1,915.69","234.00K","-0.37%"
"08/02/2013","1,923.38","1,936.26","1,939.28","1,920.98","298.20K","0.14%"
"08/01/2013","1,920.74","1,916.56","1,925.32","1,906.74","336.10K","0.35%"
"07/31/2013","1,914.03","1,915.47","1,920.60","1,910.82","384.10K","-0.16%"
"07/30/2013","1,917.05","1,901.88","1,917.11","1,900.54","366.90K","0.90%"
"07/29/2013","1,899.89","1,908.66","1,912.57","1,899.02","337.60K","-0.57%"
"07/26/2013","1,910.81","1,912.05","1,915.97","1,902.47","320.20K","0.06%"
"07/25/2013","1,909.61","1,906.57","1,913.91","1,904.44","312.00K","-0.13%"
"07/24/2013","1,912.08","1,904.07","1,914.41","1,901.15","322.20K","0.42%"
"07/23/2013","1,904.15","1,890.55","1,904.15","1,885.57","352.40K","1.27%"
"07/22/2013","1,880.35","1,880.81","1,894.41","1,873.17","356.90K","0.48%"
"07/19/2013","1,871.41","1,880.44","1,881.40","1,861.43","319.60K","-0.22%"
"07/18/2013","1,875.48","1,883.07","1,885.01","1,870.78","380.30K","-0.64%"
"07/17/2013","1,887.49","1,871.29","1,894.70","1,856.55","382.90K","1.13%"
"07/16/2013","1,866.36","1,875.53","1,875.68","1,860.37","303.30K","-0.47%"
"07/15/2013","1,875.16","1,870.26","1,877.46","1,847.82","330.00K","0.28%"
"07/12/2013","1,869.98","1,873.66","1,873.66","1,863.40","266.00K","-0.41%"
"07/11/2013","1,877.60","1,840.34","1,877.60","1,840.34","331.50K","2.93%"
"07/10/2013","1,824.16","1,835.94","1,836.91","1,818.94","267.90K","-0.34%"
"07/09/2013","1,830.35","1,828.63","1,831.35","1,815.03","257.90K","0.74%"
"07/08/2013","1,816.85","1,830.81","1,840.57","1,809.72","303.60K","-0.90%"
"07/05/2013","1,833.31","1,848.97","1,857.39","1,828.75","285.60K","-0.32%"
"07/04/2013","1,839.14","1,830.49","1,840.38","1,825.62","313.00K","0.79%"
"07/03/2013","1,824.66","1,854.29","1,860.46","1,823.10","405.80K","-1.64%"
"07/02/2013","1,855.02","1,861.26","1,867.18","1,850.29","483.20K","-0.04%"
"07/01/2013","1,855.73","1,851.57","1,866.63","1,850.03","220.90K","-0.41%"
"06/28/2013","1,863.32","1,844.60","1,864.09","1,844.60","251.10K","1.56%"
"06/27/2013","1,834.70","1,809.55","1,839.52","1,809.40","286.30K","2.87%"
"06/26/2013","1,783.45","1,799.74","1,799.74","1,772.49","296.90K","0.16%"
"06/25/2013","1,780.63","1,790.33","1,807.62","1,770.53","332.20K","-1.02%"
"06/24/2013","1,799.01","1,821.22","1,821.22","1,798.98","220.90K","-1.31%"
"06/21/2013","1,822.83","1,806.40","1,823.99","1,806.02","290.50K","-1.49%"
"06/20/2013","1,850.49","1,864.37","1,873.18","1,844.41","355.80K","-2.00%"
"06/19/2013","1,888.31","1,899.50","1,899.50","1,883.41","279.80K","-0.65%"
"06/18/2013","1,900.62","1,887.72","1,900.63","1,872.70","278.60K","0.93%"
"06/17/2013","1,883.10","1,889.45","1,897.70","1,878.40","264.40K","-0.32%"
"06/14/2013","1,889.24","1,895.77","1,896.60","1,881.50","279.30K","0.35%"
"06/13/2013","1,882.73","1,905.10","1,911.04","1,881.24","306.40K","-1.42%"
"06/12/2013","1,909.91","1,913.60","1,921.54","1,907.29","253.40K","-0.56%"
"06/11/2013","1,920.68","1,933.10","1,933.34","1,910.05","288.20K","-0.62%"
"06/10/2013","1,932.70","1,927.19","1,934.92","1,923.59","271.70K","0.46%"
"06/07/2013","1,923.85","1,953.83","1,954.82","1,923.84","341.10K","-1.80%"
"06/05/2013","1,959.19","1,988.94","1,989.29","1,959.19","340.50K","-1.52%"
"06/04/2013","1,989.51","1,998.38","1,999.73","1,979.42","334.90K","-0.00%"
"06/03/2013","1,989.57","1,993.11","2,000.56","1,989.51","333.50K","-0.57%"
"05/31/2013","2,001.05","2,009.25","2,013.29","2,000.82","397.50K","0.05%"
"05/30/2013","2,000.10","1,999.83","2,008.23","1,997.84","435.70K","-0.05%"
"05/29/2013","2,001.20","1,993.69","2,009.43","1,992.68","362.60K","0.75%"
"05/28/2013","1,986.22","1,983.58","1,991.20","1,978.89","311.40K","0.32%"
"05/27/2013","1,979.97","1,974.59","1,984.13","1,971.53","256.10K","0.33%"
"05/24/2013","1,973.45","1,979.35","1,979.93","1,961.59","273.60K","0.22%"
"05/23/2013","1,969.19","1,985.91","1,991.35","1,969.19","342.90K","-1.24%"
"05/22/2013","1,993.83","1,991.76","1,998.70","1,987.23","326.40K","0.64%"
"05/21/2013","1,981.09","1,994.02","1,995.10","1,976.17","245.80K","-0.07%"
"05/20/2013","1,982.43","1,990.36","1,991.27","1,982.43","274.40K","-0.22%"
"05/16/2013","1,986.81","1,980.03","1,991.98","1,980.03","322.20K","0.79%"
"05/15/2013","1,971.26","1,971.96","1,972.44","1,963.52","247.00K","0.12%"
"05/14/2013","1,968.83","1,954.39","1,972.50","1,954.13","328.50K","1.03%"
"05/13/2013","1,948.70","1,936.86","1,948.70","1,935.57","251.60K","0.20%"
"05/10/2013","1,944.75","1,975.48","1,975.48","1,944.75","283.80K","-1.75%"
"05/09/2013","1,979.45","1,963.61","1,982.32","1,961.50","332.60K","1.18%"
"05/08/2013","1,956.45","1,961.73","1,964.08","1,952.38","337.90K","0.11%"
"05/07/2013","1,954.35","1,962.28","1,962.87","1,951.27","299.90K","-0.36%"
"05/06/2013","1,961.48","1,977.44","1,983.64","1,960.14","294.90K","-0.22%"
"05/03/2013","1,965.71","1,967.88","1,968.04","1,953.40","312.50K","0.43%"
"05/02/2013","1,957.21","1,961.67","1,966.68","1,954.28","349.70K","-0.34%"
"04/30/2013","1,963.95","1,947.07","1,967.06","1,946.99","403.10K","1.20%"
"04/29/2013","1,940.70","1,948.87","1,948.97","1,934.68","266.00K","-0.20%"
"04/26/2013","1,944.56","1,949.92","1,951.86","1,942.37","280.20K","-0.36%"
"04/25/2013","1,951.60","1,937.88","1,951.66","1,935.81","335.00K","0.84%"
"04/24/2013","1,935.31","1,931.06","1,939.35","1,921.03","341.10K","0.87%"
"04/23/2013","1,918.63","1,924.43","1,924.79","1,908.77","260.50K","-0.40%"
"04/22/2013","1,926.31","1,903.97","1,926.31","1,901.98","258.80K","1.03%"
"04/19/2013","1,906.75","1,899.35","1,910.24","1,888.30","331.30K","0.35%"
"04/18/2013","1,900.06","1,916.55","1,919.53","1,900.05","343.50K","-1.24%"
"04/17/2013","1,923.84","1,934.61","1,934.82","1,910.78","415.30K","0.08%"
"04/16/2013","1,922.21","1,900.18","1,926.65","1,896.69","393.10K","0.09%"
"04/15/2013","1,920.45","1,916.06","1,927.72","1,907.35","332.90K","-0.20%"
"04/12/2013","1,924.23","1,954.22","1,956.21","1,919.90","407.40K","-1.31%"
"04/11/2013","1,949.80","1,944.53","1,949.80","1,926.54","386.60K","0.73%"
"04/10/2013","1,935.58","1,933.73","1,939.19","1,923.43","320.20K","0.77%"
"04/09/2013","1,920.74","1,918.13","1,934.74","1,901.96","356.60K","0.11%"
"04/08/2013","1,918.69","1,927.04","1,933.95","1,918.69","313.30K","-0.44%"
"04/05/2013","1,927.23","1,948.33","1,952.10","1,916.77","372.70K","-1.64%"
"04/04/2013","1,959.45","1,963.39","1,965.19","1,938.89","415.40K","-1.20%"
"04/03/2013","1,983.22","1,990.71","1,992.40","1,972.02","396.40K","-0.15%"
"04/02/2013","1,986.15","1,996.81","2,001.78","1,973.27","496.10K","-0.49%"
"04/01/2013","1,995.99","2,009.94","2,010.15","1,994.54","269.20K","-0.44%"
"03/29/2013","2,004.89","2,007.12","2,013.21","2,003.96","341.60K","0.57%"
"03/28/2013","1,993.52","1,989.70","1,995.31","1,985.45","367.70K","0.00%"
"03/27/2013","1,993.44","1,991.91","1,996.56","1,973.72","362.60K","0.49%"
"03/26/2013","1,983.70","1,976.81","1,990.23","1,975.60","298.80K","0.30%"
"03/25/2013","1,977.67","1,968.85","1,981.75","1,968.14","276.30K","1.49%"
"03/22/2013","1,948.71","1,949.03","1,956.33","1,946.05","259.60K","-0.11%"
"03/21/2013","1,950.82","1,969.30","1,973.26","1,950.82","262.90K","-0.44%"
"03/20/2013","1,959.41","1,969.19","1,978.17","1,959.40","332.90K","-0.97%"
"03/19/2013","1,978.56","1,978.41","1,989.46","1,973.23","326.80K","0.53%"
"03/18/2013","1,968.18","1,974.71","1,982.92","1,968.18","304.30K","-0.92%"
"03/15/2013","1,986.50","2,009.71","2,009.71","1,985.91","307.40K","-0.78%"
"03/14/2013","2,002.13","2,000.07","2,002.13","1,978.57","330.90K","0.12%"
"03/13/2013","1,999.73","1,994.79","1,999.73","1,988.19","353.00K","0.32%"
"03/12/2013","1,993.34","2,006.84","2,007.44","1,990.17","390.20K","-0.50%"
"03/11/2013","2,003.35","2,000.57","2,006.30","1,982.38","398.30K","-0.13%"
"03/08/2013","2,006.01","2,001.97","2,007.37","1,994.25","312.10K","0.08%"
"03/07/2013","2,004.40","2,018.63","2,018.63","1,998.29","386.50K","-0.81%"
"03/06/2013","2,020.74","2,033.17","2,033.89","2,016.65","395.40K","0.20%"
"03/05/2013","2,016.61","2,022.41","2,031.65","2,016.60","491.90K","0.17%"
"03/04/2013","2,013.15","2,028.55","2,029.32","2,011.09","357.40K","-0.66%"
"02/28/2013","2,026.49","2,019.05","2,030.85","2,016.15","422.00K","1.12%"
"02/27/2013","2,004.04","2,008.94","2,014.96","1,999.65","417.10K","0.20%"
"02/26/2013","2,000.01","1,993.12","2,005.86","1,991.96","433.40K","-0.47%"
"02/25/2013","2,009.52","2,022.51","2,022.77","2,008.78","338.20K","-0.46%"
"02/22/2013","2,018.89","2,007.34","2,029.44","2,006.59","409.10K","0.18%"
"02/21/2013","2,015.22","2,014.50","2,021.24","2,010.91","391.20K","-0.47%"
"02/20/2013","2,024.64","1,997.04","2,024.64","1,995.31","407.70K","1.95%"
"02/19/2013","1,985.83","1,981.96","1,990.09","1,979.85","344.30K","0.20%"
"02/18/2013","1,981.91","1,979.42","1,985.41","1,973.65","420.70K","0.04%"
"02/15/2013","1,981.18","1,981.06","1,982.76","1,976.12","598.80K","0.08%"
"02/14/2013","1,979.61","1,977.42","1,986.14","1,972.80","336.00K","0.18%"
"02/13/2013","1,976.07","1,952.86","1,976.07","1,950.58","331.00K","1.56%"
"02/12/2013","1,945.79","1,958.46","1,958.65","1,943.63","307.50K","-0.26%"
"02/08/2013","1,950.90","1,930.00","1,955.86","1,929.81","291.20K","0.99%"
"02/07/2013","1,931.77","1,939.42","1,946.67","1,931.10","412.20K","-0.23%"
"02/06/2013","1,936.19","1,943.33","1,944.44","1,935.44","349.20K","-0.10%"
"02/05/2013","1,938.18","1,936.92","1,944.00","1,928.75","366.70K","-0.77%"
"02/04/2013","1,953.21","1,968.95","1,969.13","1,952.83","345.40K","-0.23%"
"02/01/2013","1,957.79","1,964.75","1,966.54","1,942.44","385.90K","-0.21%"
"01/31/2013","1,961.94","1,960.78","1,965.92","1,954.53","399.60K","-0.13%"
"01/30/2013","1,964.43","1,961.92","1,967.29","1,950.67","523.30K","0.43%"
"01/29/2013","1,955.96","1,946.11","1,958.88","1,944.81","465.00K","0.84%"
"01/28/2013","1,939.71","1,940.33","1,943.49","1,930.37","349.50K","-0.36%"
"01/25/2013","1,946.69","1,966.40","1,966.83","1,934.89","401.80K","-0.91%"
"01/24/2013","1,964.48","1,970.85","1,980.03","1,960.75","558.40K","-0.80%"
"01/23/2013","1,980.41","2,003.37","2,008.06","1,980.41","491.40K","-0.81%"
"01/22/2013","1,996.52","1,986.58","1,999.35","1,981.88","553.40K","0.49%"
"01/21/2013","1,986.86","1,987.96","1,991.98","1,972.64","446.60K","-0.05%"
"01/18/2013","1,987.85","1,987.65","1,988.47","1,976.72","583.30K","0.69%"
"01/17/2013","1,974.27","1,983.67","1,986.34","1,964.62","828.70K","-0.16%"
"01/16/2013","1,977.45","1,988.44","1,996.46","1,970.01","457.60K","-0.32%"
"01/15/2013","1,983.74","2,006.89","2,016.37","1,983.74","546.20K","-1.16%"
"01/14/2013","2,007.04","1,993.82","2,007.04","1,989.24","454.80K","0.52%"
"01/11/2013","1,996.67","2,017.38","2,017.92","1,984.16","472.60K","-0.50%"
"01/10/2013","2,006.80","1,993.87","2,008.47","1,988.04","500.80K","0.75%"
"01/09/2013","1,991.81","2,001.98","2,007.72","1,989.48","607.60K","-0.31%"
"01/08/2013","1,997.94","2,003.22","2,009.99","1,997.91","493.70K","-0.66%"
"01/07/2013","2,011.25","2,012.15","2,014.00","1,996.47","536.20K","-0.03%"
"01/04/2013","2,011.94","2,017.88","2,018.63","2,001.53","378.90K","-0.37%"
"01/03/2013","2,019.41","2,041.24","2,042.48","2,018.49","491.00K","-0.58%"
"01/02/2013","2,031.10","2,013.74","2,033.66","2,012.30","364.10K","1.71%"
"12/28/2012","1,997.05","1,984.84","2,002.67","1,984.84","302.90K","0.49%"
"12/27/2012","1,987.35","1,979.46","1,987.91","1,971.53","376.10K","0.26%"
"12/26/2012","1,982.25","1,992.10","2,000.92","1,982.25","458.00K","0.02%"
"12/24/2012","1,981.82","1,984.18","1,985.57","1,977.00","348.20K","0.07%"
"12/21/2012","1,980.42","2,004.61","2,004.67","1,976.09","553.70K","-0.95%"
"12/20/2012","1,999.50","2,002.11","2,006.08","1,991.81","421.90K","0.32%"
"12/18/2012","1,993.09","1,990.72","1,993.09","1,979.22","454.30K","0.51%"
"12/17/2012","1,983.07","1,993.18","1,999.38","1,981.13","366.70K","-0.60%"
"12/14/2012","1,995.04","1,989.42","1,999.65","1,985.19","350.50K","-0.39%"
"12/13/2012","2,002.77","1,976.18","2,002.78","1,976.18","421.50K","1.38%"
"12/12/2012","1,975.44","1,972.33","1,975.44","1,966.91","459.70K","0.55%"
"12/11/2012","1,964.62","1,962.52","1,965.68","1,956.75","404.80K","0.37%"
"12/10/2012","1,957.42","1,965.71","1,970.19","1,955.39","367.60K","-0.00%"
"12/07/2012","1,957.45","1,953.17","1,963.06","1,952.83","413.40K","0.40%"
"12/06/2012","1,949.62","1,948.55","1,955.07","1,946.03","345.30K","0.13%"
"12/05/2012","1,947.04","1,933.45","1,949.70","1,930.15","492.60K","0.61%"
"12/04/2012","1,935.18","1,932.66","1,938.28","1,928.09","294.80K","-0.25%"
"12/03/2012","1,940.02","1,937.28","1,944.75","1,933.67","314.90K","0.37%"
"11/30/2012","1,932.90","1,932.71","1,941.84","1,927.98","337.30K","-0.10%"
"11/29/2012","1,934.85","1,922.86","1,935.10","1,922.51","388.80K","1.15%"
"11/28/2012","1,912.78","1,916.31","1,916.76","1,906.20","408.90K","-0.65%"
"11/27/2012","1,925.20","1,917.14","1,930.24","1,913.97","588.30K","0.87%"
"11/26/2012","1,908.51","1,918.01","1,918.11","1,905.95","276.80K","-0.15%"
"11/23/2012","1,911.33","1,901.73","1,911.33","1,894.58","330.00K","0.62%"
"11/22/2012","1,899.50","1,894.66","1,903.27","1,893.18","412.80K","0.82%"
"11/21/2012","1,884.04","1,895.72","1,899.60","1,878.25","380.80K","-0.32%"
"11/20/2012","1,890.18","1,896.58","1,897.56","1,886.34","372.30K","0.64%"
"11/19/2012","1,878.10","1,869.76","1,884.11","1,869.23","349.40K","0.93%"
"11/16/2012","1,860.83","1,865.81","1,872.69","1,856.81","465.00K","-0.53%"
"11/15/2012","1,870.72","1,870.29","1,875.49","1,859.79","450.90K","-1.23%"
"11/14/2012","1,894.04","1,891.45","1,895.48","1,880.61","533.90K","0.23%"
"11/13/2012","1,889.70","1,904.19","1,904.97","1,881.85","494.90K","-0.59%"
"11/12/2012","1,900.87","1,899.30","1,903.81","1,892.68","473.30K","-0.19%"
"11/09/2012","1,904.41","1,893.09","1,907.57","1,879.06","636.20K","-0.52%"
"11/08/2012","1,914.41","1,912.64","1,918.69","1,905.62","659.70K","-1.19%"
"11/07/2012","1,937.55","1,933.79","1,937.55","1,916.81","556.70K","0.49%"
"11/06/2012","1,928.17","1,911.83","1,928.17","1,908.49","545.80K","1.05%"
"11/05/2012","1,908.22","1,905.46","1,914.38","1,903.32","343.40K","-0.55%"
"11/02/2012","1,918.72","1,920.55","1,921.98","1,915.11","441.20K","1.07%"
"11/01/2012","1,898.44","1,903.57","1,904.99","1,887.56","402.40K","-0.71%"
"10/31/2012","1,912.06","1,912.83","1,918.40","1,909.08","397.20K","0.66%"
"10/30/2012","1,899.58","1,894.05","1,913.52","1,893.75","334.10K","0.43%"
"10/29/2012","1,891.52","1,901.83","1,905.22","1,884.77","371.70K","0.00%"
"10/26/2012","1,891.43","1,917.64","1,921.25","1,890.15","437.50K","-1.72%"
"10/25/2012","1,924.50","1,906.91","1,924.51","1,904.95","438.10K","0.55%"
"10/24/2012","1,913.96","1,907.16","1,922.02","1,901.62","564.60K","-0.67%"
"10/23/2012","1,926.81","1,943.79","1,944.38","1,926.81","539.00K","-0.76%"
"10/22/2012","1,941.59","1,910.98","1,942.64","1,910.23","458.10K","-0.12%"
"10/19/2012","1,943.84","1,954.33","1,958.64","1,938.96","383.20K","-0.78%"
"10/18/2012","1,959.12","1,960.39","1,963.53","1,954.10","495.00K","0.20%"
"10/17/2012","1,955.15","1,955.78","1,965.53","1,949.71","499.80K","0.70%"
"10/16/2012","1,941.54","1,942.51","1,944.22","1,931.09","538.40K","0.83%"
"10/15/2012","1,925.59","1,927.82","1,937.15","1,921.32","567.90K","-0.40%"
"10/12/2012","1,933.26","1,937.85","1,940.32","1,927.39","398.80K","0.01%"
"10/11/2012","1,933.09","1,934.49","1,949.74","1,919.82","464.10K","-0.78%"
"10/10/2012","1,948.22","1,961.90","1,962.72","1,948.22","449.40K","-1.56%"
"10/09/2012","1,979.04","1,982.09","1,992.32","1,979.00","516.90K","-0.14%"
"10/08/2012","1,981.89","1,994.05","1,994.05","1,979.24","508.30K","-0.67%"
"10/05/2012","1,995.17","2,004.62","2,007.84","1,991.21","681.20K","0.12%"
"10/04/2012","1,992.68","1,998.73","1,998.99","1,983.03","596.90K","-0.17%"
"10/02/2012","1,996.03","1,998.52","2,003.63","1,995.12","496.30K","-0.01%"
"09/28/2012","1,996.21","2,000.01","2,000.01","1,988.41","678.20K","0.38%"
"09/27/2012","1,988.70","1,969.65","1,991.26","1,969.60","693.70K","0.42%"
"09/26/2012","1,980.44","1,973.11","1,986.28","1,968.85","1.21M","-0.55%"
"09/25/2012","1,991.41","1,994.08","2,004.26","1,988.88","529.00K","-0.60%"
"09/24/2012","2,003.44","1,996.42","2,005.45","1,977.70","483.00K","0.05%"
"09/21/2012","2,002.37","2,000.05","2,005.11","1,991.56","649.20K","0.60%"
"09/20/2012","1,990.33","1,997.65","2,004.54","1,987.94","618.40K","-0.87%"
"09/19/2012","2,007.88","2,000.20","2,012.74","1,993.91","959.90K","0.15%"
"09/18/2012","2,004.96","1,998.30","2,005.73","1,995.83","855.30K","0.13%"
"09/17/2012","2,002.35","2,005.54","2,011.50","1,997.79","881.70K","-0.26%"
"09/14/2012","2,007.58","1,994.42","2,008.97","1,991.13","1.02M","2.92%"
"09/13/2012","1,950.69","1,948.27","1,955.03","1,938.74","983.10K","0.03%"
"09/12/2012","1,950.03","1,931.44","1,953.03","1,927.75","708.40K","1.56%"
"09/11/2012","1,920.00","1,920.46","1,923.09","1,912.47","718.70K","-0.24%"
"09/10/2012","1,924.70","1,934.63","1,937.85","1,924.70","620.80K","-0.25%"
"09/07/2012","1,929.58","1,918.36","1,929.58","1,915.56","597.70K","2.57%"
"09/06/2012","1,881.24","1,881.54","1,888.18","1,873.49","752.90K","0.38%"
"09/05/2012","1,874.03","1,894.70","1,894.70","1,874.03","624.10K","-1.74%"
"09/04/2012","1,907.13","1,911.47","1,916.16","1,906.22","881.50K","-0.29%"
"09/03/2012","1,912.71","1,909.06","1,921.84","1,885.03","597.10K","0.40%"
"08/31/2012","1,905.12","1,897.16","1,912.24","1,896.84","659.10K","-0.07%"
"08/30/2012","1,906.38","1,922.82","1,922.82","1,897.07","747.80K","-1.15%"
"08/29/2012","1,928.54","1,920.49","1,931.00","1,914.82","592.40K","0.64%"
"08/28/2012","1,916.33","1,922.02","1,925.70","1,910.58","611.90K","-0.08%"
"08/27/2012","1,917.87","1,909.02","1,925.15","1,907.50","572.90K","-0.10%"
"08/24/2012","1,919.81","1,921.08","1,927.10","1,913.75","631.30K","-1.17%"
"08/23/2012","1,942.54","1,934.56","1,942.97","1,924.50","604.40K","0.38%"
"08/22/2012","1,935.19","1,939.60","1,947.43","1,917.48","422.80K","-0.41%"
"08/21/2012","1,943.22","1,954.51","1,961.07","1,942.61","407.50K","-0.16%"
"08/20/2012","1,946.31","1,944.67","1,949.89","1,938.25","357.90K","-0.01%"
"08/17/2012","1,946.54","1,964.07","1,964.07","1,941.79","372.50K","-0.58%"
"08/16/2012","1,957.91","1,956.35","1,959.92","1,947.26","430.50K","0.05%"
"08/14/2012","1,956.96","1,942.61","1,957.15","1,939.45","341.10K","1.27%"
"08/13/2012","1,932.44","1,945.33","1,946.20","1,932.40","352.70K","-0.72%"
"08/10/2012","1,946.40","1,937.89","1,948.05","1,933.93","326.50K","0.30%"
"08/09/2012","1,940.59","1,907.13","1,947.08","1,907.13","495.30K","1.96%"
"08/08/2012","1,903.23","1,896.58","1,919.61","1,896.56","485.60K","0.87%"
"08/07/2012","1,886.80","1,883.82","1,891.60","1,881.66","325.30K","0.05%"
"08/06/2012","1,885.88","1,883.62","1,894.92","1,881.86","245.60K","2.01%"
"08/03/2012","1,848.68","1,846.58","1,864.13","1,843.87","257.90K","-1.11%"
"08/02/2012","1,869.40","1,883.68","1,885.89","1,864.86","270.50K","-0.56%"
"08/01/2012","1,879.93","1,870.58","1,886.32","1,867.28","291.30K","-0.11%"
"07/31/2012","1,881.99","1,845.46","1,896.83","1,842.51","359.20K","2.07%"
"07/30/2012","1,843.79","1,847.01","1,850.27","1,841.40","337.20K","0.80%"
"07/27/2012","1,829.16","1,812.98","1,829.16","1,805.92","397.60K","2.62%"
"07/26/2012","1,782.47","1,778.01","1,787.20","1,766.81","409.60K","0.74%"
"07/25/2012","1,769.31","1,760.22","1,785.84","1,758.99","468.00K","-1.37%"
"07/24/2012","1,793.93","1,784.47","1,796.02","1,781.60","490.60K","0.25%"
"07/23/2012","1,789.44","1,799.24","1,799.24","1,780.01","502.10K","-1.84%"
"07/20/2012","1,822.93","1,823.95","1,830.26","1,818.84","412.10K","-0.00%"
"07/19/2012","1,822.96","1,820.84","1,830.09","1,815.71","488.70K","1.56%"
"07/18/2012","1,794.91","1,821.28","1,827.95","1,790.36","454.70K","-1.48%"
"07/17/2012","1,821.96","1,808.63","1,835.64","1,802.07","412.60K","0.23%"
"07/16/2012","1,817.79","1,820.34","1,821.84","1,807.11","268.40K","0.27%"
"07/13/2012","1,812.89","1,790.98","1,820.66","1,773.67","348.50K","1.54%"
"07/12/2012","1,785.39","1,827.82","1,830.77","1,785.32","320.80K","-2.24%"
"07/11/2012","1,826.39","1,825.53","1,827.60","1,813.79","336.70K","-0.17%"
"07/10/2012","1,829.45","1,843.77","1,845.94","1,823.79","368.90K","-0.36%"
"07/09/2012","1,836.13","1,840.30","1,844.32","1,833.11","282.00K","-1.19%"
"07/06/2012","1,858.20","1,877.74","1,880.36","1,850.10","340.70K","-0.92%"
"07/05/2012","1,875.49","1,870.53","1,878.13","1,866.91","324.20K","0.06%"
"07/04/2012","1,874.45","1,875.52","1,881.68","1,871.84","336.10K","0.35%"
"07/03/2012","1,867.82","1,858.70","1,871.08","1,858.44","348.20K","0.87%"
"07/02/2012","1,851.65","1,864.73","1,865.93","1,851.28","273.60K","-0.13%"
"06/29/2012","1,854.01","1,808.61","1,854.01","1,801.63","320.60K","1.91%"
"06/28/2012","1,819.18","1,826.37","1,827.35","1,806.08","309.70K","0.08%"
"06/27/2012","1,817.65","1,815.70","1,821.47","1,795.16","319.50K","-0.01%"
"06/26/2012","1,817.81","1,818.51","1,826.66","1,814.46","313.30K","-0.41%"
"06/25/2012","1,825.38","1,842.76","1,842.76","1,813.41","291.20K","-1.19%"
"06/22/2012","1,847.39","1,861.44","1,863.57","1,843.57","300.70K","-2.21%"
"06/21/2012","1,889.15","1,895.51","1,900.44","1,879.65","390.20K","-0.79%"
"06/20/2012","1,904.12","1,908.19","1,908.19","1,895.27","367.70K","0.65%"
"06/19/2012","1,891.77","1,885.56","1,895.32","1,883.56","380.90K","0.00%"
"06/18/2012","1,891.71","1,892.91","1,901.11","1,887.05","376.30K","1.81%"
"06/15/2012","1,858.16","1,871.48","1,871.48","1,847.19","452.50K","-0.71%"
"06/14/2012","1,871.48","1,856.57","1,871.48","1,855.06","426.60K","0.65%"
"06/13/2012","1,859.32","1,867.45","1,867.45","1,849.71","558.30K","0.25%"
"06/12/2012","1,854.74","1,840.56","1,857.93","1,840.10","421.40K","-0.66%"
"06/11/2012","1,867.04","1,860.90","1,869.33","1,859.74","382.20K","1.71%"
"06/08/2012","1,835.64","1,854.00","1,854.59","1,832.83","379.80K","-0.67%"
"06/07/2012","1,847.95","1,839.49","1,853.20","1,839.49","403.40K","2.56%"
"06/05/2012","1,801.85","1,799.88","1,806.11","1,791.84","338.80K","1.05%"
"06/04/2012","1,783.13","1,782.58","1,794.02","1,776.85","395.10K","-2.80%"
"06/01/2012","1,834.51","1,832.08","1,842.00","1,821.98","334.40K","-0.49%"
"05/31/2012","1,843.47","1,819.99","1,843.49","1,813.01","447.90K","-0.08%"
"05/30/2012","1,844.86","1,846.12","1,846.60","1,828.83","417.00K","-0.27%"
"05/29/2012","1,849.91","1,821.63","1,851.94","1,817.90","328.00K","1.41%"
"05/25/2012","1,824.17","1,818.62","1,831.78","1,815.54","386.50K","0.53%"
"05/24/2012","1,814.47","1,807.07","1,816.98","1,800.74","407.90K","0.32%"
"05/23/2012","1,808.62","1,815.33","1,815.33","1,796.50","447.60K","-1.10%"
"05/22/2012","1,828.69","1,825.82","1,831.06","1,813.53","428.40K","1.64%"
"05/21/2012","1,799.13","1,801.48","1,804.48","1,788.33","414.10K","0.94%"
"05/18/2012","1,782.46","1,813.79","1,813.79","1,779.47","547.80K","-3.40%"
"05/17/2012","1,845.24","1,842.83","1,856.34","1,833.08","444.30K","0.26%"
"05/16/2012","1,840.53","1,886.69","1,889.29","1,840.23","426.20K","-3.08%"
"05/15/2012","1,898.96","1,897.74","1,904.99","1,881.80","524.60K","-0.77%"
"05/14/2012","1,913.73","1,917.26","1,921.65","1,900.43","399.00K","-0.18%"
"05/11/2012","1,917.13","1,939.00","1,939.00","1,915.69","535.90K","-1.43%"
"05/10/2012","1,944.93","1,944.80","1,951.51","1,937.14","425.10K","-0.27%"
"05/09/2012","1,950.29","1,958.31","1,962.04","1,945.31","468.00K","-0.85%"
"05/08/2012","1,967.01","1,967.28","1,969.64","1,961.44","492.70K","0.54%"
"05/07/2012","1,956.44","1,956.06","1,960.51","1,952.42","533.70K","-1.64%"
"05/04/2012","1,989.15","1,987.03","1,992.10","1,981.58","608.80K","-0.30%"
"05/03/2012","1,995.11","1,995.78","1,998.90","1,990.45","685.80K","-0.20%"
"05/02/2012","1,999.07","1,994.17","2,001.11","1,989.55","653.00K","0.86%"
"04/30/2012","1,981.99","1,989.52","1,991.12","1,975.46","837.90K","0.34%"
"04/27/2012","1,975.35","1,972.05","1,983.26","1,967.84","484.70K","0.58%"
"04/26/2012","1,964.04","1,976.82","1,979.43","1,955.05","607.40K","0.10%"
"04/25/2012","1,961.98","1,980.51","1,980.51","1,961.97","681.80K","-0.07%"
"04/24/2012","1,963.42","1,956.75","1,972.24","1,954.01","630.80K","-0.47%"
"04/23/2012","1,972.63","1,971.39","1,980.94","1,964.12","585.20K","-0.10%"
"04/20/2012","1,974.65","1,988.22","1,988.22","1,970.54","518.70K","-1.26%"
"04/19/2012","1,999.86","2,000.40","2,008.82","1,994.61","412.10K","-0.23%"
"04/18/2012","2,004.53","2,014.23","2,014.95","2,001.59","382.90K","0.97%"
"04/17/2012","1,985.30","1,995.33","1,999.50","1,982.44","445.70K","-0.37%"
"04/16/2012","1,992.63","1,985.28","1,998.35","1,982.93","452.50K","-0.81%"
"04/13/2012","2,008.91","2,001.71","2,011.37","1,996.23","495.30K","1.12%"
"04/12/2012","1,986.63","1,985.16","1,986.63","1,969.09","391.50K","-0.39%"
"04/10/2012","1,994.41","2,000.77","2,011.27","1,990.13","543.70K","-0.13%"
"04/09/2012","1,997.08","2,008.03","2,009.36","1,995.80","466.70K","-1.57%"
"04/06/2012","2,029.03","2,026.32","2,033.49","2,022.81","536.30K","0.01%"
"04/05/2012","2,028.77","2,006.27","2,030.69","1,997.12","549.30K","0.50%"
"04/04/2012","2,018.61","2,046.90","2,048.11","2,015.57","621.50K","-1.50%"
"04/03/2012","2,049.28","2,040.81","2,051.80","2,038.52","593.30K","0.99%"
"04/02/2012","2,029.29","2,022.42","2,031.79","2,015.72","409.90K","0.76%"
"03/30/2012","2,014.04","2,011.50","2,018.09","2,002.61","449.90K","-0.02%"
"03/29/2012","2,014.41","2,019.41","2,025.23","2,004.94","470.30K","-0.85%"
"03/28/2012","2,031.74","2,034.35","2,038.45","2,028.11","533.80K","-0.39%"
"03/27/2012","2,039.76","2,042.47","2,043.75","2,028.39","606.40K","1.02%"
"03/26/2012","2,019.19","2,035.17","2,041.05","2,012.86","437.00K","-0.38%"
"03/23/2012","2,026.83","2,015.07","2,029.77","2,013.72","506.80K","0.04%"
"03/22/2012","2,026.12","2,026.75","2,031.42","2,017.93","541.70K","-0.05%"
"03/21/2012","2,027.23","2,031.58","2,039.80","2,022.97","517.10K","-0.73%"
"03/20/2012","2,042.15","2,046.38","2,055.34","2,035.26","540.30K","-0.24%"
"03/19/2012","2,047.00","2,040.07","2,050.87","2,036.35","555.80K","0.62%"
"03/16/2012","2,034.44","2,054.63","2,054.99","2,034.21","464.20K","-0.46%"
"03/15/2012","2,043.76","2,044.01","2,050.48","2,038.60","476.10K","-0.06%"
"03/14/2012","2,045.08","2,050.50","2,057.28","2,045.08","541.10K","0.99%"
"03/13/2012","2,025.04","2,012.91","2,028.98","2,012.91","448.90K","1.13%"
"03/12/2012","2,002.50","2,018.73","2,019.14","2,001.50","375.50K","-0.78%"
"03/09/2012","2,018.30","2,017.67","2,022.95","2,001.67","416.40K","0.88%"
"03/08/2012","2,000.76","1,989.30","2,004.72","1,978.79","456.10K","0.94%"
"03/07/2012","1,982.15","1,968.72","1,987.97","1,966.69","511.30K","-0.91%"
"03/06/2012","2,000.36","2,019.28","2,023.83","1,988.86","554.70K","-0.78%"
"03/05/2012","2,016.06","2,028.97","2,030.57","2,011.50","548.00K","-0.91%"
"03/02/2012","2,034.63","2,041.52","2,046.82","2,033.50","483.20K","0.22%"
"02/29/2012","2,030.25","2,015.38","2,033.63","2,015.38","562.60K","1.33%"
"02/28/2012","2,003.69","1,995.93","2,006.26","1,992.66","607.90K","0.63%"
"02/27/2012","1,991.16","2,013.61","2,013.69","1,987.74","636.00K","-1.42%"
"02/24/2012","2,019.89","2,010.60","2,019.90","1,998.39","717.90K","0.60%"
"02/23/2012","2,007.80","2,016.46","2,016.46","2,001.25","690.10K","-1.03%"
"02/22/2012","2,028.65","2,018.07","2,028.93","2,015.30","883.70K","0.22%"
"02/21/2012","2,024.24","2,022.05","2,030.46","2,007.46","709.00K","-0.03%"
"02/20/2012","2,024.90","2,041.51","2,047.43","2,024.59","733.90K","0.07%"
"02/17/2012","2,023.47","2,025.56","2,031.40","2,019.79","731.10K","1.30%"
"02/16/2012","1,997.45","2,005.37","2,012.44","1,995.99","696.70K","-1.38%"
"02/15/2012","2,025.32","2,012.00","2,026.75","2,009.68","681.50K","1.13%"
"02/14/2012","2,002.64","1,999.53","2,008.65","1,995.60","515.90K","-0.15%"
"02/13/2012","2,005.74","2,000.66","2,010.66","1,991.28","452.80K","0.60%"
"02/10/2012","1,993.71","2,010.04","2,011.52","1,986.96","696.70K","-1.04%"
"02/09/2012","2,014.62","1,998.20","2,014.62","1,978.51","557.60K","0.54%"
"02/08/2012","2,003.73","1,985.21","2,003.73","1,982.99","587.90K","1.12%"
"02/07/2012","1,981.59","1,976.77","1,983.82","1,971.33","539.40K","0.43%"
"02/06/2012","1,973.13","1,994.21","1,996.05","1,964.77","523.20K","0.04%"
"02/03/2012","1,972.34","1,982.24","1,982.62","1,961.95","535.90K","-0.60%"
"02/02/2012","1,984.30","1,982.23","1,993.88","1,977.32","641.00K","1.28%"
"02/01/2012","1,959.24","1,948.57","1,969.80","1,947.46","501.10K","0.18%"
"01/31/2012","1,955.79","1,943.25","1,960.44","1,936.68","469.20K","0.79%"
"01/30/2012","1,940.55","1,956.63","1,961.60","1,936.14","411.70K","-1.24%"
"01/27/2012","1,964.83","1,960.70","1,966.20","1,949.46","448.90K","0.39%"
"01/26/2012","1,957.18","1,959.19","1,962.71","1,949.51","408.00K","0.25%"
"01/25/2012","1,952.23","1,947.74","1,973.35","1,945.14","375.90K","0.12%"
"01/20/2012","1,949.89","1,922.13","1,952.09","1,922.13","404.80K","1.82%"
"01/19/2012","1,914.97","1,912.43","1,914.98","1,902.02","374.40K","1.19%"
"01/18/2012","1,892.39","1,891.17","1,898.70","1,884.33","428.00K","-0.02%"
"01/17/2012","1,892.74","1,878.16","1,892.76","1,878.16","432.00K","1.80%"
"01/16/2012","1,859.27","1,860.77","1,863.32","1,843.86","391.90K","-0.87%"
"01/13/2012","1,875.68","1,865.72","1,881.84","1,861.53","475.00K","0.60%"
"01/12/2012","1,864.57","1,853.10","1,864.57","1,837.96","476.30K","1.03%"
"01/11/2012","1,845.55","1,857.54","1,857.82","1,843.12","448.00K","-0.41%"
"01/10/2012","1,853.22","1,841.13","1,859.55","1,840.47","388.60K","1.46%"
"01/09/2012","1,826.49","1,832.04","1,832.04","1,810.48","395.50K","-0.90%"
"01/06/2012","1,843.14","1,867.12","1,867.12","1,824.29","472.70K","-1.11%"
"01/05/2012","1,863.74","1,869.42","1,875.97","1,860.57","533.80K","-0.13%"
"01/04/2012","1,866.22","1,883.48","1,884.69","1,866.22","494.50K","-0.49%"
"01/03/2012","1,875.41","1,846.56","1,875.41","1,846.56","443.50K","2.69%"
"01/02/2012","1,826.37","1,831.69","1,837.81","1,814.55","323.40K","0.03%"
"12/29/2011","1,825.74","1,815.63","1,835.19","1,806.88","344.60K","0.03%"
"12/28/2011","1,825.12","1,833.26","1,833.26","1,817.97","378.70K","-0.92%"
"12/27/2011","1,842.02","1,856.78","1,864.71","1,813.48","529.90K","-0.79%"
"12/26/2011","1,856.70","1,873.07","1,873.79","1,851.99","434.70K","-0.56%"
"12/23/2011","1,867.22","1,861.07","1,872.31","1,859.40","466.30K","1.07%"
"12/22/2011","1,847.49","1,841.23","1,847.49","1,835.91","406.40K","-0.05%"
"12/21/2011","1,848.41","1,837.99","1,850.67","1,831.26","516.90K","3.09%"
"12/20/2011","1,793.06","1,791.62","1,797.59","1,780.10","389.80K","0.91%"
"12/19/2011","1,776.93","1,829.49","1,829.49","1,750.60","684.30K","-3.43%"
"12/16/2011","1,839.96","1,827.83","1,842.94","1,823.68","490.00K","1.15%"
"12/15/2011","1,819.11","1,834.82","1,840.94","1,817.61","409.60K","-2.08%"
"12/14/2011","1,857.75","1,852.20","1,864.79","1,851.89","401.90K","-0.34%"
"12/13/2011","1,864.06","1,877.40","1,880.40","1,863.77","450.10K","-1.88%"
"12/12/2011","1,899.76","1,902.75","1,903.19","1,890.18","409.60K","1.33%"
"12/09/2011","1,874.75","1,883.86","1,894.59","1,872.67","372.80K","-1.97%"
"12/08/2011","1,912.39","1,911.07","1,925.56","1,898.34","426.90K","-0.37%"
"12/07/2011","1,919.42","1,914.50","1,921.52","1,904.52","402.80K","0.87%"
"12/06/2011","1,902.82","1,914.49","1,920.70","1,892.01","383.40K","-1.04%"
"12/05/2011","1,922.90","1,928.46","1,929.18","1,911.61","330.20K","0.36%"
"12/02/2011","1,916.04","1,914.41","1,920.64","1,905.69","389.30K","-0.01%"
"12/01/2011","1,916.18","1,911.50","1,926.33","1,908.33","500.50K","3.72%"
"11/30/2011","1,847.51","1,847.17","1,858.10","1,838.70","334.60K","-0.49%"
"11/29/2011","1,856.52","1,828.30","1,856.76","1,823.93","329.50K","2.27%"
"11/28/2011","1,815.28","1,804.80","1,816.65","1,795.39","277.70K","2.19%"
"11/25/2011","1,776.40","1,780.06","1,790.81","1,766.73","306.40K","-1.04%"
"11/24/2011","1,795.06","1,775.82","1,800.01","1,769.43","280.40K","0.67%"
"11/23/2011","1,783.10","1,820.86","1,820.86","1,780.24","411.20K","-2.36%"
"11/22/2011","1,826.28","1,798.41","1,830.84","1,797.93","271.10K","0.34%"
"11/21/2011","1,820.03","1,833.90","1,833.90","1,811.69","299.70K","-1.04%"
"11/18/2011","1,839.17","1,839.63","1,850.04","1,832.17","337.10K","-2.00%"
"11/17/2011","1,876.67","1,862.87","1,876.88","1,835.73","353.10K","1.11%"
"11/16/2011","1,856.07","1,898.14","1,911.33","1,853.13","407.80K","-1.59%"
"11/15/2011","1,886.12","1,888.67","1,900.58","1,878.42","361.40K","-0.88%"
"11/14/2011","1,902.81","1,889.33","1,907.62","1,889.33","327.30K","2.11%"
"11/11/2011","1,863.45","1,840.98","1,863.46","1,823.87","296.90K","2.77%"
"11/10/2011","1,813.25","1,860.96","1,862.27","1,813.25","401.90K","-4.94%"
"11/09/2011","1,907.53","1,925.86","1,929.65","1,897.47","434.60K","0.23%"
"11/08/2011","1,903.14","1,927.89","1,928.07","1,900.09","403.20K","-0.83%"
"11/07/2011","1,919.10","1,932.95","1,932.95","1,915.38","349.70K","-0.48%"
"11/04/2011","1,928.41","1,911.56","1,929.01","1,906.33","466.60K","3.13%"
"11/03/2011","1,869.96","1,895.14","1,895.14","1,863.57","436.40K","-1.48%"
"11/02/2011","1,898.01","1,870.51","1,899.35","1,859.83","389.60K","-0.61%"
"11/01/2011","1,909.63","1,891.22","1,925.08","1,891.22","353.60K","0.03%"
"10/31/2011","1,909.03","1,922.31","1,941.32","1,902.04","393.70K","-1.06%"
"10/28/2011","1,929.48","1,961.09","1,963.74","1,920.81","508.80K","0.39%"
"10/27/2011","1,922.04","1,906.16","1,923.98","1,891.23","418.30K","1.46%"
"10/26/2011","1,894.31","1,871.69","1,896.02","1,864.99","384.80K","0.30%"
"10/25/2011","1,888.65","1,900.99","1,905.78","1,883.68","354.80K","-0.51%"
"10/24/2011","1,898.32","1,858.26","1,898.32","1,858.23","373.90K","3.26%"
"10/21/2011","1,838.38","1,831.89","1,843.51","1,809.42","355.20K","1.84%"
"10/20/2011","1,805.09","1,857.46","1,870.50","1,804.11","349.10K","-2.74%"
"10/19/2011","1,855.92","1,851.84","1,855.93","1,834.38","340.00K","0.93%"
"10/18/2011","1,838.90","1,826.44","1,845.18","1,822.91","323.50K","-1.41%"
"10/17/2011","1,865.18","1,855.72","1,865.18","1,845.43","367.70K","1.62%"
"10/14/2011","1,835.40","1,816.19","1,839.19","1,803.42","349.00K","0.67%"
"10/13/2011","1,823.10","1,831.95","1,837.49","1,823.10","431.60K","0.75%"
"10/12/2011","1,809.50","1,789.65","1,810.51","1,778.97","355.30K","0.81%"
"10/11/2011","1,795.02","1,810.36","1,811.14","1,792.78","400.00K","1.62%"
"10/10/2011","1,766.44","1,763.30","1,783.37","1,761.68","274.60K","0.38%"
"10/07/2011","1,759.77","1,751.55","1,765.43","1,747.42","334.70K","2.89%"
"10/06/2011","1,710.32","1,714.84","1,733.70","1,707.77","352.60K","2.63%"
"10/05/2011","1,666.52","1,718.52","1,718.52","1,659.31","336.30K","-5.83%"
"09/30/2011","1,769.65","1,759.52","1,774.29","1,742.89","354.20K","0.02%"
"09/29/2011","1,769.29","1,713.10","1,769.75","1,706.90","373.90K","2.68%"
"09/28/2011","1,723.09","1,751.04","1,762.67","1,723.08","344.40K","-0.73%"
"09/27/2011","1,735.71","1,704.25","1,735.71","1,695.05","339.80K","5.02%"
"09/26/2011","1,652.71","1,720.50","1,721.03","1,644.11","424.30K","-2.64%"
"09/23/2011","1,697.44","1,736.38","1,743.49","1,697.39","411.80K","-5.73%"
"09/22/2011","1,800.55","1,807.24","1,819.81","1,785.69","295.40K","-2.90%"
"09/21/2011","1,854.28","1,842.17","1,869.77","1,831.95","297.60K","0.89%"
"09/20/2011","1,837.97","1,819.84","1,840.73","1,793.75","321.20K","0.94%"
"09/19/2011","1,820.94","1,818.90","1,839.82","1,813.10","335.60K","-1.04%"
"09/16/2011","1,840.10","1,819.45","1,844.52","1,807.62","430.10K","3.72%"
"09/15/2011","1,774.08","1,797.18","1,806.63","1,742.91","392.10K","1.42%"
"09/14/2011","1,749.16","1,804.09","1,807.47","1,743.78","339.70K","-3.52%"
"09/09/2011","1,812.93","1,817.10","1,847.05","1,812.90","331.90K","-1.83%"
"09/08/2011","1,846.64","1,858.05","1,858.05","1,826.44","416.70K","0.72%"
"09/07/2011","1,833.46","1,811.60","1,833.54","1,798.79","417.90K","3.78%"
"09/06/2011","1,766.71","1,752.98","1,790.47","1,744.03","505.30K","-1.07%"
"09/05/2011","1,785.83","1,829.30","1,829.75","1,785.82","414.00K","-4.39%"
"09/02/2011","1,867.75","1,872.62","1,890.86","1,853.70","442.60K","-0.69%"
"09/01/2011","1,880.70","1,887.21","1,928.40","1,877.40","500.40K","0.03%"
"08/31/2011","1,880.11","1,846.89","1,880.11","1,837.82","410.40K","1.97%"
"08/30/2011","1,843.82","1,853.77","1,863.51","1,835.65","493.20K","0.78%"
"08/29/2011","1,829.50","1,807.60","1,836.66","1,787.29","339.10K","2.84%"
"08/26/2011","1,778.95","1,754.39","1,782.90","1,754.39","311.00K","0.81%"
"08/25/2011","1,764.58","1,791.08","1,803.77","1,762.79","398.20K","0.56%"
"08/24/2011","1,754.78","1,788.39","1,799.11","1,744.07","412.60K","-1.23%"
"08/23/2011","1,776.68","1,735.23","1,781.92","1,719.97","428.50K","3.86%"
"08/22/2011","1,710.70","1,756.59","1,763.64","1,704.54","420.30K","-1.96%"
"08/19/2011","1,744.88","1,789.78","1,797.18","1,744.86","503.80K","-6.22%"
"08/18/2011","1,860.58","1,891.82","1,894.94","1,833.34","503.40K","-1.70%"
"08/17/2011","1,892.67","1,868.85","1,906.61","1,868.60","431.00K","0.68%"
"08/16/2011","1,879.87","1,850.53","1,879.87","1,848.82","423.50K","4.83%"
"08/12/2011","1,793.31","1,844.13","1,847.12","1,788.97","468.90K","-1.33%"
"08/11/2011","1,817.44","1,733.92","1,832.48","1,733.92","438.90K","0.62%"
"08/10/2011","1,806.24","1,877.40","1,877.40","1,802.29","486.30K","0.27%"
"08/09/2011","1,801.35","1,807.88","1,828.63","1,684.68","685.00K","-3.64%"
"08/08/2011","1,869.45","1,916.57","1,939.92","1,800.00","571.10K","-3.82%"
"08/05/2011","1,943.75","1,937.17","1,966.73","1,920.67","481.00K","-3.70%"
"08/04/2011","2,018.47","2,067.17","2,071.03","2,015.23","356.40K","-2.31%"
"08/03/2011","2,066.26","2,079.19","2,080.76","2,056.53","434.50K","-2.59%"
"08/02/2011","2,121.27","2,152.85","2,155.44","2,114.75","350.30K","-2.35%"
"08/01/2011","2,172.31","2,160.09","2,173.28","2,158.24","262.80K","1.83%"
"07/29/2011","2,133.21","2,159.27","2,159.27","2,133.21","328.80K","-1.05%"
"07/28/2011","2,155.85","2,138.61","2,160.44","2,138.61","299.50K","-0.85%"
"07/27/2011","2,174.31","2,152.66","2,174.73","2,151.84","297.10K","0.26%"
"07/26/2011","2,168.70","2,163.08","2,168.70","2,148.22","330.20K","0.85%"
"07/25/2011","2,150.48","2,154.00","2,158.35","2,146.99","342.00K","-0.96%"
"07/22/2011","2,171.23","2,162.00","2,171.24","2,153.49","413.00K","1.22%"
"07/21/2011","2,145.04","2,153.94","2,155.49","2,135.66","362.30K","-0.46%"
"07/20/2011","2,154.95","2,158.88","2,164.22","2,149.25","373.90K","1.16%"
"07/19/2011","2,130.21","2,127.13","2,140.44","2,123.43","303.50K","-0.01%"
"07/18/2011","2,130.48","2,149.97","2,149.97","2,121.73","329.00K","-0.69%"
"07/15/2011","2,145.20","2,123.57","2,145.20","2,123.00","272.10K","0.71%"
"07/14/2011","2,130.07","2,119.06","2,130.08","2,105.24","307.40K","0.02%"
"07/13/2011","2,129.64","2,117.12","2,129.64","2,107.63","306.10K","0.94%"
"07/12/2011","2,109.73","2,131.07","2,136.98","2,107.95","286.40K","-2.20%"
"07/11/2011","2,157.16","2,167.94","2,171.29","2,151.84","240.70K","-1.06%"
"07/08/2011","2,180.35","2,192.83","2,192.83","2,173.96","323.00K","-0.01%"
"07/07/2011","2,180.59","2,167.18","2,184.94","2,165.15","355.60K","0.43%"
"07/06/2011","2,171.19","2,156.94","2,171.19","2,155.33","275.90K","0.44%"
"07/05/2011","2,161.75","2,149.40","2,163.37","2,145.87","284.90K","0.77%"
"07/04/2011","2,145.30","2,143.24","2,153.29","2,141.98","290.50K","0.92%"
"07/01/2011","2,125.74","2,120.03","2,131.67","2,116.68","273.40K","1.19%"
"06/30/2011","2,100.69","2,103.59","2,105.47","2,091.09","257.30K","0.30%"
"06/29/2011","2,094.42","2,097.87","2,098.95","2,081.71","256.10K","1.53%"
"06/28/2011","2,062.91","2,092.94","2,099.94","2,062.91","328.60K","-0.36%"
"06/27/2011","2,070.29","2,076.01","2,076.94","2,058.40","246.50K","-0.98%"
"06/24/2011","2,090.81","2,063.92","2,090.82","2,062.26","294.10K","1.70%"
"06/23/2011","2,055.86","2,048.06","2,064.96","2,048.06","259.60K","-0.39%"
"06/22/2011","2,063.90","2,066.91","2,074.46","2,059.36","263.80K","0.77%"
"06/21/2011","2,048.17","2,041.15","2,051.19","2,015.86","278.60K","1.41%"
"06/20/2011","2,019.65","2,034.35","2,047.12","2,017.52","229.20K","-0.60%"
"06/17/2011","2,031.93","2,057.46","2,058.67","2,008.84","282.50K","-0.72%"
"06/16/2011","2,046.63","2,057.16","2,068.17","2,043.81","234.20K","-1.91%"
"06/15/2011","2,086.53","2,087.96","2,091.00","2,064.82","229.20K","0.47%"
"06/14/2011","2,076.83","2,045.22","2,082.25","2,040.69","209.50K","1.37%"
"06/13/2011","2,048.74","2,030.54","2,057.65","2,025.42","218.50K","0.10%"
"06/10/2011","2,046.67","2,085.85","2,093.94","2,045.24","265.90K","-1.19%"
"06/09/2011","2,071.42","2,076.70","2,088.82","2,067.58","283.70K","-0.57%"
"06/08/2011","2,083.35","2,102.97","2,109.11","2,068.78","281.40K","-0.78%"
"06/07/2011","2,099.71","2,093.45","2,106.85","2,091.26","246.60K","-0.65%"
"06/03/2011","2,113.47","2,123.47","2,131.93","2,108.75","264.10K","-0.03%"
"06/02/2011","2,114.20","2,098.37","2,126.80","2,093.97","248.80K","-1.27%"
"06/01/2011","2,141.34","2,142.67","2,152.95","2,132.85","294.70K","-0.05%"
"05/31/2011","2,142.47","2,104.16","2,146.79","2,102.77","303.30K","2.32%"
"05/30/2011","2,093.79","2,115.27","2,116.13","2,085.75","213.20K","-0.31%"
"05/27/2011","2,100.24","2,087.36","2,111.36","2,085.24","272.80K","0.40%"
"05/26/2011","2,091.91","2,059.93","2,094.35","2,056.49","296.70K","2.75%"
"05/25/2011","2,035.87","2,073.53","2,082.12","2,030.68","345.00K","-1.26%"
"05/24/2011","2,061.76","2,052.44","2,070.64","2,048.55","268.50K","0.29%"
"05/23/2011","2,055.71","2,100.44","2,100.44","2,055.71","293.00K","-2.64%"
"05/20/2011","2,111.50","2,101.45","2,112.48","2,084.06","282.80K","0.76%"
"05/19/2011","2,095.51","2,141.29","2,143.41","2,092.61","283.40K","-1.89%"
"05/18/2011","2,135.78","2,110.70","2,138.72","2,106.41","260.00K","1.59%"
"05/17/2011","2,102.41","2,103.82","2,111.44","2,092.32","300.80K","-0.08%"
"05/16/2011","2,104.18","2,104.67","2,115.25","2,097.16","273.60K","-0.75%"
"05/13/2011","2,120.08","2,133.99","2,134.53","2,103.06","397.10K","-0.12%"
"05/12/2011","2,122.65","2,139.24","2,149.42","2,122.60","382.30K","-2.03%"
"05/11/2011","2,166.63","2,161.44","2,166.63","2,144.94","378.00K","1.28%"
"05/09/2011","2,139.17","2,157.95","2,161.93","2,136.59","253.90K","-0.39%"
"05/06/2011","2,147.45","2,153.50","2,156.81","2,133.97","344.20K","-1.52%"
"05/04/2011","2,180.64","2,196.90","2,201.69","2,173.21","393.70K","-0.91%"
"05/03/2011","2,200.73","2,224.40","2,228.04","2,188.11","375.10K","-1.27%"
"05/02/2011","2,228.96","2,203.09","2,229.09","2,202.92","302.50K","1.67%"
"04/29/2011","2,192.36","2,211.33","2,219.60","2,177.80","364.10K","-0.72%"
"04/28/2011","2,208.35","2,215.42","2,225.35","2,194.15","354.90K","0.07%"
"04/27/2011","2,206.70","2,225.95","2,231.47","2,191.82","423.20K","0.02%"
"04/26/2011","2,206.30","2,219.47","2,222.56","2,196.76","439.30K","-0.44%"
"04/25/2011","2,216.00","2,205.20","2,218.07","2,199.27","354.00K","0.83%"
"04/22/2011","2,197.82","2,203.04","2,208.06","2,190.87","390.80K","-0.03%"
"04/21/2011","2,198.54","2,190.64","2,211.36","2,183.52","416.00K","1.32%"
"04/20/2011","2,169.91","2,146.38","2,169.94","2,138.80","374.30K","2.23%"
"04/19/2011","2,122.68","2,117.94","2,136.95","2,111.60","375.00K","-0.70%"
"04/18/2011","2,137.72","2,146.83","2,149.45","2,128.02","358.30K","-0.13%"
"04/15/2011","2,140.50","2,136.27","2,142.71","2,126.59","356.70K","-0.03%"
"04/14/2011","2,141.06","2,116.49","2,141.07","2,109.63","371.70K","0.90%"
"04/13/2011","2,121.92","2,091.68","2,121.93","2,081.98","348.10K","1.56%"
"04/12/2011","2,089.40","2,117.21","2,117.21","2,088.67","311.10K","-1.55%"
"04/11/2011","2,122.39","2,127.20","2,135.33","2,115.89","316.10K","-0.26%"
"04/08/2011","2,127.97","2,119.01","2,135.98","2,118.72","392.80K","0.27%"
"04/07/2011","2,122.14","2,133.31","2,135.73","2,111.54","382.80K","-0.21%"
"04/06/2011","2,126.71","2,129.13","2,136.29","2,119.66","423.00K","-0.17%"
"04/05/2011","2,130.43","2,118.08","2,130.43","2,107.78","327.70K","0.69%"
"04/04/2011","2,115.87","2,124.37","2,125.53","2,103.82","301.80K","-0.24%"
"04/01/2011","2,121.01","2,107.67","2,121.02","2,101.83","337.90K","0.68%"
"03/31/2011","2,106.70","2,098.09","2,106.74","2,089.12","317.90K","0.73%"
"03/30/2011","2,091.38","2,075.91","2,100.20","2,074.26","316.90K","0.93%"
"03/29/2011","2,072.13","2,052.87","2,072.13","2,050.09","250.50K","0.77%"
"03/28/2011","2,056.39","2,054.28","2,059.92","2,043.99","285.40K","0.11%"
"03/25/2011","2,054.04","2,058.35","2,060.29","2,041.72","311.20K","0.85%"
"03/24/2011","2,036.78","2,022.26","2,036.93","2,022.08","295.50K","1.22%"
"03/23/2011","2,012.18","2,019.18","2,022.14","2,005.59","312.60K","-0.07%"
"03/22/2011","2,013.66","2,012.48","2,016.27","2,004.36","304.10K","0.51%"
"03/21/2011","2,003.42","1,985.47","2,005.32","1,985.15","292.30K","1.13%"
"03/18/2011","1,981.13","1,963.17","1,988.04","1,960.49","291.30K","1.13%"
"03/17/2011","1,959.03","1,921.59","1,961.09","1,919.13","305.70K","0.05%"
"03/16/2011","1,957.97","1,951.68","1,965.15","1,931.38","284.40K","1.77%"
"03/15/2011","1,923.92","1,966.82","1,985.82","1,882.09","403.90K","-2.40%"
"03/14/2011","1,971.23","1,949.08","1,971.23","1,928.99","388.60K","0.80%"
"03/11/2011","1,955.54","1,956.34","1,970.70","1,949.32","267.20K","-1.31%"
"03/10/2011","1,981.58","1,999.38","2,001.27","1,973.88","288.40K","-0.99%"
"03/09/2011","2,001.47","2,007.79","2,016.68","1,991.52","315.40K","0.26%"
"03/08/2011","1,996.32","1,984.08","2,007.24","1,974.73","304.80K","0.81%"
"03/07/2011","1,980.27","1,996.48","2,005.43","1,978.13","255.90K","-1.22%"
"03/04/2011","2,004.68","1,989.88","2,008.89","1,984.15","334.60K","1.73%"
"03/03/2011","1,970.66","1,942.24","1,970.66","1,941.23","284.80K","2.20%"
"03/02/2011","1,928.24","1,922.38","1,940.78","1,921.34","207.70K","-0.57%"
"02/28/2011","1,939.30","1,954.40","1,958.59","1,935.93","263.90K","-1.23%"
"02/25/2011","1,963.43","1,956.02","1,965.48","1,941.15","306.90K","0.69%"
"02/24/2011","1,949.88","1,957.63","1,970.66","1,945.41","281.60K","-0.60%"
"02/23/2011","1,961.63","1,962.70","1,977.99","1,951.75","308.60K","-0.42%"
"02/22/2011","1,969.92","1,978.34","1,982.70","1,958.77","346.10K","-1.76%"
"02/21/2011","2,005.30","2,014.15","2,014.98","1,991.70","324.20K","-0.39%"
"02/18/2011","2,013.14","1,989.24","2,015.78","1,981.75","494.00K","1.82%"
"02/17/2011","1,977.22","2,002.00","2,006.59","1,959.71","340.30K","-0.60%"
"02/16/2011","1,989.11","2,007.08","2,021.69","1,989.11","297.60K","-1.06%"
"02/15/2011","2,010.52","2,018.40","2,029.99","2,003.58","275.00K","-0.20%"
"02/14/2011","2,014.59","1,999.09","2,015.84","1,986.94","279.50K","1.89%"
"02/11/2011","1,977.19","2,010.29","2,021.42","1,975.47","317.30K","-1.56%"
"02/10/2011","2,008.50","2,041.07","2,043.07","2,008.50","309.80K","-1.81%"
"02/09/2011","2,045.58","2,077.12","2,077.12","2,037.30","333.20K","-1.17%"
"02/08/2011","2,069.70","2,090.47","2,092.43","2,066.71","300.30K","-0.58%"
"02/07/2011","2,081.74","2,102.76","2,107.83","2,081.73","285.90K","0.47%"
"02/01/2011","2,072.03","2,079.92","2,086.56","2,071.73","290.80K","0.11%"
"01/31/2011","2,069.73","2,080.60","2,089.72","2,069.73","320.90K","-1.81%"
"01/28/2011","2,107.87","2,115.69","2,119.49","2,095.36","413.00K","-0.34%"
"01/27/2011","2,115.01","2,115.04","2,121.06","2,108.53","358.90K","0.22%"
"01/26/2011","2,110.46","2,093.59","2,112.33","2,092.41","369.40K","1.14%"
"01/25/2011","2,086.67","2,092.27","2,105.33","2,083.80","421.00K","0.22%"
"01/24/2011","2,082.16","2,067.32","2,082.97","2,064.00","340.20K","0.59%"
"01/21/2011","2,069.92","2,103.74","2,104.39","2,066.82","395.40K","-1.74%"
"01/20/2011","2,106.66","2,111.41","2,114.20","2,102.61","335.50K","-0.43%"
"01/19/2011","2,115.69","2,106.53","2,119.24","2,084.08","425.50K","0.92%"
"01/18/2011","2,096.48","2,095.85","2,111.40","2,093.32","454.90K","-0.16%"
"01/17/2011","2,099.85","2,112.37","2,118.86","2,099.84","428.40K","-0.39%"
"01/14/2011","2,108.17","2,089.70","2,108.17","2,076.44","424.70K","0.89%"
"01/13/2011","2,089.48","2,097.04","2,109.34","2,083.80","424.20K","-0.26%"
"01/12/2011","2,094.95","2,091.70","2,098.00","2,085.99","433.30K","0.32%"
"01/11/2011","2,088.32","2,079.85","2,088.32","2,059.67","410.90K","0.36%"
"01/10/2011","2,080.81","2,082.29","2,088.64","2,069.30","342.60K","-0.26%"
"01/07/2011","2,086.20","2,073.68","2,086.20","2,068.66","335.60K","0.41%"
"01/06/2011","2,077.61","2,094.35","2,096.65","2,066.10","407.80K","-0.24%"
"01/05/2011","2,082.55","2,083.10","2,087.14","2,076.92","386.10K","-0.12%"
"01/04/2011","2,085.14","2,074.56","2,085.14","2,069.12","415.90K","0.73%"
"01/03/2011","2,070.08","2,063.69","2,070.09","2,054.83","354.10K","0.93%"
"12/30/2010","2,051.00","2,047.82","2,052.97","2,041.66","305.90K","0.37%"
"12/29/2010","2,043.49","2,028.57","2,043.49","2,027.52","282.60K","0.50%"
"12/28/2010","2,033.32","2,028.41","2,041.83","2,026.57","360.20K","0.55%"
"12/27/2010","2,022.19","2,024.56","2,034.62","2,018.75","282.90K","-0.37%"
"12/24/2010","2,029.60","2,040.64","2,042.89","2,027.96","317.40K","-0.39%"
"12/23/2010","2,037.53","2,042.41","2,043.62","2,028.78","341.10K","-0.03%"
"12/22/2010","2,038.11","2,039.35","2,045.39","2,035.25","335.40K","0.05%"
"12/21/2010","2,037.09","2,035.11","2,043.81","2,032.66","370.50K","0.83%"
"12/20/2010","2,020.28","2,008.14","2,021.70","1,996.44","409.20K","-0.30%"
"12/17/2010","2,026.30","2,018.28","2,027.55","2,010.75","503.50K","0.85%"
"12/16/2010","2,009.24","2,009.86","2,019.49","2,002.33","362.50K","-0.41%"
"12/15/2010","2,017.48","2,009.20","2,017.48","2,004.06","490.30K","0.42%"
"12/14/2010","2,009.05","2,000.60","2,009.05","1,996.82","396.60K","0.62%"
"12/13/2010","1,996.59","1,993.42","1,997.36","1,983.93","385.60K","0.53%"
"12/10/2010","1,986.14","1,984.11","1,991.96","1,979.73","373.90K","-0.14%"
"12/09/2010","1,988.96","1,963.88","1,988.96","1,961.68","448.30K","1.70%"
"12/08/2010","1,955.72","1,960.30","1,970.91","1,953.97","496.40K","-0.35%"
"12/07/2010","1,962.52","1,955.63","1,964.64","1,952.56","639.20K","0.45%"
"12/06/2010","1,953.64","1,961.23","1,961.47","1,946.35","460.30K","-0.18%"
"12/03/2010","1,957.26","1,960.61","1,960.61","1,948.51","438.60K","0.36%"
"12/02/2010","1,950.26","1,943.71","1,950.26","1,940.23","439.00K","1.09%"
"12/01/2010","1,929.32","1,907.70","1,929.32","1,904.71","339.20K","1.30%"
"11/30/2010","1,904.63","1,889.89","1,917.57","1,889.86","443.70K","0.48%"
"11/29/2010","1,895.54","1,904.95","1,912.53","1,880.58","299.80K","-0.33%"
"11/26/2010","1,901.80","1,932.78","1,936.72","1,893.94","459.20K","-1.34%"
"11/25/2010","1,927.68","1,934.97","1,935.59","1,916.16","323.40K","0.09%"
"11/24/2010","1,925.98","1,883.92","1,928.45","1,882.52","451.50K","-0.15%"
"11/23/2010","1,928.94","1,938.91","1,943.48","1,919.15","377.80K","-0.79%"
"11/22/2010","1,944.34","1,947.01","1,954.78","1,939.51","330.60K","0.17%"
"11/19/2010","1,940.96","1,936.74","1,940.96","1,927.81","292.70K","0.68%"
"11/18/2010","1,927.86","1,908.38","1,929.24","1,904.37","271.40K","1.62%"
"11/17/2010","1,897.11","1,877.23","1,908.17","1,875.34","293.30K","-0.11%"
"11/16/2010","1,899.13","1,912.11","1,916.07","1,890.00","336.30K","-0.77%"
"11/15/2010","1,913.81","1,918.69","1,925.43","1,900.25","303.80K","0.04%"
"11/12/2010","1,913.12","1,951.35","1,958.22","1,899.49","465.50K","-0.08%"
"11/11/2010","1,914.73","1,966.50","1,976.46","1,914.73","373.20K","-2.70%"
"11/10/2010","1,967.85","1,945.73","1,967.85","1,945.28","366.00K","1.05%"
"11/09/2010","1,947.46","1,943.56","1,947.66","1,935.38","298.80K","0.26%"
"11/08/2010","1,942.41","1,946.76","1,948.44","1,930.29","312.70K","0.18%"
"11/05/2010","1,938.96","1,962.34","1,966.99","1,938.57","401.40K","-0.18%"
"11/04/2010","1,942.50","1,941.56","1,945.58","1,936.04","324.80K","0.34%"
"11/03/2010","1,935.97","1,931.13","1,943.23","1,930.11","359.00K","0.93%"
"11/02/2010","1,918.04","1,912.28","1,920.29","1,907.18","340.80K","0.17%"
"11/01/2010","1,914.74","1,889.57","1,914.74","1,880.25","343.30K","1.69%"
"10/29/2010","1,882.95","1,913.61","1,913.95","1,875.31","375.80K","-1.31%"
"10/28/2010","1,907.87","1,909.38","1,914.89","1,901.80","348.40K","-0.09%"
"10/27/2010","1,909.54","1,919.48","1,924.61","1,902.18","392.90K","-0.51%"
"10/26/2010","1,919.41","1,913.25","1,919.56","1,909.27","351.90K","0.19%"
"10/25/2010","1,915.71","1,902.51","1,918.87","1,899.08","408.20K","0.97%"
"10/22/2010","1,897.31","1,882.08","1,897.31","1,880.25","348.40K","1.21%"
"10/21/2010","1,874.69","1,878.51","1,879.08","1,858.38","414.90K","0.23%"
"10/20/2010","1,870.44","1,844.41","1,875.76","1,837.08","367.90K","0.71%"
"10/19/2010","1,857.32","1,878.98","1,885.23","1,857.32","426.80K","-0.97%"
"10/18/2010","1,875.42","1,904.57","1,904.79","1,875.42","372.20K","-1.41%"
"10/15/2010","1,902.29","1,898.85","1,903.25","1,893.76","369.30K","0.13%"
"10/14/2010","1,899.76","1,886.68","1,899.76","1,884.45","375.10K","1.26%"
"10/13/2010","1,876.15","1,878.58","1,881.20","1,866.41","318.80K","0.43%"
"10/12/2010","1,868.04","1,892.27","1,893.13","1,857.93","315.50K","-1.16%"
"10/11/2010","1,889.91","1,908.55","1,909.01","1,885.08","341.20K","-0.38%"
"10/08/2010","1,897.07","1,900.86","1,900.86","1,887.98","374.10K","-0.20%"
"10/07/2010","1,900.85","1,901.20","1,906.02","1,893.14","399.00K","-0.16%"
"10/06/2010","1,903.95","1,897.07","1,905.73","1,894.02","392.10K","1.33%"
"10/05/2010","1,878.94","1,874.10","1,885.00","1,868.89","342.70K","-0.02%"
"10/04/2010","1,879.29","1,884.49","1,889.50","1,875.93","392.50K","0.14%"
"10/01/2010","1,876.73","1,872.39","1,884.00","1,868.90","366.20K","0.21%"
"09/30/2010","1,872.81","1,870.21","1,872.81","1,861.18","353.50K","0.34%"
"09/29/2010","1,866.45","1,865.27","1,873.79","1,864.43","359.90K","0.56%"
"09/28/2010","1,855.97","1,859.04","1,862.72","1,852.52","357.10K","-0.26%"
"09/27/2010","1,860.83","1,856.42","1,862.03","1,851.97","383.60K","0.77%"
"09/24/2010","1,846.60","1,830.22","1,846.60","1,825.80","274.20K","0.76%"
"09/20/2010","1,832.63","1,821.52","1,833.78","1,818.60","242.70K","0.29%"
"09/17/2010","1,827.35","1,823.64","1,828.54","1,812.05","317.40K","0.86%"
"09/16/2010","1,811.85","1,822.35","1,824.61","1,811.85","336.30K","-0.66%"
"09/15/2010","1,823.88","1,817.30","1,827.00","1,813.09","338.90K","0.48%"
"09/14/2010","1,815.25","1,824.78","1,827.03","1,810.78","387.00K","-0.20%"
"09/13/2010","1,818.86","1,812.03","1,819.12","1,807.59","386.80K","0.90%"
"09/10/2010","1,802.58","1,792.75","1,808.18","1,791.95","340.70K","1.02%"
"09/09/2010","1,784.36","1,786.83","1,790.47","1,775.07","367.90K","0.29%"
"09/08/2010","1,779.22","1,780.48","1,785.48","1,770.78","322.50K","-0.48%"
"09/07/2010","1,787.74","1,792.07","1,796.50","1,786.37","316.90K","-0.26%"
"09/06/2010","1,792.42","1,791.76","1,794.07","1,784.49","328.10K","0.70%"
"09/03/2010","1,780.02","1,780.80","1,786.04","1,774.95","312.00K","0.24%"
"09/02/2010","1,775.73","1,783.22","1,783.85","1,767.67","292.80K","0.63%"
"09/01/2010","1,764.69","1,751.96","1,767.21","1,748.30","305.30K","1.26%"
"08/31/2010","1,742.75","1,746.85","1,752.07","1,736.23","289.50K","-0.99%"
"08/30/2010","1,760.13","1,749.02","1,760.35","1,746.21","247.40K","1.77%"
"08/27/2010","1,729.56","1,724.00","1,732.84","1,719.20","245.60K","-0.01%"
"08/26/2010","1,729.76","1,744.08","1,744.40","1,729.76","303.00K","-0.29%"
"08/25/2010","1,734.79","1,745.77","1,753.57","1,734.79","346.30K","-1.46%"
"08/24/2010","1,760.53","1,757.10","1,771.76","1,749.11","401.70K","-0.41%"
"08/23/2010","1,767.71","1,780.59","1,788.71","1,766.77","330.30K","-0.44%"
"08/20/2010","1,775.54","1,769.02","1,776.35","1,765.58","362.00K","-0.23%"
"08/19/2010","1,779.64","1,763.60","1,781.07","1,762.98","344.90K","1.00%"
"08/18/2010","1,761.99","1,763.84","1,765.01","1,753.68","371.50K","0.40%"
"08/17/2010","1,755.03","1,737.36","1,757.22","1,734.51","427.00K","0.67%"
"08/16/2010","1,743.31","1,735.36","1,746.02","1,716.86","314.50K","-0.17%"
"08/13/2010","1,746.24","1,731.15","1,747.11","1,725.24","278.60K","1.42%"
"08/12/2010","1,721.75","1,731.34","1,742.80","1,721.75","359.80K","-2.07%"
"08/11/2010","1,758.19","1,775.34","1,776.99","1,754.18","380.40K","-1.29%"
"08/10/2010","1,781.13","1,792.12","1,794.55","1,779.57","301.10K","-0.50%"
"08/09/2010","1,790.17","1,779.38","1,790.21","1,776.72","290.70K","0.36%"
"08/06/2010","1,783.83","1,782.47","1,785.98","1,769.46","336.30K","-0.00%"
"08/05/2010","1,783.86","1,796.63","1,797.42","1,773.49","338.10K","-0.30%"
"08/04/2010","1,789.26","1,795.23","1,795.23","1,774.48","335.40K","-0.07%"
"08/03/2010","1,790.60","1,796.00","1,796.28","1,784.57","349.30K","0.47%"
"08/02/2010","1,782.27","1,771.38","1,784.10","1,767.60","332.90K","1.30%"
"07/30/2010","1,759.33","1,768.24","1,774.74","1,754.58","370.90K","-0.65%"
"07/29/2010","1,770.88","1,770.44","1,776.96","1,767.96","348.60K","-0.15%"
"07/28/2010","1,773.47","1,773.69","1,775.82","1,764.54","325.70K","0.29%"
"07/27/2010","1,768.31","1,775.47","1,778.72","1,765.42","361.50K","-0.04%"
"07/26/2010","1,769.07","1,760.10","1,774.05","1,758.99","320.60K","0.63%"
"07/23/2010","1,758.06","1,756.38","1,760.62","1,745.04","372.80K","1.30%"
"07/22/2010","1,735.53","1,744.70","1,752.58","1,732.49","405.20K","-0.76%"
"07/21/2010","1,748.78","1,752.69","1,755.66","1,740.11","375.90K","0.69%"
"07/20/2010","1,736.77","1,727.38","1,740.82","1,724.60","308.00K","0.28%"
"07/19/2010","1,731.95","1,719.14","1,737.90","1,717.97","282.10K","-0.37%"
"07/16/2010","1,738.45","1,751.20","1,754.28","1,736.66","376.50K","-0.73%"
"07/15/2010","1,751.29","1,754.71","1,759.19","1,748.98","392.90K","-0.38%"
"07/14/2010","1,758.01","1,754.43","1,764.81","1,754.12","534.50K","1.32%"
"07/13/2010","1,735.08","1,737.92","1,750.48","1,732.85","412.10K","0.06%"
"07/12/2010","1,734.05","1,731.73","1,734.05","1,724.60","345.90K","0.64%"
"07/09/2010","1,723.01","1,708.72","1,723.14","1,697.61","471.80K","1.43%"
"07/08/2010","1,698.64","1,699.17","1,702.65","1,692.93","330.70K","1.37%"
"07/07/2010","1,675.65","1,685.77","1,685.77","1,668.61","345.70K","-0.55%"
"07/06/2010","1,684.94","1,664.87","1,684.94","1,650.30","337.50K","0.57%"
"07/05/2010","1,675.37","1,675.43","1,680.39","1,664.22","356.60K","0.21%"
"07/02/2010","1,671.82","1,688.95","1,693.75","1,667.38","344.90K","-0.86%"
"07/01/2010","1,686.24","1,687.00","1,693.90","1,664.54","327.70K","-0.71%"
"06/30/2010","1,698.29","1,678.54","1,699.55","1,675.47","341.70K","-0.55%"
"06/29/2010","1,707.76","1,735.31","1,739.97","1,703.47","381.30K","-1.40%"
"06/28/2010","1,732.03","1,734.53","1,735.27","1,726.25","347.00K","0.13%"
"06/25/2010","1,729.84","1,721.53","1,733.70","1,719.08","303.70K","-0.58%"
"06/24/2010","1,739.87","1,724.85","1,739.87","1,721.72","313.80K","0.81%"
"06/23/2010","1,725.82","1,722.52","1,731.78","1,721.41","371.80K","-0.33%"
"06/22/2010","1,731.48","1,727.96","1,734.42","1,723.96","404.70K","-0.47%"
"06/21/2010","1,739.68","1,728.37","1,741.48","1,723.77","391.90K","1.62%"
"06/18/2010","1,711.95","1,710.40","1,712.35","1,701.92","293.70K","0.24%"
"06/17/2010","1,707.92","1,707.29","1,711.48","1,701.28","369.80K","0.15%"
"06/16/2010","1,705.33","1,707.98","1,710.57","1,694.92","380.00K","0.91%"
"06/15/2010","1,690.03","1,687.85","1,696.74","1,684.52","347.80K","-0.03%"
"06/14/2010","1,690.60","1,683.29","1,698.21","1,681.95","373.90K","0.91%"
"06/11/2010","1,675.34","1,674.61","1,681.70","1,662.75","369.40K","1.43%"
"06/10/2010","1,651.70","1,651.92","1,662.32","1,643.71","307.90K","0.27%"
"06/09/2010","1,647.22","1,653.12","1,655.61","1,638.38","315.10K","-0.26%"
"06/08/2010","1,651.48","1,635.01","1,656.37","1,630.43","280.30K","0.82%"
"06/07/2010","1,637.97","1,628.06","1,638.88","1,618.57","300.90K","-1.57%"
"06/04/2010","1,664.13","1,660.99","1,670.94","1,658.52","286.10K","0.14%"
"06/03/2010","1,661.84","1,643.74","1,663.67","1,641.77","308.80K","1.93%"
"06/01/2010","1,630.40","1,634.55","1,643.08","1,623.40","314.10K","-0.66%"
"05/31/2010","1,641.25","1,625.08","1,641.25","1,621.09","299.40K","1.14%"
"05/28/2010","1,622.78","1,630.14","1,630.18","1,606.76","315.90K","0.95%"
"05/27/2010","1,607.50","1,565.59","1,611.59","1,565.40","357.60K","1.60%"
"05/26/2010","1,582.12","1,575.29","1,582.12","1,549.65","358.20K","1.36%"
"05/25/2010","1,560.83","1,585.17","1,585.60","1,532.68","475.20K","-2.75%"
"05/24/2010","1,604.93","1,589.83","1,612.91","1,585.62","270.80K","0.30%"
"05/20/2010","1,600.18","1,624.17","1,640.47","1,591.93","358.20K","-1.83%"
"05/19/2010","1,630.08","1,621.32","1,630.31","1,601.54","417.50K","-0.80%"
"05/18/2010","1,643.24","1,662.31","1,663.15","1,629.35","493.30K","-0.50%"
"05/17/2010","1,651.51","1,668.57","1,673.01","1,644.71","402.50K","-2.60%"
"05/14/2010","1,695.63","1,685.75","1,699.59","1,677.44","432.90K","0.06%"
"05/13/2010","1,694.58","1,683.76","1,700.00","1,682.91","400.40K","1.90%"
"05/12/2010","1,663.03","1,678.79","1,680.16","1,657.67","453.20K","-0.43%"
"05/11/2010","1,670.24","1,692.40","1,692.40","1,661.71","457.10K","-0.44%"
"05/10/2010","1,677.63","1,661.61","1,679.58","1,654.41","383.50K","1.83%"
"05/07/2010","1,647.50","1,632.45","1,658.30","1,625.83","456.40K","-2.21%"
"05/06/2010","1,684.71","1,679.79","1,689.16","1,674.11","448.60K","-1.98%"
"05/04/2010","1,718.75","1,730.57","1,734.47","1,714.17","381.00K","-0.14%"
"05/03/2010","1,721.21","1,735.68","1,740.15","1,709.81","414.10K","-1.17%"
"04/30/2010","1,741.56","1,742.32","1,749.69","1,739.81","412.10K","0.76%"
"04/29/2010","1,728.42","1,738.77","1,738.77","1,720.67","446.70K","-0.32%"
"04/28/2010","1,733.91","1,716.17","1,733.91","1,714.53","399.80K","-0.89%"
"04/27/2010","1,749.55","1,748.84","1,756.15","1,742.27","432.40K","-0.15%"
"04/26/2010","1,752.20","1,745.98","1,757.76","1,745.80","420.60K","0.87%"
"04/23/2010","1,737.03","1,747.92","1,748.46","1,732.88","463.20K","-0.14%"
"04/22/2010","1,739.52","1,737.29","1,740.04","1,727.61","528.10K","-0.46%"
"04/21/2010","1,747.58","1,730.37","1,748.19","1,729.77","535.00K","1.72%"
"04/20/2010","1,718.03","1,715.83","1,721.36","1,710.18","522.30K","0.75%"
"04/19/2010","1,705.30","1,708.39","1,720.03","1,700.69","367.60K","-1.68%"
"04/16/2010","1,734.49","1,742.24","1,743.65","1,723.28","381.10K","-0.54%"
"04/15/2010","1,743.91","1,745.52","1,747.38","1,729.59","464.90K","0.49%"
"04/14/2010","1,735.33","1,720.42","1,735.33","1,720.42","431.60K","1.45%"
"04/13/2010","1,710.59","1,714.96","1,716.09","1,699.58","369.60K","0.02%"
"04/12/2010","1,710.30","1,730.37","1,733.30","1,707.92","416.60K","-0.82%"
"04/09/2010","1,724.47","1,735.00","1,737.45","1,710.11","452.50K","-0.54%"
"04/08/2010","1,733.78","1,722.13","1,733.78","1,719.51","362.60K","0.42%"
"04/07/2010","1,726.60","1,725.31","1,729.23","1,722.19","399.70K","0.03%"
"04/06/2010","1,726.09","1,732.98","1,732.98","1,719.14","420.90K","0.06%"
"04/05/2010","1,724.99","1,728.27","1,731.00","1,711.16","426.90K","0.09%"
"04/02/2010","1,723.49","1,723.29","1,725.39","1,715.56","355.10K","0.25%"
"04/01/2010","1,719.17","1,695.30","1,719.74","1,695.30","297.00K","1.55%"
"03/31/2010","1,692.85","1,702.58","1,704.81","1,689.92","328.30K","-0.43%"
"03/30/2010","1,700.19","1,705.51","1,705.57","1,693.83","321.00K","0.48%"
"03/29/2010","1,691.99","1,681.99","1,699.81","1,681.44","339.60K","-0.34%"
"03/26/2010","1,697.72","1,683.96","1,699.94","1,680.91","397.60K","0.55%"
"03/25/2010","1,688.39","1,680.42","1,688.39","1,677.05","389.70K","0.44%"
"03/24/2010","1,681.01","1,693.56","1,695.03","1,678.07","371.50K","-0.05%"
"03/23/2010","1,681.82","1,685.07","1,689.46","1,677.91","414.30K","0.55%"
"03/22/2010","1,672.67","1,678.51","1,680.94","1,664.88","347.60K","-0.80%"
"03/19/2010","1,686.11","1,682.52","1,687.68","1,677.62","441.80K","0.65%"
"03/18/2010","1,675.17","1,679.21","1,687.70","1,675.10","434.50K","-0.46%"
"03/17/2010","1,682.86","1,663.30","1,682.86","1,659.64","606.00K","2.11%"
"03/16/2010","1,648.01","1,654.52","1,655.27","1,642.86","512.60K","-0.09%"
"03/15/2010","1,649.50","1,663.86","1,667.44","1,643.51","343.80K","-0.80%"
"03/12/2010","1,662.74","1,666.59","1,666.86","1,653.03","369.50K","0.37%"
"03/11/2010","1,656.62","1,670.82","1,672.48","1,656.48","529.00K","-0.34%"
"03/10/2010","1,662.24","1,662.00","1,662.88","1,653.69","500.10K","0.08%"
"03/09/2010","1,660.83","1,657.94","1,661.26","1,653.98","634.70K","0.05%"
"03/08/2010","1,660.04","1,653.54","1,660.28","1,649.67","367.80K","1.56%"
"03/05/2010","1,634.57","1,624.80","1,634.57","1,624.74","344.10K","1.01%"
"03/04/2010","1,618.20","1,625.35","1,631.10","1,612.47","383.00K","-0.26%"
"03/03/2010","1,622.44","1,615.25","1,622.63","1,611.35","403.50K","0.45%"
"03/02/2010","1,615.12","1,612.43","1,620.15","1,608.97","415.10K","1.29%"
"02/26/2010","1,594.58","1,593.73","1,596.55","1,580.70","331.80K","0.45%"
"02/25/2010","1,587.51","1,620.25","1,621.84","1,582.22","403.20K","-1.57%"
"02/24/2010","1,612.83","1,616.55","1,618.46","1,606.24","390.70K","-0.99%"
"02/23/2010","1,628.90","1,626.75","1,630.45","1,616.04","352.00K","0.11%"
"02/22/2010","1,627.10","1,617.16","1,630.51","1,617.16","307.20K","2.08%"
"02/19/2010","1,593.90","1,611.09","1,623.25","1,592.92","345.80K","-1.68%"
"02/18/2010","1,621.19","1,630.89","1,631.71","1,618.81","314.00K","-0.38%"
"02/17/2010","1,627.43","1,619.04","1,628.31","1,618.27","383.60K","1.65%"
"02/16/2010","1,601.05","1,589.97","1,608.86","1,586.87","275.30K","0.46%"
"02/12/2010","1,593.66","1,595.95","1,598.41","1,577.89","292.30K","-0.26%"
"02/11/2010","1,597.81","1,574.95","1,600.41","1,574.77","393.80K","1.76%"
"02/10/2010","1,570.12","1,578.83","1,581.56","1,565.79","436.10K","-0.02%"
"02/09/2010","1,570.49","1,550.80","1,571.96","1,549.11","433.90K","1.14%"
"02/08/2010","1,552.79","1,565.24","1,566.30","1,548.78","445.70K","-0.91%"
"02/05/2010","1,567.12","1,567.59","1,575.16","1,560.99","460.80K","-3.05%"
"02/04/2010","1,616.42","1,615.48","1,619.37","1,607.87","396.80K","0.09%"
"02/03/2010","1,615.02","1,614.16","1,618.86","1,602.55","438.20K","1.20%"
"02/02/2010","1,595.81","1,618.60","1,618.60","1,591.24","435.00K","-0.66%"
"02/01/2010","1,606.44","1,603.87","1,611.99","1,590.80","382.20K","0.25%"
"01/29/2010","1,602.43","1,621.00","1,626.57","1,595.39","473.90K","-2.44%"
"01/28/2010","1,642.43","1,632.58","1,649.46","1,619.26","479.60K","1.04%"
"01/27/2010","1,625.48","1,641.88","1,643.64","1,620.55","446.50K","-0.72%"
"01/26/2010","1,637.34","1,670.47","1,671.66","1,626.98","576.90K","-1.97%"
"01/25/2010","1,670.20","1,662.77","1,681.83","1,660.58","585.00K","-0.84%"
"01/22/2010","1,684.35","1,696.21","1,706.09","1,665.60","615.10K","-2.19%"
"01/21/2010","1,722.01","1,700.53","1,722.01","1,695.18","543.50K","0.45%"
"01/20/2010","1,714.38","1,723.01","1,723.01","1,708.58","695.70K","0.24%"
"01/19/2010","1,710.22","1,719.41","1,723.22","1,706.73","384.40K","-0.09%"
"01/18/2010","1,711.78","1,696.14","1,716.62","1,688.89","420.80K","0.59%"
"01/15/2010","1,701.80","1,694.65","1,704.43","1,686.12","415.90K","0.95%"
"01/14/2010","1,685.77","1,680.68","1,692.78","1,677.46","433.80K","0.86%"
"01/13/2010","1,671.41","1,683.51","1,687.58","1,671.11","361.90K","-1.60%"
"01/12/2010","1,698.64","1,695.83","1,701.16","1,683.29","383.80K","0.27%"
"01/11/2010","1,694.12","1,700.79","1,705.73","1,694.12","407.70K","-0.07%"
"01/08/2010","1,695.26","1,694.06","1,695.26","1,668.84","380.00K","0.70%"
"01/07/2010","1,683.45","1,702.92","1,707.90","1,683.45","462.40K","-1.28%"
"01/06/2010","1,705.32","1,697.88","1,706.89","1,696.10","426.00K","0.87%"
"01/05/2010","1,690.62","1,701.62","1,702.39","1,686.45","408.90K","-0.33%"
"01/04/2010","1,696.14","1,681.71","1,696.14","1,681.71","296.50K","0.79%"
"12/30/2009","1,682.77","1,670.19","1,682.77","1,661.11","326.50K","0.62%"
"12/29/2009","1,672.48","1,674.96","1,683.05","1,662.07","318.00K","-0.78%"
"12/28/2009","1,685.59","1,695.19","1,695.33","1,679.56","389.50K","0.19%"
"12/24/2009","1,682.34","1,663.66","1,687.08","1,662.31","330.90K","1.26%"
"12/23/2009","1,661.35","1,661.44","1,661.68","1,654.87","371.80K","0.35%"
"12/22/2009","1,655.54","1,656.18","1,658.10","1,647.21","472.10K","0.69%"
"12/21/2009","1,644.23","1,646.32","1,650.89","1,637.23","288.60K","-0.17%"
"12/18/2009","1,647.04","1,639.25","1,651.02","1,632.09","264.00K","-0.05%"
"12/17/2009","1,647.84","1,663.65","1,664.65","1,647.66","376.80K","-0.99%"
"12/16/2009","1,664.24","1,666.16","1,670.10","1,652.10","370.50K","-0.10%"
"12/15/2009","1,665.85","1,659.77","1,667.73","1,657.85","366.10K","0.06%"
"12/14/2009","1,664.77","1,662.74","1,664.85","1,644.75","412.00K","0.47%"
"12/11/2009","1,656.90","1,650.57","1,664.05","1,641.54","438.80K","0.25%"
"12/10/2009","1,652.73","1,635.58","1,652.73","1,612.71","470.00K","1.14%"
"12/09/2009","1,634.17","1,615.65","1,634.17","1,609.81","354.60K","0.39%"
"12/08/2009","1,627.78","1,630.78","1,638.22","1,622.31","355.50K","-0.30%"
"12/07/2009","1,632.65","1,633.30","1,635.72","1,625.44","267.00K","0.49%"
"12/04/2009","1,624.76","1,609.07","1,629.80","1,608.39","281.90K","0.60%"
"12/03/2009","1,615.00","1,597.31","1,615.00","1,594.50","282.30K","1.47%"
"12/02/2009","1,591.63","1,582.62","1,597.12","1,579.99","329.40K","1.40%"
"12/01/2009","1,569.72","1,550.35","1,569.72","1,541.09","304.90K","0.91%"
"11/30/2009","1,555.60","1,547.65","1,566.51","1,547.65","311.50K","2.04%"
"11/27/2009","1,524.50","1,574.56","1,581.44","1,519.40","390.00K","-4.69%"
"11/26/2009","1,599.52","1,606.73","1,621.21","1,599.51","282.60K","-0.77%"
"11/25/2009","1,611.88","1,608.83","1,614.90","1,599.08","287.00K","0.34%"
"11/24/2009","1,606.42","1,626.93","1,627.11","1,601.14","397.90K","-0.78%"
"11/23/2009","1,619.05","1,623.80","1,630.41","1,611.73","257.00K","-0.10%"
"11/20/2009","1,620.60","1,613.28","1,624.90","1,612.32","262.30K","0.00%"
"11/19/2009","1,620.54","1,608.94","1,625.35","1,608.58","281.50K","1.03%"
"11/18/2009","1,603.97","1,595.88","1,612.63","1,594.86","280.00K","1.13%"
"11/17/2009","1,585.98","1,599.79","1,602.67","1,585.97","296.00K","-0.41%"
"11/16/2009","1,592.47","1,577.63","1,592.48","1,566.83","246.30K","1.30%"
"11/13/2009","1,571.99","1,581.60","1,587.07","1,561.93","260.00K","-0.05%"
"11/12/2009","1,572.73","1,598.55","1,603.01","1,572.72","282.80K","-1.39%"
"11/11/2009","1,594.82","1,590.44","1,594.82","1,574.78","263.30K","0.79%"
"11/10/2009","1,582.30","1,595.33","1,600.41","1,580.03","276.90K","0.35%"
"11/09/2009","1,576.79","1,577.92","1,592.10","1,573.36","246.20K","0.28%"
"11/06/2009","1,572.46","1,577.64","1,577.64","1,565.48","254.30K","1.30%"
"11/05/2009","1,552.24","1,568.67","1,571.80","1,551.94","204.40K","-1.75%"
"11/04/2009","1,579.93","1,556.02","1,579.93","1,550.73","267.40K","1.94%"
"11/03/2009","1,549.92","1,562.10","1,565.01","1,549.10","274.50K","-0.59%"
"11/02/2009","1,559.09","1,543.24","1,570.15","1,543.24","289.90K","-1.37%"
"10/30/2009","1,580.69","1,605.12","1,605.12","1,580.69","272.70K","-0.33%"
"10/29/2009","1,585.85","1,584.52","1,587.19","1,564.41","372.50K","-1.48%"
"10/28/2009","1,609.71","1,648.80","1,652.46","1,604.01","370.00K","-2.41%"
"10/27/2009","1,649.53","1,646.76","1,651.63","1,637.15","334.70K","-0.46%"
"10/26/2009","1,657.11","1,634.33","1,663.03","1,633.92","314.20K","1.03%"
"10/23/2009","1,640.17","1,643.62","1,647.27","1,633.11","331.30K","0.60%"
"10/22/2009","1,630.33","1,638.01","1,650.03","1,623.96","386.90K","-1.42%"
"10/21/2009","1,653.86","1,649.81","1,664.52","1,645.56","366.30K","-0.32%"
"10/20/2009","1,659.15","1,663.95","1,665.65","1,649.27","402.30K","0.61%"
"10/19/2009","1,649.07","1,633.34","1,649.69","1,614.85","279.90K","0.53%"
"10/16/2009","1,640.36","1,656.07","1,667.49","1,638.49","373.00K","-1.12%"
"10/15/2009","1,658.99","1,661.69","1,672.08","1,653.33","374.20K","0.60%"
"10/14/2009","1,649.09","1,642.10","1,653.22","1,637.78","412.10K","1.24%"
"10/13/2009","1,628.93","1,634.49","1,642.78","1,614.46","420.30K","-0.66%"
"10/12/2009","1,639.81","1,660.19","1,661.37","1,631.59","413.70K","-0.42%"
"10/09/2009","1,646.79","1,622.12","1,648.98","1,614.61","440.50K","1.94%"
"10/08/2009","1,615.46","1,607.86","1,615.46","1,591.15","377.00K","1.09%"
"10/07/2009","1,598.00","1,619.07","1,625.11","1,598.00","411.30K","-0.03%"
"10/06/2009","1,598.44","1,620.31","1,626.02","1,590.47","390.40K","-0.53%"
"10/05/2009","1,606.90","1,622.10","1,629.01","1,603.71","319.00K","-2.29%"
"10/01/2009","1,644.63","1,680.46","1,685.01","1,629.55","337.40K","-1.70%"
"09/30/2009","1,673.14","1,688.60","1,704.24","1,665.90","369.90K","-1.00%"
"09/29/2009","1,690.05","1,695.94","1,696.71","1,680.69","343.70K","0.87%"
"09/28/2009","1,675.55","1,678.57","1,685.34","1,668.97","351.40K","-0.94%"
"09/25/2009","1,691.48","1,686.41","1,691.71","1,662.52","391.90K","-0.14%"
"09/24/2009","1,693.88","1,706.19","1,715.55","1,680.96","421.20K","-1.03%"
"09/23/2009","1,711.47","1,723.03","1,723.17","1,705.98","503.20K","-0.43%"
"09/22/2009","1,718.88","1,701.96","1,720.73","1,701.57","448.40K","1.38%"
"09/21/2009","1,695.50","1,700.56","1,709.34","1,691.92","517.30K","-0.25%"
"09/18/2009","1,699.71","1,695.17","1,713.22","1,691.64","500.10K","0.25%"
"09/17/2009","1,695.47","1,700.19","1,704.88","1,682.04","527.90K","0.72%"
"09/16/2009","1,683.33","1,660.43","1,693.84","1,660.43","568.40K","1.81%"
"09/15/2009","1,653.40","1,646.29","1,654.92","1,640.87","550.50K","1.13%"
"09/14/2009","1,634.91","1,653.17","1,653.59","1,628.96","432.40K","-1.02%"
"09/11/2009","1,651.70","1,644.31","1,653.77","1,639.83","514.70K","0.43%"
"09/10/2009","1,644.68","1,615.71","1,644.68","1,613.76","581.10K","2.30%"
"09/09/2009","1,607.77","1,622.25","1,622.81","1,602.69","518.40K","-0.74%"
"09/08/2009","1,619.69","1,616.48","1,622.73","1,610.91","523.90K","0.69%"
"09/07/2009","1,608.57","1,618.79","1,619.98","1,601.04","411.20K","-0.02%"
"09/04/2009","1,608.90","1,623.07","1,623.07","1,597.20","594.80K","-0.29%"
"09/03/2009","1,613.53","1,614.53","1,620.06","1,605.96","493.30K","0.02%"
"09/02/2009","1,613.16","1,598.66","1,622.82","1,592.48","561.70K","-0.61%"
"09/01/2009","1,623.06","1,592.29","1,624.34","1,583.11","444.40K","1.96%"
"08/31/2009","1,591.85","1,607.61","1,611.65","1,580.28","443.60K","-1.00%"
"08/28/2009","1,607.94","1,612.93","1,616.29","1,599.68","455.50K","0.54%"
"08/27/2009","1,599.33","1,608.83","1,614.07","1,590.98","426.30K","-0.92%"
"08/26/2009","1,614.12","1,607.70","1,615.05","1,602.40","451.60K","0.80%"
"08/25/2009","1,601.38","1,603.03","1,610.33","1,596.00","461.10K","-0.67%"
"08/24/2009","1,612.22","1,604.31","1,614.05","1,602.34","541.30K","1.98%"
"08/21/2009","1,580.98","1,582.61","1,590.15","1,564.45","514.70K","0.29%"
"08/20/2009","1,576.39","1,559.99","1,577.08","1,544.50","454.90K","1.97%"
"08/19/2009","1,545.96","1,555.03","1,564.90","1,545.93","521.60K","-0.28%"
"08/18/2009","1,550.24","1,534.22","1,560.73","1,530.65","598.30K","0.21%"
"08/17/2009","1,547.06","1,588.73","1,588.73","1,541.74","594.90K","-2.79%"
"08/14/2009","1,591.41","1,582.21","1,594.46","1,579.17","606.50K","1.71%"
"08/13/2009","1,564.64","1,578.95","1,581.34","1,564.64","562.80K","-0.05%"
"08/12/2009","1,565.35","1,571.74","1,571.74","1,552.51","510.50K","-0.88%"
"08/11/2009","1,579.21","1,572.33","1,580.44","1,570.51","574.00K","0.20%"
"08/10/2009","1,576.11","1,585.35","1,588.15","1,573.22","490.60K","0.01%"
"08/07/2009","1,576.00","1,563.13","1,576.80","1,559.18","477.60K","0.70%"
"08/06/2009","1,565.04","1,555.64","1,572.17","1,546.50","492.30K","0.36%"
"08/05/2009","1,559.47","1,571.71","1,575.03","1,557.79","494.90K","-0.44%"
"08/04/2009","1,566.37","1,576.95","1,586.12","1,558.47","589.90K","0.09%"
"08/03/2009","1,564.98","1,561.94","1,570.01","1,554.77","490.20K","0.49%"
"07/31/2009","1,557.29","1,543.05","1,559.07","1,536.86","466.50K","1.47%"
"07/30/2009","1,534.74","1,524.56","1,535.36","1,511.13","431.30K","0.68%"
"07/29/2009","1,524.32","1,524.08","1,529.80","1,516.03","486.40K","-0.11%"
"07/28/2009","1,526.03","1,521.49","1,528.55","1,518.50","431.40K","0.13%"
"07/27/2009","1,524.05","1,510.75","1,529.26","1,505.85","504.10K","1.43%"
"07/24/2009","1,502.59","1,508.32","1,510.82","1,496.89","533.00K","0.41%"
"07/23/2009","1,496.49","1,495.39","1,504.70","1,484.83","642.90K","0.16%"
"07/22/2009","1,494.04","1,492.37","1,496.49","1,485.04","506.90K","0.34%"
"07/21/2009","1,488.99","1,489.45","1,496.87","1,480.64","514.70K","0.71%"
"07/20/2009","1,478.51","1,447.85","1,480.49","1,447.11","505.00K","2.67%"
"07/17/2009","1,440.10","1,443.49","1,445.60","1,432.80","403.70K","0.55%"
"07/16/2009","1,432.22","1,438.02","1,442.10","1,426.51","424.00K","0.80%"
"07/15/2009","1,420.86","1,402.76","1,422.41","1,402.28","398.40K","2.55%"
"07/14/2009","1,385.56","1,400.53","1,402.00","1,377.60","426.80K","0.54%"
"07/13/2009","1,378.12","1,426.31","1,426.31","1,378.12","446.70K","-3.53%"
"07/10/2009","1,428.62","1,435.52","1,436.50","1,415.99","456.50K","-0.16%"
"07/09/2009","1,430.89","1,428.74","1,443.81","1,426.41","437.30K","-0.01%"
"07/08/2009","1,431.02","1,424.92","1,431.02","1,412.68","435.40K","-0.22%"
"07/07/2009","1,434.20","1,434.47","1,439.57","1,426.95","456.80K","0.37%"
"07/06/2009","1,428.94","1,419.17","1,434.31","1,416.20","384.60K","0.63%"
"07/03/2009","1,420.04","1,389.93","1,420.04","1,389.39","398.60K","0.61%"
"07/02/2009","1,411.48","1,419.15","1,419.15","1,403.18","464.10K","-0.01%"
"07/01/2009","1,411.66","1,386.33","1,414.79","1,381.09","505.50K","1.55%"
"06/30/2009","1,390.07","1,402.30","1,409.10","1,385.76","473.10K","0.12%"
"06/29/2009","1,388.45","1,399.64","1,408.94","1,386.03","426.30K","-0.44%"
"06/26/2009","1,394.53","1,401.57","1,404.01","1,388.38","425.90K","0.13%"
"06/25/2009","1,392.73","1,366.78","1,402.35","1,366.78","449.20K","2.12%"
"06/24/2009","1,363.79","1,366.01","1,370.00","1,350.31","436.50K","0.24%"
"06/23/2009","1,360.54","1,369.87","1,374.44","1,354.98","509.20K","-2.80%"
"06/22/2009","1,399.71","1,381.85","1,399.92","1,379.75","410.20K","1.18%"
"06/19/2009","1,383.34","1,386.52","1,388.75","1,369.76","471.00K","0.55%"
"06/18/2009","1,375.76","1,390.22","1,396.75","1,371.38","502.20K","-1.11%"
"06/17/2009","1,391.17","1,391.97","1,397.21","1,384.13","456.10K","-0.57%"
"06/16/2009","1,399.15","1,394.70","1,410.01","1,389.33","473.90K","-0.94%"
"06/15/2009","1,412.42","1,427.75","1,427.75","1,401.19","434.60K","-1.13%"
"06/12/2009","1,428.59","1,428.87","1,436.23","1,416.50","508.60K","0.65%"
"06/11/2009","1,419.39","1,411.92","1,435.28","1,407.50","490.80K","0.32%"
"06/10/2009","1,414.88","1,379.61","1,414.88","1,376.46","501.90K","3.14%"
"06/09/2009","1,371.84","1,406.66","1,410.00","1,371.52","485.70K","-1.54%"
"06/08/2009","1,393.30","1,394.23","1,411.27","1,387.41","516.70K","-0.10%"
"06/05/2009","1,394.71","1,392.63","1,394.71","1,373.24","511.50K","1.20%"
"06/04/2009","1,378.14","1,410.24","1,411.11","1,375.94","583.30K","-2.60%"
"06/03/2009","1,414.89","1,423.80","1,427.05","1,402.76","731.50K","0.14%"
"06/02/2009","1,412.85","1,437.15","1,437.76","1,411.62","705.30K","-0.16%"
"06/01/2009","1,415.10","1,394.92","1,415.10","1,384.45","559.00K","1.38%"
"05/29/2009","1,395.89","1,393.25","1,398.44","1,380.68","549.70K","0.27%"
"05/28/2009","1,392.17","1,355.89","1,392.17","1,345.10","657.90K","2.21%"
"05/27/2009","1,362.02","1,394.74","1,396.77","1,360.30","786.70K","-0.73%"
"05/26/2009","1,372.04","1,407.58","1,409.29","1,361.58","684.60K","-2.06%"
"05/25/2009","1,400.90","1,393.99","1,414.14","1,315.21","825.40K","-0.20%"
"05/22/2009","1,403.75","1,406.27","1,431.32","1,402.80","676.80K","-1.26%"
"05/21/2009","1,421.65","1,431.03","1,433.07","1,412.73","867.60K","-0.98%"
"05/20/2009","1,435.70","1,427.98","1,436.92","1,424.60","698.90K","0.52%"
"05/19/2009","1,428.21","1,416.95","1,428.21","1,411.89","767.80K","2.99%"
"05/18/2009","1,386.68","1,385.71","1,387.20","1,366.58","552.50K","-0.36%"
"05/15/2009","1,391.73","1,395.15","1,399.84","1,385.83","702.80K","0.78%"
"05/14/2009","1,380.95","1,395.60","1,400.38","1,380.91","700.90K","-2.37%"
"05/13/2009","1,414.52","1,409.59","1,414.63","1,400.35","714.00K","0.78%"
"05/12/2009","1,403.51","1,406.44","1,411.21","1,395.91","770.70K","-0.82%"
"05/11/2009","1,415.16","1,416.42","1,420.31","1,405.42","681.60K","0.21%"
"05/08/2009","1,412.13","1,400.47","1,412.14","1,390.83","732.20K","0.79%"
"05/07/2009","1,401.08","1,414.55","1,415.48","1,389.82","770.60K","0.55%"
"05/06/2009","1,393.45","1,399.82","1,408.57","1,385.35","738.90K","-0.32%"
"05/04/2009","1,397.92","1,386.02","1,397.92","1,381.12","749.10K","2.09%"
"04/30/2009","1,369.36","1,353.67","1,377.82","1,350.46","811.80K","2.31%"
"04/29/2009","1,338.42","1,310.62","1,338.43","1,299.98","599.30K","2.94%"
"04/28/2009","1,300.24","1,344.77","1,353.80","1,298.86","759.00K","-2.95%"
"04/27/2009","1,339.83","1,358.20","1,366.66","1,334.02","547.30K","-1.05%"
"04/24/2009","1,354.10","1,371.81","1,375.80","1,343.55","683.40K","-1.07%"
"04/23/2009","1,368.80","1,367.30","1,371.95","1,353.16","747.00K","0.94%"
"04/22/2009","1,356.02","1,347.79","1,360.41","1,336.41","730.20K","1.44%"
"04/21/2009","1,336.81","1,307.95","1,338.48","1,303.22","639.60K","0.03%"
"04/20/2009","1,336.39","1,331.76","1,338.90","1,311.73","566.90K","0.56%"
"04/17/2009","1,329.00","1,354.93","1,360.90","1,316.11","794.00K","-0.58%"
"04/16/2009","1,336.72","1,356.88","1,371.28","1,334.65","746.70K","0.27%"
"04/15/2009","1,333.09","1,321.60","1,341.32","1,305.16","815.70K","-0.71%"
"04/14/2009","1,342.63","1,353.25","1,356.31","1,323.64","933.40K","0.33%"
"04/13/2009","1,338.26","1,341.74","1,353.27","1,328.99","815.40K","0.17%"
"04/10/2009","1,336.04","1,340.87","1,355.69","1,319.52","920.40K","1.50%"
"04/09/2009","1,316.35","1,274.03","1,317.29","1,272.02","933.70K","4.30%"
"04/08/2009","1,262.07","1,284.98","1,287.59","1,260.73","751.40K","-2.93%"
"04/07/2009","1,300.10","1,296.32","1,304.28","1,282.41","686.80K","0.17%"
"04/06/2009","1,297.85","1,292.42","1,315.30","1,292.42","726.40K","1.10%"
"04/03/2009","1,283.75","1,288.56","1,292.60","1,274.45","618.70K","0.53%"
"04/02/2009","1,276.97","1,254.38","1,278.56","1,249.94","732.20K","3.54%"
"04/01/2009","1,233.36","1,214.06","1,238.04","1,201.71","586.10K","2.25%"
"03/31/2009","1,206.26","1,205.98","1,228.21","1,203.16","503.60K","0.73%"
"03/30/2009","1,197.46","1,239.80","1,244.78","1,196.32","527.80K","-3.24%"
"03/27/2009","1,237.51","1,248.70","1,256.70","1,233.95","702.30K","-0.51%"
"03/26/2009","1,243.80","1,226.51","1,243.97","1,216.49","588.10K","1.20%"
"03/25/2009","1,229.02","1,216.29","1,229.02","1,211.20","495.10K","0.60%"
"03/24/2009","1,221.70","1,225.94","1,225.94","1,205.08","512.50K","1.85%"
"03/23/2009","1,199.50","1,179.60","1,201.23","1,179.13","461.60K","2.44%"
"03/20/2009","1,170.94","1,165.03","1,180.38","1,163.59","374.70K","0.79%"
"03/19/2009","1,161.81","1,180.39","1,186.91","1,158.19","532.60K","-0.70%"
"03/18/2009","1,169.95","1,176.86","1,176.86","1,157.11","520.40K","0.52%"
"03/17/2009","1,163.88","1,140.32","1,166.60","1,132.75","727.00K","3.41%"
"03/16/2009","1,125.46","1,126.09","1,142.58","1,119.33","436.00K","-0.05%"
"03/13/2009","1,126.03","1,137.35","1,147.83","1,124.71","506.20K","-0.21%"
"03/12/2009","1,128.39","1,126.60","1,132.30","1,107.60","536.90K","0.08%"
"03/11/2009","1,127.51","1,122.91","1,127.88","1,118.12","574.40K","3.23%"
"03/10/2009","1,092.20","1,060.61","1,096.59","1,060.61","614.10K","1.91%"
"03/09/2009","1,071.73","1,068.98","1,077.13","1,052.41","457.90K","1.58%"
"03/06/2009","1,055.03","1,036.29","1,059.33","1,036.29","465.70K","-0.30%"
"03/05/2009","1,058.18","1,068.25","1,074.56","1,050.90","509.90K","-0.10%"
"03/04/2009","1,059.26","1,018.90","1,062.69","1,008.67","490.80K","3.29%"
"03/03/2009","1,025.57","993.85","1,029.18","992.69","543.40K","0.66%"
"03/02/2009","1,018.81","1,044.28","1,044.28","1,010.87","413.90K","-4.16%"
"02/27/2009","1,063.03","1,056.71","1,076.81","1,048.05","498.30K","0.78%"
"02/26/2009","1,054.79","1,077.71","1,100.45","1,036.67","575.10K","-1.15%"
"02/25/2009","1,067.08","1,094.70","1,095.73","1,061.60","735.40K","0.30%"
"02/24/2009","1,063.88","1,061.56","1,071.93","1,055.86","576.30K","-3.24%"
"02/23/2009","1,099.55","1,058.54","1,099.55","1,051.52","396.10K","3.15%"
"02/20/2009","1,065.95","1,095.25","1,102.44","1,056.34","587.40K","-3.72%"
"02/19/2009","1,107.10","1,109.99","1,121.27","1,092.96","641.50K","-0.55%"
"02/18/2009","1,113.19","1,111.35","1,120.65","1,096.00","598.20K","-1.24%"
"02/17/2009","1,127.19","1,167.22","1,167.22","1,121.41","546.40K","-4.11%"
"02/16/2009","1,175.47","1,183.52","1,199.50","1,174.73","509.50K","-1.42%"
"02/13/2009","1,192.44","1,179.63","1,192.48","1,165.25","574.80K","1.07%"
"02/12/2009","1,179.84","1,183.68","1,187.35","1,162.58","488.10K","-0.87%"
"02/11/2009","1,190.18","1,168.42","1,193.55","1,162.57","469.80K","-0.72%"
"02/10/2009","1,198.87","1,215.05","1,219.76","1,186.33","468.80K","-0.32%"
"02/09/2009","1,202.69","1,224.44","1,227.73","1,199.93","476.00K","-0.63%"
"02/06/2009","1,210.26","1,199.17","1,210.26","1,190.67","570.80K","2.75%"
"02/05/2009","1,177.88","1,187.05","1,206.73","1,177.88","463.60K","-1.46%"
"02/04/2009","1,195.37","1,183.22","1,195.52","1,176.10","450.20K","2.77%"
"02/03/2009","1,163.20","1,152.94","1,174.28","1,137.83","347.70K","1.42%"
"02/02/2009","1,146.95","1,145.87","1,170.70","1,136.37","374.60K","-1.30%"
"01/30/2009","1,162.11","1,147.57","1,163.76","1,144.52","377.00K","-0.38%"
"01/29/2009","1,166.56","1,165.82","1,179.15","1,160.75","384.70K","0.74%"
"01/28/2009","1,157.98","1,123.23","1,160.19","1,122.33","345.30K","5.91%"
"01/23/2009","1,093.40","1,105.43","1,105.43","1,087.66","268.20K","-2.05%"
"01/22/2009","1,116.23","1,125.22","1,127.35","1,106.74","346.80K","1.14%"
"01/21/2009","1,103.61","1,087.43","1,118.40","1,085.72","334.60K","-2.06%"
"01/20/2009","1,126.81","1,136.16","1,136.48","1,115.07","319.50K","-2.07%"
"01/19/2009","1,150.65","1,146.09","1,159.88","1,141.31","370.30K","1.36%"
"01/16/2009","1,135.20","1,120.69","1,135.79","1,109.69","335.70K","2.15%"
"01/15/2009","1,111.34","1,138.47","1,145.41","1,108.15","366.50K","-6.03%"
"01/14/2009","1,182.68","1,161.01","1,184.52","1,151.80","358.90K","1.28%"
"01/13/2009","1,167.71","1,147.99","1,168.04","1,133.94","381.50K","0.95%"
"01/12/2009","1,156.75","1,170.69","1,177.19","1,150.41","352.70K","-2.05%"
"01/09/2009","1,180.96","1,214.50","1,220.59","1,179.06","443.50K","-2.05%"
"01/08/2009","1,205.70","1,212.70","1,218.43","1,195.15","472.30K","-1.83%"
"01/07/2009","1,228.17","1,198.85","1,228.56","1,195.20","568.60K","2.84%"
"01/06/2009","1,194.28","1,183.52","1,203.59","1,179.94","444.20K","1.76%"
"01/05/2009","1,173.57","1,180.98","1,185.22","1,166.66","414.80K","1.40%"
"01/02/2009","1,157.40","1,132.87","1,157.40","1,118.84","340.80K","2.93%"
"12/30/2008","1,124.47","1,124.60","1,144.24","1,121.32","357.90K","0.62%"
"12/29/2008","1,117.59","1,109.40","1,118.35","1,084.26","312.50K","-0.02%"
"12/26/2008","1,117.86","1,128.54","1,134.57","1,108.86","345.50K","-0.94%"
"12/24/2008","1,128.51","1,140.08","1,143.68","1,113.17","407.80K","-1.38%"
"12/23/2008","1,144.31","1,168.15","1,175.32","1,140.13","436.40K","-2.99%"
"12/22/2008","1,179.61","1,189.85","1,201.14","1,167.63","450.60K","-0.12%"
"12/19/2008","1,180.97","1,174.24","1,194.52","1,171.38","685.00K","0.43%"
"12/18/2008","1,175.91","1,183.38","1,189.83","1,164.60","557.80K","0.53%"
"12/17/2008","1,169.75","1,190.09","1,196.37","1,146.04","647.80K","0.71%"
"12/16/2008","1,161.56","1,148.68","1,165.29","1,137.05","626.70K","0.29%"
"12/15/2008","1,158.19","1,138.42","1,164.72","1,138.42","485.40K","4.93%"
"12/12/2008","1,103.82","1,128.66","1,152.99","1,089.94","622.30K","-4.38%"
"12/11/2008","1,154.43","1,145.06","1,166.27","1,135.50","576.70K","0.75%"
"12/10/2008","1,145.87","1,112.44","1,155.08","1,105.71","562.10K","3.62%"
"12/09/2008","1,105.84","1,116.09","1,120.66","1,092.49","486.50K","0.07%"
"12/08/2008","1,105.05","1,041.41","1,111.27","1,037.64","541.80K","7.48%"
"12/05/2008","1,028.13","1,017.48","1,032.68","1,008.30","401.60K","2.14%"
"12/04/2008","1,006.54","1,042.16","1,042.16","997.00","402.20K","-1.58%"
"12/03/2008","1,022.67","1,038.41","1,038.41","1,013.56","478.70K","-0.05%"
"12/02/2008","1,023.20","1,007.71","1,038.41","1,007.26","421.10K","-3.35%"
"12/01/2008","1,058.62","1,074.00","1,083.01","1,058.62","627.30K","-1.62%"
"11/28/2008","1,076.07","1,066.84","1,084.03","1,061.52","555.20K","1.18%"
"11/27/2008","1,063.48","1,058.63","1,070.67","1,046.46","563.60K","3.27%"
"11/26/2008","1,029.78","993.07","1,030.70","993.07","515.50K","4.72%"
"11/25/2008","983.32","1,016.09","1,029.46","966.28","486.20K","1.36%"
"11/24/2008","970.14","996.23","1,014.49","969.49","464.20K","-3.35%"
"11/21/2008","1,003.73","929.74","1,013.12","914.02","602.10K","5.80%"
"11/20/2008","948.69","967.46","984.51","947.44","424.10K","-6.70%"
"11/19/2008","1,016.82","1,038.74","1,038.74","994.57","404.60K","-1.87%"
"11/18/2008","1,036.16","1,053.29","1,075.68","1,036.10","377.40K","-3.91%"
"11/17/2008","1,078.32","1,074.33","1,104.66","1,050.40","413.40K","-0.91%"
"11/14/2008","1,088.26","1,126.94","1,129.40","1,078.44","440.50K","-0.02%"
"11/13/2008","1,088.44","1,074.75","1,088.46","1,040.34","566.80K","-3.15%"
"11/12/2008","1,123.86","1,103.88","1,143.18","1,096.63","605.70K","-0.43%"
"11/11/2008","1,128.73","1,133.34","1,160.30","1,114.50","600.70K","-2.06%"
"11/10/2008","1,152.46","1,152.26","1,165.57","1,124.13","717.50K","1.58%"
"11/07/2008","1,134.49","1,054.35","1,134.50","1,038.72","846.30K","3.87%"
"11/06/2008","1,092.22","1,133.78","1,140.85","1,081.79","657.60K","-7.56%"
"11/05/2008","1,181.50","1,184.92","1,217.82","1,159.67","790.20K","2.44%"
"11/04/2008","1,153.35","1,135.53","1,154.45","1,114.41","603.60K","2.15%"
"11/03/2008","1,129.08","1,117.13","1,158.87","1,109.32","568.20K","1.44%"
"10/31/2008","1,113.06","1,083.14","1,158.66","1,061.46","864.80K","2.61%"
"10/30/2008","1,084.72","1,036.83","1,094.89","992.89","621.60K","11.95%"
"10/29/2008","968.97","1,047.48","1,078.33","920.35","763.40K","-3.02%"
"10/28/2008","999.16","916.85","1,012.73","901.49","649.40K","5.57%"
"10/27/2008","946.45","937.18","966.41","892.16","540.70K","0.82%"
"10/24/2008","938.75","1,051.58","1,051.92","925.57","443.20K","-10.57%"
"10/23/2008","1,049.71","1,089.57","1,089.57","1,028.50","401.50K","-7.48%"
"10/22/2008","1,134.59","1,190.50","1,195.28","1,095.56","374.90K","-5.14%"
"10/21/2008","1,196.10","1,223.75","1,232.73","1,181.88","389.20K","-0.95%"
"10/20/2008","1,207.63","1,195.90","1,211.09","1,149.39","373.00K","2.28%"
"10/17/2008","1,180.67","1,245.15","1,245.15","1,166.88","420.20K","-2.73%"
"10/16/2008","1,213.78","1,258.38","1,265.85","1,205.14","409.10K","-9.44%"
"10/15/2008","1,340.28","1,338.46","1,353.44","1,327.42","347.70K","-2.00%"
"10/14/2008","1,367.69","1,342.31","1,367.70","1,339.86","460.90K","6.14%"
"10/13/2008","1,288.53","1,272.95","1,294.19","1,252.44","384.70K","3.79%"
"10/10/2008","1,241.47","1,248.53","1,248.53","1,178.51","461.30K","-4.13%"
"10/09/2008","1,294.89","1,289.67","1,324.36","1,274.46","451.80K","0.64%"
"10/08/2008","1,286.69","1,323.96","1,334.34","1,281.47","431.50K","-5.81%"
"10/07/2008","1,366.10","1,340.92","1,371.24","1,321.81","349.60K","0.54%"
"10/06/2008","1,358.75","1,389.68","1,389.68","1,351.72","312.40K","-4.29%"
"10/02/2008","1,419.65","1,450.16","1,458.68","1,410.35","317.90K","-1.39%"
"10/01/2008","1,439.67","1,453.40","1,453.40","1,429.57","314.20K","-0.58%"
"09/30/2008","1,448.06","1,383.97","1,448.06","1,376.72","412.80K","-0.57%"
"09/29/2008","1,456.36","1,491.11","1,496.30","1,449.33","365.90K","-1.35%"
"09/26/2008","1,476.33","1,492.42","1,498.74","1,469.83","405.90K","-1.68%"
"09/25/2008","1,501.63","1,487.73","1,503.83","1,469.23","419.10K","0.38%"
"09/24/2008","1,495.98","1,479.04","1,501.09","1,472.31","498.50K","0.99%"
"09/23/2008","1,481.37","1,447.90","1,484.01","1,445.50","470.40K","1.44%"
"09/22/2008","1,460.34","1,472.08","1,488.94","1,457.10","354.30K","0.31%"
"09/19/2008","1,455.78","1,441.31","1,464.59","1,435.72","468.70K","4.55%"
"09/18/2008","1,392.42","1,385.47","1,400.35","1,366.88","413.40K","-2.30%"
"09/17/2008","1,425.26","1,420.49","1,441.24","1,412.60","398.30K","2.70%"
"09/16/2008","1,387.75","1,381.24","1,401.79","1,372.55","392.80K","-6.10%"
"09/12/2008","1,477.92","1,468.41","1,480.77","1,463.58","311.70K","2.40%"
"09/11/2008","1,443.24","1,459.69","1,467.90","1,439.38","363.00K","-1.48%"
"09/10/2008","1,464.98","1,432.90","1,466.26","1,430.05","421.20K","0.72%"
"09/09/2008","1,454.50","1,469.54","1,469.54","1,446.53","443.70K","-1.50%"
"09/08/2008","1,476.65","1,437.59","1,481.41","1,437.59","399.10K","5.15%"
"09/05/2008","1,404.38","1,394.39","1,415.24","1,393.33","298.50K","-1.55%"
"09/04/2008","1,426.43","1,421.16","1,436.62","1,409.33","372.90K","-0.03%"
"09/03/2008","1,426.89","1,403.89","1,430.94","1,396.13","367.10K","1.40%"
"09/02/2008","1,407.14","1,418.26","1,430.43","1,392.55","373.40K","-0.52%"
"09/01/2008","1,414.43","1,453.14","1,456.69","1,413.43","316.60K","-4.06%"
"08/29/2008","1,474.24","1,488.25","1,496.14","1,470.87","242.10K","0.01%"
"08/28/2008","1,474.15","1,503.26","1,503.74","1,473.00","216.10K","-1.32%"
"08/27/2008","1,493.92","1,487.78","1,498.38","1,466.46","241.60K","0.25%"
"08/26/2008","1,490.25","1,477.04","1,502.33","1,474.64","213.10K","-0.79%"
"08/25/2008","1,502.11","1,505.13","1,510.98","1,496.63","198.30K","0.35%"
"08/22/2008","1,496.91","1,508.67","1,508.67","1,477.55","226.30K","-1.04%"
"08/21/2008","1,512.59","1,539.55","1,540.45","1,511.69","259.50K","-1.83%"
"08/20/2008","1,540.71","1,531.87","1,549.53","1,524.87","243.70K","-0.05%"
"08/19/2008","1,541.41","1,554.21","1,554.92","1,528.31","261.10K","-1.68%"
"08/18/2008","1,567.71","1,579.13","1,582.76","1,561.57","260.80K","-0.28%"
"08/14/2008","1,572.19","1,553.65","1,578.30","1,553.65","247.60K","0.61%"
"08/13/2008","1,562.72","1,572.87","1,581.46","1,553.94","231.60K","-0.91%"
"08/12/2008","1,577.12","1,581.10","1,590.12","1,570.88","251.60K","-0.25%"
"08/11/2008","1,581.09","1,592.30","1,597.31","1,581.09","254.50K","0.79%"
"08/08/2008","1,568.72","1,547.70","1,573.18","1,544.10","221.30K","0.30%"
"08/07/2008","1,564.00","1,577.36","1,582.51","1,553.21","219.00K","-0.93%"
"08/06/2008","1,578.71","1,567.30","1,580.25","1,560.88","276.60K","2.81%"
"08/05/2008","1,535.54","1,540.32","1,556.96","1,533.43","244.80K","-0.49%"
"08/04/2008","1,543.05","1,567.01","1,571.23","1,531.52","246.50K","-1.95%"
"08/01/2008","1,573.77","1,578.55","1,587.49","1,562.29","231.20K","-1.31%"
"07/31/2008","1,594.67","1,583.99","1,600.15","1,577.81","233.00K","1.08%"
"07/30/2008","1,577.70","1,594.04","1,595.84","1,572.17","265.70K","0.67%"
"07/29/2008","1,567.20","1,572.16","1,573.62","1,542.89","261.60K","-1.95%"
"07/28/2008","1,598.29","1,609.57","1,611.15","1,588.56","252.30K","0.02%"
"07/25/2008","1,597.93","1,595.28","1,610.45","1,589.48","266.60K","-1.73%"
"07/24/2008","1,626.14","1,603.52","1,627.87","1,603.24","347.69M","2.16%"
"07/23/2008","1,591.76","1,586.27","1,598.89","1,577.94","351.64M","1.96%"
"07/22/2008","1,561.23","1,551.09","1,563.75","1,549.00","252.50M","-0.11%"
"07/21/2008","1,562.92","1,530.68","1,569.45","1,530.05","296.05M","3.51%"
"07/18/2008","1,509.99","1,542.73","1,542.91","1,504.00","304.14M","-1.02%"
"07/17/2008","1,525.56","1,541.38","1,546.84","1,524.85","319.70M","1.20%"
"07/16/2008","1,507.40","1,518.57","1,529.87","1,488.75","296.91M","-0.13%"
"07/15/2008","1,509.33","1,550.95","1,550.95","1,506.41","297.85M","-3.16%"
"07/14/2008","1,558.62","1,562.88","1,581.70","1,554.01","257.13M","-0.57%"
"07/11/2008","1,567.51","1,543.01","1,573.06","1,526.67","326.55M","1.96%"
"07/10/2008","1,537.43","1,498.78","1,542.34","1,495.44","354.19M","1.19%"
"07/09/2008","1,519.38","1,557.07","1,563.07","1,519.05","328.76M","-0.92%"
"07/08/2008","1,533.47","1,577.04","1,577.04","1,509.20","332.01M","-2.93%"
"07/07/2008","1,579.72","1,568.25","1,583.49","1,560.00","250.03M","0.11%"
"07/04/2008","1,577.94","1,604.47","1,610.65","1,574.60","246.97M","-1.78%"
"07/03/2008","1,606.54","1,591.21","1,616.65","1,580.83","352.00M","-1.05%"
"07/02/2008","1,623.60","1,665.52","1,667.97","1,607.88","335.99M","-2.57%"
"07/01/2008","1,666.46","1,675.70","1,681.45","1,652.03","278.02M","-0.51%"
"06/30/2008","1,674.92","1,682.86","1,689.61","1,671.11","261.91M","-0.57%"
"06/27/2008","1,684.45","1,673.27","1,685.88","1,669.69","285.31M","-1.93%"
"06/26/2008","1,717.66","1,717.57","1,734.86","1,714.38","328.76M","-0.01%"
"06/25/2008","1,717.79","1,710.45","1,717.81","1,695.01","345.35M","0.41%"
"06/24/2008","1,710.84","1,706.92","1,717.23","1,699.81","364.19M","-0.28%"
"06/23/2008","1,715.59","1,705.61","1,720.74","1,694.79","303.20M","-0.89%"
"06/20/2008","1,731.00","1,752.95","1,755.60","1,723.41","331.02M","-0.56%"
"06/19/2008","1,740.72","1,756.36","1,757.26","1,731.51","401.51M","-1.88%"
"06/18/2008","1,774.13","1,745.50","1,775.11","1,742.68","343.04M","1.34%"
"06/17/2008","1,750.71","1,766.34","1,767.50","1,738.71","334.94M","-0.57%"
"06/16/2008","1,760.82","1,763.86","1,768.63","1,755.55","375.41M","0.77%"
"06/13/2008","1,747.35","1,753.67","1,760.72","1,730.25","402.04M","0.46%"
"06/12/2008","1,739.36","1,755.90","1,761.29","1,739.36","379.81M","-2.37%"
"06/11/2008","1,781.67","1,781.14","1,786.98","1,760.66","282.78M","0.41%"
"06/10/2008","1,774.38","1,813.36","1,814.06","1,765.35","322.80M","-1.91%"
"06/09/2008","1,808.96","1,787.90","1,810.21","1,785.16","249.28M","-1.27%"
"06/05/2008","1,832.31","1,830.14","1,832.82","1,816.35","274.96M","-0.08%"
"06/04/2008","1,833.81","1,821.30","1,836.13","1,813.12","235.89M","0.79%"
"06/03/2008","1,819.39","1,832.31","1,836.71","1,814.50","258.92M","-1.52%"
"06/02/2008","1,847.53","1,848.30","1,853.50","1,831.66","234.49M","-0.24%"
"05/30/2008","1,852.02","1,846.98","1,852.36","1,833.42","287.61M","0.59%"
"05/29/2008","1,841.22","1,819.33","1,842.56","1,819.33","298.97M","1.97%"
"05/28/2008","1,805.64","1,835.38","1,835.71","1,802.01","299.61M","-1.07%"
"05/27/2008","1,825.23","1,806.20","1,825.48","1,806.20","260.27M","1.37%"
"05/26/2008","1,800.58","1,813.63","1,820.74","1,791.40","281.85M","-1.50%"
"05/23/2008","1,827.94","1,836.42","1,840.78","1,826.16","299.06M","-0.41%"
"05/22/2008","1,835.42","1,826.06","1,836.63","1,810.68","357.26M","-0.65%"
"05/21/2008","1,847.51","1,848.97","1,861.58","1,844.95","315.98M","-1.37%"
"05/20/2008","1,873.15","1,886.52","1,889.85","1,857.05","336.31M","-0.65%"
"05/19/2008","1,885.37","1,893.54","1,901.13","1,875.05","356.00M","-0.19%"
"05/16/2008","1,888.88","1,893.99","1,899.57","1,882.69","301.67M","0.17%"
"05/15/2008","1,885.71","1,852.74","1,886.95","1,852.67","414.80M","2.28%"
"05/14/2008","1,843.75","1,841.44","1,848.02","1,828.07","297.69M","0.05%"
"05/13/2008","1,842.80","1,829.37","1,842.80","1,813.98","265.30M","1.05%"
"05/09/2008","1,823.70","1,854.73","1,854.73","1,818.27","280.07M","-1.31%"
"05/08/2008","1,848.00","1,831.17","1,854.55","1,830.46","319.21M","-0.32%"
"05/07/2008","1,854.01","1,863.77","1,868.09","1,839.76","384.07M","-0.27%"
"05/06/2008","1,859.06","1,849.81","1,859.27","1,843.36","303.69M","0.58%"
"05/02/2008","1,848.27","1,851.64","1,851.64","1,843.14","267.83M","1.25%"
"04/30/2008","1,825.47","1,808.74","1,825.58","1,803.49","244.97M","0.77%"
"04/29/2008","1,811.51","1,829.01","1,831.23","1,803.08","272.36M","-0.64%"
"04/28/2008","1,823.17","1,829.45","1,831.84","1,814.20","371.63M","-0.08%"
"04/25/2008","1,824.68","1,809.00","1,825.83","1,809.00","328.04M","1.41%"
"04/24/2008","1,799.34","1,808.88","1,812.62","1,794.64","497.25M","-0.08%"
"04/23/2008","1,800.79","1,784.23","1,809.02","1,784.23","340.43M","0.74%"
"04/22/2008","1,787.49","1,799.72","1,803.35","1,785.47","346.70M","-0.72%"
"04/21/2008","1,800.48","1,793.19","1,802.81","1,791.40","299.02M","1.61%"
"04/18/2008","1,771.90","1,772.89","1,778.81","1,762.94","237.57M","0.18%"
"04/17/2008","1,768.67","1,782.51","1,783.85","1,765.59","265.02M","0.57%"
"04/16/2008","1,758.56","1,757.83","1,765.81","1,753.79","286.33M","0.94%"
"04/15/2008","1,742.17","1,749.29","1,754.30","1,734.13","238.47M","-0.26%"
"04/14/2008","1,746.71","1,746.88","1,755.28","1,739.03","223.46M","-1.85%"
"04/11/2008","1,779.71","1,768.13","1,779.92","1,759.29","272.36M","0.85%"
"04/10/2008","1,764.64","1,745.60","1,764.64","1,735.78","214.92M","0.57%"
"04/08/2008","1,754.71","1,770.98","1,770.98","1,749.64","267.23M","-1.06%"
"04/07/2008","1,773.56","1,769.74","1,786.57","1,763.38","275.34M","0.40%"
"04/04/2008","1,766.49","1,762.94","1,768.06","1,756.74","256.80M","0.16%"
"04/03/2008","1,763.63","1,745.72","1,765.53","1,742.43","253.83M","1.23%"
"04/02/2008","1,742.19","1,738.64","1,743.54","1,734.42","326.49M","2.35%"
"04/01/2008","1,702.25","1,701.64","1,717.83","1,694.53","320.40M","-0.10%"
"03/31/2008","1,703.99","1,705.17","1,709.31","1,685.19","291.72M","0.13%"
"03/28/2008","1,701.83","1,671.06","1,704.28","1,670.89","350.47M","1.53%"
"03/27/2008","1,676.24","1,671.98","1,677.31","1,660.45","257.89M","-0.20%"
"03/26/2008","1,679.67","1,676.81","1,681.91","1,670.31","280.42M","0.28%"
"03/25/2008","1,674.93","1,676.74","1,680.77","1,667.93","319.95M","1.19%"
"03/24/2008","1,655.30","1,653.82","1,663.57","1,645.89","258.05M","0.58%"
"03/21/2008","1,645.69","1,644.05","1,645.78","1,634.51","283.94M","1.37%"
"03/20/2008","1,623.39","1,602.29","1,624.48","1,592.94","243.41M","0.07%"
"03/19/2008","1,622.23","1,626.28","1,632.68","1,614.96","280.39M","2.11%"
"03/18/2008","1,588.75","1,585.32","1,590.28","1,566.96","243.06M","0.91%"
"03/17/2008","1,574.44","1,588.53","1,588.53","1,537.53","298.74M","-1.61%"
"03/14/2008","1,600.26","1,637.78","1,638.66","1,578.45","297.67M","-0.95%"
"03/13/2008","1,615.62","1,657.21","1,657.21","1,609.17","309.59M","-2.60%"
"03/12/2008","1,658.83","1,685.44","1,687.63","1,658.17","325.28M","1.06%"
"03/11/2008","1,641.48","1,605.31","1,643.66","1,602.35","279.83M","1.00%"
"03/10/2008","1,625.17","1,634.42","1,650.56","1,621.40","318.10M","-2.33%"
"03/07/2008","1,663.97","1,682.17","1,682.17","1,650.74","304.21M","-1.97%"
"03/06/2008","1,697.44","1,681.39","1,705.97","1,680.11","359.69M","1.21%"
"03/05/2008","1,677.10","1,680.63","1,687.20","1,667.87","263.58M","0.05%"
"03/04/2008","1,676.18","1,677.10","1,686.59","1,665.10","278.57M","0.27%"
"03/03/2008","1,671.73","1,676.30","1,676.30","1,657.79","237.09M","-2.33%"
"02/29/2008","1,711.62","1,717.69","1,721.85","1,708.21","315.82M","-1.41%"
"02/28/2008","1,736.17","1,726.08","1,739.60","1,713.25","257.44M","0.89%"
"02/27/2008","1,720.89","1,725.96","1,732.80","1,715.81","306.57M","0.69%"
"02/26/2008","1,709.13","1,724.55","1,726.47","1,704.50","283.72M","0.00%"
"02/25/2008","1,709.13","1,701.75","1,715.00","1,701.64","299.19M","1.34%"
"02/22/2008","1,686.45","1,687.63","1,687.63","1,670.69","281.41M","-1.05%"
"02/21/2008","1,704.36","1,708.01","1,713.64","1,694.58","241.93M","0.97%"
"02/20/2008","1,687.91","1,704.66","1,718.15","1,683.70","321.61M","-1.90%"
"02/19/2008","1,720.52","1,717.10","1,722.71","1,708.93","362.83M","1.43%"
"02/18/2008","1,696.24","1,701.75","1,714.20","1,681.02","374.01M","0.09%"
"02/15/2008","1,694.77","1,672.39","1,696.37","1,668.41","485.52M","-0.16%"
"02/14/2008","1,697.45","1,660.45","1,697.45","1,660.45","503.95M","4.02%"
"02/13/2008","1,631.78","1,663.29","1,663.95","1,629.57","318.95M","-0.70%"
"02/12/2008","1,643.29","1,653.60","1,654.62","1,641.05","291.25M","0.16%"
"02/11/2008","1,640.67","1,648.51","1,651.72","1,633.46","234.30M","-3.29%"
"02/05/2008","1,696.57","1,686.20","1,697.99","1,680.39","253.90M","0.38%"
"02/04/2008","1,690.13","1,655.78","1,696.56","1,655.78","333.08M","3.40%"
"02/01/2008","1,634.53","1,645.05","1,648.97","1,619.65","308.09M","0.61%"
"01/31/2008","1,624.68","1,582.19","1,630.12","1,570.87","334.13M","2.24%"
"01/30/2008","1,589.06","1,653.00","1,653.20","1,578.29","380.52M","-2.98%"
"01/29/2008","1,637.91","1,657.90","1,662.90","1,622.52","275.31M","0.66%"
"01/28/2008","1,627.19","1,668.07","1,674.47","1,620.90","259.31M","-3.85%"
"01/25/2008","1,692.41","1,682.93","1,692.66","1,674.21","272.61M","1.77%"
"01/24/2008","1,663.00","1,663.36","1,675.69","1,649.00","270.63M","2.12%"
"01/23/2008","1,628.42","1,652.62","1,659.28","1,604.54","272.14M","1.21%"
"01/22/2008","1,609.02","1,628.92","1,636.06","1,578.37","316.87M","-4.43%"
"01/21/2008","1,683.56","1,723.95","1,724.39","1,673.42","286.06M","-2.95%"
"01/18/2008","1,734.72","1,689.28","1,737.42","1,684.39","287.71M","0.65%"
"01/17/2008","1,723.55","1,726.03","1,732.64","1,687.10","296.03M","1.09%"
"01/16/2008","1,704.97","1,715.97","1,735.51","1,701.32","295.61M","-2.40%"
"01/15/2008","1,746.95","1,781.53","1,781.53","1,723.14","295.55M","-1.07%"
"01/14/2008","1,765.88","1,781.00","1,790.69","1,754.13","249.32M","-0.92%"
"01/11/2008","1,782.27","1,844.57","1,847.11","1,776.26","280.82M","-2.33%"
"01/10/2008","1,824.78","1,847.94","1,855.07","1,824.78","315.48M","-1.07%"
"01/09/2008","1,844.47","1,802.06","1,844.47","1,794.15","277.67M","1.00%"
"01/08/2008","1,826.23","1,838.64","1,840.62","1,818.69","296.57M","-0.27%"
"01/07/2008","1,831.14","1,815.73","1,840.99","1,814.35","268.13M","-1.76%"
"01/04/2008","1,863.90","1,853.54","1,869.76","1,824.41","299.08M","0.60%"
"01/03/2008","1,852.73","1,834.44","1,858.08","1,821.61","253.67M","-0.04%"
"01/02/2008","1,853.45","1,891.45","1,892.50","1,852.78","247.09M","-2.30%"
"12/28/2007","1,897.13","1,892.56","1,911.67","1,890.81","229.42M","-0.60%"
"12/27/2007","1,908.62","1,901.93","1,915.19","1,891.29","235.85M","0.10%"
"12/26/2007","1,906.72","1,924.91","1,926.09","1,901.91","260.98M","-0.66%"
"12/24/2007","1,919.47","1,899.20","1,921.39","1,894.79","317.06M","2.19%"
"12/21/2007","1,878.32","1,855.06","1,878.32","1,832.34","362.58M","1.84%"
"12/20/2007","1,844.37","1,878.59","1,882.61","1,843.73","401.82M","-0.92%"
"12/18/2007","1,861.47","1,821.30","1,869.71","1,808.86","277.04M","1.18%"
"12/17/2007","1,839.82","1,873.15","1,886.39","1,839.58","282.47M","-2.91%"
"12/14/2007","1,895.05","1,914.47","1,921.53","1,877.27","301.46M","-1.09%"
"12/13/2007","1,915.90","1,921.65","1,937.50","1,897.25","328.59M","-0.60%"
"12/12/2007","1,927.45","1,887.50","1,928.77","1,887.23","314.55M","0.12%"
"12/11/2007","1,925.07","1,922.66","1,929.71","1,904.21","264.53M","0.98%"
"12/10/2007","1,906.42","1,930.36","1,935.86","1,900.95","284.76M","-1.44%"
"12/07/2007","1,934.32","1,969.49","1,969.56","1,934.32","361.15M","-0.97%"
"12/06/2007","1,953.17","1,965.89","1,972.37","1,946.13","339.17M","0.77%"
"12/05/2007","1,938.20","1,911.92","1,945.03","1,905.65","310.28M","1.06%"
"12/04/2007","1,917.83","1,904.33","1,921.83","1,901.51","288.56M","0.81%"
"12/03/2007","1,902.43","1,907.95","1,912.71","1,888.08","291.55M","-0.19%"
"11/30/2007","1,906.00","1,886.58","1,918.12","1,884.92","339.31M","1.51%"
"11/29/2007","1,877.56","1,885.32","1,891.45","1,871.59","347.70M","2.34%"
"11/28/2007","1,834.69","1,881.86","1,883.99","1,833.80","324.84M","-1.35%"
"11/27/2007","1,859.79","1,813.09","1,865.69","1,787.95","338.31M","0.24%"
"11/26/2007","1,855.33","1,803.76","1,855.33","1,795.00","290.92M","4.65%"
"11/23/2007","1,772.88","1,806.02","1,820.61","1,745.26","326.67M","-1.45%"
"11/22/2007","1,799.02","1,790.25","1,815.33","1,771.39","306.22M","-0.44%"
"11/21/2007","1,806.99","1,865.91","1,875.98","1,803.77","307.45M","-3.49%"
"11/20/2007","1,872.24","1,853.41","1,875.46","1,819.18","331.76M","-1.12%"
"11/19/2007","1,893.47","1,936.38","1,936.50","1,892.87","292.32M","-1.70%"
"11/16/2007","1,926.20","1,916.88","1,928.93","1,890.25","304.26M","-1.11%"
"11/15/2007","1,947.74","1,970.13","1,985.38","1,932.03","367.68M","-1.26%"
"11/14/2007","1,972.58","1,982.93","1,984.84","1,956.90","362.09M","2.05%"
"11/13/2007","1,932.89","1,928.78","1,935.93","1,887.76","394.90M","0.49%"
"11/12/2007","1,923.42","1,957.78","1,957.78","1,901.87","312.69M","-3.37%"
"11/09/2007","1,990.47","2,001.11","2,017.37","1,968.86","366.61M","0.55%"
"11/08/2007","1,979.56","2,009.64","2,022.61","1,971.95","330.64M","-3.11%"
"11/07/2007","2,043.19","2,074.18","2,085.03","2,043.19","339.57M","-0.54%"
"11/06/2007","2,054.24","2,023.41","2,055.53","2,020.24","312.25M","1.91%"
"11/05/2007","2,015.76","2,025.04","2,027.21","1,992.24","300.21M","-0.18%"
"11/02/2007","2,019.34","2,014.65","2,049.62","2,014.65","388.39M","-2.12%"
"11/01/2007","2,063.14","2,085.33","2,085.45","2,048.68","401.96M","-0.08%"
"10/31/2007","2,064.85","2,052.60","2,065.53","2,043.93","365.44M","0.61%"
"10/30/2007","2,052.37","2,058.78","2,066.00","2,037.75","402.15M","-0.51%"
"10/29/2007","2,062.92","2,051.62","2,070.86","2,044.09","481.23M","1.72%"
"10/26/2007","2,028.06","1,987.20","2,028.07","1,968.82","438.86M","2.60%"
"10/25/2007","1,976.75","1,967.08","1,982.19","1,941.05","453.61M","2.24%"
"10/24/2007","1,933.36","1,966.55","2,003.20","1,923.07","481.13M","-0.75%"
"10/23/2007","1,947.98","1,936.92","1,952.32","1,909.61","371.17M","2.32%"
"10/22/2007","1,903.81","1,901.15","1,910.19","1,875.23","354.48M","-3.36%"
"10/19/2007","1,970.10","2,003.27","2,003.27","1,970.10","390.28M","-1.75%"
"10/18/2007","2,005.09","1,989.60","2,012.32","1,977.50","426.88M","1.07%"
"10/17/2007","1,983.94","2,000.39","2,009.67","1,933.82","507.31M","-1.09%"
"10/16/2007","2,005.76","2,014.36","2,042.84","2,001.30","548.71M","-1.46%"
"10/15/2007","2,035.39","2,043.93","2,047.02","2,012.04","383.87M","0.44%"
"10/12/2007","2,026.44","2,047.67","2,057.39","2,020.80","456.90M","-1.57%"
"10/11/2007","2,058.85","2,040.35","2,058.87","2,033.45","519.17M","0.87%"
"10/10/2007","2,041.12","2,033.69","2,044.78","2,026.90","368.71M","1.34%"
"10/09/2007","2,014.13","2,014.94","2,022.87","1,995.05","471.52M","0.07%"
"10/08/2007","2,012.82","2,020.34","2,022.01","2,002.43","504.20M","0.84%"
"10/05/2007","1,996.03","2,007.84","2,009.68","1,990.82","380.39M","-0.38%"
"10/04/2007","2,003.60","1,998.56","2,013.21","1,992.01","462.56M","-0.52%"
"10/02/2007","2,014.09","1,991.00","2,014.96","1,981.64","473.92M","2.62%"
"10/01/2007","1,962.67","1,948.78","1,970.11","1,946.13","436.10M","0.83%"
"09/28/2007","1,946.48","1,950.99","1,951.18","1,936.86","541.69M","0.06%"
"09/27/2007","1,945.28","1,944.87","1,952.39","1,935.02","394.52M","1.36%"
"09/21/2007","1,919.26","1,909.37","1,921.23","1,902.11","440.06M","0.54%"
"09/20/2007","1,908.97","1,902.23","1,915.19","1,894.76","441.85M","0.33%"
"09/19/2007","1,902.65","1,892.78","1,905.75","1,886.95","480.11M","3.48%"
"09/18/2007","1,838.61","1,867.61","1,870.83","1,837.22","403.84M","-1.77%"
"09/17/2007","1,871.68","1,873.65","1,876.04","1,853.45","315.81M","0.09%"
"09/14/2007","1,870.02","1,856.17","1,875.95","1,849.37","373.10M","1.19%"
"09/13/2007","1,848.02","1,817.87","1,848.99","1,805.88","338.42M","1.90%"
"09/12/2007","1,813.52","1,853.94","1,855.31","1,813.33","433.94M","-1.83%"
"09/11/2007","1,847.36","1,844.68","1,851.35","1,827.90","420.50M","0.63%"
"09/10/2007","1,835.87","1,845.59","1,846.82","1,811.34","360.19M","-2.60%"
"09/07/2007","1,884.90","1,886.60","1,899.04","1,869.56","392.54M","-0.21%"
"09/06/2007","1,888.81","1,862.00","1,889.06","1,844.64","447.29M","1.24%"
"09/05/2007","1,865.59","1,883.83","1,898.67","1,859.52","382.86M","-0.49%"
"09/04/2007","1,874.74","1,881.17","1,899.66","1,871.87","425.71M","-0.38%"
"09/03/2007","1,881.81","1,876.92","1,881.92","1,863.21","385.65M","0.46%"
"08/31/2007","1,873.24","1,844.28","1,873.35","1,844.09","360.37M","1.71%"
"08/30/2007","1,841.70","1,859.45","1,866.32","1,836.09","423.27M","0.85%"
"08/29/2007","1,826.19","1,773.59","1,831.23","1,773.05","385.91M","-0.17%"
"08/28/2007","1,829.31","1,806.58","1,829.43","1,792.07","414.13M","1.46%"
"08/27/2007","1,803.03","1,825.97","1,834.65","1,802.58","366.03M","0.65%"
"08/24/2007","1,791.33","1,793.17","1,802.71","1,775.07","376.03M","-0.47%"
"08/23/2007","1,799.72","1,801.48","1,816.19","1,795.07","394.70M","2.29%"
"08/22/2007","1,759.50","1,741.93","1,764.61","1,737.06","402.64M","1.34%"
"08/21/2007","1,736.18","1,740.85","1,764.25","1,721.18","458.90M","0.28%"
"08/20/2007","1,731.27","1,700.48","1,732.39","1,693.42","366.72M","5.69%"
"08/17/2007","1,638.07","1,702.66","1,705.17","1,626.87","493.20M","-3.19%"
"08/16/2007","1,691.98","1,754.19","1,755.32","1,681.71","508.22M","-6.93%"
"08/14/2007","1,817.89","1,841.15","1,857.13","1,801.07","405.73M","-1.70%"
"08/13/2007","1,849.26","1,840.89","1,849.31","1,820.96","330.05M","1.14%"
"08/10/2007","1,828.49","1,853.22","1,854.62","1,814.30","388.05M","-4.20%"
"08/09/2007","1,908.68","1,923.99","1,928.64","1,899.32","413.87M","0.28%"
"08/08/2007","1,903.41","1,879.61","1,905.22","1,873.99","381.96M","2.34%"
"08/07/2007","1,859.82","1,888.58","1,888.76","1,849.68","315.65M","0.26%"
"08/06/2007","1,855.05","1,832.54","1,855.36","1,829.22","325.17M","-1.16%"
"08/03/2007","1,876.80","1,875.07","1,890.63","1,865.75","350.26M","1.28%"
"08/02/2007","1,853.07","1,874.98","1,890.81","1,810.62","371.82M","-0.18%"
"08/01/2007","1,856.45","1,920.07","1,920.07","1,836.28","389.62M","-3.97%"
"07/31/2007","1,933.27","1,915.45","1,933.27","1,899.56","373.77M","1.39%"
"07/30/2007","1,906.71","1,874.08","1,906.71","1,859.12","386.21M","1.25%"
"07/27/2007","1,883.22","1,924.01","1,924.11","1,863.39","517.22M","-4.09%"
"07/26/2007","1,963.54","2,012.04","2,015.48","1,963.46","617.01M","-2.03%"
"07/25/2007","2,004.22","1,992.16","2,011.17","1,962.16","588.35M","0.60%"
"07/24/2007","1,992.26","2,001.52","2,005.02","1,975.75","589.38M","-0.04%"
"07/23/2007","1,993.05","1,978.05","1,993.97","1,968.55","538.58M","0.48%"
"07/20/2007","1,983.54","1,949.50","1,983.54","1,939.69","638.75M","2.36%"
"07/19/2007","1,937.90","1,935.10","1,950.86","1,922.14","586.29M","0.37%"
"07/18/2007","1,930.70","1,953.25","1,956.82","1,930.51","635.00M","-0.96%"
"07/16/2007","1,949.51","1,965.66","1,972.33","1,932.86","519.50M","-0.68%"
"07/13/2007","1,962.93","1,946.08","1,962.94","1,941.55","507.57M","2.78%"
"07/12/2007","1,909.75","1,897.59","1,922.25","1,897.59","445.54M","1.05%"
"07/11/2007","1,889.96","1,880.71","1,904.35","1,875.43","473.88M","-0.24%"
"07/10/2007","1,894.53","1,887.35","1,895.98","1,881.36","406.27M","0.58%"
"07/09/2007","1,883.59","1,870.35","1,890.83","1,865.79","430.59M","1.21%"
"07/06/2007","1,861.01","1,855.03","1,863.01","1,838.75","414.38M","0.72%"
"07/05/2007","1,847.79","1,841.56","1,865.52","1,836.93","534.04M","0.51%"
"07/04/2007","1,838.41","1,815.77","1,838.82","1,814.44","417.01M","1.82%"
"07/03/2007","1,805.50","1,791.69","1,806.06","1,787.45","401.96M","1.93%"
"07/02/2007","1,771.35","1,741.41","1,771.39","1,736.63","302.33M","1.59%"
"06/29/2007","1,743.60","1,755.84","1,766.25","1,742.88","281.68M","-0.47%"
"06/28/2007","1,751.75","1,745.82","1,752.24","1,737.93","282.80M","1.08%"
"06/27/2007","1,733.10","1,749.01","1,749.01","1,724.82","306.93M","-0.94%"
"06/26/2007","1,749.55","1,762.48","1,768.69","1,732.44","401.03M","-0.47%"
"06/25/2007","1,757.73","1,754.20","1,785.87","1,747.86","394.47M","-0.75%"
"06/22/2007","1,770.98","1,801.20","1,802.43","1,759.95","531.62M","-1.30%"
"06/21/2007","1,794.24","1,775.48","1,802.91","1,770.17","579.50M","0.59%"
"06/20/2007","1,783.79","1,812.82","1,813.05","1,778.26","685.99M","-1.33%"
"06/19/2007","1,807.85","1,813.53","1,813.84","1,797.18","650.87M","0.05%"
"06/18/2007","1,806.88","1,786.29","1,807.51","1,784.44","613.24M","1.95%"
"06/15/2007","1,772.26","1,772.03","1,776.80","1,762.22","539.96M","0.17%"
"06/14/2007","1,769.18","1,742.12","1,769.18","1,740.70","580.50M","2.74%"
"06/13/2007","1,721.99","1,721.37","1,732.57","1,714.76","715.33M","-0.46%"
"06/12/2007","1,729.88","1,714.54","1,730.63","1,712.13","431.75M","0.78%"
"06/11/2007","1,716.56","1,740.46","1,742.86","1,709.96","475.88M","-0.62%"
"06/08/2007","1,727.28","1,735.96","1,739.14","1,717.18","503.24M","-1.47%"
"06/07/2007","1,753.04","1,722.47","1,753.24","1,717.30","496.22M","0.62%"
"06/05/2007","1,742.19","1,735.87","1,745.99","1,721.02","488.03M","0.26%"
"06/04/2007","1,737.59","1,734.27","1,744.02","1,713.50","465.23M","1.24%"
"06/01/2007","1,716.24","1,712.97","1,745.39","1,707.75","615.43M","0.90%"
"05/31/2007","1,700.91","1,683.35","1,702.01","1,677.78","497.06M","2.30%"
"05/30/2007","1,662.72","1,661.83","1,662.72","1,638.03","488.64M","0.06%"
"05/29/2007","1,661.80","1,663.32","1,666.85","1,653.24","495.10M","0.23%"
"05/28/2007","1,657.91","1,650.53","1,658.43","1,646.15","379.27M","0.81%"
"05/25/2007","1,644.56","1,629.18","1,645.08","1,627.59","375.03M","-0.12%"
"05/23/2007","1,646.59","1,647.44","1,651.61","1,638.36","447.33M","0.23%"
"05/22/2007","1,642.88","1,634.09","1,643.11","1,627.01","529.32M","0.90%"
"05/21/2007","1,628.20","1,602.64","1,628.68","1,602.64","512.79M","0.99%"
"05/18/2007","1,612.25","1,613.12","1,617.77","1,600.24","454.78M","-0.21%"
"05/17/2007","1,615.58","1,614.00","1,616.00","1,608.21","450.57M","0.94%"
"05/16/2007","1,600.60","1,591.07","1,600.72","1,586.00","417.08M","0.71%"
"05/15/2007","1,589.37","1,600.91","1,611.93","1,589.24","480.25M","-1.02%"
"05/14/2007","1,605.77","1,612.73","1,622.16","1,599.87","477.82M","0.14%"
"05/11/2007","1,603.56","1,588.09","1,604.63","1,582.76","373.58M","0.24%"
"05/10/2007","1,599.68","1,602.56","1,616.06","1,599.68","408.58M","0.39%"
"05/09/2007","1,593.42","1,582.91","1,593.42","1,578.58","358.53M","0.68%"
"05/08/2007","1,582.65","1,585.52","1,589.07","1,577.18","384.03M","-0.11%"
"05/07/2007","1,584.46","1,574.86","1,585.70","1,574.86","434.48M","1.07%"
"05/04/2007","1,567.74","1,563.16","1,567.74","1,556.62","254.51M","0.51%"
"05/03/2007","1,559.86","1,563.42","1,564.01","1,555.28","249.68M","0.42%"
"05/02/2007","1,553.30","1,550.39","1,555.62","1,546.60","274.34M","0.72%"
"04/30/2007","1,542.24","1,538.69","1,542.25","1,530.67","315.97M","-0.02%"
"04/27/2007","1,542.52","1,547.20","1,553.23","1,537.37","356.44M","-0.68%"
"04/26/2007","1,553.13","1,560.22","1,565.03","1,553.13","391.55M","0.49%"
"04/25/2007","1,545.55","1,558.20","1,558.72","1,536.12","445.54M","-0.72%"
"04/24/2007","1,556.71","1,545.61","1,557.65","1,538.11","393.48M","0.80%"
"04/23/2007","1,544.35","1,545.45","1,554.50","1,538.33","386.98M","0.74%"
"04/20/2007","1,533.08","1,518.58","1,533.09","1,518.58","397.53M","1.28%"
"04/19/2007","1,513.66","1,536.89","1,537.43","1,506.14","363.74M","-1.36%"
"04/18/2007","1,534.58","1,532.57","1,538.29","1,530.02","352.53M","0.39%"
"04/17/2007","1,528.66","1,538.89","1,538.89","1,524.33","422.56M","-0.22%"
"04/16/2007","1,532.04","1,523.89","1,533.09","1,519.30","462.20M","0.74%"
"04/13/2007","1,520.78","1,523.82","1,526.09","1,512.36","426.24M","-0.32%"
"04/12/2007","1,525.61","1,510.27","1,525.61","1,507.56","360.18M","0.81%"
"04/11/2007","1,513.42","1,508.68","1,519.31","1,507.57","386.76M","0.95%"
"04/10/2007","1,499.16","1,500.79","1,502.34","1,492.35","359.30M","-0.13%"
"04/09/2007","1,501.06","1,489.79","1,501.06","1,489.13","388.21M","1.14%"
"04/06/2007","1,484.15","1,487.73","1,488.58","1,477.69","313.66M","0.14%"
"04/05/2007","1,482.04","1,485.53","1,485.77","1,478.45","328.41M","-0.09%"
"04/04/2007","1,483.41","1,474.65","1,484.86","1,471.05","353.99M","1.34%"
"04/03/2007","1,463.75","1,463.41","1,464.48","1,452.56","340.65M","0.29%"
"04/02/2007","1,459.53","1,456.19","1,464.93","1,456.06","303.52M","0.48%"
"03/30/2007","1,452.55","1,457.58","1,459.69","1,447.85","288.43M","0.11%"
"03/29/2007","1,450.95","1,434.58","1,453.11","1,432.80","283.08M","0.78%"
"03/28/2007","1,439.74","1,451.47","1,456.78","1,433.12","297.97M","-0.93%"
"03/27/2007","1,453.23","1,450.02","1,456.39","1,442.49","259.87M","0.24%"
"03/26/2007","1,449.77","1,451.12","1,455.51","1,444.25","312.61M","0.17%"
"03/23/2007","1,447.38","1,449.99","1,454.34","1,443.04","278.88M","-0.08%"
"03/22/2007","1,448.53","1,452.13","1,456.18","1,447.79","301.02M","0.39%"
"03/21/2007","1,442.85","1,446.07","1,452.05","1,435.36","342.96M","-0.09%"
"03/20/2007","1,444.17","1,449.43","1,449.79","1,440.42","364.48M","0.05%"
"03/19/2007","1,443.39","1,425.22","1,444.76","1,420.89","280.84M","1.09%"
"03/16/2007","1,427.88","1,428.63","1,431.75","1,416.30","304.14M","0.07%"
"03/15/2007","1,426.93","1,418.77","1,429.38","1,414.98","254.36M","1.39%"
"03/14/2007","1,407.37","1,409.66","1,416.80","1,405.13","259.29M","-2.00%"
"03/13/2007","1,436.05","1,441.60","1,442.04","1,433.67","256.42M","-0.37%"
"03/12/2007","1,441.33","1,429.68","1,441.83","1,429.68","245.05M","1.25%"
"03/09/2007","1,423.58","1,433.27","1,434.70","1,415.71","227.39M","-0.02%"
"03/08/2007","1,423.89","1,409.02","1,433.15","1,408.34","285.80M","0.92%"
"03/07/2007","1,410.95","1,415.35","1,415.50","1,397.83","254.20M","0.57%"
"03/06/2007","1,402.93","1,382.70","1,403.75","1,382.70","239.22M","1.95%"
"03/05/2007","1,376.15","1,400.80","1,404.23","1,375.84","232.60M","-2.71%"
"03/02/2007","1,414.47","1,407.19","1,423.58","1,406.63","243.11M","-0.20%"
"02/28/2007","1,417.34","1,396.44","1,417.34","1,393.96","324.11M","-2.56%"
"02/27/2007","1,454.60","1,468.28","1,468.28","1,453.85","261.58M","-1.05%"
"02/26/2007","1,470.03","1,466.92","1,470.95","1,462.19","261.76M","0.01%"
"02/23/2007","1,469.88","1,470.44","1,471.04","1,459.81","310.57M","0.31%"
"02/22/2007","1,465.41","1,452.71","1,471.04","1,452.62","310.28M","0.97%"
"02/21/2007","1,451.38","1,455.18","1,457.37","1,444.84","258.24M","-0.11%"
"02/20/2007","1,452.96","1,450.96","1,453.25","1,443.97","220.47M","0.29%"
"02/16/2007","1,448.81","1,444.46","1,448.96","1,439.03","207.16M","0.36%"
"02/15/2007","1,443.63","1,450.55","1,450.84","1,441.79","216.08M","0.52%"
"02/14/2007","1,436.10","1,430.02","1,440.51","1,430.01","214.65M","1.25%"
"02/13/2007","1,418.44","1,412.72","1,424.66","1,410.81","219.25M","0.29%"
"02/12/2007","1,414.29","1,416.84","1,416.84","1,403.75","209.29M","-0.94%"
"02/09/2007","1,427.68","1,424.49","1,432.29","1,422.97","227.57M","0.29%"
"02/08/2007","1,423.58","1,424.99","1,431.01","1,416.05","189.04M","-0.19%"
"02/07/2007","1,426.29","1,430.85","1,431.25","1,419.48","193.22M","-0.16%"
"02/06/2007","1,428.58","1,416.65","1,428.91","1,414.58","188.88M","0.75%"
"02/05/2007","1,417.95","1,413.77","1,420.42","1,409.71","181.60M","0.34%"
"02/02/2007","1,413.14","1,386.78","1,413.34","1,386.06","219.15M","2.19%"
"02/01/2007","1,382.90","1,367.07","1,382.90","1,362.04","168.20M","1.67%"
"01/31/2007","1,360.23","1,374.76","1,374.76","1,357.87","192.33M","-0.77%"
"01/30/2007","1,370.72","1,365.00","1,371.59","1,360.42","161.25M","0.56%"
"01/29/2007","1,363.10","1,376.48","1,378.28","1,361.23","136.33M","-0.60%"
"01/26/2007","1,371.33","1,372.36","1,378.48","1,366.10","160.88M","-0.80%"
"01/25/2007","1,382.36","1,392.55","1,392.55","1,379.66","157.05M","-0.05%"
"01/24/2007","1,383.06","1,369.96","1,383.75","1,369.02","197.93M","1.47%"
"01/23/2007","1,363.09","1,353.06","1,367.03","1,352.50","184.02M","-0.02%"
"01/22/2007","1,363.41","1,363.84","1,364.67","1,348.46","190.99M","0.21%"
"01/19/2007","1,360.56","1,369.09","1,372.63","1,356.22","222.67M","-1.64%"
"01/18/2007","1,383.21","1,378.37","1,385.22","1,372.93","181.23M","0.27%"
"01/17/2007","1,379.48","1,391.75","1,391.75","1,369.08","205.37M","-0.74%"
"01/16/2007","1,389.71","1,392.00","1,393.42","1,385.20","171.34M","-0.09%"
"01/15/2007","1,390.96","1,396.87","1,397.64","1,385.81","163.88M","0.19%"
"01/12/2007","1,388.37","1,379.00","1,389.00","1,372.87","213.77M","1.69%"
"01/11/2007","1,365.31","1,357.57","1,375.31","1,355.63","211.75M","0.70%"
"01/10/2007","1,355.79","1,372.52","1,372.52","1,345.08","225.46M","-1.35%"
"01/09/2007","1,374.34","1,376.71","1,381.99","1,367.74","216.84M","0.26%"
"01/08/2007","1,370.81","1,376.76","1,384.65","1,366.48","177.59M","-1.08%"
"01/05/2007","1,385.76","1,398.60","1,400.59","1,372.36","277.29M","-0.83%"
"01/04/2007","1,397.29","1,410.55","1,411.12","1,388.50","241.17M","-0.86%"
"01/03/2007","1,409.35","1,436.42","1,437.79","1,409.31","203.21M","-1.81%"
"01/02/2007","1,435.26","1,438.89","1,439.71","1,430.06","147.74M","0.06%"
"12/28/2006","1,434.46","1,433.63","1,437.48","1,425.84","160.60M","0.66%"
"12/27/2006","1,425.10","1,426.80","1,429.84","1,418.77","175.94M","-0.62%"
"12/26/2006","1,433.92","1,434.58","1,441.21","1,422.37","218.67M","-0.25%"
"12/22/2006","1,437.49","1,432.03","1,439.27","1,432.03","218.35M","0.07%"
"12/21/2006","1,436.47","1,444.41","1,445.51","1,434.47","193.03M","-0.40%"
"12/20/2006","1,442.28","1,429.77","1,445.50","1,429.77","240.50M","1.02%"
"12/19/2006","1,427.76","1,431.07","1,436.40","1,425.60","215.45M","-0.38%"
"12/18/2006","1,433.23","1,427.14","1,437.64","1,427.14","244.63M","0.80%"
"12/15/2006","1,421.87","1,418.53","1,425.78","1,412.17","319.55M","0.25%"
"12/14/2006","1,418.38","1,385.50","1,418.38","1,376.87","250.16M","2.54%"
"12/13/2006","1,383.28","1,375.31","1,386.69","1,373.52","186.91M","0.46%"
"12/12/2006","1,376.98","1,392.22","1,392.90","1,373.03","195.34M","-0.99%"
"12/11/2006","1,390.73","1,390.26","1,396.15","1,389.65","213.26M","0.02%"
"12/08/2006","1,390.43","1,400.98","1,400.98","1,386.26","221.67M","-1.41%"
"12/07/2006","1,410.30","1,411.73","1,416.13","1,407.66","237.41M","-0.24%"
"12/06/2006","1,413.73","1,422.75","1,423.07","1,399.68","237.55M","-0.48%"
"12/05/2006","1,420.59","1,432.97","1,436.69","1,420.40","300.83M","-0.41%"
"12/04/2006","1,426.46","1,431.01","1,433.28","1,426.34","197.28M","-0.55%"
"12/01/2006","1,434.36","1,433.40","1,436.80","1,428.24","231.10M","0.15%"
"11/30/2006","1,432.21","1,427.67","1,434.85","1,427.67","252.19M","0.68%"
"11/29/2006","1,422.55","1,413.91","1,424.91","1,413.54","254.27M","0.78%"
"11/28/2006","1,411.47","1,407.52","1,413.71","1,404.67","252.35M","-0.96%"
"11/27/2006","1,425.13","1,419.80","1,425.13","1,415.22","297.94M","0.24%"
"11/24/2006","1,421.73","1,419.99","1,424.82","1,411.27","314.62M","0.18%"
"11/23/2006","1,419.23","1,419.51","1,424.33","1,414.80","237.55M","-0.23%"
"11/22/2006","1,422.54","1,405.34","1,422.54","1,405.21","247.17M","1.18%"
"11/21/2006","1,405.90","1,402.75","1,406.58","1,399.97","277.29M","0.26%"
"11/20/2006","1,402.21","1,413.74","1,413.88","1,400.83","232.53M","-0.71%"
"11/17/2006","1,412.22","1,414.17","1,416.40","1,407.26","250.38M","0.10%"
"11/16/2006","1,410.75","1,417.68","1,417.68","1,409.22","259.28M","-0.13%"
"11/15/2006","1,412.54","1,412.07","1,413.69","1,406.86","236.75M","0.37%"
"11/14/2006","1,407.37","1,402.92","1,407.54","1,400.74","205.37M","0.76%"
"11/13/2006","1,396.69","1,399.51","1,399.98","1,386.76","178.61M","0.07%"
"11/10/2006","1,395.73","1,393.88","1,399.87","1,391.69","168.51M","-0.27%"
"11/09/2006","1,399.44","1,382.40","1,399.44","1,382.11","197.54M","1.40%"
"11/08/2006","1,380.07","1,391.23","1,393.51","1,379.34","197.67M","-0.53%"
"11/07/2006","1,387.44","1,389.12","1,392.51","1,385.41","213.06M","0.60%"
"11/06/2006","1,379.19","1,379.37","1,379.37","1,363.71","209.56M","-0.34%"
"11/03/2006","1,383.88","1,385.17","1,385.39","1,379.26","215.32M","0.01%"
"11/02/2006","1,383.73","1,371.51","1,383.73","1,370.30","218.35M","0.68%"
"11/01/2006","1,374.35","1,372.03","1,378.11","1,366.60","233.25M","0.72%"
"10/31/2006","1,364.55","1,356.91","1,364.83","1,351.08","255.79M","0.62%"
"10/30/2006","1,356.11","1,363.34","1,363.34","1,353.46","159.72M","-0.95%"
"10/27/2006","1,369.09","1,378.06","1,379.51","1,362.44","205.03M","-0.33%"
"10/26/2006","1,373.65","1,373.99","1,377.40","1,369.66","241.70M","0.16%"
"10/25/2006","1,371.43","1,368.36","1,375.01","1,365.80","231.82M","0.36%"
"10/24/2006","1,366.50","1,373.57","1,374.43","1,364.07","244.73M","0.11%"
"10/23/2006","1,364.95","1,367.14","1,369.85","1,358.93","240.37M","0.05%"
"10/20/2006","1,364.24","1,357.37","1,366.94","1,357.14","269.19M","0.75%"
"10/19/2006","1,354.06","1,356.61","1,358.95","1,350.36","295.22M","-0.01%"
"10/18/2006","1,354.26","1,345.60","1,355.92","1,338.00","279.68M","0.22%"
"10/17/2006","1,351.30","1,360.56","1,360.56","1,339.89","308.57M","-0.40%"
"10/16/2006","1,356.72","1,356.59","1,358.88","1,350.80","208.58M","0.60%"
"10/13/2006","1,348.60","1,349.50","1,353.93","1,345.97","305.32M","1.26%"
"10/12/2006","1,331.78","1,325.70","1,337.70","1,323.80","256.99M","0.47%"
"10/11/2006","1,325.49","1,317.68","1,332.28","1,315.84","198.43M","-0.22%"
"10/10/2006","1,328.37","1,322.44","1,334.41","1,322.44","251.54M","0.68%"
"10/09/2006","1,319.40","1,356.59","1,365.01","1,303.62","400.26M","-2.41%"
"10/04/2006","1,352.00","1,366.16","1,371.72","1,345.83","223.07M","-1.62%"
"10/02/2006","1,374.22","1,370.27","1,380.91","1,367.74","231.20M","0.20%"
"09/29/2006","1,371.41","1,375.38","1,377.37","1,367.78","248.28M","-0.00%"
"09/28/2006","1,371.43","1,362.72","1,372.22","1,359.47","228.24M","0.84%"
"09/27/2006","1,360.03","1,352.22","1,361.12","1,351.83","242.74M","1.19%"
"09/26/2006","1,343.97","1,360.88","1,361.56","1,338.98","241.63M","-0.83%"
"09/25/2006","1,355.21","1,347.88","1,357.69","1,345.56","201.96M","0.51%"
"09/22/2006","1,348.38","1,358.45","1,360.18","1,343.27","250.12M","-1.35%"
"09/21/2006","1,366.79","1,373.35","1,378.79","1,363.48","237.54M","0.03%"
"09/20/2006","1,366.44","1,366.51","1,369.18","1,355.04","233.74M","-0.55%"
"09/19/2006","1,373.95","1,375.23","1,378.99","1,370.44","237.30M","-0.03%"
"09/18/2006","1,374.30","1,360.66","1,378.04","1,358.57","305.45M","0.97%"
"09/15/2006","1,361.10","1,355.08","1,361.20","1,351.26","342.89M","0.17%"
"09/14/2006","1,358.75","1,333.66","1,358.75","1,329.11","288.84M","1.92%"
"09/13/2006","1,333.13","1,341.62","1,342.38","1,332.87","249.30M","0.38%"
"09/12/2006","1,328.04","1,334.35","1,339.31","1,323.90","266.77M","-0.45%"
"09/11/2006","1,334.08","1,357.29","1,357.29","1,333.84","248.05M","-1.54%"
"09/08/2006","1,354.89","1,345.61","1,358.10","1,344.68","260.04M","0.28%"
"09/07/2006","1,351.17","1,351.55","1,353.67","1,342.57","251.10M","-0.43%"
"09/06/2006","1,357.01","1,362.45","1,364.86","1,353.55","219.14M","-0.31%"
"09/05/2006","1,361.24","1,360.97","1,362.47","1,356.29","235.66M","0.16%"
"09/04/2006","1,359.06","1,363.69","1,365.08","1,359.04","238.69M","0.18%"
"09/01/2006","1,356.67","1,354.77","1,357.01","1,349.63","215.90M","0.29%"
"08/31/2006","1,352.74","1,348.05","1,361.48","1,344.57","279.26M","0.85%"
"08/30/2006","1,341.35","1,346.69","1,346.99","1,337.96","257.24M","-0.24%"
"08/29/2006","1,344.61","1,336.40","1,345.30","1,336.40","261.28M","1.26%"
"08/28/2006","1,327.89","1,329.90","1,335.64","1,325.04","189.86M","-0.11%"
"08/25/2006","1,329.35","1,317.65","1,333.89","1,317.16","201.75M","1.04%"
"08/24/2006","1,315.73","1,322.16","1,322.22","1,309.55","192.32M","-0.70%"
"08/23/2006","1,324.95","1,332.52","1,333.13","1,319.95","208.09M","-0.75%"
"08/22/2006","1,334.96","1,321.76","1,336.11","1,321.76","185.51M","1.01%"
"08/21/2006","1,321.67","1,333.26","1,337.70","1,316.51","189.26M","-0.71%"
"08/18/2006","1,331.10","1,330.06","1,336.38","1,324.62","192.91M","0.25%"
"08/17/2006","1,327.78","1,325.74","1,335.41","1,325.74","225.54M","0.93%"
"08/16/2006","1,315.61","1,311.56","1,319.48","1,306.45","231.68M","1.58%"
"08/14/2006","1,295.11","1,295.43","1,303.89","1,287.65","176.47M","0.23%"
"08/11/2006","1,292.10","1,312.18","1,317.19","1,291.90","226.69M","-0.94%"
"08/10/2006","1,304.31","1,310.94","1,314.76","1,293.53","224.42M","-0.81%"
"08/09/2006","1,314.93","1,306.99","1,321.55","1,297.28","195.82M","0.29%"
"08/08/2006","1,311.10","1,290.56","1,311.10","1,290.56","197.97M","1.67%"
"08/07/2006","1,289.54","1,308.36","1,308.59","1,289.23","161.90M","-1.15%"
"08/04/2006","1,304.51","1,296.50","1,305.80","1,296.50","189.52M","0.96%"
"08/03/2006","1,292.05","1,302.45","1,304.77","1,288.03","182.40M","-0.24%"
"08/02/2006","1,295.11","1,281.92","1,295.11","1,277.31","156.72M","0.60%"
"08/01/2006","1,287.36","1,296.71","1,306.91","1,286.43","186.84M","-0.81%"
"07/31/2006","1,297.82","1,313.91","1,316.12","1,297.82","173.38M","0.06%"
"07/28/2006","1,297.07","1,293.02","1,301.69","1,292.52","194.45M","0.06%"
"07/27/2006","1,296.27","1,280.65","1,299.80","1,277.19","208.57M","1.34%"
"07/26/2006","1,279.08","1,284.59","1,286.22","1,277.08","152.77M","-0.05%"
"07/25/2006","1,279.77","1,278.27","1,287.48","1,276.59","195.20M","1.30%"
"07/24/2006","1,263.35","1,258.87","1,267.63","1,245.98","155.83M","-0.63%"
"07/21/2006","1,271.33","1,260.25","1,271.58","1,259.32","180.75M","-0.15%"
"07/20/2006","1,273.30","1,264.03","1,273.42","1,260.89","212.46M","3.21%"
"07/19/2006","1,233.65","1,236.26","1,244.58","1,231.05","178.60M","0.02%"
"07/18/2006","1,233.42","1,241.57","1,243.58","1,233.08","188.80M","-1.73%"
"07/14/2006","1,255.13","1,261.24","1,261.24","1,246.65","197.53M","-2.33%"
"07/13/2006","1,285.02","1,283.83","1,299.07","1,273.13","186.87M","-0.90%"
"07/12/2006","1,296.69","1,302.99","1,311.27","1,291.61","200.71M","-0.29%"
"07/11/2006","1,300.44","1,296.06","1,301.95","1,289.12","185.85M","0.09%"
"07/10/2006","1,299.29","1,265.58","1,299.41","1,260.75","215.42M","1.99%"
"07/07/2006","1,273.93","1,274.25","1,278.94","1,267.99","191.85M","0.79%"
"07/06/2006","1,263.96","1,270.82","1,277.32","1,255.02","180.43M","-1.24%"
"07/05/2006","1,279.85","1,260.69","1,286.47","1,259.62","192.70M","-0.47%"
"07/04/2006","1,285.92","1,304.45","1,305.67","1,285.26","190.72M","-0.67%"
"07/03/2006","1,294.61","1,294.57","1,298.04","1,284.63","181.04M","-0.04%"
"06/30/2006","1,295.15","1,290.37","1,295.43","1,287.15","227.00M","2.54%"
"06/29/2006","1,263.02","1,247.80","1,267.90","1,247.80","205.10M","1.96%"
"06/28/2006","1,238.71","1,226.59","1,238.74","1,223.11","165.95M","-0.71%"
"06/27/2006","1,247.54","1,245.44","1,253.41","1,242.68","196.45M","0.77%"
"06/26/2006","1,238.05","1,227.00","1,239.54","1,221.65","225.97M","0.77%"
"06/23/2006","1,228.62","1,226.27","1,228.96","1,210.99","187.62M","-0.82%"
"06/22/2006","1,238.83","1,246.19","1,248.28","1,236.15","227.95M","0.95%"
"06/21/2006","1,227.19","1,229.29","1,232.63","1,216.10","188.20M","0.11%"
"06/20/2006","1,225.83","1,244.50","1,244.56","1,221.13","201.14M","-2.06%"
"06/19/2006","1,251.67","1,254.59","1,260.22","1,242.20","166.26M","-0.83%"
"06/16/2006","1,262.19","1,246.11","1,264.87","1,245.81","234.04M","3.51%"
"06/15/2006","1,219.40","1,232.72","1,239.86","1,213.09","196.28M","-0.19%"
"06/14/2006","1,221.73","1,194.46","1,230.02","1,192.09","210.75M","1.48%"
"06/13/2006","1,203.86","1,215.55","1,218.39","1,201.60","189.71M","-2.90%"
"06/12/2006","1,239.84","1,229.96","1,239.84","1,219.18","194.88M","0.34%"
"06/09/2006","1,235.65","1,236.80","1,240.05","1,217.76","230.38M","1.02%"
"06/08/2006","1,223.13","1,259.39","1,262.36","1,223.13","272.30M","-3.45%"
"06/07/2006","1,266.84","1,273.07","1,279.27","1,262.87","243.23M","-2.67%"
"06/05/2006","1,301.62","1,315.77","1,315.77","1,295.59","207.50M","-0.57%"
"06/02/2006","1,309.04","1,312.77","1,314.77","1,285.43","248.49M","1.08%"
"06/01/2006","1,295.09","1,308.44","1,319.05","1,294.92","238.05M","-1.72%"
"05/30/2006","1,317.70","1,329.40","1,330.60","1,311.30","219.73M","-0.87%"
"05/29/2006","1,329.22","1,333.59","1,340.33","1,327.53","224.01M","0.51%"
"05/26/2006","1,322.43","1,315.10","1,326.34","1,312.75","235.59M","2.06%"
"05/25/2006","1,295.76","1,333.63","1,333.65","1,295.47","213.56M","-2.82%"
"05/24/2006","1,333.38","1,325.94","1,335.09","1,303.67","249.76M","0.26%"
"05/23/2006","1,329.86","1,323.98","1,334.85","1,314.59","256.20M","-0.65%"
"05/22/2006","1,338.59","1,375.95","1,376.08","1,338.37","244.38M","-2.46%"
"05/19/2006","1,372.29","1,364.18","1,372.29","1,346.31","291.36M","0.52%"
"05/18/2006","1,365.15","1,360.76","1,366.78","1,356.04","355.78M","-2.59%"
"05/17/2006","1,401.47","1,386.93","1,403.68","1,386.93","270.25M","1.40%"
"05/16/2006","1,382.11","1,415.81","1,416.45","1,373.52","285.86M","-2.25%"
"05/15/2006","1,413.98","1,424.58","1,424.58","1,406.88","250.68M","-2.16%"
"05/12/2006","1,445.20","1,448.57","1,454.14","1,429.92","260.78M","-1.33%"
"05/11/2006","1,464.70","1,448.30","1,464.70","1,445.86","273.37M","0.94%"
"05/10/2006","1,451.09","1,449.72","1,455.83","1,441.81","270.62M","0.04%"
"05/09/2006","1,450.44","1,452.01","1,461.20","1,446.80","275.91M","-0.12%"
"05/08/2006","1,452.23","1,459.39","1,461.05","1,449.75","257.20M","0.78%"
"05/04/2006","1,441.02","1,436.60","1,441.46","1,424.72","266.81M","0.41%"
"05/03/2006","1,435.17","1,440.85","1,453.50","1,435.16","301.94M","0.02%"
"05/02/2006","1,434.90","1,419.64","1,435.00","1,408.80","296.68M","1.07%"
"04/28/2006","1,419.73","1,443.63","1,443.63","1,413.70","328.12M","-2.26%"
"04/27/2006","1,452.53","1,455.09","1,458.67","1,446.37","363.52M","0.09%"
"04/26/2006","1,451.22","1,433.38","1,451.22","1,430.74","312.33M","1.40%"
"04/25/2006","1,431.15","1,426.68","1,441.72","1,419.64","313.97M","0.01%"
"04/24/2006","1,430.94","1,448.04","1,448.04","1,425.75","291.17M","-1.40%"
"04/21/2006","1,451.31","1,441.11","1,458.35","1,437.70","381.81M","1.20%"
"04/20/2006","1,434.15","1,439.78","1,445.20","1,430.92","368.82M","-0.26%"
"04/19/2006","1,437.84","1,445.77","1,450.93","1,434.87","409.37M","0.76%"
"04/18/2006","1,427.00","1,415.76","1,432.90","1,415.14","321.90M","0.31%"
"04/17/2006","1,422.63","1,435.16","1,436.65","1,416.92","336.63M","-0.70%"
"04/14/2006","1,432.72","1,410.49","1,434.68","1,405.46","339.44M","1.92%"
"04/13/2006","1,405.72","1,384.03","1,405.72","1,382.55","306.71M","1.60%"
"04/12/2006","1,383.59","1,375.84","1,384.21","1,372.24","294.01M","-0.18%"
"04/11/2006","1,386.08","1,395.27","1,397.46","1,373.25","314.82M","-0.87%"
"04/10/2006","1,398.29","1,394.64","1,402.30","1,391.66","316.16M","-0.29%"
"04/07/2006","1,402.36","1,397.04","1,402.36","1,390.63","336.35M","0.38%"
"04/06/2006","1,397.00","1,397.51","1,406.03","1,388.74","425.05M","0.59%"
"04/05/2006","1,388.77","1,390.27","1,395.64","1,383.39","387.92M","0.23%"
"04/04/2006","1,385.64","1,380.49","1,388.99","1,374.84","392.03M","0.43%"
"04/03/2006","1,379.75","1,362.35","1,381.67","1,361.14","347.09M","1.48%"
"03/31/2006","1,359.60","1,338.50","1,360.13","1,337.35","314.76M","1.60%"
"03/30/2006","1,338.14","1,339.11","1,342.66","1,332.18","294.95M","0.41%"
"03/29/2006","1,332.72","1,319.24","1,337.08","1,314.63","388.50M","0.11%"
"03/28/2006","1,331.31","1,327.66","1,334.12","1,322.12","359.74M","0.07%"
"03/27/2006","1,330.34","1,317.46","1,335.25","1,317.25","323.60M","0.69%"
"03/24/2006","1,321.23","1,311.88","1,321.23","1,302.47","368.50M","0.68%"
"03/23/2006","1,312.26","1,321.40","1,327.42","1,300.44","333.04M","0.19%"
"03/22/2006","1,309.83","1,326.74","1,326.74","1,306.07","306.30M","-2.01%"
"03/21/2006","1,336.65","1,347.30","1,348.20","1,335.45","289.60M","-0.75%"
"03/20/2006","1,346.69","1,339.73","1,350.02","1,335.22","320.75M","0.42%"
"03/17/2006","1,341.12","1,331.38","1,342.83","1,320.54","277.19M","0.38%"
"03/16/2006","1,335.98","1,340.58","1,347.13","1,332.55","314.02M","0.15%"
"03/15/2006","1,333.98","1,337.21","1,342.44","1,332.53","356.09M","0.58%"
"03/14/2006","1,326.30","1,339.69","1,340.35","1,316.47","348.69M","-0.90%"
"03/13/2006","1,338.28","1,332.28","1,338.50","1,328.56","317.90M","1.38%"
"03/10/2006","1,320.07","1,315.13","1,328.72","1,308.74","282.77M","0.68%"
"03/09/2006","1,311.21","1,313.75","1,324.21","1,310.58","278.39M","-0.22%"
"03/08/2006","1,314.05","1,303.58","1,322.51","1,296.78","316.69M","-0.20%"
"03/07/2006","1,316.67","1,336.47","1,336.47","1,314.27","297.28M","-2.09%"
"03/06/2006","1,344.76","1,332.71","1,344.77","1,324.39","300.00M","1.19%"
"03/03/2006","1,328.95","1,365.35","1,367.17","1,325.59","339.82M","-2.83%"
"03/02/2006","1,367.70","1,377.46","1,379.30","1,367.68","405.52M","-0.28%"
"02/28/2006","1,371.59","1,377.44","1,379.71","1,363.93","296.10M","-0.24%"
"02/27/2006","1,374.88","1,365.41","1,374.89","1,360.46","302.26M","0.66%"
"02/24/2006","1,365.82","1,363.73","1,366.71","1,352.76","329.36M","0.34%"
"02/23/2006","1,361.23","1,348.51","1,362.03","1,346.69","341.97M","1.54%"
"02/22/2006","1,340.58","1,344.90","1,356.76","1,324.40","363.83M","-0.44%"
"02/21/2006","1,346.49","1,350.45","1,352.17","1,339.20","385.04M","-0.13%"
"02/20/2006","1,348.25","1,336.01","1,357.73","1,329.45","385.42M","1.16%"
"02/17/2006","1,332.73","1,325.49","1,333.83","1,315.25","283.77M","1.40%"
"02/16/2006","1,314.32","1,308.00","1,320.10","1,299.73","312.83M","0.80%"
"02/15/2006","1,303.84","1,342.28","1,342.40","1,300.76","420.00M","-1.83%"
"02/14/2006","1,328.21","1,315.14","1,330.05","1,303.19","286.70M","0.56%"
"02/13/2006","1,320.79","1,338.70","1,338.96","1,310.37","351.46M","-1.08%"
"02/10/2006","1,335.23","1,328.41","1,338.33","1,314.94","356.36M","1.03%"
"02/09/2006","1,321.66","1,326.87","1,329.46","1,313.82","348.01M","0.81%"
"02/08/2006","1,310.99","1,325.68","1,344.38","1,308.87","357.00M","-1.60%"
"02/07/2006","1,332.28","1,340.84","1,348.24","1,329.60","349.79M","-0.70%"
"02/06/2006","1,341.64","1,326.23","1,342.21","1,307.77","378.54M","0.61%"
"02/03/2006","1,333.50","1,357.17","1,362.37","1,330.68","444.56M","-2.98%"
"02/02/2006","1,374.44","1,387.50","1,389.55","1,357.71","449.62M","-0.11%"
"02/01/2006","1,375.97","1,390.43","1,398.19","1,366.56","469.70M","-1.70%"
"01/31/2006","1,399.83","1,391.51","1,403.30","1,381.75","406.45M","1.10%"
"01/27/2006","1,384.56","1,369.00","1,384.56","1,363.12","469.54M","2.35%"
"01/26/2006","1,352.75","1,349.48","1,352.84","1,329.65","367.82M","0.76%"
"01/25/2006","1,342.59","1,339.36","1,353.32","1,335.80","510.69M","1.19%"
"01/24/2006","1,326.83","1,307.36","1,328.32","1,292.84","540.14M","2.27%"
"01/23/2006","1,297.43","1,307.40","1,327.26","1,285.63","534.80M","-2.06%"
"01/20/2006","1,324.78","1,368.85","1,377.59","1,321.96","528.40M","-2.64%"
"01/19/2006","1,360.64","1,357.32","1,367.53","1,347.97","408.11M","0.57%"
"01/18/2006","1,352.91","1,378.73","1,379.46","1,333.75","567.08M","-2.64%"
"01/17/2006","1,389.58","1,423.76","1,426.21","1,389.51","473.74M","-2.27%"
"01/16/2006","1,421.79","1,423.08","1,425.05","1,409.53","402.10M","0.39%"
"01/13/2006","1,416.28","1,397.15","1,416.28","1,388.15","418.90M","0.98%"
"01/12/2006","1,402.58","1,399.64","1,411.82","1,399.04","447.86M","0.61%"
"01/11/2006","1,394.09","1,394.65","1,400.30","1,384.27","534.60M","-0.16%"
"01/10/2006","1,396.29","1,413.14","1,417.84","1,388.70","476.50M","-0.85%"
"01/09/2006","1,408.33","1,421.90","1,421.90","1,405.05","531.48M","-0.31%"
"01/06/2006","1,412.78","1,399.23","1,412.79","1,395.26","587.87M","1.24%"
"01/05/2006","1,395.51","1,405.31","1,405.31","1,378.96","538.07M","-0.47%"
"01/04/2006","1,402.11","1,408.19","1,412.15","1,400.08","527.99M","0.52%"
"01/03/2006","1,394.87","1,393.14","1,394.92","1,376.17","541.28M","0.40%"
"01/02/2006","1,389.27","1,383.32","1,389.27","1,370.61","396.30M","0.72%"
"12/29/2005","1,379.37","1,371.86","1,383.14","1,370.38","445.93M","0.82%"
"12/28/2005","1,368.16","1,357.29","1,369.42","1,353.24","368.81M","-0.39%"
"12/27/2005","1,373.55","1,371.35","1,376.77","1,370.03","423.77M","0.44%"
"12/26/2005","1,367.57","1,363.81","1,371.63","1,362.31","382.13M","0.59%"
"12/23/2005","1,359.53","1,358.51","1,360.00","1,347.14","418.65M","0.64%"
"12/22/2005","1,350.87","1,361.35","1,364.48","1,342.08","532.94M","-0.24%"
"12/21/2005","1,354.16","1,345.09","1,356.39","1,343.46","498.14M","0.98%"
"12/20/2005","1,341.00","1,333.07","1,344.31","1,331.56","523.43M","0.12%"
"12/19/2005","1,339.40","1,325.61","1,339.48","1,320.88","514.00M","1.39%"
"12/16/2005","1,321.04","1,322.40","1,330.46","1,314.52","621.72M","-1.24%"
"12/15/2005","1,337.68","1,338.16","1,343.05","1,326.01","688.58M","0.26%"
"12/14/2005","1,334.27","1,346.52","1,349.87","1,325.76","466.02M","-0.17%"
"12/13/2005","1,336.48","1,337.25","1,339.69","1,328.24","484.88M","0.24%"
"12/12/2005","1,333.23","1,321.07","1,337.82","1,321.07","462.72M","1.20%"
"12/09/2005","1,317.42","1,319.01","1,332.64","1,313.33","436.78M","-0.51%"
"12/08/2005","1,324.20","1,321.51","1,328.64","1,310.34","512.04M","-0.04%"
"12/07/2005","1,324.75","1,319.96","1,328.95","1,314.36","542.81M","0.28%"
"12/06/2005","1,321.06","1,311.90","1,324.22","1,304.88","534.92M","0.45%"
"12/05/2005","1,315.15","1,312.56","1,315.41","1,306.43","440.62M","0.38%"
"12/02/2005","1,310.12","1,318.94","1,319.28","1,309.86","565.15M","0.32%"
"12/01/2005","1,305.98","1,295.56","1,306.02","1,288.98","465.43M","0.66%"
"11/30/2005","1,297.44","1,283.58","1,300.88","1,283.47","493.10M","1.41%"
"11/29/2005","1,279.38","1,286.11","1,295.08","1,271.91","512.45M","-1.11%"
"11/28/2005","1,293.74","1,297.35","1,298.83","1,287.90","469.72M","0.04%"
"11/25/2005","1,293.22","1,294.79","1,298.25","1,285.24","527.89M","0.12%"
"11/24/2005","1,291.71","1,290.35","1,297.96","1,281.37","556.56M","0.76%"
"11/23/2005","1,282.02","1,251.90","1,283.57","1,250.47","575.41M","3.01%"
"11/22/2005","1,244.50","1,266.23","1,266.23","1,241.27","502.49M","-1.92%"
"11/21/2005","1,268.80","1,276.26","1,277.85","1,259.09","452.36M","-0.27%"
"11/18/2005","1,272.25","1,277.36","1,281.18","1,263.90","559.62M","0.23%"
"11/17/2005","1,269.35","1,266.47","1,272.80","1,259.92","489.65M","0.17%"
"11/16/2005","1,267.16","1,248.34","1,267.20","1,245.90","555.80M","1.06%"
"11/15/2005","1,253.86","1,254.92","1,257.55","1,236.82","434.00M","-0.30%"
"11/14/2005","1,257.63","1,260.28","1,262.24","1,253.67","458.06M","0.12%"
"11/11/2005","1,256.12","1,246.71","1,257.25","1,246.71","586.76M","1.76%"
"11/10/2005","1,234.43","1,226.78","1,235.08","1,224.77","456.47M","0.56%"
"11/09/2005","1,227.59","1,224.53","1,238.73","1,218.98","393.73M","0.07%"
"11/08/2005","1,226.71","1,219.78","1,226.72","1,215.00","411.85M","0.68%"
"11/07/2005","1,218.47","1,226.96","1,227.06","1,205.48","345.06M","-0.29%"
"11/04/2005","1,221.98","1,223.37","1,229.17","1,215.03","400.04M","0.33%"
"11/03/2005","1,217.97","1,220.51","1,220.69","1,211.92","382.07M","0.79%"
"11/02/2005","1,208.38","1,195.01","1,208.66","1,191.19","328.62M","1.63%"
"11/01/2005","1,188.95","1,165.77","1,191.29","1,165.31","427.22M","2.66%"
"10/31/2005","1,158.11","1,152.95","1,159.67","1,143.20","320.46M","1.52%"
"10/28/2005","1,140.72","1,148.88","1,149.35","1,137.23","341.22M","-2.20%"
"10/27/2005","1,166.36","1,174.95","1,185.70","1,165.19","445.81M","-1.07%"
"10/26/2005","1,179.00","1,184.60","1,186.22","1,170.97","405.83M","-0.19%"
"10/25/2005","1,181.28","1,199.68","1,204.34","1,178.59","447.70M","-0.28%"
"10/24/2005","1,184.60","1,188.86","1,193.08","1,176.33","426.32M","0.09%"
"10/21/2005","1,183.48","1,146.71","1,183.49","1,144.78","532.27M","1.83%"
"10/20/2005","1,162.23","1,169.85","1,173.68","1,157.67","510.90M","0.79%"
"10/19/2005","1,153.13","1,174.69","1,174.69","1,147.90","564.44M","-2.79%"
"10/18/2005","1,186.22","1,182.02","1,191.91","1,180.45","524.46M","0.84%"
"10/17/2005","1,176.36","1,195.62","1,199.91","1,170.90","482.11M","-1.16%"
"10/14/2005","1,190.17","1,202.33","1,207.24","1,177.68","576.23M","-0.27%"
"10/13/2005","1,193.44","1,206.25","1,208.00","1,186.30","615.05M","-1.94%"
"10/12/2005","1,217.06","1,243.23","1,245.85","1,214.95","598.66M","-2.19%"
"10/11/2005","1,244.27","1,221.68","1,244.27","1,218.45","504.00M","1.39%"
"10/10/2005","1,227.18","1,210.11","1,228.44","1,209.37","443.57M","2.18%"
"10/07/2005","1,201.01","1,195.29","1,215.25","1,193.74","498.30M","-0.12%"
"10/06/2005","1,202.49","1,213.43","1,214.60","1,198.46","512.65M","-2.03%"
"10/05/2005","1,227.40","1,242.49","1,246.41","1,222.57","514.78M","-1.24%"
"10/04/2005","1,242.78","1,228.03","1,244.37","1,228.03","439.36M","1.78%"
"09/30/2005","1,221.01","1,237.75","1,238.72","1,217.70","403.06M","-0.83%"
"09/29/2005","1,231.22","1,230.64","1,232.98","1,220.21","422.84M","0.22%"
"09/28/2005","1,228.57","1,212.49","1,228.57","1,209.57","470.38M","1.57%"
"09/27/2005","1,209.63","1,209.77","1,211.90","1,200.73","488.10M","0.27%"
"09/26/2005","1,206.41","1,181.94","1,206.41","1,181.94","400.04M","2.60%"
"09/23/2005","1,175.88","1,198.89","1,199.77","1,175.83","445.85M","-2.01%"
"09/22/2005","1,199.97","1,190.69","1,200.23","1,187.43","485.73M","0.28%"
"09/21/2005","1,196.67","1,187.95","1,199.91","1,185.62","503.45M","0.48%"
"09/20/2005","1,190.93","1,192.11","1,192.25","1,179.27","422.27M","1.43%"
"09/16/2005","1,174.13","1,172.42","1,176.06","1,164.13","385.98M","0.39%"
"09/15/2005","1,169.59","1,164.10","1,178.61","1,160.46","516.64M","-0.10%"
"09/14/2005","1,170.77","1,154.73","1,170.77","1,152.61","532.40M","1.09%"
"09/13/2005","1,158.12","1,160.27","1,166.22","1,150.76","379.76M","-0.02%"
"09/12/2005","1,158.36","1,158.09","1,166.80","1,156.69","487.84M","0.51%"
"09/09/2005","1,152.50","1,145.48","1,152.51","1,139.14","373.87M","0.63%"
"09/08/2005","1,145.26","1,152.68","1,153.63","1,135.78","464.47M","0.20%"
"09/07/2005","1,142.99","1,136.25","1,143.00","1,132.82","414.59M","1.81%"
"09/06/2005","1,122.65","1,120.11","1,135.53","1,119.22","494.88M","0.73%"
"09/05/2005","1,114.50","1,120.32","1,121.84","1,111.95","337.24M","-0.12%"
"09/02/2005","1,115.83","1,110.11","1,118.87","1,108.95","362.13M","0.86%"
"09/01/2005","1,106.37","1,093.47","1,106.37","1,092.14","401.78M","2.13%"
"08/31/2005","1,083.33","1,068.89","1,085.14","1,067.30","344.65M","1.00%"
"08/30/2005","1,072.61","1,074.63","1,078.42","1,055.54","331.64M","0.89%"
"08/29/2005","1,063.16","1,068.14","1,073.37","1,059.21","369.43M","-2.15%"
"08/26/2005","1,086.55","1,097.55","1,103.74","1,086.53","385.56M","-0.98%"
"08/25/2005","1,097.29","1,085.54","1,104.25","1,079.14","337.86M","0.28%"
"08/24/2005","1,094.21","1,111.90","1,111.91","1,088.74","339.74M","-1.94%"
"08/23/2005","1,115.84","1,118.17","1,121.89","1,108.59","367.01M","-0.08%"
"08/22/2005","1,116.68","1,095.24","1,116.68","1,091.76","383.45M","2.46%"
"08/19/2005","1,089.88","1,088.15","1,092.58","1,078.53","398.08M","-0.26%"
"08/18/2005","1,092.71","1,115.49","1,115.82","1,092.37","439.40M","-1.85%"
"08/17/2005","1,113.25","1,107.27","1,114.42","1,100.68","452.67M","-0.33%"
"08/16/2005","1,116.93","1,131.72","1,137.46","1,115.85","407.79M","-1.18%"
"08/12/2005","1,130.22","1,127.39","1,131.97","1,120.39","409.33M","0.57%"
"08/11/2005","1,123.77","1,104.69","1,123.77","1,104.35","438.88M","1.71%"
"08/10/2005","1,104.86","1,103.61","1,114.40","1,100.20","448.55M","0.46%"
"08/09/2005","1,099.77","1,082.76","1,099.79","1,079.53","462.13M","1.21%"
"08/08/2005","1,086.64","1,081.69","1,088.52","1,079.63","390.22M","-0.25%"
"08/05/2005","1,089.36","1,098.56","1,101.15","1,084.23","556.85M","-1.98%"
"08/04/2005","1,111.39","1,119.76","1,122.46","1,105.10","679.08M","-0.51%"
"08/03/2005","1,117.11","1,126.92","1,129.92","1,116.95","656.49M","-0.15%"
"08/02/2005","1,118.83","1,117.21","1,118.85","1,110.31","565.87M","0.26%"
"08/01/2005","1,115.98","1,113.90","1,116.75","1,107.78","501.12M","0.42%"
"07/29/2005","1,111.29","1,113.43","1,113.43","1,101.37","546.00M","0.59%"
"07/28/2005","1,104.72","1,101.84","1,106.44","1,097.38","651.33M","1.07%"
"07/27/2005","1,093.03","1,092.91","1,098.67","1,084.12","630.53M","0.22%"
"07/26/2005","1,090.60","1,089.96","1,094.82","1,085.87","695.01M","0.08%"
"07/25/2005","1,089.70","1,075.50","1,089.96","1,073.66","637.55M","1.44%"
"07/22/2005","1,074.22","1,067.50","1,076.70","1,063.12","684.90M","-0.04%"
"07/21/2005","1,074.65","1,083.55","1,086.00","1,068.49","701.78M","0.02%"
"07/20/2005","1,074.40","1,077.29","1,086.95","1,068.65","967.84M","-0.10%"
"07/19/2005","1,075.48","1,062.32","1,075.51","1,062.15","547.71M","1.23%"
"07/18/2005","1,062.43","1,061.71","1,068.51","1,057.03","500.56M","0.27%"
"07/15/2005","1,059.60","1,065.09","1,066.97","1,057.49","567.77M","-0.22%"
"07/14/2005","1,061.93","1,056.00","1,064.92","1,052.52","599.04M","1.12%"
"07/13/2005","1,050.16","1,047.53","1,050.78","1,042.19","744.62M","0.60%"
"07/12/2005","1,043.88","1,048.44","1,051.28","1,042.67","781.36M","0.33%"
"07/11/2005","1,040.43","1,034.59","1,043.18","1,033.28","770.52M","1.81%"
"07/08/2005","1,021.95","1,027.09","1,029.37","1,020.45","614.16M","-0.47%"
"07/07/2005","1,026.82","1,015.76","1,029.20","1,014.86","677.41M","0.77%"
"07/06/2005","1,019.01","1,023.77","1,025.24","1,015.94","687.97M","0.02%"
"07/05/2005","1,018.81","1,023.32","1,025.25","1,017.27","568.71M","-0.28%"
"07/04/2005","1,021.71","1,022.67","1,024.05","1,018.54","552.72M","0.36%"
"07/01/2005","1,018.02","1,003.56","1,018.04","1,002.38","494.73M","0.98%"
"06/30/2005","1,008.16","997.59","1,009.96","997.59","507.09M","0.91%"
"06/29/2005","999.08","1,000.27","1,006.19","994.29","408.26M","0.44%"
"06/28/2005","994.74","989.54","995.45","987.78","430.65M","0.37%"
"06/27/2005","991.11","996.73","997.71","985.93","401.82M","-1.13%"
"06/24/2005","1,002.43","1,001.62","1,007.95","995.55","406.14M","-0.83%"
"06/23/2005","1,010.80","1,002.24","1,010.91","1,001.13","449.22M","0.86%"
"06/22/2005","1,002.15","988.46","1,003.34","986.64","534.74M","1.23%"
"06/21/2005","989.99","992.25","997.80","986.61","408.25M","-0.47%"
"06/20/2005","994.65","1,003.80","1,004.21","991.47","367.18M","-0.90%"
"06/17/2005","1,003.68","1,006.65","1,007.20","997.44","451.30M","0.05%"
"06/16/2005","1,003.14","1,000.71","1,006.32","999.53","475.06M","0.12%"
"06/15/2005","1,001.94","984.58","1,001.94","981.95","402.70M","1.85%"
"06/14/2005","983.75","989.65","994.07","982.59","345.84M","-0.68%"
"06/13/2005","990.49","993.14","999.36","989.76","405.79M","-0.03%"
"06/10/2005","990.79","987.02","994.90","983.76","517.84M","0.33%"
"06/09/2005","987.58","972.75","987.58","970.97","453.83M","1.16%"
"06/08/2005","976.22","968.44","977.55","968.36","340.33M","0.55%"
"06/07/2005","970.88","975.39","975.39","968.28","317.56M","-0.53%"
"06/03/2005","976.09","972.72","976.09","970.01","322.97M","0.54%"
"06/02/2005","970.88","976.97","979.36","970.88","312.31M","0.14%"
"06/01/2005","969.51","964.08","972.56","963.78","256.65M","-0.07%"
"05/31/2005","970.21","968.78","972.17","960.39","252.37M","0.12%"
"05/30/2005","969.04","962.25","969.04","959.98","299.30M","0.85%"
"05/27/2005","960.91","953.80","962.90","950.74","303.15M","1.80%"
"05/26/2005","943.91","940.71","943.94","938.88","264.52M","0.28%"
"05/25/2005","941.30","951.37","955.74","939.65","279.81M","-1.08%"
"05/24/2005","951.61","954.92","955.71","947.59","321.24M","0.06%"
"05/23/2005","951.05","955.05","955.05","946.80","315.72M","-0.12%"
"05/20/2005","952.19","954.66","956.06","948.38","341.24M","0.01%"
"05/19/2005","952.09","941.31","952.74","941.31","366.59M","2.34%"
"05/18/2005","930.36","935.18","937.00","926.97","333.35M","0.35%"
"05/17/2005","927.16","938.27","940.80","921.77","288.22M","-0.20%"
"05/16/2005","929.04","925.41","935.53","925.05","405.54M","0.63%"
"05/13/2005","923.19","918.77","925.08","910.72","295.68M","0.21%"
"05/12/2005","921.21","923.26","928.87","921.21","307.79M","-0.24%"
"05/11/2005","923.38","927.31","928.43","921.01","268.61M","-1.17%"
"05/10/2005","934.28","939.18","941.45","933.56","347.69M","-0.10%"
"05/09/2005","935.20","942.01","942.32","926.48","362.54M","-0.60%"
"05/06/2005","940.85","933.38","942.67","933.24","314.70M","1.24%"
"05/04/2005","929.35","916.29","931.19","916.29","330.70M","1.70%"
"05/03/2005","913.82","920.94","923.53","911.14","373.03M","-0.50%"
"05/02/2005","918.42","916.48","918.45","912.43","298.91M","0.78%"
"04/29/2005","911.30","907.63","914.25","902.88","335.61M","-0.70%"
"04/28/2005","917.73","931.34","931.96","917.71","369.84M","-1.34%"
"04/27/2005","930.16","936.34","936.37","924.44","398.22M","-1.51%"
"04/26/2005","944.46","947.31","949.33","944.30","429.94M","-0.18%"
"04/25/2005","946.17","936.25","946.87","932.76","387.34M","0.57%"
"04/22/2005","940.79","952.80","952.96","940.78","438.26M","0.18%"
"04/21/2005","939.14","925.17","941.63","916.74","443.31M","0.19%"
"04/20/2005","937.36","940.36","948.73","930.06","410.51M","0.53%"
"04/19/2005","932.45","931.60","936.70","928.77","360.81M","0.81%"
"04/18/2005","925.00","930.85","934.37","917.41","367.62M","-2.35%"
"04/15/2005","947.22","954.61","955.38","940.04","378.26M","-0.70%"
"04/14/2005","953.92","973.40","973.86","953.92","419.60M","-2.79%"
"04/13/2005","981.31","985.82","986.82","979.31","438.08M","-0.05%"
"04/12/2005","981.79","982.44","985.99","979.73","477.50M","-0.42%"
"04/11/2005","985.94","988.21","988.50","981.74","411.84M","-0.63%"
"04/08/2005","992.17","995.87","996.90","989.56","489.90M","0.33%"
"04/07/2005","988.90","991.36","993.03","985.87","571.33M","0.09%"
"04/06/2005","988.00","985.65","990.34","975.28","473.79M","0.56%"
"04/04/2005","982.50","981.00","984.09","976.28","458.76M","0.06%"
"04/01/2005","981.90","963.78","982.49","963.57","480.86M","1.68%"
"03/31/2005","965.68","969.85","970.38","961.54","435.28M","1.07%"
"03/30/2005","955.45","952.40","957.08","946.41","442.96M","-0.37%"
"03/29/2005","958.96","977.98","978.47","956.34","524.50M","-1.92%"
"03/28/2005","977.70","969.48","981.54","969.48","607.95M","1.28%"
"03/25/2005","965.30","960.65","965.42","956.45","594.11M","0.94%"
"03/24/2005","956.33","970.29","972.85","949.98","542.36M","-1.08%"
"03/23/2005","966.81","974.22","980.65","964.08","519.68M","-1.39%"
"03/22/2005","980.41","978.09","986.15","972.94","520.61M","0.12%"
"03/21/2005","979.27","979.31","986.88","968.95","530.88M","-0.05%"
"03/18/2005","979.72","981.13","988.37","977.29","664.84M","-0.03%"
"03/17/2005","980.05","983.52","988.37","972.90","745.03M","-1.32%"
"03/16/2005","993.13","990.54","997.57","982.22","669.65M","0.00%"
"03/15/2005","993.13","1,024.08","1,024.34","992.46","741.33M","-2.60%"
"03/14/2005","1,019.69","1,018.33","1,021.30","1,015.17","550.42M","-0.30%"
"03/11/2005","1,022.79","1,006.50","1,022.79","1,006.50","699.41M","2.42%"
"03/10/2005","998.66","1,007.21","1,012.81","998.66","591.34M","-1.00%"
"03/09/2005","1,008.79","996.86","1,008.79","990.44","532.63M","0.85%"
"03/08/2005","1,000.28","1,010.62","1,012.40","995.92","588.66M","-0.72%"
"03/07/2005","1,007.50","1,021.63","1,025.08","998.89","599.49M","-0.54%"
"03/04/2005","1,012.96","1,013.79","1,016.18","1,007.68","587.26M","0.20%"
"03/03/2005","1,010.92","1,008.22","1,015.28","999.86","615.90M","0.34%"
"03/02/2005","1,007.48","1,015.16","1,015.51","1,003.11","721.28M","-0.38%"
"02/28/2005","1,011.36","1,003.65","1,011.65","999.10","534.15M","1.45%"
"02/25/2005","996.95","994.01","1,000.26","990.20","531.40M","1.00%"
"02/24/2005","987.10","972.95","989.27","971.54","581.34M","1.93%"
"02/23/2005","968.43","968.16","971.71","963.90","483.57M","-0.96%"
"02/22/2005","977.80","988.63","990.62","975.57","631.04M","-1.10%"
"02/21/2005","988.71","992.46","992.46","982.96","629.09M","0.47%"
"02/18/2005","984.10","969.13","984.10","967.04","543.69M","1.19%"
"02/17/2005","972.56","972.90","974.77","968.53","511.74M","0.10%"
"02/16/2005","971.56","973.61","979.00","965.58","557.30M","0.28%"
"02/15/2005","968.88","965.74","968.88","961.07","547.94M","0.42%"
"02/14/2005","964.79","957.22","967.80","954.36","537.09M","1.85%"
"02/11/2005","947.23","944.28","947.94","936.17","381.95M","-0.21%"
"02/07/2005","949.19","942.15","949.45","941.14","421.37M","1.68%"
"02/04/2005","933.55","928.21","936.45","926.10","385.53M","0.51%"
"02/03/2005","928.79","922.43","930.73","921.04","398.29M","0.80%"
"02/02/2005","921.44","925.98","926.54","918.44","453.66M","-0.24%"
"02/01/2005","923.69","930.16","931.86","923.08","434.70M","-0.97%"
"01/31/2005","932.70","920.99","934.10","920.99","466.83M","1.21%"
"01/28/2005","921.59","924.09","924.91","915.74","393.17M","-0.35%"
"01/27/2005","924.87","928.67","930.59","920.93","500.47M","-0.23%"
"01/26/2005","927.00","918.75","930.20","917.09","492.32M","1.30%"
"01/25/2005","915.10","915.94","918.08","911.26","486.45M","-0.87%"
"01/24/2005","923.11","918.21","928.52","911.75","527.62M","0.38%"
"01/21/2005","919.61","910.04","920.35","906.23","463.48M","1.13%"
"01/20/2005","909.37","910.40","914.93","907.51","467.07M","-0.75%"
"01/19/2005","916.27","923.36","926.71","914.30","415.61M","-0.47%"
"01/18/2005","920.57","923.52","926.85","920.08","432.80M","-0.27%"
"01/17/2005","923.08","915.22","925.01","912.68","416.68M","1.99%"
"01/14/2005","905.10","879.83","905.52","877.44","356.84M","2.21%"
"01/13/2005","885.54","881.39","886.73","876.72","290.67M","0.63%"
"01/12/2005","880.03","884.47","886.79","878.03","321.63M","-0.48%"
"01/11/2005","884.29","874.79","884.29","869.91","364.43M","1.16%"
"01/10/2005","874.18","872.82","875.00","866.17","275.96M","0.38%"
"01/07/2005","870.84","876.36","878.89","866.72","294.80M","-0.05%"
"01/06/2005","871.28","878.23","886.31","871.28","394.70M","-1.57%"
"01/05/2005","885.19","874.92","885.20","873.18","343.14M","-0.19%"
"01/04/2005","886.90","890.56","895.40","884.94","331.63M","-0.76%"
"01/03/2005","893.71","896.00","897.59","890.93","252.57M","-0.25%"
"12/30/2004","895.92","886.20","896.10","885.43","248.58M","1.32%"
"12/29/2004","884.27","869.23","884.27","868.04","257.90M","0.66%"
"12/28/2004","878.43","874.53","881.28","872.33","307.69M","0.17%"
"12/27/2004","876.98","881.82","882.78","873.84","229.73M","-0.33%"
"12/24/2004","879.92","877.40","879.92","872.92","283.18M","0.35%"
"12/23/2004","876.88","890.32","890.32","873.11","272.30M","-0.74%"
"12/22/2004","883.38","888.20","890.81","880.38","325.40M","0.06%"
"12/21/2004","882.82","882.90","887.38","876.35","350.62M","-0.17%"
"12/20/2004","884.31","872.30","884.49","870.60","359.90M","1.05%"
"12/17/2004","875.13","874.23","880.95","868.61","446.43M","0.16%"
"12/16/2004","873.70","869.92","878.67","868.90","325.69M","0.56%"
"12/15/2004","868.84","854.99","868.87","853.64","311.21M","2.29%"
"12/14/2004","849.40","846.02","852.26","842.70","277.26M","0.62%"
"12/13/2004","844.20","841.34","847.92","838.10","239.84M","-0.08%"
"12/10/2004","844.85","862.16","862.77","841.77","259.80M","-1.91%"
"12/09/2004","861.31","870.61","871.87","855.88","268.37M","-1.20%"
"12/08/2004","871.74","855.53","871.74","855.07","346.29M","1.24%"
"12/07/2004","861.07","867.83","872.39","861.07","336.16M","-1.11%"
"12/06/2004","870.75","875.53","876.38","867.70","280.85M","-1.34%"
"12/03/2004","882.55","890.59","893.42","877.46","331.02M","-0.18%"
"12/02/2004","884.10","891.14","893.51","882.58","335.56M","0.83%"
"12/01/2004","876.80","874.47","878.91","871.13","316.63M","-0.14%"
"11/30/2004","878.06","865.78","878.06","857.85","333.12M","1.46%"
"11/29/2004","865.40","861.17","867.37","855.81","315.90M","0.85%"
"11/26/2004","858.12","877.82","883.85","856.89","310.25M","-1.65%"
"11/25/2004","872.49","873.87","879.92","871.12","257.88M","-0.01%"
"11/24/2004","872.56","859.50","873.73","855.35","317.70M","1.41%"
"11/23/2004","860.40","857.51","862.43","851.18","285.33M","1.22%"
"11/22/2004","849.99","857.33","858.46","844.11","247.64M","-1.97%"
"11/19/2004","867.03","878.59","882.12","863.52","360.72M","-1.01%"
"11/18/2004","875.84","886.38","888.07","874.96","345.30M","-1.08%"
"11/17/2004","885.42","881.26","889.71","876.75","279.05M","1.01%"
"11/16/2004","876.61","882.97","885.55","875.78","300.18M","-0.65%"
"11/15/2004","882.33","879.88","891.71","876.70","266.42M","0.65%"
"11/12/2004","876.67","875.48","882.59","870.99","298.81M","1.79%"
"11/11/2004","861.26","856.66","867.25","855.51","290.88M","0.08%"
"11/10/2004","860.54","847.53","860.54","847.53","291.73M","1.94%"
"11/09/2004","844.15","845.49","850.13","840.24","342.57M","-0.23%"
"11/08/2004","846.11","865.65","865.94","845.79","269.26M","-1.69%"
"11/05/2004","860.68","862.44","865.38","857.74","277.64M","1.11%"
"11/04/2004","851.20","860.19","860.19","851.20","267.15M","-1.14%"
"11/03/2004","861.05","848.83","861.16","844.27","255.52M","1.70%"
"11/02/2004","846.67","839.59","849.71","838.39","272.10M","1.32%"
"11/01/2004","835.66","832.52","842.16","831.32","221.46M","0.10%"
"10/29/2004","834.84","826.89","835.26","823.07","248.66M","0.16%"
"10/28/2004","833.54","825.85","833.54","821.54","280.80M","2.92%"
"10/27/2004","809.91","820.73","822.30","803.72","303.32M","-0.47%"
"10/26/2004","813.70","812.18","817.00","809.79","260.61M","0.69%"
"10/25/2004","808.14","816.11","816.54","801.01","274.80M","-2.42%"
"10/22/2004","828.17","824.12","832.10","822.20","272.42M","0.92%"
"10/21/2004","820.63","830.24","831.05","814.64","325.42M","-0.96%"
"10/20/2004","828.61","851.42","851.43","827.68","385.41M","-3.17%"
"10/19/2004","855.77","860.87","863.75","851.92","322.59M","0.88%"
"10/18/2004","848.27","845.00","851.97","840.60","296.29M","0.75%"
"10/15/2004","841.94","837.96","849.92","833.45","288.64M","-0.55%"
"10/14/2004","846.63","849.09","852.56","839.87","267.52M","-1.12%"
"10/13/2004","856.18","863.26","866.07","852.65","319.03M","-0.22%"
"10/12/2004","858.09","878.25","878.56","856.67","373.01M","-2.61%"
"10/11/2004","881.11","876.56","882.05","873.16","370.25M","-0.03%"
"10/08/2004","881.38","877.89","892.12","877.34","458.79M","-0.45%"
"10/07/2004","885.33","887.39","891.25","878.80","344.41M","-0.24%"
"10/06/2004","887.45","885.94","896.24","879.58","391.26M","0.29%"
"10/05/2004","884.84","882.50","887.61","876.56","368.88M","0.45%"
"10/04/2004","880.84","859.12","880.84","858.92","358.52M","4.12%"
"10/01/2004","846.01","835.50","846.01","834.75","296.49M","1.31%"
"09/30/2004","835.09","829.93","836.54","827.17","290.82M","0.36%"
"09/24/2004","832.10","828.78","836.38","823.05","335.36M","0.29%"
"09/23/2004","829.68","829.32","834.00","824.85","378.87M","-0.65%"
"09/22/2004","835.10","861.80","863.19","835.10","362.68M","-2.57%"
"09/21/2004","857.15","859.20","861.31","854.10","358.42M","0.03%"
"09/20/2004","856.87","849.46","862.98","849.45","332.12M","1.03%"
"09/17/2004","848.11","854.35","859.57","846.08","317.27M","-0.85%"
"09/16/2004","855.38","846.08","863.12","844.06","434.92M","0.56%"
"09/15/2004","850.63","851.52","856.39","848.79","429.06M","-0.09%"
"09/14/2004","851.42","857.74","859.93","848.08","439.64M","-0.06%"
"09/13/2004","851.91","842.15","852.06","841.41","396.94M","1.86%"
"09/10/2004","836.34","826.06","837.37","816.64","354.41M","1.76%"
"09/09/2004","821.88","815.65","823.19","809.03","452.86M","0.74%"
"09/08/2004","815.85","820.18","828.38","815.33","391.33M","-0.36%"
"09/07/2004","818.80","822.29","824.96","817.68","436.80M","-0.66%"
"09/06/2004","824.21","823.64","824.98","817.18","357.22M","0.43%"
"09/03/2004","820.69","826.00","826.26","814.09","398.40M","-0.38%"
"09/02/2004","823.83","818.69","823.83","815.74","394.24M","0.79%"
"09/01/2004","817.36","803.51","817.37","801.58","345.05M","1.72%"
"08/31/2004","803.57","800.62","805.26","797.62","346.46M","-0.20%"
"08/30/2004","805.19","811.55","815.05","802.75","333.64M","-0.63%"
"08/27/2004","810.30","812.65","814.05","806.75","307.37M","0.01%"
"08/26/2004","810.21","808.11","813.77","808.11","285.53M","0.78%"
"08/25/2004","803.97","791.00","804.83","790.17","262.67M","1.47%"
"08/24/2004","792.34","791.38","793.50","781.46","267.16M","0.60%"
"08/23/2004","787.65","792.50","796.84","783.50","255.38M","0.00%"
"08/20/2004","787.64","785.82","789.23","783.06","295.74M","-0.11%"
"08/19/2004","788.53","780.26","789.78","780.26","383.46M","1.98%"
"08/18/2004","773.19","772.84","776.15","768.94","332.49M","0.28%"
"08/17/2004","771.03","782.59","783.48","768.76","302.59M","-0.36%"
"08/16/2004","773.85","774.29","777.96","767.26","307.76M","-0.28%"
"08/13/2004","776.02","762.81","777.84","761.61","372.51M","1.22%"
"08/12/2004","766.70","755.43","767.03","753.67","321.75M","1.81%"
"08/11/2004","753.06","752.60","758.61","751.26","378.49M","0.59%"
"08/10/2004","748.62","738.92","748.63","738.36","338.09M","0.87%"
"08/09/2004","742.13","728.66","742.61","724.50","274.59M","1.11%"
"08/06/2004","733.95","733.76","745.05","733.24","312.68M","-1.26%"
"08/05/2004","743.35","730.64","743.37","726.87","394.29M","1.91%"
"08/04/2004","729.41","719.61","729.41","713.99","283.78M","0.41%"
"08/03/2004","726.44","726.88","728.13","722.46","301.67M","0.95%"
"08/02/2004","719.59","730.61","730.64","719.59","282.25M","-2.14%"
"07/30/2004","735.34","737.92","741.32","734.15","288.54M","0.65%"
"07/29/2004","730.61","742.58","742.58","730.47","326.28M","-1.86%"
"07/28/2004","744.42","747.02","748.82","740.19","420.81M","0.80%"
"07/27/2004","738.51","735.22","739.60","726.71","368.90M","0.31%"
"07/26/2004","736.21","730.15","739.56","729.80","307.95M","-0.18%"
"07/23/2004","737.51","742.51","743.65","733.74","337.07M","-0.69%"
"07/22/2004","742.63","738.98","744.50","733.41","435.15M","-1.42%"
"07/21/2004","753.32","750.59","756.44","747.89","422.74M","2.21%"
"07/20/2004","737.00","742.24","745.41","737.00","334.96M","-1.79%"
"07/19/2004","750.40","730.58","750.40","729.57","267.80M","1.49%"
"07/16/2004","739.39","728.37","741.41","717.77","348.15M","0.91%"
"07/15/2004","732.74","735.85","739.07","720.92","369.25M","-0.52%"
"07/14/2004","736.57","745.43","751.60","734.85","331.12M","-1.91%"
"07/13/2004","750.95","753.03","753.21","740.16","397.54M","0.63%"
"07/12/2004","746.27","752.71","757.90","740.98","334.23M","-0.16%"
"07/09/2004","747.46","745.09","751.92","741.26","309.48M","0.51%"
"07/08/2004","743.64","753.68","759.71","743.64","346.30M","-2.39%"
"07/07/2004","761.88","742.21","761.93","735.72","395.04M","0.45%"
"07/06/2004","758.47","753.14","763.93","751.26","400.15M","0.23%"
"07/05/2004","756.72","754.16","758.72","744.39","400.91M","0.17%"
"07/02/2004","755.42","764.38","764.54","754.26","431.88M","-2.91%"
"07/01/2004","778.03","784.85","792.77","776.35","314.99M","-0.99%"
"06/30/2004","785.79","783.24","787.60","777.73","400.19M","0.91%"
"06/29/2004","778.72","766.82","780.57","763.34","295.06M","1.01%"
"06/28/2004","770.95","777.85","780.31","764.29","279.50M","-1.04%"
"06/25/2004","779.03","763.02","780.00","760.57","305.36M","2.08%"
"06/24/2004","763.13","752.64","763.42","747.51","373.28M","3.28%"
"06/23/2004","738.93","753.28","755.88","737.23","368.50M","-1.01%"
"06/22/2004","746.48","744.86","749.26","732.79","327.22M","-0.38%"
"06/21/2004","749.30","745.22","758.58","743.69","376.09M","1.02%"
"06/18/2004","741.73","751.69","754.05","732.89","379.82M","-2.42%"
"06/17/2004","760.09","756.92","760.10","742.47","361.07M","1.03%"
"06/16/2004","752.34","756.33","769.66","746.48","369.90M","0.03%"
"06/15/2004","752.10","747.54","752.54","729.06","481.76M","1.80%"
"06/14/2004","738.79","744.25","761.29","737.65","377.98M","-1.70%"
"06/11/2004","751.53","780.16","780.41","748.34","458.72M","-3.93%"
"06/10/2004","782.30","785.83","794.16","776.61","444.56M","-1.54%"
"06/09/2004","794.53","816.93","820.68","794.10","603.58M","-1.83%"
"06/08/2004","809.31","817.11","820.87","804.43","356.05M","-0.02%"
"06/07/2004","809.45","788.41","809.51","788.41","390.67M","3.68%"
"06/04/2004","780.74","772.94","781.96","764.93","421.77M","1.39%"
"06/03/2004","770.06","810.98","812.54","770.06","465.57M","-4.27%"
"06/02/2004","804.39","808.84","811.59","797.68","263.38M","-1.40%"
"06/01/2004","815.77","807.55","817.00","804.31","315.87M","1.48%"
"05/31/2004","803.84","811.46","811.59","793.77","288.48M","-1.55%"
"05/28/2004","816.51","811.54","816.64","805.21","357.72M","1.75%"
"05/27/2004","802.46","802.40","810.69","797.11","293.07M","2.35%"
"05/25/2004","784.06","791.38","791.67","776.71","331.75M","-1.95%"
"05/24/2004","799.64","795.99","802.04","790.73","302.77M","1.69%"
"05/21/2004","786.36","780.99","786.36","768.63","324.17M","2.42%"
"05/20/2004","767.79","766.04","782.92","757.49","357.50M","-1.31%"
"05/19/2004","777.95","752.50","784.14","751.59","379.67M","4.85%"
"05/18/2004","741.99","724.68","748.26","716.95","383.58M","1.78%"
"05/17/2004","728.98","766.56","774.39","723.51","371.69M","-5.14%"
"05/14/2004","768.46","798.80","802.32","759.65","372.34M","-2.74%"
"05/13/2004","790.13","815.28","816.26","790.13","395.04M","-3.30%"
"05/12/2004","817.09","802.88","820.72","801.28","387.17M","3.30%"
"05/11/2004","791.02","789.54","802.29","776.72","362.90M","0.04%"
"05/10/2004","790.68","831.10","831.37","771.31","403.02M","-5.73%"
"05/07/2004","838.74","837.73","843.01","819.61","372.06M","0.13%"
"05/06/2004","837.68","864.52","865.10","836.15","359.54M","-3.44%"
"05/04/2004","867.48","871.57","876.30","865.68","376.76M","0.16%"
"05/03/2004","866.11","863.03","867.25","856.84","331.73M","0.38%"
"04/30/2004","862.84","867.99","875.51","854.39","378.72M","-1.44%"
"04/29/2004","875.41","890.61","896.45","872.63","442.77M","-2.93%"
"04/28/2004","901.83","917.32","919.86","901.82","373.38M","-1.49%"
"04/27/2004","915.47","918.82","921.42","911.56","435.46M","-0.46%"
"04/26/2004","919.74","935.01","935.28","919.27","388.05M","-1.74%"
"04/23/2004","936.06","938.25","939.52","929.80","480.36M","1.30%"
"04/22/2004","924.01","931.09","933.84","921.97","519.75M","-0.64%"
"04/21/2004","929.95","910.68","931.21","910.68","554.00M","1.20%"
"04/20/2004","918.90","909.91","919.13","902.47","456.84M","1.86%"
"04/19/2004","902.10","900.48","902.10","891.27","476.14M","0.36%"
"04/16/2004","898.88","903.84","908.72","897.73","391.73M","-1.90%"
"04/14/2004","916.31","909.95","919.38","907.36","407.16M","-0.14%"
"04/13/2004","917.63","925.19","927.67","916.20","468.92M","-0.13%"
"04/12/2004","918.86","905.44","926.07","905.44","366.19M","1.48%"
"04/09/2004","905.44","910.48","910.48","901.24","352.12M","-1.25%"
"04/08/2004","916.86","913.52","916.86","908.07","431.84M","0.76%"
"04/07/2004","909.93","906.78","915.13","903.24","528.21M","0.41%"
"04/06/2004","906.19","899.43","906.43","898.00","491.56M","2.55%"
"04/02/2004","883.69","886.09","889.60","882.82","541.84M","0.11%"
"04/01/2004","882.75","878.78","883.23","875.09","294.60M","0.26%"
"03/31/2004","880.50","881.75","883.88","868.41","327.69M","0.81%"
"03/30/2004","873.46","879.41","879.41","870.86","287.74M","-0.14%"
"03/29/2004","874.67","868.10","878.37","867.21","335.58M","1.24%"
"03/26/2004","863.95","866.29","873.01","861.63","303.97M","1.24%"
"03/25/2004","853.38","862.30","868.78","849.56","357.26M","-0.97%"
"03/24/2004","861.72","860.39","867.15","856.54","311.09M","-0.51%"
"03/23/2004","866.17","854.92","868.99","849.76","383.76M","0.29%"
"03/22/2004","863.69","878.62","881.00","862.63","371.61M","-2.22%"
"03/19/2004","883.33","874.57","883.33","868.97","425.08M","1.20%"
"03/18/2004","872.82","879.22","879.56","869.09","488.46M","0.05%"
"03/17/2004","872.38","858.15","872.78","857.29","524.44M","2.62%"
"03/16/2004","850.13","843.83","850.15","838.11","440.15M","-0.25%"
"03/15/2004","852.26","855.84","857.96","848.23","383.66M","0.41%"
"03/12/2004","848.80","866.72","867.35","822.05","655.65M","-2.43%"
"03/11/2004","869.93","869.67","878.10","866.33","468.74M","-0.70%"
"03/10/2004","876.02","887.11","890.33","874.58","457.32M","-1.75%"
"03/09/2004","891.58","891.10","893.73","888.46","474.38M","-0.95%"
"03/08/2004","900.10","909.15","910.67","899.07","506.52M","-0.58%"
"03/05/2004","905.38","907.21","909.08","904.01","515.73M","-0.23%"
"03/04/2004","907.43","898.16","908.82","896.76","589.05M","1.30%"
"03/03/2004","895.81","897.49","900.44","895.52","554.72M","-0.38%"
"03/02/2004","899.21","892.57","899.99","892.38","489.08M","1.79%"
"02/27/2004","883.42","865.51","883.42","861.86","458.65M","2.15%"
"02/26/2004","864.86","870.31","873.15","861.77","522.86M","-0.23%"
"02/25/2004","866.87","865.22","870.03","862.97","524.66M","0.26%"
"02/24/2004","864.59","872.45","876.71","864.34","549.39M","-1.47%"
"02/23/2004","877.52","874.93","881.43","867.99","476.21M","0.00%"
"02/20/2004","877.49","875.76","879.63","872.42","475.49M","-0.47%"
"02/19/2004","881.65","880.68","884.89","874.75","734.77M","0.52%"
"02/18/2004","877.10","889.23","890.51","877.10","370.52M","-0.87%"
"02/17/2004","884.80","884.15","888.73","880.87","435.76M","0.40%"
"02/16/2004","881.28","879.23","885.65","876.56","437.97M","-0.10%"
"02/13/2004","882.18","876.06","883.35","870.08","385.31M","0.48%"
"02/12/2004","877.95","882.04","882.39","872.27","444.12M","0.18%"
"02/11/2004","876.34","870.54","877.72","870.24","475.30M","1.10%"
"02/10/2004","866.80","866.06","869.62","862.85","450.04M","0.23%"
"02/09/2004","864.77","860.90","866.87","859.58","475.22M","1.71%"
"02/06/2004","850.23","842.16","853.58","839.43","541.54M","1.11%"
"02/05/2004","840.92","835.77","842.44","834.73","635.92M","0.65%"
"02/04/2004","835.50","838.52","842.60","834.70","378.60M","-0.52%"
"02/03/2004","839.87","853.13","853.13","837.63","461.98M","-1.76%"
"02/02/2004","854.89","850.28","855.43","847.74","425.19M","0.75%"
"01/30/2004","848.50","854.21","859.13","846.05","447.36M","-0.58%"
"01/29/2004","853.47","851.70","854.82","847.98","365.35M","-0.71%"
"01/28/2004","859.59","860.37","869.21","859.08","432.89M","-0.40%"
"01/27/2004","863.03","873.61","873.61","860.88","437.71M","-0.69%"
"01/26/2004","869.04","867.65","871.94","861.82","494.02M","0.89%"
"01/20/2004","861.37","854.03","864.26","853.05","364.45M","0.53%"
"01/19/2004","856.80","854.96","859.34","851.34","404.25M","1.04%"
"01/16/2004","847.95","853.67","854.46","845.40","424.96M","0.27%"
"01/15/2004","845.66","849.02","852.19","841.84","388.39M","-0.47%"
"01/14/2004","849.62","847.27","855.29","844.55","453.00M","0.14%"
"01/13/2004","848.43","855.42","855.45","844.82","400.18M","-0.28%"
"01/12/2004","850.79","843.96","853.50","840.11","443.94M","0.65%"
"01/09/2004","845.27","835.42","849.50","835.05","543.29M","2.56%"
"01/08/2004","824.15","831.10","839.28","824.15","428.76M","-0.35%"
"01/07/2004","827.07","826.08","831.07","825.23","404.56M","0.44%"
"01/06/2004","823.43","831.26","831.26","819.53","484.06M","-0.08%"
"01/05/2004","824.10","817.28","825.43","816.55","408.26M","0.35%"
"01/02/2004","821.26","816.26","821.87","813.63","307.49M","1.30%"
"12/30/2003","810.71","802.50","811.89","800.15","385.85M","2.31%"
"12/29/2003","792.44","779.24","792.44","779.24","282.39M","0.46%"
"12/26/2003","788.85","791.39","794.78","786.11","414.25M","-0.47%"
"12/24/2003","792.55","808.41","808.58","792.37","503.66M","-1.16%"
"12/23/2003","801.88","809.90","812.75","801.62","406.07M","-0.33%"
"12/22/2003","804.54","809.57","815.55","804.53","344.95M","-0.82%"
"12/19/2003","811.20","814.89","817.50","809.17","480.45M","0.46%"
"12/18/2003","807.50","803.60","808.94","797.46","493.07M","0.93%"
"12/17/2003","800.09","816.98","817.39","799.82","479.49M","-1.32%"
"12/16/2003","810.79","807.32","817.56","804.17","462.74M","-1.38%"
"12/15/2003","822.16","821.62","824.26","814.73","404.61M","1.99%"
"12/12/2003","806.08","806.42","810.68","801.33","423.44M","1.89%"
"12/11/2003","791.13","797.12","805.81","791.13","424.78M","-0.44%"
"12/10/2003","794.64","774.53","794.64","774.04","454.61M","0.93%"
"12/09/2003","787.35","790.52","793.13","784.60","398.09M","0.32%"
"12/08/2003","784.80","780.23","791.77","777.08","339.97M","-0.58%"
"12/05/2003","789.41","802.71","802.86","789.41","426.51M","-1.95%"
"12/04/2003","805.13","805.10","809.68","800.31","493.94M","-0.40%"
"12/03/2003","808.34","807.17","816.02","801.08","440.58M","0.07%"
"12/02/2003","807.78","813.49","813.95","806.30","531.99M","0.05%"
"12/01/2003","807.39","796.36","811.49","790.80","584.98M","1.41%"
"11/28/2003","796.18","783.17","797.07","783.17","597.54M","1.85%"
"11/27/2003","781.68","783.13","784.86","776.40","502.46M","-0.12%"
"11/26/2003","782.65","769.76","783.80","769.30","532.14M","1.89%"
"11/25/2003","768.11","768.10","770.28","761.98","526.45M","1.92%"
"11/24/2003","753.65","765.82","769.60","752.14","577.95M","-2.22%"
"11/21/2003","770.78","764.12","777.96","762.36","624.92M","0.17%"
"11/20/2003","769.45","775.19","778.10","763.67","605.28M","-0.29%"
"11/19/2003","771.70","785.28","785.28","769.43","717.18M","-3.65%"
"11/18/2003","800.97","794.24","801.20","787.60","642.40M","0.82%"
"11/17/2003","794.47","803.48","803.95","790.14","504.10M","-1.90%"
"11/14/2003","809.89","809.94","818.34","807.67","597.55M","-0.40%"
"11/13/2003","813.11","805.79","813.11","803.93","510.31M","2.11%"
"11/12/2003","796.31","788.91","798.33","786.00","509.12M","1.08%"
"11/11/2003","787.77","788.34","790.11","782.03","504.10M","-1.10%"
"11/10/2003","796.56","800.98","802.32","788.65","537.18M","-0.93%"
"11/07/2003","804.05","796.58","804.05","789.97","469.09M","1.77%"
"11/06/2003","790.04","809.92","811.97","790.04","610.74M","-1.92%"
"11/05/2003","805.51","796.36","806.79","794.58","604.29M","1.19%"
"11/04/2003","796.06","800.42","802.66","790.99","606.37M","0.52%"
"11/03/2003","791.96","783.08","793.53","778.04","434.45M","1.23%"
"10/31/2003","782.36","787.95","789.46","775.38","484.31M","-0.46%"
"10/30/2003","785.94","784.78","787.82","778.42","471.88M","0.81%"
"10/29/2003","779.66","787.61","793.35","779.66","567.93M","0.55%"
"10/28/2003","775.36","760.80","782.31","759.56","491.64M","1.81%"
"10/27/2003","761.61","752.82","761.61","750.50","412.85M","1.80%"
"10/24/2003","748.17","752.31","759.55","743.38","362.66M","-0.79%"
"10/23/2003","754.14","764.36","768.31","750.16","428.50M","-3.23%"
"10/22/2003","779.28","780.54","784.14","773.30","486.36M","-0.08%"
"10/21/2003","779.89","780.56","785.02","772.91","448.31M","0.44%"
"10/20/2003","776.44","766.33","777.97","765.13","473.20M","1.13%"
"10/17/2003","767.75","776.99","783.08","767.75","519.24M","-1.19%"
"10/16/2003","776.97","759.12","776.97","758.07","519.72M","1.67%"
"10/15/2003","764.23","771.38","773.13","759.86","462.56M","-0.30%"
"10/14/2003","766.52","763.62","772.29","762.96","529.58M","1.25%"
"10/13/2003","757.02","754.50","764.33","747.02","453.89M","-0.11%"
"10/10/2003","757.89","735.25","759.60","735.25","445.80M","2.95%"
"10/09/2003","736.16","723.13","736.16","722.94","603.00M","1.85%"
"10/08/2003","722.76","731.12","731.45","721.29","316.71M","-0.60%"
"10/07/2003","727.09","725.21","727.37","722.38","402.77M","0.55%"
"10/06/2003","723.13","723.47","726.77","719.33","393.28M","1.10%"
"10/02/2003","715.24","716.27","718.36","708.03","451.45M","1.55%"
"10/01/2003","704.29","690.47","704.29","688.62","434.30M","0.97%"
"09/30/2003","697.52","701.75","709.16","697.52","461.26M","0.21%"
"09/29/2003","696.06","697.26","698.77","688.07","379.96M","-0.19%"
"09/26/2003","697.40","704.01","711.50","697.13","431.81M","-2.26%"
"09/25/2003","713.52","707.58","714.56","699.83","412.76M","-1.54%"
"09/24/2003","724.70","721.00","725.49","715.86","419.84M","0.82%"
"09/23/2003","718.84","713.67","719.71","702.31","475.53M","0.55%"
"09/22/2003","714.89","741.54","741.68","714.75","426.50M","-4.46%"
"09/19/2003","748.25","766.23","767.05","745.16","443.02M","-1.31%"
"09/18/2003","758.18","768.39","769.28","756.73","411.54M","-1.10%"
"09/17/2003","766.59","771.61","772.35","764.46","469.80M","0.39%"
"09/16/2003","763.63","751.95","764.12","751.53","479.46M","1.33%"
"09/15/2003","753.61","764.68","767.27","753.61","411.24M","-1.80%"
"09/09/2003","767.46","763.36","775.88","763.36","408.45M","0.95%"
"09/08/2003","760.25","759.49","761.91","756.01","343.38M","-0.17%"
"09/05/2003","761.55","766.43","768.90","759.81","376.79M","-0.34%"
"09/04/2003","764.15","768.10","769.98","763.87","407.01M","-0.28%"
"09/03/2003","766.32","770.87","771.78","763.35","424.95M","-0.02%"
"09/02/2003","766.50","768.43","768.91","763.34","493.04M","0.31%"
"09/01/2003","764.11","763.22","765.64","759.36","370.54M","0.61%"
"08/29/2003","759.47","756.76","760.09","746.92","431.26M","0.88%"
"08/28/2003","752.81","763.46","765.27","749.34","461.04M","-0.81%"
"08/27/2003","758.98","757.72","763.99","756.04","497.01M","0.79%"
"08/26/2003","753.00","754.23","755.63","749.20","426.88M","-0.49%"
"08/25/2003","756.73","754.17","760.85","752.34","419.63M","0.27%"
"08/22/2003","754.72","754.88","759.15","751.70","506.64M","0.05%"
"08/21/2003","754.34","741.70","754.34","741.70","534.41M","2.33%"
"08/20/2003","737.20","740.44","745.03","736.64","497.97M","-0.40%"
"08/19/2003","740.13","745.65","745.77","738.00","614.97M","1.37%"
"08/18/2003","730.10","728.92","734.81","727.56","498.36M","0.43%"
"08/14/2003","727.01","714.20","727.01","713.46","482.91M","1.95%"
"08/13/2003","713.08","705.58","713.81","704.93","407.92M","1.68%"
"08/12/2003","701.30","707.01","708.08","699.94","366.11M","-0.47%"
"08/11/2003","704.58","700.41","704.59","693.70","398.68M","0.06%"
"08/08/2003","704.14","710.54","712.31","704.14","418.31M","-0.80%"
"08/07/2003","709.81","709.57","709.82","703.05","412.24M","0.27%"
"08/06/2003","707.88","710.87","713.32","705.86","464.49M","-1.93%"
"08/05/2003","721.84","723.15","726.30","720.64","481.03M","0.46%"
"08/04/2003","718.54","719.57","724.17","717.46","439.40M","-1.20%"
"08/01/2003","727.26","718.84","728.38","718.25","457.00M","1.93%"
"07/31/2003","713.52","716.50","718.49","710.01","388.89M","-0.09%"
"07/30/2003","714.15","721.66","724.23","714.07","502.18M","-1.13%"
"07/29/2003","722.33","718.42","722.47","715.01","566.86M","0.63%"
"07/28/2003","717.80","715.44","719.21","714.42","466.94M","1.80%"
"07/25/2003","705.09","698.53","705.60","696.64","489.04M","0.31%"
"07/24/2003","702.94","693.15","705.53","690.59","732.72M","1.03%"
"07/23/2003","695.74","702.71","703.82","693.04","571.57M","-0.57%"
"07/22/2003","699.70","691.43","699.99","691.43","707.48M","0.89%"
"07/21/2003","693.50","699.12","702.84","692.12","662.57M","-0.84%"
"07/18/2003","699.35","700.52","707.43","697.67","546.27M","-2.39%"
"07/16/2003","716.48","720.89","722.85","709.55","589.35M","0.42%"
"07/15/2003","713.45","723.08","724.53","712.36","719.79M","-0.92%"
"07/14/2003","720.10","709.09","720.59","705.40","559.54M","2.27%"
"07/11/2003","704.15","694.14","704.54","691.59","560.48M","0.52%"
"07/10/2003","700.51","701.43","710.26","700.49","577.87M","-0.71%"
"07/09/2003","705.50","708.55","710.28","704.34","543.85M","-0.40%"
"07/08/2003","708.34","715.54","715.80","706.12","568.61M","0.58%"
"07/07/2003","704.29","699.32","704.31","696.76","439.45M","1.59%"
"07/04/2003","693.25","687.03","693.95","684.64","442.80M","0.93%"
"07/03/2003","686.83","696.54","699.34","684.94","544.33M","0.15%"
"07/02/2003","685.80","682.57","687.04","680.68","482.62M","1.64%"
"07/01/2003","674.75","666.45","674.75","663.35","344.51M","0.72%"
"06/30/2003","669.93","673.66","674.90","666.91","320.73M","-1.09%"
"06/27/2003","677.28","682.14","686.18","675.48","486.11M","0.23%"
"06/26/2003","675.75","668.32","679.57","667.72","461.92M","0.26%"
"06/25/2003","674.03","665.98","674.96","665.88","505.22M","1.51%"
"06/24/2003","664.01","664.40","665.63","659.77","451.36M","-1.57%"
"06/23/2003","674.59","685.97","686.60","673.33","471.99M","-1.69%"
"06/20/2003","686.22","684.04","690.70","683.76","534.52M","-0.62%"
"06/19/2003","690.49","681.03","690.59","679.06","588.42M","2.18%"
"06/18/2003","675.75","673.84","681.38","672.52","584.10M","0.16%"
"06/17/2003","674.66","673.76","677.58","670.33","661.65M","2.56%"
"06/16/2003","657.82","661.60","664.01","655.86","432.73M","-1.12%"
"06/13/2003","665.24","663.10","670.20","655.76","503.05M","1.11%"
"06/12/2003","657.95","658.43","661.89","653.73","611.95M","1.02%"
"06/11/2003","651.29","651.93","657.92","650.27","497.48M","0.24%"
"06/10/2003","649.75","645.41","652.90","644.18","361.33M","-0.09%"
"06/09/2003","650.35","640.58","651.16","638.31","351.40M","1.24%"
"06/05/2003","642.38","647.72","648.35","641.58","521.56M","0.33%"
"06/04/2003","640.27","642.35","642.79","632.47","442.21M","0.52%"
"06/03/2003","636.94","641.74","643.69","633.56","494.56M","-1.81%"
"06/02/2003","648.71","643.93","649.69","642.61","514.96M","2.41%"
"05/30/2003","633.42","632.15","635.81","627.02","470.15M","0.16%"
"05/29/2003","632.43","624.10","636.20","623.01","454.45M","0.65%"
"05/28/2003","628.36","629.19","630.92","622.53","603.93M","2.29%"
"05/27/2003","614.30","619.86","620.00","609.05","470.04M","-0.54%"
"05/26/2003","617.65","611.15","621.65","607.76","483.85M","1.00%"
"05/23/2003","611.51","602.80","612.07","601.03","441.17M","2.71%"
"05/22/2003","595.38","599.06","607.98","591.73","449.00M","-0.86%"
"05/21/2003","600.57","599.55","603.24","596.29","442.31M","-0.25%"
"05/20/2003","602.08","585.86","602.09","584.62","421.52M","0.96%"
"05/19/2003","596.36","603.77","603.77","592.84","350.45M","-2.37%"
"05/16/2003","610.81","619.12","622.64","607.74","506.44M","-1.38%"
"05/15/2003","619.35","613.63","620.45","605.62","634.67M","1.54%"
"05/14/2003","609.97","610.63","616.82","606.06","484.39M","-0.67%"
"05/13/2003","614.07","631.82","633.81","613.25","614.46M","-2.69%"
"05/12/2003","631.04","631.90","637.19","630.14","655.92M","1.93%"
"05/09/2003","619.11","612.25","619.25","608.41","588.22M","0.17%"
"05/07/2003","618.08","610.87","618.48","606.88","513.43M","2.28%"
"05/06/2003","604.33","603.05","609.72","602.29","570.75M","1.15%"
"05/02/2003","597.44","600.47","602.62","582.87","437.58M","-0.32%"
"04/30/2003","599.35","597.23","604.21","593.16","452.15M","0.33%"
"04/29/2003","597.36","580.44","599.10","579.11","529.78M","4.98%"
"04/28/2003","569.02","559.03","573.34","556.15","467.20M","0.42%"
"04/25/2003","566.63","578.20","578.20","560.53","660.78M","-3.69%"
"04/24/2003","588.35","598.20","600.93","584.43","692.37M","-1.63%"
"04/23/2003","598.09","609.20","611.92","597.93","747.94M","-0.87%"
"04/22/2003","603.32","614.98","614.98","601.85","773.19M","-2.82%"
"04/21/2003","620.83","623.89","627.50","615.77","752.36M","-0.63%"
"04/18/2003","624.77","623.17","625.13","616.29","839.91M","1.97%"
"04/17/2003","612.72","614.67","619.62","611.94","789.83M","-1.39%"
"04/16/2003","621.34","616.32","625.01","614.45","894.67M","2.70%"
"04/15/2003","604.99","606.60","608.19","599.15","789.49M","1.78%"
"04/14/2003","594.40","590.04","603.41","588.91","719.57M","1.96%"
"04/11/2003","582.97","577.09","597.02","574.30","900.31M","0.91%"
"04/10/2003","577.73","569.51","578.56","565.83","741.40M","1.45%"
"04/09/2003","569.47","581.30","582.60","569.47","761.95M","-3.04%"
"04/08/2003","587.32","576.46","593.09","574.16","861.43M","0.24%"
"04/07/2003","585.90","566.93","589.34","563.26","796.94M","5.00%"
"04/04/2003","558.01","540.26","558.84","536.70","550.50M","2.34%"
"04/03/2003","545.24","555.73","556.21","543.58","626.89M","0.43%"
"04/02/2003","542.92","540.92","543.54","533.13","639.60M","0.81%"
"04/01/2003","538.56","529.07","538.68","525.51","525.13M","0.53%"
"03/31/2003","535.70","547.75","549.32","534.23","545.04M","-3.71%"
"03/28/2003","556.33","552.13","556.33","544.67","484.31M","1.29%"
"03/27/2003","549.26","550.54","551.80","546.46","604.57M","-1.00%"
"03/26/2003","554.79","562.20","565.50","551.41","890.66M","-0.03%"
"03/25/2003","554.98","550.55","558.44","550.28","882.06M","-2.61%"
"03/24/2003","569.85","579.08","579.08","568.27","876.05M","-1.03%"
"03/21/2003","575.77","569.67","576.95","565.34","822.45M","1.29%"
"03/20/2003","568.46","553.63","568.66","548.45","1.08B","4.92%"
"03/19/2003","541.78","534.86","546.68","534.64","615.59M","0.83%"
"03/18/2003","537.31","536.69","539.30","526.86","682.90M","4.28%"
"03/17/2003","515.24","535.79","535.79","512.30","640.10M","-4.17%"
"03/14/2003","537.65","547.29","548.45","534.51","758.92M","1.10%"
"03/13/2003","531.78","530.86","531.78","514.43","679.69M","-0.01%"
"03/12/2003","531.81","531.17","534.76","524.53","793.80M","-0.14%"
"03/11/2003","532.53","531.78","538.62","530.55","657.88M","-2.15%"
"03/10/2003","544.24","545.54","548.29","541.29","607.06M","-0.33%"
"03/07/2003","546.02","547.89","555.38","544.09","635.05M","-1.68%"
"03/06/2003","555.33","564.74","564.87","551.80","735.62M","-0.88%"
"03/05/2003","560.26","567.30","567.53","557.68","764.03M","-2.83%"
"03/04/2003","576.58","581.09","581.68","573.15","584.63M","-2.28%"
"03/03/2003","590.04","578.50","590.55","577.54","605.61M","2.54%"
"02/28/2003","575.43","586.07","587.94","573.30","596.29M","-1.21%"
"02/27/2003","582.46","580.91","585.33","576.07","562.68M","-1.32%"
"02/26/2003","590.26","594.42","597.69","588.94","567.69M","-0.34%"
"02/25/2003","592.25","604.67","605.34","592.25","524.94M","-3.90%"
"02/24/2003","616.29","608.77","619.45","608.77","615.30M","2.10%"
"02/21/2003","603.60","605.26","605.26","597.04","798.92M","-0.32%"
"02/20/2003","605.51","601.29","606.22","597.97","1.04B","0.78%"
"02/19/2003","600.83","613.15","616.79","600.51","531.01M","-0.43%"
"02/18/2003","603.45","602.57","606.40","593.76","547.23M","0.26%"
"02/17/2003","601.87","590.39","602.23","588.22","648.04M","4.63%"
"02/14/2003","575.24","574.89","577.09","567.46","533.85M","-0.07%"
"02/13/2003","575.67","584.97","585.74","572.42","402.03M","-1.31%"
"02/12/2003","583.29","572.87","583.29","572.46","353.61M","1.27%"
"02/11/2003","575.98","582.47","585.71","561.69","563.28M","-0.22%"
"02/10/2003","577.25","573.09","579.71","571.96","459.06M","-0.04%"
"02/07/2003","577.48","587.68","587.70","571.20","466.70M","-2.04%"
"02/06/2003","589.50","601.74","603.55","586.43","519.87M","-1.86%"
"02/05/2003","600.68","598.34","606.70","595.39","755.85M","-0.51%"
"02/04/2003","603.78","602.29","605.59","596.78","709.18M","0.56%"
"02/03/2003","600.41","591.88","602.85","586.14","425.27M","1.44%"
"01/30/2003","591.86","589.07","593.70","586.03","510.75M","1.46%"
"01/29/2003","583.35","601.25","602.18","581.13","562.76M","-2.87%"
"01/28/2003","600.56","590.54","600.56","589.51","345.21M","1.26%"
"01/27/2003","593.09","597.82","597.82","587.72","384.23M","-2.68%"
"01/24/2003","609.43","625.69","629.79","604.74","444.64M","-2.52%"
"01/23/2003","625.18","622.54","626.98","615.11","507.65M","0.43%"
"01/22/2003","622.49","627.11","631.66","617.43","525.28M","-1.64%"
"01/21/2003","632.86","635.67","636.04","624.46","470.96M","-0.26%"
"01/20/2003","634.50","627.78","634.91","626.41","480.82M","-0.31%"
"01/17/2003","636.46","640.31","649.10","636.46","640.39M","-1.89%"
"01/16/2003","648.69","639.56","649.54","635.79","484.26M","0.06%"
"01/15/2003","648.29","656.23","659.05","643.52","582.28M","-0.27%"
"01/14/2003","650.05","645.66","652.63","639.91","712.86M","0.31%"
"01/13/2003","648.06","627.01","648.06","624.46","847.85M","3.14%"
"01/10/2003","628.36","643.28","644.48","618.68","700.71M","-0.32%"
"01/09/2003","630.40","643.50","644.43","630.40","627.18M","-3.27%"
"01/08/2003","651.72","655.97","660.39","650.93","604.87M","-0.07%"
"01/07/2003","652.20","679.00","679.30","652.14","690.12M","-2.18%"
"01/06/2003","666.71","665.10","667.71","657.61","721.80M","0.85%"
"01/03/2003","661.10","651.59","662.40","649.62","1.01B","4.08%"
"01/02/2003","635.17","633.03","637.10","623.75","742.86M","1.21%"
"12/30/2002","627.55","652.07","652.07","613.76","650.41M","-4.47%"
"12/27/2002","656.92","658.23","668.10","655.69","798.04M","-2.23%"
"12/26/2002","671.89","674.40","679.47","667.10","775.64M","-0.87%"
"12/24/2002","677.82","688.24","692.07","673.98","728.62M","-1.96%"
"12/23/2002","691.38","711.72","713.32","690.23","742.90M","-2.55%"
"12/20/2002","709.44","705.05","712.50","702.62","901.07M","0.03%"
"12/18/2002","709.22","698.75","711.81","695.56","1.24B","0.67%"
"12/17/2002","704.49","703.75","705.56","701.95","1.14B","1.74%"
"12/16/2002","692.42","698.54","700.48","690.81","859.63M","-2.22%"
"12/13/2002","708.13","709.83","711.56","701.56","579.53M","-1.01%"
"12/12/2002","715.38","702.91","715.38","701.60","1.17B","2.40%"
"12/11/2002","698.61","705.26","707.53","695.86","816.29M","-0.55%"
"12/10/2002","702.44","696.65","705.43","695.34","742.22M","-0.94%"
"12/09/2002","709.11","720.22","722.45","705.67","956.29M","-1.25%"
"12/06/2002","718.09","716.13","723.09","712.62","677.45M","-0.65%"
"12/05/2002","722.76","715.73","722.79","708.45","572.61M","1.16%"
"12/04/2002","714.50","724.72","725.25","713.20","675.22M","-3.00%"
"12/03/2002","736.57","730.74","737.70","726.89","924.64M","0.88%"
"12/02/2002","730.16","724.99","731.47","719.95","741.23M","0.74%"
"11/29/2002","724.80","719.46","724.80","713.01","713.33M","1.44%"
"11/28/2002","714.54","719.33","725.60","713.67","795.97M","0.91%"
"11/27/2002","708.07","694.69","709.12","694.51","706.91M","0.83%"
"11/26/2002","702.27","705.94","707.21","697.39","1.45B","-0.51%"
"11/25/2002","705.86","695.48","706.82","694.98","1.49B","1.87%"
"11/22/2002","692.87","703.98","704.38","692.49","737.55M","0.36%"
"11/21/2002","690.38","695.37","699.29","689.86","862.13M","1.23%"
"11/20/2002","682.00","669.18","682.83","666.71","1.13B","1.57%"
"11/19/2002","671.44","663.35","672.70","663.13","1.51B","0.65%"
"11/18/2002","667.13","672.92","678.12","665.63","671.43M","-0.86%"
"11/15/2002","672.95","669.15","673.50","665.34","1.06B","3.19%"
"11/14/2002","652.15","656.41","659.73","650.45","640.96M","-0.26%"
"11/13/2002","653.85","656.13","658.50","646.76","727.45M","-0.09%"
"11/12/2002","654.43","644.67","656.60","643.39","907.88M","-0.51%"
"11/11/2002","657.78","669.16","669.16","654.65","672.69M","-2.53%"
"11/08/2002","674.85","668.06","674.87","664.24","693.83M","-0.94%"
"11/07/2002","681.27","678.76","688.47","674.34","852.32M","-0.19%"
"11/06/2002","682.56","673.94","683.36","672.50","1.26B","2.66%"
"11/05/2002","664.90","672.72","674.65","660.97","1.26B","-1.16%"
"11/04/2002","672.68","661.24","672.68","658.00","1.72B","3.86%"
"11/01/2002","647.65","652.34","657.12","646.15","829.02M","-1.71%"
"10/31/2002","658.92","664.80","670.18","653.11","1.04B","0.14%"
"10/30/2002","658.03","672.43","672.83","651.86","1.36B","-2.25%"
"10/29/2002","673.18","675.09","682.81","672.47","1.64B","-0.73%"
"10/28/2002","678.14","666.96","680.07","664.54","1.25B","3.39%"
"10/25/2002","655.88","646.10","662.32","646.09","1.02B","0.14%"
"10/24/2002","654.98","661.47","666.21","650.70","1.68B","-0.37%"
"10/23/2002","657.43","640.56","657.54","631.24","1.70B","2.84%"
"10/22/2002","639.27","665.54","665.85","632.45","1.09B","-2.05%"
"10/21/2002","652.67","666.51","668.31","652.67","1.62B","-2.70%"
"10/18/2002","670.79","660.67","674.19","657.03","1.16B","4.05%"
"10/17/2002","644.66","633.46","647.79","625.67","1.29B","1.32%"
"10/16/2002","636.25","641.12","641.58","631.37","1.21B","1.06%"
"10/15/2002","629.57","620.76","634.44","613.09","793.24M","2.49%"
"10/14/2002","614.27","604.43","617.16","603.80","585.67M","4.55%"
"10/11/2002","587.51","602.88","604.47","576.49","690.06M","0.59%"
"10/10/2002","584.04","610.68","613.97","584.04","680.11M","-5.79%"
"10/09/2002","619.94","637.01","637.01","618.75","568.19M","-2.35%"
"10/08/2002","634.84","626.09","634.84","623.06","581.09M","1.19%"
"10/07/2002","627.40","644.32","644.32","627.16","605.89M","-3.61%"
"10/04/2002","650.92","642.43","654.70","638.00","777.59M","0.44%"
"10/02/2002","648.10","666.77","666.97","646.45","755.57M","-0.62%"
"10/01/2002","652.13","637.81","652.24","637.77","481.47M","0.88%"
"09/30/2002","646.42","645.28","648.84","639.74","505.73M","-2.61%"
"09/27/2002","663.72","665.20","672.26","660.53","1.08B","0.20%"
"09/26/2002","662.41","672.91","676.42","659.20","624.15M","0.68%"
"09/25/2002","657.96","669.36","669.73","651.93","504.47M","-2.13%"
"09/24/2002","672.28","667.21","677.75","665.98","582.65M","-1.05%"
"09/23/2002","679.43","692.14","693.26","677.17","488.58M","-3.51%"
"09/19/2002","704.12","705.11","715.16","702.02","439.80M","0.04%"
"09/18/2002","703.87","708.06","710.00","699.77","568.57M","-3.15%"
"09/17/2002","726.80","715.16","726.84","709.73","662.84M","3.18%"
"09/16/2002","704.38","721.45","721.71","700.75","839.56M","-1.92%"
"09/13/2002","718.17","726.13","727.43","716.49","1.24B","-2.85%"
"09/12/2002","739.22","725.43","739.22","722.84","688.10M","2.00%"
"09/11/2002","724.71","717.97","726.26","716.34","582.44M","1.60%"
"09/10/2002","713.30","701.67","713.30","701.67","636.42M","2.21%"
"09/09/2002","697.89","714.58","716.72","696.15","904.30M","-1.53%"
"09/06/2002","708.73","716.25","720.15","707.21","655.08M","-1.70%"
"09/05/2002","720.98","730.97","731.26","720.74","578.39M","-0.29%"
"09/04/2002","723.05","726.58","728.87","717.09","593.33M","-2.37%"
"09/03/2002","740.59","752.86","755.44","740.41","780.36M","-1.51%"
"09/02/2002","751.98","739.84","751.98","738.09","673.33M","2.12%"
"08/30/2002","736.40","726.25","736.40","721.02","805.52M","1.58%"
"08/29/2002","724.94","720.56","724.94","717.04","1.11B","0.12%"
"08/28/2002","724.05","718.35","732.11","718.35","652.83M","-0.02%"
"08/27/2002","724.17","737.09","737.51","723.49","699.63M","-1.45%"
"08/26/2002","734.79","731.82","737.30","730.37","685.23M","-0.77%"
"08/23/2002","740.51","748.10","753.50","738.81","824.17M","-0.70%"
"08/22/2002","745.75","749.30","752.43","743.34","1.32B","0.08%"
"08/21/2002","745.12","734.42","746.51","731.45","1.51B","1.14%"
"08/20/2002","736.70","732.62","740.25","730.69","1.70B","2.66%"
"08/19/2002","717.58","722.85","729.05","713.30","1.14B","-0.10%"
"08/16/2002","718.29","724.33","729.21","715.98","796.05M","0.99%"
"08/14/2002","711.24","699.29","713.72","697.74","862.48M","0.37%"
"08/13/2002","708.63","695.14","708.71","693.31","803.03M","1.90%"
"08/12/2002","695.39","693.99","702.83","692.48","827.07M","0.42%"
"08/09/2002","692.45","699.09","705.75","691.87","1.46B","1.16%"
"08/08/2002","684.49","684.40","687.53","677.85","981.68M","0.75%"
"08/07/2002","679.37","685.06","689.45","677.63","1.03B","0.83%"
"08/06/2002","673.78","660.94","674.76","660.94","1.42B","-0.29%"
"08/05/2002","675.76","690.77","692.12","672.59","1.65B","-3.56%"
"08/02/2002","700.68","693.95","704.09","689.38","1.61B","-1.01%"
"08/01/2002","707.80","720.99","721.31","702.44","1.39B","-1.42%"
"07/31/2002","717.99","725.03","727.58","717.42","1.96B","-0.84%"
"07/30/2002","724.08","722.58","731.31","722.23","1.42B","3.39%"
"07/29/2002","700.35","704.08","707.98","694.95","1.98B","0.36%"
"07/26/2002","697.84","716.97","722.92","688.68","964.89M","-3.55%"
"07/25/2002","723.52","752.78","752.78","723.52","1.36B","0.29%"
"07/24/2002","721.41","723.76","726.23","715.10","1.97B","-2.97%"
"07/23/2002","743.52","715.81","743.52","709.37","2.38B","3.14%"
"07/22/2002","720.90","724.49","736.58","719.38","1.45B","-4.47%"
"07/19/2002","754.62","759.41","761.68","744.36","2.15B","-2.48%"
"07/18/2002","773.85","774.25","780.28","770.86","1.80B","0.31%"
"07/16/2002","771.45","785.28","792.61","767.87","1.98B","-1.54%"
"07/15/2002","783.52","787.65","799.87","780.30","1.76B","-1.19%"
"07/12/2002","792.93","780.49","793.44","776.45","1.81B","3.67%"
"07/11/2002","764.88","782.75","782.75","764.88","1.14B","-3.75%"
"07/10/2002","794.71","795.02","802.75","790.45","731.64M","-0.91%"
"07/09/2002","801.99","787.83","801.99","784.13","1.48B","2.38%"
"07/08/2002","783.35","807.12","807.36","778.78","972.60M","-0.57%"
"07/05/2002","787.83","768.51","797.42","768.51","989.05M","2.48%"
"07/04/2002","768.74","762.16","768.74","754.42","1.42B","2.04%"
"07/03/2002","753.36","740.86","756.06","733.57","415.96M","0.96%"
"07/02/2002","746.23","722.58","750.60","720.70","430.08M","0.47%"
"06/28/2002","742.72","723.73","747.62","722.63","640.96M","4.55%"
"06/27/2002","710.43","717.89","722.06","703.52","894.87M","1.22%"
"06/26/2002","701.87","735.44","735.44","699.15","605.44M","-7.15%"
"06/25/2002","755.92","773.75","778.68","753.82","660.80M","-1.56%"
"06/24/2002","767.92","767.83","773.83","755.81","614.26M","-1.36%"
"06/21/2002","778.53","767.50","783.35","758.95","773.18M","0.22%"
"06/20/2002","776.81","769.83","779.93","764.53","834.51M","0.06%"
"06/19/2002","776.37","806.36","814.25","770.48","687.81M","-4.08%"
"06/18/2002","809.40","824.25","827.49","809.39","661.37M","0.03%"
"06/17/2002","809.16","824.18","828.07","809.16","645.26M","-1.56%"
"06/14/2002","822.01","820.43","832.26","820.20","596.57M","-0.13%"
"06/12/2002","823.06","809.53","823.06","807.37","615.83M","0.95%"
"06/11/2002","815.33","810.08","816.17","803.20","952.17M","0.42%"
"06/10/2002","811.90","803.18","814.69","802.02","1.13B","2.11%"
"06/07/2002","795.16","793.90","799.26","788.12","833.27M","-1.78%"
"06/05/2002","809.59","813.04","818.55","808.08","703.39M","0.40%"
"06/04/2002","806.33","789.00","807.19","785.58","584.33M","0.17%"
"06/03/2002","804.93","793.53","807.15","787.04","566.89M","1.07%"
"05/31/2002","796.40","815.14","820.51","794.92","686.76M","-2.36%"
"05/30/2002","815.61","825.84","831.52","812.12","589.17M","-2.34%"
"05/29/2002","835.19","838.73","838.73","821.81","839.18M","-1.60%"
"05/28/2002","848.80","845.78","849.34","834.64","806.58M","0.98%"
"05/27/2002","840.57","850.12","860.37","836.89","618.48M","-1.64%"
"05/24/2002","854.57","853.41","861.03","851.01","786.32M","1.07%"
"05/23/2002","845.51","858.50","863.16","844.15","952.26M","-2.03%"
"05/22/2002","863.06","837.59","863.06","829.50","664.46M","3.04%"
"05/21/2002","837.56","858.42","862.92","836.62","740.65M","-3.26%"
"05/20/2002","865.78","876.37","878.68","865.11","620.17M","-1.06%"
"05/17/2002","875.03","867.44","878.39","866.70","862.08M","1.98%"
"05/16/2002","858.04","861.95","867.21","856.70","881.74M","-0.53%"
"05/15/2002","862.62","850.58","866.03","850.58","625.60M","3.02%"
"05/14/2002","837.37","834.49","839.80","826.96","702.63M","1.88%"
"05/13/2002","821.89","808.97","827.03","804.91","414.17M","0.48%"
"05/10/2002","817.93","835.03","842.33","812.80","447.52M","-2.47%"
"05/09/2002","838.67","865.30","869.45","838.67","968.37M","-0.71%"
"05/08/2002","844.67","839.02","850.90","837.26","658.85M","2.22%"
"05/07/2002","826.34","814.06","826.34","811.66","564.49M","-0.06%"
"05/06/2002","826.87","840.93","843.57","826.87","493.88M","-3.48%"
"05/03/2002","856.72","852.04","859.32","836.71","630.18M","-0.37%"
"05/02/2002","859.86","855.41","860.72","844.20","695.01M","2.08%"
"04/30/2002","842.34","840.31","847.19","829.16","992.27M","0.46%"
"04/29/2002","838.51","848.52","863.10","833.42","584.42M","-3.58%"
"04/26/2002","869.65","871.54","878.32","864.06","648.92M","-0.34%"
"04/25/2002","872.58","898.44","903.40","872.58","615.70M","-4.71%"
"04/24/2002","915.69","921.75","927.15","906.01","745.38M","-1.08%"
"04/23/2002","925.70","918.06","927.10","909.07","803.27M","0.52%"
"04/22/2002","920.89","930.10","943.54","912.54","804.78M","-0.33%"
"04/19/2002","923.94","936.89","941.46","922.18","851.68M","-1.46%"
"04/18/2002","937.61","926.69","941.74","925.06","884.76M","0.76%"
"04/17/2002","930.51","919.47","932.67","918.67","775.59M","3.24%"
"04/16/2002","901.29","896.41","904.61","891.00","741.69M","0.78%"
"04/15/2002","894.28","879.04","897.10","877.99","942.71M","2.12%"
"04/12/2002","875.69","855.04","875.72","854.12","802.88M","1.49%"
"04/11/2002","862.86","858.22","873.25","853.18","726.33M","0.80%"
"04/10/2002","856.03","882.08","882.08","855.47","562.31M","-3.67%"
"04/09/2002","888.67","903.79","905.26","884.43","656.99M","-1.33%"
"04/08/2002","900.69","920.83","926.23","900.24","556.23M","-1.89%"
"04/04/2002","918.01","912.94","920.87","908.82","500.37M","-0.06%"
"04/03/2002","918.59","899.98","919.89","898.28","547.82M","1.46%"
"04/02/2002","905.34","878.90","905.34","871.45","506.17M","3.37%"
"04/01/2002","875.83","900.47","900.47","874.90","489.78M","-2.21%"
"03/29/2002","895.58","902.05","906.25","893.18","454.92M","0.33%"
"03/28/2002","892.67","905.19","914.93","892.67","654.13M","-1.08%"
"03/27/2002","902.46","888.32","903.98","884.84","608.04M","2.43%"
"03/26/2002","881.03","872.57","884.18","872.57","465.58M","0.18%"
"03/25/2002","879.41","901.43","903.77","879.41","576.10M","-1.85%"
"03/22/2002","895.98","890.32","908.40","883.26","664.13M","1.17%"
"03/21/2002","885.64","875.61","891.56","875.61","648.15M","-0.21%"
"03/20/2002","887.48","895.33","903.79","882.10","760.33M","-0.28%"
"03/19/2002","889.98","872.65","890.44","869.86","701.78M","2.33%"
"03/18/2002","869.71","877.19","878.32","863.65","753.89M","1.09%"
"03/15/2002","860.36","847.57","868.02","845.40","717.11M","0.41%"
"03/14/2002","856.86","846.64","856.86","829.05","686.32M","0.91%"
"03/13/2002","849.13","841.93","854.48","839.48","593.07M","0.37%"
"03/12/2002","846.03","824.48","846.03","824.48","651.58M","2.30%"
"03/11/2002","827.02","828.22","830.38","818.43","541.71M","0.21%"
"03/08/2002","825.27","828.90","833.72","815.54","626.57M","-0.50%"
"03/07/2002","829.44","847.86","850.08","826.20","734.59M","-1.62%"
"03/06/2002","843.06","840.45","850.61","837.05","904.90M","0.13%"
"03/05/2002","841.95","847.86","847.86","834.95","762.96M","0.93%"
"03/04/2002","834.21","842.21","847.39","834.21","621.76M","1.73%"
"02/28/2002","819.99","825.12","826.60","815.52","676.07M","-0.26%"
"02/27/2002","822.11","800.70","822.11","800.70","695.06M","2.62%"
"02/26/2002","801.14","806.22","810.43","795.42","591.11M","1.22%"
"02/25/2002","791.48","796.80","801.97","786.73","478.98M","-0.07%"
"02/22/2002","792.00","774.78","792.64","773.40","683.51M","0.56%"
"02/21/2002","787.62","788.63","789.48","772.50","639.44M","1.38%"
"02/20/2002","776.89","774.01","780.54","769.71","589.39M","-0.69%"
"02/19/2002","782.27","794.33","797.73","779.95","677.91M","-1.02%"
"02/18/2002","790.37","783.75","795.37","782.93","869.36M","0.87%"
"02/15/2002","783.59","781.99","793.67","781.66","747.94M","-1.58%"
"02/14/2002","796.18","764.15","796.18","762.41","759.50M","7.64%"
"02/08/2002","739.66","730.82","739.66","722.53","522.88M","1.64%"
"02/07/2002","727.71","736.62","746.96","724.69","504.38M","-1.87%"
"02/06/2002","741.55","736.45","745.63","736.45","585.58M","0.22%"
"02/05/2002","739.91","720.70","739.91","718.86","553.70M","1.33%"
"02/04/2002","730.21","740.98","747.36","728.58","554.92M","-1.64%"
"02/01/2002","742.42","757.07","761.85","739.15","758.40M","-0.76%"
"01/31/2002","748.07","761.12","762.22","742.89","670.59M","-0.18%"
"01/30/2002","749.45","748.78","759.24","745.77","778.49M","-3.18%"
"01/29/2002","774.03","780.47","784.46","769.53","679.20M","-0.80%"
"01/28/2002","780.24","787.65","787.65","773.49","705.80M","0.72%"
"01/25/2002","774.68","769.51","784.12","766.59","760.39M","2.24%"
"01/24/2002","757.71","749.60","763.42","748.18","717.44M","2.03%"
"01/23/2002","742.62","715.79","742.84","714.61","588.84M","2.52%"
"01/22/2002","724.36","721.65","731.09","717.77","700.49M","0.98%"
"01/21/2002","717.35","704.73","717.35","701.01","522.46M","1.25%"
"01/18/2002","708.47","713.35","718.39","705.21","537.67M","-0.70%"
"01/17/2002","713.50","703.43","715.90","698.30","714.74M","0.36%"
"01/16/2002","710.95","718.08","723.89","710.95","548.37M","-1.07%"
"01/15/2002","718.64","732.58","732.58","716.34","730.83M","-3.41%"
"01/14/2002","744.03","721.43","744.03","720.78","751.48M","2.29%"
"01/11/2002","727.36","737.31","742.34","718.74","798.94M","-0.12%"
"01/10/2002","728.23","747.44","751.83","728.22","1.06B","-3.11%"
"01/09/2002","751.61","732.38","751.61","729.34","942.65M","2.29%"
"01/08/2002","734.76","747.21","750.89","734.76","799.32M","-2.22%"
"01/07/2002","751.48","748.54","757.81","735.55","753.59M","0.50%"
"01/04/2002","747.72","744.46","750.83","739.14","630.66M","2.76%"
"01/03/2002","727.66","726.76","735.77","722.35","752.58M","0.37%"
"01/02/2002","724.95","698.00","725.06","690.36","618.72M","4.50%"
"12/28/2001","693.70","680.22","695.96","680.22","514.80M","3.76%"
"12/27/2001","668.55","650.31","672.55","646.30","541.63M","2.25%"
"12/26/2001","653.87","650.23","655.20","648.84","568.38M","1.14%"
"12/24/2001","646.49","647.73","655.30","642.26","390.80M","0.28%"
"12/21/2001","644.71","651.90","653.93","641.70","355.18M","-2.98%"
"12/20/2001","664.51","649.30","666.48","642.86","503.99M","2.70%"
"12/19/2001","647.05","652.91","654.63","642.65","627.56M","0.51%"
"12/18/2001","643.76","655.97","662.59","639.62","600.16M","-0.70%"
"12/17/2001","648.28","661.29","662.08","645.87","531.84M","-2.54%"
"12/14/2001","665.20","666.99","676.66","660.76","498.29M","-1.68%"
"12/13/2001","676.59","682.47","684.31","667.95","577.06M","-0.71%"
"12/12/2001","681.43","667.01","683.26","658.17","539.22M","1.69%"
"12/11/2001","670.08","659.76","671.68","655.65","565.26M","0.20%"
"12/10/2001","668.77","701.36","702.01","665.74","669.06M","-5.07%"
"12/07/2001","704.50","691.37","708.15","683.62","670.36M","2.61%"
"12/06/2001","686.61","707.06","715.93","678.81","869.67M","-0.25%"
"12/05/2001","688.31","663.48","696.06","663.48","789.59M","5.91%"
"12/04/2001","649.90","648.51","656.33","642.74","897.58M","-0.12%"
"12/03/2001","650.66","643.61","654.00","631.87","888.60M","1.05%"
"11/30/2001","643.89","645.63","649.40","640.23","792.57M","2.39%"
"11/29/2001","628.86","624.18","641.11","616.51","650.93M","-0.50%"
"11/28/2001","632.02","661.98","665.07","630.76","717.86M","-5.68%"
"11/27/2001","670.10","674.61","680.91","661.44","807.31M","-0.66%"
"11/26/2001","674.56","655.08","674.56","654.87","783.74M","4.55%"
"11/23/2001","645.18","627.45","647.20","627.45","802.07M","3.30%"
"11/22/2001","624.56","617.82","624.56","609.81","771.32M","1.48%"
"11/21/2001","615.45","609.88","621.17","609.18","709.15M","-0.14%"
"11/20/2001","616.33","630.97","636.06","614.19","918.02M","-1.61%"
"11/19/2001","626.43","610.77","630.02","610.77","973.07M","2.55%"
"11/16/2001","610.88","605.71","612.53","602.83","705.22M","0.73%"
"11/15/2001","606.44","602.09","612.32","600.72","803.72M","-0.04%"
"11/14/2001","606.68","595.00","606.68","592.89","943.72M","3.03%"
"11/13/2001","588.83","580.87","589.64","577.19","861.85M","0.74%"
"11/12/2001","584.48","581.71","584.48","575.58","743.09M","1.34%"
"11/09/2001","576.75","575.10","579.19","569.71","823.66M","0.65%"
"11/08/2001","573.04","564.82","574.75","564.82","531.37M","1.96%"
"11/07/2001","562.03","567.03","567.94","560.88","449.36M","-0.61%"
"11/06/2001","565.47","567.35","569.82","565.47","493.97M","0.69%"
"11/05/2001","561.62","555.62","561.62","552.89","417.34M","2.01%"
"11/02/2001","550.57","547.99","554.05","547.51","855.83M","1.19%"
"11/01/2001","544.09","540.63","546.12","536.20","461.56M","1.17%"
"10/31/2001","537.81","530.53","537.81","529.75","592.32M","0.74%"
"10/30/2001","533.87","538.99","539.93","533.20","359.38M","-2.56%"
"10/29/2001","547.87","548.22","550.93","544.07","412.83M","0.82%"
"10/26/2001","543.41","545.15","547.25","539.91","359.67M","0.23%"
"10/25/2001","542.19","542.83","545.12","539.62","640.98M","0.13%"
"10/24/2001","541.49","532.63","541.96","531.46","382.28M","2.07%"
"10/23/2001","530.50","533.68","538.29","530.45","466.38M","0.34%"
"10/22/2001","528.70","532.00","532.12","524.32","428.96M","0.12%"
"10/19/2001","528.04","522.93","530.08","521.42","661.53M","0.73%"
"10/18/2001","524.21","522.31","526.49","519.41","387.71M","-0.77%"
"10/17/2001","528.29","527.81","529.54","522.37","448.54M","1.22%"
"10/16/2001","521.91","514.43","522.16","514.04","419.50M","1.54%"
"10/15/2001","513.99","513.55","517.47","511.29","373.17M","-0.47%"
"10/12/2001","516.40","526.06","526.20","510.93","628.11M","-0.13%"
"10/11/2001","517.05","514.84","519.56","513.87","598.51M","2.70%"
"10/10/2001","503.46","503.08","505.41","500.44","474.78M","-0.82%"
"10/09/2001","507.61","501.02","509.21","501.02","655.19M","2.31%"
"10/08/2001","496.13","497.44","501.56","493.12","687.41M","-1.15%"
"10/05/2001","501.92","499.80","502.11","496.66","781.83M","0.26%"
"10/04/2001","500.64","498.87","501.22","494.76","547.90M","4.37%"
"09/28/2001","479.68","475.56","483.21","472.71","426.74M","1.55%"
"09/27/2001","472.38","467.45","472.38","464.42","453.27M","-0.10%"
"09/26/2001","472.85","473.41","475.80","468.48","423.40M","0.15%"
"09/25/2001","472.13","491.59","491.68","470.38","640.13M","-2.09%"
"09/24/2001","482.19","473.75","482.19","471.91","538.75M","2.09%"
"09/21/2001","472.31","466.57","472.31","463.54","564.26M","-1.66%"
"09/20/2001","480.27","482.79","482.79","473.50","627.80M","-1.33%"
"09/19/2001","486.75","484.16","491.99","480.40","783.89M","0.38%"
"09/18/2001","484.93","481.45","485.12","478.24","693.03M","3.45%"
"09/17/2001","468.76","475.31","476.42","464.39","732.19M","-2.81%"
"09/14/2001","482.29","497.15","497.15","472.98","1.02B","-3.40%"
"09/13/2001","499.25","491.61","499.25","484.49","1.02B","4.97%"
"09/12/2001","475.60","490.14","499.90","474.58","242.83M","-12.02%"
"09/11/2001","540.57","550.90","553.61","539.72","612.39M","-1.84%"
"09/10/2001","550.73","547.99","551.26","545.16","595.82M","-0.78%"
"09/07/2001","555.08","546.79","555.51","544.73","491.28M","0.45%"
"09/06/2001","552.59","552.41","559.17","551.35","588.15M","0.12%"
"09/05/2001","551.91","550.43","553.61","547.88","788.72M","-1.23%"
"09/04/2001","558.79","543.10","558.79","540.33","499.96M","3.13%"
"09/03/2001","541.83","545.02","547.63","539.17","415.21M","-0.60%"
"08/31/2001","545.11","552.78","554.48","542.21","720.39M","-3.41%"
"08/30/2001","564.36","555.98","564.36","554.47","711.80M","-0.22%"
"08/29/2001","565.63","569.77","570.03","563.28","469.00M","-1.89%"
"08/28/2001","576.51","577.75","578.62","573.10","445.22M","-0.39%"
"08/27/2001","578.74","577.46","585.34","574.71","478.61M","1.66%"
"08/24/2001","569.31","571.97","573.19","563.90","415.29M","-0.13%"
"08/23/2001","570.07","578.62","580.51","568.82","482.27M","-0.83%"
"08/22/2001","574.87","560.53","575.30","560.53","525.82M","1.09%"
"08/21/2001","568.68","571.77","572.86","561.44","356.39M","0.28%"
"08/20/2001","567.09","568.88","574.16","566.42","381.82M","-2.39%"
"08/17/2001","580.99","582.93","585.36","577.10","437.37M","0.01%"
"08/16/2001","580.95","571.19","582.80","569.53","525.65M","0.66%"
"08/14/2001","577.15","565.20","577.24","564.86","539.43M","2.70%"
"08/13/2001","562.00","558.48","562.00","552.17","298.62M","1.20%"
"08/10/2001","555.34","556.04","558.27","552.00","286.54M","1.03%"
"08/09/2001","549.67","554.46","559.17","549.67","318.62M","-2.87%"
"08/08/2001","565.94","568.07","568.85","561.35","362.13M","-0.27%"
"08/07/2001","567.50","562.17","568.57","561.29","366.59M","-0.33%"
"08/06/2001","569.37","564.72","573.56","563.53","375.43M","0.12%"
"08/03/2001","568.69","572.00","572.00","563.55","267.80M","0.22%"
"08/02/2001","567.46","565.39","572.03","557.29","445.70M","0.83%"
"08/01/2001","562.79","546.30","563.67","542.00","441.17M","3.92%"
"07/31/2001","541.55","534.84","541.55","532.55","202.40M","1.50%"
"07/30/2001","533.53","542.08","542.08","532.85","274.10M","-1.40%"
"07/27/2001","541.13","536.86","542.58","534.94","395.95M","2.25%"
"07/26/2001","529.22","529.65","531.96","527.22","313.19M","0.60%"
"07/25/2001","526.08","519.74","528.33","516.64","371.43M","-0.10%"
"07/24/2001","526.62","518.94","527.37","512.78","485.59M","0.46%"
"07/23/2001","524.21","535.00","538.35","522.38","265.25M","-2.51%"
"07/20/2001","537.71","540.26","541.95","534.39","275.16M","-1.47%"
"07/19/2001","545.74","534.13","545.74","534.13","263.16M","0.96%"
"07/18/2001","540.53","550.94","551.97","539.04","275.32M","-1.53%"
"07/16/2001","548.93","551.43","554.93","545.17","228.14M","0.08%"
"07/13/2001","548.49","571.16","571.16","546.97","259.00M","-2.05%"
"07/12/2001","559.95","561.50","566.26","559.95","302.70M","1.14%"
"07/11/2001","553.65","547.15","558.53","545.76","208.23M","-0.89%"
"07/10/2001","558.60","563.21","565.51","557.51","228.98M","-0.25%"
"07/09/2001","560.00","565.34","568.21","555.66","250.53M","-3.20%"
"07/06/2001","578.54","581.85","585.08","578.13","215.96M","-2.54%"
"07/05/2001","593.61","598.95","600.51","592.80","195.56M","-0.61%"
"07/04/2001","597.25","591.01","597.25","586.31","226.70M","0.49%"
"07/03/2001","594.31","598.67","598.67","593.56","209.11M","-0.41%"
"07/02/2001","596.74","593.03","598.24","592.90","201.67M","0.27%"
"06/29/2001","595.13","594.02","595.13","589.18","225.17M","2.03%"
"06/28/2001","583.27","585.66","591.03","582.91","268.78M","-0.25%"
"06/27/2001","584.76","587.31","590.74","580.75","330.39M","-0.67%"
"06/26/2001","588.71","597.81","598.96","586.12","312.74M","-1.56%"
"06/25/2001","598.02","597.37","602.77","594.04","309.87M","-0.18%"
"06/22/2001","599.08","597.34","602.70","593.33","395.24M","0.60%"
"06/21/2001","595.53","597.72","599.76","589.46","404.20M","-0.03%"
"06/20/2001","595.72","603.29","604.78","593.75","440.48M","-2.17%"
"06/19/2001","608.91","606.04","615.85","605.80","436.63M","0.02%"
"06/18/2001","608.78","617.66","619.82","607.93","474.21M","-1.64%"
"06/15/2001","618.96","609.54","618.96","604.37","375.83M","0.85%"
"06/14/2001","613.75","612.96","623.37","610.36","420.52M","-0.05%"
"06/13/2001","614.05","611.79","614.05","607.48","392.42M","1.14%"
"06/12/2001","607.15","605.36","611.88","603.91","319.88M","-0.18%"
"06/11/2001","608.23","612.46","615.41","607.20","340.12M","-2.18%"
"06/08/2001","621.78","608.48","621.90","608.33","442.48M","3.43%"
"06/07/2001","601.14","594.28","601.35","594.28","328.04M","0.58%"
"06/05/2001","597.66","612.63","615.00","597.66","360.31M","-2.17%"
"06/04/2001","610.91","609.06","613.21","606.72","341.32M","0.63%"
"06/01/2001","607.07","615.67","617.09","603.84","358.79M","-0.83%"
"05/31/2001","612.16","612.45","617.66","608.80","384.98M","-2.59%"
"05/30/2001","628.42","629.45","629.90","620.95","449.66M","-0.57%"
"05/29/2001","632.05","616.94","632.09","615.87","530.44M","2.20%"
"05/28/2001","618.47","620.20","622.67","618.14","434.84M","-0.90%"
"05/25/2001","624.11","626.97","633.16","623.05","634.24M","0.29%"
"05/24/2001","622.28","614.22","624.46","612.62","561.54M","-0.05%"
"05/23/2001","622.60","620.03","625.80","616.56","526.29M","0.75%"
"05/22/2001","617.99","628.82","630.08","617.99","794.30M","-0.16%"
"05/21/2001","618.96","606.87","620.89","606.46","750.10M","3.07%"
"05/18/2001","600.54","594.56","600.54","591.63","595.40M","0.70%"
"05/17/2001","596.39","588.15","596.39","585.59","565.11M","4.19%"
"05/16/2001","572.40","578.68","585.67","572.36","529.25M","-1.53%"
"05/15/2001","581.30","583.73","585.74","579.08","557.55M","-0.48%"
"05/14/2001","584.08","585.13","588.13","580.82","526.96M","0.17%"
"05/11/2001","583.06","581.74","584.28","577.91","546.70M","0.29%"
"05/10/2001","581.38","579.16","584.33","575.43","557.13M","0.44%"
"05/09/2001","578.84","589.06","589.42","578.34","527.73M","-2.04%"
"05/08/2001","590.91","594.32","597.95","590.65","484.40M","-0.94%"
"05/07/2001","596.50","588.88","599.05","584.79","471.72M","1.86%"
"05/04/2001","585.60","575.69","585.60","575.69","392.47M","0.21%"
"05/03/2001","584.40","583.22","584.68","576.53","390.07M","0.12%"
"05/02/2001","583.70","586.27","587.18","580.39","594.62M","1.10%"
"04/30/2001","577.36","565.44","577.52","564.72","371.50M","3.72%"
"04/27/2001","556.63","561.06","563.76","553.67","231.12M","-0.89%"
"04/26/2001","561.62","569.58","570.99","560.84","305.80M","-0.83%"
"04/25/2001","566.34","552.69","566.34","551.15","376.55M","1.93%"
"04/24/2001","555.64","552.32","556.48","547.39","346.70M","-0.94%"
"04/23/2001","560.94","559.09","566.47","556.52","420.37M","0.84%"
"04/20/2001","556.29","567.66","572.08","556.22","475.64M","-1.25%"
"04/19/2001","563.31","567.49","581.63","558.97","561.59M","4.32%"
"04/18/2001","540.00","523.26","540.00","520.31","494.86M","5.06%"
"04/17/2001","513.97","506.92","516.12","505.92","319.54M","1.11%"
"04/16/2001","508.35","514.55","518.26","508.35","328.65M","-1.50%"
"04/13/2001","516.10","518.64","518.65","512.35","346.89M","0.37%"
"04/12/2001","514.21","516.73","519.48","511.73","408.94M","1.32%"
"04/11/2001","507.53","505.24","508.75","501.63","354.28M","3.32%"
"04/10/2001","491.21","500.97","501.65","491.21","261.94M","-1.26%"
"04/09/2001","497.46","503.07","506.46","497.46","283.86M","-1.73%"
"04/06/2001","506.22","518.06","518.20","504.54","373.59M","2.54%"
"04/04/2001","493.69","496.03","501.32","493.57","313.64M","-1.90%"
"04/03/2001","503.26","505.38","507.67","498.27","277.55M","-2.32%"
"04/02/2001","515.20","520.56","522.09","512.40","231.82M","-1.53%"
"03/30/2001","523.22","524.63","528.60","516.97","417.22M","-0.11%"
"03/29/2001","523.80","522.99","531.85","521.04","484.17M","-0.94%"
"03/28/2001","528.79","541.43","541.71","528.79","402.64M","-0.77%"
"03/27/2001","532.90","546.27","546.27","532.90","433.27M","-2.40%"
"03/26/2001","545.98","544.75","550.26","542.09","433.28M","1.49%"
"03/23/2001","537.97","532.01","539.19","531.63","364.38M","2.07%"
"03/22/2001","527.05","530.88","532.25","524.25","402.50M","-1.04%"
"03/21/2001","532.59","520.71","532.59","520.41","364.74M","0.19%"
"03/20/2001","531.59","542.13","542.79","531.39","279.53M","-0.51%"
"03/19/2001","534.33","531.84","541.20","528.88","253.80M","-0.81%"
"03/16/2001","538.67","541.31","543.81","536.70","332.62M","-0.58%"
"03/15/2001","541.83","523.38","542.30","522.74","385.19M","-0.27%"
"03/14/2001","543.28","541.42","545.00","539.12","415.19M","2.90%"
"03/13/2001","527.97","527.94","533.25","522.65","358.14M","-3.13%"
"03/12/2001","545.05","554.36","556.84","545.05","360.94M","-3.66%"
"03/09/2001","565.76","572.11","573.67","562.53","316.00M","-2.33%"
"03/08/2001","579.28","569.79","579.28","568.09","349.38M","1.87%"
"03/07/2001","568.64","574.52","576.94","566.08","364.06M","0.09%"
"03/06/2001","568.15","569.14","574.90","564.12","485.02M","0.49%"
"03/05/2001","565.38","549.27","565.38","549.27","309.88M","1.06%"
"03/02/2001","559.44","574.61","574.61","557.20","329.69M","-3.23%"
"02/28/2001","578.10","571.64","581.44","571.04","351.26M","0.09%"
"02/27/2001","577.57","590.14","597.12","576.66","475.76M","-1.32%"
"02/26/2001","585.32","585.16","588.92","580.59","448.99M","0.31%"
"02/23/2001","583.52","579.97","590.49","579.45","400.76M","0.02%"
"02/22/2001","583.41","589.30","589.30","571.72","434.98M","-1.87%"
"02/21/2001","594.53","605.49","605.49","594.45","439.15M","-2.33%"
"02/20/2001","608.74","595.77","609.36","593.17","498.57M","2.02%"
"02/19/2001","596.67","595.66","597.76","588.73","316.68M","-1.36%"
"02/16/2001","604.92","605.93","611.54","604.27","319.53M","0.21%"
"02/15/2001","603.63","611.26","612.26","602.41","359.76M","-0.03%"
"02/14/2001","603.83","594.93","607.59","592.32","413.24M","0.84%"
"02/13/2001","598.78","603.15","605.35","594.41","336.73M","-0.07%"
"02/12/2001","599.20","587.62","602.90","584.37","318.92M","0.63%"
"02/09/2001","595.47","588.36","598.97","581.49","374.56M","0.66%"
"02/08/2001","591.57","577.12","591.66","577.12","282.24M","2.67%"
"02/07/2001","576.19","584.93","584.93","574.44","322.72M","-1.77%"
"02/06/2001","586.58","577.25","587.23","573.52","326.30M","1.28%"
"02/05/2001","579.16","594.91","595.47","575.58","354.07M","-4.82%"
"02/02/2001","608.48","614.51","616.67","602.13","345.29M","-0.62%"
"02/01/2001","612.30","606.49","620.78","605.42","396.01M","-0.91%"
"01/31/2001","617.91","594.76","617.91","593.54","442.13M","4.49%"
"01/30/2001","591.34","601.29","608.05","591.34","498.67M","-0.87%"
"01/29/2001","596.54","592.75","598.11","587.42","461.16M","0.81%"
"01/26/2001","591.73","623.68","624.00","591.73","443.74M","-5.69%"
"01/22/2001","627.45","622.52","627.45","614.08","484.95M","1.24%"
"01/19/2001","619.78","622.25","622.25","613.66","432.45M","2.60%"
"01/18/2001","604.05","597.15","612.90","596.66","453.76M","1.38%"
"01/17/2001","595.83","600.75","610.47","587.26","501.66M","-1.26%"
"01/16/2001","603.42","600.68","608.51","588.42","606.28M","0.74%"
"01/15/2001","599.00","595.06","608.22","588.87","611.96M","1.89%"
"01/12/2001","587.87","578.95","601.09","578.95","713.79M","4.64%"
"01/11/2001","561.79","568.26","570.57","557.86","518.79M","0.17%"
"01/10/2001","560.81","586.63","593.86","560.81","642.38M","-4.93%"
"01/09/2001","589.92","583.85","589.92","572.55","558.97M","0.56%"
"01/08/2001","586.65","573.72","587.91","572.48","558.64M","1.00%"
"01/05/2001","580.85","559.54","581.41","555.40","578.29M","4.09%"
"01/04/2001","558.02","551.53","567.16","550.91","444.54M","7.02%"
"01/03/2001","521.43","512.74","524.58","510.70","324.58M","0.09%"
"01/02/2001","520.95","503.31","521.34","500.97","231.02M","3.24%"
"12/26/2000","504.62","509.09","509.95","501.64","252.89M","0.80%"
"12/22/2000","500.60","514.54","518.90","500.41","332.70M","-2.21%"
"12/21/2000","511.90","498.60","515.76","497.31","290.30M","-0.45%"
"12/20/2000","514.21","517.37","525.79","513.24","304.30M","-3.13%"
"12/19/2000","530.80","541.23","541.25","530.18","290.17M","-1.57%"
"12/18/2000","539.27","529.37","541.78","529.37","251.26M","0.99%"
"12/15/2000","534.00","544.53","551.29","533.65","297.85M","-2.44%"
"12/14/2000","547.38","548.14","554.89","540.73","298.43M","-1.88%"
"12/13/2000","557.84","540.35","560.16","539.51","302.75M","2.72%"
"12/12/2000","543.08","556.22","558.50","541.99","320.89M","-2.11%"
"12/11/2000","554.80","543.46","557.79","543.46","388.72M","3.74%"
"12/08/2000","534.81","523.40","535.47","523.40","321.36M","2.11%"
"12/07/2000","523.78","517.48","523.78","510.86","300.98M","1.14%"
"12/06/2000","517.89","535.19","540.63","517.87","391.92M","0.18%"
"12/05/2000","516.96","505.10","516.97","502.94","257.24M","3.04%"
"12/04/2000","501.73","520.14","520.52","499.72","267.61M","-2.47%"
"12/01/2000","514.46","490.88","514.46","489.53","329.92M","1.03%"
"11/30/2000","509.23","518.82","518.82","499.52","310.42M","-1.40%"
"11/29/2000","516.44","522.98","522.98","511.93","281.00M","-3.82%"
"11/28/2000","536.94","544.44","547.31","535.96","341.21M","-3.09%"
"11/27/2000","554.04","542.27","554.04","542.27","392.92M","4.37%"
"11/24/2000","530.84","518.15","530.84","515.32","315.55M","3.21%"
"11/23/2000","514.31","515.48","522.54","512.41","312.32M","-1.54%"
"11/22/2000","522.33","525.50","532.95","520.61","314.62M","-1.72%"
"11/21/2000","531.45","529.51","531.45","515.41","293.15M","-1.11%"
"11/20/2000","537.40","543.78","547.56","537.24","289.75M","-2.51%"
"11/17/2000","551.26","548.43","551.26","543.60","331.72M","-0.68%"
"11/16/2000","555.04","557.85","561.17","550.46","310.69M","-0.44%"
"11/15/2000","557.48","566.41","570.36","552.89","325.31M","0.81%"
"11/14/2000","552.99","543.53","552.99","543.53","253.05M","2.61%"
"11/13/2000","538.94","552.44","552.44","536.45","272.84M","-4.64%"
"11/10/2000","565.18","557.94","567.34","555.11","322.18M","0.81%"
"11/09/2000","560.66","549.44","562.66","548.14","323.91M","0.46%"
"11/08/2000","558.09","549.21","562.89","545.77","354.23M","0.86%"
"11/07/2000","553.35","560.55","564.38","550.39","346.59M","-0.59%"
"11/06/2000","556.66","557.64","581.47","555.41","423.81M","-0.67%"
"11/03/2000","560.41","563.50","567.07","556.38","406.52M","0.41%"
"11/02/2000","558.10","543.94","563.98","540.93","461.06M","1.70%"
"11/01/2000","548.76","524.69","550.06","522.78","366.44M","6.66%"
"10/31/2000","514.48","497.59","514.48","483.58","350.64M","1.93%"
"10/30/2000","504.73","514.82","520.01","504.73","285.73M","-2.06%"
"10/27/2000","515.34","528.59","534.84","515.34","284.26M","-1.59%"
"10/26/2000","523.67","528.27","530.81","517.82","212.84M","-3.44%"
"10/25/2000","542.33","539.93","545.86","532.99","308.13M","-0.50%"
"10/24/2000","545.05","527.36","549.79","523.02","311.60M","3.16%"
"10/23/2000","528.37","555.11","556.00","527.18","271.14M","-3.22%"
"10/20/2000","545.97","540.68","554.65","540.49","371.65M","6.01%"
"10/19/2000","515.04","510.19","531.20","506.49","312.61M","0.17%"
"10/18/2000","514.17","501.09","519.54","485.00","398.60M","0.26%"
"10/17/2000","512.85","536.20","545.08","512.85","313.67M","-6.77%"
"10/16/2000","550.10","557.11","565.88","543.20","341.17M","4.86%"
"10/13/2000","524.60","514.82","525.71","498.56","330.31M","-1.89%"
"10/12/2000","534.71","548.44","564.09","534.71","259.67M","-4.03%"
"10/11/2000","557.18","576.44","576.44","548.29","311.53M","-5.30%"
"10/10/2000","588.34","588.72","595.79","578.20","283.53M","-0.14%"
"10/09/2000","589.18","606.81","606.90","589.18","343.13M","-3.23%"
"10/06/2000","608.85","601.57","610.52","601.05","369.62M","0.34%"
"10/05/2000","606.79","605.81","616.22","604.25","456.97M","1.40%"
"10/04/2000","598.42","578.37","598.42","571.58","311.59M","1.56%"
"10/02/2000","589.22","595.68","599.03","585.53","243.07M","-3.91%"
"09/29/2000","613.22","612.11","620.08","599.88","328.16M","1.22%"
"09/28/2000","605.85","606.60","610.53","595.97","330.23M","1.09%"
"09/27/2000","599.31","586.57","601.02","585.17","367.12M","1.99%"
"09/26/2000","587.60","576.95","593.72","574.32","403.77M","0.51%"
"09/25/2000","584.63","562.79","584.84","562.48","328.33M","5.67%"
"09/22/2000","553.25","574.26","578.22","551.00","305.09M","-7.17%"
"09/21/2000","595.99","603.51","613.01","577.78","350.39M","-1.66%"
"09/20/2000","606.08","594.32","607.78","594.24","340.23M","6.11%"
"09/19/2000","571.17","564.93","587.21","556.74","327.63M","-1.11%"
"09/18/2000","577.56","591.98","595.10","552.78","314.54M","-8.06%"
"09/15/2000","628.20","642.10","652.50","621.40","338.68M","-3.37%"
"09/14/2000","650.14","636.70","650.14","621.26","319.76M","-0.54%"
"09/08/2000","653.68","658.46","664.07","647.99","302.70M","-0.41%"
"09/07/2000","656.37","663.09","664.10","654.36","251.21M","-3.00%"
"09/06/2000","676.69","677.55","690.99","673.91","211.88M","-0.38%"
"09/05/2000","679.24","677.74","685.05","668.08","216.31M","-0.30%"
"09/04/2000","681.30","690.95","693.66","677.55","224.05M","-1.57%"
"09/01/2000","692.19","690.93","698.28","685.32","202.37M","0.52%"
"08/31/2000","688.62","713.41","713.41","682.68","263.37M","-4.22%"
"08/30/2000","718.93","726.63","727.39","718.93","217.56M","-1.73%"
"08/29/2000","731.56","733.72","739.53","722.85","253.34M","-0.03%"
"08/28/2000","731.81","728.88","735.32","726.36","271.85M","0.28%"
"08/25/2000","729.80","718.88","729.90","710.58","275.53M","1.52%"
"08/24/2000","718.86","722.62","729.00","706.21","293.44M","-0.13%"
"08/23/2000","719.79","739.04","740.70","719.37","298.53M","-2.55%"
"08/22/2000","738.61","722.94","739.02","722.94","302.51M","2.22%"
"08/21/2000","722.58","721.02","731.45","720.24","227.41M","-0.79%"
"08/18/2000","728.32","747.65","750.42","726.90","277.08M","-2.04%"
"08/17/2000","743.49","751.39","754.09","739.67","317.26M","-1.02%"
"08/16/2000","751.14","748.73","754.46","745.68","314.53M","2.44%"
"08/14/2000","733.25","741.55","745.79","731.44","323.61M","1.53%"
"08/11/2000","722.21","711.42","732.78","708.25","300.61M","-0.97%"
"08/10/2000","729.28","710.31","729.28","695.87","259.93M","2.68%"
"08/09/2000","710.23","677.22","710.23","677.22","295.43M","6.63%"
"08/08/2000","666.08","676.22","686.96","665.63","209.18M","-1.41%"
"08/07/2000","675.59","693.50","694.48","675.59","218.36M","-4.85%"
"08/04/2000","710.00","717.14","719.07","702.47","221.05M","-1.67%"
"08/03/2000","722.08","734.49","736.23","719.27","259.43M","-0.86%"
"08/02/2000","728.33","723.32","733.99","715.18","328.69M","0.17%"
"08/01/2000","727.10","710.05","727.53","700.83","297.94M","2.99%"
"07/31/2000","705.97","686.35","706.73","678.35","218.98M","1.92%"
"07/28/2000","692.65","706.56","712.57","691.01","239.03M","-4.81%"
"07/27/2000","727.68","730.76","734.51","718.66","255.86M","-2.17%"
"07/26/2000","743.84","742.45","748.61","723.32","333.09M","0.84%"
"07/25/2000","737.64","730.49","743.52","720.72","352.57M","-0.03%"
"07/24/2000","737.89","766.44","769.81","736.38","393.32M","-5.77%"
"07/21/2000","783.06","785.98","789.85","771.50","408.14M","0.53%"
"07/20/2000","778.90","786.22","791.41","774.47","426.31M","-2.31%"
"07/19/2000","797.30","806.75","806.75","787.58","442.80M","-1.85%"
"07/18/2000","812.33","822.30","829.19","806.88","317.07M","-1.89%"
"07/14/2000","827.95","847.60","850.26","826.82","366.31M","-2.10%"
"07/13/2000","845.75","840.45","849.03","833.05","477.91M","0.71%"
"07/12/2000","839.76","841.15","846.80","830.06","466.96M","0.35%"
"07/11/2000","836.86","856.17","863.53","836.86","849.97M","-1.72%"
"07/10/2000","851.47","847.60","856.83","847.14","532.55M","1.16%"
"07/07/2000","841.74","841.50","851.62","837.84","569.85M","0.49%"
"07/06/2000","837.63","822.76","840.91","818.24","696.04M","0.87%"
"07/05/2000","830.40","818.40","830.40","810.10","531.94M","1.45%"
"07/04/2000","818.53","840.20","841.52","818.47","439.14M","-2.00%"
"07/03/2000","835.21","824.83","836.53","824.83","440.79M","1.70%"
"06/30/2000","821.22","815.03","823.36","812.26","462.87M","0.28%"
"06/29/2000","818.90","828.59","830.80","807.93","338.97M","0.02%"
"06/28/2000","818.73","810.44","822.04","806.87","500.10M","1.09%"
"06/27/2000","809.87","799.58","810.70","795.55","465.83M","2.31%"
"06/26/2000","791.55","782.28","794.89","779.39","286.73M","1.62%"
"06/23/2000","778.94","772.18","778.94","768.29","261.85M","-0.42%"
"06/22/2000","782.24","795.08","804.20","771.06","369.64M","0.05%"
"06/21/2000","781.87","793.67","799.44","780.68","529.24M","-0.44%"
"06/20/2000","785.32","772.98","785.32","764.98","340.77M","3.96%"
"06/19/2000","755.38","748.47","777.13","744.90","270.29M","-0.48%"
"06/16/2000","759.04","759.58","775.26","753.96","317.14M","-1.54%"
"06/15/2000","770.95","814.62","814.62","770.70","380.64M","-5.90%"
"06/14/2000","819.27","814.05","821.13","792.30","438.19M","1.84%"
"06/13/2000","804.45","833.18","835.29","800.32","426.60M","-4.89%"
"06/12/2000","845.81","851.06","858.34","828.66","516.74M","1.13%"
"06/09/2000","836.40","800.28","836.82","790.43","506.78M","4.54%"
"06/08/2000","800.11","825.56","842.13","795.99","669.05M","-2.73%"
"06/07/2000","822.54","798.23","822.98","792.71","493.50M","3.57%"
"06/05/2000","794.21","778.48","799.34","778.48","464.38M","4.41%"
"06/02/2000","760.69","759.22","776.49","750.38","430.57M","3.01%"
"06/01/2000","738.49","730.55","746.70","722.24","314.34M","0.90%"
"05/31/2000","731.88","708.04","744.60","708.04","503.78M","5.88%"
"05/30/2000","691.26","668.65","692.31","668.65","389.66M","5.39%"
"05/29/2000","655.93","627.40","664.27","625.14","309.61M","-0.11%"
"05/26/2000","656.66","690.54","693.10","656.66","350.45M","-6.13%"
"05/25/2000","699.53","696.69","708.59","685.18","401.99M","3.64%"
"05/24/2000","674.95","669.21","689.55","643.97","289.35M","-0.71%"
"05/23/2000","679.76","674.03","694.44","674.03","211.39M","-1.71%"
"05/22/2000","691.61","715.55","718.30","688.58","176.62M","-5.35%"
"05/19/2000","730.68","712.13","730.71","695.73","196.29M","2.49%"
"05/18/2000","712.95","705.62","718.72","699.00","201.44M","-1.96%"
"05/17/2000","727.18","752.52","769.01","726.89","219.01M","-2.62%"
"05/16/2000","746.77","729.10","746.77","723.71","172.35M","2.48%"
"05/15/2000","728.67","737.21","740.16","719.60","193.28M","-1.57%"
"05/12/2000","740.30","762.80","763.01","737.07","189.06M","-2.53%"
"05/10/2000","759.51","757.36","764.64","753.73","193.57M","-0.18%"
"05/09/2000","760.85","768.01","771.51","758.89","181.01M","-1.22%"
"05/08/2000","770.24","759.15","778.46","759.15","195.51M","2.52%"
"05/04/2000","751.29","753.18","760.99","745.39","190.23M","-0.20%"
"05/03/2000","752.76","751.07","755.62","742.94","179.78M","0.02%"
"05/02/2000","752.59","731.76","753.46","729.84","195.97M","3.75%"
"04/28/2000","725.39","698.06","727.26","698.06","228.15M","4.81%"
"04/27/2000","692.07","699.29","710.70","688.36","224.44M","-2.97%"
"04/26/2000","713.23","751.89","760.21","712.42","241.94M","-3.25%"
"04/25/2000","737.20","738.56","742.15","730.43","168.48M","-1.39%"
"04/24/2000","747.58","767.05","770.72","746.16","176.66M","-2.55%"
"04/21/2000","767.16","764.81","772.86","759.34","202.14M","0.78%"
"04/20/2000","761.25","752.04","765.01","749.61","204.06M","0.82%"
"04/19/2000","755.08","767.27","781.55","745.77","292.38M","1.04%"
"04/18/2000","747.30","738.10","769.38","724.05","273.03M","5.59%"
"04/17/2000","707.72","762.96","762.96","699.22","287.74M","-11.63%"
"04/14/2000","800.89","808.46","816.07","793.74","229.82M","-4.32%"
"04/12/2000","837.01","841.16","853.61","834.75","213.51M","-2.11%"
"04/11/2000","855.05","864.65","864.65","839.82","255.14M","-1.74%"
"04/10/2000","870.17","861.72","880.41","851.30","325.32M","3.92%"
"04/07/2000","837.38","811.38","838.82","811.38","205.12M","4.11%"
"04/06/2000","804.35","827.23","827.89","804.15","172.97M","-3.11%"
"04/04/2000","830.16","835.24","850.10","814.54","203.03M","-1.92%"
"04/03/2000","846.44","866.75","876.81","837.36","209.59M","-1.68%"
"03/31/2000","860.94","872.02","885.74","860.52","214.73M","-3.26%"
"03/30/2000","889.95","905.59","909.51","889.23","264.08M","-2.04%"
"03/29/2000","908.51","886.69","913.35","881.52","280.75M","1.93%"
"03/28/2000","891.29","886.51","902.76","882.22","262.75M","0.52%"
"03/27/2000","886.71","893.13","893.13","876.52","282.36M","-0.28%"
"03/24/2000","889.24","876.93","900.06","861.64","281.93M","2.49%"
"03/23/2000","867.62","888.89","892.78","862.84","254.91M","-1.68%"
"03/22/2000","882.43","869.88","886.53","865.97","296.03M","2.20%"
"03/21/2000","863.41","850.91","863.41","838.98","227.94M","1.52%"
"03/20/2000","850.51","862.68","867.54","843.46","227.94M","-0.59%"
"03/17/2000","855.57","864.36","869.82","850.04","300.84M","1.71%"
"03/16/2000","841.22","847.90","860.40","832.17","298.88M","0.44%"
"03/15/2000","837.53","837.35","841.73","820.30","312.90M","-1.09%"
"03/14/2000","846.74","843.14","858.68","838.31","330.75M","-0.93%"
"03/13/2000","854.66","890.87","890.87","849.52","364.40M","-4.12%"
"03/10/2000","891.36","902.31","913.60","886.26","330.62M","0.77%"
"03/09/2000","884.59","922.71","928.55","884.59","370.03M","-3.42%"
"03/08/2000","915.94","895.93","919.03","883.53","313.74M","0.95%"
"03/07/2000","907.34","907.01","907.85","893.09","339.28M","-0.22%"
"03/06/2000","909.33","907.56","913.51","899.58","352.62M","1.62%"
"03/03/2000","894.83","909.81","910.02","882.48","311.25M","0.02%"
"03/02/2000","894.66","864.78","900.30","857.05","317.75M","8.00%"
"02/29/2000","828.38","843.31","846.37","810.53","275.73M","1.14%"
"02/28/2000","819.01","850.36","856.25","819.01","253.12M","-5.29%"
"02/25/2000","864.76","856.06","873.08","847.14","255.18M","-0.30%"
"02/24/2000","867.37","874.53","887.82","857.68","256.69M","-1.51%"
"02/23/2000","880.67","866.14","882.79","852.89","346.45M","3.61%"
"02/22/2000","850.02","844.11","867.68","835.97","244.39M","0.56%"
"02/21/2000","845.32","864.61","871.08","843.65","213.80M","-3.85%"
"02/18/2000","879.14","900.71","918.04","879.14","258.28M","-2.05%"
"02/17/2000","897.52","869.35","901.83","869.35","212.42M","2.05%"
"02/16/2000","879.50","881.03","886.63","843.58","214.05M","-0.02%"
"02/15/2000","879.70","916.89","919.43","875.05","218.60M","-3.42%"
"02/14/2000","910.87","932.94","941.23","907.91","234.18M","-4.44%"
"02/11/2000","953.22","990.11","990.75","941.24","274.78M","-1.34%"
"02/10/2000","966.18","966.36","991.71","957.73","251.62M","-1.01%"
"02/09/2000","976.05","967.53","979.92","959.13","240.45M","1.54%"
"02/08/2000","961.22","977.07","981.42","960.47","229.49M","-1.22%"
"02/07/2000","973.13","953.23","982.03","951.31","271.76M","2.41%"
"02/03/2000","950.22","950.26","959.00","934.11","277.12M","0.70%"
"02/02/2000","943.59","929.69","950.13","923.40","310.41M","1.60%"
"02/01/2000","928.75","955.44","959.31","923.52","306.14M","-1.60%"
"01/31/2000","943.88","924.83","948.84","922.92","289.44M","0.23%"
"01/28/2000","941.67","922.74","943.95","911.12","293.14M","3.57%"
"01/27/2000","909.23","888.27","912.49","879.00","344.91M","2.68%"
"01/26/2000","885.54","896.34","902.43","875.82","231.15M","-0.64%"
"01/25/2000","891.22","909.12","918.48","891.22","242.59M","-3.84%"
"01/24/2000","926.77","917.93","944.31","915.70","210.41M","0.17%"
"01/21/2000","925.16","928.55","942.20","911.83","255.14M","-2.19%"
"01/20/2000","945.90","927.12","945.90","906.26","226.68M","0.76%"
"01/19/2000","938.78","969.31","977.00","938.74","235.73M","-4.36%"
"01/18/2000","981.53","992.31","992.85","967.96","212.08M","-0.18%"
"01/17/2000","983.27","962.67","986.09","950.75","212.06M","3.72%"
"01/14/2000","948.03","958.82","970.59","937.75","224.96M","-0.32%"
"01/13/2000","951.05","955.06","960.73","939.25","223.00M","-0.41%"
"01/12/2000","955.01","957.98","976.86","949.20","227.08M","-2.68%"
"01/11/2000","981.33","992.17","1,005.87","981.23","257.07M","-0.60%"
"01/10/2000","987.24","979.67","994.94","965.02","240.18M","4.07%"
"01/07/2000","948.65","949.17","970.16","930.84","215.66M","-1.26%"
"01/06/2000","960.79","1,013.95","1,014.90","953.50","203.52M","-2.59%"
"01/05/2000","986.31","1,006.87","1,026.52","984.05","257.70M","-6.87%"
"01/04/2000","1,059.04","1,028.33","1,066.18","1,016.59","195.90M","3.01%"
"12/28/1999","1,028.07","1,010.41","1,038.04","1,004.21","259.76M","2.22%"
"12/27/1999","1,005.73","1,016.14","1,022.58","997.48","233.56M","1.42%"
"12/24/1999","991.63","992.51","1,003.95","983.31","257.33M","1.79%"
"12/23/1999","974.16","964.69","1,003.01","959.26","294.76M","0.65%"
"12/22/1999","967.83","963.40","967.87","941.84","300.24M","0.94%"
"12/21/1999","958.80","981.91","987.78","957.84","286.05M","-0.85%"
"12/20/1999","967.05","966.32","978.92","951.05","254.44M","1.87%"
"12/17/1999","949.26","958.55","965.28","934.22","295.72M","0.07%"
"12/16/1999","948.57","956.94","974.65","944.36","305.27M","-1.56%"
"12/15/1999","963.58","998.76","999.24","950.02","356.43M","-3.90%"
"12/14/1999","1,002.64","1,018.18","1,026.16","1,002.23","396.53M","-1.09%"
"12/13/1999","1,013.65","1,030.66","1,036.56","1,013.65","354.43M","-0.44%"
"12/10/1999","1,018.17","989.97","1,019.49","982.78","393.98M","3.84%"
"12/09/1999","980.54","982.89","995.71","976.68","329.75M","-0.79%"
"12/08/1999","988.32","992.29","998.16","974.79","277.93M","-1.16%"
"12/07/1999","999.92","1,001.36","1,009.74","984.63","285.49M","0.18%"
"12/06/1999","998.11","978.36","999.77","969.66","258.36M","3.26%"
"12/03/1999","966.59","973.85","982.19","955.38","259.37M","-0.14%"
"12/02/1999","967.90","1,008.55","1,013.84","959.84","305.62M","-3.13%"
"12/01/1999","999.16","992.62","1,007.29","984.38","294.84M","0.25%"
"11/30/1999","996.66","965.45","1,009.19","964.44","339.00M","3.36%"
"11/29/1999","964.26","955.38","964.26","936.25","276.92M","1.59%"
"11/26/1999","949.16","977.77","978.85","945.78","310.88M","-2.42%"
"11/25/1999","972.71","975.19","992.65","965.34","351.88M","0.35%"
"11/24/1999","969.29","969.23","973.15","957.57","303.19M","-0.49%"
"11/23/1999","974.05","974.63","986.85","965.22","277.30M","-0.39%"
"11/22/1999","977.88","995.92","1,000.11","970.58","308.44M","-1.53%"
"11/19/1999","993.11","973.83","1,001.38","968.52","390.51M","2.36%"
"11/18/1999","970.19","963.16","981.85","945.27","384.23M","0.26%"
"11/17/1999","967.64","1,014.44","1,024.09","967.63","491.98M","-3.98%"
"11/16/1999","1,007.72","973.01","1,007.72","965.32","464.29M","3.38%"
"11/15/1999","974.73","990.00","1,003.61","965.99","471.54M","0.56%"
"11/12/1999","969.26","961.43","983.47","952.53","538.91M","2.31%"
"11/11/1999","947.42","943.46","968.57","938.57","465.92M","0.92%"
"11/10/1999","938.76","944.50","958.31","936.36","422.27M","-0.50%"
"11/09/1999","943.46","908.71","943.46","906.18","355.51M","3.95%"
"11/08/1999","907.60","916.37","920.42","906.10","385.36M","-0.60%"
"11/05/1999","913.09","917.68","928.23","908.46","413.33M","0.14%"
"11/04/1999","911.82","895.36","911.82","890.07","418.85M","2.78%"
"11/03/1999","887.15","893.95","901.59","884.56","413.12M","-0.34%"
"11/02/1999","890.18","876.56","890.18","870.73","401.25M","1.55%"
"11/01/1999","876.55","863.50","876.55","855.48","348.22M","5.16%"
"10/29/1999","833.51","834.38","848.75","825.81","313.10M","1.53%"
"10/28/1999","820.95","790.91","823.66","790.67","242.63M","3.47%"
"10/27/1999","793.42","795.31","804.13","788.85","226.60M","-0.45%"
"10/26/1999","797.01","784.93","803.80","778.90","227.74M","-0.23%"
"10/25/1999","798.84","819.32","822.09","790.19","278.88M","-2.52%"
"10/22/1999","819.52","814.83","826.14","811.47","238.55M","0.12%"
"10/21/1999","818.51","838.07","848.44","813.77","339.68M","-1.47%"
"10/20/1999","830.69","821.72","834.14","814.54","314.38M","2.37%"
"10/19/1999","811.44","835.01","839.55","805.78","252.57M","-1.79%"
"10/18/1999","826.25","839.91","852.90","823.82","268.26M","-4.22%"
"10/15/1999","862.63","870.61","877.06","854.44","335.72M","-0.39%"
"10/14/1999","866.02","851.17","873.69","841.80","334.60M","1.23%"
"10/13/1999","855.52","848.40","856.36","840.14","287.22M","-0.09%"
"10/12/1999","856.25","830.10","856.25","829.88","298.50M","2.62%"
"10/11/1999","834.39","845.80","850.96","830.32","245.31M","-0.60%"
"10/08/1999","839.41","846.62","853.16","833.64","311.79M","-1.38%"
"10/07/1999","851.15","838.04","852.37","828.69","341.78M","1.90%"
"10/06/1999","835.31","799.34","837.44","792.05","278.00M","5.53%"
"10/05/1999","791.55","825.17","838.96","788.22","284.86M","-3.28%"
"10/04/1999","818.37","840.14","853.02","818.28","233.75M","-2.50%"
"10/01/1999","839.35","838.65","847.29","800.97","262.92M","0.38%"
"09/30/1999","836.18","859.67","879.00","836.18","231.43M","-3.76%"
"09/29/1999","868.88","895.70","898.18","868.88","251.79M","-3.54%"
"09/28/1999","900.73","909.20","919.56","894.38","225.05M","-0.34%"
"09/27/1999","903.79","941.70","941.70","903.79","219.38M","-4.01%"
"09/22/1999","941.57","956.70","960.36","940.13","301.88M","-1.66%"
"09/21/1999","957.42","944.01","963.68","940.44","305.23M","2.52%"
"09/20/1999","933.88","933.86","939.56","923.56","234.86M","0.94%"
"09/17/1999","925.20","902.53","931.18","893.08","222.79M","0.99%"
"09/16/1999","916.16","948.49","949.62","916.10","246.10M","-3.83%"
"09/15/1999","952.69","967.72","970.89","947.85","261.24M","-1.64%"
"09/14/1999","968.54","981.66","982.32","964.49","289.96M","-1.26%"
"09/13/1999","980.91","973.71","984.57","964.97","297.90M","1.97%"
"09/10/1999","961.98","951.95","974.15","951.21","297.62M","1.20%"
"09/09/1999","950.53","940.02","950.53","937.80","234.21M","1.45%"
"09/08/1999","936.93","942.98","952.37","932.45","278.59M","-0.74%"
"09/07/1999","943.92","947.34","959.01","943.92","280.86M","0.07%"
"09/06/1999","943.22","919.01","944.47","915.49","290.48M","3.58%"
"09/03/1999","910.62","902.29","920.82","887.76","318.00M","1.30%"
"09/02/1999","898.97","886.62","912.43","877.91","305.81M","-0.72%"
"09/01/1999","905.52","944.50","947.47","905.52","316.14M","-3.45%"
"08/31/1999","937.88","932.24","940.22","922.34","265.48M","-0.50%"
"08/30/1999","942.57","962.14","970.26","942.41","300.49M","-1.84%"
"08/27/1999","960.28","953.99","970.51","945.77","325.17M","0.04%"
"08/26/1999","959.88","971.14","978.40","955.87","366.36M","-0.32%"
"08/25/1999","963.00","933.43","972.08","932.49","380.36M","3.28%"
"08/24/1999","932.41","927.81","939.43","917.41","343.80M","1.62%"
"08/23/1999","917.58","889.89","919.07","881.54","306.43M","4.46%"
"08/20/1999","878.39","873.10","879.18","859.77","255.15M","0.83%"
"08/19/1999","871.18","874.98","885.08","867.62","280.27M","0.26%"
"08/18/1999","868.94","861.86","878.68","841.27","326.41M","-0.54%"
"08/17/1999","873.70","911.45","925.63","872.57","270.86M","-3.70%"
"08/16/1999","907.28","904.22","924.80","895.11","219.58M","-1.11%"
"08/13/1999","917.47","940.62","945.00","908.49","270.18M","-3.36%"
"08/12/1999","949.35","946.48","958.83","939.58","255.84M","0.56%"
"08/11/1999","944.08","965.73","973.91","941.56","291.84M","-2.54%"
"08/10/1999","968.66","949.77","968.85","944.70","291.16M","2.07%"
"08/09/1999","948.97","938.74","963.30","931.10","294.56M","1.14%"
"08/06/1999","938.26","944.35","959.78","924.12","236.92M","-0.09%"
"08/05/1999","939.07","967.96","974.78","933.87","285.81M","-3.73%"
"08/04/1999","975.45","977.12","995.08","973.90","381.67M","0.22%"
"08/03/1999","973.33","961.00","977.91","953.14","344.34M","1.41%"
"08/02/1999","959.81","967.70","982.32","939.60","352.44M","-1.02%"
"07/30/1999","969.72","997.49","1,010.89","957.28","405.43M","-2.90%"
"07/29/1999","998.71","958.61","998.71","955.89","390.70M","5.74%"
"07/28/1999","944.46","923.94","972.96","919.65","394.20M","1.68%"
"07/27/1999","928.85","881.73","931.01","874.81","390.09M","6.40%"
"07/26/1999","872.94","891.38","902.68","860.13","349.10M","-3.54%"
"07/23/1999","904.96","972.78","974.80","902.22","413.13M","-7.34%"
"07/22/1999","976.66","957.99","977.49","935.22","397.39M","1.20%"
"07/21/1999","965.11","989.73","992.85","949.55","379.60M","-3.34%"
"07/20/1999","998.45","1,019.59","1,027.13","998.42","406.35M","-2.55%"
"07/19/1999","1,024.58","1,034.41","1,044.28","1,001.79","379.34M","0.37%"
"07/16/1999","1,020.82","986.79","1,022.13","986.79","360.30M","3.94%"
"07/15/1999","982.14","952.89","982.14","952.89","307.74M","2.99%"
"07/14/1999","953.67","987.72","997.07","953.67","349.16M","-3.43%"
"07/13/1999","987.50","999.64","1,018.35","976.68","364.18M","-1.67%"
"07/12/1999","1,004.25","1,037.74","1,052.60","1,001.41","489.18M","-2.30%"
"07/09/1999","1,027.93","1,004.68","1,027.93","989.48","448.72M","2.88%"
"07/08/1999","999.11","1,010.77","1,022.88","997.99","441.96M","-0.68%"
"07/07/1999","1,005.98","995.66","1,006.40","982.50","399.67M","1.67%"
"07/06/1999","989.43","962.48","989.43","953.64","341.93M","2.76%"
"07/05/1999","962.84","940.03","963.06","940.03","349.84M","3.15%"
"07/02/1999","933.42","920.03","934.88","919.62","300.14M","1.46%"
"07/01/1999","919.98","887.56","923.99","887.56","279.15M","4.19%"
"06/30/1999","883.00","899.61","909.33","872.32","259.89M","-1.61%"
"06/29/1999","897.45","900.45","907.26","891.64","233.32M","-0.62%"
"06/28/1999","903.05","882.43","907.41","882.43","229.26M","2.38%"
"06/25/1999","882.08","876.45","882.08","862.05","240.58M","0.54%"
"06/24/1999","877.30","889.85","902.45","877.30","278.61M","-1.27%"
"06/23/1999","888.63","877.78","897.22","871.67","291.17M","1.45%"
"06/22/1999","875.97","867.94","881.12","861.17","310.90M","0.80%"
"06/21/1999","869.00","843.29","869.70","843.29","242.85M","3.73%"
"06/18/1999","837.73","833.52","850.95","827.21","196.04M","0.66%"
"06/17/1999","832.26","832.64","861.72","832.26","224.40M","0.33%"
"06/16/1999","829.53","805.07","833.52","805.07","175.56M","3.21%"
"06/15/1999","803.72","814.50","823.41","789.82","208.13M","-2.21%"
"06/14/1999","821.91","844.28","844.28","811.02","208.81M","-3.15%"
"06/11/1999","848.61","855.54","867.74","832.80","285.12M","-0.87%"
"06/10/1999","856.06","804.76","856.06","793.15","232.26M","6.55%"
"06/09/1999","803.46","853.21","853.21","803.46","250.99M","-5.87%"
"06/08/1999","853.60","844.39","854.56","830.67","307.69M","1.34%"
"06/07/1999","842.32","805.29","842.32","805.29","260.40M","5.62%"
"06/04/1999","797.50","779.34","801.94","779.34","205.88M","2.48%"
"06/03/1999","778.21","777.68","789.12","759.62","233.43M","0.41%"
"06/02/1999","775.00","754.63","784.73","754.63","235.45M","2.82%"
"06/01/1999","753.72","735.54","761.03","728.34","160.91M","2.40%"
"05/31/1999","736.02","732.43","747.97","732.43","185.91M","0.52%"
"05/28/1999","732.24","728.92","734.98","721.93","206.05M","0.77%"
"05/27/1999","726.66","724.03","742.37","723.07","235.46M","0.92%"
"05/26/1999","720.05","699.35","720.05","693.53","203.93M","3.06%"
"05/25/1999","698.69","694.33","704.01","690.04","153.86M","0.44%"
"05/24/1999","695.60","706.18","708.17","692.03","134.67M","-2.10%"
"05/21/1999","710.49","709.03","715.81","699.64","170.49M","0.27%"
"05/20/1999","708.60","735.40","735.40","704.60","198.03M","-3.59%"
"05/19/1999","734.98","729.49","740.26","726.22","229.01M","0.78%"
"05/18/1999","729.29","717.28","729.29","713.15","169.13M","1.60%"
"05/17/1999","717.83","737.77","737.77","716.42","173.42M","-2.71%"
"05/14/1999","737.83","742.90","758.16","729.70","255.15M","-0.61%"
"05/13/1999","742.37","773.34","774.01","742.37","293.47M","-3.98%"
"05/12/1999","773.13","782.02","787.04","760.89","298.32M","-1.06%"
"05/11/1999","781.41","814.07","820.36","781.39","367.38M","-4.03%"
"05/10/1999","814.24","810.60","818.68","799.78","356.62M","0.45%"
"05/07/1999","810.62","811.39","826.04","806.08","376.25M","0.01%"
"05/06/1999","810.54","774.51","810.59","774.51","383.62M","5.11%"
"05/04/1999","771.17","756.77","776.26","756.77","327.40M","1.94%"
"05/03/1999","756.53","753.65","765.17","747.17","319.73M","0.52%"
"04/30/1999","752.59","753.67","761.78","739.30","314.76M","-0.00%"
"04/29/1999","752.61","788.66","789.93","752.61","332.69M","-4.74%"
"04/28/1999","790.03","792.83","806.41","779.61","392.38M","-0.50%"
"04/27/1999","793.98","777.78","795.94","774.25","372.36M","2.28%"
"04/26/1999","776.30","751.20","778.06","749.89","340.06M","3.37%"
"04/23/1999","750.99","740.75","762.56","740.75","303.24M","1.43%"
"04/22/1999","740.40","743.63","750.35","721.64","268.28M","-0.38%"
"04/21/1999","743.26","769.20","772.67","743.26","336.26M","-3.53%"
"04/20/1999","770.43","767.61","780.73","759.81","340.10M","0.50%"
"04/19/1999","766.59","727.24","766.59","727.24","315.35M","5.72%"
"04/16/1999","725.14","722.00","740.28","718.22","387.94M","0.43%"
"04/15/1999","722.01","687.68","722.03","687.68","370.70M","5.03%"
"04/14/1999","687.41","690.66","695.60","684.75","272.61M","-0.35%"
"04/13/1999","689.80","689.51","701.03","683.09","318.18M","0.02%"
"04/12/1999","689.64","689.37","700.44","681.87","343.32M","0.32%"
"04/09/1999","687.42","682.49","692.02","677.47","342.03M","0.91%"
"04/08/1999","681.19","673.05","683.34","667.15","270.58M","1.16%"
"04/07/1999","673.36","667.31","690.52","667.31","318.90M","0.99%"
"04/06/1999","666.73","647.84","669.28","647.84","269.13M","3.08%"
"04/02/1999","646.78","638.27","651.94","638.27","262.75M","1.55%"
"04/01/1999","636.89","618.99","638.29","616.84","206.11M","2.89%"
"03/31/1999","618.98","618.17","622.91","614.83","165.62M","0.15%"
"03/30/1999","618.05","601.97","619.28","601.97","160.00M","2.82%"
"03/29/1999","601.07","606.65","606.81","596.73","151.17M","-1.43%"
"03/26/1999","609.79","610.96","619.80","609.13","153.96M","-0.21%"
"03/25/1999","611.07","610.89","621.18","604.62","205.01M","-0.07%"
"03/24/1999","611.48","614.20","614.20","603.25","193.84M","-0.47%"
"03/23/1999","614.34","607.97","614.34","603.44","163.81M","1.09%"
"03/22/1999","607.74","604.41","620.53","598.96","196.40M","0.58%"
"03/19/1999","604.22","579.48","606.00","579.48","183.83M","4.36%"
"03/18/1999","578.98","599.39","605.96","578.74","188.12M","-3.59%"
"03/17/1999","600.52","603.22","613.35","598.49","276.95M","-0.22%"
"03/16/1999","601.83","591.91","602.17","587.03","203.42M","1.66%"
"03/15/1999","592.02","591.65","604.82","589.63","234.66M","0.21%"
"03/12/1999","590.80","583.59","593.24","583.45","247.65M","1.51%"
"03/11/1999","582.00","569.33","587.65","568.34","242.64M","2.24%"
"03/10/1999","569.27","572.48","572.48","560.68","157.43M","-0.62%"
"03/09/1999","572.85","572.15","580.58","565.34","217.89M","0.18%"
"03/08/1999","571.84","540.33","573.25","540.33","223.10M","6.25%"
"03/05/1999","538.19","532.08","540.82","525.44","145.30M","1.11%"
"03/04/1999","532.29","534.62","537.03","527.55","119.41M","-0.41%"
"03/03/1999","534.49","534.92","541.10","528.47","130.70M","0.10%"
"03/02/1999","533.97","521.97","543.58","521.97","156.82M","2.67%"
"02/26/1999","520.06","501.27","520.06","501.27","127.01M","4.19%"
"02/25/1999","499.14","497.35","506.90","489.75","129.44M","0.14%"
"02/24/1999","498.42","502.78","509.79","498.42","114.83M","-0.89%"
"02/23/1999","502.88","508.94","515.77","495.69","111.72M","-1.10%"
"02/22/1999","508.49","520.73","520.73","502.89","117.54M","-2.62%"
"02/19/1999","522.18","533.97","533.97","509.14","132.80M","-2.65%"
"02/18/1999","536.41","552.83","556.96","536.16","122.92M","-2.78%"
"02/12/1999","551.77","526.86","551.87","526.86","154.76M","5.30%"
"02/11/1999","523.99","523.99","534.88","523.08","120.33M","-0.10%"
"02/10/1999","524.49","522.64","525.54","507.87","148.32M","0.21%"
"02/09/1999","523.38","543.41","543.41","518.22","129.98M","-4.03%"
"02/08/1999","545.38","552.04","558.88","545.38","135.83M","-1.09%"
"02/05/1999","551.39","550.22","557.94","543.39","143.48M","0.23%"
"02/04/1999","550.15","553.12","558.26","542.94","133.16M","-0.57%"
"02/03/1999","553.33","566.91","566.91","549.95","177.48M","-2.46%"
"02/02/1999","567.28","581.87","583.26","562.37","201.99M","-2.47%"
"02/01/1999","581.67","571.93","582.17","570.34","185.07M","1.79%"
"01/29/1999","571.43","570.69","576.14","563.73","177.93M","-0.01%"
"01/28/1999","571.47","565.28","578.10","565.18","206.55M","1.11%"
"01/27/1999","565.20","532.70","565.20","532.70","191.98M","6.39%"
"01/26/1999","531.23","544.34","562.46","531.20","169.70M","-1.58%"
"01/25/1999","539.76","551.36","557.06","538.35","162.84M","-1.97%"
"01/22/1999","550.58","580.57","580.57","550.58","216.86M","-5.41%"
"01/21/1999","582.04","611.51","611.51","581.88","206.79M","-5.12%"
"01/20/1999","613.43","618.34","627.75","611.74","215.28M","-0.76%"
"01/19/1999","618.12","622.86","631.58","606.52","289.52M","-0.71%"
"01/18/1999","622.52","614.65","630.21","614.65","288.87M","1.29%"
"01/15/1999","614.57","604.32","619.30","600.38","295.54M","1.68%"
"01/14/1999","604.42","631.61","631.61","597.55","316.40M","-4.52%"
"01/13/1999","633.03","631.29","640.05","622.37","326.84M","0.29%"
"01/12/1999","631.19","644.24","651.95","621.67","313.90M","-1.52%"
"01/11/1999","640.95","627.14","642.02","627.14","336.98M","2.33%"
"01/08/1999","626.33","637.24","642.54","625.56","292.23M","-1.77%"
"01/07/1999","637.59","615.24","638.41","615.24","299.02M","4.12%"
"01/06/1999","612.36","600.14","612.38","596.55","260.32M","2.31%"
"01/05/1999","598.55","588.32","599.90","585.71","252.58M","1.87%"
"01/04/1999","587.57","565.10","600.45","565.10","198.37M","4.46%"
"12/28/1998","562.46","557.09","571.02","556.96","248.46M","1.28%"
"12/24/1998","555.36","554.58","561.47","547.80","231.84M","0.33%"
"12/23/1998","553.53","551.83","564.21","545.30","231.04M","1.06%"
"12/22/1998","547.75","565.06","572.86","546.03","304.13M","-3.10%"
"12/21/1998","565.27","527.06","565.27","527.06","258.94M","7.70%"
"12/18/1998","524.85","528.30","537.56","515.74","234.48M","-0.76%"
"12/17/1998","528.89","544.44","544.44","518.57","243.99M","-3.13%"
"12/16/1998","545.97","579.42","599.32","539.55","394.14M","-5.84%"
"12/15/1998","579.86","560.04","586.11","554.20","331.14M","3.68%"
"12/14/1998","559.30","555.03","570.54","541.26","330.02M","0.74%"
"12/11/1998","555.17","568.02","576.14","551.67","335.46M","-2.19%"
"12/10/1998","567.61","526.85","568.80","526.85","357.47M","7.80%"
"12/09/1998","526.52","509.96","526.52","509.96","304.74M","3.27%"
"12/08/1998","509.85","512.55","541.23","505.35","329.46M","-0.91%"
"12/07/1998","514.52","491.09","518.22","491.09","328.26M","4.85%"
"12/05/1998","490.71","469.63","496.13","469.63","180.55M","5.23%"
"12/04/1998","466.34","449.15","466.34","446.82","244.84M","4.07%"
"12/03/1998","448.11","447.87","455.66","447.87","206.90M","0.39%"
"12/02/1998","446.35","446.17","449.60","442.14","206.68M","0.09%"
"12/01/1998","445.96","451.85","451.85","438.42","191.71M","-1.31%"
"11/30/1998","451.88","455.44","461.16","450.31","238.35M","-0.83%"
"11/28/1998","455.66","447.06","457.00","447.06","136.74M","1.94%"
"11/27/1998","447.00","445.97","450.29","439.19","167.64M","0.09%"
"11/26/1998","446.59","462.95","465.23","446.59","213.50M","-3.75%"
"11/25/1998","464.01","461.27","467.13","457.87","220.86M","0.70%"
"11/24/1998","460.78","454.50","466.34","454.50","187.20M","1.50%"
"11/23/1998","453.95","452.91","458.17","446.40","186.10M","-0.75%"
"11/21/1998","457.40","453.55","459.50","448.18","113.33M","0.99%"
"11/20/1998","452.93","443.34","464.12","440.87","243.19M","2.69%"
"11/19/1998","441.06","422.00","441.06","422.00","185.42M","4.09%"
"11/18/1998","423.74","425.78","428.33","420.64","162.22M","-0.16%"
"11/17/1998","424.43","423.59","432.30","423.59","166.98M","0.53%"
"11/16/1998","422.21","418.61","426.07","412.56","166.95M","1.93%"
"11/14/1998","414.22","404.75","414.71","404.75","108.39M","2.45%"
"11/13/1998","404.30","402.61","405.37","396.51","122.67M","0.19%"
"11/12/1998","403.52","402.70","407.63","400.72","132.65M","0.70%"
"11/11/1998","400.70","401.60","406.72","393.98","143.35M","-0.63%"
"11/10/1998","403.24","423.20","423.20","403.24","207.00M","-5.00%"
"11/09/1998","424.45","416.74","424.45","413.06","205.81M","1.77%"
"11/07/1998","417.06","416.80","420.39","412.07","128.04M","0.18%"
"11/06/1998","416.30","419.34","436.12","416.07","233.51M","-0.45%"
"11/05/1998","418.20","415.45","420.46","410.54","204.12M","1.14%"
"11/04/1998","413.47","407.50","413.49","401.79","152.81M","1.43%"
"11/03/1998","407.64","405.12","416.10","402.70","163.45M","0.75%"
"11/02/1998","404.61","406.97","410.84","403.02","145.80M","0.29%"
"10/31/1998","403.44","392.41","404.62","392.41","100.37M","4.86%"
"10/30/1998","384.75","373.23","389.06","373.23","119.63M","3.90%"
"10/29/1998","370.30","365.11","374.31","363.68","96.93M","1.76%"
"10/28/1998","363.91","360.58","367.70","359.12","93.46M","0.97%"
"10/27/1998","360.43","371.57","371.57","353.69","93.82M","-3.45%"
"10/26/1998","373.32","380.60","380.60","372.10","92.89M","-1.97%"
"10/24/1998","380.81","379.07","383.68","379.07","72.46M","0.52%"
"10/23/1998","378.83","383.13","384.84","374.14","125.78M","-0.96%"
"10/22/1998","382.52","380.33","388.16","378.82","139.24M","0.45%"
"10/21/1998","380.80","390.41","394.59","379.52","167.87M","-1.94%"
"10/20/1998","388.35","372.87","388.35","370.19","122.52M","3.85%"
"10/19/1998","373.97","385.12","387.33","371.25","129.13M","-2.48%"
"10/17/1998","383.47","374.05","383.47","374.05","71.94M","2.53%"
"10/16/1998","374.01","375.34","385.03","370.28","143.56M","1.43%"
"10/15/1998","368.74","347.99","369.04","347.99","135.82M","6.53%"
"10/14/1998","346.13","347.25","347.96","340.03","98.00M","0.01%"
"10/13/1998","346.08","352.77","358.31","344.91","136.35M","-1.73%"
"10/12/1998","352.17","339.71","353.54","336.12","135.19M","4.06%"
"10/10/1998","338.43","331.66","340.93","331.66","81.34M","3.19%"
"10/09/1998","327.96","310.37","328.61","310.37","113.29M","7.45%"
"10/08/1998","305.22","315.41","320.97","305.22","93.09M","-2.64%"
"10/07/1998","313.49","309.84","315.98","309.84","70.44M","1.70%"
"10/02/1998","308.25","304.78","308.44","302.71","68.48M","0.85%"
"10/01/1998","305.64","309.52","309.52","304.30","61.36M","-1.51%"
"09/30/1998","310.32","311.97","313.51","308.96","74.74M","-0.64%"
"09/29/1998","312.33","305.78","312.36","305.14","61.60M","2.16%"
"09/28/1998","305.73","307.82","312.92","305.38","53.97M","-0.19%"
"09/26/1998","306.30","303.94","306.30","302.83","41.90M","0.83%"
"09/25/1998","303.79","309.97","309.97","302.58","58.29M","-2.24%"
"09/24/1998","310.75","293.48","310.75","293.48","80.55M","6.45%"
"09/23/1998","291.93","291.81","292.83","287.46","52.48M","-0.23%"
"09/22/1998","292.61","297.10","299.65","292.58","56.45M","-1.63%"
"09/21/1998","297.45","301.25","301.25","295.63","61.09M","-1.25%"
"09/19/1998","301.23","300.23","301.79","298.12","38.93M","-0.32%"
"09/18/1998","302.21","308.31","308.31","299.17","68.68M","-2.79%"
"09/17/1998","310.88","313.39","315.00","310.88","67.34M","-0.73%"
"09/16/1998","313.17","310.42","314.82","310.42","63.60M","0.93%"
"09/15/1998","310.29","313.91","315.45","307.27","86.43M","-1.26%"
"09/14/1998","314.24","319.24","319.24","313.84","77.56M","-1.90%"
"09/12/1998","320.33","320.57","321.34","317.71","49.87M","-0.09%"
"09/11/1998","320.61","329.24","329.24","320.61","79.42M","-5.41%"
"09/10/1998","338.95","329.27","338.95","326.86","105.87M","2.96%"
"09/09/1998","329.22","327.43","329.97","324.11","91.64M","0.88%"
"09/08/1998","326.35","329.76","334.42","324.77","86.31M","-0.57%"
"09/07/1998","328.22","316.41","328.22","316.41","89.80M","3.92%"
"09/05/1998","315.83","314.48","316.03","313.89","40.95M","0.51%"
"09/04/1998","314.22","314.47","318.73","314.06","72.66M","-0.18%"
"09/03/1998","314.78","314.95","315.97","311.58","83.73M","0.12%"
"09/02/1998","314.40","311.42","317.19","311.42","84.37M","1.51%"
"09/01/1998","309.71","309.74","312.66","306.12","81.78M","-0.15%"
"08/31/1998","310.16","307.52","311.70","307.37","75.23M","1.76%"
"08/29/1998","304.79","307.30","307.30","304.12","48.32M","-1.46%"
"08/28/1998","309.32","308.98","309.32","302.63","79.41M","-1.47%"
"08/27/1998","313.92","317.13","317.13","311.57","81.26M","-1.15%"
"08/26/1998","317.56","311.07","319.73","311.07","93.22M","2.36%"
"08/25/1998","310.23","305.29","313.30","305.29","72.71M","1.66%"
"08/24/1998","305.15","305.39","308.23","302.30","61.77M","-0.06%"
"08/22/1998","305.33","315.58","315.58","303.62","46.10M","-3.57%"
"08/21/1998","316.62","317.60","319.41","313.91","94.04M","0.01%"
"08/20/1998","316.59","303.19","317.64","301.76","91.66M","4.87%"
"08/19/1998","301.90","294.13","303.07","294.13","77.47M","3.69%"
"08/18/1998","291.15","296.64","296.64","288.06","79.56M","-3.47%"
"08/17/1998","301.62","304.40","305.77","301.62","63.64M","-0.98%"
"08/14/1998","304.61","302.73","305.79","297.33","69.18M","0.53%"
"08/13/1998","303.01","305.38","308.04","302.59","72.53M","-0.77%"
"08/12/1998","305.35","309.37","309.37","301.74","67.36M","-1.90%"
"08/11/1998","311.25","312.52","318.92","311.25","72.03M","-0.22%"
"08/10/1998","311.95","314.46","315.79","308.37","75.87M","-0.75%"
"08/08/1998","314.31","320.78","320.78","314.31","48.83M","-2.30%"
"08/07/1998","321.71","320.66","324.22","319.52","75.82M","0.36%"
"08/06/1998","320.57","320.31","324.37","318.10","85.47M","-0.70%"
"08/05/1998","322.83","333.82","335.36","317.22","91.42M","-3.11%"
"08/04/1998","333.20","328.10","335.10","326.34","75.55M","1.13%"
"08/03/1998","329.47","336.12","338.71","329.44","83.78M","-2.38%"
"08/01/1998","337.49","341.85","341.85","336.55","68.30M","-1.70%"
"07/31/1998","343.33","346.05","349.05","340.03","133.08M","-0.46%"
"07/30/1998","344.91","343.97","346.92","339.35","94.24M","0.15%"
"07/29/1998","344.41","337.13","354.34","337.13","112.49M","2.71%"
"07/28/1998","335.33","329.98","335.33","329.98","67.79M","1.68%"
"07/27/1998","329.80","328.83","332.72","323.90","76.28M","0.41%"
"07/25/1998","328.44","340.34","340.78","327.89","68.79M","-4.46%"
"07/24/1998","343.79","340.91","347.96","334.26","113.73M","0.68%"
"07/23/1998","341.46","362.49","366.57","341.46","120.83M","-5.69%"
"07/22/1998","362.07","364.74","366.04","357.63","159.60M","-0.74%"
"07/21/1998","364.76","366.76","374.08","364.24","134.94M","-0.12%"
"07/20/1998","365.18","348.64","365.18","345.80","121.26M","6.10%"
"07/18/1998","344.18","333.13","353.22","333.13","76.19M","4.19%"
"07/16/1998","330.35","314.68","330.35","314.68","82.18M","5.40%"
"07/15/1998","313.42","307.99","316.10","307.99","81.68M","2.18%"
"07/14/1998","306.73","301.91","306.79","301.91","59.45M","1.78%"
"07/13/1998","301.37","303.74","304.91","299.68","55.54M","-1.18%"
"07/11/1998","304.97","307.34","307.34","302.98","43.22M","-1.39%"
"07/10/1998","309.28","319.30","320.76","306.41","81.85M","-3.05%"
"07/09/1998","319.02","319.90","323.66","316.62","85.58M","0.07%"
"07/08/1998","318.79","321.49","323.40","318.01","85.56M","0.41%"
"07/07/1998","317.50","310.48","319.97","310.48","76.11M","2.55%"
"07/06/1998","309.61","306.12","310.57","305.06","61.51M","0.57%"
"07/04/1998","307.85","308.50","311.82","307.07","48.47M","-0.22%"
"07/03/1998","308.53","312.12","316.09","306.37","64.54M","-1.04%"
"07/02/1998","311.77","315.24","321.40","309.84","88.64M","-1.20%"
"07/01/1998","315.56","298.01","318.74","298.01","100.13M","5.94%"
"06/30/1998","297.88","296.38","299.29","293.45","52.65M","-0.24%"
"06/29/1998","298.60","302.80","305.45","296.28","65.49M","-1.09%"
"06/27/1998","301.90","299.20","302.37","298.66","33.99M","1.13%"
"06/26/1998","298.54","299.87","305.13","297.94","60.78M","-0.68%"
"06/25/1998","300.57","299.56","301.42","294.93","62.09M","-0.38%"
"06/24/1998","301.72","300.32","304.09","296.27","74.14M","-0.52%"
"06/23/1998","303.31","308.39","308.39","299.28","56.46M","-2.56%"
"06/22/1998","311.27","316.16","319.55","311.27","60.83M","-1.42%"
"06/20/1998","315.75","314.69","317.44","309.59","43.64M","0.79%"
"06/19/1998","313.26","323.05","324.26","308.99","79.47M","-3.76%"
"06/18/1998","325.49","310.12","330.14","310.12","115.40M","7.14%"
"06/17/1998","303.81","287.98","303.81","287.98","78.08M","8.50%"
"06/16/1998","280.00","283.41","291.01","277.37","69.41M","-2.85%"
"06/15/1998","288.21","300.69","303.61","288.21","53.37M","-4.82%"
"06/13/1998","302.81","299.71","306.66","297.24","38.39M","0.24%"
"06/12/1998","302.09","318.31","318.31","301.10","73.66M","-8.10%"
"06/11/1998","328.70","323.14","328.70","317.54","69.63M","1.28%"
"06/10/1998","324.54","341.79","344.37","324.54","79.71M","-4.33%"
"06/09/1998","339.22","344.20","344.20","334.19","76.62M","-1.93%"
"06/08/1998","345.88","345.38","353.29","345.38","78.78M","1.27%"
"06/05/1998","341.53","334.01","341.53","333.37","78.30M","2.73%"
"06/03/1998","332.46","324.82","332.61","324.82","85.65M","2.58%"
"06/02/1998","324.10","335.48","335.48","323.67","67.70M","-3.74%"
"06/01/1998","336.70","334.10","342.11","333.01","83.73M","1.41%"
"05/30/1998","332.03","338.20","339.59","330.75","48.61M","-1.37%"
"05/29/1998","336.63","323.77","337.89","323.77","70.26M","4.19%"
"05/28/1998","323.09","313.81","331.93","309.57","72.17M","3.07%"
"05/27/1998","313.48","313.84","313.84","301.22","59.78M","0.48%"
"05/26/1998","311.99","324.96","324.96","308.46","48.02M","-6.00%"
"05/25/1998","331.90","353.40","353.40","331.75","51.99M","-6.78%"
"05/23/1998","356.05","354.84","359.11","354.84","34.71M","0.67%"
"05/22/1998","353.67","361.09","361.09","352.23","62.10M","-2.38%"
"05/21/1998","362.30","370.55","375.46","362.30","93.02M","-1.86%"
"05/20/1998","369.17","364.06","374.97","364.06","79.14M","1.83%"
"05/19/1998","362.53","360.16","362.53","355.02","63.49M","0.98%"
"05/18/1998","359.00","353.38","361.85","353.38","56.78M","1.90%"
"05/16/1998","352.32","347.36","355.56","342.00","36.00M","-0.14%"
"05/15/1998","352.83","361.69","367.45","350.95","63.63M","-2.79%"
"05/14/1998","362.94","354.69","372.83","349.07","89.18M","1.78%"
"05/13/1998","356.58","349.38","360.14","344.57","55.30M","1.34%"
"05/12/1998","351.86","356.55","356.80","348.61","43.84M","-2.69%"
"05/11/1998","361.58","372.29","372.29","361.58","39.31M","-3.52%"
"05/09/1998","374.76","373.64","376.85","372.21","26.57M","0.46%"
"05/08/1998","373.04","376.46","379.63","368.57","47.57M","-1.69%"
"05/07/1998","379.47","376.11","380.45","369.95","50.12M","0.86%"
"05/06/1998","376.23","388.80","388.80","374.53","44.19M","-3.97%"
"05/04/1998","391.80","401.53","401.53","389.82","41.59M","-3.62%"
"05/02/1998","406.53","418.64","418.64","406.53","27.79M","-3.49%"
"04/30/1998","421.22","418.31","423.47","414.61","48.91M","1.00%"
"04/29/1998","417.05","403.34","418.47","401.19","47.13M","3.64%"
"04/28/1998","402.39","406.16","407.51","399.48","40.16M","-0.95%"
"04/27/1998","406.25","411.59","413.85","406.06","44.76M","-1.31%"
"04/25/1998","411.63","414.23","416.48","409.52","29.52M","-0.71%"
"04/24/1998","414.56","416.21","429.48","412.34","55.07M","-0.48%"
"04/23/1998","416.54","428.76","428.76","414.29","44.56M","-3.54%"
"04/22/1998","431.81","437.97","444.01","431.81","41.59M","-1.68%"
"04/21/1998","439.21","434.08","441.17","429.33","40.34M","0.80%"
"04/20/1998","435.73","441.22","444.22","434.44","35.67M","-1.35%"
"04/18/1998","441.68","452.36","457.99","441.68","29.52M","-1.90%"
"04/17/1998","450.23","450.53","454.38","446.46","37.03M","-0.86%"
"04/16/1998","454.15","465.90","465.90","447.35","44.62M","-2.93%"
"04/15/1998","467.87","466.94","470.61","462.02","45.66M","0.05%"
"04/14/1998","467.63","491.19","491.19","467.07","52.93M","-5.51%"
"04/13/1998","494.89","488.84","498.71","486.13","69.82M","0.87%"
"04/11/1998","490.63","470.86","490.84","470.86","43.79M","4.77%"
"04/10/1998","468.29","467.23","470.05","463.73","54.04M","0.04%"
"04/09/1998","468.11","467.99","475.03","465.49","60.73M","2.76%"
"04/08/1998","455.53","458.96","465.82","455.11","61.93M","-0.88%"
"04/07/1998","459.58","437.71","459.58","437.71","58.96M","5.43%"
"04/06/1998","435.92","441.08","441.88","431.87","50.07M","-1.48%"
"04/04/1998","442.45","431.44","447.22","425.37","43.69M","1.84%"
"04/03/1998","434.45","449.64","450.74","421.92","63.22M","-4.23%"
"04/02/1998","453.66","464.87","466.34","450.25","61.02M","-3.11%"
"04/01/1998","468.22","482.88","482.88","468.22","56.16M","-2.67%"
"03/31/1998","481.04","482.91","490.31","481.04","59.44M","-0.27%"
"03/30/1998","482.33","493.05","493.05","479.52","59.03M","-2.81%"
"03/28/1998","496.26","502.47","505.50","496.26","49.45M","-1.36%"
"03/27/1998","503.08","501.20","503.08","493.95","62.86M","0.39%"
"03/26/1998","501.13","508.89","508.89","498.43","71.79M","-1.77%"
"03/25/1998","510.14","509.25","512.85","503.74","73.88M","0.34%"
"03/24/1998","508.43","512.80","513.37","506.10","73.46M","-0.68%"
"03/23/1998","511.90","521.91","522.84","511.89","76.17M","-1.86%"
"03/21/1998","521.62","525.03","525.03","519.35","47.73M","-0.82%"
"03/20/1998","525.95","522.38","530.40","522.38","68.52M","0.81%"
"03/19/1998","521.73","518.00","525.12","518.00","65.27M","0.70%"
"03/18/1998","518.08","516.00","526.77","510.87","67.84M","0.50%"
"03/17/1998","515.51","528.54","528.54","513.44","74.52M","-2.53%"
"03/16/1998","528.88","535.60","539.54","528.87","73.11M","-0.88%"
"03/14/1998","533.56","535.41","540.37","531.40","53.43M","-0.48%"
"03/13/1998","536.16","537.84","540.09","521.80","86.42M","0.06%"
"03/12/1998","535.84","534.95","544.59","534.54","70.50M","0.90%"
"03/11/1998","531.05","522.06","540.94","518.31","70.23M","1.04%"
"03/10/1998","525.56","507.82","525.56","501.84","58.36M","3.52%"
"03/09/1998","507.71","526.40","531.53","507.71","57.51M","-3.47%"
"03/07/1998","525.98","525.60","531.13","521.47","43.85M","0.66%"
"03/06/1998","522.55","530.76","535.63","517.06","78.37M","-2.45%"
"03/05/1998","535.68","570.13","570.13","535.68","94.27M","-6.47%"
"03/04/1998","572.76","570.33","572.76","553.25","86.37M","0.33%"
"03/03/1998","570.89","577.24","591.70","567.55","108.86M","-0.60%"
"03/02/1998","574.35","562.66","581.12","562.64","99.93M","2.75%"
"02/28/1998","558.98","553.64","566.24","553.64","63.39M","1.93%"
"02/27/1998","548.42","527.40","551.19","527.40","85.91M","4.46%"
"02/26/1998","524.98","516.72","531.41","507.59","71.75M","1.67%"
"02/25/1998","516.38","539.38","547.79","516.10","81.90M","-4.53%"
"02/24/1998","540.89","541.58","546.33","534.07","76.97M","-0.40%"
"02/23/1998","543.06","537.55","553.53","537.55","83.46M","2.67%"
"02/21/1998","528.95","520.29","529.88","512.88","55.97M","1.31%"
"02/20/1998","522.13","518.71","536.63","518.71","83.92M","1.69%"
"02/19/1998","513.45","488.56","516.69","488.56","77.96M","5.27%"
"02/18/1998","487.73","475.16","492.71","472.62","68.78M","3.39%"
"02/17/1998","471.73","475.88","475.88","462.26","58.91M","-1.10%"
"02/16/1998","476.98","482.93","486.99","469.86","69.37M","-1.47%"
"02/14/1998","484.12","504.99","504.99","482.87","49.57M","-4.36%"
"02/13/1998","506.20","519.47","529.14","506.20","91.69M","-1.23%"
"02/12/1998","512.49","516.50","516.50","497.27","78.10M","-1.47%"
"02/11/1998","520.14","539.22","539.22","511.81","82.99M","-3.99%"
"02/10/1998","541.77","554.83","558.65","538.37","86.16M","-2.25%"
"02/09/1998","554.24","543.08","557.96","542.92","90.84M","2.13%"
"02/07/1998","542.70","538.28","545.48","534.21","55.17M","0.42%"
"02/06/1998","540.45","539.31","553.11","534.76","104.08M","2.35%"
"02/05/1998","528.05","546.74","549.17","524.38","95.22M","-3.51%"
"02/04/1998","547.28","552.97","560.86","545.79","100.25M","-0.53%"
"02/03/1998","550.21","547.70","564.13","539.68","104.60M","1.20%"
"02/02/1998","543.68","556.58","556.58","534.39","97.97M","-4.18%"
"01/31/1998","567.38","566.84","587.99","562.53","91.61M","1.62%"
"01/30/1998","558.33","528.48","558.34","528.48","61.28M","7.65%"
"01/26/1998","518.64","512.61","522.50","512.13","80.84M","1.79%"
"01/24/1998","509.53","488.37","510.08","488.37","64.22M","4.66%"
"01/23/1998","486.86","483.47","492.67","474.77","87.53M","0.59%"
"01/22/1998","483.99","503.99","510.87","483.99","110.81M","-4.47%"
"01/21/1998","506.66","529.82","529.82","504.07","131.18M","-5.04%"
"01/20/1998","533.55","529.25","543.46","520.49","127.84M","0.90%"
"01/19/1998","528.77","502.31","528.80","502.31","151.16M","6.63%"
"01/17/1998","495.91","491.12","498.23","478.05","86.77M","1.60%"
"01/16/1998","488.10","512.27","532.43","485.83","200.06M","-3.53%"
"01/15/1998","505.98","479.55","506.52","479.55","129.19M","6.49%"
"01/14/1998","475.13","466.00","482.84","463.81","128.20M","2.46%"
"01/13/1998","463.74","456.00","466.59","450.01","111.80M","1.65%"
"01/12/1998","456.20","444.07","461.56","444.07","113.06M","3.50%"
"01/10/1998","440.78","417.93","440.78","417.93","78.20M","6.47%"
"01/09/1998","414.00","420.77","420.92","408.31","85.27M","-2.35%"
"01/08/1998","423.96","409.88","424.81","403.08","90.01M","3.55%"
"01/07/1998","409.42","407.69","424.01","407.22","97.66M","0.76%"
"01/06/1998","406.34","396.84","406.39","395.89","74.79M","2.48%"
"01/05/1998","396.49","389.08","403.93","389.08","98.42M","2.85%"
"01/03/1998","385.49","374.41","385.49","372.37","35.65M","2.44%"
"12/27/1997","376.31","375.32","377.65","367.48","83.49M","0.31%"
"12/26/1997","375.15","359.65","376.84","359.65","68.62M","6.74%"
"12/24/1997","351.45","361.32","361.32","343.32","85.78M","-4.07%"
"12/23/1997","366.36","391.27","391.27","366.32","85.90M","-7.50%"
"12/22/1997","396.06","402.12","409.04","395.44","75.21M","-1.03%"
"12/20/1997","400.19","393.36","408.02","379.55","77.49M","0.80%"
"12/19/1997","397.02","416.11","420.14","396.59","99.34M","-5.13%"
"12/17/1997","418.49","404.48","422.52","398.97","111.33M","3.52%"
"12/16/1997","404.26","393.92","413.12","393.92","100.69M","4.78%"
"12/15/1997","385.80","367.04","385.95","367.04","79.45M","7.22%"
"12/13/1997","359.82","345.87","366.40","338.94","69.32M","2.61%"
"12/12/1997","350.68","362.65","362.65","350.68","43.94M","-7.07%"
"12/11/1997","377.37","398.06","398.06","376.19","78.04M","-5.62%"
"12/10/1997","399.85","396.33","405.46","380.46","87.19M","3.05%"
"12/09/1997","388.00","410.13","410.13","387.93","81.34M","-6.47%"
"12/08/1997","414.83","432.78","438.55","414.63","98.11M","-4.80%"
"12/06/1997","435.73","435.27","443.51","417.70","111.95M","0.37%"
"12/05/1997","434.12","417.43","436.50","417.43","92.19M","6.98%"
"12/04/1997","405.81","383.06","406.01","383.06","111.19M","6.99%"
"12/03/1997","379.31","369.01","379.45","356.82","88.23M","0.65%"
"12/02/1997","376.87","389.12","389.12","367.34","40.90M","-4.14%"
"12/01/1997","393.16","405.52","412.15","393.16","46.92M","-3.60%"
"11/29/1997","407.86","404.64","408.04","391.13","32.70M","-0.98%"
"11/28/1997","411.91","430.25","430.25","407.22","48.61M","-4.89%"
"11/27/1997","433.10","439.05","445.56","432.83","57.82M","-1.28%"
"11/26/1997","438.70","436.45","444.32","429.51","63.37M","-0.20%"
"11/25/1997","439.59","441.66","448.11","423.69","56.77M","-2.45%"
"11/24/1997","450.64","477.09","477.09","450.01","33.15M","-7.17%"
"11/22/1997","485.43","506.20","508.41","485.43","44.59M","-4.08%"
"11/21/1997","506.07","493.43","506.07","483.24","69.90M","3.62%"
"11/20/1997","488.41","504.94","505.71","475.86","56.87M","-2.82%"
"11/19/1997","502.59","494.74","502.59","482.95","44.17M","1.60%"
"11/18/1997","494.66","489.69","500.49","476.30","48.76M","-0.47%"
"11/17/1997","496.98","517.65","526.12","495.41","44.74M","-4.31%"
"11/15/1997","519.37","522.06","525.64","519.18","31.28M","-0.12%"
"11/14/1997","520.01","519.14","522.76","509.53","46.99M","0.10%"
"11/13/1997","519.47","521.46","529.78","515.57","60.38M","0.38%"
"11/12/1997","517.49","521.33","521.33","507.22","41.75M","-0.88%"
"11/11/1997","522.11","521.62","537.95","509.43","57.48M","-0.61%"
"11/10/1997","525.32","501.45","526.60","501.45","62.35M","5.98%"
"11/08/1997","495.70","504.71","504.71","479.61","47.67M","-3.87%"
"11/07/1997","515.63","554.38","554.74","514.94","76.97M","-6.90%"
"11/06/1997","553.87","555.21","558.25","544.53","64.52M","-0.34%"
"11/05/1997","555.74","547.33","565.16","546.30","86.41M","2.51%"
"11/04/1997","542.13","514.08","542.86","514.08","62.86M","5.96%"
"11/03/1997","511.66","497.11","517.68","487.67","64.80M","2.90%"
"11/01/1997","497.22","472.35","497.35","468.80","41.11M","5.61%"
"10/31/1997","470.79","476.08","476.94","462.83","50.66M","-2.95%"
"10/30/1997","485.08","499.65","502.19","480.54","63.56M","-4.26%"
"10/29/1997","506.64","500.05","519.07","486.64","59.50M","2.29%"
"10/28/1997","495.28","522.39","522.39","492.30","45.58M","-6.63%"
"10/27/1997","530.47","549.31","557.57","529.12","36.79M","-3.28%"
"10/25/1997","548.47","567.71","567.71","541.52","30.12M","-3.93%"
"10/24/1997","570.91","596.33","596.33","569.80","49.95M","-5.49%"
"10/23/1997","604.06","602.99","614.62","593.96","62.35M","0.46%"
"10/22/1997","601.32","569.47","601.93","569.47","45.57M","6.08%"
"10/21/1997","566.85","559.77","582.85","554.58","46.33M","0.21%"
"10/20/1997","565.64","584.59","585.40","561.00","33.00M","-3.26%"
"10/18/1997","584.71","586.62","589.22","578.59","21.02M","-0.13%"
"10/17/1997","585.49","577.87","592.84","564.47","41.33M","1.08%"
"10/16/1997","579.25","598.13","598.13","573.43","32.42M","-4.22%"
"10/15/1997","604.74","621.50","621.51","602.82","26.04M","-2.57%"
"10/14/1997","620.68","619.67","627.33","617.23","23.91M","1.25%"
"10/13/1997","613.00","618.22","619.34","611.83","20.82M","-1.17%"
"10/11/1997","620.23","609.90","620.71","609.90","14.58M","1.70%"
"10/10/1997","609.84","612.82","616.98","607.39","24.04M","0.08%"
"10/09/1997","609.36","607.49","616.54","601.13","28.63M","-0.18%"
"10/08/1997","610.44","627.68","627.80","610.19","29.03M","-3.11%"
"10/07/1997","630.03","642.25","642.25","629.46","26.92M","-2.20%"
"10/06/1997","644.21","644.68","655.04","644.13","31.22M","-0.30%"
"10/04/1997","646.15","634.61","646.46","632.93","15.66M","1.49%"
"10/02/1997","636.65","644.44","647.70","633.70","27.85M","-1.28%"
"10/01/1997","644.92","646.86","654.05","644.92","33.75M","-0.34%"
"09/30/1997","647.11","623.93","647.11","623.31","32.72M","3.53%"
"09/29/1997","625.07","625.44","633.02","622.03","26.69M","-0.69%"
"09/27/1997","629.42","637.54","637.54","629.00","19.20M","-1.39%"
"09/26/1997","638.26","644.38","645.96","637.29","28.79M","-1.35%"
"09/25/1997","647.00","655.22","658.78","643.31","32.95M","-1.33%"
"09/24/1997","655.75","653.80","658.58","645.49","32.24M","0.21%"
"09/23/1997","654.37","666.56","666.56","654.37","26.55M","-2.11%"
"09/22/1997","668.45","678.77","682.23","666.95","29.34M","-1.69%"
"09/20/1997","679.97","688.59","688.59","678.17","18.42M","-1.33%"
"09/19/1997","689.16","700.57","700.57","689.16","29.22M","-1.74%"
"09/18/1997","701.39","700.81","705.20","700.81","26.44M","0.24%"
"09/13/1997","699.74","698.82","701.44","697.51","15.58M","0.06%"
"09/12/1997","699.33","694.47","699.75","693.61","30.48M","0.57%"
"09/11/1997","695.37","690.50","695.37","687.69","27.14M","0.54%"
"09/10/1997","691.62","687.52","691.62","685.65","27.50M","0.38%"
"09/09/1997","688.97","694.83","694.83","687.75","31.13M","-1.29%"
"09/08/1997","697.98","703.46","703.65","696.05","33.60M","-0.70%"
"09/06/1997","702.91","701.42","702.91","697.52","20.67M","0.28%"
"09/05/1997","700.92","688.04","701.36","686.99","32.88M","1.88%"
"09/04/1997","687.99","687.37","690.19","682.22","28.77M","-0.09%"
"09/03/1997","688.63","690.73","697.44","687.31","36.20M","-0.02%"
"09/02/1997","688.78","679.09","688.78","671.09","33.17M","0.96%"
"09/01/1997","682.20","691.80","697.38","682.10","32.27M","-1.89%"
"08/30/1997","695.37","701.08","701.08","688.27","23.04M","-1.26%"
"08/29/1997","704.27","714.97","718.61","704.27","38.76M","-1.76%"
"08/28/1997","716.86","729.86","731.36","716.60","38.33M","-1.84%"
"08/27/1997","730.28","732.55","735.73","730.24","32.74M","-0.51%"
"08/26/1997","734.03","740.77","740.77","731.55","31.36M","-1.04%"
"08/25/1997","741.76","744.04","746.99","739.99","34.92M","-0.11%"
"08/23/1997","742.58","739.23","742.80","738.96","23.01M","0.81%"
"08/22/1997","736.62","738.92","742.28","729.72","36.24M","-0.39%"
"08/21/1997","739.47","745.75","746.69","739.42","33.90M","-0.91%"
"08/20/1997","746.23","741.16","749.31","735.37","34.92M","0.67%"
"08/19/1997","741.29","746.46","747.45","737.54","31.61M","-0.80%"
"08/18/1997","747.29","747.84","749.81","745.37","28.98M","-0.15%"
"08/16/1997","748.41","754.54","754.54","748.20","20.97M","-0.98%"
"08/14/1997","755.78","762.78","762.78","753.66","35.89M","-0.91%"
"08/13/1997","762.73","762.99","766.52","760.94","33.37M","-0.02%"
"08/12/1997","762.92","766.26","766.70","761.80","35.27M","-0.28%"
"08/11/1997","765.07","762.77","766.48","762.36","35.61M","0.56%"
"08/09/1997","760.84","754.07","764.81","753.31","30.27M","1.17%"
"08/08/1997","752.01","745.97","752.01","745.91","33.99M","0.89%"
"08/07/1997","745.35","746.38","748.97","743.40","34.19M","-0.04%"
"08/06/1997","745.65","740.04","745.65","739.68","34.07M","0.65%"
"08/05/1997","740.86","734.37","740.91","733.66","33.66M","0.91%"
"08/04/1997","734.19","729.66","734.69","729.24","25.77M","0.51%"
"08/02/1997","730.43","731.46","732.33","728.43","18.20M","-0.14%"
"08/01/1997","731.45","726.84","735.17","726.79","28.98M","0.73%"
"07/31/1997","726.12","724.78","726.12","721.40","25.83M","-0.11%"
"07/30/1997","726.89","733.63","736.28","726.06","25.48M","-0.79%"
"07/29/1997","732.68","733.68","734.63","731.41","29.19M","-0.17%"
"07/28/1997","733.92","732.56","738.13","730.91","28.29M","0.22%"
"07/26/1997","732.32","733.08","735.12","730.08","20.11M","-0.18%"
"07/25/1997","733.64","739.82","746.87","733.59","43.34M","-0.73%"
"07/24/1997","739.04","729.42","739.04","724.92","40.26M","1.16%"
"07/23/1997","730.58","723.56","730.78","721.67","31.78M","0.63%"
"07/22/1997","725.98","740.89","741.15","723.46","34.68M","-2.02%"
"07/21/1997","740.93","741.02","747.52","736.32","27.87M","-0.16%"
"07/19/1997","742.15","747.45","747.90","739.92","24.49M","-0.70%"
"07/18/1997","747.37","737.23","748.06","736.71","40.98M","1.03%"
"07/16/1997","739.72","750.35","750.35","737.59","44.02M","-2.03%"
"07/15/1997","755.05","762.93","764.20","748.47","42.04M","-1.23%"
"07/14/1997","764.45","767.17","770.73","763.61","40.02M","-0.37%"
"07/12/1997","767.27","768.43","769.44","765.75","26.13M","-0.13%"
"07/11/1997","768.30","766.91","771.08","762.71","39.44M","0.07%"
"07/10/1997","767.77","771.99","773.17","765.50","38.28M","-0.55%"
"07/09/1997","771.99","768.26","772.24","763.97","39.45M","0.55%"
"07/08/1997","767.74","773.00","774.00","761.57","39.55M","-0.75%"
"07/07/1997","773.51","777.70","777.75","772.14","38.44M","-0.74%"
"07/05/1997","779.24","781.50","783.11","778.88","29.89M","-0.31%"
"07/04/1997","781.70","776.02","783.24","773.90","47.95M","0.83%"
"07/03/1997","775.26","778.82","782.17","773.27","51.20M","-0.26%"
"07/02/1997","777.29","763.39","777.29","763.39","52.24M","2.54%"
"07/01/1997","758.03","744.98","760.52","744.67","36.99M","1.69%"
"06/30/1997","745.40","746.30","753.56","744.21","29.26M","-0.20%"
"06/28/1997","746.89","738.18","746.92","738.08","25.63M","1.15%"
"06/27/1997","738.43","743.39","751.38","737.98","42.40M","-0.79%"
"06/26/1997","744.34","746.07","751.99","741.72","44.38M","-0.09%"
"06/25/1997","744.99","753.72","753.85","742.52","37.28M","-1.16%"
"06/24/1997","753.70","751.63","753.97","747.29","34.45M","0.09%"
"06/23/1997","753.05","759.33","762.44","751.85","31.69M","-0.97%"
"06/21/1997","760.40","770.15","771.43","760.31","23.40M","-1.27%"
"06/20/1997","770.22","772.60","775.61","766.25","42.20M","-0.09%"
"06/19/1997","770.95","769.69","779.17","763.18","48.75M","-0.29%"
"06/18/1997","773.21","793.02","799.54","768.04","54.34M","-2.41%"
"06/17/1997","792.29","790.99","798.76","783.32","60.00M","0.41%"
"06/16/1997","789.05","793.57","796.81","786.16","58.74M","-0.37%"
"06/14/1997","791.97","792.19","798.89","790.41","59.69M","0.36%"
"06/13/1997","789.15","775.67","789.40","775.67","83.74M","1.87%"
"06/12/1997","774.66","767.94","777.88","767.94","59.66M","1.16%"
"06/11/1997","765.79","769.70","770.58","764.94","46.15M","-0.52%"
"06/10/1997","769.83","777.88","781.51","769.11","67.08M","-0.67%"
"06/09/1997","775.01","764.91","775.02","762.42","56.96M","1.60%"
"06/07/1997","762.77","768.14","775.15","762.72","35.30M","-0.38%"
"06/05/1997","765.67","762.92","766.77","761.67","51.34M","0.32%"
"06/04/1997","763.25","766.54","774.48","755.01","87.93M","-0.37%"
"06/03/1997","766.06","758.89","766.49","753.36","60.61M","1.01%"
"06/02/1997","758.39","758.92","770.97","756.88","84.89M","0.21%"
"05/31/1997","756.77","744.68","756.78","740.01","38.90M","1.39%"
"05/30/1997","746.36","742.38","752.29","741.00","55.23M","0.52%"
"05/29/1997","742.50","745.26","749.37","741.85","65.09M","0.59%"
"05/28/1997","738.12","724.97","738.12","724.97","56.09M","2.04%"
"05/27/1997","723.35","719.82","724.39","716.51","39.81M","0.61%"
"05/26/1997","718.99","724.71","725.51","717.35","39.27M","-0.85%"
"05/24/1997","725.17","731.98","734.79","724.75","37.74M","-0.73%"
"05/23/1997","730.53","723.67","730.54","715.53","53.94M","0.85%"
"05/22/1997","724.38","737.18","738.18","723.54","60.05M","-1.81%"
"05/21/1997","737.71","735.30","739.73","729.32","64.19M","0.41%"
"05/20/1997","734.67","723.16","734.76","722.35","62.85M","1.87%"
"05/19/1997","721.20","710.41","721.23","710.41","56.93M","2.12%"
"05/17/1997","706.25","700.25","706.25","700.25","28.27M","0.96%"
"05/16/1997","699.53","702.51","709.57","695.93","50.07M","-0.06%"
"05/15/1997","699.95","684.74","705.10","684.74","51.25M","2.35%"
"05/13/1997","683.86","673.08","684.61","669.01","35.97M","1.75%"
"05/12/1997","672.10","678.50","683.32","667.66","36.78M","-1.01%"
"05/10/1997","678.98","688.70","690.48","678.04","25.25M","-1.26%"
"05/09/1997","687.62","685.91","693.20","685.91","44.72M","0.43%"
"05/08/1997","684.69","688.89","690.44","682.73","39.76M","-0.64%"
"05/07/1997","689.10","700.87","700.87","689.09","42.00M","-1.78%"
"05/06/1997","701.57","706.53","706.92","700.32","44.50M","-0.47%"
"05/03/1997","704.87","707.08","709.95","704.86","32.72M","-0.17%"
"05/02/1997","706.10","704.77","709.60","699.18","65.42M","0.41%"
"04/30/1997","703.23","705.00","706.54","701.89","43.66M","-0.12%"
"04/29/1997","704.05","705.13","705.68","701.09","38.10M","-0.02%"
"04/28/1997","704.16","703.13","707.42","703.13","41.65M","0.63%"
"04/26/1997","699.76","695.12","701.26","695.12","31.99M","1.05%"
"04/25/1997","692.48","691.57","693.97","687.41","41.64M","0.24%"
"04/24/1997","690.80","694.04","697.43","689.29","43.98M","-0.32%"
"04/23/1997","693.05","688.17","695.24","688.00","35.06M","0.74%"
"04/22/1997","687.96","696.28","696.37","685.96","31.40M","-1.35%"
"04/21/1997","697.34","702.16","706.95","697.30","40.27M","-0.47%"
"04/19/1997","700.65","696.57","701.27","694.73","25.24M","0.72%"
"04/18/1997","695.67","695.21","698.52","692.57","38.74M","0.13%"
"04/17/1997","694.76","702.98","703.44","690.66","42.93M","-1.09%"
"04/16/1997","702.42","701.43","703.04","697.75","39.05M","0.15%"
"04/15/1997","701.39","706.05","710.67","701.39","46.72M","-0.40%"
"04/14/1997","704.20","698.44","705.82","698.44","43.25M","1.04%"
"04/12/1997","696.95","696.00","701.11","696.00","31.48M","0.43%"
"04/11/1997","693.94","688.39","693.94","682.47","44.19M","0.86%"
"04/10/1997","688.04","698.88","700.06","688.04","46.11M","-1.52%"
"04/09/1997","698.66","695.86","699.70","694.55","43.78M","0.53%"
"04/08/1997","694.97","695.35","699.07","687.87","40.08M","0.01%"
"04/07/1997","694.90","688.88","699.02","688.88","40.67M","1.09%"
"04/04/1997","687.42","679.88","688.06","679.14","40.63M","1.28%"
"04/03/1997","678.74","680.14","689.12","676.44","41.72M","-0.02%"
"04/02/1997","678.86","672.82","683.32","668.72","36.33M","0.87%"
"04/01/1997","672.99","678.97","688.12","672.07","38.64M","-0.64%"
"03/31/1997","677.34","670.75","678.76","670.75","43.96M","1.52%"
"03/29/1997","667.19","654.44","667.68","654.44","26.59M","2.19%"
"03/28/1997","652.87","652.88","661.55","650.72","40.73M","0.19%"
"03/27/1997","651.65","657.10","665.57","651.59","45.59M","-0.76%"
"03/26/1997","656.62","640.45","656.78","637.36","43.99M","2.77%"
"03/25/1997","638.90","616.11","638.90","614.99","42.95M","3.51%"
"03/24/1997","617.26","622.14","622.39","607.87","36.20M","-0.94%"
"03/22/1997","623.13","625.13","634.02","622.84","26.90M","-0.72%"
"03/21/1997","627.63","640.52","640.52","626.39","34.22M","-2.37%"
"03/20/1997","642.86","642.73","646.73","630.37","34.07M","-0.53%"
"03/19/1997","646.29","656.90","656.90","643.04","32.98M","-1.78%"
"03/18/1997","657.97","659.73","663.70","653.25","30.52M","-0.14%"
"03/17/1997","658.90","642.17","658.94","641.04","28.39M","2.66%"
"03/15/1997","641.83","639.62","647.14","638.39","18.96M","-0.04%"
"03/14/1997","642.08","657.73","657.98","641.83","27.61M","-2.40%"
"03/13/1997","657.90","663.91","666.26","656.86","32.11M","-0.90%"
"03/12/1997","663.90","655.76","663.90","655.07","29.99M","1.21%"
"03/11/1997","655.95","665.83","665.83","654.92","29.83M","-1.71%"
"03/10/1997","667.35","673.91","674.29","667.29","29.44M","-1.14%"
"03/08/1997","675.07","681.97","684.92","675.07","23.84M","-0.90%"
"03/07/1997","681.22","679.83","685.26","679.83","37.38M","0.46%"
"03/06/1997","678.11","675.25","685.95","675.25","41.27M","0.48%"
"03/05/1997","674.90","680.48","684.55","673.63","38.82M","-0.75%"
"03/04/1997","679.97","679.51","683.32","675.82","28.06M","0.05%"
"03/03/1997","679.64","677.18","684.44","677.18","26.96M","0.46%"
"02/28/1997","676.53","669.01","679.07","664.75","37.80M","1.06%"
"02/27/1997","669.41","678.11","679.80","668.71","30.31M","-1.52%"
"02/26/1997","679.71","683.59","691.27","679.66","29.90M","-0.45%"
"02/25/1997","682.81","676.73","682.81","670.41","25.34M","0.92%"
"02/24/1997","676.59","681.48","686.94","676.11","24.09M","-0.68%"
"02/22/1997","681.24","683.43","683.43","672.72","19.14M","-0.80%"
"02/21/1997","686.72","710.87","711.75","686.71","30.80M","-3.43%"
"02/20/1997","711.13","713.50","716.18","707.83","35.04M","-0.36%"
"02/19/1997","713.67","708.64","713.67","706.58","31.11M","0.95%"
"02/18/1997","706.94","712.62","715.18","703.99","30.44M","-0.84%"
"02/17/1997","712.93","720.42","721.50","712.93","31.52M","-1.30%"
"02/15/1997","722.32","722.43","729.64","722.32","27.11M","0.18%"
"02/14/1997","721.00","717.29","723.02","715.00","39.07M","0.60%"
"02/13/1997","716.71","713.64","726.13","713.64","49.79M","0.59%"
"02/12/1997","712.50","714.82","715.87","708.72","35.26M","-0.13%"
"02/11/1997","713.43","711.11","713.88","707.86","41.37M","0.51%"
"02/10/1997","709.79","701.43","709.80","701.43","29.31M","1.37%"
"02/06/1997","700.22","698.54","704.44","693.82","34.13M","0.23%"
"02/05/1997","698.60","698.18","708.20","697.95","38.56M","0.38%"
"02/04/1997","695.95","687.84","696.24","687.84","33.13M","1.27%"
"02/03/1997","687.25","682.26","696.21","681.01","27.34M","0.60%"
"02/01/1997","683.13","686.37","688.39","681.40","21.51M","-0.40%"
"01/31/1997","685.84","678.19","687.99","678.17","32.00M","1.38%"
"01/30/1997","676.52","663.65","679.04","662.27","28.82M","1.95%"
"01/29/1997","663.56","663.33","672.90","654.95","30.16M","0.11%"
"01/28/1997","662.85","661.66","677.63","653.42","30.38M","-0.28%"
"01/27/1997","664.70","684.31","685.46","664.68","28.33M","-2.98%"
"01/25/1997","685.11","680.22","688.81","677.46","22.40M","0.82%"
"01/24/1997","679.56","669.03","679.56","658.18","35.49M","0.39%"
"01/23/1997","676.91","679.34","685.14","672.73","31.04M","-0.30%"
"01/22/1997","678.94","686.71","686.89","671.91","36.68M","-1.68%"
"01/21/1997","690.54","721.04","721.79","690.54","44.30M","-3.89%"
"01/20/1997","718.46","697.56","720.69","697.56","42.99M","3.49%"
"01/18/1997","694.23","698.08","699.98","692.04","25.30M","-0.99%"
"01/17/1997","701.18","713.07","720.41","695.77","48.24M","-1.50%"
"01/16/1997","711.86","701.64","711.96","694.39","47.29M","1.73%"
"01/15/1997","699.76","690.18","699.76","686.02","42.01M","1.92%"
"01/14/1997","686.59","656.67","687.66","656.67","36.62M","4.10%"
"01/13/1997","659.54","659.81","664.95","655.74","28.73M","0.00%"
"01/11/1997","659.54","646.68","659.63","645.92","22.41M","1.67%"
"01/10/1997","648.69","637.99","653.59","636.81","36.47M","1.38%"
"01/09/1997","639.87","619.10","640.81","612.41","36.05M","2.97%"
"01/08/1997","621.41","608.53","623.39","600.56","34.22M","1.70%"
"01/07/1997","611.05","622.45","627.61","609.12","24.07M","-2.52%"
"01/06/1997","626.87","637.98","637.98","625.01","17.65M","-2.57%"
"01/04/1997","643.41","653.02","653.02","641.98","14.62M","-1.59%"
"01/03/1997","653.79","647.67","655.70","635.41","13.94M","0.39%"
"12/27/1996","651.22","654.82","657.04","643.57","35.10M","-1.18%"
"12/26/1996","659.01","676.21","676.21","655.24","25.46M","-2.77%"
"12/24/1996","677.76","683.11","687.06","677.56","23.78M","-1.03%"
"12/23/1996","684.81","691.98","697.12","684.81","21.54M","-1.20%"
"12/21/1996","693.14","699.46","700.07","693.03","21.51M","-1.10%"
"12/20/1996","700.87","695.33","703.51","692.47","30.00M","1.43%"
"12/19/1996","690.97","668.13","690.97","668.13","30.38M","4.47%"
"12/18/1996","661.39","662.07","671.43","655.47","31.50M","-0.30%"
"12/17/1996","663.35","675.35","680.09","660.39","31.59M","-1.57%"
"12/16/1996","673.92","686.97","686.97","667.71","22.80M","-1.95%"
"12/14/1996","687.34","689.30","694.11","686.91","14.57M","-0.25%"
"12/13/1996","689.07","690.44","695.72","677.64","26.46M","-0.04%"
"12/12/1996","689.38","705.11","706.01","688.74","25.89M","-2.17%"
"12/11/1996","704.68","705.99","709.48","704.43","28.04M","0.26%"
"12/10/1996","702.83","693.42","702.83","693.42","23.97M","1.54%"
"12/09/1996","692.17","701.22","707.52","692.15","24.20M","-0.57%"
"12/07/1996","696.11","700.05","704.80","696.11","14.15M","-0.54%"
"12/06/1996","699.89","705.57","713.25","698.12","23.94M","-0.91%"
"12/05/1996","706.30","713.96","714.31","705.96","25.57M","-1.34%"
"12/04/1996","715.87","725.72","728.14","713.59","27.73M","-1.34%"
"12/03/1996","725.59","726.82","732.22","722.18","27.01M","-0.31%"
"12/02/1996","727.83","724.75","735.15","724.75","23.47M","0.19%"
"11/30/1996","726.48","732.03","733.36","726.25","14.15M","-0.96%"
"11/29/1996","733.50","737.71","738.89","732.25","22.83M","-0.46%"
"11/28/1996","736.92","723.97","736.97","723.97","24.95M","1.98%"
"11/27/1996","722.62","716.51","727.75","716.51","19.89M","0.93%"
"11/26/1996","715.97","711.40","721.37","710.49","16.84M","-0.07%"
"11/25/1996","716.45","728.40","729.16","716.45","15.19M","-2.05%"
"11/22/1996","731.44","744.51","744.51","730.10","24.23M","-1.81%"
"11/21/1996","744.91","743.65","750.00","743.36","23.89M","0.10%"
"11/20/1996","744.14","746.74","750.18","742.10","25.14M","-0.39%"
"11/19/1996","747.05","750.25","754.71","747.04","19.13M","-0.50%"
"11/18/1996","750.82","755.88","759.08","746.97","22.48M","-0.77%"
"11/16/1996","756.67","750.99","757.33","750.99","16.70M","0.85%"
"11/15/1996","750.29","742.44","752.03","741.64","22.97M","0.98%"
"11/14/1996","743.03","746.53","749.49","743.02","21.13M","-0.57%"
"11/13/1996","747.32","753.05","757.72","743.71","23.19M","-0.69%"
"11/12/1996","752.54","729.52","752.65","729.52","28.09M","3.15%"
"11/11/1996","729.53","730.42","730.42","720.01","21.81M","-0.18%"
"11/09/1996","730.82","738.00","745.59","729.41","17.13M","-1.12%"
"11/08/1996","739.11","740.82","756.07","739.11","26.00M","-0.36%"
"11/07/1996","741.76","748.68","752.20","738.26","37.68M","-0.74%"
"11/06/1996","747.29","733.60","747.29","733.60","31.68M","1.86%"
"11/05/1996","733.65","744.63","744.63","726.14","32.85M","-1.84%"
"11/04/1996","747.42","765.77","765.77","747.41","30.65M","-2.39%"
"11/02/1996","765.73","769.77","774.51","765.73","21.53M","-0.28%"
"11/01/1996","767.87","757.79","767.96","757.79","29.18M","1.36%"
"10/31/1996","757.59","757.38","763.52","751.43","28.49M","0.07%"
"10/30/1996","757.09","766.03","771.70","752.76","24.49M","-1.20%"
"10/29/1996","766.32","778.97","779.01","766.32","25.49M","-1.76%"
"10/28/1996","780.08","791.41","794.59","780.08","26.19M","-1.48%"
"10/26/1996","791.81","793.32","794.76","788.12","17.93M","-0.25%"
"10/25/1996","793.78","804.99","804.99","789.62","26.72M","-1.33%"
"10/24/1996","804.44","811.27","813.84","804.42","23.83M","-0.93%"
"10/23/1996","811.98","818.30","819.47","811.15","26.65M","-0.88%"
"10/22/1996","819.22","831.96","831.96","818.28","26.06M","-1.61%"
"10/21/1996","832.62","830.43","844.51","829.51","34.72M","0.17%"
"10/19/1996","831.18","830.14","831.97","821.72","25.43M","0.11%"
"10/18/1996","830.25","839.64","847.09","830.24","44.57M","-1.13%"
"10/17/1996","839.73","836.32","847.33","834.51","54.49M","0.55%"
"10/16/1996","835.17","829.08","835.26","823.68","47.92M","0.79%"
"10/15/1996","828.61","843.85","848.49","828.61","55.16M","-1.62%"
"10/14/1996","842.28","840.86","849.12","838.08","56.02M","0.18%"
"10/12/1996","840.80","833.93","843.99","833.93","36.14M","0.88%"
"10/11/1996","833.43","830.83","836.96","827.19","53.46M","0.39%"
"10/10/1996","830.21","819.05","830.22","819.05","53.89M","1.52%"
"10/09/1996","817.78","798.71","817.78","798.71","46.68M","2.53%"
"10/08/1996","797.62","795.51","806.12","795.51","39.12M","0.29%"
"10/07/1996","795.33","777.82","801.80","777.82","41.05M","2.32%"
"10/05/1996","777.31","775.38","779.04","773.89","22.83M","0.11%"
"10/04/1996","776.43","793.93","793.93","776.43","38.66M","-2.21%"
"10/02/1996","794.01","789.60","798.62","786.79","45.25M","0.58%"
"10/01/1996","789.47","790.47","794.37","784.10","66.19M","-0.03%"
"09/30/1996","789.67","794.33","804.68","789.47","28.72M","-0.45%"
"09/25/1996","793.21","778.84","798.46","778.84","30.40M","1.97%"
"09/24/1996","777.91","768.75","778.35","767.49","26.66M","1.13%"
"09/23/1996","769.20","767.97","778.24","765.29","28.49M","0.11%"
"09/21/1996","768.37","758.69","769.16","754.69","18.18M","1.19%"
"09/20/1996","759.35","773.21","773.87","755.09","30.82M","-1.78%"
"09/19/1996","773.15","781.88","784.58","772.79","28.70M","-1.14%"
"09/18/1996","782.10","782.71","787.50","781.79","28.96M","0.04%"
"09/17/1996","781.76","781.60","784.26","779.17","22.38M","-0.02%"
"09/16/1996","781.88","780.88","788.40","780.88","20.94M","0.02%"
"09/14/1996","781.73","783.97","787.07","781.49","15.56M","-0.44%"
"09/13/1996","785.19","797.39","797.39","785.13","24.31M","-1.55%"
"09/12/1996","797.57","801.35","802.43","794.35","25.06M","-0.48%"
"09/11/1996","801.45","802.98","803.94","798.31","21.46M","-0.20%"
"09/10/1996","803.04","798.32","806.17","798.32","24.88M","0.71%"
"09/09/1996","797.38","785.11","799.11","783.74","23.10M","1.54%"
"09/07/1996","785.26","783.96","787.36","782.03","15.76M","0.15%"
"09/06/1996","784.05","786.64","789.99","779.47","22.64M","-0.39%"
"09/05/1996","787.14","795.25","798.07","787.14","23.13M","-0.57%"
"09/04/1996","791.64","771.95","794.08","771.95","28.58M","2.84%"
"09/03/1996","769.80","771.83","771.83","764.28","16.38M","-0.58%"
"09/02/1996","774.26","781.77","782.81","771.14","17.10M","-0.93%"
"08/31/1996","781.49","782.77","783.08","774.20","13.76M","-0.18%"
"08/30/1996","782.87","767.32","782.89","766.22","20.44M","2.18%"
"08/29/1996","766.16","754.25","766.22","750.41","19.35M","1.70%"
"08/28/1996","753.35","761.17","764.33","749.76","19.75M","-1.10%"
"08/27/1996","761.75","763.72","774.57","760.35","16.79M","-0.67%"
"08/26/1996","766.89","782.67","782.67","766.64","18.20M","-1.95%"
"08/24/1996","782.13","781.69","788.07","781.01","13.76M","0.09%"
"08/23/1996","781.42","779.66","786.27","779.66","21.39M","0.23%"
"08/22/1996","779.63","789.17","792.68","779.59","16.83M","-1.20%"
"08/21/1996","789.12","793.16","793.16","783.33","17.22M","-0.60%"
"08/20/1996","793.91","799.98","806.04","793.90","16.13M","-0.83%"
"08/19/1996","800.52","809.29","810.94","799.53","14.87M","-1.25%"
"08/17/1996","810.69","814.29","814.60","810.18","10.60M","-0.52%"
"08/16/1996","814.96","825.21","825.45","814.81","16.40M","-1.32%"
"08/14/1996","825.84","832.86","833.39","825.81","20.60M","-0.91%"
"08/13/1996","833.43","839.03","839.39","832.32","19.20M","-0.54%"
"08/12/1996","837.99","835.77","838.55","835.73","19.32M","0.15%"
"08/10/1996","836.77","831.69","837.10","831.69","14.27M","0.50%"
"08/09/1996","832.61","836.98","837.19","830.49","18.72M","-0.55%"
"08/08/1996","837.20","834.23","844.93","834.23","27.11M","0.38%"
"08/07/1996","834.03","827.74","834.03","827.60","20.10M","0.72%"
"08/06/1996","828.05","824.28","830.60","822.05","20.33M","0.45%"
"08/05/1996","824.30","823.98","826.21","821.64","19.24M","0.03%"
"08/03/1996","824.08","825.35","827.05","823.48","13.55M","-0.26%"
"08/02/1996","826.23","835.75","835.75","825.63","20.87M","-1.08%"
"08/01/1996","835.27","822.80","837.71","822.80","28.34M","1.65%"
"07/31/1996","821.71","806.13","821.71","806.13","23.53M","1.79%"
"07/30/1996","807.28","805.87","808.21","795.93","18.91M","0.26%"
"07/29/1996","805.15","804.33","813.30","802.90","16.56M","0.07%"
"07/27/1996","804.55","812.25","812.25","802.98","13.71M","-1.16%"
"07/26/1996","814.03","818.38","823.24","814.00","23.74M","-0.76%"
"07/25/1996","820.29","831.64","831.64","818.87","20.85M","-1.46%"
"07/24/1996","832.48","838.31","841.90","830.92","19.69M","-0.75%"
"07/23/1996","838.78","837.66","840.47","835.38","20.13M","0.00%"
"07/22/1996","838.75","839.57","844.59","837.04","19.05M","-0.15%"
"07/20/1996","840.05","838.55","845.85","835.99","15.22M","0.32%"
"07/19/1996","837.39","815.52","837.41","815.45","19.37M","2.56%"
"07/18/1996","816.47","813.34","827.78","813.34","19.11M","0.47%"
"07/16/1996","812.66","811.97","812.69","800.42","23.78M","-0.18%"
"07/15/1996","814.11","833.54","833.54","814.11","20.75M","-2.54%"
"07/13/1996","835.30","839.39","839.73","835.23","15.56M","-0.54%"
"07/12/1996","839.82","846.76","846.76","838.64","22.31M","-0.89%"
"07/11/1996","847.39","858.20","862.40","847.39","28.81M","-1.33%"
"07/10/1996","858.79","858.56","861.14","854.23","27.15M","0.09%"
"07/09/1996","858.05","847.64","858.10","847.64","21.47M","1.19%"
"07/08/1996","847.99","850.90","857.27","847.99","20.71M","-0.28%"
"07/06/1996","850.39","845.10","850.90","845.10","14.65M","0.62%"
"07/05/1996","845.12","843.17","847.18","838.51","23.47M","0.43%"
"07/04/1996","841.51","839.10","848.91","839.10","21.95M","0.39%"
"07/03/1996","838.24","837.00","839.53","829.87","18.45M","0.04%"
"07/02/1996","837.93","833.62","844.87","833.61","19.61M","0.50%"
"07/01/1996","833.79","816.47","833.79","816.05","14.25M","2.00%"
"06/29/1996","817.43","822.69","822.85","810.81","10.78M","-0.74%"
"06/28/1996","823.53","820.94","832.99","820.94","17.38M","0.42%"
"06/27/1996","820.05","822.31","824.88","812.53","21.32M","-0.43%"
"06/26/1996","823.63","836.64","839.25","822.41","19.22M","-1.59%"
"06/25/1996","836.94","840.81","842.44","835.01","17.89M","-0.66%"
"06/24/1996","842.48","855.12","855.12","839.75","20.25M","-1.62%"
"06/22/1996","856.36","864.11","865.93","856.36","14.39M","-0.92%"
"06/21/1996","864.27","862.71","868.65","862.71","23.84M","0.30%"
"06/20/1996","861.72","869.60","871.63","861.22","21.41M","-0.90%"
"06/19/1996","869.56","862.94","870.71","862.94","22.26M","0.84%"
"06/18/1996","862.31","857.40","862.33","857.40","19.01M","0.69%"
"06/17/1996","856.43","859.73","860.97","854.20","16.25M","-0.36%"
"06/15/1996","859.49","862.42","864.71","852.74","13.25M","-0.35%"
"06/14/1996","862.53","873.25","873.57","862.44","20.01M","-1.39%"
"06/13/1996","874.68","872.32","876.46","866.56","22.29M","0.16%"
"06/12/1996","873.31","888.65","892.53","871.91","24.72M","-1.73%"
"06/11/1996","888.66","891.30","898.58","888.66","25.14M","-0.39%"
"06/10/1996","892.17","902.85","907.05","891.48","26.02M","-1.23%"
"06/08/1996","903.32","907.25","909.07","903.32","16.45M","-0.50%"
"06/07/1996","907.83","914.00","917.42","907.83","31.62M","-0.59%"
"06/05/1996","913.25","910.93","916.45","908.46","29.56M","0.42%"
"06/04/1996","909.43","898.23","909.56","896.79","21.78M","1.36%"
"06/03/1996","897.22","904.62","905.92","895.92","21.35M","-1.19%"
"06/01/1996","907.98","907.24","915.52","906.70","18.06M","0.54%"
"05/31/1996","903.09","898.84","909.78","898.74","25.13M","0.50%"
"05/30/1996","898.56","893.85","904.02","886.71","24.08M","0.48%"
"05/29/1996","894.29","905.91","911.67","894.03","29.25M","-1.32%"
"05/28/1996","906.21","920.93","921.28","906.15","25.96M","-1.54%"
"05/27/1996","920.43","911.45","920.60","903.77","28.26M","0.95%"
"05/25/1996","911.76","919.54","919.54","910.58","18.92M","-0.69%"
"05/23/1996","918.11","924.90","932.77","917.95","39.97M","-0.64%"
"05/22/1996","924.00","918.68","924.37","910.53","29.51M","0.45%"
"05/21/1996","919.88","935.03","936.38","919.60","27.82M","-1.62%"
"05/20/1996","935.07","928.85","935.19","925.55","24.30M","0.68%"
"05/18/1996","928.80","938.02","943.79","928.80","21.51M","-0.93%"
"05/17/1996","937.51","941.04","945.44","935.53","33.80M","-0.37%"
"05/16/1996","940.96","958.17","958.87","939.99","38.68M","-1.80%"
"05/15/1996","958.17","963.13","965.63","953.63","41.38M","-0.62%"
"05/14/1996","964.11","979.26","982.86","963.93","48.76M","-1.49%"
"05/13/1996","978.73","970.81","982.47","970.81","56.26M","0.83%"
"05/11/1996","970.64","967.41","973.30","964.20","34.59M","0.50%"
"05/10/1996","965.83","959.77","965.88","954.16","48.02M","0.70%"
"05/09/1996","959.14","976.24","976.24","959.14","49.13M","-1.80%"
"05/08/1996","976.75","986.97","992.07","976.75","67.95M","-1.02%"
"05/07/1996","986.84","975.28","989.86","975.28","63.60M","1.31%"
"05/06/1996","974.10","965.27","975.33","965.27","54.86M","0.98%"
"05/04/1996","964.65","966.80","973.34","964.34","34.18M","-0.11%"
"05/03/1996","965.67","961.49","967.31","955.17","45.14M","0.43%"
"05/02/1996","961.52","980.60","980.60","961.50","46.82M","-1.98%"
"04/30/1996","980.90","984.93","991.24","978.04","68.97M","-0.42%"
"04/29/1996","985.03","968.88","987.09","968.88","58.45M","1.71%"
"04/27/1996","968.45","964.53","969.17","964.30","29.74M","0.40%"
"04/26/1996","964.57","964.64","972.07","959.69","44.15M","-0.01%"
"04/25/1996","964.69","957.56","977.44","957.56","57.17M","0.84%"
"04/24/1996","956.61","940.50","956.65","934.53","46.24M","1.71%"
"04/23/1996","940.55","951.47","957.95","940.55","52.69M","-1.06%"
"04/22/1996","950.61","941.75","957.61","941.75","57.15M","0.95%"
"04/20/1996","941.69","948.60","952.21","941.66","42.81M","-0.70%"
"04/19/1996","948.37","938.13","948.94","935.67","67.14M","1.23%"
"04/18/1996","936.89","923.86","936.91","919.98","74.04M","1.57%"
"04/17/1996","922.40","908.03","922.40","908.03","60.19M","1.62%"
"04/16/1996","907.73","907.85","914.20","905.09","46.57M","-0.04%"
"04/15/1996","908.09","895.65","910.31","895.65","48.11M","1.40%"
"04/13/1996","895.57","890.05","895.67","886.88","28.72M","0.65%"
"04/12/1996","889.82","878.73","889.93","878.73","29.55M","2.38%"
"04/10/1996","869.17","868.54","873.11","867.90","31.75M","-0.07%"
"04/09/1996","869.82","876.14","881.18","869.58","24.22M","-0.82%"
"04/08/1996","877.03","873.56","879.25","872.46","25.96M","0.02%"
"04/06/1996","876.86","877.90","877.90","868.98","19.70M","-0.53%"
"04/04/1996","881.50","884.06","887.12","877.97","28.64M","-0.37%"
"04/03/1996","884.75","883.93","884.94","881.50","29.38M","0.03%"
"04/02/1996","884.47","877.95","884.55","873.27","37.16M","0.68%"
"04/01/1996","878.47","876.57","884.16","869.39","73.97M","0.49%"
"03/30/1996","874.16","867.14","874.18","867.14","15.15M","0.85%"
"03/29/1996","866.76","856.49","866.82","856.19","16.92M","1.19%"
"03/28/1996","856.56","857.96","862.11","854.97","21.36M","-0.08%"
"03/27/1996","857.21","859.11","861.65","855.60","18.11M","-0.22%"
"03/26/1996","859.07","863.01","864.95","857.79","18.92M","-0.49%"
"03/25/1996","863.27","869.05","869.99","862.28","19.49M","-0.63%"
"03/23/1996","868.76","872.41","872.64","867.92","16.53M","-0.38%"
"03/22/1996","872.04","868.17","872.96","868.05","23.89M","0.44%"
"03/21/1996","868.20","870.91","871.90","864.90","21.79M","-0.20%"
"03/20/1996","869.98","861.67","870.83","861.67","24.37M","1.15%"
"03/19/1996","860.13","854.28","860.92","854.28","21.12M","0.66%"
"03/18/1996","854.46","855.80","860.52","853.54","20.69M","-0.25%"
"03/16/1996","856.58","856.92","857.92","851.47","15.60M","0.01%"
"03/15/1996","856.48","845.48","858.32","845.48","25.32M","1.43%"
"03/14/1996","844.43","838.22","849.45","834.79","25.53M","0.66%"
"03/13/1996","838.87","842.78","844.76","837.54","20.69M","-0.66%"
"03/12/1996","844.42","848.06","851.44","840.24","25.24M","-0.45%"
"03/11/1996","848.26","863.59","863.59","848.26","17.73M","-1.78%"
"03/09/1996","863.63","849.24","863.63","849.24","17.01M","1.71%"
"03/08/1996","849.15","842.42","849.24","842.42","17.95M","0.82%"
"03/07/1996","842.22","850.78","850.78","840.73","17.76M","-1.04%"
"03/06/1996","851.06","857.49","858.05","848.88","19.50M","-0.78%"
"03/05/1996","857.72","855.22","860.12","854.46","16.85M","0.31%"
"03/04/1996","855.10","858.22","861.75","853.97","17.25M","-0.16%"
"03/02/1996","856.51","852.76","857.28","852.70","13.70M","0.43%"
"02/29/1996","852.83","855.06","855.06","847.77","19.07M","-0.28%"
"02/28/1996","855.21","859.74","864.86","855.11","19.51M","-0.54%"
"02/27/1996","859.87","858.73","862.98","852.24","20.52M","0.10%"
"02/26/1996","859.05","869.11","885.81","859.05","26.58M","-1.10%"
"02/24/1996","868.61","878.17","878.17","868.20","14.04M","-0.91%"
"02/23/1996","876.55","881.77","883.06","876.39","22.56M","-0.57%"
"02/22/1996","881.60","882.76","883.30","877.58","22.92M","-0.18%"
"02/21/1996","883.23","889.27","891.65","883.23","23.48M","-0.69%"
"02/17/1996","889.34","878.37","889.46","878.37","19.09M","1.29%"
"02/16/1996","878.03","869.04","879.98","869.04","32.74M","1.00%"
"02/15/1996","869.35","869.98","874.47","868.91","30.68M","-0.07%"
"02/14/1996","869.98","858.49","870.01","856.73","23.17M","1.38%"
"02/13/1996","858.18","864.18","864.18","853.03","21.11M","-0.80%"
"02/12/1996","865.12","874.83","877.00","865.10","21.51M","-1.15%"
"02/10/1996","875.21","879.81","880.12","875.16","15.80M","-0.76%"
"02/09/1996","881.88","889.10","892.51","881.84","28.06M","-0.80%"
"02/08/1996","889.01","883.20","890.89","883.20","31.67M","0.59%"
"02/07/1996","883.77","881.19","885.06","878.65","24.13M","0.29%"
"02/06/1996","881.21","890.74","894.62","879.91","30.19M","-1.06%"
"02/05/1996","890.68","884.77","893.01","884.63","27.58M","0.68%"
"02/03/1996","884.63","881.46","887.62","881.46","18.02M","0.36%"
"02/02/1996","881.48","885.14","888.00","879.59","33.76M","-0.41%"
"02/01/1996","885.13","879.19","890.41","879.19","40.11M","0.72%"
"01/31/1996","878.82","875.37","878.82","875.22","28.36M","0.38%"
"01/30/1996","875.45","873.03","881.60","873.03","29.87M","0.26%"
"01/29/1996","873.15","864.70","878.39","864.70","32.07M","0.97%"
"01/27/1996","864.77","867.29","868.58","863.42","15.43M","-0.30%"
"01/26/1996","867.38","868.59","872.84","866.34","28.87M","-0.09%"
"01/25/1996","868.17","865.64","869.42","862.55","25.95M","0.30%"
"01/24/1996","865.55","850.96","865.56","850.96","23.41M","1.73%"
"01/23/1996","850.83","842.67","853.88","842.66","22.32M","0.95%"
"01/22/1996","842.80","842.64","849.16","839.52","18.61M","0.01%"
"01/20/1996","842.72","848.02","848.19","837.01","12.46M","-0.63%"
"01/19/1996","848.07","846.83","853.25","841.89","19.97M","-0.13%"
"01/18/1996","849.14","856.50","856.50","845.07","18.08M","-0.92%"
"01/17/1996","857.06","866.64","870.40","856.57","19.45M","-1.29%"
"01/16/1996","868.27","864.84","875.23","859.74","20.25M","0.32%"
"01/15/1996","865.46","873.92","878.59","865.30","20.40M","-1.03%"
"01/13/1996","874.46","878.02","880.53","873.60","15.34M","-0.48%"
"01/12/1996","878.64","883.57","886.07","878.55","23.19M","-0.60%"
"01/11/1996","883.96","885.51","894.49","883.43","28.63M","-0.20%"
"01/10/1996","885.77","882.09","885.77","872.04","24.67M","0.43%"
"01/09/1996","881.99","867.45","882.79","867.45","23.11M","1.75%"
"01/08/1996","866.81","857.49","876.10","850.67","22.04M","0.98%"
"01/06/1996","858.36","856.49","862.64","856.49","12.74M","0.20%"
"01/05/1996","856.62","858.84","858.84","844.04","18.78M","-0.39%"
"01/04/1996","859.97","888.60","890.87","859.97","18.28M","-3.25%"
"01/03/1996","888.85","882.29","889.59","880.45","9.49M","0.67%"
"12/27/1995","882.94","876.05","882.94","872.60","25.15M","0.75%"
"12/26/1995","876.37","892.95","894.76","876.37","23.07M","-1.87%"
"12/23/1995","893.11","894.72","899.17","893.06","12.88M","-0.17%"
"12/22/1995","894.67","899.95","902.90","891.55","20.73M","-0.58%"
"12/21/1995","899.86","891.25","899.84","889.42","23.43M","0.88%"
"12/20/1995","892.04","890.76","899.72","887.22","20.98M","0.14%"
"12/19/1995","890.79","867.21","892.57","864.59","20.87M","2.72%"
"12/18/1995","867.18","883.47","887.92","867.18","17.42M","-1.95%"
"12/16/1995","884.39","899.02","899.02","884.39","13.30M","-1.69%"
"12/15/1995","899.55","908.30","909.44","897.01","16.92M","-1.00%"
"12/14/1995","908.67","929.23","929.23","908.67","17.56M","-2.24%"
"12/13/1995","929.46","943.14","951.13","929.46","18.74M","-1.46%"
"12/12/1995","943.22","947.83","949.33","939.39","15.37M","-0.48%"
"12/11/1995","947.75","962.55","963.78","947.72","19.76M","-1.57%"
"12/09/1995","962.87","958.44","962.88","956.22","13.81M","0.44%"
"12/08/1995","958.62","960.55","963.99","954.03","19.39M","-0.20%"
"12/07/1995","960.57","954.95","965.33","954.95","21.79M","0.62%"
"12/06/1995","954.61","947.85","959.47","947.85","21.44M","0.81%"
"12/05/1995","946.98","934.98","946.98","934.98","17.15M","1.29%"
"12/04/1995","934.95","930.79","937.41","929.62","12.09M","0.40%"
"12/02/1995","931.23","938.53","938.53","925.73","11.86M","-0.83%"
"12/01/1995","939.00","930.69","939.30","929.59","14.41M","0.87%"
"11/30/1995","930.92","947.88","947.88","930.92","20.22M","-1.83%"
"11/29/1995","948.31","952.98","953.54","947.07","17.23M","-0.48%"
"11/28/1995","952.89","949.11","956.73","949.11","23.93M","0.39%"
"11/27/1995","949.23","942.69","951.55","942.38","21.49M","0.71%"
"11/25/1995","942.50","944.74","948.74","936.47","14.36M","-0.25%"
"11/24/1995","944.85","932.30","949.38","932.30","21.20M","1.32%"
"11/23/1995","932.58","921.20","932.62","921.20","16.52M","1.25%"
"11/22/1995","921.03","918.33","925.95","914.19","16.16M","0.33%"
"11/21/1995","917.97","931.14","931.14","913.72","15.90M","-1.47%"
"11/20/1995","931.64","945.06","945.06","931.64","14.23M","-1.55%"
"11/18/1995","946.35","952.36","953.20","945.55","13.23M","-0.63%"
"11/17/1995","952.37","933.92","952.37","933.92","20.10M","1.97%"
"11/16/1995","933.95","936.92","941.34","932.57","20.07M","-0.33%"
"11/15/1995","937.04","948.23","954.17","937.04","25.09M","-1.19%"
"11/14/1995","948.34","953.85","956.62","946.94","17.06M","-0.60%"
"11/13/1995","954.04","974.86","974.86","954.04","17.26M","-2.28%"
"11/11/1995","976.25","965.98","976.65","965.98","15.25M","1.07%"
"11/10/1995","965.95","970.58","970.58","960.36","19.50M","-0.51%"
"11/09/1995","970.91","979.51","979.51","964.11","22.99M","-1.01%"
"11/08/1995","980.84","987.50","990.67","980.80","24.24M","-0.70%"
"11/07/1995","987.72","992.71","994.09","983.03","23.26M","-0.51%"
"11/06/1995","992.77","990.02","995.96","989.76","23.49M","0.28%"
"11/04/1995","989.97","989.71","992.37","987.53","16.45M","0.02%"
"11/03/1995","989.74","994.25","994.25","986.34","20.37M","-0.50%"
"11/02/1995","994.68","997.50","998.88","994.01","21.98M","-0.28%"
"11/01/1995","997.52","990.47","997.68","990.27","21.24M","0.73%"
"10/31/1995","990.26","982.76","990.28","982.07","20.95M","0.75%"
"10/30/1995","982.87","991.36","991.36","982.11","16.08M","-0.93%"
"10/28/1995","992.05","1,001.37","1,001.37","992.05","13.90M","-0.93%"
"10/27/1995","1,001.37","1,001.15","1,011.46","999.05","29.27M","0.02%"
"10/26/1995","1,001.15","997.88","1,005.01","997.40","26.67M","0.33%"
"10/25/1995","997.88","992.76","1,003.26","992.47","30.26M","0.52%"
"10/24/1995","992.76","976.33","992.76","975.51","22.66M","1.68%"
"10/23/1995","976.39","999.25","999.25","975.66","25.06M","-2.31%"
"10/21/1995","999.50","994.89","1,003.00","993.56","15.47M","0.46%"
"10/20/1995","994.89","995.40","998.31","989.72","22.08M","-0.53%"
"10/19/1995","1,000.22","1,006.70","1,007.46","995.29","25.38M","-0.64%"
"10/18/1995","1,006.70","1,005.78","1,009.96","1,005.76","27.42M","0.09%"
"10/17/1995","1,005.78","1,007.48","1,010.13","1,002.59","25.92M","-0.17%"
"10/16/1995","1,007.48","1,016.77","1,019.84","1,007.48","26.38M","-0.91%"
"10/14/1995","1,016.77","1,014.30","1,019.05","1,014.27","21.59M","0.24%"
"10/13/1995","1,014.30","1,016.66","1,018.50","1,010.92","34.33M","-0.23%"
"10/12/1995","1,016.66","1,011.00","1,022.49","1,011.00","39.15M","0.56%"
"10/11/1995","1,011.00","1,004.16","1,011.87","1,004.02","34.44M","0.68%"
"10/10/1995","1,004.16","1,008.29","1,015.24","1,003.73","30.11M","-0.41%"
"10/09/1995","1,008.29","1,003.40","1,015.12","1,003.40","36.43M","0.49%"
"10/07/1995","1,003.40","1,002.07","1,010.35","1,002.07","23.01M","0.13%"
"10/06/1995","1,002.07","989.05","1,007.49","989.05","35.63M","1.32%"
"10/05/1995","989.05","982.70","989.24","977.81","27.52M","0.63%"
"10/04/1995","982.89","975.62","987.69","974.05","21.27M","0.73%"
"10/02/1995","975.79","982.43","984.35","974.71","18.87M","-0.70%"
"09/30/1995","982.65","987.07","988.87","981.38","18.36M","-0.45%"
"09/29/1995","987.10","985.93","990.30","985.71","30.29M","0.12%"
"09/28/1995","985.88","980.92","990.03","980.24","31.45M","0.52%"
"09/27/1995","980.78","983.75","985.56","979.86","23.26M","-0.31%"
"09/26/1995","983.82","983.99","985.75","977.69","23.64M","-0.14%"
"09/25/1995","985.20","990.84","998.54","985.20","26.27M","-0.62%"
"09/23/1995","991.33","997.55","997.55","987.36","21.21M","-0.64%"
"09/22/1995","997.73","1,012.29","1,013.64","997.73","39.14M","-1.44%"
"09/21/1995","1,012.29","1,009.39","1,020.44","1,008.55","56.23M","0.28%"
"09/20/1995","1,009.47","992.57","1,009.51","988.48","44.62M","1.70%"
"09/19/1995","992.57","1,000.21","1,014.65","992.57","61.88M","-0.76%"
"09/18/1995","1,000.21","995.57","1,001.33","989.67","57.15M","0.47%"
"09/16/1995","995.57","985.71","996.70","985.71","42.64M","1.01%"
"09/15/1995","985.64","965.86","985.65","965.86","51.87M","2.06%"
"09/14/1995","965.72","968.88","980.51","963.18","67.35M","-0.27%"
"09/13/1995","968.32","952.31","968.54","952.31","54.42M","1.68%"
"09/12/1995","952.28","950.89","956.22","949.32","36.84M","0.14%"
"09/11/1995","950.98","954.05","958.45","945.39","29.07M","-0.30%"
"09/07/1995","953.81","944.52","955.69","944.52","40.81M","0.98%"
"09/06/1995","944.52","929.02","944.71","929.02","32.20M","1.67%"
"09/05/1995","928.96","922.36","929.09","920.50","25.43M","0.70%"
"09/04/1995","922.49","918.47","924.21","918.47","19.34M","0.40%"
"09/02/1995","918.82","911.12","923.38","911.04","14.21M","0.82%"
"09/01/1995","911.36","913.67","917.00","905.10","18.00M","-0.30%"
"08/31/1995","914.06","913.88","917.39","909.36","22.97M","-0.07%"
"08/30/1995","914.71","915.51","918.12","914.10","19.72M","-0.19%"
"08/29/1995","916.46","922.17","922.24","914.60","24.71M","-0.65%"
"08/28/1995","922.44","921.70","928.36","918.84","25.61M","0.08%"
"08/26/1995","921.69","921.05","922.11","915.10","18.05M","0.06%"
"08/25/1995","921.10","926.99","929.17","921.04","30.30M","-0.72%"
"08/24/1995","927.82","925.72","929.10","925.42","42.40M","0.22%"
"08/23/1995","925.81","917.79","926.43","917.79","39.79M","0.87%"
"08/22/1995","917.79","913.34","918.53","913.34","35.35M","0.49%"
"08/21/1995","913.31","908.80","915.74","908.51","44.57M","0.16%"
"08/19/1995","911.88","906.90","912.03","906.31","33.48M","0.55%"
"08/18/1995","906.90","902.73","907.05","895.85","29.93M","0.45%"
"08/17/1995","902.82","904.29","904.72","896.23","49.70M","-0.18%"
"08/16/1995","904.44","908.82","911.57","901.37","28.86M","-0.47%"
"08/14/1995","908.69","910.16","916.98","908.69","33.06M","-0.15%"
"08/12/1995","910.03","914.18","915.66","908.30","34.93M","-0.46%"
"08/11/1995","914.23","916.20","920.01","910.28","48.91M","-0.19%"
"08/10/1995","916.01","924.69","929.15","913.68","39.69M","-0.91%"
"08/09/1995","924.41","902.21","924.46","902.21","30.00M","2.50%"
"08/08/1995","901.87","907.37","912.65","898.95","26.36M","-0.66%"
"08/07/1995","907.84","913.89","914.15","907.84","24.41M","-0.69%"
"08/05/1995","914.16","917.65","922.09","914.10","19.94M","-0.36%"
"08/04/1995","917.47","922.86","922.86","911.77","25.08M","-0.59%"
"08/03/1995","922.95","935.70","935.70","921.92","24.06M","-1.36%"
"08/02/1995","935.70","944.41","944.71","933.35","30.99M","-0.94%"
"08/01/1995","944.60","933.34","945.00","932.59","25.84M","1.18%"
"07/31/1995","933.57","928.47","933.57","927.16","21.49M","0.53%"
"07/29/1995","928.64","932.78","935.55","928.61","17.79M","-0.45%"
"07/28/1995","932.82","940.64","941.09","932.75","27.57M","-0.84%"
"07/27/1995","940.75","946.05","950.63","940.75","31.84M","-0.55%"
"07/26/1995","945.99","953.43","957.44","944.32","36.66M","-0.79%"
"07/25/1995","953.53","964.72","966.77","953.27","39.71M","-1.23%"
"07/24/1995","965.36","962.94","968.89","962.91","48.28M","0.22%"
"07/22/1995","963.25","964.38","968.37","959.31","30.21M","-0.14%"
"07/21/1995","964.56","961.65","970.56","958.74","60.24M","0.33%"
"07/20/1995","961.41","950.63","961.42","949.92","53.56M","1.19%"
"07/19/1995","950.11","961.11","961.25","948.37","51.30M","-1.13%"
"07/18/1995","961.01","966.53","975.47","961.01","62.42M","-0.57%"
"07/15/1995","966.48","972.03","972.54","966.44","44.66M","-0.57%"
"07/14/1995","972.02","977.42","986.67","968.77","85.17M","-0.54%"
"07/13/1995","977.29","962.32","984.18","962.32","70.80M","1.57%"
"07/12/1995","962.22","960.35","967.69","953.92","48.43M","0.23%"
"07/11/1995","959.99","962.02","978.99","956.58","66.19M","-0.19%"
"07/10/1995","961.84","946.99","966.76","946.91","63.39M","1.57%"
"07/08/1995","946.98","942.80","953.19","942.80","41.51M","0.49%"
"07/07/1995","942.39","915.23","942.39","915.23","55.08M","3.00%"
"07/06/1995","914.95","905.51","915.03","904.56","48.26M","1.10%"
"07/05/1995","904.98","907.66","911.90","904.78","37.32M","-0.30%"
"07/04/1995","907.68","914.14","914.14","904.93","35.25M","-0.70%"
"07/03/1995","914.10","909.64","914.12","907.05","37.02M","0.50%"
"07/01/1995","909.59","894.94","910.25","894.94","31.10M","1.70%"
"06/30/1995","894.41","880.64","894.45","879.04","25.26M","1.19%"
"06/29/1995","883.90","872.90","883.92","872.90","18.66M","1.29%"
"06/28/1995","872.68","866.64","887.11","859.11","19.14M","0.45%"
"06/26/1995","868.77","871.99","873.09","867.91","21.52M","-0.42%"
"06/24/1995","872.46","872.00","874.90","869.07","13.81M","0.06%"
"06/23/1995","871.96","871.14","873.14","866.13","17.98M","0.09%"
"06/22/1995","871.18","877.65","879.32","869.34","18.38M","-0.87%"
"06/21/1995","878.82","883.49","883.69","878.59","19.34M","-0.63%"
"06/20/1995","884.35","885.79","888.81","883.16","20.84M","-0.22%"
"06/19/1995","886.31","880.87","886.31","879.92","20.99M","0.64%"
"06/17/1995","880.67","879.28","882.79","879.28","14.83M","0.16%"
"06/16/1995","879.24","880.80","882.31","877.61","18.82M","-0.19%"
"06/15/1995","880.91","885.83","886.56","880.90","20.31M","-0.64%"
"06/14/1995","886.56","887.99","890.23","884.72","19.56M","-0.09%"
"06/13/1995","887.32","887.08","892.57","887.08","17.93M","0.33%"
"06/12/1995","884.40","884.60","887.84","883.98","15.94M","-0.22%"
"06/10/1995","886.31","887.19","891.71","886.17","11.96M","-0.06%"
"06/09/1995","886.83","889.92","890.79","885.15","19.13M","-0.43%"
"06/08/1995","890.68","899.61","903.62","890.61","19.35M","-0.97%"
"06/07/1995","899.36","898.98","904.94","897.83","20.70M","0.04%"
"06/05/1995","899.04","889.31","899.13","888.53","21.87M","1.01%"
"06/03/1995","890.08","894.14","894.14","887.74","15.02M","-0.47%"
"06/02/1995","894.24","891.45","902.93","891.45","22.86M","0.32%"
"06/01/1995","891.43","882.57","891.80","882.57","25.56M","1.01%"
"05/31/1995","882.50","881.44","883.90","877.77","25.59M","0.08%"
"05/30/1995","881.80","881.44","881.44","877.77","2.41M","-0.64%"
"05/29/1995","887.50","850.36","888.28","850.36","30.18M","4.77%"
"05/27/1995","847.09","850.74","850.74","843.70","9.33M","-0.43%"
"05/26/1995","850.76","861.54","861.54","850.28","17.44M","-1.32%"
"05/25/1995","862.18","848.17","862.18","839.81","19.78M","1.60%"
"05/24/1995","848.63","857.12","859.25","847.26","15.89M","-0.96%"
"05/23/1995","856.89","862.83","865.12","856.89","16.55M","-0.84%"
"05/22/1995","864.13","875.00","875.00","863.64","11.84M","-1.32%"
"05/20/1995","875.68","876.32","876.32","869.63","9.71M","-0.04%"
"05/19/1995","876.01","881.03","883.88","875.02","16.37M","-0.50%"
"05/18/1995","880.40","885.41","888.40","879.57","17.31M","-0.65%"
"05/17/1995","886.20","885.04","892.91","884.53","20.73M","0.10%"
"05/16/1995","885.33","887.49","891.05","884.80","18.83M","-0.20%"
"05/15/1995","887.11","890.23","894.48","887.09","24.67M","-0.34%"
"05/13/1995","890.11","886.74","896.30","886.74","21.29M","0.45%"
"05/12/1995","886.11","884.33","889.11","878.49","19.51M","0.15%"
"05/11/1995","884.79","891.15","893.17","884.13","18.95M","-0.79%"
"05/10/1995","891.87","903.18","904.60","891.77","15.93M","-1.23%"
"05/09/1995","903.01","910.20","914.52","901.86","21.16M","-0.81%"
"05/08/1995","910.39","917.84","917.84","909.47","20.90M","-0.88%"
"05/06/1995","918.46","921.57","927.36","918.45","16.10M","-0.39%"
"05/04/1995","922.05","920.66","929.08","920.66","28.52M","0.14%"
"05/03/1995","920.73","906.02","929.83","906.02","32.06M","1.62%"
"05/02/1995","906.04","896.16","906.86","896.16","29.13M","1.01%"
"04/29/1995","897.00","896.00","900.57","893.93","20.18M","0.02%"
"04/28/1995","896.84","893.76","899.68","877.35","26.96M","0.33%"
"04/27/1995","893.88","882.39","897.90","882.39","25.12M","1.49%"
"04/26/1995","880.73","878.92","887.86","878.92","18.76M","0.22%"
"04/25/1995","878.78","876.38","881.96","871.65","16.63M","0.22%"
"04/24/1995","876.89","891.40","891.40","876.89","16.33M","-1.68%"
"04/22/1995","891.84","902.98","903.47","891.42","13.96M","-1.25%"
"04/21/1995","903.16","908.80","921.02","897.44","24.63M","-0.61%"
"04/20/1995","908.73","909.64","914.13","904.92","19.47M","-0.12%"
"04/19/1995","909.86","918.89","919.22","909.86","21.82M","-0.79%"
"04/18/1995","917.06","919.23","925.64","915.70","19.72M","-0.20%"
"04/17/1995","918.89","911.52","922.11","911.52","21.59M","0.82%"
"04/15/1995","911.41","906.53","915.14","906.39","16.55M","0.59%"
"04/14/1995","906.06","891.14","906.06","887.24","18.97M","1.67%"
"04/13/1995","891.20","892.92","894.70","888.05","15.99M","-0.25%"
"04/12/1995","893.47","893.17","899.68","893.07","17.10M","0.02%"
"04/11/1995","893.27","898.76","898.76","886.57","15.28M","-0.68%"
"04/10/1995","899.39","908.73","916.28","899.37","15.66M","-1.05%"
"04/08/1995","908.89","914.22","917.01","908.78","12.42M","-0.59%"
"04/07/1995","914.30","905.56","914.30","903.77","17.06M","0.94%"
"04/06/1995","905.78","911.59","916.90","903.04","15.93M","-0.64%"
"04/04/1995","911.61","922.18","922.18","907.86","16.36M","-1.18%"
"04/03/1995","922.53","922.18","922.18","911.17","7.10M","-1.24%"
"04/01/1995","934.09","934.09","934.97","926.67","8.08M","0.25%"
"03/31/1995","931.78","926.24","931.92","924.04","19.75M","0.52%"
"03/30/1995","926.93","936.47","942.46","926.25","21.26M","-1.02%"
"03/29/1995","936.44","947.48","947.59","936.44","21.09M","-1.21%"
"03/28/1995","947.90","953.92","964.04","947.88","25.15M","-0.62%"
"03/27/1995","953.84","955.32","957.64","953.20","22.27M","-0.17%"
"03/25/1995","955.51","953.69","960.94","953.69","17.65M","0.20%"
"03/24/1995","953.62","947.22","956.08","947.08","32.23M","0.67%"
"03/23/1995","947.27","941.86","950.10","938.85","22.89M","0.58%"
"03/22/1995","941.77","946.02","950.30","937.91","21.29M","-0.45%"
"03/21/1995","946.07","956.79","957.05","946.04","22.63M","-1.13%"
"03/20/1995","956.87","951.21","963.82","951.21","25.91M","0.58%"
"03/18/1995","951.34","952.13","956.02","948.32","16.53M","-0.10%"
"03/17/1995","952.25","953.94","963.00","944.37","27.87M","-0.20%"
"03/16/1995","954.16","953.62","959.42","952.25","22.19M","0.05%"
"03/15/1995","953.71","956.52","962.47","952.66","26.43M","-0.31%"
"03/14/1995","956.65","953.00","958.02","948.01","20.95M","0.37%"
"03/13/1995","953.16","954.15","969.45","953.16","29.18M","-0.11%"
"03/11/1995","954.20","944.42","954.96","944.42","18.29M","1.04%"
"03/10/1995","944.37","943.78","951.38","940.87","24.50M","0.07%"
"03/09/1995","943.75","939.54","945.44","935.02","27.33M","0.39%"
"03/08/1995","940.08","936.23","944.12","935.18","27.79M","0.42%"
"03/07/1995","936.13","933.49","941.55","930.36","27.82M","0.29%"
"03/06/1995","933.44","919.52","933.52","919.52","25.42M","1.55%"
"03/04/1995","919.15","908.11","920.87","907.74","17.26M","1.23%"
"03/03/1995","907.96","903.68","913.06","895.62","26.34M","0.50%"
"03/02/1995","903.42","885.40","908.94","884.99","22.78M","2.00%"
"02/28/1995","885.69","893.58","900.20","882.08","20.90M","-1.00%"
"02/27/1995","894.60","911.14","911.14","881.55","22.83M","-1.97%"
"02/25/1995","912.60","893.45","912.60","891.00","16.09M","2.21%"
"02/24/1995","892.89","907.12","907.12","892.44","18.21M","-1.65%"
"02/23/1995","907.86","919.18","927.82","907.74","19.55M","-1.26%"
"02/22/1995","919.48","917.35","921.37","910.70","20.02M","0.19%"
"02/21/1995","917.75","929.21","934.56","917.73","20.64M","-1.24%"
"02/20/1995","929.23","909.54","929.42","909.52","23.06M","2.18%"
"02/18/1995","909.44","909.54","909.54","895.34","14.94M","-0.09%"
"02/17/1995","910.22","923.38","925.86","910.17","20.72M","-1.44%"
"02/16/1995","923.49","925.95","925.95","911.07","22.30M","-0.28%"
"02/15/1995","926.09","941.48","941.85","924.88","20.38M","-1.64%"
"02/14/1995","941.49","957.13","960.16","937.66","23.67M","-1.63%"
"02/13/1995","957.10","954.95","961.82","954.95","24.69M","0.36%"
"02/11/1995","953.71","955.14","959.24","949.35","17.05M","-0.17%"
"02/10/1995","955.31","963.85","966.34","953.97","25.66M","-0.88%"
"02/09/1995","963.77","958.79","968.55","958.79","27.20M","0.57%"
"02/08/1995","958.35","942.70","961.47","942.70","26.58M","1.68%"
"02/07/1995","942.52","945.63","952.96","941.02","23.62M","-0.29%"
"02/06/1995","945.27","951.82","963.14","944.62","29.73M","-0.69%"
"02/04/1995","951.88","940.73","953.86","938.78","21.56M","1.19%"
"02/03/1995","940.64","943.42","946.06","933.62","24.88M","-0.29%"
"02/02/1995","943.35","925.60","947.93","925.60","18.75M","1.92%"
"01/28/1995","925.56","906.71","926.58","906.71","18.14M","2.04%"
"01/27/1995","907.05","927.59","927.59","905.71","21.56M","-2.24%"
"01/26/1995","927.85","916.76","934.90","916.43","27.07M","1.20%"
"01/25/1995","916.85","916.77","929.28","905.05","25.53M","0.00%"
"01/24/1995","916.83","934.96","934.96","916.83","25.26M","-1.98%"
"01/23/1995","935.38","955.02","955.02","935.38","24.45M","-2.07%"
"01/21/1995","955.11","973.04","973.08","955.11","21.15M","-1.84%"
"01/20/1995","973.06","974.93","980.90","973.02","30.12M","-0.19%"
"01/19/1995","974.90","966.53","980.06","966.53","31.66M","0.85%"
"01/18/1995","966.66","956.88","974.47","956.88","29.91M","1.01%"
"01/17/1995","956.96","957.93","968.68","949.37","32.86M","-0.10%"
"01/16/1995","957.88","969.01","969.01","957.63","32.08M","-1.20%"
"01/14/1995","969.56","976.05","976.05","946.32","27.54M","-0.72%"
"01/13/1995","976.59","1,002.05","1,003.73","976.59","37.07M","-2.42%"
"01/12/1995","1,000.77","1,002.49","1,011.13","1,000.76","43.80M","0.17%"
"01/11/1995","999.08","994.92","1,006.83","994.65","41.21M","0.57%"
"01/10/1995","993.44","1,004.38","1,006.33","992.93","46.92M","-0.49%"
"01/09/1995","998.32","995.65","1,001.45","991.32","51.62M","0.96%"
"01/07/1995","988.80","975.35","993.61","975.18","33.84M","1.38%"
"01/06/1995","975.32","975.94","982.58","969.68","50.93M","-0.08%"
"01/05/1995","976.06","996.57","997.10","975.79","53.41M","-2.10%"
"01/04/1995","997.01","1,012.07","1,012.07","995.79","39.35M","-1.63%"
"01/03/1995","1,013.57","1,026.17","1,029.83","1,013.57","19.07M","-1.34%"
"12/28/1994","1,027.37","1,030.41","1,033.46","1,026.27","50.78M","0.20%"
"12/27/1994","1,025.33","1,026.61","1,030.64","1,018.21","39.79M","0.07%"
"12/26/1994","1,024.60","1,037.00","1,038.55","1,024.60","51.67M","-1.08%"
"12/24/1994","1,035.82","1,047.08","1,047.08","1,035.77","36.44M","-0.45%"
"12/23/1994","1,040.55","1,050.81","1,053.95","1,040.53","48.89M","0.03%"
"12/22/1994","1,040.20","1,033.88","1,040.55","1,033.67","45.47M","1.30%"
"12/21/1994","1,026.86","1,028.17","1,032.97","1,026.73","40.93M","0.28%"
"12/20/1994","1,023.99","1,028.75","1,032.18","1,023.45","36.52M","-0.45%"
"12/19/1994","1,028.62","1,036.09","1,037.33","1,028.60","33.05M","-0.76%"
"12/17/1994","1,036.54","1,039.00","1,039.00","1,036.46","22.14M","-0.02%"
"12/16/1994","1,036.76","1,030.41","1,038.01","1,026.05","29.67M","0.86%"
"12/15/1994","1,027.87","1,030.30","1,036.74","1,027.87","33.74M","0.12%"
"12/14/1994","1,026.62","1,025.00","1,034.25","1,019.36","34.86M","0.07%"
"12/13/1994","1,025.89","1,045.06","1,045.58","1,025.89","39.60M","-1.62%"
"12/12/1994","1,042.78","1,037.08","1,044.96","1,035.35","43.05M","0.92%"
"12/10/1994","1,033.27","1,037.86","1,037.86","1,024.42","27.00M","-0.42%"
"12/09/1994","1,037.67","1,052.25","1,052.61","1,037.39","51.69M","-1.52%"
"12/08/1994","1,053.70","1,068.34","1,068.34","1,053.30","53.02M","-1.42%"
"12/07/1994","1,068.93","1,077.87","1,080.66","1,068.57","51.01M","-0.57%"
"12/06/1994","1,075.01","1,071.16","1,079.48","1,071.16","49.93M","0.94%"
"12/05/1994","1,065.03","1,060.60","1,067.57","1,060.18","44.92M","1.04%"
"12/03/1994","1,054.03","1,052.72","1,064.89","1,052.72","30.52M","0.04%"
"12/02/1994","1,053.63","1,064.26","1,064.26","1,053.02","41.49M","-1.18%"
"12/01/1994","1,066.21","1,079.47","1,079.47","1,063.48","60.32M","-0.76%"
"11/30/1994","1,074.41","1,091.91","1,092.03","1,074.39","38.15M","-0.63%"
"11/29/1994","1,081.26","1,072.23","1,082.68","1,071.01","31.16M","1.10%"
"11/28/1994","1,069.48","1,084.92","1,087.06","1,069.47","30.99M","-1.11%"
"11/26/1994","1,081.45","1,082.61","1,087.24","1,081.18","25.64M","0.20%"
"11/25/1994","1,079.34","1,089.35","1,092.15","1,074.55","39.67M","-0.54%"
"11/24/1994","1,085.16","1,098.76","1,100.76","1,085.15","43.33M","-0.99%"
"11/23/1994","1,095.97","1,106.70","1,114.14","1,095.97","53.84M","-0.97%"
"11/22/1994","1,106.70","1,118.45","1,120.64","1,106.66","49.50M","-0.93%"
"11/21/1994","1,117.08","1,121.92","1,126.26","1,117.07","52.86M","-0.04%"
"11/19/1994","1,117.58","1,124.01","1,125.98","1,117.57","32.76M","-0.08%"
"11/18/1994","1,118.44","1,125.54","1,126.83","1,113.02","48.70M","-0.20%"
"11/17/1994","1,120.63","1,123.54","1,125.11","1,115.39","44.48M","0.17%"
"11/16/1994","1,118.75","1,128.05","1,128.70","1,117.73","42.16M","-0.63%"
"11/15/1994","1,125.80","1,136.45","1,136.45","1,125.80","43.65M","-0.25%"
"11/14/1994","1,128.57","1,117.34","1,128.57","1,117.34","34.43M","1.11%"
"11/12/1994","1,116.23","1,128.14","1,130.47","1,114.34","26.28M","-0.56%"
"11/11/1994","1,122.57","1,132.46","1,137.34","1,121.79","44.52M","-0.38%"
"11/10/1994","1,126.87","1,139.55","1,140.97","1,126.87","48.44M","-1.01%"
"11/09/1994","1,138.39","1,144.23","1,145.01","1,136.31","57.18M","-0.03%"
"11/08/1994","1,138.75","1,142.66","1,143.32","1,128.13","53.92M","0.51%"
"11/07/1994","1,132.99","1,136.04","1,144.55","1,132.61","60.52M","0.71%"
"11/05/1994","1,125.01","1,125.96","1,131.30","1,125.01","39.54M","0.49%"
"11/04/1994","1,119.52","1,127.89","1,129.99","1,119.52","66.51M","0.16%"
"11/03/1994","1,117.73","1,110.29","1,118.80","1,109.45","59.47M","1.08%"
"11/02/1994","1,105.74","1,116.14","1,116.72","1,105.39","53.12M","-0.24%"
"11/01/1994","1,108.43","1,116.48","1,116.48","1,107.41","51.20M","0.25%"
"10/31/1994","1,105.62","1,113.18","1,115.48","1,105.62","55.86M","0.67%"
"10/29/1994","1,098.26","1,098.26","1,098.26","1,098.26","34.38M","1.45%"
"10/28/1994","1,082.58","1,082.58","1,082.58","1,082.58","47.78M","-0.20%"
"10/27/1994","1,084.71","1,084.71","1,084.71","1,084.71","54.77M","-0.67%"
"10/26/1994","1,092.03","1,092.03","1,092.03","1,092.03","55.20M","0.09%"
"10/25/1994","1,091.02","1,091.02","1,091.02","1,091.02","46.15M","0.91%"
"10/24/1994","1,081.15","1,081.15","1,081.15","1,081.15","47.90M","-0.71%"
"10/22/1994","1,088.90","1,088.90","1,088.90","1,088.90","37.63M","-0.59%"
"10/21/1994","1,095.32","1,095.32","1,095.32","1,095.32","56.44M","0.60%"
"10/20/1994","1,088.77","1,088.77","1,088.77","1,088.77","47.56M","-0.55%"
"10/19/1994","1,094.76","1,094.76","1,094.76","1,094.76","53.97M","-1.66%"
"10/18/1994","1,113.29","1,113.29","1,113.29","1,113.29","57.03M","0.31%"
"10/17/1994","1,109.87","1,109.87","1,109.87","1,109.87","52.34M","1.22%"
"10/15/1994","1,096.48","1,096.48","1,096.48","1,096.48","38.59M","-0.62%"
"10/14/1994","1,103.37","1,103.37","1,103.37","1,103.37","58.16M","0.62%"
"10/13/1994","1,096.54","1,096.54","1,096.54","1,096.54","53.76M","0.63%"
"10/12/1994","1,089.66","1,089.66","1,089.66","1,089.66","53.37M","1.02%"
"10/11/1994","1,078.66","1,078.66","1,078.66","1,078.66","53.69M","0.93%"
"10/10/1994","1,068.68","1,068.68","1,068.68","1,068.68","46.95M","0.63%"
"10/08/1994","1,061.96","1,061.96","1,061.96","1,061.96","36.30M","-0.36%"
"10/07/1994","1,065.84","1,065.84","1,065.84","1,065.84","68.83M","-0.38%"
"10/06/1994","1,069.93","1,069.93","1,069.93","1,069.93","58.47M","1.20%"
"10/05/1994","1,057.29","1,057.29","1,057.29","1,057.29","62.87M","-0.69%"
"10/04/1994","1,064.64","1,064.64","1,064.64","1,064.64","54.95M","0.99%"
"10/01/1994","1,054.23","1,054.23","1,054.23","1,054.23","35.04M","0.35%"
"09/30/1994","1,050.51","1,050.51","1,050.51","1,050.51","50.87M","1.25%"
"09/29/1994","1,037.55","1,037.55","1,037.55","1,037.55","42.94M","-0.22%"
"09/28/1994","1,039.79","1,039.79","1,039.79","1,039.79","53.17M","-1.16%"
"09/27/1994","1,052.01","1,052.01","1,052.01","1,052.01","46.94M","0.66%"
"09/26/1994","1,045.12","1,045.12","1,045.12","1,045.12","53.69M","0.74%"
"09/24/1994","1,037.41","1,037.41","1,037.41","1,037.41","37.92M","0.62%"
"09/23/1994","1,030.99","1,030.99","1,030.99","1,030.99","46.31M","-0.29%"
"09/22/1994","1,034.01","1,034.01","1,034.01","1,034.01","43.44M","1.02%"
"09/17/1994","1,023.61","1,023.61","1,023.61","1,023.61","30.25M","2.28%"
"09/16/1994","1,000.80","1,000.80","1,000.80","1,000.80","32.93M","1.22%"
"09/15/1994","988.75","988.75","988.75","988.75","35.29M","-1.06%"
"09/14/1994","999.36","999.36","999.36","999.36","39.37M","0.40%"
"09/13/1994","995.38","995.38","995.38","995.38","41.08M","-0.03%"
"09/12/1994","995.70","995.70","995.70","995.70","36.15M","0.93%"
"09/10/1994","986.52","986.52","986.52","986.52","23.62M","0.17%"
"09/09/1994","984.80","984.80","984.80","984.80","46.78M","-0.67%"
"09/08/1994","991.44","991.44","991.44","991.44","39.54M","1.93%"
"09/07/1994","972.68","972.68","972.68","972.68","39.53M","-0.49%"
"09/06/1994","977.50","977.50","977.50","977.50","56.36M","0.81%"
"09/05/1994","969.61","969.61","969.61","969.61","40.99M","2.29%"
"09/03/1994","947.88","947.88","947.88","947.88","26.95M","0.36%"
"09/02/1994","944.52","944.52","944.52","944.52","36.02M","-0.50%"
"09/01/1994","949.23","949.23","949.23","949.23","36.02M","0.53%"
"08/31/1994","944.23","944.23","944.23","944.23","33.03M","0.47%"
"08/30/1994","939.85","939.85","939.85","939.85","25.80M","0.41%"
"08/29/1994","936.01","936.01","936.01","936.01","24.54M","-0.55%"
"08/27/1994","941.18","941.18","941.18","941.18","22.32M","-1.07%"
"08/26/1994","951.38","951.38","951.38","951.38","33.45M","0.63%"
"08/25/1994","945.41","945.41","945.41","945.41","26.05M","0.19%"
"08/24/1994","943.64","943.64","943.64","943.64","32.07M","-0.83%"
"08/23/1994","951.51","951.51","951.51","951.51","35.52M","-1.19%"
"08/22/1994","962.96","962.96","962.96","962.96","35.02M","1.68%"
"08/20/1994","947.06","947.06","947.06","947.06","20.68M","0.41%"
"08/19/1994","943.23","943.23","943.23","943.23","26.32M","-0.34%"
"08/18/1994","946.48","946.48","946.48","946.48","30.55M","0.37%"
"08/17/1994","942.96","942.96","942.96","942.96","21.07M","0.33%"
"08/16/1994","939.90","939.90","939.90","939.90","19.56M","-0.50%"
"08/13/1994","944.61","944.61","944.61","944.61","18.65M","-0.12%"
"08/12/1994","945.74","945.74","945.74","945.74","24.59M","0.70%"
"08/11/1994","939.19","939.19","939.19","939.19","20.19M","0.97%"
"08/10/1994","930.21","930.21","930.21","930.21","21.04M","1.39%"
"08/09/1994","917.50","917.50","917.50","917.50","14.60M","-0.25%"
"08/08/1994","919.76","919.76","919.76","919.76","16.56M","-1.33%"
"08/06/1994","932.17","932.17","932.17","932.17","12.96M","-0.39%"
"08/05/1994","935.82","935.82","935.82","935.82","21.57M","0.90%"
"08/04/1994","927.49","927.49","927.49","927.49","19.66M","0.44%"
"08/03/1994","923.47","923.47","923.47","923.47","18.47M","-0.44%"
"08/02/1994","927.55","927.55","927.55","927.55","16.66M","-0.55%"
"08/01/1994","932.69","932.69","932.69","932.69","17.56M","0.51%"
"07/30/1994","927.97","927.97","927.97","927.97","15.71M","-0.61%"
"07/29/1994","933.66","933.66","933.66","933.66","23.31M","0.81%"
"07/28/1994","926.20","926.20","926.20","926.20","23.41M","-0.86%"
"07/27/1994","934.22","934.22","934.22","934.22","27.74M","-0.10%"
"07/26/1994","935.20","935.20","935.20","935.20","28.75M","-0.42%"
"07/25/1994","939.12","939.12","939.12","939.12","28.87M","-1.21%"
"07/23/1994","950.58","950.58","950.58","950.58","28.03M","1.22%"
"07/22/1994","939.08","939.08","939.08","939.08","32.59M","0.40%"
"07/21/1994","935.35","935.35","935.35","935.35","27.46M","-0.14%"
"07/20/1994","936.67","936.67","936.67","936.67","28.83M","-0.25%"
"07/19/1994","939.05","939.05","939.05","939.05","27.28M","-0.61%"
"07/18/1994","944.80","944.80","944.80","944.80","24.76M","-0.52%"
"07/16/1994","949.73","949.73","949.73","949.73","20.27M","-0.05%"
"07/15/1994","950.24","950.24","950.24","950.24","35.34M","-0.88%"
"07/14/1994","958.72","958.72","958.72","958.72","39.78M","-0.34%"
"07/13/1994","961.97","961.97","961.97","961.97","51.52M","0.14%"
"07/12/1994","960.59","960.59","960.59","960.59","46.39M","1.24%"
"07/11/1994","948.84","948.84","948.84","948.84","50.96M","-0.79%"
"07/09/1994","956.38","956.38","956.38","956.38","35.34M","0.78%"
"07/08/1994","948.96","948.96","948.96","948.96","43.36M","0.34%"
"07/07/1994","945.71","945.71","945.71","945.71","39.85M","-0.81%"
"07/06/1994","953.48","953.48","953.48","953.48","42.84M","-0.73%"
"07/05/1994","960.49","960.49","960.49","960.49","40.00M","0.97%"
"07/04/1994","951.23","951.23","951.23","951.23","38.38M","1.38%"
"07/02/1994","938.30","938.30","938.30","938.30","30.82M","0.40%"
"07/01/1994","934.59","934.59","934.59","934.59","34.13M","0.13%"
"06/30/1994","933.36","933.36","933.36","933.36","34.58M","-0.06%"
"06/29/1994","933.96","933.96","933.96","933.96","33.82M","1.12%"
"06/28/1994","923.61","923.61","923.61","923.61","49.48M","-0.80%"
"06/27/1994","931.04","931.04","931.04","931.04","36.88M","1.20%"
"06/25/1994","919.96","919.96","919.96","919.96","25.80M","-1.02%"
"06/24/1994","929.45","929.45","929.45","929.45","47.04M","-0.65%"
"06/23/1994","935.57","935.57","935.57","935.57","62.28M","-0.09%"
"06/22/1994","936.39","936.39","936.39","936.39","50.72M","-0.05%"
"06/21/1994","936.83","936.83","936.83","936.83","49.16M","-0.60%"
"06/20/1994","942.50","942.50","942.50","942.50","49.75M","1.76%"
"06/18/1994","926.19","926.19","926.19","926.19","25.62M","0.83%"
"06/17/1994","918.54","918.54","918.54","918.54","35.86M","1.94%"
"06/16/1994","901.08","901.08","901.08","901.08","30.09M","1.14%"
"06/15/1994","890.92","890.92","890.92","890.92","28.53M","-1.42%"
"06/14/1994","903.72","903.72","903.72","903.72","34.92M","-2.11%"
"06/13/1994","923.24","923.24","923.24","923.24","30.90M","0.51%"
"06/11/1994","918.60","918.60","918.60","918.60","22.54M","-1.11%"
"06/10/1994","928.94","928.94","928.94","928.94","33.99M","-0.73%"
"06/09/1994","935.79","935.79","935.79","935.79","39.19M","0.30%"
"06/08/1994","933.02","933.02","933.02","933.02","31.54M","1.23%"
"06/07/1994","921.72","921.72","921.72","921.72","27.75M","-0.92%"
"06/04/1994","930.26","930.26","930.26","930.26","24.56M","-1.29%"
"06/03/1994","942.43","942.43","942.43","942.43","33.17M","0.53%"
"06/02/1994","937.43","937.43","937.43","937.43","30.43M","0.50%"
"06/01/1994","932.77","932.77","932.77","932.77","27.87M","-0.72%"
"05/31/1994","939.49","939.49","939.49","939.49","30.06M","-0.65%"
"05/30/1994","945.64","945.64","945.64","945.64","28.98M","-0.66%"
"05/28/1994","951.96","951.96","951.96","951.96","25.58M","-0.20%"
"05/27/1994","953.86","953.86","953.86","953.86","39.41M","0.33%"
"05/26/1994","950.76","950.76","950.76","950.76","33.85M","0.72%"
"05/25/1994","943.92","943.92","943.92","943.92","32.58M","-0.21%"
"05/24/1994","945.89","945.89","945.89","945.89","37.56M","0.04%"
"05/23/1994","945.50","945.50","945.50","945.50","34.62M","-0.07%"
"05/21/1994","946.19","946.19","946.19","946.19","34.17M","-0.24%"
"05/20/1994","948.50","948.50","948.50","948.50","39.77M","-0.34%"
"05/19/1994","951.73","951.73","951.73","951.73","44.22M","0.51%"
"05/17/1994","946.87","946.87","946.87","946.87","37.84M","0.55%"
"05/16/1994","941.66","941.66","941.66","941.66","31.27M","-0.08%"
"05/14/1994","942.38","942.38","942.38","942.38","34.19M","-0.85%"
"05/13/1994","950.45","950.45","950.45","950.45","44.34M","-0.21%"
"05/12/1994","952.45","952.45","952.45","952.45","40.53M","0.37%"
"05/11/1994","948.91","948.91","948.91","948.91","43.73M","0.16%"
"05/10/1994","947.40","947.40","947.40","947.40","37.07M","0.77%"
"05/09/1994","940.15","940.15","940.15","940.15","41.94M","0.40%"
"05/07/1994","936.41","936.41","936.41","936.41","30.18M","0.92%"
"05/06/1994","927.84","927.84","927.84","927.84","38.78M","0.60%"
"05/04/1994","922.33","922.33","922.33","922.33","49.94M","0.52%"
"05/03/1994","917.55","917.55","917.55","917.55","33.90M","-0.19%"
"05/02/1994","919.26","919.26","919.26","919.26","40.68M","1.16%"
"04/30/1994","908.72","908.72","908.72","908.72","22.27M","0.95%"
"04/29/1994","900.14","900.14","900.14","900.14","38.89M","-1.02%"
"04/28/1994","909.39","909.39","909.39","909.39","36.68M","1.33%"
"04/27/1994","897.43","897.43","897.43","897.43","26.11M","1.10%"
"04/26/1994","887.64","887.64","887.64","887.64","22.16M","-0.57%"
"04/25/1994","892.70","892.70","892.70","892.70","26.59M","-0.00%"
"04/23/1994","892.73","892.73","892.73","892.73","19.90M","0.89%"
"04/22/1994","884.85","884.85","884.85","884.85","21.49M","0.33%"
"04/21/1994","881.97","881.97","881.97","881.97","24.91M","0.13%"
"04/20/1994","880.84","880.84","880.84","880.84","20.28M","-0.57%"
"04/19/1994","885.85","885.85","885.85","885.85","24.61M","-0.71%"
"04/18/1994","892.15","892.15","892.15","892.15","25.31M","-0.18%"
"04/16/1994","893.76","893.76","893.76","893.76","24.49M","0.48%"
"04/15/1994","889.48","889.48","889.48","889.48","27.56M","0.67%"
"04/14/1994","883.52","883.52","883.52","883.52","26.21M","0.13%"
"04/13/1994","882.33","882.33","882.33","882.33","30.22M","0.17%"
"04/12/1994","880.87","880.87","880.87","880.87","31.50M","-1.52%"
"04/11/1994","894.47","894.47","894.47","894.47","38.76M","1.25%"
"04/09/1994","883.42","883.42","883.42","883.42","23.54M","1.25%"
"04/08/1994","872.53","872.53","872.53","872.53","30.29M","1.06%"
"04/07/1994","863.36","863.36","863.36","863.36","31.66M","0.04%"
"04/06/1994","863.04","863.04","863.04","863.04","28.65M","0.30%"
"04/04/1994","860.47","860.47","860.47","860.47","29.52M","0.60%"
"04/02/1994","855.37","855.37","855.37","855.37","27.65M","-0.84%"
"04/01/1994","862.61","862.61","862.61","862.61","36.58M","-0.53%"
"03/31/1994","867.22","867.22","867.22","867.22","29.58M","0.18%"
"03/30/1994","865.68","865.68","865.68","865.68","35.79M","-1.14%"
"03/29/1994","875.62","875.62","875.62","875.62","38.05M","-0.86%"
"03/28/1994","883.24","883.24","883.24","883.24","36.94M","1.21%"
"03/26/1994","872.68","872.68","872.68","872.68","24.73M","0.54%"
"03/25/1994","868.03","868.03","868.03","868.03","37.37M","-0.88%"
"03/24/1994","875.72","875.72","875.72","875.72","36.16M","-0.46%"
"03/23/1994","879.78","879.78","879.78","879.78","30.89M","0.21%"
"03/22/1994","877.95","877.95","877.95","877.95","24.31M","-0.87%"
"03/21/1994","885.65","885.65","885.65","885.65","39.27M","-0.93%"
"03/19/1994","893.99","893.99","893.99","893.99","25.73M","0.10%"
"03/18/1994","893.07","893.07","893.07","893.07","35.76M","-0.61%"
"03/17/1994","898.56","898.56","898.56","898.56","44.69M","-0.88%"
"03/16/1994","906.53","906.53","906.53","906.53","38.93M","-0.54%"
"03/15/1994","911.43","911.43","911.43","911.43","46.73M","-0.15%"
"03/14/1994","912.83","912.83","912.83","912.83","36.57M","1.04%"
"03/12/1994","903.42","903.42","903.42","903.42","22.64M","0.17%"
"03/11/1994","901.87","901.87","901.87","901.87","29.71M","2.65%"
"03/10/1994","878.58","878.58","878.58","878.58","20.65M","0.08%"
"03/09/1994","877.85","877.85","877.85","877.85","21.45M","-0.79%"
"03/08/1994","884.85","884.85","884.85","884.85","19.41M","-1.20%"
"03/07/1994","895.62","895.62","895.62","895.62","17.15M","-0.79%"
"03/05/1994","902.77","902.77","902.77","902.77","13.20M","0.69%"
"03/04/1994","896.55","896.55","896.55","896.55","21.79M","-0.62%"
"03/03/1994","902.16","902.16","902.16","902.16","20.76M","-0.50%"
"03/02/1994","906.66","906.66","906.66","906.66","19.14M","-1.33%"
"02/28/1994","918.88","918.88","918.88","918.88","27.36M","-0.80%"
"02/26/1994","926.31","926.31","926.31","926.31","16.92M","0.71%"
"02/25/1994","919.76","919.76","919.76","919.76","22.97M","-1.33%"
"02/24/1994","932.15","932.15","932.15","932.15","27.82M","-1.88%"
"02/23/1994","950.01","950.01","950.01","950.01","30.09M","-0.34%"
"02/22/1994","953.22","953.22","953.22","953.22","33.66M","0.76%"
"02/21/1994","946.00","946.00","946.00","946.00","32.24M","1.40%"
"02/19/1994","932.93","932.93","932.93","932.93","23.90M","0.81%"
"02/18/1994","925.39","925.39","925.39","925.39","30.98M","0.54%"
"02/17/1994","920.38","920.38","920.38","920.38","34.07M","-0.01%"
"02/16/1994","920.43","920.43","920.43","920.43","27.96M","2.06%"
"02/15/1994","901.81","901.81","901.81","901.81","19.72M","0.05%"
"02/14/1994","901.38","901.38","901.38","901.38","22.13M","-1.72%"
"02/12/1994","917.15","917.15","917.15","917.15","18.33M","-0.63%"
"02/08/1994","923.00","923.00","923.00","923.00","32.10M","0.89%"
"02/07/1994","914.88","914.88","914.88","914.88","32.37M","-2.94%"
"02/05/1994","942.60","942.60","942.60","942.60","49.77M","-2.26%"
"02/04/1994","964.42","964.42","964.42","964.42","54.02M","0.98%"
"02/03/1994","955.02","955.02","955.02","955.02","55.97M","-1.97%"
"02/02/1994","974.26","974.26","974.26","974.26","67.05M","1.47%"
"02/01/1994","960.10","960.10","960.10","960.10","57.86M","1.52%"
"01/31/1994","945.71","945.71","945.71","945.71","68.76M","-0.04%"
"01/29/1994","946.11","946.11","946.11","946.11","38.96M","2.09%"
"01/28/1994","926.75","926.75","926.75","926.75","55.30M","2.13%"
"01/27/1994","907.44","907.44","907.44","907.44","48.62M","1.46%"
"01/26/1994","894.34","894.34","894.34","894.34","46.14M","0.26%"
"01/25/1994","892.06","892.06","892.06","892.06","47.43M","0.46%"
"01/24/1994","887.96","887.96","887.96","887.96","42.58M","1.16%"
"01/22/1994","877.75","877.75","877.75","877.75","26.60M","0.87%"
"01/21/1994","870.20","870.20","870.20","870.20","40.22M","-0.92%"
"01/20/1994","878.29","878.29","878.29","878.29","51.33M","-1.00%"
"01/19/1994","887.16","887.16","887.16","887.16","36.35M","1.62%"
"01/18/1994","873.06","873.06","873.06","873.06","33.96M","1.14%"
"01/17/1994","863.25","863.25","863.25","863.25","30.30M","-0.62%"
"01/15/1994","868.65","868.65","868.65","868.65","25.19M","-1.18%"
"01/14/1994","879.03","879.03","879.03","879.03","50.81M","-2.18%"
"01/13/1994","898.66","898.66","898.66","898.66","55.25M","1.39%"
"01/12/1994","886.31","886.31","886.31","886.31","48.26M","0.60%"
"01/11/1994","881.02","881.02","881.02","881.02","38.52M","0.91%"
"01/10/1994","873.04","873.04","873.04","873.04","45.55M","-1.91%"
"01/08/1994","890.01","890.01","890.01","890.01","39.77M","-0.59%"
"01/07/1994","895.25","895.25","895.25","895.25","69.01M","0.23%"
"01/06/1994","893.17","893.17","893.17","893.17","55.75M","0.70%"
"01/05/1994","886.93","886.93","886.93","886.93","43.25M","1.10%"
"01/04/1994","877.30","877.30","877.30","877.30","41.17M","-0.23%"
"01/03/1994","879.32","879.32","879.32","879.32","21.71M","1.52%"
"12/28/1993","866.18","866.18","866.18","866.18","46.19M","-0.88%"
"12/27/1993","873.88","873.88","873.88","873.88","43.87M","1.45%"
"12/24/1993","861.42","861.42","861.42","861.42","40.72M","0.36%"
"12/23/1993","858.37","858.37","858.37","858.37","41.80M","-1.18%"
"12/22/1993","868.60","868.60","868.60","868.60","49.51M","0.32%"
"12/21/1993","865.79","865.79","865.79","865.79","38.14M","2.02%"
"12/20/1993","848.63","848.63","848.63","848.63","34.11M","-1.78%"
"12/18/1993","864.00","864.00","864.00","864.00","32.17M","-1.16%"
"12/17/1993","874.10","874.10","874.10","874.10","47.63M","0.39%"
"12/16/1993","870.72","870.72","870.72","870.72","50.60M","0.56%"
"12/15/1993","865.86","865.86","865.86","865.86","47.54M","1.01%"
"12/14/1993","857.20","857.20","857.20","857.20","39.41M","0.84%"
"12/13/1993","850.03","850.03","850.03","850.03","44.40M","-1.94%"
"12/11/1993","866.88","866.88","866.88","866.88","48.59M","0.60%"
"12/10/1993","861.72","861.72","861.72","861.72","63.87M","2.11%"
"12/09/1993","843.95","843.95","843.95","843.95","68.62M","0.87%"
"12/08/1993","836.71","836.71","836.71","836.71","51.92M","1.64%"
"12/07/1993","823.17","823.17","823.17","823.17","41.87M","-0.40%"
"12/06/1993","826.49","826.49","826.49","826.49","51.06M","0.60%"
"12/04/1993","821.59","821.59","821.59","821.59","28.37M","1.83%"
"12/03/1993","806.86","806.86","806.86","806.86","28.36M","0.71%"
"12/02/1993","801.17","801.17","801.17","801.17","32.26M","-0.94%"
"12/01/1993","808.75","808.75","808.75","808.75","31.90M","-0.28%"
"11/30/1993","811.06","811.06","811.06","811.06","32.21M","0.81%"
"11/29/1993","804.54","804.54","804.54","804.54","28.98M","-0.12%"
"11/27/1993","805.51","805.51","805.51","805.51","25.11M","-0.56%"
"11/26/1993","810.04","810.04","810.04","810.04","35.89M","-1.14%"
"11/25/1993","819.42","819.42","819.42","819.42","51.86M","-1.15%"
"11/24/1993","828.98","828.98","828.98","828.98","55.21M","1.35%"
"11/23/1993","817.90","817.90","817.90","817.90","52.72M","-2.00%"
"11/22/1993","834.58","834.58","834.58","834.58","68.23M","-1.40%"
"11/20/1993","846.47","846.47","846.47","846.47","53.68M","0.73%"
"11/19/1993","840.36","840.36","840.36","840.36","64.27M","2.16%"
"11/18/1993","822.63","822.63","822.63","822.63","64.47M","1.54%"
"11/17/1993","810.17","810.17","810.17","810.17","53.65M","0.94%"
"11/16/1993","802.65","802.65","802.65","802.65","62.86M","-1.00%"
"11/15/1993","810.72","810.72","810.72","810.72","58.71M","1.77%"
"11/13/1993","796.65","796.65","796.65","796.65","38.47M","0.65%"
"11/12/1993","791.47","791.47","791.47","791.47","52.17M","1.04%"
"11/11/1993","783.35","783.35","783.35","783.35","46.20M","0.70%"
"11/10/1993","777.89","777.89","777.89","777.89","57.15M","-0.30%"
"11/09/1993","780.20","780.20","780.20","780.20","51.71M","0.61%"
"11/08/1993","775.47","775.47","775.47","775.47","43.52M","0.79%"
"11/06/1993","769.37","769.37","769.37","769.37","31.19M","-0.51%"
"11/05/1993","773.30","773.30","773.30","773.30","53.16M","0.88%"
"11/04/1993","766.55","766.55","766.55","766.55","35.53M","1.28%"
"11/03/1993","756.87","756.87","756.87","756.87","51.19M","-0.34%"
"11/02/1993","759.42","759.42","759.42","759.42","44.83M","-0.31%"
"11/01/1993","761.76","761.76","761.76","761.76","44.76M","1.47%"
"10/30/1993","750.72","750.72","750.72","750.72","31.55M","1.08%"
"10/29/1993","742.72","742.72","742.72","742.72","38.89M","-0.01%"
"10/28/1993","742.83","742.83","742.83","742.83","34.25M","-0.27%"
"10/27/1993","744.86","744.86","744.86","744.86","30.81M","-0.42%"
"10/26/1993","747.97","747.97","747.97","747.97","34.84M","0.74%"
"10/25/1993","742.48","742.48","742.48","742.48","32.55M","0.84%"
"10/23/1993","736.28","736.28","736.28","736.28","20.22M","-0.10%"
"10/22/1993","736.99","736.99","736.99","736.99","28.42M","-0.55%"
"10/21/1993","741.10","741.10","741.10","741.10","40.62M","0.33%"
"10/20/1993","738.63","738.63","738.63","738.63","30.17M","-0.35%"
"10/19/1993","741.24","741.24","741.24","741.24","41.97M","-0.80%"
"10/18/1993","747.19","747.19","747.19","747.19","39.57M","1.09%"
"10/16/1993","739.14","739.14","739.14","739.14","23.95M","0.61%"
"10/15/1993","734.67","734.67","734.67","734.67","29.61M","-0.42%"
"10/14/1993","737.77","737.77","737.77","737.77","48.59M","-0.35%"
"10/13/1993","740.39","740.39","740.39","740.39","37.90M","2.32%"
"10/12/1993","723.57","723.57","723.57","723.57","32.47M","0.20%"
"10/11/1993","722.09","722.09","722.09","722.09","23.40M","1.37%"
"10/09/1993","712.35","712.35","712.35","712.35","13.57M","-0.31%"
"10/08/1993","714.58","714.58","714.58","714.58","20.54M","-0.45%"
"10/07/1993","717.82","717.82","717.82","717.82","23.72M","0.13%"
"10/06/1993","716.90","716.90","716.90","716.90","22.70M","-0.11%"
"10/05/1993","717.71","717.71","717.71","717.71","27.68M","0.37%"
"10/04/1993","715.05","715.05","715.05","715.05","18.57M","-0.63%"
"10/02/1993","719.55","719.55","719.55","719.55","13.17M","0.09%"
"09/28/1993","718.87","718.87","718.87","718.87","27.39M","0.14%"
"09/27/1993","717.83","717.83","717.83","717.83","28.91M","2.03%"
"09/25/1993","703.55","703.55","703.55","703.55","14.21M","0.19%"
"09/24/1993","702.20","702.20","702.20","702.20","23.06M","-0.18%"
"09/23/1993","703.49","703.49","703.49","703.49","28.48M","0.85%"
"09/22/1993","697.56","697.56","697.56","697.56","22.64M","0.42%"
"09/21/1993","694.66","694.66","694.66","694.66","19.05M","-0.07%"
"09/20/1993","695.12","695.12","695.12","695.12","19.55M","1.34%"
"09/18/1993","685.94","685.94","685.94","685.94","9.33M","-0.35%"
"09/17/1993","688.34","688.34","688.34","688.34","15.34M","0.28%"
"09/16/1993","686.39","686.39","686.39","686.39","12.89M","-0.73%"
"09/15/1993","691.44","691.44","691.44","691.44","17.77M","-0.57%"
"09/14/1993","695.37","695.37","695.37","695.37","16.09M","-0.77%"
"09/13/1993","700.75","700.75","700.75","700.75","27.76M","0.59%"
"09/11/1993","696.61","696.61","696.61","696.61","14.03M","-0.02%"
"09/10/1993","696.76","696.76","696.76","696.76","24.80M","0.09%"
"09/09/1993","696.14","696.14","696.14","696.14","31.12M","1.83%"
"09/08/1993","683.60","683.60","683.60","683.60","20.27M","-1.06%"
"09/07/1993","690.95","690.95","690.95","690.95","27.19M","2.25%"
"09/06/1993","675.77","675.77","675.77","675.77","16.14M","1.52%"
"09/04/1993","665.66","665.66","665.66","665.66","11.82M","-2.16%"
"09/03/1993","680.36","680.36","680.36","680.36","19.18M","0.34%"
"09/02/1993","678.03","678.03","678.03","678.03","21.80M","0.47%"
"09/01/1993","674.86","674.86","674.86","674.86","15.70M","1.50%"
"08/31/1993","664.88","664.88","664.88","664.88","16.70M","-1.08%"
"08/30/1993","672.12","672.12","672.12","672.12","12.92M","-2.57%"
"08/28/1993","689.82","689.82","689.82","689.82","11.73M","0.58%"
"08/27/1993","685.87","685.87","685.87","685.87","16.55M","-1.42%"
"08/26/1993","695.74","695.74","695.74","695.74","15.03M","-1.33%"
"08/25/1993","705.10","705.10","705.10","705.10","17.62M","-1.39%"
"08/24/1993","715.03","715.03","715.03","715.03","20.36M","-1.65%"
"08/23/1993","727.06","727.06","727.06","727.06","21.45M","-1.00%"
"08/21/1993","734.39","734.39","734.39","734.39","20.54M","0.62%"
"08/20/1993","729.86","729.86","729.86","729.86","43.18M","-1.10%"
"08/19/1993","737.97","737.97","737.97","737.97","50.46M","3.48%"
"08/18/1993","713.18","713.18","713.18","713.18","27.44M","3.52%"
"08/17/1993","688.94","688.94","688.94","688.94","25.01M","-0.39%"
"08/16/1993","691.67","691.67","691.67","691.67","29.69M","3.75%"
"08/14/1993","666.67","666.67","666.67","666.67","21.20M","-3.88%"
"08/13/1993","693.57","693.57","693.57","693.57","1.36M","-4.46%"
"08/12/1993","725.94","725.94","725.94","725.94","14.70M","0.32%"
"08/11/1993","723.65","723.65","723.65","723.65","20.53M","0.59%"
"08/10/1993","719.44","719.44","719.44","719.44","15.02M","1.39%"
"08/09/1993","709.59","709.59","709.59","709.59","12.34M","-1.02%"
"08/07/1993","716.88","716.88","716.88","716.88","11.45M","-0.64%"
"08/06/1993","721.48","721.48","721.48","721.48","14.92M","-1.44%"
"08/05/1993","732.05","732.05","732.05","732.05","19.40M","1.67%"
"08/04/1993","720.02","720.02","720.02","720.02","11.51M","-0.21%"
"08/03/1993","721.54","721.54","721.54","721.54","14.01M","0.29%"
"08/02/1993","719.45","719.45","719.45","719.45","10.66M","-1.44%"
"07/31/1993","729.94","729.94","729.94","729.94","17.87M","-0.08%"
"07/30/1993","730.50","730.50","730.50","730.50","22.59M","-1.71%"
"07/29/1993","743.21","743.21","743.21","743.21","22.08M","-0.78%"
"07/28/1993","749.03","749.03","749.03","749.03","21.44M","-0.19%"
"07/27/1993","750.48","750.48","750.48","750.48","20.27M","0.73%"
"07/26/1993","745.07","745.07","745.07","745.07","16.47M","0.44%"
"07/24/1993","741.83","741.83","741.83","741.83","10.79M","0.00%"
"07/23/1993","741.81","741.81","741.81","741.81","17.32M","-0.64%"
"07/22/1993","746.56","746.56","746.56","746.56","20.23M","-0.72%"
"07/21/1993","751.94","751.94","751.94","751.94","22.74M","0.28%"
"07/20/1993","749.86","749.86","749.86","749.86","23.37M","0.06%"
"07/19/1993","749.38","749.38","749.38","749.38","21.03M","-1.29%"
"07/16/1993","759.17","759.17","759.17","759.17","25.83M","-0.42%"
"07/15/1993","762.40","762.40","762.40","762.40","27.98M","-0.07%"
"07/14/1993","762.96","762.96","762.96","762.96","25.12M","0.00%"
"07/13/1993","762.94","762.94","762.94","762.94","28.30M","-0.80%"
"07/12/1993","769.07","769.07","769.07","769.07","30.14M","-0.10%"
"07/10/1993","769.87","769.87","769.87","769.87","26.62M","-0.08%"
"07/09/1993","770.46","770.46","770.46","770.46","38.61M","1.29%"
"07/08/1993","760.68","760.68","760.68","760.68","37.11M","1.01%"
"07/07/1993","753.11","753.11","753.11","753.11","22.22M","0.41%"
"07/06/1993","750.00","750.00","750.00","750.00","23.28M","-0.37%"
"07/05/1993","752.78","752.78","752.78","752.78","22.27M","0.60%"
"07/03/1993","748.30","748.30","748.30","748.30","15.94M","0.19%"
"07/02/1993","746.88","746.88","746.88","746.88","23.34M","-0.85%"
"07/01/1993","753.26","753.26","753.26","753.26","27.88M","0.59%"
"06/30/1993","748.87","748.87","748.87","748.87","32.25M","0.43%"
"06/29/1993","745.69","745.69","745.69","745.69","29.24M","1.56%"
"06/28/1993","734.22","734.22","734.22","734.22","34.18M","-2.01%"
"06/26/1993","749.27","749.27","749.27","749.27","24.73M","-1.41%"
"06/25/1993","760.01","760.01","760.01","760.01","45.96M","-0.39%"
"06/24/1993","762.95","762.95","762.95","762.95","51.25M","0.06%"
"06/23/1993","762.53","762.53","762.53","762.53","45.17M","-1.05%"
"06/22/1993","770.62","770.62","770.62","770.62","53.99M","0.60%"
"06/21/1993","766.06","766.06","766.06","766.06","45.06M","0.77%"
"06/19/1993","760.20","760.20","760.20","760.20","34.60M","-0.25%"
"06/18/1993","762.09","762.09","762.09","762.09","46.50M","-0.06%"
"06/17/1993","762.54","762.54","762.54","762.54","47.54M","0.43%"
"06/16/1993","759.26","759.26","759.26","759.26","33.42M","0.19%"
"06/15/1993","757.84","757.84","757.84","757.84","33.39M","-0.21%"
"06/14/1993","759.47","759.47","759.47","759.47","35.36M","-0.83%"
"06/12/1993","765.86","765.86","765.86","765.86","38.34M","-0.34%"
"06/11/1993","768.48","768.48","768.48","768.48","53.44M","-0.63%"
"06/10/1993","773.39","773.39","773.39","773.39","78.50M","-0.50%"
"06/09/1993","777.25","777.25","777.25","777.25","79.36M","1.18%"
"06/08/1993","768.19","768.19","768.19","768.19","76.24M","0.25%"
"06/07/1993","766.28","766.28","766.28","766.28","60.18M","1.55%"
"06/05/1993","754.59","754.59","754.59","754.59","39.00M","-0.73%"
"06/04/1993","760.15","760.15","760.15","760.15","73.60M","-0.39%"
"06/03/1993","763.15","763.15","763.15","763.15","75.25M","0.44%"
"06/02/1993","759.81","759.81","759.81","759.81","66.55M","1.04%"
"06/01/1993","751.97","751.97","751.97","751.97","69.92M","-0.05%"
"05/31/1993","752.31","752.31","752.31","752.31","62.45M","1.84%"
"05/29/1993","738.75","738.75","738.75","738.75","38.70M","0.21%"
"05/27/1993","737.22","737.22","737.22","737.22","67.66M","1.00%"
"05/26/1993","729.91","729.91","729.91","729.91","50.67M","0.36%"
"05/25/1993","727.27","727.27","727.27","727.27","40.37M","-0.90%"
"05/24/1993","733.91","733.91","733.91","733.91","48.96M","0.08%"
"05/22/1993","733.34","733.34","733.34","733.34","40.41M","0.73%"
"05/21/1993","727.99","727.99","727.99","727.99","50.14M","0.09%"
"05/20/1993","727.37","727.37","727.37","727.37","52.34M","0.36%"
"05/19/1993","724.76","724.76","724.76","724.76","49.86M","0.30%"
"05/18/1993","722.61","722.61","722.61","722.61","47.59M","0.76%"
"05/17/1993","717.17","717.17","717.17","717.17","36.69M","1.67%"
"05/15/1993","705.38","705.38","705.38","705.38","21.15M","-0.23%"
"05/14/1993","707.01","707.01","707.01","707.01","43.46M","-0.51%"
"05/13/1993","710.61","710.61","710.61","710.61","34.55M","1.50%"
"05/12/1993","700.08","700.08","700.08","700.08","23.04M","-0.18%"
"05/11/1993","701.36","701.36","701.36","701.36","27.55M","-0.41%"
"05/10/1993","704.22","704.22","704.22","704.22","20.30M","0.15%"
"05/08/1993","703.16","703.16","703.16","703.16","18.46M","-0.10%"
"05/07/1993","703.85","703.85","703.85","703.85","24.36M","-0.98%"
"05/06/1993","710.80","710.80","710.80","710.80","26.57M","-1.25%"
"05/04/1993","719.83","719.83","719.83","719.83","30.05M","0.17%"
"05/03/1993","718.59","718.59","718.59","718.59","25.67M","0.13%"
"05/01/1993","717.68","717.68","717.68","717.68","18.77M","-0.54%"
"04/30/1993","721.57","721.57","721.57","721.57","36.04M","-0.44%"
"04/29/1993","724.76","724.76","724.76","724.76","36.11M","-0.50%"
"04/28/1993","728.41","728.41","728.41","728.41","35.77M","0.75%"
"04/27/1993","722.96","722.96","722.96","722.96","34.51M","-1.09%"
"04/26/1993","730.92","730.92","730.92","730.92","38.96M","-0.44%"
"04/24/1993","734.18","734.18","734.18","734.18","38.13M","-0.21%"
"04/23/1993","735.70","735.70","735.70","735.70","63.39M","-0.26%"
"04/22/1993","737.59","737.59","737.59","737.59","61.28M","0.55%"
"04/21/1993","733.58","733.58","733.58","733.58","56.62M","1.65%"
"04/20/1993","721.66","721.66","721.66","721.66","43.83M","-0.56%"
"04/19/1993","725.76","725.76","725.76","725.76","57.92M","1.89%"
"04/17/1993","712.30","712.30","712.30","712.30","31.15M","0.77%"
"04/16/1993","706.86","706.86","706.86","706.86","63.15M","-1.38%"
"04/15/1993","716.76","716.76","716.76","716.76","50.88M","1.68%"
"04/14/1993","704.92","704.92","704.92","704.92","61.52M","-2.17%"
"04/13/1993","720.52","720.52","720.52","720.52","60.05M","-0.06%"
"04/12/1993","720.96","720.96","720.96","720.96","65.10M","1.78%"
"04/10/1993","708.33","708.33","708.33","708.33","37.87M","0.77%"
"04/09/1993","702.93","702.93","702.93","702.93","66.56M","1.13%"
"04/08/1993","695.07","695.07","695.07","695.07","43.59M","-0.63%"
"04/07/1993","699.49","699.49","699.49","699.49","67.10M","0.34%"
"04/06/1993","697.11","697.11","697.11","697.11","50.17M","1.14%"
"04/03/1993","689.24","689.24","689.24","689.24","37.54M","1.16%"
"04/02/1993","681.37","681.37","681.37","681.37","47.75M","2.37%"
"04/01/1993","665.61","665.61","665.61","665.61","20.78M","-0.17%"
"03/31/1993","666.75","666.75","666.75","666.75","39.01M","0.26%"
"03/30/1993","665.02","665.02","665.02","665.02","27.79M","1.81%"
"03/29/1993","653.21","653.21","653.21","653.21","22.80M","-0.50%"
"03/27/1993","656.48","656.48","656.48","656.48","16.19M","-0.39%"
"03/26/1993","659.02","659.02","659.02","659.02","23.32M","-0.55%"
"03/25/1993","662.69","662.69","662.69","662.69","32.35M","-0.60%"
"03/24/1993","666.66","666.66","666.66","666.66","27.67M","-0.04%"
"03/23/1993","666.95","666.95","666.95","666.95","37.29M","1.24%"
"03/22/1993","658.75","658.75","658.75","658.75","27.63M","-1.50%"
"03/20/1993","668.75","668.75","668.75","668.75","35.32M","0.02%"
"03/19/1993","668.63","668.63","668.63","668.63","33.52M","0.34%"
"03/18/1993","666.39","666.39","666.39","666.39","51.74M","0.50%"
"03/17/1993","663.05","663.05","663.05","663.05","37.35M","3.95%"
"03/16/1993","637.87","637.87","637.87","637.87","24.71M","-1.22%"
"03/15/1993","645.73","645.73","645.73","645.73","41.63M","1.72%"
"03/13/1993","634.84","634.84","634.84","634.84","20.75M","1.06%"
"03/12/1993","628.16","628.16","628.16","628.16","26.58M","2.10%"
"03/11/1993","615.26","615.26","615.26","615.26","16.44M","-1.75%"
"03/09/1993","626.23","626.23","626.23","626.23","33.26M","0.10%"
"03/08/1993","625.62","625.62","625.62","625.62","20.91M","3.25%"
"03/06/1993","605.93","605.93","605.93","605.93","13.38M","-1.57%"
"03/05/1993","615.57","615.57","615.57","615.57","20.55M","-1.07%"
"03/04/1993","622.22","622.22","622.22","622.22","14.61M","-1.70%"
"03/03/1993","632.99","632.99","632.99","632.99","19.18M","-0.12%"
"03/02/1993","633.73","633.73","633.73","633.73","15.82M","-1.44%"
"02/27/1993","642.96","642.96","642.96","642.96","14.61M","-0.27%"
"02/26/1993","644.70","644.70","644.70","644.70","22.77M","-1.66%"
"02/25/1993","655.61","655.61","655.61","655.61","23.40M","-2.56%"
"02/24/1993","672.81","672.81","672.81","672.81","25.21M","-0.56%"
"02/23/1993","676.62","676.62","676.62","676.62","31.46M","0.28%"
"02/22/1993","674.71","674.71","674.71","674.71","27.78M","3.47%"
"02/20/1993","652.07","652.07","652.07","652.07","18.63M","-0.37%"
"02/19/1993","654.52","654.52","654.52","654.52","26.75M","0.09%"
"02/18/1993","653.91","653.91","653.91","653.91","23.25M","-1.69%"
"02/17/1993","665.12","665.12","665.12","665.12","22.45M","-1.06%"
"02/16/1993","672.22","672.22","672.22","672.22","24.74M","-0.78%"
"02/15/1993","677.52","677.52","677.52","677.52","19.42M","0.03%"
"02/13/1993","677.33","677.33","677.33","677.33","20.82M","-0.89%"
"02/12/1993","683.40","683.40","683.40","683.40","40.05M","0.26%"
"02/11/1993","681.60","681.60","681.60","681.60","43.37M","0.64%"
"02/10/1993","677.25","677.25","677.25","677.25","39.54M","0.28%"
"02/09/1993","675.33","675.33","675.33","675.33","36.14M","0.47%"
"02/08/1993","672.18","672.18","672.18","672.18","26.72M","0.11%"
"02/06/1993","671.42","671.42","671.42","671.42","22.04M","-0.87%"
"02/05/1993","677.31","677.31","677.31","677.31","38.61M","-0.98%"
"02/04/1993","684.04","684.04","684.04","684.04","37.98M","0.84%"
"02/03/1993","678.34","678.34","678.34","678.34","36.84M","1.83%"
"02/02/1993","666.18","666.18","666.18","666.18","28.78M","0.39%"
"02/01/1993","663.57","663.57","663.57","663.57","30.55M","-1.04%"
"01/30/1993","670.56","670.56","670.56","670.56","19.91M","-1.38%"
"01/29/1993","679.96","679.96","679.96","679.96","37.04M","-1.14%"
"01/28/1993","687.79","687.79","687.79","687.79","42.00M","-0.98%"
"01/27/1993","694.57","694.57","694.57","694.57","48.45M","-1.13%"
"01/26/1993","702.50","702.50","702.50","702.50","58.29M","-0.72%"
"01/25/1993","707.61","707.61","707.61","707.61","49.36M","1.10%"
"01/21/1993","699.92","699.92","699.92","699.92","50.42M","-0.01%"
"01/20/1993","700.00","700.00","700.00","700.00","52.76M","0.10%"
"01/19/1993","699.32","699.32","699.32","699.32","44.96M","0.88%"
"01/18/1993","693.23","693.23","693.23","693.23","37.90M","0.28%"
"01/16/1993","691.31","691.31","691.31","691.31","33.52M","-0.29%"
"01/15/1993","693.29","693.29","693.29","693.29","43.79M","0.15%"
"01/14/1993","692.23","692.23","692.23","692.23","48.27M","-1.94%"
"01/13/1993","705.93","705.93","705.93","705.93","59.88M","0.41%"
"01/12/1993","703.05","703.05","703.05","703.05","45.91M","-0.76%"
"01/11/1993","708.42","708.42","708.42","708.42","58.99M","-0.19%"
"01/09/1993","709.77","709.77","709.77","709.77","53.34M","0.75%"
"01/08/1993","704.50","704.50","704.50","704.50","63.86M","1.08%"
"01/07/1993","696.95","696.95","696.95","696.95","60.55M","1.24%"
"01/06/1993","688.40","688.40","688.40","688.40","51.09M","-0.35%"
"01/05/1993","690.79","690.79","690.79","690.79","47.81M","-0.95%"
"01/04/1993","697.41","697.41","697.41","697.41","28.69M","2.80%"
"12/28/1992","678.44","678.44","678.44","678.44","63.96M","-1.38%"
"12/26/1992","687.93","687.93","687.93","687.93","37.57M","1.86%"
"12/24/1992","675.36","675.36","675.36","675.36","55.37M","0.74%"
"12/23/1992","670.43","670.43","670.43","670.43","49.34M","2.04%"
"12/22/1992","657.01","657.01","657.01","657.01","36.94M","0.54%"
"12/21/1992","653.46","653.46","653.46","653.46","38.84M","-1.48%"
"12/19/1992","663.31","663.31","663.31","663.31","39.64M","0.41%"
"12/17/1992","660.60","660.60","660.60","660.60","55.69M","1.00%"
"12/16/1992","654.09","654.09","654.09","654.09","43.57M","0.60%"
"12/15/1992","650.21","650.21","650.21","650.21","30.86M","-0.16%"
"12/14/1992","651.23","651.23","651.23","651.23","40.71M","0.61%"
"12/12/1992","647.28","647.28","647.28","647.28","24.67M","0.24%"
"12/11/1992","645.70","645.70","645.70","645.70","34.16M","0.57%"
"12/10/1992","642.03","642.03","642.03","642.03","30.37M","3.43%"
"12/09/1992","620.74","620.74","620.74","620.74","19.33M","-0.78%"
"12/08/1992","625.61","625.61","625.61","625.61","22.42M","1.53%"
"12/07/1992","616.21","616.21","616.21","616.21","20.87M","-1.13%"
"12/05/1992","623.25","623.25","623.25","623.25","15.99M","-1.89%"
"12/04/1992","635.28","635.28","635.28","635.28","29.91M","-0.57%"
"12/03/1992","638.93","638.93","638.93","638.93","33.67M","-1.73%"
"12/02/1992","650.20","650.20","650.20","650.20","43.14M","-1.47%"
"12/01/1992","659.93","659.93","659.93","659.93","44.37M","-0.52%"
"11/30/1992","663.36","663.36","663.36","663.36","37.04M","1.60%"
"11/28/1992","652.94","652.94","652.94","652.94","24.53M","0.32%"
"11/27/1992","650.85","650.85","650.85","650.85","40.71M","-1.53%"
"11/26/1992","660.94","660.94","660.94","660.94","44.35M","1.30%"
"11/25/1992","652.47","652.47","652.47","652.47","34.43M","-0.39%"
"11/24/1992","655.05","655.05","655.05","655.05","53.15M","-2.15%"
"11/23/1992","669.46","669.46","669.46","669.46","45.35M","2.35%"
"11/21/1992","654.08","654.08","654.08","654.08","25.80M","2.92%"
"11/20/1992","635.55","635.55","635.55","635.55","45.03M","0.48%"
"11/19/1992","632.49","632.49","632.49","632.49","31.99M","1.81%"
"11/18/1992","621.25","621.25","621.25","621.25","36.69M","-1.61%"
"11/17/1992","631.42","631.42","631.42","631.42","34.91M","2.40%"
"11/16/1992","616.64","616.64","616.64","616.64","29.95M","-2.47%"
"11/14/1992","632.28","632.28","632.28","632.28","37.90M","-3.17%"
"11/13/1992","652.97","652.97","652.97","652.97","48.95M","2.51%"
"11/12/1992","636.99","636.99","636.99","636.99","49.27M","-3.33%"
"11/11/1992","658.96","658.96","658.96","658.96","74.65M","-2.64%"
"11/10/1992","676.86","676.86","676.86","676.86","71.39M","-1.45%"
"11/09/1992","686.81","686.81","686.81","686.81","71.05M","3.38%"
"11/07/1992","664.35","664.35","664.35","664.35","45.36M","3.01%"
"11/06/1992","644.94","644.94","644.94","644.94","63.72M","2.16%"
"11/05/1992","631.31","631.31","631.31","631.31","59.57M","1.99%"
"11/04/1992","619.00","619.00","619.00","619.00","47.19M","2.23%"
"11/03/1992","605.52","605.52","605.52","605.52","37.39M","-2.64%"
"11/02/1992","621.97","621.97","621.97","621.97","52.90M","1.04%"
"10/31/1992","615.58","615.58","615.58","615.58","43.57M","0.90%"
"10/30/1992","610.09","610.09","610.09","610.09","61.58M","0.71%"
"10/29/1992","605.78","605.78","605.78","605.78","62.38M","3.49%"
"10/28/1992","585.34","585.34","585.34","585.34","42.66M","0.21%"
"10/27/1992","584.10","584.10","584.10","584.10","67.73M","0.23%"
"10/26/1992","582.74","582.74","582.74","582.74","36.41M","4.46%"
"10/24/1992","557.86","557.86","557.86","557.86","31.34M","-2.36%"
"10/23/1992","571.34","571.34","571.34","571.34","46.84M","0.42%"
"10/22/1992","568.97","568.97","568.97","568.97","45.97M","1.65%"
"10/21/1992","559.71","559.71","559.71","559.71","37.89M","3.56%"
"10/20/1992","540.45","540.45","540.45","540.45","22.09M","0.14%"
"10/19/1992","539.70","539.70","539.70","539.70","29.04M","2.52%"
"10/17/1992","526.45","526.45","526.45","526.45","14.14M","1.45%"
"10/16/1992","518.91","518.91","518.91","518.91","12.58M","-0.56%"
"10/15/1992","521.85","521.85","521.85","521.85","15.80M","-0.59%"
"10/14/1992","524.96","524.96","524.96","524.96","14.91M","2.05%"
"10/13/1992","514.39","514.39","514.39","514.39","11.15M","-0.10%"
"10/12/1992","514.90","514.90","514.90","514.90","14.97M","-2.07%"
"10/10/1992","525.77","525.77","525.77","525.77","12.17M","0.29%"
"10/09/1992","524.27","524.27","524.27","524.27","12.57M","1.13%"
"10/08/1992","518.43","518.43","518.43","518.43","20.76M","-1.13%"
"10/07/1992","524.38","524.38","524.38","524.38","15.74M","3.27%"
"10/06/1992","507.76","507.76","507.76","507.76","10.65M","1.10%"
"10/05/1992","502.22","502.22","502.22","502.22","9.57M","-2.12%"
"10/02/1992","513.12","513.12","513.12","513.12","10.12M","0.86%"
"10/01/1992","508.76","508.76","508.76","508.76","8.38M","-0.98%"
"09/30/1992","513.82","513.82","513.82","513.82","11.60M","-0.06%"
"09/29/1992","514.11","514.11","514.11","514.11","12.68M","-0.37%"
"09/28/1992","516.04","516.04","516.04","516.04","13.21M","-1.56%"
"09/26/1992","524.23","524.23","524.23","524.23","11.21M","-0.25%"
"09/25/1992","525.57","525.57","525.57","525.57","14.91M","0.42%"
"09/24/1992","523.35","523.35","523.35","523.35","20.27M","-0.19%"
"09/23/1992","524.35","524.35","524.35","524.35","18.91M","1.00%"
"09/22/1992","519.16","519.16","519.16","519.16","21.98M","-0.46%"
"09/21/1992","521.54","521.54","521.54","521.54","22.85M","-3.52%"
"09/19/1992","540.55","540.55","540.55","540.55","14.36M","1.03%"
"09/18/1992","535.02","535.02","535.02","535.02","17.90M","0.25%"
"09/17/1992","533.66","533.66","533.66","533.66","16.55M","-1.05%"
"09/16/1992","539.30","539.30","539.30","539.30","19.59M","-1.01%"
"09/15/1992","544.82","544.82","544.82","544.82","20.82M","-1.18%"
"09/14/1992","551.31","551.31","551.31","551.31","22.91M","0.03%"
"09/09/1992","551.12","551.12","551.12","551.12","30.14M","-0.40%"
"09/08/1992","553.35","553.35","553.35","553.35","31.58M","-0.76%"
"09/07/1992","557.59","557.59","557.59","557.59","23.58M","4.28%"
"09/05/1992","534.69","534.69","534.69","534.69","19.23M","-1.73%"
"09/04/1992","544.08","544.08","544.08","544.08","28.33M","-3.52%"
"09/03/1992","563.94","563.94","563.94","563.94","35.05M","0.21%"
"09/02/1992","562.74","562.74","562.74","562.74","38.10M","0.74%"
"09/01/1992","558.60","558.60","558.60","558.60","49.60M","-0.75%"
"08/31/1992","562.80","562.80","562.80","562.80","34.06M","4.37%"
"08/29/1992","539.21","539.21","539.21","539.21","24.41M","3.98%"
"08/28/1992","518.56","518.56","518.56","518.56","33.41M","-0.39%"
"08/27/1992","520.61","520.61","520.61","520.61","36.31M","1.31%"
"08/26/1992","513.87","513.87","513.87","513.87","27.89M","3.92%"
"08/25/1992","494.50","494.50","494.50","494.50","22.95M","2.23%"
"08/24/1992","483.73","483.73","483.73","483.73","19.75M","2.57%"
"08/22/1992","471.61","471.61","471.61","471.61","11.76M","2.73%"
"08/21/1992","459.07","459.07","459.07","459.07","12.81M","-1.85%"
"08/20/1992","467.70","467.70","467.70","467.70","15.02M","-2.38%"
"08/19/1992","479.09","479.09","479.09","479.09","17.64M","3.04%"
"08/18/1992","464.95","464.95","464.95","464.95","17.16M","0.61%"
"08/17/1992","462.13","462.13","462.13","462.13","9.46M","-3.50%"
"08/14/1992","478.90","478.90","478.90","478.90","8.54M","-1.92%"
"08/13/1992","488.25","488.25","488.25","488.25","9.75M","-0.90%"
"08/12/1992","492.66","492.66","492.66","492.66","8.52M","-1.95%"
"08/11/1992","502.45","502.45","502.45","502.45","9.40M","-1.07%"
"08/10/1992","507.88","507.88","507.88","507.88","11.30M","2.74%"
"08/08/1992","494.35","494.35","494.35","494.35","6.89M","-0.18%"
"08/07/1992","495.22","495.22","495.22","495.22","11.75M","-0.96%"
"08/06/1992","500.04","500.04","500.04","500.04","10.32M","1.36%"
"08/05/1992","493.33","493.33","493.33","493.33","10.33M","-1.63%"
"08/04/1992","501.48","501.48","501.48","501.48","10.53M","-1.41%"
"08/03/1992","508.63","508.63","508.63","508.63","6.98M","0.41%"
"08/01/1992","506.57","506.57","506.57","506.57","5.98M","-0.66%"
"07/31/1992","509.95","509.95","509.95","509.95","7.46M","0.14%"
"07/30/1992","509.23","509.23","509.23","509.23","7.66M","0.08%"
"07/29/1992","508.84","508.84","508.84","508.84","8.45M","-1.09%"
"07/28/1992","514.45","514.45","514.45","514.45","10.69M","-0.59%"
"07/27/1992","517.48","517.48","517.48","517.48","9.83M","-0.82%"
"07/25/1992","521.76","521.76","521.76","521.76","10.69M","-0.04%"
"07/24/1992","521.99","521.99","521.99","521.99","11.55M","0.67%"
"07/23/1992","518.53","518.53","518.53","518.53","12.53M","-1.42%"
"07/22/1992","526.00","526.00","526.00","526.00","13.47M","2.77%"
"07/21/1992","511.84","511.84","511.84","511.84","8.86M","1.29%"
"07/20/1992","505.30","505.30","505.30","505.30","8.17M","-0.07%"
"07/18/1992","505.64","505.64","505.64","505.64","6.68M","-1.17%"
"07/16/1992","511.61","511.61","511.61","511.61","9.95M","-0.50%"
"07/15/1992","514.19","514.19","514.19","514.19","12.97M","-2.45%"
"07/14/1992","527.08","527.08","527.08","527.08","12.15M","2.84%"
"07/13/1992","512.54","512.54","512.54","512.54","9.95M","-1.34%"
"07/11/1992","519.50","519.50","519.50","519.50","9.90M","-0.84%"
"07/10/1992","523.88","523.88","523.88","523.88","10.81M","0.15%"
"07/09/1992","523.07","523.07","523.07","523.07","10.26M","-1.64%"
"07/08/1992","531.79","531.79","531.79","531.79","14.40M","-0.66%"
"07/07/1992","535.34","535.34","535.34","535.34","11.25M","-0.07%"
"07/06/1992","535.72","535.72","535.72","535.72","10.20M","-1.78%"
"07/04/1992","545.41","545.41","545.41","545.41","9.15M","-0.33%"
"07/03/1992","547.20","547.20","547.20","547.20","11.54M","-0.20%"
"07/02/1992","548.28","548.28","548.28","548.28","12.01M","-0.67%"
"07/01/1992","551.98","551.98","551.98","551.98","14.45M","-0.01%"
"06/30/1992","552.03","552.03","552.03","552.03","13.24M","0.09%"
"06/29/1992","551.55","551.55","551.55","551.55","14.97M","-0.06%"
"06/27/1992","551.88","551.88","551.88","551.88","13.16M","-0.04%"
"06/26/1992","552.09","552.09","552.09","552.09","14.88M","0.69%"
"06/25/1992","548.30","548.30","548.30","548.30","13.51M","-0.67%"
"06/24/1992","551.99","551.99","551.99","551.99","13.14M","-1.43%"
"06/23/1992","559.99","559.99","559.99","559.99","14.49M","0.30%"
"06/22/1992","558.32","558.32","558.32","558.32","11.89M","-1.23%"
"06/20/1992","565.29","565.29","565.29","565.29","16.13M","-1.00%"
"06/19/1992","571.02","571.02","571.02","571.02","17.65M","1.27%"
"06/18/1992","563.85","563.85","563.85","563.85","17.44M","-2.23%"
"06/17/1992","576.72","576.72","576.72","576.72","26.58M","-0.56%"
"06/16/1992","579.95","579.95","579.95","579.95","24.52M","0.02%"
"06/15/1992","579.81","579.81","579.81","579.81","30.19M","-0.17%"
"06/13/1992","580.80","580.80","580.80","580.80","16.90M","2.58%"
"06/12/1992","566.20","566.20","566.20","566.20","15.25M","-0.75%"
"06/11/1992","570.50","570.50","570.50","570.50","20.17M","1.36%"
"06/10/1992","562.87","562.87","562.87","562.87","16.72M","0.20%"
"06/09/1992","561.76","561.76","561.76","561.76","16.08M","-0.34%"
"06/08/1992","563.65","563.65","563.65","563.65","12.67M","-0.98%"
"06/05/1992","569.20","569.20","569.20","569.20","15.36M","0.07%"
"06/04/1992","568.81","568.81","568.81","568.81","14.83M","-0.03%"
"06/03/1992","568.98","568.98","568.98","568.98","16.44M","0.29%"
"06/02/1992","567.34","567.34","567.34","567.34","15.71M","-0.33%"
"06/01/1992","569.19","569.19","569.19","569.19","16.26M","-0.87%"
"05/30/1992","574.20","574.20","574.20","574.20","13.37M","0.57%"
"05/29/1992","570.93","570.93","570.93","570.93","14.52M","-1.33%"
"05/28/1992","578.63","578.63","578.63","578.63","23.68M","-1.13%"
"05/27/1992","585.23","585.23","585.23","585.23","22.34M","2.76%"
"05/26/1992","569.51","569.51","569.51","569.51","15.60M","-0.33%"
"05/25/1992","571.39","571.39","571.39","571.39","17.66M","-0.78%"
"05/23/1992","575.87","575.87","575.87","575.87","14.17M","-1.20%"
"05/22/1992","582.88","582.88","582.88","582.88","21.09M","1.58%"
"05/21/1992","573.83","573.83","573.83","573.83","23.14M","-1.05%"
"05/20/1992","579.91","579.91","579.91","579.91","28.00M","-1.37%"
"05/19/1992","587.97","587.97","587.97","587.97","24.59M","-0.01%"
"05/18/1992","588.05","588.05","588.05","588.05","24.42M","0.38%"
"05/16/1992","585.84","585.84","585.84","585.84","16.51M","-0.59%"
"05/15/1992","589.30","589.30","589.30","589.30","21.44M","0.30%"
"05/14/1992","587.56","587.56","587.56","587.56","25.67M","-0.80%"
"05/13/1992","592.29","592.29","592.29","592.29","24.51M","1.00%"
"05/12/1992","586.40","586.40","586.40","586.40","18.32M","-0.19%"
"05/11/1992","587.52","587.52","587.52","587.52","22.96M","-1.19%"
"05/09/1992","594.62","594.62","594.62","594.62","18.67M","-0.77%"
"05/08/1992","599.25","599.25","599.25","599.25","22.29M","-0.68%"
"05/07/1992","603.34","603.34","603.34","603.34","24.78M","-1.39%"
"05/06/1992","611.85","611.85","611.85","611.85","24.80M","-1.37%"
"05/04/1992","620.33","620.33","620.33","620.33","29.61M","0.87%"
"05/02/1992","614.95","614.95","614.95","614.95","18.96M","-0.87%"
"05/01/1992","620.37","620.37","620.37","620.37","33.47M","0.71%"
"04/30/1992","615.97","615.97","615.97","615.97","38.83M","0.53%"
"04/29/1992","612.72","612.72","612.72","612.72","31.12M","2.59%"
"04/28/1992","597.24","597.24","597.24","597.24","33.73M","-1.78%"
"04/27/1992","608.06","608.06","608.06","608.06","36.14M","2.22%"
"04/25/1992","594.88","594.88","594.88","594.88","23.99M","-0.17%"
"04/24/1992","595.88","595.88","595.88","595.88","35.62M","2.23%"
"04/23/1992","582.87","582.87","582.87","582.87","28.79M","-0.23%"
"04/22/1992","584.22","584.22","584.22","584.22","31.20M","-0.73%"
"04/21/1992","588.51","588.51","588.51","588.51","25.86M","0.12%"
"04/20/1992","587.81","587.81","587.81","587.81","25.57M","0.00%"
"04/18/1992","587.79","587.79","587.79","587.79","18.43M","0.01%"
"04/17/1992","587.72","587.72","587.72","587.72","25.19M","0.07%"
"04/16/1992","587.33","587.33","587.33","587.33","25.02M","1.59%"
"04/15/1992","578.11","578.11","578.11","578.11","20.97M","0.44%"
"04/14/1992","575.56","575.56","575.56","575.56","16.89M","-0.45%"
"04/13/1992","578.19","578.19","578.19","578.19","15.89M","0.36%"
"04/11/1992","576.11","576.11","576.11","576.11","14.97M","1.13%"
"04/10/1992","569.65","569.65","569.65","569.65","19.94M","-1.10%"
"04/09/1992","575.98","575.98","575.98","575.98","18.19M","0.53%"
"04/08/1992","572.97","572.97","572.97","572.97","19.87M","-1.06%"
"04/07/1992","579.09","579.09","579.09","579.09","23.85M","-1.85%"
"04/06/1992","590.02","590.02","590.02","590.02","23.29M","0.03%"
"04/04/1992","589.83","589.83","589.83","589.83","18.24M","-1.10%"
"04/03/1992","596.39","596.39","596.39","596.39","25.41M","1.83%"
"04/02/1992","585.67","585.67","585.67","585.67","28.06M","-2.23%"
"04/01/1992","599.00","599.00","599.00","599.00","21.03M","-1.21%"
"03/31/1992","606.32","606.32","606.32","606.32","24.29M","1.44%"
"03/30/1992","597.69","597.69","597.69","597.69","19.77M","-0.82%"
"03/28/1992","602.66","602.66","602.66","602.66","17.25M","-2.38%"
"03/27/1992","617.38","617.38","617.38","617.38","36.20M","0.93%"
"03/26/1992","611.70","611.70","611.70","611.70","29.27M","0.64%"
"03/25/1992","607.83","607.83","607.83","607.83","21.77M","-2.61%"
"03/23/1992","624.13","624.13","624.13","624.13","28.62M","1.11%"
"03/21/1992","617.30","617.30","617.30","617.30","16.84M","0.31%"
"03/20/1992","615.39","615.39","615.39","615.39","23.83M","0.44%"
"03/19/1992","612.67","612.67","612.67","612.67","20.42M","-0.28%"
"03/18/1992","614.36","614.36","614.36","614.36","20.66M","-0.13%"
"03/17/1992","615.19","615.19","615.19","615.19","16.79M","1.12%"
"03/16/1992","608.36","608.36","608.36","608.36","12.43M","-0.18%"
"03/14/1992","609.45","609.45","609.45","609.45","10.34M","-0.83%"
"03/13/1992","614.58","614.58","614.58","614.58","14.27M","-0.73%"
"03/12/1992","619.11","619.11","619.11","619.11","14.85M","0.01%"
"03/11/1992","619.05","619.05","619.05","619.05","17.01M","-1.43%"
"03/09/1992","628.02","628.02","628.02","628.02","20.20M","0.57%"
"03/07/1992","624.49","624.49","624.49","624.49","16.92M","-0.26%"
"03/06/1992","626.09","626.09","626.09","626.09","19.88M","1.11%"
"03/05/1992","619.23","619.23","619.23","619.23","25.14M","-1.78%"
"03/04/1992","630.47","630.47","630.47","630.47","16.79M","2.36%"
"03/03/1992","615.92","615.92","615.92","615.92","22.51M","-0.76%"
"03/02/1992","620.65","620.65","620.65","620.65","21.07M","1.33%"
"02/29/1992","612.50","612.50","612.50","612.50","13.78M","-0.40%"
"02/28/1992","614.99","614.99","614.99","614.99","21.90M","-1.50%"
"02/27/1992","624.36","624.36","624.36","624.36","20.58M","0.47%"
"02/26/1992","621.42","621.42","621.42","621.42","17.31M","-1.68%"
"02/25/1992","632.07","632.07","632.07","632.07","19.76M","-0.89%"
"02/24/1992","637.73","637.73","637.73","637.73","18.70M","-0.50%"
"02/22/1992","640.96","640.96","640.96","640.96","15.33M","1.27%"
"02/21/1992","632.91","632.91","632.91","632.91","17.69M","0.04%"
"02/20/1992","632.66","632.66","632.66","632.66","18.02M","-2.39%"
"02/19/1992","648.13","648.13","648.13","648.13","22.11M","1.55%"
"02/18/1992","638.22","638.22","638.22","638.22","16.02M","-0.30%"
"02/17/1992","640.14","640.14","640.14","640.14","18.81M","-1.17%"
"02/15/1992","647.71","647.71","647.71","647.71","15.67M","-1.66%"
"02/14/1992","658.63","658.63","658.63","658.63","21.65M","0.33%"
"02/13/1992","656.49","656.49","656.49","656.49","26.77M","-1.17%"
"02/12/1992","664.23","664.23","664.23","664.23","25.71M","-1.50%"
"02/11/1992","674.32","674.32","674.32","674.32","31.65M","-1.87%"
"02/10/1992","687.18","687.18","687.18","687.18","32.87M","-0.62%"
"02/08/1992","691.48","691.48","691.48","691.48","28.98M","0.08%"
"02/07/1992","690.90","690.90","690.90","690.90","19.60M","0.01%"
"02/06/1992","690.84","690.84","690.84","690.84","33.84M","-0.08%"
"02/01/1992","691.37","691.37","691.37","691.37","26.58M","1.60%"
"01/31/1992","680.51","680.51","680.51","680.51","34.89M","2.47%"
"01/30/1992","664.13","664.13","664.13","664.13","25.26M","0.74%"
"01/29/1992","659.28","659.28","659.28","659.28","26.61M","-1.00%"
"01/28/1992","665.96","665.96","665.96","665.96","29.69M","-1.36%"
"01/27/1992","675.11","675.11","675.11","675.11","35.78M","1.63%"
"01/25/1992","664.29","664.29","664.29","664.29","24.72M","0.95%"
"01/24/1992","658.04","658.04","658.04","658.04","37.88M","-1.41%"
"01/23/1992","667.47","667.47","667.47","667.47","40.86M","3.28%"
"01/22/1992","646.28","646.28","646.28","646.28","31.24M","2.58%"
"01/21/1992","630.00","630.00","630.00","630.00","28.41M","-0.61%"
"01/20/1992","633.87","633.87","633.87","633.87","27.91M","2.04%"
"01/18/1992","621.21","621.21","621.21","621.21","19.40M","0.73%"
"01/17/1992","616.72","616.72","616.72","616.72","25.31M","1.07%"
"01/16/1992","610.19","610.19","610.19","610.19","26.39M","0.92%"
"01/15/1992","604.63","604.63","604.63","604.63","17.79M","-1.86%"
"01/14/1992","616.12","616.12","616.12","616.12","17.11M","1.02%"
"01/13/1992","609.90","609.90","609.90","609.90","14.83M","-1.30%"
"01/11/1992","617.92","617.92","617.92","617.92","11.31M","-0.25%"
"01/10/1992","619.47","619.47","619.47","619.47","21.45M","-2.77%"
"01/09/1992","637.11","637.11","637.11","637.11","24.34M","1.80%"
"01/08/1992","625.85","625.85","625.85","625.85","23.38M","-3.01%"
"01/07/1992","645.27","645.27","645.27","645.27","35.88M","-0.74%"
"01/06/1992","650.10","650.10","650.10","650.10","28.69M","-0.03%"
"01/04/1992","650.31","650.31","650.31","650.31","17.60M","4.18%"
"01/03/1992","624.23","624.23","624.23","624.23","9.34M","2.18%"
"12/26/1991","610.92","610.92","610.92","610.92","26.28M","0.05%"
"12/24/1991","610.59","610.59","610.59","610.59","21.90M","4.11%"
"12/23/1991","586.51","586.51","586.51","586.51","16.75M","-2.41%"
"12/21/1991","601.01","601.01","601.01","601.01","10.43M","-1.84%"
"12/20/1991","612.25","612.25","612.25","612.25","15.73M","0.80%"
"12/19/1991","607.39","607.39","607.39","607.39","14.57M","-0.05%"
"12/18/1991","607.69","607.69","607.69","607.69","13.48M","-2.52%"
"12/17/1991","623.40","623.40","623.40","623.40","13.93M","-1.12%"
"12/16/1991","630.45","630.45","630.45","630.45","11.70M","-1.45%"
"12/14/1991","639.72","639.72","639.72","639.72","13.22M","-1.18%"
"12/13/1991","647.37","647.37","647.37","647.37","18.14M","-0.92%"
"12/12/1991","653.40","653.40","653.40","653.40","18.75M","1.91%"
"12/11/1991","641.15","641.15","641.15","641.15","19.69M","0.85%"
"12/10/1991","635.76","635.76","635.76","635.76","17.32M","3.26%"
"12/09/1991","615.70","615.70","615.70","615.70","12.58M","-0.67%"
"12/07/1991","619.88","619.88","619.88","619.88","8.91M","-2.41%"
"12/06/1991","635.17","635.17","635.17","635.17","15.31M","2.28%"
"12/05/1991","621.04","621.04","621.04","621.04","10.54M","-1.67%"
"12/04/1991","631.59","631.59","631.59","631.59","9.68M","-1.92%"
"12/03/1991","643.93","643.93","643.93","643.93","9.70M","-1.15%"
"12/02/1991","651.44","651.44","651.44","651.44","8.90M","-0.10%"
"11/30/1991","652.11","652.11","652.11","652.11","7.18M","-0.06%"
"11/29/1991","652.47","652.47","652.47","652.47","10.99M","-1.25%"
"11/28/1991","660.73","660.73","660.73","660.73","13.43M","1.80%"
"11/27/1991","649.03","649.03","649.03","649.03","9.05M","-0.04%"
"11/26/1991","649.32","649.32","649.32","649.32","9.33M","-1.08%"
"11/25/1991","656.38","656.38","656.38","656.38","8.42M","-0.63%"
"11/23/1991","660.57","660.57","660.57","660.57","6.52M","-0.01%"
"11/22/1991","660.64","660.64","660.64","660.64","10.00M","-0.61%"
"11/21/1991","664.68","664.68","664.68","664.68","12.08M","-0.52%"
"11/20/1991","668.13","668.13","668.13","668.13","12.28M","1.85%"
"11/19/1991","656.01","656.01","656.01","656.01","11.22M","-1.17%"
"11/18/1991","663.75","663.75","663.75","663.75","9.55M","-0.29%"
"11/16/1991","665.65","665.65","665.65","665.65","7.42M","-0.33%"
"11/15/1991","667.84","667.84","667.84","667.84","11.20M","-0.82%"
"11/14/1991","673.35","673.35","673.35","673.35","11.81M","-0.37%"
"11/13/1991","675.85","675.85","675.85","675.85","13.38M","-0.25%"
"11/12/1991","677.53","677.53","677.53","677.53","16.06M","-0.30%"
"11/11/1991","679.58","679.58","679.58","679.58","15.19M","-0.74%"
"11/09/1991","684.66","684.66","684.66","684.66","10.72M","0.39%"
"11/08/1991","682.03","682.03","682.03","682.03","19.36M","0.38%"
"11/07/1991","679.42","679.42","679.42","679.42","15.11M","0.03%"
"11/06/1991","679.20","679.20","679.20","679.20","12.09M","1.82%"
"11/05/1991","667.04","667.04","667.04","667.04","14.41M","-0.43%"
"11/04/1991","669.92","669.92","669.92","669.92","14.76M","-2.16%"
"11/02/1991","684.72","684.72","684.72","684.72","10.32M","-0.67%"
"11/01/1991","689.32","689.32","689.32","689.32","16.42M","-0.95%"
"10/31/1991","695.94","695.94","695.94","695.94","19.23M","-0.63%"
"10/30/1991","700.38","700.38","700.38","700.38","20.10M","0.85%"
"10/29/1991","694.45","694.45","694.45","694.45","18.16M","0.20%"
"10/28/1991","693.09","693.09","693.09","693.09","17.22M","-1.24%"
"10/26/1991","701.81","701.81","701.81","701.81","18.59M","-0.88%"
"10/25/1991","708.07","708.07","708.07","708.07","21.38M","-0.45%"
"10/24/1991","711.29","711.29","711.29","711.29","32.18M","-0.43%"
"10/23/1991","714.36","714.36","714.36","714.36","22.30M","0.63%"
"10/22/1991","709.89","709.89","709.89","709.89","22.01M","-0.95%"
"10/21/1991","716.67","716.67","716.67","716.67","20.82M","2.64%"
"10/19/1991","698.24","698.24","698.24","698.24","11.39M","0.25%"
"10/18/1991","696.53","696.53","696.53","696.53","14.56M","0.11%"
"10/17/1991","695.76","695.76","695.76","695.76","14.20M","0.53%"
"10/16/1991","692.06","692.06","692.06","692.06","12.89M","-1.16%"
"10/15/1991","700.18","700.18","700.18","700.18","15.59M","-0.52%"
"10/14/1991","703.81","703.81","703.81","703.81","16.79M","0.26%"
"10/12/1991","701.99","701.99","701.99","701.99","11.64M","-0.89%"
"10/11/1991","708.30","708.30","708.30","708.30","23.86M","-0.99%"
"10/10/1991","715.41","715.41","715.41","715.41","18.85M","0.85%"
"10/09/1991","709.38","709.38","709.38","709.38","16.01M","0.23%"
"10/08/1991","707.75","707.75","707.75","707.75","19.00M","-0.86%"
"10/07/1991","713.88","713.88","713.88","713.88","25.16M","0.19%"
"10/05/1991","712.52","712.52","712.52","712.52","19.19M","-1.11%"
"10/04/1991","720.53","720.53","720.53","720.53","26.66M","2.18%"
"10/02/1991","705.18","705.18","705.18","705.18","16.20M","-0.21%"
"10/01/1991","706.63","706.63","706.63","706.63","23.01M","0.22%"
"09/30/1991","705.08","705.08","705.08","705.08","21.46M","1.93%"
"09/28/1991","691.74","691.74","691.74","691.74","11.10M","0.95%"
"09/27/1991","685.21","685.21","685.21","685.21","13.20M","0.84%"
"09/26/1991","679.48","679.48","679.48","679.48","10.42M","-0.12%"
"09/25/1991","680.30","680.30","680.30","680.30","8.83M","-0.53%"
"09/24/1991","683.93","683.93","683.93","683.93","7.18M","-0.74%"
"09/20/1991","689.04","689.04","689.04","689.04","10.29M","0.78%"
"09/19/1991","683.70","683.70","683.70","683.70","7.10M","-0.26%"
"09/18/1991","685.49","685.49","685.49","685.49","9.86M","0.37%"
"09/17/1991","682.95","682.95","682.95","682.95","8.19M","-0.35%"
"09/16/1991","685.34","685.34","685.34","685.34","11.11M","-0.49%"
"09/14/1991","688.71","688.71","688.71","688.71","8.72M","1.15%"
"09/13/1991","680.85","680.85","680.85","680.85","10.15M","-0.36%"
"09/12/1991","683.31","683.31","683.31","683.31","11.30M","-1.07%"
"09/11/1991","690.71","690.71","690.71","690.71","23.98M","0.29%"
"09/10/1991","688.69","688.69","688.69","688.69","13.39M","-0.08%"
"09/09/1991","689.25","689.25","689.25","689.25","16.80M","1.08%"
"09/07/1991","681.90","681.90","681.90","681.90","9.87M","1.03%"
"09/06/1991","674.94","674.94","674.94","674.94","11.59M","0.02%"
"09/05/1991","674.81","674.81","674.81","674.81","11.21M","-1.28%"
"09/04/1991","683.54","683.54","683.54","683.54","21.76M","1.16%"
"09/03/1991","675.67","675.67","675.67","675.67","8.63M","0.08%"
"09/02/1991","675.12","675.12","675.12","675.12","8.15M","-1.17%"
"08/31/1991","683.11","683.11","683.11","683.11","7.49M","-0.45%"
"08/30/1991","686.21","686.21","686.21","686.21","10.35M","0.11%"
"08/29/1991","685.44","685.44","685.44","685.44","10.53M","-0.99%"
"08/28/1991","692.28","692.28","692.28","692.28","13.15M","0.28%"
"08/27/1991","690.34","690.34","690.34","690.34","12.56M","-1.52%"
"08/26/1991","701.00","701.00","701.00","701.00","14.51M","0.47%"
"08/24/1991","697.74","697.74","697.74","697.74","15.61M","-0.56%"
"08/23/1991","701.68","701.68","701.68","701.68","36.04M","-2.13%"
"08/22/1991","716.95","716.95","716.95","716.95","38.41M","3.90%"
"08/21/1991","690.06","690.06","690.06","690.06","39.94M","0.58%"
"08/20/1991","686.10","686.10","686.10","686.10","30.07M","2.46%"
"08/19/1991","669.62","669.62","669.62","669.62","21.39M","-4.20%"
"08/17/1991","698.95","698.95","698.95","698.95","14.76M","-0.47%"
"08/16/1991","702.25","702.25","702.25","702.25","16.40M","1.32%"
"08/14/1991","693.12","693.12","693.12","693.12","19.78M","-2.33%"
"08/13/1991","709.67","709.67","709.67","709.67","24.51M","0.51%"
"08/12/1991","706.06","706.06","706.06","706.06","25.02M","-2.15%"
"08/10/1991","721.58","721.58","721.58","721.58","20.33M","-3.16%"
"08/09/1991","745.13","745.13","745.13","745.13","38.40M","0.95%"
"08/08/1991","738.10","738.10","738.10","738.10","34.40M","-0.48%"
"08/07/1991","741.67","741.67","741.67","741.67","47.45M","-2.81%"
"08/06/1991","763.10","763.10","763.10","763.10","50.12M","0.65%"
"08/05/1991","758.18","758.18","758.18","758.18","54.51M","1.34%"
"08/03/1991","748.15","748.15","748.15","748.15","36.61M","2.06%"
"08/02/1991","733.03","733.03","733.03","733.03","46.87M","2.53%"
"08/01/1991","714.95","714.95","714.95","714.95","42.00M","-0.29%"
"07/31/1991","717.03","717.03","717.03","717.03","50.90M","-2.38%"
"07/30/1991","734.48","734.48","734.48","734.48","59.12M","2.83%"
"07/29/1991","714.27","714.27","714.27","714.27","51.58M","3.04%"
"07/27/1991","693.22","693.22","693.22","693.22","30.75M","2.80%"
"07/26/1991","674.34","674.34","674.34","674.34","30.05M","1.51%"
"07/25/1991","664.32","664.32","664.32","664.32","39.82M","-0.27%"
"07/24/1991","666.10","666.10","666.10","666.10","33.37M","1.19%"
"07/23/1991","658.27","658.27","658.27","658.27","27.20M","-0.18%"
"07/22/1991","659.49","659.49","659.49","659.49","33.14M","1.03%"
"07/20/1991","652.74","652.74","652.74","652.74","21.27M","0.41%"
"07/19/1991","650.06","650.06","650.06","650.06","27.08M","-0.19%"
"07/18/1991","651.27","651.27","651.27","651.27","27.92M","2.38%"
"07/16/1991","636.14","636.14","636.14","636.14","16.58M","0.15%"
"07/15/1991","635.21","635.21","635.21","635.21","24.22M","-0.20%"
"07/13/1991","636.50","636.50","636.50","636.50","15.90M","0.75%"
"07/12/1991","631.78","631.78","631.78","631.78","20.45M","1.61%"
"07/11/1991","621.74","621.74","621.74","621.74","17.59M","1.24%"
"07/10/1991","614.15","614.15","614.15","614.15","11.31M","-0.04%"
"07/09/1991","614.42","614.42","614.42","614.42","15.55M","-0.45%"
"07/08/1991","617.18","617.18","617.18","617.18","12.53M","1.11%"
"07/06/1991","610.43","610.43","610.43","610.43","8.73M","-0.68%"
"07/05/1991","614.58","614.58","614.58","614.58","13.73M","1.86%"
"07/04/1991","603.37","603.37","603.37","603.37","7.74M","0.09%"
"07/03/1991","602.83","602.83","602.83","602.83","9.89M","-1.44%"
"07/02/1991","611.65","611.65","611.65","611.65","10.63M","-0.85%"
"07/01/1991","616.90","616.90","616.90","616.90","11.41M","1.92%"
"06/29/1991","605.27","605.27","605.27","605.27","6.86M","0.44%"
"06/28/1991","602.60","602.60","602.60","602.60","8.25M","-0.00%"
"06/27/1991","602.61","602.61","602.61","602.61","11.42M","0.84%"
"06/26/1991","597.60","597.60","597.60","597.60","7.01M","0.40%"
"06/25/1991","595.21","595.21","595.21","595.21","11.11M","0.36%"
"06/24/1991","593.05","593.05","593.05","593.05","8.45M","0.42%"
"06/22/1991","590.57","590.57","590.57","590.57","5.58M","-1.19%"
"06/21/1991","597.69","597.69","597.69","597.69","6.15M","-1.09%"
"06/19/1991","604.27","604.27","604.27","604.27","6.72M","-0.42%"
"06/18/1991","606.79","606.79","606.79","606.79","6.58M","-0.33%"
"06/17/1991","608.77","608.77","608.77","608.77","5.09M","-0.78%"
"06/15/1991","613.57","613.57","613.57","613.57","4.22M","-0.02%"
"06/14/1991","613.71","613.71","613.71","613.71","8.68M","0.60%"
"06/13/1991","610.05","610.05","610.05","610.05","5.63M","-0.15%"
"06/12/1991","610.96","610.96","610.96","610.96","5.40M","0.51%"
"06/11/1991","607.85","607.85","607.85","607.85","3.64M","0.21%"
"06/10/1991","606.55","606.55","606.55","606.55","3.52M","0.16%"
"06/08/1991","605.60","605.60","605.60","605.60","3.91M","0.25%"
"06/07/1991","604.07","604.07","604.07","604.07","4.58M","-1.51%"
"06/05/1991","613.31","613.31","613.31","613.31","6.97M","2.02%"
"06/04/1991","601.19","601.19","601.19","601.19","4.11M","-0.65%"
"06/03/1991","605.11","605.11","605.11","605.11","4.00M","-1.20%"
"06/01/1991","612.47","612.47","612.47","612.47","2.66M","0.18%"
"05/31/1991","611.35","611.35","611.35","611.35","4.09M","-0.39%"
"05/30/1991","613.74","613.74","613.74","613.74","4.11M","0.23%"
"05/29/1991","612.33","612.33","612.33","612.33","4.28M","-0.24%"
"05/28/1991","613.82","613.82","613.82","613.82","4.60M","-0.56%"
"05/27/1991","617.30","617.30","617.30","617.30","4.55M","0.00%"
"05/25/1991","617.29","617.29","617.29","617.29","3.36M","-0.32%"
"05/24/1991","619.29","619.29","619.29","619.29","4.37M","-0.90%"
"05/23/1991","624.89","624.89","624.89","624.89","5.07M","0.09%"
"05/22/1991","624.32","624.32","624.32","624.32","5.31M","-0.70%"
"05/20/1991","628.71","628.71","628.71","628.71","5.96M","-1.21%"
"05/18/1991","636.38","636.38","636.38","636.38","5.41M","-0.03%"
"05/17/1991","636.55","636.55","636.55","636.55","6.44M","0.17%"
"05/16/1991","635.45","635.45","635.45","635.45","5.96M","0.52%"
"05/15/1991","632.17","632.17","632.17","632.17","4.29M","-1.01%"
"05/14/1991","638.61","638.61","638.61","638.61","8.10M","1.23%"
"05/13/1991","630.84","630.84","630.84","630.84","4.23M","0.27%"
"05/11/1991","629.17","629.17","629.17","629.17","4.58M","-0.10%"
"05/10/1991","629.83","629.83","629.83","629.83","4.53M","-0.77%"
"05/09/1991","634.72","634.72","634.72","634.72","5.93M","0.57%"
"05/08/1991","631.12","631.12","631.12","631.12","5.89M","-0.64%"
"05/07/1991","635.17","635.17","635.17","635.17","7.65M","-0.85%"
"05/06/1991","640.62","640.62","640.62","640.62","7.81M","-0.76%"
"05/04/1991","645.50","645.50","645.50","645.50","8.23M","-0.55%"
"05/03/1991","649.10","649.10","649.10","649.10","9.87M","-0.49%"
"05/02/1991","652.27","652.27","652.27","652.27","24.16M","1.22%"
"05/01/1991","644.39","644.39","644.39","644.39","8.70M","-0.19%"
"04/30/1991","645.61","645.61","645.61","645.61","11.99M","0.16%"
"04/29/1991","644.60","644.60","644.60","644.60","12.28M","0.92%"
"04/27/1991","638.71","638.71","638.71","638.71","7.93M","0.70%"
"04/26/1991","634.29","634.29","634.29","634.29","9.40M","1.27%"
"04/25/1991","626.36","626.36","626.36","626.36","6.96M","-0.99%"
"04/24/1991","632.63","632.63","632.63","632.63","13.34M","-0.82%"
"04/23/1991","637.84","637.84","637.84","637.84","10.60M","3.61%"
"04/22/1991","615.61","615.61","615.61","615.61","6.97M","-0.80%"
"04/20/1991","620.57","620.57","620.57","620.57","3.66M","-1.24%"
"04/19/1991","628.33","628.33","628.33","628.33","6.00M","0.39%"
"04/18/1991","625.89","625.89","625.89","625.89","5.54M","-1.05%"
"04/17/1991","632.55","632.55","632.55","632.55","4.59M","-0.45%"
"04/16/1991","635.41","635.41","635.41","635.41","4.88M","0.14%"
"04/15/1991","634.52","634.52","634.52","634.52","4.78M","-0.58%"
"04/13/1991","638.21","638.21","638.21","638.21","4.56M","-0.19%"
"04/12/1991","639.44","639.44","639.44","639.44","5.86M","-0.31%"
"04/11/1991","641.46","641.46","641.46","641.46","5.35M","-0.66%"
"04/10/1991","645.75","645.75","645.75","645.75","8.32M","-0.04%"
"04/09/1991","646.04","646.04","646.04","646.04","5.43M","-0.06%"
"04/08/1991","646.46","646.46","646.46","646.46","5.68M","-0.70%"
"04/06/1991","651.00","651.00","651.00","651.00","5.02M","-0.48%"
"04/04/1991","654.14","654.14","654.14","654.14","8.87M","0.73%"
"04/03/1991","649.43","649.43","649.43","649.43","6.95M","0.91%"
"04/02/1991","643.56","643.56","643.56","643.56","6.96M","-1.00%"
"04/01/1991","650.05","650.05","650.05","650.05","7.22M","-1.49%"
"03/30/1991","659.85","659.85","659.85","659.85","8.20M","1.70%"
"03/29/1991","648.84","648.84","648.84","648.84","8.63M","-0.48%"
"03/28/1991","651.98","651.98","651.98","651.98","10.47M","-0.49%"
"03/27/1991","655.18","655.18","655.18","655.18","9.95M","-1.34%"
"03/25/1991","664.05","664.05","664.05","664.05","11.53M","0.69%"
"03/23/1991","659.49","659.49","659.49","659.49","7.31M","-0.05%"
"03/22/1991","659.83","659.83","659.83","659.83","9.76M","-0.53%"
"03/21/1991","663.37","663.37","663.37","663.37","10.91M","-0.89%"
"03/20/1991","669.36","669.36","669.36","669.36","9.80M","-0.42%"
"03/19/1991","672.16","672.16","672.16","672.16","12.19M","-0.88%"
"03/18/1991","678.15","678.15","678.15","678.15","13.89M","-0.22%"
"03/16/1991","679.64","679.64","679.64","679.64","11.31M","-0.49%"
"03/15/1991","682.97","682.97","682.97","682.97","16.40M","0.87%"
"03/14/1991","677.11","677.11","677.11","677.11","15.22M","-0.31%"
"03/13/1991","679.21","679.21","679.21","679.21","13.82M","-0.68%"
"03/12/1991","683.83","683.83","683.83","683.83","20.40M","0.36%"
"03/11/1991","681.38","681.38","681.38","681.38","15.25M","-0.05%"
"03/09/1991","681.73","681.73","681.73","681.73","15.40M","0.86%"
"03/08/1991","675.94","675.94","675.94","675.94","15.95M","0.16%"
"03/07/1991","674.87","674.87","674.87","674.87","16.74M","-0.22%"
"03/06/1991","676.37","676.37","676.37","676.37","17.73M","0.98%"
"03/05/1991","669.83","669.83","669.83","669.83","9.44M","-0.09%"
"03/04/1991","670.42","670.42","670.42","670.42","10.98M","-1.05%"
"03/02/1991","677.55","677.55","677.55","677.55","9.26M","0.29%"
"02/28/1991","675.57","675.57","675.57","675.57","20.40M","0.57%"
"02/27/1991","671.71","671.71","671.71","671.71","15.60M","-0.82%"
"02/26/1991","677.27","677.27","677.27","677.27","19.14M","-2.24%"
"02/25/1991","692.80","692.80","692.80","692.80","31.92M","1.08%"
"02/23/1991","685.39","685.39","685.39","685.39","13.39M","1.37%"
"02/22/1991","676.10","676.10","676.10","676.10","25.73M","0.60%"
"02/21/1991","672.10","672.10","672.10","672.10","15.53M","0.33%"
"02/20/1991","669.91","669.91","669.91","669.91","20.90M","0.07%"
"02/19/1991","669.45","669.45","669.45","669.45","23.49M","-0.69%"
"02/18/1991","674.09","674.09","674.09","674.09","16.70M","4.52%"
"02/13/1991","644.91","644.91","644.91","644.91","12.58M","-0.49%"
"02/12/1991","648.11","648.11","648.11","648.11","17.77M","2.94%"
"02/11/1991","629.57","629.57","629.57","629.57","7.16M","-0.27%"
"02/09/1991","631.27","631.27","631.27","631.27","5.15M","0.38%"
"02/08/1991","628.85","628.85","628.85","628.85","7.61M","-0.86%"
"02/07/1991","634.31","634.31","634.31","634.31","7.66M","-0.21%"
"02/06/1991","635.66","635.66","635.66","635.66","9.14M","0.59%"
"02/05/1991","631.93","631.93","631.93","631.93","5.13M","-0.14%"
"02/04/1991","632.79","632.79","632.79","632.79","5.62M","-0.30%"
"02/02/1991","634.72","634.72","634.72","634.72","4.91M","0.35%"
"02/01/1991","632.53","632.53","632.53","632.53","6.82M","-0.45%"
"01/31/1991","635.40","635.40","635.40","635.40","8.08M","-0.42%"
"01/30/1991","638.09","638.09","638.09","638.09","10.62M","0.38%"
"01/29/1991","635.65","635.65","635.65","635.65","10.73M","0.27%"
"01/28/1991","633.93","633.93","633.93","633.93","10.05M","0.27%"
"01/26/1991","632.20","632.20","632.20","632.20","4.88M","-0.12%"
"01/25/1991","632.95","632.95","632.95","632.95","12.88M","-0.79%"
"01/24/1991","638.02","638.02","638.02","638.02","9.03M","2.05%"
"01/23/1991","625.22","625.22","625.22","625.22","7.52M","-1.22%"
"01/22/1991","632.92","632.92","632.92","632.92","9.18M","-0.63%"
"01/21/1991","636.91","636.91","636.91","636.91","14.79M","-3.95%"
"01/19/1991","663.10","663.10","663.10","663.10","14.85M","-0.64%"
"01/18/1991","667.35","667.35","667.35","667.35","30.91M","4.04%"
"01/17/1991","641.42","641.42","641.42","641.42","9.96M","4.58%"
"01/16/1991","613.34","613.34","613.34","613.34","8.93M","-1.81%"
"01/15/1991","624.62","624.62","624.62","624.62","10.95M","-4.24%"
"01/14/1991","652.25","652.25","652.25","652.25","11.26M","0.47%"
"01/12/1991","649.19","649.19","649.19","649.19","11.02M","3.42%"
"01/11/1991","627.70","627.70","627.70","627.70","14.73M","-1.22%"
"01/10/1991","635.46","635.46","635.46","635.46","11.36M","-3.78%"
"01/09/1991","660.39","660.39","660.39","660.39","9.81M","0.11%"
"01/08/1991","659.68","659.68","659.68","659.68","9.04M","-2.51%"
"01/07/1991","676.65","676.65","676.65","676.65","11.11M","-3.12%"
"01/05/1991","698.45","698.45","698.45","698.45","8.69M","0.12%"
"01/04/1991","697.62","697.62","697.62","697.62","10.32M","2.63%"
"01/03/1991","679.75","679.75","679.75","679.75","7.08M","-2.35%"
"12/26/1990","696.11","696.11","696.11","696.11","18.82M","0.34%"
"12/24/1990","693.76","693.76","693.76","693.76","13.76M","-1.68%"
"12/22/1990","705.63","705.63","705.63","705.63","10.50M","-0.37%"
"12/21/1990","708.24","708.24","708.24","708.24","15.02M","1.46%"
"12/20/1990","698.04","698.04","698.04","698.04","12.53M","0.07%"
"12/19/1990","697.54","697.54","697.54","697.54","10.03M","-1.21%"
"12/18/1990","706.08","706.08","706.08","706.08","11.37M","0.01%"
"12/17/1990","706.04","706.04","706.04","706.04","10.88M","0.08%"
"12/15/1990","705.49","705.49","705.49","705.49","6.54M","-0.64%"
"12/14/1990","710.06","710.06","710.06","710.06","12.80M","-0.39%"
"12/13/1990","712.82","712.82","712.82","712.82","11.16M","-1.61%"
"12/12/1990","724.51","724.51","724.51","724.51","15.15M","-0.14%"
"12/11/1990","725.56","725.56","725.56","725.56","17.37M","-1.33%"
"12/10/1990","735.33","735.33","735.33","735.33","24.18M","0.22%"
"12/08/1990","733.73","733.73","733.73","733.73","16.29M","0.38%"
"12/07/1990","730.96","730.96","730.96","730.96","24.90M","1.83%"
"12/06/1990","717.82","717.82","717.82","717.82","26.11M","-0.14%"
"12/05/1990","718.84","718.84","718.84","718.84","20.11M","1.40%"
"12/04/1990","708.90","708.90","708.90","708.90","17.89M","-1.22%"
"12/03/1990","717.62","717.62","717.62","717.62","25.67M","1.28%"
"12/01/1990","708.56","708.56","708.56","708.56","15.37M","1.65%"
"11/30/1990","697.03","697.03","697.03","697.03","13.29M","0.65%"
"11/29/1990","692.55","692.55","692.55","692.55","22.58M","-1.03%"
"11/28/1990","699.76","699.76","699.76","699.76","16.79M","1.82%"
"11/27/1990","687.27","687.27","687.27","687.27","13.28M","0.99%"
"11/26/1990","680.56","680.56","680.56","680.56","8.59M","0.24%"
"11/24/1990","678.92","678.92","678.92","678.92","6.44M","-0.16%"
"11/23/1990","679.99","679.99","679.99","679.99","9.31M","0.02%"
"11/22/1990","679.83","679.83","679.83","679.83","15.04M","1.21%"
"11/21/1990","671.70","671.70","671.70","671.70","8.90M","-0.38%"
"11/20/1990","674.25","674.25","674.25","674.25","11.79M","-0.85%"
"11/19/1990","680.04","680.04","680.04","680.04","11.10M","-1.68%"
"11/17/1990","691.69","691.69","691.69","691.69","8.58M","-0.83%"
"11/16/1990","697.46","697.46","697.46","697.46","9.71M","-0.57%"
"11/15/1990","701.45","701.45","701.45","701.45","13.35M","-0.49%"
"11/14/1990","704.89","704.89","704.89","704.89","12.59M","-0.73%"
"11/13/1990","710.06","710.06","710.06","710.06","17.65M","1.22%"
"11/12/1990","701.53","701.53","701.53","701.53","12.55M","0.56%"
"11/10/1990","697.59","697.59","697.59","697.59","9.57M","-0.88%"
"11/09/1990","703.81","703.81","703.81","703.81","15.89M","-0.48%"
"11/08/1990","707.24","707.24","707.24","707.24","23.35M","-1.90%"
"11/07/1990","720.96","720.96","720.96","720.96","21.18M","2.56%"
"11/06/1990","702.93","702.93","702.93","702.93","13.31M","-0.66%"
"11/05/1990","707.61","707.61","707.61","707.61","14.13M","-0.47%"
"11/03/1990","710.96","710.96","710.96","710.96","12.56M","0.14%"
"11/02/1990","709.96","709.96","709.96","709.96","24.37M","-1.05%"
"11/01/1990","717.47","717.47","717.47","717.47","17.94M","3.96%"
"10/31/1990","690.16","690.16","690.16","690.16","17.69M","-3.00%"
"10/30/1990","711.49","711.49","711.49","711.49","21.79M","-1.30%"
"10/29/1990","720.89","720.89","720.89","720.89","32.92M","-1.66%"
"10/27/1990","733.05","733.05","733.05","733.05","19.12M","-0.27%"
"10/26/1990","735.05","735.05","735.05","735.05","18.36M","-4.17%"
"10/25/1990","767.06","767.06","767.06","767.06","27.27M","-3.73%"
"10/24/1990","796.77","796.77","796.77","796.77","17.55M","4.08%"
"10/23/1990","765.55","765.55","765.55","765.55","14.79M","4.39%"
"10/22/1990","733.37","733.37","733.37","733.37","25.74M","3.23%"
"10/20/1990","710.44","710.44","710.44","710.44","17.54M","2.07%"
"10/19/1990","696.01","696.01","696.01","696.01","25.99M","4.42%"
"10/18/1990","666.56","666.56","666.56","666.56","19.84M","1.93%"
"10/17/1990","653.96","653.96","653.96","653.96","16.28M","2.45%"
"10/16/1990","638.29","638.29","638.29","638.29","20.12M","-1.25%"
"10/15/1990","646.39","646.39","646.39","646.39","11.84M","3.10%"
"10/13/1990","626.95","626.95","626.95","626.95","9.40M","-1.38%"
"10/12/1990","635.74","635.74","635.74","635.74","12.85M","2.22%"
"10/11/1990","621.93","621.93","621.93","621.93","12.04M","0.78%"
"10/10/1990","617.12","617.12","617.12","617.12","18.73M","0.50%"
"10/08/1990","614.06","614.06","614.06","614.06","8.02M","-0.39%"
"10/06/1990","616.47","616.47","616.47","616.47","6.36M","-1.23%"
"10/05/1990","624.13","624.13","624.13","624.13","9.04M","3.52%"
"09/29/1990","602.88","602.88","602.88","602.88","5.86M","0.87%"
"09/28/1990","597.67","597.67","597.67","597.67","6.58M","0.71%"
"09/27/1990","593.45","593.45","593.45","593.45","7.29M","-0.10%"
"09/26/1990","594.04","594.04","594.04","594.04","7.89M","0.05%"
"09/25/1990","593.77","593.77","593.77","593.77","8.47M","1.09%"
"09/24/1990","587.39","587.39","587.39","587.39","6.33M","0.42%"
"09/22/1990","584.94","584.94","584.94","584.94","4.65M","0.06%"
"09/21/1990","584.60","584.60","584.60","584.60","8.82M","-0.10%"
"09/20/1990","585.19","585.19","585.19","585.19","9.48M","-1.28%"
"09/19/1990","592.80","592.80","592.80","592.80","16.87M","0.57%"
"09/18/1990","589.42","589.42","589.42","589.42","11.84M","4.09%"
"09/17/1990","566.27","566.27","566.27","566.27","7.18M","-4.12%"
"09/15/1990","590.62","590.62","590.62","590.62","5.03M","-2.14%"
"09/14/1990","603.52","603.52","603.52","603.52","7.54M","-0.74%"
"09/13/1990","608.04","608.04","608.04","608.04","6.26M","-0.46%"
"09/12/1990","610.88","610.88","610.88","610.88","4.62M","-0.43%"
"09/11/1990","613.49","613.49","613.49","613.49","5.29M","0.14%"
"09/10/1990","612.63","612.63","612.63","612.63","4.71M","0.01%"
"09/08/1990","612.57","612.57","612.57","612.57","4.58M","-0.08%"
"09/07/1990","613.08","613.08","613.08","613.08","9.37M","-0.52%"
"09/06/1990","616.29","616.29","616.29","616.29","9.61M","-1.39%"
"09/05/1990","625.00","625.00","625.00","625.00","8.35M","-1.16%"
"09/04/1990","632.34","632.34","632.34","632.34","15.37M","-0.48%"
"09/03/1990","635.37","635.37","635.37","635.37","7.75M","4.33%"
"09/01/1990","609.01","609.01","609.01","609.01","7.11M","0.35%"
"08/31/1990","606.87","606.87","606.87","606.87","11.42M","-3.19%"
"08/30/1990","626.85","626.85","626.85","626.85","16.15M","-3.23%"
"08/29/1990","647.77","647.77","647.77","647.77","22.59M","0.83%"
"08/28/1990","642.42","642.42","642.42","642.42","4.25M","4.58%"
"08/27/1990","614.29","614.29","614.29","614.29","3.92M","4.58%"
"08/25/1990","587.38","587.38","587.38","587.38","7.09M","-1.15%"
"08/24/1990","594.23","594.23","594.23","594.23","15.79M","-1.56%"
"08/23/1990","603.62","603.62","603.62","603.62","14.42M","-0.58%"
"08/22/1990","607.16","607.16","607.16","607.16","9.80M","-0.54%"
"08/21/1990","610.47","610.47","610.47","610.47","8.62M","-1.75%"
"08/20/1990","621.33","621.33","621.33","621.33","5.31M","-1.07%"
"08/18/1990","628.07","628.07","628.07","628.07","4.36M","0.67%"
"08/17/1990","623.90","623.90","623.90","623.90","9.88M","-0.18%"
"08/16/1990","625.03","625.03","625.03","625.03","10.05M","-1.15%"
"08/14/1990","632.30","632.30","632.30","632.30","7.09M","-2.10%"
"08/13/1990","645.86","645.86","645.86","645.86","5.88M","-1.53%"
"08/11/1990","655.89","655.89","655.89","655.89","6.02M","-0.46%"
"08/10/1990","658.94","658.94","658.94","658.94","11.03M","1.54%"
"08/09/1990","648.95","648.95","648.95","648.95","12.81M","0.45%"
"08/08/1990","646.03","646.03","646.03","646.03","7.86M","-1.50%"
"08/07/1990","655.88","655.88","655.88","655.88","9.23M","-0.83%"
"08/06/1990","661.40","661.40","661.40","661.40","5.29M","-1.49%"
"08/04/1990","671.42","671.42","671.42","671.42","3.84M","-1.02%"
"08/03/1990","678.37","678.37","678.37","678.37","8.58M","-1.44%"
"08/02/1990","688.28","688.28","688.28","688.28","6.59M","-0.28%"
"08/01/1990","690.21","690.21","690.21","690.21","9.50M","1.74%"
"07/31/1990","678.38","678.38","678.38","678.38","4.50M","0.68%"
"07/30/1990","673.80","673.80","673.80","673.80","2.37M","-0.73%"
"07/28/1990","678.74","678.74","678.74","678.74","4.47M","0.83%"
"07/27/1990","673.16","673.16","673.16","673.16","4.77M","-0.54%"
"07/26/1990","676.83","676.83","676.83","676.83","3.90M","-1.23%"
"07/25/1990","685.27","685.27","685.27","685.27","6.93M","0.82%"
"07/24/1990","679.67","679.67","679.67","679.67","4.90M","-0.25%"
"07/23/1990","681.38","681.38","681.38","681.38","3.39M","-0.77%"
"07/21/1990","686.69","686.69","686.69","686.69","2.36M","-1.14%"
"07/20/1990","694.64","694.64","694.64","694.64","4.97M","0.17%"
"07/19/1990","693.44","693.44","693.44","693.44","7.53M","-0.65%"
"07/18/1990","698.01","698.01","698.01","698.01","9.82M","2.20%"
"07/16/1990","683.01","683.01","683.01","683.01","4.48M","-0.90%"
"07/14/1990","689.19","689.19","689.19","689.19","4.91M","0.06%"
"07/13/1990","688.78","688.78","688.78","688.78","5.98M","-1.87%"
"07/12/1990","701.91","701.91","701.91","701.91","7.97M","-1.28%"
"07/11/1990","711.00","711.00","711.00","711.00","4.99M","-1.08%"
"07/10/1990","718.75","718.75","718.75","718.75","4.96M","0.49%"
"07/09/1990","715.28","715.28","715.28","715.28","5.06M","0.26%"
"07/07/1990","713.41","713.41","713.41","713.41","3.73M","-0.39%"
"07/06/1990","716.17","716.17","716.17","716.17","8.81M","-0.96%"
"07/05/1990","723.10","723.10","723.10","723.10","7.76M","-1.66%"
"07/04/1990","735.30","735.30","735.30","735.30","16.07M","-1.31%"
"07/03/1990","745.04","745.04","745.04","745.04","6.79M","4.47%"
"07/02/1990","713.18","713.18","713.18","713.18","5.82M","0.90%"
"06/30/1990","706.79","706.79","706.79","706.79","4.80M","-1.83%"
"06/29/1990","720.00","720.00","720.00","720.00","6.22M","-1.73%"
"06/28/1990","732.64","732.64","732.64","732.64","7.59M","-1.00%"
"06/27/1990","740.01","740.01","740.01","740.01","6.43M","0.49%"
"06/26/1990","736.42","736.42","736.42","736.42","6.56M","-0.46%"
"06/25/1990","739.80","739.80","739.80","739.80","4.62M","-0.98%"
"06/23/1990","747.12","747.12","747.12","747.12","3.86M","-0.03%"
"06/22/1990","747.37","747.37","747.37","747.37","5.74M","0.57%"
"06/21/1990","743.17","743.17","743.17","743.17","5.92M","0.31%"
"06/20/1990","740.84","740.84","740.84","740.84","6.07M","-1.17%"
"06/19/1990","749.61","749.61","749.61","749.61","10.55M","-0.90%"
"06/18/1990","756.39","756.39","756.39","756.39","6.11M","-2.28%"
"06/16/1990","774.07","774.07","774.07","774.07","4.39M","0.43%"
"06/15/1990","770.77","770.77","770.77","770.77","7.77M","-0.19%"
"06/14/1990","772.20","772.20","772.20","772.20","6.18M","-1.07%"
"06/13/1990","780.56","780.56","780.56","780.56","6.98M","-0.56%"
"06/12/1990","784.97","784.97","784.97","784.97","7.95M","-0.18%"
"06/11/1990","786.35","786.35","786.35","786.35","6.35M","-1.60%"
"06/09/1990","799.12","799.12","799.12","799.12","5.28M","-0.67%"
"06/08/1990","804.47","804.47","804.47","804.47","10.25M","0.05%"
"06/07/1990","804.09","804.09","804.09","804.09","9.94M","-0.48%"
"06/05/1990","807.97","807.97","807.97","807.97","16.49M","-0.79%"
"06/04/1990","814.40","814.40","814.40","814.40","17.27M","1.19%"
"06/02/1990","804.85","804.85","804.85","804.85","9.63M","0.15%"
"06/01/1990","803.64","803.64","803.64","803.64","17.72M","0.71%"
"05/31/1990","797.95","797.95","797.95","797.95","16.82M","1.02%"
"05/30/1990","789.89","789.89","789.89","789.89","12.36M","0.77%"
"05/29/1990","783.87","783.87","783.87","783.87","8.30M","0.72%"
"05/28/1990","778.23","778.23","778.23","778.23","5.45M","-0.70%"
"05/26/1990","783.74","783.74","783.74","783.74","4.16M","-0.88%"
"05/25/1990","790.73","790.73","790.73","790.73","8.48M","0.63%"
"05/24/1990","785.79","785.79","785.79","785.79","6.64M","-0.27%"
"05/23/1990","787.91","787.91","787.91","787.91","10.84M","0.25%"
"05/22/1990","785.93","785.93","785.93","785.93","13.17M","2.03%"
"05/21/1990","770.28","770.28","770.28","770.28","5.93M","0.67%"
"05/19/1990","765.16","765.16","765.16","765.16","6.53M","-0.13%"
"05/18/1990","766.15","766.15","766.15","766.15","8.74M","-0.94%"
"05/17/1990","773.43","773.43","773.43","773.43","16.59M","2.19%"
"05/16/1990","756.87","756.87","756.87","756.87","7.41M","4.43%"
"05/15/1990","724.76","724.76","724.76","724.76","7.98M","-1.32%"
"05/14/1990","734.42","734.42","734.42","734.42","7.97M","-1.96%"
"05/12/1990","749.08","749.08","749.08","749.08","5.07M","-1.73%"
"05/11/1990","762.27","762.27","762.27","762.27","9.36M","-1.23%"
"05/10/1990","771.76","771.76","771.76","771.76","8.68M","-2.72%"
"05/09/1990","793.36","793.36","793.36","793.36","11.61M","-0.40%"
"05/08/1990","796.54","796.54","796.54","796.54","16.19M","0.63%"
"05/07/1990","791.56","791.56","791.56","791.56","20.96M","1.18%"
"05/04/1990","782.33","782.33","782.33","782.33","20.06M","4.20%"
"05/03/1990","750.82","750.82","750.82","750.82","3.95M","4.51%"
"05/01/1990","718.45","718.45","718.45","718.45","8.34M","4.33%"
"04/30/1990","688.66","688.66","688.66","688.66","4.45M","-4.40%"
"04/28/1990","720.37","720.37","720.37","720.37","3.91M","-3.80%"
"04/27/1990","748.86","748.86","748.86","748.86","8.46M","3.13%"
"04/26/1990","726.11","726.11","726.11","726.11","7.20M","-3.84%"
"04/25/1990","755.07","755.07","755.07","755.07","5.32M","-1.74%"
"04/24/1990","768.47","768.47","768.47","768.47","5.18M","-0.77%"
"04/23/1990","774.40","774.40","774.40","774.40","4.63M","-0.72%"
"04/21/1990","780.04","780.04","780.04","780.04","6.40M","1.64%"
"04/20/1990","767.45","767.45","767.45","767.45","7.86M","-0.11%"
"04/19/1990","768.31","768.31","768.31","768.31","7.84M","-1.69%"
"04/18/1990","781.53","781.53","781.53","781.53","11.76M","-1.89%"
"04/17/1990","796.56","796.56","796.56","796.56","14.03M","2.52%"
"04/16/1990","777.00","777.00","777.00","777.00","9.36M","-2.03%"
"04/14/1990","793.14","793.14","793.14","793.14","6.50M","-1.25%"
"04/13/1990","803.15","803.15","803.15","803.15","12.82M","-0.46%"
"04/12/1990","806.86","806.86","806.86","806.86","11.32M","-0.84%"
"04/11/1990","813.66","813.66","813.66","813.66","10.68M","0.36%"
"04/10/1990","810.76","810.76","810.76","810.76","7.98M","-0.74%"
"04/09/1990","816.78","816.78","816.78","816.78","8.45M","-0.31%"
"04/07/1990","819.30","819.30","819.30","819.30","6.88M","-1.49%"
"04/06/1990","831.73","831.73","831.73","831.73","12.31M","0.33%"
"04/04/1990","828.98","828.98","828.98","828.98","16.39M","-0.91%"
"04/03/1990","836.63","836.63","836.63","836.63","13.01M","-0.20%"
"04/02/1990","838.29","838.29","838.29","838.29","14.07M","-0.31%"
"03/31/1990","840.89","840.89","840.89","840.89","12.09M","-0.60%"
"03/30/1990","845.98","845.98","845.98","845.98","12.95M","2.59%"
"03/29/1990","824.59","824.59","824.59","824.59","13.89M","0.68%"
"03/28/1990","819.04","819.04","819.04","819.04","9.01M","-1.07%"
"03/27/1990","827.92","827.92","827.92","827.92","9.09M","-0.79%"
"03/26/1990","834.54","834.54","834.54","834.54","7.07M","-0.34%"
"03/24/1990","837.40","837.40","837.40","837.40","8.72M","-0.52%"
"03/23/1990","841.79","841.79","841.79","841.79","9.64M","-0.49%"
"03/22/1990","845.96","845.96","845.96","845.96","11.51M","-0.46%"
"03/21/1990","849.91","849.91","849.91","849.91","17.38M","-0.01%"
"03/20/1990","849.98","849.98","849.98","849.98","15.01M","1.26%"
"03/19/1990","839.42","839.42","839.42","839.42","7.55M","0.51%"
"03/17/1990","835.13","835.13","835.13","835.13","6.07M","-0.85%"
"03/16/1990","842.27","842.27","842.27","842.27","10.04M","0.80%"
"03/15/1990","835.59","835.59","835.59","835.59","7.12M","-0.31%"
"03/14/1990","838.19","838.19","838.19","838.19","8.85M","-0.40%"
"03/13/1990","841.56","841.56","841.56","841.56","8.17M","-1.07%"
"03/12/1990","850.65","850.65","850.65","850.65","9.28M","-0.24%"
"03/09/1990","852.70","852.70","852.70","852.70","9.40M","0.58%"
"03/08/1990","847.77","847.77","847.77","847.77","10.38M","0.04%"
"03/07/1990","847.46","847.46","847.46","847.46","8.97M","-1.18%"
"03/06/1990","857.58","857.58","857.58","857.58","12.89M","-0.88%"
"03/05/1990","865.22","865.22","865.22","865.22","12.76M","-1.84%"
"03/03/1990","881.44","881.44","881.44","881.44","13.29M","-0.30%"
"03/02/1990","884.07","884.07","884.07","884.07","21.37M","2.61%"
"02/28/1990","861.59","861.59","861.59","861.59","17.16M","0.20%"
"02/27/1990","859.83","859.83","859.83","859.83","12.52M","3.12%"
"02/26/1990","833.81","833.81","833.81","833.81","8.69M","-1.35%"
"02/24/1990","845.25","845.25","845.25","845.25","5.63M","-0.66%"
"02/23/1990","850.84","850.84","850.84","850.84","8.26M","-0.31%"
"02/22/1990","853.45","853.45","853.45","853.45","9.83M","0.05%"
"02/21/1990","853.04","853.04","853.04","853.04","9.43M","-0.42%"
"02/20/1990","856.64","856.64","856.64","856.64","8.98M","-0.30%"
"02/19/1990","859.24","859.24","859.24","859.24","9.45M","-0.89%"
"02/17/1990","866.93","866.93","866.93","866.93","6.46M","-0.64%"
"02/16/1990","872.50","872.50","872.50","872.50","10.87M","-0.18%"
"02/15/1990","874.09","874.09","874.09","874.09","11.46M","0.17%"
"02/14/1990","872.63","872.63","872.63","872.63","8.41M","0.70%"
"02/13/1990","866.57","866.57","866.57","866.57","10.93M","-0.06%"
"02/12/1990","867.05","867.05","867.05","867.05","9.14M","-0.75%"
"02/10/1990","873.59","873.59","873.59","873.59","5.79M","-0.63%"
"02/09/1990","879.10","879.10","879.10","879.10","12.78M","-0.39%"
"02/08/1990","882.52","882.52","882.52","882.52","12.41M","0.24%"
"02/07/1990","880.39","880.39","880.39","880.39","11.57M","-0.73%"
"02/06/1990","886.86","886.86","886.86","886.86","11.47M","1.07%"
"02/05/1990","877.45","877.45","877.45","877.45","7.95M","0.29%"
"02/03/1990","874.92","874.92","874.92","874.92","6.35M","-0.37%"
"02/02/1990","878.15","878.15","878.15","878.15","11.02M","-0.87%"
"02/01/1990","885.83","885.83","885.83","885.83","12.31M","-1.15%"
"01/31/1990","896.16","896.16","896.16","896.16","18.17M","0.87%"
"01/30/1990","888.47","888.47","888.47","888.47","15.22M","-0.99%"
"01/29/1990","897.32","897.32","897.32","897.32","12.27M","-0.93%"
"01/25/1990","905.75","905.75","905.75","905.75","23.61M","0.24%"
"01/24/1990","903.58","903.58","903.58","903.58","20.48M","1.47%"
"01/23/1990","890.52","890.52","890.52","890.52","17.49M","-0.93%"
"01/22/1990","898.89","898.89","898.89","898.89","17.41M","2.97%"
"01/20/1990","872.97","872.97","872.97","872.97","6.36M","0.55%"
"01/19/1990","868.20","868.20","868.20","868.20","7.79M","-0.76%"
"01/18/1990","874.81","874.81","874.81","874.81","9.07M","0.05%"
"01/17/1990","874.41","874.41","874.41","874.41","6.93M","-1.02%"
"01/16/1990","883.43","883.43","883.43","883.43","10.38M","0.04%"
"01/15/1990","883.04","883.04","883.04","883.04","8.86M","-1.17%"
"01/13/1990","893.47","893.47","893.47","893.47","7.39M","-1.07%"
"01/12/1990","903.11","903.11","903.11","903.11","11.63M","-0.02%"
"01/11/1990","903.27","903.27","903.27","903.27","12.65M","-0.90%"
"01/10/1990","911.48","911.48","911.48","911.48","15.28M","-0.95%"
"01/09/1990","920.21","920.21","920.21","920.21","18.65M","0.08%"
"01/08/1990","919.46","919.46","919.46","919.46","17.58M","0.72%"
"01/06/1990","912.86","912.86","912.86","912.86","12.52M","-0.25%"
"01/05/1990","915.11","915.11","915.11","915.11","22.18M","-1.48%"
"01/04/1990","928.82","928.82","928.82","928.82","18.09M","2.23%"
"01/03/1990","908.59","908.59","908.59","908.59","6.74M","-0.12%"
