"Date","Price","Open","High","Low","Vol.","Change %"
"06/11/2026","64,217.27","63,329.17","64,395.50","62,335.75","-","0.06%"
"06/10/2026","64,179.27","64,952.38","65,098.86","63,733.04","171.30M","-1.89%"
"06/09/2026","65,416.63","64,625.26","65,485.16","63,918.96","168.10M","2.17%"
"06/08/2026","64,024.60","65,947.56","66,115.18","63,406.66","179.50M","-3.85%"
"06/05/2026","66,588.12","67,115.00","67,115.00","65,862.21","148.10M","-1.31%"
"06/04/2026","67,470.69","67,860.84","68,051.94","66,920.80","152.70M","-1.36%"
"06/03/2026","68,402.13","67,238.53","68,786.49","67,238.53","170.70M","2.50%"
"06/02/2026","66,734.24","66,629.60","66,748.06","65,551.13","187.70M","-0.30%"
"06/01/2026","66,934.33","66,363.43","67,231.28","66,244.84","189.50M","0.91%"
"05/29/2026","66,329.50","65,133.97","66,505.02","65,133.97","295.10M","2.53%"
"05/28/2026","64,693.12","64,770.76","65,165.75","63,875.04","176.60M","-0.47%"
"05/27/2026","64,999.41","65,777.87","66,428.81","64,999.41","163.50M","0.01%"
"05/26/2026","64,996.09","65,247.24","65,317.69","64,605.69","157.20M","-0.25%"
"05/25/2026","65,158.19","63,658.95","65,408.87","63,562.51","161.10M","2.87%"
"05/22/2026","63,339.07","61,913.36","63,432.41","61,842.56","158.80M","2.68%"
"05/21/2026","61,684.14","60,374.84","62,043.53","60,282.35","166.60M","3.14%"
"05/20/2026","59,804.41","60,567.27","60,567.27","59,292.25","182.50M","-1.23%"
"05/19/2026","60,550.59","61,202.84","61,456.31","60,256.33","175.80M","-0.44%"
"05/18/2026","60,815.95","61,299.87","61,478.55","60,376.98","168.10M","-0.97%"
"05/15/2026","61,409.29","62,878.71","63,235.77","60,937.30","213.90M","-1.99%"
"05/14/2026","62,654.05","63,263.46","63,799.32","62,654.05","207.70M","-0.98%"
"05/13/2026","63,272.11","62,398.02","63,347.91","62,318.87","181.00M","0.84%"
"05/12/2026","62,742.57","62,618.72","63,218.51","62,158.43","189.20M","0.52%"
"05/11/2026","62,417.88","63,203.44","63,385.04","62,380.62","202.30M","-0.47%"
"05/08/2026","62,713.65","62,654.01","62,724.36","62,137.95","213.50M","-0.19%"
"05/07/2026","62,833.84","60,241.31","63,091.14","60,213.02","230.80M","5.58%"
"05/01/2026","59,513.12","59,379.12","59,706.70","59,263.50","150.70M","0.38%"
"04/30/2026","59,284.92","59,484.71","59,560.57","58,928.20","201.60M","-1.06%"
"04/28/2026","59,917.46","60,531.78","60,634.66","59,701.84","174.50M","-1.02%"
"04/27/2026","60,537.36","59,880.71","60,903.95","59,608.63","148.90M","1.38%"
"04/24/2026","59,716.18","59,407.44","59,763.68","59,225.37","141.40M","0.97%"
"04/23/2026","59,140.23","59,758.64","60,013.98","58,621.48","165.30M","-0.75%"
"04/22/2026","59,585.86","59,104.11","59,708.21","59,005.48","145.70M","0.40%"
"04/21/2026","59,349.17","59,031.51","59,611.91","59,004.76","129.50M","0.89%"
"04/20/2026","58,824.89","58,821.16","59,169.13","58,687.96","121.50M","0.60%"
"04/17/2026","58,475.90","59,255.09","59,381.25","58,475.90","140.00M","-1.75%"
"04/16/2026","59,518.34","58,479.83","59,688.10","58,428.19","150.30M","2.38%"
"04/15/2026","58,134.24","58,265.18","58,585.95","58,028.75","161.00M","0.44%"
"04/14/2026","57,877.39","57,085.65","57,979.82","57,010.18","143.70M","2.43%"
"04/13/2026","56,502.77","56,421.46","56,765.72","56,232.78","135.30M","-0.74%"
"04/10/2026","56,924.11","56,265.77","57,012.77","56,251.18","165.00M","1.84%"
"04/09/2026","55,895.32","56,199.86","56,406.49","55,763.05","154.70M","-0.73%"
"04/08/2026","56,308.42","54,386.65","56,424.63","54,380.02","186.70M","5.39%"
"04/07/2026","53,429.56","53,571.28","53,916.35","53,156.94","118.80M","0.03%"
"04/06/2026","53,413.68","53,205.93","54,039.34","53,205.93","102.50M","0.55%"
"04/03/2026","53,123.49","53,039.40","53,426.31","52,925.10","104.10M","1.26%"
"04/02/2026","52,463.27","54,066.83","54,258.48","52,273.07","163.20M","-2.38%"
"04/01/2026","53,739.68","51,959.47","53,739.68","51,902.84","165.90M","5.24%"
"03/31/2026","51,063.72","51,382.53","52,169.01","50,558.91","174.50M","-1.58%"
"03/30/2026","51,885.85","52,054.68","52,054.68","50,566.99","183.10M","-2.79%"
"03/27/2026","53,373.07","53,239.59","53,714.90","52,516.92","170.50M","-0.43%"
"03/26/2026","53,603.65","53,855.13","54,175.80","53,176.77","124.50M","-0.27%"
"03/25/2026","53,749.62","53,015.80","54,022.88","53,015.80","133.70M","2.87%"
"03/24/2026","52,252.28","52,380.60","52,701.99","51,645.15","131.80M","1.43%"
"03/23/2026","51,515.49","52,468.72","52,479.81","50,688.76","177.10M","-3.48%"
"03/19/2026","53,372.53","54,287.80","54,333.02","53,190.18","200.60M","-3.38%"
"03/18/2026","55,239.40","54,148.84","55,239.40","54,148.84","136.70M","2.87%"
"03/17/2026","53,700.39","54,286.26","54,388.43","53,482.59","117.80M","-0.09%"
"03/16/2026","53,751.15","53,627.86","53,983.51","53,113.95","128.80M","-0.13%"
"03/13/2026","53,819.61","53,587.30","54,065.31","53,286.69","169.00M","-1.16%"
"03/12/2026","54,452.96","54,387.90","54,733.08","53,796.01","154.10M","-1.04%"
"03/11/2026","55,025.37","54,917.93","55,745.38","54,882.58","146.90M","1.43%"
"03/10/2026","54,248.39","53,524.09","54,694.89","53,487.19","162.50M","2.88%"
"03/09/2026","52,728.72","54,608.63","54,608.63","51,407.66","219.40M","-5.20%"
"03/06/2026","55,620.84","54,674.60","55,686.56","54,513.43","142.80M","0.62%"
"03/05/2026","55,278.06","55,204.16","56,619.98","54,910.33","184.90M","1.90%"
"03/04/2026","54,245.54","55,470.88","55,701.27","53,618.20","214.00M","-3.61%"
"03/03/2026","56,279.05","57,729.80","57,890.76","56,091.54","179.00M","-3.06%"
"03/02/2026","58,057.24","57,976.20","58,365.21","57,285.77","162.40M","-1.35%"
"02/27/2026","58,850.27","58,606.03","58,924.17","58,130.57","192.40M","0.16%"
"02/26/2026","58,753.39","58,995.39","59,332.43","58,577.84","155.30M","0.29%"
"02/25/2026","58,583.12","57,695.40","58,875.17","57,656.50","167.10M","2.20%"
"02/24/2026","57,321.09","56,764.14","57,421.67","56,732.93","157.80M","0.87%"
"02/20/2026","56,825.70","56,979.74","56,979.74","56,680.88","152.40M","-1.12%"
"02/19/2026","57,467.83","57,472.08","57,709.82","57,362.01","135.50M","0.57%"
"02/18/2026","57,143.84","56,734.27","57,392.89","56,734.27","130.10M","1.02%"
"02/17/2026","56,566.49","56,819.37","56,926.24","56,135.12","132.60M","-0.42%"
"02/16/2026","56,806.41","57,212.97","57,219.20","56,748.18","137.40M","-0.24%"
"02/13/2026","56,941.97","57,197.33","57,407.25","56,652.48","210.00M","-1.21%"
"02/12/2026","57,639.84","57,864.74","58,015.08","57,554.49","190.00M","-0.02%"
"02/10/2026","57,650.54","56,812.01","57,960.19","56,812.01","191.50M","2.28%"
"02/09/2026","56,363.94","55,130.63","57,337.07","55,018.57","205.00M","3.89%"
"02/06/2026","54,253.68","53,435.37","54,253.68","52,950.15","188.90M","0.81%"
"02/05/2026","53,818.04","54,289.05","54,459.08","53,653.06","213.20M","-0.88%"
"02/04/2026","54,293.36","54,250.41","54,459.41","53,965.51","186.30M","-0.78%"
"02/03/2026","54,720.66","53,332.18","54,782.83","53,307.74","156.90M","3.92%"
"02/02/2026","52,655.18","53,575.37","54,247.15","52,655.18","153.80M","-1.25%"
"01/30/2026","53,322.85","53,434.73","53,590.24","52,923.12","156.80M","-0.10%"
"01/29/2026","53,375.60","53,301.26","53,742.69","52,990.42","154.50M","0.03%"
"01/28/2026","53,358.71","53,023.88","53,507.18","52,788.10","149.80M","0.05%"
"01/27/2026","53,333.54","52,847.54","53,334.03","52,637.66","136.70M","0.85%"
"01/26/2026","52,885.25","53,023.28","53,138.67","52,656.00","138.30M","-1.79%"
"01/23/2026","53,846.87","53,898.45","54,050.84","53,603.68","129.50M","0.29%"
"01/22/2026","53,688.89","53,327.39","53,922.53","53,242.38","150.90M","1.73%"
"01/21/2026","52,774.64","52,228.08","52,848.78","52,194.81","139.00M","-0.41%"
"01/20/2026","52,991.10","53,348.59","53,408.35","52,852.90","126.80M","-1.11%"
"01/19/2026","53,583.57","53,390.05","53,583.57","53,091.45","122.90M","-0.65%"
"01/16/2026","53,936.17","54,071.28","54,130.60","53,706.79","144.30M","-0.32%"
"01/15/2026","54,110.50","54,039.40","54,153.61","53,709.87","150.90M","-0.42%"
"01/14/2026","54,341.23","53,827.24","54,487.32","53,792.68","144.50M","1.48%"
"01/13/2026","53,549.16","52,808.29","53,814.79","52,741.64","168.50M","3.10%"
"01/09/2026","51,939.89","51,367.98","51,986.91","51,189.14","133.10M","1.61%"
"01/08/2026","51,117.26","51,769.83","51,866.19","51,052.83","135.40M","-1.63%"
"01/07/2026","51,961.98","52,144.64","52,404.11","51,830.40","138.60M","-1.06%"
"01/06/2026","52,518.08","52,157.22","52,523.77","52,024.62","151.90M","1.32%"
"01/05/2026","51,832.80","51,010.28","52,033.24","50,995.67","139.40M","2.97%"
"12/30/2025","50,339.48","50,312.85","50,534.64","50,198.97","93.70M","-0.37%"
"12/29/2025","50,526.92","50,691.22","50,707.23","50,347.65","98.00M","-0.44%"
"12/26/2025","50,750.39","50,527.13","50,941.89","50,527.13","81.10M","0.68%"
"12/25/2025","50,407.79","50,450.18","50,510.11","50,283.76","58.30M","0.13%"
"12/24/2025","50,344.10","50,475.48","50,636.95","50,323.92","83.20M","-0.14%"
"12/23/2025","50,412.87","50,374.48","50,544.56","50,264.42","92.70M","0.02%"
"12/22/2025","50,402.39","50,084.55","50,590.88","49,982.20","112.90M","1.81%"
"12/19/2025","49,507.21","49,387.71","49,766.96","49,257.15","163.30M","1.03%"
"12/18/2025","49,001.50","49,058.31","49,169.79","48,643.78","116.20M","-1.03%"
"12/17/2025","49,512.28","49,413.19","49,571.50","49,077.81","113.20M","0.26%"
"12/16/2025","49,383.29","50,051.24","50,051.24","49,355.87","124.60M","-1.56%"
"12/15/2025","50,168.11","50,352.09","50,432.10","49,965.68","121.90M","-1.31%"
"12/12/2025","50,836.55","50,480.23","51,127.69","50,457.42","152.20M","1.37%"
"12/11/2025","50,148.82","50,818.39","50,875.98","49,926.27","109.90M","-0.90%"
"12/10/2025","50,602.80","50,878.66","51,107.77","50,329.27","125.10M","-0.10%"
"12/09/2025","50,655.10","50,677.36","50,793.69","50,417.11","107.10M","0.14%"
"12/08/2025","50,581.94","50,643.09","50,678.05","50,224.65","104.40M","0.18%"
"12/05/2025","50,491.87","50,530.34","50,634.85","50,215.41","119.30M","-1.05%"
"12/04/2025","51,028.42","49,942.94","51,028.42","49,910.06","127.30M","2.33%"
"12/03/2025","49,864.68","49,540.64","50,138.60","49,521.23","119.50M","1.14%"
"12/02/2025","49,303.45","49,494.58","49,636.79","49,243.55","127.10M","0.00%"
"12/01/2025","49,303.28","50,318.59","50,366.74","49,215.96","118.20M","-1.89%"
"11/28/2025","50,253.91","50,218.96","50,258.25","49,989.54","98.20M","0.17%"
"11/27/2025","50,167.10","49,868.79","50,322.14","49,865.17","99.30M","1.23%"
"11/26/2025","49,559.07","49,012.25","49,749.59","48,964.19","134.10M","1.85%"
"11/25/2025","48,659.52","49,113.82","49,182.32","48,511.95","144.50M","0.07%"
"11/21/2025","48,625.88","49,251.26","49,459.59","48,490.03","212.20M","-2.40%"
"11/20/2025","49,823.94","49,129.29","50,574.82","49,113.39","139.40M","2.65%"
"11/19/2025","48,537.70","48,822.88","49,087.11","48,235.30","136.50M","-0.34%"
"11/18/2025","48,702.98","49,812.95","49,971.55","48,661.52","137.40M","-3.22%"
"11/17/2025","50,323.91","50,282.39","50,398.16","49,845.86","126.00M","-0.10%"
"11/14/2025","50,376.53","50,767.74","50,767.74","50,246.60","149.30M","-1.77%"
"11/13/2025","51,281.83","51,013.15","51,338.89","50,954.27","135.70M","0.43%"
"11/12/2025","51,063.31","50,988.53","51,072.26","50,537.50","150.40M","0.43%"
"11/11/2025","50,842.93","51,314.04","51,513.16","50,581.17","125.90M","-0.14%"
"11/10/2025","50,911.76","50,645.27","50,969.50","50,392.44","129.70M","1.26%"
"11/07/2025","50,276.37","50,524.31","50,642.79","49,640.56","146.70M","-1.19%"
"11/06/2025","50,883.68","50,792.55","51,248.28","50,594.19","171.30M","1.34%"
"11/05/2025","50,212.27","51,291.39","51,422.42","49,073.58","219.70M","-2.50%"
"11/04/2025","51,497.20","52,294.31","52,636.87","51,497.20","190.10M","-1.74%"
"10/31/2025","52,411.34","51,629.80","52,411.34","51,613.03","180.30M","2.12%"
"10/30/2025","51,325.61","51,146.27","51,657.28","50,972.56","230.90M","0.04%"
"10/29/2025","51,307.65","50,453.64","51,412.97","50,365.62","129.70M","2.17%"
"10/28/2025","50,219.18","50,357.15","50,485.80","50,107.77","119.50M","-0.58%"
"10/27/2025","50,512.32","49,905.80","50,549.60","49,838.98","122.10M","2.46%"
"10/24/2025","49,299.65","49,095.27","49,435.31","48,965.78","109.10M","1.35%"
"10/23/2025","48,641.61","48,866.58","48,866.58","48,399.05","107.60M","-1.35%"
"10/22/2025","49,307.79","49,252.03","49,458.28","48,613.70","141.10M","-0.02%"
"10/21/2025","49,316.06","49,675.43","49,945.95","49,127.20","124.50M","0.27%"
"10/20/2025","49,185.50","48,332.71","49,185.50","48,254.83","121.00M","3.37%"
"10/17/2025","47,582.15","47,820.97","48,140.90","47,494.31","124.80M","-1.44%"
"10/16/2025","48,277.74","48,107.44","48,317.34","47,937.72","121.10M","1.27%"
"10/15/2025","47,672.67","47,002.30","47,774.83","46,910.83","118.40M","1.76%"
"10/14/2025","46,847.32","47,446.73","47,865.65","46,544.05","170.30M","-2.58%"
"10/10/2025","48,088.80","48,510.72","48,510.72","47,962.61","150.70M","-1.01%"
"10/09/2025","48,580.44","48,035.42","48,597.08","47,995.22","138.50M","1.77%"
"10/08/2025","47,734.99","47,925.22","48,181.12","47,728.27","142.20M","-0.45%"
"10/07/2025","47,950.88","48,281.12","48,527.33","47,904.38","154.20M","0.01%"
"10/06/2025","47,944.76","46,636.07","48,150.04","46,592.99","178.30M","4.75%"
"10/03/2025","45,769.50","45,042.54","45,778.66","45,042.54","117.60M","1.85%"
"10/02/2025","44,936.73","44,736.03","45,125.96","44,659.22","131.10M","0.87%"
"10/01/2025","44,550.85","44,831.95","44,874.42","44,357.65","136.70M","-0.85%"
"09/30/2025","44,932.63","45,054.96","45,126.23","44,733.60","160.60M","-0.25%"
"09/29/2025","45,043.75","45,113.29","45,152.70","44,890.20","130.50M","-0.69%"
"09/26/2025","45,354.99","45,634.20","45,766.77","45,354.99","147.50M","-0.87%"
"09/25/2025","45,754.93","45,600.07","45,824.69","45,503.31","127.20M","0.27%"
"09/24/2025","45,630.31","45,484.41","45,693.28","45,205.47","131.70M","0.30%"
"09/22/2025","45,493.66","45,193.77","45,757.74","45,193.77","116.60M","0.99%"
"09/19/2025","45,045.81","45,634.29","45,852.75","44,495.46","208.60M","-0.57%"
"09/18/2025","45,303.43","44,910.50","45,508.67","44,815.40","113.70M","1.15%"
"09/17/2025","44,790.38","44,751.84","45,033.34","44,612.07","104.60M","-0.25%"
"09/16/2025","44,902.27","44,948.85","45,055.38","44,616.32","111.70M","0.30%"
"09/12/2025","44,768.12","44,803.30","44,888.02","44,548.57","124.90M","0.89%"
"09/11/2025","44,372.50","43,876.22","44,396.95","43,870.54","107.30M","1.22%"
"09/10/2025","43,837.67","43,513.16","43,848.77","43,509.02","115.70M","0.87%"
"09/09/2025","43,459.29","43,907.55","44,185.73","43,452.74","117.50M","-0.42%"
"09/08/2025","43,643.81","43,451.07","43,838.60","43,343.58","115.50M","1.45%"
"09/05/2025","43,018.75","42,983.47","43,220.94","42,783.54","118.30M","1.03%"
"09/04/2025","42,580.27","42,093.70","42,608.80","42,066.59","110.30M","1.53%"
"09/03/2025","41,938.89","42,085.66","42,293.54","41,863.20","130.20M","-0.88%"
"09/02/2025","42,310.49","42,299.63","42,473.67","42,084.78","99.80M","0.29%"
"09/01/2025","42,188.79","42,362.71","42,454.99","41,835.17","96.60M","-1.24%"
"08/29/2025","42,718.47","42,774.29","42,807.03","42,611.31","114.90M","-0.26%"
"08/28/2025","42,828.79","42,308.14","42,828.79","42,299.79","112.70M","0.73%"
"08/27/2025","42,520.27","42,476.09","42,628.04","42,270.18","108.40M","0.30%"
"08/26/2025","42,394.40","42,619.66","42,703.27","42,137.62","162.60M","-0.97%"
"08/25/2025","42,807.82","42,977.27","43,201.42","42,681.37","102.20M","0.41%"
"08/22/2025","42,633.29","42,629.81","42,720.57","42,331.39","97.80M","0.05%"
"08/21/2025","42,610.17","42,783.26","42,926.11","42,564.30","103.10M","-0.65%"
"08/20/2025","42,888.55","43,400.66","43,425.78","42,724.15","116.70M","-1.51%"
"08/19/2025","43,546.29","43,846.55","43,876.42","43,411.97","117.10M","-0.38%"
"08/18/2025","43,714.31","43,452.90","43,835.12","43,390.22","124.20M","0.77%"
"08/15/2025","43,378.31","42,866.38","43,405.43","42,736.86","134.50M","1.71%"
"08/14/2025","42,649.26","43,129.18","43,199.83","42,606.73","127.80M","-1.45%"
"08/13/2025","43,274.67","43,090.91","43,451.46","43,008.20","154.10M","1.30%"
"08/12/2025","42,718.17","42,098.32","42,999.71","42,083.58","176.10M","2.15%"
"08/08/2025","41,820.48","41,283.70","42,033.92","41,248.05","183.30M","1.85%"
"08/07/2025","41,059.15","40,668.19","41,164.11","40,668.19","154.00M","0.65%"
"08/06/2025","40,794.86","40,430.46","40,850.89","40,423.13","145.50M","0.60%"
"08/05/2025","40,549.54","40,521.00","40,649.38","40,421.88","145.30M","0.64%"
"08/04/2025","40,290.70","40,118.81","40,332.25","39,850.52","130.80M","-1.25%"
"08/01/2025","40,799.60","41,029.84","41,064.73","40,588.17","148.40M","-0.66%"
"07/31/2025","41,069.82","40,693.00","41,151.25","40,639.32","134.80M","1.02%"
"07/30/2025","40,654.70","40,744.53","40,744.53","40,556.61","123.70M","-0.05%"
"07/29/2025","40,674.55","40,767.77","40,792.85","40,563.53","101.00M","-0.79%"
"07/28/2025","40,998.27","41,515.91","41,534.21","40,997.87","106.50M","-1.10%"
"07/25/2025","41,456.23","41,760.58","41,773.70","41,389.79","117.50M","-0.88%"
"07/24/2025","41,826.34","41,657.98","42,065.83","41,554.18","149.40M","1.59%"
"07/23/2025","41,171.32","40,189.18","41,342.59","40,087.86","221.10M","3.51%"
"07/22/2025","39,774.92","39,864.63","40,275.89","39,586.53","112.10M","-0.11%"
"07/18/2025","39,819.11","40,072.39","40,087.59","39,745.42","92.00M","-0.21%"
"07/17/2025","39,901.19","39,492.02","39,910.96","39,370.43","101.50M","0.60%"
"07/16/2025","39,663.40","39,734.74","39,923.61","39,520.96","96.40M","-0.04%"
"07/15/2025","39,678.02","39,525.83","39,678.02","39,379.32","98.80M","0.55%"
"07/14/2025","39,459.62","39,416.10","39,608.02","39,288.90","91.50M","-0.28%"
"07/11/2025","39,569.68","39,886.54","39,957.80","39,497.70","115.90M","-0.19%"
"07/10/2025","39,646.36","39,795.75","39,795.75","39,530.95","129.30M","-0.44%"
"07/09/2025","39,821.28","39,942.80","39,971.06","39,573.34","129.00M","0.33%"
"07/08/2025","39,688.81","39,542.07","39,816.27","39,510.48","136.60M","0.26%"
"07/07/2025","39,587.68","39,729.56","39,829.38","39,524.25","93.40M","-0.56%"
"07/04/2025","39,810.88","39,994.64","40,012.66","39,693.40","96.60M","0.06%"
"07/03/2025","39,785.90","39,796.75","39,865.89","39,667.82","135.40M","0.06%"
"07/02/2025","39,762.48","39,631.17","39,943.62","39,444.70","127.60M","-0.56%"
"07/01/2025","39,986.33","40,340.64","40,345.87","39,885.38","124.00M","-1.24%"
"06/30/2025","40,487.39","40,550.79","40,852.54","40,322.54","143.90M","0.84%"
"06/27/2025","40,150.79","39,866.36","40,267.84","39,847.31","156.10M","1.43%"
"06/26/2025","39,584.58","39,072.14","39,615.59","39,056.14","123.60M","1.65%"
"06/25/2025","38,942.07","38,904.18","38,944.77","38,711.11","102.90M","0.39%"
"06/24/2025","38,790.56","38,779.18","38,990.11","38,665.61","100.80M","1.14%"
"06/23/2025","38,354.09","38,260.69","38,368.22","38,026.32","95.80M","-0.13%"
"06/20/2025","38,403.23","38,472.25","38,646.16","38,362.54","183.90M","-0.22%"
"06/19/2025","38,488.34","38,858.52","38,870.55","38,488.34","89.30M","-1.02%"
"06/18/2025","38,885.15","38,364.16","38,885.15","38,364.16","110.00M","0.90%"
"06/17/2025","38,536.74","38,366.68","38,581.25","38,333.35","103.60M","0.59%"
"06/16/2025","38,311.33","38,056.86","38,342.52","38,055.52","104.70M","1.26%"
"06/13/2025","37,834.25","38,130.25","38,141.59","37,540.20","143.50M","-0.89%"
"06/12/2025","38,173.09","38,324.93","38,407.57","38,102.05","104.50M","-0.65%"
"06/11/2025","38,421.19","38,431.10","38,529.64","38,288.28","109.30M","0.55%"
"06/10/2025","38,211.51","38,278.17","38,495.70","38,139.10","106.00M","0.32%"
"06/09/2025","38,088.57","38,028.71","38,178.01","38,018.22","85.70M","0.92%"
"06/06/2025","37,741.61","37,590.44","37,756.15","37,590.42","98.10M","0.50%"
"06/05/2025","37,554.49","37,590.39","37,732.88","37,527.88","113.80M","-0.51%"
"06/04/2025","37,747.45","37,686.66","37,868.42","37,672.47","106.70M","0.80%"
"06/03/2025","37,446.81","37,598.31","37,729.45","37,446.81","109.30M","-0.06%"
"06/02/2025","37,470.67","37,651.18","37,651.18","37,320.72","109.60M","-1.30%"
"05/30/2025","37,965.10","37,912.49","38,114.47","37,748.17","204.30M","-1.22%"
"05/29/2025","38,432.98","38,046.97","38,454.07","38,035.32","133.20M","1.88%"
"05/28/2025","37,722.40","38,094.79","38,178.73","37,709.71","122.60M","-0.00%"
"05/27/2025","37,724.11","37,523.37","37,769.05","37,411.68","86.20M","0.51%"
"05/26/2025","37,531.53","37,209.26","37,531.53","37,167.01","89.90M","1.00%"
"05/23/2025","37,160.47","37,161.74","37,373.91","37,111.63","105.30M","0.47%"
"05/22/2025","36,985.87","36,931.89","37,100.45","36,855.83","110.90M","-0.84%"
"05/21/2025","37,298.98","37,590.15","37,659.94","37,298.98","121.30M","-0.61%"
"05/20/2025","37,529.49","37,723.60","37,921.81","37,455.70","125.80M","0.08%"
"05/19/2025","37,498.63","37,572.36","37,656.23","37,445.93","107.60M","-0.68%"
"05/16/2025","37,753.72","37,748.58","37,786.43","37,479.21","128.10M","-0.00%"
"05/15/2025","37,755.51","37,832.36","37,876.84","37,633.36","134.80M","-0.98%"
"05/14/2025","38,128.13","38,199.03","38,325.88","37,851.80","152.10M","-0.14%"
"05/13/2025","38,183.26","38,149.53","38,494.06","38,124.20","177.40M","1.43%"
"05/12/2025","37,644.26","37,697.28","37,726.44","37,417.39","142.90M","0.38%"
"05/09/2025","37,503.33","37,332.57","37,557.41","37,219.03","201.40M","1.56%"
"05/08/2025","36,928.63","36,863.38","36,977.35","36,606.71","137.30M","0.41%"
"05/07/2025","36,779.66","36,903.66","36,942.38","36,731.39","156.30M","-0.14%"
"05/02/2025","36,830.69","36,636.55","36,976.51","36,606.58","141.00M","1.04%"
"05/01/2025","36,452.30","36,197.04","36,544.15","36,040.05","131.60M","1.13%"
"04/30/2025","36,045.38","35,946.88","36,056.52","35,793.33","167.10M","0.57%"
"04/28/2025","35,839.99","35,962.80","36,075.26","35,773.49","132.40M","0.38%"
"04/25/2025","35,705.74","35,387.67","35,835.28","35,337.98","134.70M","1.90%"
"04/24/2025","35,039.15","35,194.71","35,287.95","34,960.65","137.10M","0.49%"
"04/23/2025","34,868.63","34,787.93","35,142.12","34,682.28","133.40M","1.89%"
"04/22/2025","34,220.60","34,111.14","34,340.57","34,109.85","99.40M","-0.17%"
"04/21/2025","34,279.92","34,556.23","34,610.60","34,216.98","96.40M","-1.30%"
"04/18/2025","34,730.28","34,353.88","34,758.97","34,224.57","102.00M","1.03%"
"04/17/2025","34,377.60","33,987.01","34,379.13","33,931.53","111.20M","1.35%"
"04/16/2025","33,920.40","34,249.82","34,329.27","33,658.47","115.60M","-1.01%"
"04/15/2025","34,267.54","34,349.01","34,459.00","34,266.31","113.80M","0.84%"
"04/14/2025","33,982.36","34,006.37","34,325.59","33,887.70","118.80M","1.18%"
"04/11/2025","33,585.58","33,951.25","33,953.29","32,626.58","182.60M","-2.96%"
"04/10/2025","34,609.00","32,321.21","34,639.39","32,320.66","201.60M","9.13%"
"04/09/2025","31,714.03","32,529.23","32,565.84","31,258.18","199.30M","-3.93%"
"04/08/2025","33,012.58","31,729.11","33,257.16","31,703.69","191.90M","6.03%"
"04/07/2025","31,136.58","33,154.97","33,158.87","30,792.74","266.70M","-7.83%"
"04/04/2025","33,780.58","34,304.66","34,320.11","33,259.76","227.60M","-2.75%"
"04/03/2025","34,735.93","35,041.67","35,044.73","34,102.00","195.80M","-2.77%"
"04/02/2025","35,725.87","35,751.02","35,778.90","35,426.33","128.70M","0.28%"
"04/01/2025","35,624.48","35,961.19","36,052.54","35,537.86","123.60M","0.02%"
"03/31/2025","35,617.56","36,440.18","36,440.18","35,541.72","168.40M","-4.05%"
"03/28/2025","37,120.33","37,357.52","37,359.95","36,864.93","133.20M","-1.80%"
"03/27/2025","37,799.97","37,750.66","37,859.06","37,556.75","140.00M","-0.60%"
"03/26/2025","38,027.29","38,106.66","38,220.69","37,873.28","117.10M","0.65%"
"03/25/2025","37,780.54","37,953.15","38,115.65","37,686.26","107.30M","0.46%"
"03/24/2025","37,608.49","37,841.68","37,841.68","37,608.49","101.60M","-0.18%"
"03/21/2025","37,677.06","37,619.37","37,968.02","37,619.37","181.80M","-0.20%"
"03/19/2025","37,751.88","37,839.39","38,128.58","37,751.88","116.80M","-0.25%"
"03/18/2025","37,845.42","37,868.57","38,004.20","37,822.87","133.50M","1.20%"
"03/17/2025","37,396.52","37,453.83","37,563.27","37,377.55","120.30M","0.93%"
"03/14/2025","37,053.10","36,606.78","37,154.39","36,594.04","134.80M","0.72%"
"03/13/2025","36,790.03","37,081.64","37,326.27","36,776.94","119.30M","-0.08%"
"03/12/2025","36,819.09","36,763.10","36,956.33","36,658.86","128.70M","0.07%"
"03/11/2025","36,793.11","36,584.37","36,793.11","35,987.13","153.60M","-0.64%"
"03/10/2025","37,028.27","36,972.59","37,113.48","36,705.02","109.80M","0.38%"
"03/07/2025","36,887.17","37,198.30","37,221.65","36,813.62","136.80M","-2.17%"
"03/06/2025","37,704.93","37,654.95","37,874.38","37,580.88","137.70M","0.77%"
"03/05/2025","37,418.24","37,345.74","37,606.34","37,178.72","130.90M","0.23%"
"03/04/2025","37,331.18","37,532.01","37,587.49","36,816.16","138.20M","-1.20%"
"03/03/2025","37,785.47","37,617.50","37,827.62","37,372.26","115.80M","1.70%"
"02/28/2025","37,155.50","37,853.48","37,925.28","36,840.12","191.60M","-2.88%"
"02/27/2025","38,256.17","38,251.11","38,369.96","38,061.94","121.60M","0.30%"
"02/26/2025","38,142.37","38,143.68","38,175.24","37,742.76","120.80M","-0.25%"
"02/25/2025","38,237.79","38,359.67","38,485.95","38,131.79","132.90M","-1.39%"
"02/21/2025","38,776.94","38,523.07","38,808.81","38,456.53","130.10M","0.26%"
"02/20/2025","38,678.04","38,942.91","38,967.01","38,468.72","125.20M","-1.24%"
"02/19/2025","39,164.61","39,230.62","39,298.05","38,994.70","124.30M","-0.27%"
"02/18/2025","39,270.40","39,187.99","39,508.55","39,151.71","116.00M","0.25%"
"02/17/2025","39,174.25","39,094.09","39,238.75","39,021.23","111.30M","0.06%"
"02/14/2025","39,149.43","39,419.25","39,543.93","39,133.94","132.90M","-0.79%"
"02/13/2025","39,461.47","39,225.50","39,581.47","39,112.17","130.40M","1.28%"
"02/12/2025","38,963.70","39,049.12","39,102.65","38,794.24","175.50M","0.42%"
"02/10/2025","38,801.17","38,736.37","38,895.74","38,606.32","134.60M","0.04%"
"02/07/2025","38,787.02","38,907.76","39,007.94","38,753.20","148.70M","-0.72%"
"02/06/2025","39,066.53","38,977.58","39,190.13","38,851.51","154.70M","0.61%"
"02/05/2025","38,831.48","38,979.21","39,118.95","38,682.18","151.20M","0.09%"
"02/04/2025","38,798.37","39,078.66","39,192.51","38,590.96","144.30M","0.72%"
"02/03/2025","38,520.09","38,932.66","38,948.61","38,401.82","169.20M","-2.66%"
"01/31/2025","39,572.49","39,574.38","39,681.82","39,458.95","123.30M","0.15%"
"01/30/2025","39,513.97","39,302.85","39,600.93","39,221.36","107.90M","0.25%"
"01/29/2025","39,414.78","39,273.80","39,448.24","39,129.14","108.60M","1.02%"
"01/28/2025","39,016.87","39,400.02","39,448.55","38,886.05","132.00M","-1.39%"
"01/27/2025","39,565.80","40,127.74","40,255.68","39,520.79","117.20M","-0.92%"
"01/24/2025","39,931.98","40,060.49","40,279.79","39,806.69","122.60M","-0.07%"
"01/23/2025","39,958.87","39,810.06","40,036.07","39,677.22","119.10M","0.79%"
"01/22/2025","39,646.25","39,355.22","39,694.57","39,332.63","108.50M","1.58%"
"01/21/2025","39,027.98","39,163.53","39,238.21","38,643.84","93.30M","0.32%"
"01/20/2025","38,902.50","38,671.77","39,032.93","38,671.77","87.50M","1.17%"
"01/17/2025","38,451.46","38,454.10","38,503.94","38,055.68","115.30M","-0.31%"
"01/16/2025","38,572.60","38,732.65","38,932.54","38,426.20","114.20M","0.33%"
"01/15/2025","38,444.58","38,721.61","38,774.99","38,316.01","100.70M","-0.08%"
"01/14/2025","38,474.30","39,010.96","39,054.35","38,305.91","126.90M","-1.83%"
"01/10/2025","39,190.40","39,550.25","39,591.46","39,166.05","113.20M","-1.05%"
"01/09/2025","39,605.09","39,888.91","39,930.07","39,385.05","117.00M","-0.94%"
"01/08/2025","39,981.06","39,879.36","40,105.72","39,705.81","118.80M","-0.26%"
"01/07/2025","40,083.30","39,584.36","40,288.80","39,584.36","127.00M","1.97%"
"01/06/2025","39,307.05","39,945.42","39,993.50","39,232.78","137.90M","-1.47%"
"12/30/2024","39,894.54","40,325.78","40,325.78","39,864.46","110.60M","-0.96%"
"12/27/2024","40,281.16","39,672.15","40,398.23","39,669.39","159.50M","1.80%"
"12/26/2024","39,568.06","39,129.31","39,592.28","39,110.92","131.40M","1.12%"
"12/25/2024","39,130.43","39,168.52","39,180.59","38,927.16","116.10M","0.24%"
"12/24/2024","39,036.85","39,210.23","39,245.75","38,995.76","116.20M","-0.32%"
"12/23/2024","39,161.34","39,040.72","39,210.17","38,847.13","103.20M","1.19%"
"12/20/2024","38,701.90","38,950.28","39,039.68","38,701.90","184.50M","-0.29%"
"12/19/2024","38,813.58","38,522.27","38,913.07","38,355.52","147.70M","-0.69%"
"12/18/2024","39,081.71","39,176.88","39,382.69","39,081.71","132.20M","-0.72%"
"12/17/2024","39,364.68","39,589.65","39,796.22","39,364.68","115.70M","-0.24%"
"12/16/2024","39,457.49","39,551.22","39,632.17","39,371.42","87.50M","-0.03%"
"12/13/2024","39,470.44","39,624.05","39,734.99","39,247.41","123.90M","-0.95%"
"12/12/2024","39,849.14","39,849.97","40,091.55","39,827.59","121.10M","1.21%"
"12/11/2024","39,372.23","39,357.77","39,401.93","39,112.80","105.80M","0.01%"
"12/10/2024","39,367.58","39,375.49","39,465.14","39,171.69","110.30M","0.53%"
"12/09/2024","39,160.50","39,332.55","39,332.55","38,972.78","113.10M","0.18%"
"12/06/2024","39,091.17","39,371.56","39,468.47","38,940.44","101.50M","-0.77%"
"12/05/2024","39,395.60","39,610.43","39,632.30","39,323.04","116.40M","0.30%"
"12/04/2024","39,276.39","39,354.00","39,417.08","39,062.03","119.10M","0.07%"
"12/03/2024","39,248.86","38,748.65","39,427.37","38,746.05","142.20M","1.91%"
"12/02/2024","38,513.02","38,216.95","38,552.41","37,958.55","110.50M","0.80%"
"11/29/2024","38,208.03","38,205.08","38,270.06","37,986.97","102.30M","-0.37%"
"11/28/2024","38,349.06","37,935.94","38,478.32","37,801.62","103.40M","0.56%"
"11/27/2024","38,134.97","38,327.86","38,332.45","37,988.99","120.50M","-0.80%"
"11/26/2024","38,442.00","38,596.76","38,596.76","38,020.08","122.80M","-0.87%"
"11/25/2024","38,780.14","38,679.93","39,053.64","38,672.17","192.40M","1.30%"
"11/22/2024","38,283.85","38,146.98","38,420.63","38,085.13","103.30M","0.68%"
"11/21/2024","38,026.17","38,352.87","38,374.69","37,945.21","101.90M","-0.85%"
"11/20/2024","38,352.34","38,475.70","38,520.45","38,180.15","103.50M","-0.16%"
"11/19/2024","38,414.43","38,396.72","38,560.10","38,246.36","109.20M","0.51%"
"11/18/2024","38,220.85","38,259.59","38,548.30","38,150.39","106.00M","-1.09%"
"11/15/2024","38,642.91","38,749.56","39,101.64","38,642.91","143.90M","0.28%"
"11/14/2024","38,535.70","38,911.04","39,084.44","38,535.70","133.80M","-0.48%"
"11/13/2024","38,721.66","39,317.15","39,377.24","38,600.26","150.40M","-1.66%"
"11/12/2024","39,376.09","39,642.78","39,866.72","39,137.89","163.00M","-0.40%"
"11/11/2024","39,533.32","39,417.21","39,598.74","39,315.61","122.70M","0.08%"
"11/08/2024","39,500.37","39,783.45","39,818.41","39,377.87","159.30M","0.30%"
"11/07/2024","39,381.41","39,745.23","39,884.01","39,020.22","190.00M","-0.25%"
"11/06/2024","39,480.67","38,677.95","39,664.53","38,662.17","170.60M","2.61%"
"11/05/2024","38,474.90","38,274.22","38,620.19","38,159.73","120.00M","1.11%"
"11/01/2024","38,053.67","38,504.35","38,512.83","37,946.66","130.30M","-2.63%"
"10/31/2024","39,081.25","39,179.72","39,249.21","38,832.21","144.30M","-0.50%"
"10/30/2024","39,277.39","39,102.89","39,417.88","39,094.30","221.80M","0.96%"
"10/29/2024","38,903.68","38,524.30","38,903.68","38,416.85","97.40M","0.77%"
"10/28/2024","38,605.53","37,757.95","38,740.17","37,757.95","116.60M","1.82%"
"10/25/2024","37,913.92","37,954.78","38,028.14","37,713.00","90.70M","-0.60%"
"10/24/2024","38,143.29","37,804.52","38,320.39","37,712.19","108.70M","0.10%"
"10/23/2024","38,104.86","38,397.28","38,514.33","37,987.62","95.40M","-0.80%"
"10/22/2024","38,411.96","38,933.60","38,995.03","38,200.82","110.40M","-1.39%"
"10/21/2024","38,954.60","38,960.20","39,119.67","38,775.59","99.00M","-0.07%"
"10/18/2024","38,981.75","39,092.47","39,186.64","38,893.52","95.70M","0.18%"
"10/17/2024","38,911.19","39,263.82","39,299.74","38,911.19","107.20M","-0.69%"
"10/16/2024","39,180.30","39,362.63","39,362.63","39,062.85","108.10M","-1.83%"
"10/15/2024","39,910.55","40,047.15","40,257.34","39,910.55","129.00M","0.77%"
"10/11/2024","39,605.80","39,636.87","39,668.93","39,415.26","110.90M","0.57%"
"10/10/2024","39,380.89","39,575.80","39,616.59","39,282.19","103.50M","0.26%"
"10/09/2024","39,277.96","39,385.49","39,456.28","39,115.63","106.80M","0.87%"
"10/08/2024","38,937.54","39,021.13","39,117.09","38,817.54","120.40M","-1.00%"
"10/07/2024","39,332.74","39,239.92","39,560.78","39,195.93","128.00M","1.80%"
"10/04/2024","38,635.62","38,594.73","38,735.29","38,501.82","121.20M","0.22%"
"10/03/2024","38,552.06","38,459.13","38,856.75","38,457.62","126.80M","1.97%"
"10/02/2024","37,808.76","38,136.20","38,213.54","37,651.07","139.60M","-2.18%"
"10/01/2024","38,651.97","38,232.47","38,718.13","38,232.47","132.10M","1.93%"
"09/30/2024","37,919.55","39,117.83","39,126.36","37,797.91","190.50M","-4.80%"
"09/27/2024","39,829.56","39,108.27","39,829.56","38,917.98","161.90M","2.32%"
"09/26/2024","38,925.63","38,266.79","38,925.63","38,240.65","141.00M","2.79%"
"09/25/2024","37,870.26","37,947.35","38,109.24","37,868.84","108.20M","-0.19%"
"09/24/2024","37,940.59","38,171.36","38,427.15","37,902.99","113.50M","0.57%"
"09/20/2024","37,723.91","37,714.07","37,974.72","37,654.11","162.60M","1.53%"
"09/19/2024","37,155.33","36,958.93","37,394.52","36,958.93","114.10M","2.13%"
"09/18/2024","36,380.17","36,546.04","36,675.07","36,127.45","99.90M","0.49%"
"09/17/2024","36,203.22","36,601.93","36,663.18","35,828.54","127.30M","-1.03%"
"09/13/2024","36,581.76","36,882.41","36,887.40","36,441.34","115.90M","-0.68%"
"09/12/2024","36,833.27","36,185.62","36,902.21","36,172.26","126.30M","3.41%"
"09/11/2024","35,619.77","36,029.90","36,056.87","35,253.43","127.60M","-1.49%"
"09/10/2024","36,159.16","36,386.12","36,537.03","36,001.58","112.30M","-0.16%"
"09/09/2024","36,215.75","35,805.82","36,248.12","35,247.87","118.20M","-0.48%"
"09/06/2024","36,391.47","36,815.00","36,898.28","36,235.61","111.70M","-0.72%"
"09/05/2024","36,657.09","36,536.25","37,099.96","36,359.23","111.30M","-1.05%"
"09/04/2024","37,047.61","38,039.91","38,080.02","36,879.33","144.40M","-4.24%"
"09/03/2024","38,686.31","38,745.76","38,967.56","38,581.55","91.20M","-0.04%"
"09/02/2024","38,700.87","39,025.31","39,080.64","38,476.51","87.10M","0.14%"
"08/30/2024","38,647.75","38,388.04","38,669.79","38,316.87","136.60M","0.74%"
"08/29/2024","38,362.53","38,119.95","38,401.15","37,970.20","106.50M","-0.02%"
"08/28/2024","38,371.76","38,221.38","38,399.91","38,141.49","88.70M","0.22%"
"08/27/2024","38,288.62","38,066.31","38,365.64","37,911.32","84.30M","0.47%"
"08/26/2024","38,110.22","38,156.41","38,204.81","37,825.31","91.70M","-0.66%"
"08/23/2024","38,364.27","38,278.18","38,424.27","38,053.47","89.80M","0.40%"
"08/22/2024","38,211.01","38,033.78","38,408.19","37,883.86","92.80M","0.68%"
"08/21/2024","37,951.80","37,653.34","38,026.02","37,605.83","94.80M","-0.29%"
"08/20/2024","38,062.92","37,847.85","38,236.39","37,738.30","110.60M","1.80%"
"08/19/2024","37,388.62","37,863.76","38,125.27","37,318.04","107.80M","-1.77%"
"08/16/2024","38,062.67","37,304.93","38,143.55","37,304.93","129.50M","3.64%"
"08/15/2024","36,726.64","36,381.40","36,885.16","36,381.40","119.70M","0.78%"
"08/14/2024","36,442.43","36,535.60","36,683.89","36,074.71","135.60M","0.58%"
"08/13/2024","36,232.51","35,490.58","36,232.51","35,476.79","140.70M","3.45%"
"08/09/2024","35,025.00","35,272.34","35,671.31","34,445.57","176.90M","0.56%"
"08/08/2024","34,831.15","34,645.79","35,379.65","34,207.16","165.30M","-0.74%"
"08/07/2024","35,089.62","34,122.35","35,849.77","33,739.46","242.80M","1.19%"
"08/06/2024","34,675.46","32,077.33","34,911.80","32,077.33","251.20M","10.23%"
"08/05/2024","31,458.42","35,249.36","35,301.18","31,156.12","285.60M","-12.40%"
"08/02/2024","35,909.70","37,444.17","37,471.52","35,880.15","204.30M","-5.81%"
"08/01/2024","38,126.33","38,781.56","38,781.56","37,737.88","178.80M","-2.49%"
"07/31/2024","39,101.82","38,140.77","39,188.37","37,954.38","146.40M","1.49%"
"07/30/2024","38,525.95","38,241.35","38,531.16","38,076.70","109.70M","0.15%"
"07/29/2024","38,468.63","38,139.12","38,719.70","38,010.01","107.30M","2.13%"
"07/26/2024","37,667.41","37,792.87","38,105.96","37,611.19","124.00M","-0.53%"
"07/25/2024","37,869.51","38,524.20","38,557.79","37,825.58","143.00M","-3.28%"
"07/24/2024","39,154.85","39,336.74","39,643.27","39,096.50","110.30M","-1.11%"
"07/23/2024","39,594.39","39,864.09","39,927.89","39,519.91","88.30M","-0.01%"
"07/22/2024","39,599.00","39,947.95","39,973.20","39,519.39","82.70M","-1.16%"
"07/19/2024","40,063.79","39,965.91","40,212.90","39,824.58","99.80M","-0.16%"
"07/18/2024","40,126.35","40,521.71","40,587.63","40,104.22","117.60M","-2.36%"
"07/17/2024","41,097.69","41,416.18","41,466.45","41,054.72","109.90M","-0.43%"
"07/16/2024","41,275.08","41,366.79","41,520.07","41,220.65","100.80M","0.20%"
"07/12/2024","41,190.68","41,668.86","41,754.76","41,188.29","130.40M","-2.45%"
"07/11/2024","42,224.02","42,343.72","42,426.77","42,102.46","123.00M","0.94%"
"07/10/2024","41,831.99","41,444.33","41,889.16","41,430.38","134.40M","0.61%"
"07/09/2024","41,580.17","40,953.41","41,769.35","40,942.44","118.20M","1.96%"
"07/08/2024","40,780.70","40,863.14","41,112.24","40,780.70","113.00M","-0.32%"
"07/05/2024","40,912.37","41,009.36","41,100.13","40,746.89","114.20M","-0.00%"
"07/04/2024","40,913.65","40,747.59","40,971.23","40,604.15","118.00M","0.82%"
"07/03/2024","40,580.76","40,225.83","40,694.21","40,172.85","125.60M","1.26%"
"07/02/2024","40,074.69","39,543.61","40,113.48","39,457.62","135.10M","1.12%"
"07/01/2024","39,631.06","39,839.82","39,942.69","39,537.10","118.80M","0.12%"
"06/28/2024","39,583.08","39,593.01","39,783.70","39,485.73","124.30M","0.61%"
"06/27/2024","39,341.54","39,434.47","39,439.24","39,193.51","115.00M","-0.82%"
"06/26/2024","39,667.07","39,364.73","39,788.63","39,233.56","108.90M","1.26%"
"06/25/2024","39,173.15","38,833.90","39,215.07","38,758.07","108.30M","0.95%"
"06/24/2024","38,804.65","38,497.42","38,905.47","38,416.07","93.50M","0.54%"
"06/21/2024","38,596.47","38,608.66","38,795.68","38,532.13","140.80M","-0.09%"
"06/20/2024","38,633.02","38,410.32","38,637.62","38,263.08","88.00M","0.16%"
"06/19/2024","38,570.76","38,653.91","38,797.97","38,453.41","93.60M","0.23%"
"06/18/2024","38,482.11","38,433.48","38,519.02","38,332.89","97.10M","1.00%"
"06/17/2024","38,102.44","38,440.98","38,442.70","37,950.20","107.50M","-1.83%"
"06/14/2024","38,814.56","38,587.57","39,025.70","38,554.75","157.10M","0.24%"
"06/13/2024","38,720.47","39,182.06","39,252.44","38,689.79","115.90M","-0.40%"
"06/12/2024","38,876.71","38,865.15","38,945.99","38,809.36","108.20M","-0.66%"
"06/11/2024","39,134.79","39,175.59","39,336.66","39,074.88","93.30M","0.25%"
"06/10/2024","39,038.16","38,689.78","39,081.54","38,689.78","89.20M","0.92%"
"06/07/2024","38,683.93","38,597.55","38,747.27","38,560.85","96.20M","-0.05%"
"06/06/2024","38,703.51","38,841.66","39,011.93","38,693.50","118.90M","0.55%"
"06/05/2024","38,490.17","38,654.09","38,656.41","38,343.98","119.40M","-0.89%"
"06/04/2024","38,837.46","38,702.54","38,895.06","38,591.79","117.90M","-0.22%"
"06/03/2024","38,923.03","38,734.95","39,032.50","38,734.95","115.90M","1.13%"
"05/31/2024","38,487.90","38,173.22","38,526.93","38,087.61","211.00M","1.14%"
"05/30/2024","38,054.13","38,112.77","38,138.03","37,617.00","117.30M","-1.30%"
"05/29/2024","38,556.87","38,880.50","39,141.99","38,524.24","123.90M","-0.77%"
"05/28/2024","38,855.37","38,879.15","38,981.97","38,756.13","101.20M","-0.11%"
"05/27/2024","38,900.02","38,766.21","38,900.02","38,667.93","94.20M","0.66%"
"05/24/2024","38,646.11","38,506.03","38,740.82","38,367.70","96.30M","-1.17%"
"05/23/2024","39,103.22","38,803.13","39,129.47","38,617.43","107.80M","1.26%"
"05/22/2024","38,617.10","38,823.91","38,854.99","38,592.94","105.50M","-0.85%"
"05/21/2024","38,946.93","39,232.16","39,346.15","38,942.28","106.70M","-0.31%"
"05/20/2024","39,069.68","38,761.71","39,437.16","38,703.70","127.40M","0.73%"
"05/17/2024","38,787.38","38,561.04","38,842.49","38,539.56","133.30M","-0.34%"
"05/16/2024","38,920.26","38,645.96","38,949.38","38,513.33","157.90M","1.39%"
"05/15/2024","38,385.73","38,533.09","38,816.60","38,335.61","146.30M","0.08%"
"05/14/2024","38,356.06","38,287.99","38,477.68","38,084.71","143.30M","0.46%"
"05/13/2024","38,179.46","38,211.61","38,273.40","37,969.58","128.70M","-0.13%"
"05/10/2024","38,229.11","38,361.79","38,741.88","38,126.91","167.30M","0.41%"
"05/09/2024","38,073.98","38,242.92","38,429.81","38,072.24","118.60M","-0.34%"
"05/08/2024","38,202.37","38,677.57","38,749.35","38,159.85","120.10M","-1.63%"
"05/07/2024","38,835.10","38,636.23","38,863.14","38,541.97","115.20M","1.57%"
"05/02/2024","38,236.07","38,004.01","38,355.60","37,958.19","101.90M","-0.10%"
"05/01/2024","38,274.05","38,107.38","38,433.34","38,036.24","108.50M","-0.34%"
"04/30/2024","38,405.66","38,312.66","38,608.17","38,182.11","151.40M","1.24%"
"04/26/2024","37,934.76","37,725.61","38,097.54","37,550.70","124.90M","0.81%"
"04/25/2024","37,628.48","38,065.91","38,129.53","37,604.23","113.90M","-2.16%"
"04/24/2024","38,460.08","37,871.92","38,460.08","37,857.47","121.10M","2.42%"
"04/23/2024","37,552.16","37,797.06","37,817.78","37,397.27","95.90M","0.30%"
"04/22/2024","37,438.61","37,240.93","37,511.80","37,052.63","119.40M","1.00%"
"04/19/2024","37,068.35","37,724.47","37,749.48","36,733.06","155.40M","-2.66%"
"04/18/2024","38,079.70","37,745.04","38,216.75","37,644.91","105.80M","0.31%"
"04/17/2024","37,961.80","38,587.47","38,587.61","37,961.80","120.60M","-1.32%"
"04/16/2024","38,471.20","38,750.67","38,764.82","38,322.32","133.00M","-1.94%"
"04/15/2024","39,232.80","39,056.93","39,232.80","38,820.95","107.00M","-0.74%"
"04/12/2024","39,523.55","39,722.02","39,774.82","39,457.73","107.10M","0.21%"
"04/11/2024","39,442.63","39,090.68","39,473.48","39,065.31","107.00M","-0.35%"
"04/10/2024","39,581.81","39,582.33","39,708.70","39,510.48","97.40M","-0.48%"
"04/09/2024","39,773.13","39,496.95","39,773.13","39,476.13","105.90M","1.08%"
"04/08/2024","39,347.04","39,391.98","39,617.36","39,197.00","108.30M","0.91%"
"04/05/2024","38,992.08","39,237.39","39,274.76","38,774.24","129.60M","-1.96%"
"04/04/2024","39,773.14","39,928.33","40,243.02","39,773.14","145.10M","0.81%"
"04/03/2024","39,451.85","39,503.72","39,625.90","39,217.04","123.20M","-0.97%"
"04/02/2024","39,838.91","39,892.59","40,151.05","39,707.87","115.80M","0.09%"
"04/01/2024","39,803.09","40,646.70","40,697.22","39,706.45","134.50M","-1.40%"
"03/29/2024","40,369.44","40,277.45","40,521.71","40,268.11","122.00M","0.50%"
"03/28/2024","40,168.07","40,324.42","40,482.02","40,054.06","135.60M","-1.46%"
"03/27/2024","40,762.73","40,517.17","40,979.36","40,452.21","121.30M","0.90%"
"03/26/2024","40,398.03","40,345.04","40,529.53","40,280.85","101.40M","-0.04%"
"03/25/2024","40,414.12","40,798.96","40,837.18","40,414.12","101.50M","-1.16%"
"03/22/2024","40,888.43","40,942.88","41,087.75","40,714.14","136.10M","0.18%"
"03/21/2024","40,815.66","40,511.55","40,823.32","40,452.19","157.20M","2.03%"
"03/19/2024","40,003.60","39,622.58","40,003.60","39,407.50","134.70M","0.66%"
"03/18/2024","39,740.44","38,960.99","39,769.11","38,935.47","128.70M","2.67%"
"03/15/2024","38,707.64","38,548.16","38,808.68","38,519.94","167.10M","-0.26%"
"03/14/2024","38,807.38","38,591.73","38,840.33","38,400.17","111.10M","0.29%"
"03/13/2024","38,695.97","39,059.95","39,147.80","38,452.57","105.40M","-0.26%"
"03/12/2024","38,797.51","38,470.39","38,841.80","38,271.38","112.90M","-0.06%"
"03/11/2024","38,820.49","39,232.14","39,241.28","38,496.66","132.90M","-2.19%"
"03/08/2024","39,688.94","39,809.56","39,989.33","39,551.60","143.30M","0.23%"
"03/07/2024","39,598.71","40,331.06","40,472.11","39,518.40","137.20M","-1.23%"
"03/06/2024","40,090.78","39,792.37","40,147.77","39,769.04","112.90M","-0.02%"
"03/05/2024","40,097.63","39,881.73","40,226.99","39,840.34","115.20M","-0.03%"
"03/04/2024","40,109.23","40,201.76","40,314.64","40,001.55","119.40M","0.50%"
"03/01/2024","39,910.82","39,254.69","39,990.23","39,224.64","122.80M","1.90%"
"02/29/2024","39,166.19","38,935.53","39,250.12","38,876.81","166.00M","-0.11%"
"02/28/2024","39,208.03","39,189.22","39,283.95","39,075.47","119.90M","-0.08%"
"02/27/2024","39,239.52","39,260.78","39,426.29","39,113.03","119.10M","0.01%"
"02/26/2024","39,233.71","39,320.64","39,388.08","39,181.03","125.70M","0.35%"
"02/22/2024","39,098.68","38,508.07","39,156.97","38,508.07","122.90M","2.19%"
"02/21/2024","38,262.16","38,191.97","38,339.70","38,095.15","104.70M","-0.26%"
"02/20/2024","38,363.61","38,510.37","38,742.33","38,288.04","108.50M","-0.28%"
"02/19/2024","38,470.38","38,473.41","38,555.84","38,281.70","102.00M","-0.04%"
"02/16/2024","38,487.24","38,517.37","38,865.06","38,361.55","151.70M","0.86%"
"02/15/2024","38,157.94","38,017.83","38,188.74","37,935.36","130.00M","1.21%"
"02/14/2024","37,703.32","37,712.87","37,825.85","37,594.47","120.30M","-0.69%"
"02/13/2024","37,963.97","37,248.36","38,010.69","37,184.10","140.50M","2.89%"
"02/09/2024","36,897.42","36,915.44","37,287.26","36,807.03","146.80M","0.09%"
"02/08/2024","36,863.28","36,258.84","36,956.97","36,206.20","151.00M","2.06%"
"02/07/2024","36,119.92","36,002.99","36,195.50","35,854.63","126.50M","-0.11%"
"02/06/2024","36,160.66","36,249.08","36,294.48","36,065.98","134.70M","-0.53%"
"02/05/2024","36,354.16","36,419.34","36,452.62","36,213.00","130.50M","0.54%"
"02/02/2024","36,158.02","36,249.99","36,441.09","36,083.61","114.80M","0.41%"
"02/01/2024","36,011.46","36,008.56","36,146.36","35,924.60","118.10M","-0.76%"
"01/31/2024","36,286.71","35,747.89","36,292.53","35,704.58","111.10M","0.61%"
"01/30/2024","36,065.86","36,196.64","36,249.03","36,039.31","87.90M","0.11%"
"01/29/2024","36,026.94","35,814.29","36,186.87","35,813.77","95.50M","0.77%"
"01/26/2024","35,751.07","36,003.00","36,060.40","35,687.58","109.60M","-1.34%"
"01/25/2024","36,236.47","36,213.14","36,312.36","35,912.54","94.60M","0.03%"
"01/24/2024","36,226.48","36,415.66","36,471.39","36,104.89","108.60M","-0.80%"
"01/23/2024","36,517.57","36,605.30","36,984.51","36,436.07","111.50M","-0.08%"
"01/22/2024","36,546.95","36,294.10","36,571.80","36,225.91","100.00M","1.62%"
"01/19/2024","35,963.27","35,913.72","36,076.23","35,790.07","104.10M","1.40%"
"01/18/2024","35,466.17","35,371.25","35,728.09","35,371.25","100.30M","-0.03%"
"01/17/2024","35,477.75","35,850.18","36,239.22","35,476.52","139.50M","-0.40%"
"01/16/2024","35,619.18","35,909.20","35,955.68","35,587.53","103.40M","-0.79%"
"01/15/2024","35,901.79","35,634.12","36,008.23","35,544.32","105.70M","0.91%"
"01/12/2024","35,577.11","35,601.65","35,839.65","35,362.24","129.20M","1.50%"
"01/11/2024","35,049.86","34,871.33","35,157.56","34,849.57","130.10M","1.77%"
"01/10/2024","34,441.72","33,896.33","34,539.02","33,885.74","106.00M","2.01%"
"01/09/2024","33,763.18","33,704.83","33,990.28","33,600.32","112.10M","1.16%"
"01/05/2024","33,377.42","33,397.52","33,568.04","33,257.43","115.30M","0.27%"
"01/04/2024","33,288.29","33,193.05","33,299.39","32,693.18","117.30M","-0.53%"
"12/29/2023","33,464.17","33,458.64","33,652.71","33,305.17","89.00M","-0.22%"
"12/28/2023","33,539.62","33,477.47","33,571.73","33,411.24","73.30M","-0.42%"
"12/27/2023","33,681.24","33,532.97","33,755.75","33,521.52","93.70M","1.13%"
"12/26/2023","33,305.85","33,295.68","33,312.26","33,181.36","68.30M","0.16%"
"12/25/2023","33,254.03","33,414.51","33,414.51","33,221.57","58.90M","0.26%"
"12/22/2023","33,169.05","33,257.95","33,375.19","33,151.70","89.40M","0.09%"
"12/21/2023","33,140.47","33,276.81","33,337.84","33,097.79","95.60M","-1.59%"
"12/20/2023","33,675.94","33,467.32","33,824.06","33,467.32","118.00M","1.37%"
"12/19/2023","33,219.39","32,774.21","33,219.39","32,654.43","106.30M","1.41%"
"12/18/2023","32,758.98","32,769.23","32,790.58","32,541.23","106.90M","-0.64%"
"12/15/2023","32,970.55","32,760.56","33,122.33","32,732.66","141.10M","0.87%"
"12/14/2023","32,686.25","33,032.30","33,120.55","32,515.04","133.40M","-0.73%"
"12/13/2023","32,926.35","32,973.47","33,104.47","32,864.38","100.00M","0.25%"
"12/12/2023","32,843.70","33,107.65","33,172.13","32,800.24","98.10M","0.16%"
"12/11/2023","32,791.80","32,665.09","32,933.08","32,650.10","105.80M","1.50%"
"12/08/2023","32,307.86","32,600.47","32,604.35","32,205.38","144.20M","-1.68%"
"12/07/2023","32,858.31","33,165.72","33,195.87","32,814.69","105.10M","-1.76%"
"12/06/2023","33,445.90","32,928.92","33,452.13","32,914.09","91.20M","2.04%"
"12/05/2023","32,775.82","33,022.38","33,089.82","32,726.68","86.10M","-1.37%"
"12/04/2023","33,231.27","33,318.07","33,324.38","33,023.04","87.30M","-0.60%"
"12/01/2023","33,431.51","33,537.44","33,551.57","33,397.42","87.60M","-0.17%"
"11/30/2023","33,486.89","33,260.14","33,486.89","33,161.07","152.20M","0.50%"
"11/29/2023","33,321.22","33,244.43","33,516.23","33,179.07","89.20M","-0.26%"
"11/28/2023","33,408.39","33,520.39","33,545.85","33,298.04","84.10M","-0.12%"
"11/27/2023","33,447.67","33,710.03","33,811.41","33,397.04","82.70M","-0.53%"
"11/24/2023","33,625.53","33,752.05","33,817.86","33,622.57","80.70M","0.52%"
"11/22/2023","33,451.83","33,182.99","33,593.50","33,182.99","75.60M","0.29%"
"11/21/2023","33,354.14","33,453.15","33,460.32","33,254.73","91.90M","-0.10%"
"11/20/2023","33,388.03","33,559.62","33,853.46","33,352.69","94.90M","-0.59%"
"11/17/2023","33,585.20","33,344.85","33,599.63","33,263.67","93.20M","0.48%"
"11/16/2023","33,424.41","33,399.59","33,614.13","33,233.84","94.20M","-0.28%"
"11/15/2023","33,519.70","33,112.31","33,556.52","33,096.93","123.80M","2.52%"
"11/14/2023","32,695.93","32,760.51","32,836.27","32,667.40","88.10M","0.34%"
"11/13/2023","32,585.11","32,818.15","32,913.31","32,499.28","90.60M","0.05%"
"11/10/2023","32,568.11","32,491.24","32,598.93","32,248.24","111.30M","-0.24%"
"11/09/2023","32,646.46","32,316.39","32,723.71","32,193.20","115.50M","1.49%"
"11/08/2023","32,166.48","32,457.23","32,512.17","32,049.34","156.20M","-0.33%"
"11/07/2023","32,271.82","32,551.77","32,591.11","32,250.93","106.70M","-1.34%"
"11/06/2023","32,708.48","32,450.82","32,766.54","32,395.50","139.40M","2.37%"
"11/02/2023","31,949.89","31,987.02","32,087.13","31,878.36","121.10M","1.10%"
"11/01/2023","31,601.65","31,311.22","31,601.65","31,301.51","130.10M","2.41%"
"10/31/2023","30,858.85","30,694.96","30,973.66","30,552.65","134.30M","0.53%"
"10/30/2023","30,696.96","30,663.48","30,762.50","30,538.29","187.00M","-0.95%"
"10/27/2023","30,991.69","30,713.79","31,081.48","30,687.33","89.10M","1.27%"
"10/26/2023","30,601.78","30,902.92","30,943.33","30,567.61","85.60M","-2.14%"
"10/25/2023","31,269.92","31,302.51","31,466.92","31,195.58","78.70M","0.67%"
"10/24/2023","31,062.35","31,157.01","31,210.26","30,551.67","97.90M","0.20%"
"10/23/2023","30,999.55","31,151.98","31,177.41","30,974.26","73.50M","-0.83%"
"10/20/2023","31,259.36","31,164.89","31,428.97","31,093.90","84.50M","-0.54%"
"10/19/2023","31,430.62","31,579.54","31,669.42","31,399.17","80.70M","-1.91%"
"10/18/2023","32,042.25","32,033.81","32,101.47","31,866.95","83.20M","0.01%"
"10/17/2023","32,040.29","32,063.79","32,260.77","31,901.39","75.60M","1.20%"
"10/16/2023","31,659.03","31,983.04","31,999.79","31,564.31","84.50M","-2.03%"
"10/13/2023","32,315.99","32,328.39","32,533.08","32,249.03","91.50M","-0.55%"
"10/12/2023","32,494.66","32,120.94","32,494.66","32,120.94","100.60M","1.75%"
"10/11/2023","31,936.51","31,847.10","32,037.07","31,804.09","89.50M","0.60%"
"10/10/2023","31,746.53","31,314.67","31,818.26","31,314.67","101.00M","2.43%"
"10/06/2023","30,994.67","31,003.95","31,160.45","30,928.16","94.60M","-0.26%"
"10/05/2023","31,075.36","30,733.65","31,083.90","30,565.32","114.20M","1.80%"
"10/04/2023","30,526.88","30,765.03","30,830.85","30,487.67","137.20M","-2.28%"
"10/03/2023","31,237.94","31,607.97","31,607.97","31,157.40","109.60M","-1.64%"
"10/02/2023","31,759.88","32,101.97","32,401.58","31,759.88","103.10M","-0.31%"
"09/29/2023","31,857.62","32,018.64","32,027.46","31,717.74","132.00M","-0.05%"
"09/28/2023","31,872.52","32,119.37","32,164.45","31,674.42","115.90M","-1.54%"
"09/27/2023","32,371.90","32,023.37","32,371.90","31,960.32","105.60M","0.18%"
"09/26/2023","32,315.05","32,640.05","32,643.41","32,315.05","86.50M","-1.11%"
"09/25/2023","32,678.62","32,517.26","32,722.22","32,388.28","82.10M","0.85%"
"09/22/2023","32,402.41","32,189.32","32,535.67","32,154.53","109.80M","-0.52%"
"09/21/2023","32,571.03","32,865.56","32,939.89","32,550.65","107.90M","-1.37%"
"09/20/2023","33,023.78","33,261.35","33,267.14","32,988.65","113.50M","-0.66%"
"09/19/2023","33,242.59","33,296.23","33,337.23","33,128.86","117.20M","-0.87%"
"09/15/2023","33,533.09","33,428.44","33,634.31","33,391.46","166.60M","1.10%"
"09/14/2023","33,168.10","32,925.54","33,244.45","32,851.24","112.10M","1.41%"
"09/13/2023","32,706.52","32,742.29","32,872.44","32,616.65","98.10M","-0.21%"
"09/12/2023","32,776.37","32,629.16","32,799.69","32,486.48","94.00M","0.95%"
"09/11/2023","32,467.76","32,690.54","32,746.14","32,391.69","84.20M","-0.43%"
"09/08/2023","32,606.84","32,916.25","32,920.43","32,512.80","114.10M","-1.16%"
"09/07/2023","32,991.08","33,118.55","33,322.45","32,986.35","100.20M","-0.75%"
"09/06/2023","33,241.02","33,115.06","33,282.15","33,088.22","94.20M","0.62%"
"09/05/2023","33,036.76","32,941.41","33,036.76","32,784.32","91.30M","0.30%"
"09/04/2023","32,939.18","32,797.32","32,939.18","32,714.94","89.60M","0.70%"
"09/01/2023","32,710.62","32,521.15","32,845.46","32,499.44","88.40M","0.28%"
"08/31/2023","32,619.34","32,361.02","32,692.76","32,359.15","114.60M","0.88%"
"08/30/2023","32,333.46","32,432.95","32,557.45","32,300.56","89.10M","0.33%"
"08/29/2023","32,226.97","32,280.57","32,389.12","32,186.57","77.50M","0.18%"
"08/28/2023","32,169.99","31,915.68","32,205.48","31,881.93","69.90M","1.73%"
"08/25/2023","31,624.28","31,840.91","31,885.53","31,572.06","65.70M","-2.05%"
"08/24/2023","32,287.21","32,130.52","32,297.91","32,063.14","73.40M","0.87%"
"08/23/2023","32,010.26","31,717.91","32,039.60","31,717.91","65.10M","0.48%"
"08/22/2023","31,856.71","31,792.60","31,906.10","31,693.76","70.20M","0.92%"
"08/21/2023","31,565.64","31,552.85","31,758.70","31,409.86","69.50M","0.37%"
"08/18/2023","31,450.76","31,321.26","31,644.89","31,275.25","74.80M","-0.55%"
"08/17/2023","31,626.00","31,621.98","31,704.08","31,309.68","87.70M","-0.44%"
"08/16/2023","31,766.82","31,965.58","31,997.28","31,766.82","84.80M","-1.46%"
"08/15/2023","32,238.89","32,372.53","32,403.93","32,217.52","75.10M","0.56%"
"08/14/2023","32,059.91","32,456.72","32,613.99","32,031.54","95.60M","-1.27%"
"08/10/2023","32,473.65","32,015.96","32,504.85","32,015.96","108.00M","0.84%"
"08/09/2023","32,204.33","32,346.32","32,407.85","32,175.64","104.50M","-0.53%"
"08/08/2023","32,377.29","32,430.61","32,539.88","32,238.59","91.80M","0.38%"
"08/07/2023","32,254.56","31,921.28","32,306.87","31,830.23","94.10M","0.19%"
"08/04/2023","32,192.75","32,019.06","32,294.70","31,934.35","106.60M","0.10%"
"08/03/2023","32,159.28","32,375.85","32,467.06","32,142.25","120.30M","-1.68%"
"08/02/2023","32,707.69","33,123.12","33,158.58","32,628.29","124.20M","-2.30%"
"08/01/2023","33,476.58","33,292.31","33,488.77","33,203.88","110.80M","0.92%"
"07/31/2023","33,172.22","33,128.83","33,402.08","33,025.93","134.30M","1.26%"
"07/28/2023","32,759.23","32,444.42","32,846.97","32,037.55","170.50M","-0.40%"
"07/27/2023","32,891.16","32,523.69","32,938.59","32,503.69","90.90M","0.68%"
"07/26/2023","32,668.34","32,704.96","32,724.25","32,488.52","85.20M","-0.04%"
"07/25/2023","32,682.51","32,705.39","32,715.56","32,509.94","101.00M","-0.06%"
"07/24/2023","32,700.94","32,648.14","32,793.77","32,554.46","83.50M","1.23%"
"07/21/2023","32,304.25","32,336.86","32,462.44","32,080.95","79.40M","-0.57%"
"07/20/2023","32,490.52","32,803.35","32,861.02","32,462.86","75.60M","-1.23%"
"07/19/2023","32,896.03","32,812.36","32,896.03","32,671.03","81.90M","1.24%"
"07/18/2023","32,493.89","32,457.18","32,714.59","32,338.30","81.10M","0.32%"
"07/14/2023","32,391.26","32,587.90","32,780.63","32,225.37","90.30M","-0.09%"
"07/13/2023","32,419.33","32,106.05","32,484.40","31,952.98","77.80M","1.49%"
"07/12/2023","31,943.93","32,280.05","32,312.03","31,791.71","88.40M","-0.81%"
"07/11/2023","32,203.57","32,434.67","32,468.70","32,084.42","87.20M","0.04%"
"07/10/2023","32,189.73","32,393.46","32,558.98","32,065.63","101.20M","-0.61%"
"07/07/2023","32,388.42","32,450.64","32,730.25","32,327.90","105.10M","-1.17%"
"07/06/2023","32,773.02","33,058.40","33,079.45","32,637.72","100.60M","-1.70%"
"07/05/2023","33,338.70","33,165.06","33,389.22","33,041.14","95.10M","-0.25%"
"07/04/2023","33,422.52","33,512.26","33,576.45","33,338.78","99.40M","-0.98%"
"07/03/2023","33,753.33","33,517.60","33,762.81","33,510.55","95.40M","1.70%"
"06/30/2023","33,189.04","33,068.36","33,232.89","32,918.77","111.30M","-0.14%"
"06/29/2023","33,234.14","33,306.84","33,527.98","33,185.20","117.90M","0.12%"
"06/28/2023","33,193.99","32,807.84","33,193.99","32,642.87","91.10M","2.02%"
"06/27/2023","32,538.33","32,629.96","32,689.10","32,306.99","79.60M","-0.49%"
"06/26/2023","32,698.81","32,647.08","32,884.73","32,392.72","74.10M","-0.25%"
"06/23/2023","32,781.54","33,458.35","33,533.47","32,575.56","103.60M","-1.45%"
"06/22/2023","33,264.88","33,438.01","33,641.46","33,232.19","94.70M","-0.92%"
"06/21/2023","33,575.14","33,200.63","33,657.87","33,154.68","82.00M","0.56%"
"06/20/2023","33,388.91","33,269.57","33,474.74","33,089.02","82.40M","0.06%"
"06/19/2023","33,370.42","33,768.69","33,772.89","33,231.56","82.90M","-1.00%"
"06/16/2023","33,706.08","33,399.15","33,772.76","33,186.93","132.00M","0.66%"
"06/15/2023","33,485.49","33,493.69","33,767.13","33,386.01","105.80M","-0.05%"
"06/14/2023","33,502.42","33,331.47","33,665.52","33,203.95","111.60M","1.47%"
"06/13/2023","33,018.65","32,668.95","33,127.36","32,638.21","89.50M","1.80%"
"06/12/2023","32,434.00","32,412.12","32,517.68","32,280.54","68.70M","0.52%"
"06/09/2023","32,265.17","31,927.38","32,304.04","31,898.75","101.50M","1.97%"
"06/08/2023","31,641.27","31,877.79","32,035.95","31,420.45","86.00M","-0.85%"
"06/07/2023","31,913.74","32,618.78","32,708.53","31,913.74","111.90M","-1.82%"
"06/06/2023","32,506.78","31,988.37","32,534.47","31,933.87","82.50M","0.90%"
"06/05/2023","32,217.43","31,864.12","32,217.43","31,798.72","98.80M","2.20%"
"06/02/2023","31,524.22","31,300.72","31,555.54","31,257.01","90.70M","1.21%"
"06/01/2023","31,148.01","30,886.01","31,185.05","30,853.44","95.10M","0.84%"
"05/31/2023","30,887.88","31,057.09","31,142.78","30,785.98","184.60M","-1.41%"
"05/30/2023","31,328.16","31,196.24","31,374.83","31,064.19","71.80M","0.30%"
"05/29/2023","31,233.54","31,388.01","31,560.43","31,164.00","78.30M","1.03%"
"05/26/2023","30,916.31","30,909.61","31,101.60","30,864.49","78.30M","0.37%"
"05/25/2023","30,801.13","30,599.27","30,889.98","30,558.14","84.00M","0.39%"
"05/24/2023","30,682.68","30,728.69","30,856.92","30,566.83","81.70M","-0.89%"
"05/23/2023","30,957.77","31,245.72","31,352.53","30,828.73","92.20M","-0.42%"
"05/22/2023","31,086.82","30,735.71","31,086.82","30,689.27","75.40M","0.90%"
"05/19/2023","30,808.35","30,847.36","30,924.57","30,679.16","80.50M","0.77%"
"05/18/2023","30,573.93","30,432.54","30,667.13","30,381.90","90.50M","1.60%"
"05/17/2023","30,093.59","29,912.44","30,115.32","29,912.44","93.10M","0.84%"
"05/16/2023","29,842.99","29,838.01","29,916.56","29,779.07","107.40M","0.73%"
"05/15/2023","29,626.34","29,547.04","29,629.47","29,475.97","88.60M","0.81%"
"05/12/2023","29,388.30","29,199.30","29,426.06","29,141.52","106.10M","0.90%"
"05/11/2023","29,126.72","29,110.79","29,165.59","29,028.71","82.20M","0.02%"
"05/10/2023","29,122.18","29,189.41","29,195.16","29,070.11","87.30M","-0.41%"
"05/09/2023","29,242.82","29,020.63","29,262.36","29,020.63","86.40M","1.01%"
"05/08/2023","28,949.88","29,095.46","29,144.12","28,931.81","74.10M","-0.71%"
"05/02/2023","29,157.95","29,278.80","29,278.80","29,083.13","63.90M","0.12%"
"05/01/2023","29,123.18","29,058.05","29,145.89","29,016.83","73.40M","0.92%"
"04/28/2023","28,856.44","28,705.91","28,879.24","28,499.51","104.00M","1.40%"
"04/27/2023","28,457.68","28,340.59","28,459.73","28,241.67","73.60M","0.15%"
"04/26/2023","28,416.47","28,478.52","28,551.61","28,319.77","68.70M","-0.71%"
"04/25/2023","28,620.07","28,697.73","28,806.69","28,609.77","59.30M","0.09%"
"04/24/2023","28,593.52","28,631.78","28,680.65","28,567.24","50.00M","0.10%"
"04/21/2023","28,564.37","28,590.55","28,778.37","28,527.80","61.40M","-0.33%"
"04/20/2023","28,657.57","28,472.00","28,694.25","28,442.45","56.70M","0.18%"
"04/19/2023","28,606.76","28,619.84","28,677.22","28,531.54","58.00M","-0.18%"
"04/18/2023","28,658.83","28,567.54","28,698.22","28,520.76","62.30M","0.51%"
"04/17/2023","28,514.78","28,537.99","28,599.75","28,414.98","58.00M","0.07%"
"04/14/2023","28,493.47","28,321.54","28,515.51","28,282.82","72.90M","1.20%"
"04/13/2023","28,156.97","27,952.58","28,163.87","27,952.01","59.90M","0.26%"
"04/12/2023","28,082.70","27,985.93","28,121.46","27,983.97","62.70M","0.57%"
"04/11/2023","27,923.37","27,895.90","28,068.39","27,854.82","64.80M","1.05%"
"04/10/2023","27,633.66","27,658.52","27,737.49","27,597.18","48.00M","0.42%"
"04/07/2023","27,518.31","27,554.37","27,591.15","27,456.25","49.10M","0.17%"
"04/06/2023","27,472.63","27,589.14","27,609.86","27,427.66","73.20M","-1.22%"
"04/05/2023","27,813.26","28,111.04","28,133.57","27,788.77","74.30M","-1.68%"
"04/04/2023","28,287.42","28,213.93","28,287.42","28,139.12","73.30M","0.35%"
"04/03/2023","28,188.15","28,203.35","28,258.91","28,120.71","75.00M","0.52%"
"03/31/2023","28,041.48","28,009.22","28,124.62","27,986.62","91.10M","0.93%"
"03/30/2023","27,782.93","27,827.89","27,876.38","27,630.55","82.00M","-0.36%"
"03/29/2023","27,883.78","27,549.37","27,897.72","27,505.48","83.80M","1.33%"
"03/28/2023","27,518.25","27,573.82","27,603.45","27,432.76","66.40M","0.15%"
"03/27/2023","27,476.87","27,482.39","27,543.48","27,359.72","57.40M","0.33%"
"03/24/2023","27,385.25","27,368.62","27,397.29","27,257.44","59.50M","-0.13%"
"03/23/2023","27,419.61","27,232.97","27,461.97","27,175.63","64.10M","-0.17%"
"03/22/2023","27,466.61","27,298.15","27,520.97","27,267.26","78.10M","1.93%"
"03/20/2023","26,945.67","27,253.73","27,367.18","26,945.67","79.20M","-1.42%"
"03/17/2023","27,333.79","27,232.23","27,356.15","27,071.71","101.50M","1.20%"
"03/16/2023","27,010.61","26,796.67","27,057.54","26,632.92","107.10M","-0.80%"
"03/15/2023","27,229.48","27,421.66","27,424.94","27,105.99","86.60M","0.03%"
"03/14/2023","27,222.04","27,455.95","27,455.95","27,104.75","125.70M","-2.19%"
"03/13/2023","27,832.96","27,886.21","27,906.97","27,631.53","96.10M","-1.11%"
"03/10/2023","28,143.97","28,385.29","28,424.24","28,118.74","111.30M","-1.67%"
"03/09/2023","28,623.15","28,648.11","28,734.79","28,558.88","72.30M","0.63%"
"03/08/2023","28,444.19","28,237.21","28,469.41","28,232.68","67.20M","0.48%"
"03/07/2023","28,309.16","28,202.59","28,398.27","28,202.59","69.80M","0.25%"
"03/06/2023","28,237.78","28,182.31","28,288.62","28,153.82","65.70M","1.11%"
"03/03/2023","27,927.47","27,683.26","27,961.21","27,655.34","78.20M","1.56%"
"03/02/2023","27,498.87","27,564.82","27,617.80","27,408.54","69.30M","-0.06%"
"03/01/2023","27,516.53","27,363.57","27,530.76","27,305.37","69.80M","0.26%"
"02/28/2023","27,445.56","27,515.34","27,585.17","27,400.36","86.30M","0.08%"
"02/27/2023","27,423.96","27,322.73","27,456.22","27,292.74","59.40M","-0.11%"
"02/24/2023","27,453.48","27,144.72","27,465.90","27,128.32","76.00M","1.29%"
"02/22/2023","27,104.32","27,265.99","27,300.53","27,046.08","74.70M","-1.34%"
"02/21/2023","27,473.10","27,486.09","27,538.29","27,359.12","61.60M","-0.21%"
"02/20/2023","27,531.94","27,497.13","27,531.94","27,426.48","62.50M","0.07%"
"02/17/2023","27,513.13","27,484.60","27,608.59","27,466.61","68.80M","-0.66%"
"02/16/2023","27,696.44","27,654.72","27,727.66","27,597.12","68.10M","0.71%"
"02/15/2023","27,501.86","27,686.01","27,720.27","27,444.13","72.10M","-0.37%"
"02/14/2023","27,602.77","27,705.37","27,721.82","27,553.18","55.80M","0.64%"
"02/13/2023","27,427.32","27,550.35","27,570.32","27,266.94","70.40M","-0.88%"
"02/10/2023","27,670.98","27,711.25","27,814.02","27,609.33","88.80M","0.31%"
"02/09/2023","27,584.35","27,453.40","27,635.38","27,424.69","61.70M","-0.08%"
"02/08/2023","27,606.46","27,690.74","27,719.45","27,458.53","69.00M","-0.29%"
"02/07/2023","27,685.47","27,744.90","27,814.96","27,662.11","74.30M","-0.03%"
"02/06/2023","27,693.65","27,764.66","27,821.22","27,656.47","88.40M","0.67%"
"02/03/2023","27,509.46","27,455.03","27,612.57","27,445.69","92.80M","0.39%"
"02/02/2023","27,402.05","27,453.67","27,472.44","27,338.43","73.20M","0.20%"
"02/01/2023","27,346.88","27,483.41","27,547.67","27,322.79","65.80M","0.07%"
"01/31/2023","27,327.11","27,458.56","27,494.17","27,302.22","74.60M","-0.39%"
"01/30/2023","27,433.40","27,384.77","27,486.42","27,337.25","65.80M","0.19%"
"01/27/2023","27,382.56","27,428.41","27,452.67","27,326.91","71.50M","0.07%"
"01/26/2023","27,362.75","27,444.64","27,502.15","27,284.08","63.30M","-0.12%"
"01/25/2023","27,395.01","27,175.88","27,473.90","27,175.88","63.40M","0.35%"
"01/24/2023","27,299.19","27,150.43","27,381.00","27,150.43","70.80M","1.46%"
"01/23/2023","26,906.04","26,880.21","26,938.28","26,788.76","60.20M","1.33%"
"01/20/2023","26,553.53","26,346.69","26,553.53","26,320.96","60.40M","0.56%"
"01/19/2023","26,405.23","26,541.08","26,592.87","26,368.97","68.70M","-1.44%"
"01/18/2023","26,791.12","26,251.34","26,816.68","26,211.84","93.40M","2.50%"
"01/17/2023","26,138.68","25,915.51","26,198.69","25,895.30","68.10M","1.23%"
"01/16/2023","25,822.32","25,836.67","25,938.04","25,748.10","71.70M","-1.14%"
"01/13/2023","26,119.52","26,391.78","26,409.21","26,090.84","98.30M","-1.25%"
"01/12/2023","26,449.82","26,524.94","26,547.61","26,381.93","77.00M","0.01%"
"01/11/2023","26,446.00","26,362.21","26,479.99","26,332.05","62.40M","1.03%"
"01/10/2023","26,175.56","26,176.61","26,316.66","26,132.80","71.20M","0.78%"
"01/06/2023","25,973.85","25,740.08","26,034.06","25,719.61","68.20M","0.59%"
"01/05/2023","25,820.80","25,825.50","25,947.10","25,750.46","72.30M","0.40%"
"01/04/2023","25,716.86","25,834.93","25,840.68","25,661.89","83.30M","-1.45%"
"12/30/2022","26,094.50","26,288.00","26,321.37","26,067.92","52.70M","0.00%"
"12/29/2022","26,093.67","26,074.90","26,126.70","25,953.92","63.10M","-0.94%"
"12/28/2022","26,340.50","26,309.34","26,354.27","26,199.67","61.50M","-0.41%"
"12/27/2022","26,447.87","26,570.78","26,620.49","26,447.87","50.20M","0.16%"
"12/26/2022","26,405.87","26,299.54","26,438.65","26,294.85","47.30M","0.65%"
"12/23/2022","26,235.25","26,207.77","26,291.98","26,106.38","75.70M","-1.03%"
"12/22/2022","26,507.87","26,552.43","26,585.28","26,399.31","73.40M","0.46%"
"12/21/2022","26,387.72","26,547.17","26,616.28","26,269.80","119.20M","-0.68%"
"12/20/2022","26,568.03","27,257.35","27,339.49","26,416.91","118.50M","-2.46%"
"12/19/2022","27,237.64","27,279.92","27,349.58","27,165.78","58.20M","-1.05%"
"12/16/2022","27,527.12","27,706.70","27,713.04","27,488.83","83.80M","-1.87%"
"12/15/2022","28,051.70","27,991.14","28,163.17","27,987.54","51.10M","-0.37%"
"12/14/2022","28,156.21","28,005.03","28,195.69","27,993.78","54.80M","0.72%"
"12/13/2022","27,954.85","28,067.37","28,116.56","27,907.49","51.90M","0.40%"
"12/12/2022","27,842.33","27,741.10","27,865.72","27,734.66","49.60M","-0.21%"
"12/09/2022","27,901.01","27,633.96","27,952.80","27,633.96","70.20M","1.18%"
"12/08/2022","27,574.43","27,622.30","27,643.64","27,415.66","64.90M","-0.40%"
"12/07/2022","27,686.40","27,670.29","27,786.25","27,646.78","63.00M","-0.72%"
"12/06/2022","27,885.87","27,704.06","27,934.07","27,698.31","60.40M","0.24%"
"12/05/2022","27,820.40","27,752.99","27,854.11","27,700.86","63.90M","0.15%"
"12/02/2022","27,777.90","27,983.18","27,983.18","27,662.12","79.40M","-1.59%"
"12/01/2022","28,226.08","28,273.13","28,423.46","28,226.08","71.40M","0.92%"
"11/30/2022","27,968.99","27,886.67","27,972.89","27,802.71","106.60M","-0.21%"
"11/29/2022","28,027.84","27,991.50","28,055.91","27,899.98","64.80M","-0.48%"
"11/28/2022","28,162.83","28,220.56","28,238.50","28,046.32","64.60M","-0.42%"
"11/25/2022","28,283.03","28,398.77","28,399.88","28,263.60","56.80M","-0.35%"
"11/24/2022","28,383.09","28,373.72","28,502.29","28,363.66","83.90M","0.95%"
"11/22/2022","28,115.74","28,059.51","28,203.35","28,038.16","75.90M","0.61%"
"11/21/2022","27,944.79","27,982.00","28,007.06","27,846.30","56.50M","0.16%"
"11/18/2022","27,899.77","28,009.82","28,045.44","27,877.78","64.80M","-0.11%"
"11/17/2022","27,930.57","27,952.21","28,029.62","27,910.01","58.90M","-0.35%"
"11/16/2022","28,028.30","28,020.49","28,069.25","27,743.15","73.20M","0.14%"
"11/15/2022","27,990.17","27,940.26","28,038.63","27,903.27","71.20M","0.10%"
"11/14/2022","27,963.47","28,277.64","28,305.04","27,963.47","85.10M","-1.06%"
"11/11/2022","28,263.57","27,868.69","28,329.54","27,837.09","103.70M","2.98%"
"11/10/2022","27,446.10","27,459.08","27,485.38","27,370.62","77.10M","-0.98%"
"11/09/2022","27,716.43","27,884.55","27,926.52","27,688.86","79.10M","-0.56%"
"11/08/2022","27,872.11","27,718.84","27,943.27","27,704.64","84.40M","1.25%"
"11/07/2022","27,527.64","27,406.78","27,578.01","27,357.53","78.90M","1.21%"
"11/04/2022","27,199.74","27,371.89","27,389.30","27,032.02","111.10M","-1.68%"
"11/02/2022","27,663.39","27,562.30","27,692.55","27,546.88","86.60M","-0.06%"
"11/01/2022","27,678.92","27,614.64","27,682.97","27,526.18","72.60M","0.33%"
"10/31/2022","27,587.46","27,404.30","27,602.99","27,392.99","71.10M","1.78%"
"10/28/2022","27,105.20","27,097.38","27,265.46","26,981.08","144.60M","-0.88%"
"10/27/2022","27,345.24","27,407.23","27,450.26","27,330.79","65.40M","-0.32%"
"10/26/2022","27,431.84","27,410.64","27,578.05","27,404.90","61.00M","0.67%"
"10/25/2022","27,250.28","27,113.20","27,337.80","27,073.18","62.20M","1.02%"
"10/24/2022","26,974.90","27,233.00","27,308.97","26,974.90","59.10M","0.31%"
"10/21/2022","26,890.58","26,903.50","26,985.38","26,869.38","56.30M","-0.43%"
"10/20/2022","27,006.96","26,981.75","27,092.55","26,872.45","60.30M","-0.92%"
"10/19/2022","27,257.38","27,225.17","27,371.38","27,192.79","57.60M","0.37%"
"10/18/2022","27,156.14","27,167.73","27,229.88","26,910.10","66.10M","1.42%"
"10/17/2022","26,775.79","26,785.02","26,814.92","26,649.13","65.30M","-1.16%"
"10/14/2022","27,090.76","26,599.32","27,180.16","26,595.35","82.40M","3.25%"
"10/13/2022","26,237.42","26,398.29","26,408.31","26,237.42","59.20M","-0.60%"
"10/12/2022","26,396.83","26,353.22","26,495.75","26,313.41","68.80M","-0.02%"
"10/11/2022","26,401.25","26,757.12","26,759.62","26,369.56","78.90M","-2.64%"
"10/07/2022","27,116.11","26,975.92","27,198.91","26,921.90","66.70M","-0.71%"
"10/06/2022","27,311.30","27,137.98","27,399.19","27,137.98","69.40M","0.70%"
"10/05/2022","27,120.53","27,211.32","27,216.80","27,030.55","73.30M","0.48%"
"10/04/2022","26,992.21","26,653.49","26,994.44","26,633.52","87.10M","2.96%"
"10/03/2022","26,215.79","25,778.95","26,223.84","25,621.96","80.70M","1.07%"
"09/30/2022","25,937.21","26,240.00","26,273.65","25,805.59","101.30M","-1.83%"
"09/29/2022","26,422.05","26,280.50","26,458.67","26,221.78","88.90M","0.95%"
"09/28/2022","26,173.98","26,422.86","26,516.32","25,938.36","92.90M","-1.50%"
"09/27/2022","26,571.87","26,585.38","26,680.20","26,523.77","66.80M","0.53%"
"09/26/2022","26,431.55","26,779.44","26,779.44","26,424.60","96.50M","-2.66%"
"09/22/2022","27,153.83","27,053.58","27,197.07","26,955.18","62.20M","-0.58%"
"09/21/2022","27,313.13","27,440.84","27,467.34","27,297.50","65.50M","-1.36%"
"09/20/2022","27,688.42","27,788.68","27,907.45","27,627.86","60.00M","0.44%"
"09/16/2022","27,567.65","27,631.39","27,654.99","27,525.68","81.60M","-1.11%"
"09/15/2022","27,875.91","27,873.96","27,946.20","27,801.44","48.70M","0.21%"
"09/14/2022","27,818.62","28,132.70","28,141.92","27,795.64","70.90M","-2.78%"
"09/13/2022","28,614.63","28,556.21","28,659.76","28,530.36","51.70M","0.25%"
"09/12/2022","28,542.11","28,483.59","28,612.89","28,438.37","50.50M","1.16%"
"09/09/2022","28,214.75","28,204.71","28,286.02","28,091.38","74.00M","0.53%"
"09/08/2022","28,065.28","27,732.68","28,083.79","27,718.30","75.20M","2.31%"
"09/07/2022","27,430.30","27,546.01","27,546.01","27,268.70","69.40M","-0.71%"
"09/06/2022","27,626.51","27,650.15","27,813.78","27,557.99","46.30M","0.02%"
"09/05/2022","27,619.61","27,567.29","27,673.44","27,511.68","47.10M","-0.11%"
"09/02/2022","27,650.84","27,755.60","27,772.37","27,570.74","58.80M","-0.04%"
"09/01/2022","27,661.47","27,797.00","27,832.78","27,589.70","68.90M","-1.53%"
"08/31/2022","28,091.53","27,928.09","28,104.80","27,906.17","86.20M","-0.37%"
"08/30/2022","28,195.58","28,086.72","28,233.80","27,944.25","60.70M","1.14%"
"08/29/2022","27,878.96","28,161.06","28,179.09","27,788.12","64.10M","-2.66%"
"08/26/2022","28,641.38","28,639.47","28,792.93","28,608.70","49.10M","0.57%"
"08/25/2022","28,479.01","28,415.11","28,534.71","28,357.03","53.70M","0.58%"
"08/24/2022","28,313.47","28,481.34","28,515.61","28,282.21","62.00M","-0.49%"
"08/23/2022","28,452.75","28,580.20","28,580.20","28,395.30","55.70M","-1.19%"
"08/22/2022","28,794.50","28,654.07","28,828.21","28,586.36","49.20M","-0.47%"
"08/19/2022","28,930.33","29,095.71","29,150.80","28,913.05","48.40M","-0.04%"
"08/18/2022","28,942.14","28,957.40","28,999.64","28,846.52","47.40M","-0.96%"
"08/17/2022","29,222.77","28,952.65","29,222.77","28,944.71","66.60M","1.23%"
"08/16/2022","28,868.91","28,829.53","28,928.16","28,752.88","50.10M","-0.01%"
"08/15/2022","28,871.78","28,623.78","28,897.07","28,623.78","53.70M","1.14%"
"08/12/2022","28,546.98","28,251.74","28,546.98","28,207.86","89.60M","2.62%"
"08/10/2022","27,819.33","27,955.11","27,964.96","27,729.46","59.90M","-0.65%"
"08/09/2022","27,999.96","28,236.84","28,257.34","27,966.91","64.90M","-0.88%"
"08/08/2022","28,249.24","28,050.09","28,279.12","28,047.08","66.10M","0.26%"
"08/05/2022","28,175.87","27,915.06","28,190.04","27,910.22","71.30M","0.87%"
"08/04/2022","27,932.20","27,930.94","28,005.59","27,870.05","83.10M","0.69%"
"08/03/2022","27,741.90","27,673.00","27,837.63","27,634.65","72.30M","0.53%"
"08/02/2022","27,594.73","27,812.48","27,830.58","27,530.60","71.80M","-1.42%"
"08/01/2022","27,993.35","27,813.82","27,993.35","27,751.59","71.90M","0.69%"
"07/29/2022","27,801.64","27,915.22","28,001.80","27,725.24","79.30M","-0.05%"
"07/28/2022","27,815.48","27,909.15","28,015.68","27,651.99","83.50M","0.36%"
"07/27/2022","27,715.75","27,575.16","27,772.97","27,525.09","51.10M","0.22%"
"07/26/2022","27,655.21","27,682.20","27,715.78","27,538.39","50.00M","-0.16%"
"07/25/2022","27,699.25","27,697.77","27,848.59","27,663.16","46.50M","-0.77%"
"07/22/2022","27,914.66","27,773.14","27,952.25","27,701.25","60.10M","0.40%"
"07/21/2022","27,803.00","27,627.88","27,803.00","27,549.56","56.70M","0.44%"
"07/20/2022","27,680.26","27,295.95","27,692.85","27,295.95","66.70M","2.67%"
"07/19/2022","26,961.68","27,003.83","27,043.58","26,791.71","59.40M","0.65%"
"07/15/2022","26,788.47","26,736.08","26,857.77","26,571.38","65.50M","0.54%"
"07/14/2022","26,643.39","26,357.32","26,713.07","26,312.79","60.60M","0.62%"
"07/13/2022","26,478.77","26,403.79","26,543.07","26,389.10","54.10M","0.54%"
"07/12/2022","26,336.66","26,701.00","26,718.67","26,278.28","64.40M","-1.77%"
"07/11/2022","26,812.30","26,892.73","27,062.17","26,710.59","68.50M","1.11%"
"07/08/2022","26,517.19","26,623.85","26,881.75","26,510.53","89.30M","0.10%"
"07/07/2022","26,490.53","26,280.94","26,533.65","26,136.99","80.70M","1.47%"
"07/06/2022","26,107.65","26,190.40","26,298.96","26,051.19","89.70M","-1.20%"
"07/05/2022","26,423.47","26,386.23","26,532.51","26,294.84","62.80M","1.03%"
"07/04/2022","26,153.81","26,086.78","26,258.86","25,945.83","68.70M","0.84%"
"07/01/2022","25,935.62","26,460.71","26,531.24","25,841.75","81.70M","-1.73%"
"06/30/2022","26,393.04","26,753.28","26,753.28","26,324.31","86.10M","-1.54%"
"06/29/2022","26,804.60","26,814.23","26,858.68","26,687.47","101.10M","-0.91%"
"06/28/2022","27,049.47","26,795.68","27,062.31","26,789.50","73.40M","0.66%"
"06/27/2022","26,871.27","26,741.80","26,938.43","26,665.44","65.80M","1.43%"
"06/24/2022","26,491.97","26,228.42","26,519.16","26,148.56","72.60M","1.23%"
"06/23/2022","26,171.25","26,134.89","26,401.97","26,039.57","65.70M","0.08%"
"06/22/2022","26,149.55","26,441.72","26,462.83","26,149.17","66.40M","-0.37%"
"06/21/2022","26,246.31","26,070.92","26,418.84","25,972.28","65.40M","1.84%"
"06/20/2022","25,771.22","26,156.62","26,156.62","25,520.23","72.20M","-0.74%"
"06/17/2022","25,963.00","25,988.20","26,072.35","25,720.80","115.20M","-1.77%"
"06/16/2022","26,431.20","26,715.52","26,947.70","26,431.20","67.80M","0.40%"
"06/15/2022","26,326.16","26,625.68","26,638.76","26,321.68","72.70M","-1.14%"
"06/14/2022","26,629.86","26,555.75","26,657.92","26,357.90","75.00M","-1.32%"
"06/13/2022","26,987.44","27,369.66","27,389.30","26,948.22","71.40M","-3.01%"
"06/10/2022","27,824.29","27,996.35","28,044.45","27,795.17","79.70M","-1.49%"
"06/09/2022","28,246.53","28,189.35","28,389.75","28,189.35","80.30M","0.04%"
"06/08/2022","28,234.29","28,100.26","28,234.29","28,089.78","78.70M","1.04%"
"06/07/2022","27,943.95","27,984.79","28,094.73","27,863.38","68.30M","0.10%"
"06/06/2022","27,915.89","27,549.64","27,979.54","27,523.95","56.80M","0.56%"
"06/03/2022","27,761.57","27,660.62","27,776.33","27,614.86","63.70M","1.27%"
"06/02/2022","27,413.88","27,340.52","27,450.47","27,251.24","63.60M","-0.16%"
"06/01/2022","27,457.89","27,295.63","27,482.31","27,295.42","75.80M","0.65%"
"05/31/2022","27,279.80","27,318.09","27,463.33","27,250.70","141.80M","-0.33%"
"05/30/2022","27,369.43","27,092.82","27,401.24","27,057.20","97.00M","2.19%"
"05/27/2022","26,781.68","26,947.80","26,996.70","26,731.60","69.30M","0.66%"
"05/26/2022","26,604.84","26,685.02","26,898.75","26,597.97","64.50M","-0.27%"
"05/25/2022","26,677.80","26,711.53","26,795.89","26,578.03","72.30M","-0.26%"
"05/24/2022","26,748.14","27,005.43","27,005.43","26,736.01","67.40M","-0.94%"
"05/23/2022","27,001.52","26,991.42","27,047.47","26,832.65","65.00M","0.98%"
"05/20/2022","26,739.03","26,448.23","26,769.20","26,426.99","76.30M","1.27%"
"05/19/2022","26,402.84","26,435.32","26,458.85","26,150.09","74.50M","-1.89%"
"05/18/2022","26,911.20","26,826.82","27,053.18","26,741.34","74.70M","0.94%"
"05/17/2022","26,659.75","26,555.23","26,709.26","26,440.62","78.90M","0.42%"
"05/16/2022","26,547.05","26,753.37","26,836.96","26,438.61","87.00M","0.45%"
"05/13/2022","26,427.65","25,918.80","26,479.93","25,904.40","103.80M","2.64%"
"05/12/2022","25,748.72","25,945.04","26,028.36","25,688.11","91.20M","-1.77%"
"05/11/2022","26,213.64","26,045.38","26,290.62","26,003.26","85.90M","0.18%"
"05/10/2022","26,167.10","26,149.06","26,246.63","25,773.83","80.80M","-0.58%"
"05/09/2022","26,319.34","26,705.32","26,732.61","26,309.22","79.50M","-2.53%"
"05/06/2022","27,003.56","26,784.29","27,072.59","26,543.29","98.50M","0.69%"
"05/02/2022","26,818.53","26,851.10","26,964.59","26,610.86","74.50M","-0.11%"
"04/28/2022","26,847.90","26,430.28","26,876.95","26,348.36","86.70M","1.75%"
"04/27/2022","26,386.63","26,313.14","26,406.62","26,051.04","97.30M","-1.17%"
"04/26/2022","26,700.11","26,743.21","26,808.99","26,592.99","64.30M","0.41%"
"04/25/2022","26,590.78","26,692.48","26,764.48","26,487.84","62.70M","-1.90%"
"04/22/2022","27,105.26","27,197.80","27,205.83","26,904.38","58.50M","-1.63%"
"04/21/2022","27,553.06","27,259.14","27,580.64","27,252.83","62.30M","1.23%"
"04/20/2022","27,217.85","27,210.79","27,389.84","27,066.18","72.30M","0.86%"
"04/19/2022","26,985.09","27,096.49","27,100.59","26,777.71","60.50M","0.69%"
"04/18/2022","26,799.71","26,831.45","26,851.80","26,571.38","48.30M","-1.08%"
"04/15/2022","27,093.19","26,932.48","27,203.77","26,784.92","51.50M","-0.29%"
"04/14/2022","27,172.00","26,925.64","27,200.89","26,890.68","61.80M","1.22%"
"04/13/2022","26,843.49","26,436.06","26,885.87","26,429.47","71.60M","1.93%"
"04/12/2022","26,334.98","26,606.87","26,674.86","26,304.08","75.30M","-1.81%"
"04/11/2022","26,821.52","26,877.60","27,004.50","26,720.46","73.50M","-0.61%"
"04/08/2022","26,985.80","27,097.05","27,185.23","26,764.36","78.10M","0.36%"
"04/07/2022","26,888.57","27,032.42","27,042.49","26,801.79","71.10M","-1.69%"
"04/06/2022","27,350.30","27,533.88","27,549.67","27,214.61","68.70M","-1.58%"
"04/05/2022","27,787.98","27,965.94","27,965.94","27,662.28","64.30M","0.19%"
"04/04/2022","27,736.47","27,685.65","27,754.24","27,578.81","50.30M","0.25%"
"04/01/2022","27,665.98","27,624.11","27,738.31","27,399.48","66.80M","-0.56%"
"03/31/2022","27,821.43","27,809.97","28,101.68","27,763.96","78.60M","-0.73%"
"03/30/2022","28,027.25","28,250.80","28,281.45","27,736.27","83.40M","-0.80%"
"03/29/2022","28,252.42","28,173.43","28,252.42","28,063.92","77.70M","1.10%"
"03/28/2022","27,943.89","28,084.08","28,084.08","27,812.67","65.30M","-0.73%"
"03/25/2022","28,149.84","28,338.81","28,338.81","27,946.79","67.40M","0.14%"
"03/24/2022","28,110.39","27,693.77","28,110.39","27,624.62","71.60M","0.25%"
"03/23/2022","28,040.16","27,606.79","28,056.20","27,604.37","88.20M","3.00%"
"03/22/2022","27,224.11","27,091.32","27,284.47","27,076.33","98.00M","1.48%"
"03/18/2022","26,827.43","26,649.50","26,862.43","26,592.98","108.20M","0.65%"
"03/17/2022","26,652.89","26,170.38","26,702.94","26,152.89","89.60M","3.46%"
"03/16/2022","25,762.01","25,574.90","25,824.94","25,470.46","82.30M","1.64%"
"03/15/2022","25,346.48","25,228.53","25,441.67","25,219.13","73.20M","0.15%"
"03/14/2022","25,307.85","25,338.64","25,631.01","25,299.64","72.60M","0.58%"
"03/11/2022","25,162.78","25,495.03","25,503.65","24,966.50","89.60M","-2.05%"
"03/10/2022","25,690.40","25,108.47","25,720.31","25,099.85","95.20M","3.94%"
"03/09/2022","24,717.53","24,876.49","25,084.08","24,681.74","91.50M","-0.30%"
"03/08/2022","24,790.95","24,974.35","25,291.33","24,767.33","114.70M","-1.71%"
"03/07/2022","25,221.41","25,634.09","25,640.41","25,006.26","105.40M","-2.94%"
"03/04/2022","25,985.47","26,421.85","26,421.85","25,774.28","93.50M","-2.23%"
"03/03/2022","26,577.27","26,628.87","26,704.85","26,496.72","74.80M","0.70%"
"03/02/2022","26,393.03","26,532.20","26,585.30","26,313.72","87.70M","-1.68%"
"03/01/2022","26,844.72","26,836.74","27,013.26","26,821.75","74.00M","1.20%"
"02/28/2022","26,526.82","26,457.52","26,644.56","26,262.63","91.10M","0.19%"
"02/25/2022","26,476.50","26,213.20","26,481.60","26,160.19","77.60M","1.95%"
"02/24/2022","25,970.82","26,281.35","26,357.58","25,775.64","93.50M","-1.81%"
"02/22/2022","26,449.61","26,515.45","26,550.14","26,243.73","67.30M","-1.71%"
"02/21/2022","26,910.87","26,771.58","26,998.47","26,549.00","52.90M","-0.78%"
"02/18/2022","27,122.07","26,895.16","27,216.16","26,792.54","63.50M","-0.41%"
"02/17/2022","27,232.87","27,431.42","27,438.74","27,080.92","67.80M","-0.83%"
"02/16/2022","27,460.40","27,269.05","27,486.09","27,227.24","64.10M","2.22%"
"02/15/2022","26,865.19","27,183.56","27,205.20","26,724.91","76.20M","-0.79%"
"02/14/2022","27,079.59","27,305.92","27,325.50","26,947.65","79.80M","-2.23%"
"02/10/2022","27,696.08","27,818.10","27,880.70","27,575.07","82.90M","0.42%"
"02/09/2022","27,579.87","27,488.65","27,633.10","27,405.88","93.50M","1.08%"
"02/08/2022","27,284.52","27,318.30","27,461.33","27,280.25","76.60M","0.13%"
"02/07/2022","27,248.87","27,327.63","27,369.68","27,085.32","77.10M","-0.70%"
"02/04/2022","27,439.99","27,095.90","27,455.98","27,075.99","79.60M","0.73%"
"02/03/2022","27,241.31","27,330.96","27,357.33","27,165.93","81.10M","-1.06%"
"02/02/2022","27,533.60","27,302.99","27,564.62","27,289.16","85.20M","1.68%"
"02/01/2022","27,078.48","27,167.14","27,410.79","27,016.71","81.10M","0.28%"
"01/31/2022","27,001.98","26,690.60","27,134.57","26,541.65","78.30M","1.07%"
"01/28/2022","26,717.34","26,429.85","26,764.85","26,289.69","76.00M","2.09%"
"01/27/2022","26,170.30","27,139.88","27,193.59","26,044.52","88.70M","-3.11%"
"01/26/2022","27,011.33","27,105.98","27,184.54","26,858.68","60.50M","-0.44%"
"01/25/2022","27,131.34","27,466.82","27,493.75","26,890.94","77.00M","-1.66%"
"01/24/2022","27,588.37","27,258.45","27,627.60","27,203.33","61.00M","0.24%"
"01/21/2022","27,522.26","27,404.36","27,586.42","27,129.61","72.70M","-0.90%"
"01/20/2022","27,772.93","27,401.43","27,882.53","27,217.59","74.00M","1.11%"
"01/19/2022","27,467.23","27,928.89","27,958.17","27,314.41","84.30M","-2.80%"
"01/18/2022","28,257.25","28,451.34","28,690.34","28,129.66","71.30M","-0.27%"
"01/17/2022","28,333.52","28,332.72","28,449.99","28,274.18","54.50M","0.74%"
"01/14/2022","28,124.28","28,246.99","28,252.96","27,889.21","82.10M","-1.28%"
"01/13/2022","28,489.13","28,658.22","28,660.45","28,444.96","69.90M","-0.96%"
"01/12/2022","28,765.66","28,449.53","28,814.31","28,427.60","72.50M","1.92%"
"01/11/2022","28,222.48","28,380.90","28,473.47","28,089.49","73.70M","-0.90%"
"01/07/2022","28,478.56","28,711.53","28,813.09","28,293.70","75.20M","-0.03%"
"01/06/2022","28,487.87","29,136.75","29,158.95","28,487.87","71.60M","-2.88%"
"01/05/2022","29,332.16","29,288.80","29,388.16","29,204.45","78.60M","0.10%"
"01/04/2022","29,301.79","29,098.41","29,323.79","28,954.56","66.00M","1.77%"
"12/30/2021","28,791.71","28,794.24","28,904.42","28,579.49","40.40M","-0.40%"
"12/29/2021","28,906.88","28,995.73","29,106.28","28,729.61","44.70M","-0.56%"
"12/28/2021","29,069.16","28,953.32","29,121.01","28,879.68","47.00M","1.37%"
"12/27/2021","28,676.46","28,786.33","28,805.28","28,658.82","37.50M","-0.37%"
"12/24/2021","28,782.59","28,836.05","28,870.13","28,773.50","35.90M","-0.05%"
"12/23/2021","28,798.37","28,703.01","28,798.37","28,640.15","43.60M","0.83%"
"12/22/2021","28,562.21","28,614.06","28,673.77","28,473.85","44.70M","0.16%"
"12/21/2021","28,517.59","28,309.60","28,533.74","28,226.43","55.80M","2.08%"
"12/20/2021","27,937.81","28,325.46","28,441.51","27,893.18","65.20M","-2.13%"
"12/17/2021","28,545.68","28,854.60","28,904.94","28,503.08","84.40M","-1.79%"
"12/16/2021","29,066.32","28,868.37","29,070.08","28,782.19","60.30M","2.13%"
"12/15/2021","28,459.72","28,358.47","28,525.83","28,358.47","55.90M","0.10%"
"12/14/2021","28,432.64","28,554.86","28,672.96","28,309.67","55.20M","-0.73%"
"12/13/2021","28,640.49","28,705.26","28,793.32","28,593.45","53.50M","0.71%"
"12/10/2021","28,437.77","28,542.50","28,699.01","28,392.87","63.40M","-1.00%"
"12/09/2021","28,725.47","28,827.32","28,908.29","28,725.47","54.40M","-0.47%"
"12/08/2021","28,860.62","28,792.89","28,897.44","28,621.47","72.00M","1.42%"
"12/07/2021","28,455.60","28,138.82","28,618.46","27,961.66","78.30M","1.89%"
"12/06/2021","27,927.37","28,069.96","28,081.04","27,693.91","61.70M","-0.36%"
"12/03/2021","28,029.57","27,841.05","28,029.57","27,588.61","71.90M","1.00%"
"12/02/2021","27,753.37","27,716.20","27,938.55","27,644.96","77.40M","-0.65%"
"12/01/2021","27,935.62","27,866.73","28,106.30","27,594.01","80.90M","0.41%"
"11/30/2021","27,821.76","28,611.73","28,718.70","27,819.14","140.70M","-1.63%"
"11/29/2021","28,283.92","28,337.96","28,776.34","28,187.12","85.90M","-1.63%"
"11/26/2021","28,751.62","29,324.47","29,332.99","28,605.61","72.90M","-2.53%"
"11/25/2021","29,499.28","29,469.65","29,570.42","29,444.45","50.70M","0.67%"
"11/24/2021","29,302.66","29,663.45","29,758.05","29,212.93","69.50M","-1.58%"
"11/22/2021","29,774.11","29,618.55","29,806.49","29,542.29","58.80M","0.09%"
"11/19/2021","29,745.87","29,641.05","29,768.54","29,589.19","65.60M","0.50%"
"11/18/2021","29,598.66","29,597.93","29,715.95","29,402.57","65.40M","-0.30%"
"11/17/2021","29,688.33","29,906.68","29,909.97","29,623.79","63.90M","-0.40%"
"11/16/2021","29,808.12","29,749.71","29,960.93","29,681.25","62.00M","0.11%"
"11/15/2021","29,776.80","29,807.37","29,861.88","29,718.21","60.40M","0.56%"
"11/12/2021","29,609.97","29,381.45","29,661.22","29,381.45","68.40M","1.13%"
"11/11/2021","29,277.86","29,046.19","29,336.03","29,040.08","60.60M","0.59%"
"11/10/2021","29,106.78","29,209.06","29,296.88","29,079.77","63.90M","-0.61%"
"11/09/2021","29,285.46","29,557.55","29,750.46","29,240.31","65.00M","-0.75%"
"11/08/2021","29,507.05","29,735.45","29,735.45","29,507.05","68.30M","-0.35%"
"11/05/2021","29,611.57","29,840.73","29,840.73","29,504.07","73.50M","-0.61%"
"11/04/2021","29,794.37","29,859.74","29,880.81","29,718.78","90.40M","0.93%"
"11/02/2021","29,520.90","29,462.40","29,599.57","29,457.18","71.10M","-0.43%"
"11/01/2021","29,647.08","29,330.68","29,666.83","29,267.63","76.70M","2.61%"
"10/29/2021","28,892.69","28,819.16","29,000.65","28,475.06","104.50M","0.25%"
"10/28/2021","28,820.09","28,871.61","28,895.11","28,693.06","142.80M","-0.96%"
"10/27/2021","29,098.24","29,056.01","29,139.22","28,870.25","70.60M","-0.03%"
"10/26/2021","29,106.01","28,927.61","29,160.76","28,893.95","72.80M","1.77%"
"10/25/2021","28,600.41","28,527.13","28,668.70","28,472.55","62.70M","-0.71%"
"10/22/2021","28,804.85","28,578.53","28,989.50","28,546.57","60.20M","0.34%"
"10/21/2021","28,708.58","29,152.74","29,220.82","28,688.78","59.10M","-1.87%"
"10/20/2021","29,255.55","29,385.95","29,489.11","29,222.32","66.10M","0.14%"
"10/19/2021","29,215.52","29,117.28","29,272.49","29,075.37","57.60M","0.65%"
"10/18/2021","29,025.46","29,093.82","29,144.33","28,924.40","62.60M","-0.15%"
"10/15/2021","29,068.63","28,787.26","29,082.35","28,726.22","66.30M","1.81%"
"10/14/2021","28,550.93","28,264.41","28,576.68","28,234.01","64.80M","1.46%"
"10/13/2021","28,140.28","28,085.44","28,364.99","27,993.46","63.90M","-0.32%"
"10/12/2021","28,230.61","28,458.88","28,468.88","28,166.38","66.30M","-0.94%"
"10/11/2021","28,498.20","27,977.57","28,581.36","27,893.32","72.30M","1.60%"
"10/08/2021","28,048.94","28,031.37","28,321.35","28,018.89","82.70M","1.34%"
"10/07/2021","27,678.21","27,665.97","28,015.11","27,607.97","79.60M","0.54%"
"10/06/2021","27,528.87","28,033.91","28,209.82","27,293.62","100.20M","-1.05%"
"10/05/2021","27,822.12","28,050.39","28,058.67","27,460.29","88.20M","-2.19%"
"10/04/2021","28,444.89","29,044.47","29,046.06","28,343.58","76.40M","-1.13%"
"10/01/2021","28,771.07","29,235.11","29,393.67","28,680.73","82.20M","-2.31%"
"09/30/2021","29,452.66","29,569.19","29,622.27","29,311.34","99.00M","-0.31%"
"09/29/2021","29,544.29","29,611.92","29,679.26","29,329.16","94.70M","-2.12%"
"09/28/2021","30,183.96","30,142.38","30,207.63","30,001.99","89.80M","-0.19%"
"09/27/2021","30,240.06","30,277.82","30,414.61","30,197.40","74.60M","-0.03%"
"09/24/2021","30,248.81","30,141.61","30,276.38","30,110.30","84.60M","2.06%"
"09/22/2021","29,639.40","29,744.73","29,868.10","29,573.88","69.00M","-0.67%"
"09/21/2021","29,839.71","30,021.25","30,051.00","29,832.52","76.30M","-2.17%"
"09/17/2021","30,500.05","30,387.54","30,541.99","30,358.93","97.90M","0.58%"
"09/16/2021","30,323.34","30,606.15","30,622.39","30,202.51","69.90M","-0.62%"
"09/15/2021","30,511.71","30,464.17","30,573.41","30,347.30","68.60M","-0.52%"
"09/14/2021","30,670.10","30,584.77","30,795.78","30,504.81","79.10M","0.73%"
"09/13/2021","30,447.37","30,372.02","30,447.37","30,229.01","64.60M","0.22%"
"09/10/2021","30,381.84","30,089.45","30,381.84","30,064.02","88.80M","1.25%"
"09/09/2021","30,008.19","29,959.21","30,097.56","29,909.92","78.80M","-0.57%"
"09/08/2021","30,181.21","29,819.55","30,241.87","29,787.13","82.50M","0.89%"
"09/07/2021","29,916.14","29,883.92","30,048.23","29,838.43","75.20M","0.86%"
"09/06/2021","29,659.89","29,501.22","29,705.04","29,469.35","68.30M","1.83%"
"09/03/2021","29,128.11","28,626.48","29,149.65","28,607.87","74.90M","2.05%"
"09/02/2021","28,543.51","28,522.46","28,626.20","28,412.91","60.10M","0.33%"
"09/01/2021","28,451.02","28,179.04","28,457.67","28,179.04","64.80M","1.29%"
"08/31/2021","28,089.54","27,690.77","28,158.95","27,602.21","75.90M","1.08%"
"08/30/2021","27,789.29","27,867.60","27,921.55","27,656.63","58.60M","0.54%"
"08/27/2021","27,641.14","27,581.24","27,670.66","27,481.23","49.20M","-0.36%"
"08/26/2021","27,742.29","27,793.63","27,828.28","27,684.50","48.50M","0.06%"
"08/25/2021","27,724.80","27,768.13","27,897.72","27,684.05","51.50M","-0.03%"
"08/24/2021","27,732.10","27,653.23","27,817.89","27,653.23","57.10M","0.87%"
"08/23/2021","27,494.24","27,193.10","27,541.63","27,193.10","56.80M","1.78%"
"08/20/2021","27,013.25","27,238.45","27,316.79","26,954.81","75.80M","-0.98%"
"08/19/2021","27,281.17","27,398.58","27,504.80","27,255.58","65.10M","-1.10%"
"08/18/2021","27,585.91","27,418.08","27,671.57","27,347.77","50.10M","0.59%"
"08/17/2021","27,424.47","27,666.94","27,750.39","27,424.47","49.60M","-0.36%"
"08/16/2021","27,523.19","27,806.11","27,833.21","27,427.38","57.20M","-1.62%"
"08/13/2021","27,977.15","28,038.96","28,070.00","27,949.33","55.80M","-0.14%"
"08/12/2021","28,015.02","28,177.20","28,279.80","28,006.31","57.90M","-0.20%"
"08/11/2021","28,070.51","28,045.84","28,146.68","27,974.99","67.10M","0.65%"
"08/10/2021","27,888.15","27,887.03","28,128.61","27,808.54","61.40M","0.24%"
"08/06/2021","27,820.04","27,709.22","27,888.87","27,709.22","56.40M","0.33%"
"08/05/2021","27,728.12","27,526.67","27,741.55","27,526.67","55.90M","0.52%"
"08/04/2021","27,584.08","27,612.90","27,636.34","27,488.74","67.50M","-0.21%"
"08/03/2021","27,641.83","27,580.03","27,724.45","27,492.40","57.90M","-0.50%"
"08/02/2021","27,781.02","27,493.32","27,834.60","27,493.32","60.10M","1.82%"
"07/30/2021","27,283.59","27,677.89","27,699.35","27,272.49","70.60M","-1.80%"
"07/29/2021","27,782.42","27,722.61","27,798.05","27,663.41","67.80M","0.73%"
"07/28/2021","27,581.66","27,674.99","27,809.86","27,466.99","57.10M","-1.39%"
"07/27/2021","27,970.22","27,911.93","28,036.23","27,862.69","51.70M","0.49%"
"07/26/2021","27,833.29","27,990.47","28,036.47","27,786.44","54.50M","1.04%"
"07/21/2021","27,548.00","27,747.06","27,882.43","27,438.07","51.40M","0.58%"
"07/20/2021","27,388.16","27,351.80","27,564.52","27,330.15","63.00M","-0.96%"
"07/19/2021","27,652.74","27,663.40","27,792.52","27,493.63","49.90M","-1.25%"
"07/16/2021","28,003.08","28,039.26","28,201.30","27,847.35","50.40M","-0.98%"
"07/15/2021","28,279.09","28,539.32","28,571.72","28,240.21","53.20M","-1.15%"
"07/14/2021","28,608.49","28,517.31","28,696.80","28,482.82","54.80M","-0.38%"
"07/13/2021","28,718.24","28,713.82","28,852.31","28,699.04","49.80M","0.52%"
"07/12/2021","28,569.02","28,412.70","28,595.12","28,405.60","55.50M","2.25%"
"07/09/2021","27,940.42","27,739.42","28,000.02","27,419.40","82.30M","-0.63%"
"07/08/2021","28,118.03","28,332.63","28,366.76","28,118.03","62.20M","-0.88%"
"07/07/2021","28,366.95","28,262.40","28,434.99","28,161.75","60.30M","-0.96%"
"07/06/2021","28,643.21","28,677.95","28,748.23","28,587.61","41.70M","0.16%"
"07/05/2021","28,598.19","28,709.57","28,731.07","28,581.08","38.50M","-0.64%"
"07/02/2021","28,783.28","28,719.24","28,849.32","28,688.63","47.50M","0.27%"
"07/01/2021","28,707.04","28,832.41","28,833.17","28,624.80","45.90M","-0.29%"
"06/30/2021","28,791.53","28,896.31","28,998.99","28,779.76","54.00M","-0.07%"
"06/29/2021","28,812.61","28,927.44","28,951.68","28,735.55","59.70M","-0.81%"
"06/28/2021","29,048.02","29,112.66","29,121.28","28,984.93","47.70M","-0.06%"
"06/25/2021","29,066.18","29,137.30","29,174.17","28,992.74","51.60M","0.66%"
"06/24/2021","28,875.23","28,811.82","28,935.34","28,758.37","44.60M","0.00%"
"06/23/2021","28,874.89","28,886.92","29,007.83","28,860.06","51.10M","-0.03%"
"06/22/2021","28,884.13","28,513.07","28,895.26","28,494.46","67.80M","3.12%"
"06/21/2021","28,010.93","28,506.84","28,506.84","27,795.86","75.80M","-3.29%"
"06/18/2021","28,964.08","29,136.74","29,136.74","28,957.98","90.20M","-0.19%"
"06/17/2021","29,018.33","29,149.34","29,197.68","28,875.39","56.90M","-0.93%"
"06/16/2021","29,291.01","29,306.14","29,434.10","29,263.72","52.40M","-0.51%"
"06/15/2021","29,441.30","29,256.03","29,480.85","29,235.71","53.00M","0.96%"
"06/14/2021","29,161.80","29,153.11","29,208.35","29,026.27","45.00M","0.74%"
"06/11/2021","28,948.73","29,030.04","29,080.89","28,839.54","71.10M","-0.03%"
"06/10/2021","28,958.56","28,799.74","29,007.53","28,799.74","53.30M","0.34%"
"06/09/2021","28,860.80","28,901.56","28,932.03","28,801.83","50.40M","-0.35%"
"06/08/2021","28,963.56","29,046.03","29,140.68","28,897.64","50.40M","-0.19%"
"06/07/2021","29,019.24","29,214.00","29,241.20","28,973.05","51.00M","0.27%"
"06/04/2021","28,941.52","28,901.42","28,991.24","28,764.68","55.80M","-0.40%"
"06/03/2021","29,058.11","28,890.39","29,157.16","28,879.15","58.50M","0.39%"
"06/02/2021","28,946.14","28,730.81","29,003.55","28,565.83","71.00M","0.46%"
"06/01/2021","28,814.34","28,998.65","29,075.47","28,611.25","47.40M","-0.16%"
"05/31/2021","28,860.08","29,019.45","29,147.71","28,791.60","53.80M","-0.99%"
"05/28/2021","29,149.41","28,912.54","29,194.11","28,899.66","80.60M","2.10%"
"05/27/2021","28,549.01","28,543.32","28,587.21","28,360.56","138.20M","-0.33%"
"05/26/2021","28,642.19","28,396.62","28,710.83","28,396.62","64.20M","0.31%"
"05/25/2021","28,553.98","28,516.99","28,576.97","28,443.74","54.00M","0.67%"
"05/24/2021","28,364.61","28,212.32","28,584.18","28,212.32","54.70M","0.17%"
"05/21/2021","28,317.83","28,269.61","28,411.56","28,193.03","58.70M","0.78%"
"05/20/2021","28,098.25","27,875.50","28,176.87","27,821.96","56.80M","0.19%"
"05/19/2021","28,044.45","28,031.22","28,216.65","27,842.98","68.70M","-1.28%"
"05/18/2021","28,406.84","27,931.57","28,481.17","27,931.57","74.70M","2.09%"
"05/17/2021","27,824.83","28,310.46","28,312.78","27,632.53","63.90M","-0.92%"
"05/14/2021","28,084.47","27,723.70","28,139.96","27,723.70","73.50M","2.32%"
"05/13/2021","27,448.01","27,929.01","27,961.96","27,385.03","80.50M","-2.49%"
"05/12/2021","28,147.51","28,712.10","28,831.03","27,888.59","90.00M","-1.61%"
"05/11/2021","28,608.59","29,238.56","29,289.12","28,535.36","73.20M","-3.08%"
"05/10/2021","29,518.34","29,376.89","29,685.41","29,346.14","66.30M","0.55%"
"05/07/2021","29,357.82","29,330.45","29,449.86","29,237.36","67.50M","0.09%"
"05/06/2021","29,331.37","29,024.01","29,430.22","28,966.47","94.30M","1.80%"
"04/30/2021","28,812.63","28,996.66","29,046.49","28,760.27","78.40M","-0.83%"
"04/28/2021","29,053.97","28,935.51","29,139.70","28,875.91","61.40M","0.21%"
"04/27/2021","28,991.89","29,174.53","29,187.11","28,990.19","59.40M","-0.46%"
"04/26/2021","29,126.23","29,095.49","29,241.28","28,896.37","49.20M","0.36%"
"04/23/2021","29,020.63","28,939.12","29,035.34","28,770.62","47.50M","-0.57%"
"04/22/2021","29,188.17","28,880.78","29,192.39","28,800.86","55.10M","2.38%"
"04/21/2021","28,508.55","28,660.36","28,778.93","28,419.84","71.00M","-2.03%"
"04/20/2021","29,100.38","29,355.87","29,361.28","29,014.36","59.90M","-1.97%"
"04/19/2021","29,685.37","29,688.32","29,808.01","29,530.84","44.70M","0.01%"
"04/16/2021","29,683.37","29,789.08","29,789.08","29,621.83","49.10M","0.14%"
"04/15/2021","29,642.69","29,573.90","29,787.66","29,558.55","50.60M","0.07%"
"04/14/2021","29,620.99","29,718.06","29,722.40","29,567.18","57.20M","-0.44%"
"04/13/2021","29,751.61","29,605.69","29,897.11","29,573.79","54.90M","0.72%"
"04/12/2021","29,538.73","29,874.43","29,876.04","29,538.73","50.20M","-0.77%"
"04/09/2021","29,768.06","29,865.53","30,064.35","29,768.06","64.90M","0.20%"
"04/08/2021","29,708.98","29,675.88","29,744.79","29,516.42","62.60M","-0.07%"
"04/07/2021","29,730.79","29,743.48","29,867.94","29,523.55","61.50M","0.12%"
"04/06/2021","29,696.63","30,208.89","30,208.89","29,665.86","65.50M","-1.30%"
"04/05/2021","30,089.25","30,084.61","30,195.00","30,024.25","55.40M","0.79%"
"04/02/2021","29,854.00","29,704.66","29,869.67","29,694.09","57.20M","1.58%"
"04/01/2021","29,388.87","29,441.91","29,585.46","29,318.82","75.60M","0.72%"
"03/31/2021","29,178.80","29,278.33","29,348.99","29,165.52","82.00M","-0.86%"
"03/30/2021","29,432.70","29,365.04","29,478.20","29,283.89","79.90M","0.16%"
"03/29/2021","29,384.52","29,478.12","29,578.37","29,200.88","107.90M","0.71%"
"03/26/2021","29,176.70","29,068.52","29,240.74","28,953.22","73.70M","1.56%"
"03/25/2021","28,729.88","28,457.33","28,821.83","28,414.92","72.80M","1.14%"
"03/24/2021","28,405.52","28,765.55","28,867.67","28,379.06","96.00M","-2.04%"
"03/23/2021","28,995.92","29,381.49","29,496.83","28,995.92","79.20M","-0.61%"
"03/22/2021","29,174.15","29,444.10","29,472.98","29,107.63","78.80M","-2.07%"
"03/19/2021","29,792.05","29,904.57","30,049.77","29,621.22","128.50M","-1.41%"
"03/18/2021","30,216.75","30,148.48","30,485.00","30,041.50","95.40M","1.01%"
"03/17/2021","29,914.33","29,836.83","29,984.97","29,825.16","74.60M","-0.02%"
"03/16/2021","29,921.09","29,770.39","30,026.40","29,755.47","83.80M","0.52%"
"03/15/2021","29,766.97","29,804.50","29,884.73","29,670.31","94.10M","0.17%"
"03/12/2021","29,717.83","29,287.74","29,744.32","29,210.40","96.60M","1.73%"
"03/11/2021","29,211.64","29,033.92","29,255.42","28,995.33","78.50M","0.60%"
"03/10/2021","29,036.56","29,118.28","29,233.47","28,960.09","83.00M","0.03%"
"03/09/2021","29,027.94","28,748.87","29,053.56","28,609.21","96.70M","0.99%"
"03/08/2021","28,743.25","29,208.19","29,255.90","28,644.26","92.40M","-0.42%"
"03/05/2021","28,864.32","28,725.48","28,867.83","28,308.57","85.80M","-0.23%"
"03/04/2021","28,930.11","29,198.42","29,277.19","28,711.04","75.20M","-2.13%"
"03/03/2021","29,559.10","29,482.12","29,604.37","29,336.60","68.80M","0.51%"
"03/02/2021","29,408.17","29,939.75","29,996.39","29,314.82","70.10M","-0.86%"
"03/01/2021","29,663.50","29,419.45","29,686.39","29,396.04","62.70M","2.41%"
"02/26/2021","28,966.01","29,753.73","29,760.31","28,966.01","92.90M","-3.99%"
"02/25/2021","30,168.27","30,077.27","30,213.28","30,044.43","70.10M","1.67%"
"02/24/2021","29,671.70","30,020.11","30,089.59","29,671.70","79.30M","-1.61%"
"02/22/2021","30,156.03","30,281.78","30,458.13","30,089.18","62.80M","0.46%"
"02/19/2021","30,017.92","29,970.59","30,169.59","29,847.33","63.70M","-0.72%"
"02/18/2021","30,236.09","30,311.98","30,560.49","30,140.01","77.90M","-0.19%"
"02/17/2021","30,292.19","30,366.82","30,398.20","30,191.01","74.80M","-0.58%"
"02/16/2021","30,467.75","30,229.46","30,714.52","30,191.65","81.30M","1.28%"
"02/15/2021","30,084.15","29,662.41","30,092.34","29,662.41","70.30M","1.91%"
"02/12/2021","29,520.07","29,635.88","29,650.51","29,417.32","79.80M","-0.14%"
"02/10/2021","29,562.93","29,412.55","29,562.93","29,368.18","81.10M","0.19%"
"02/09/2021","29,505.93","29,435.61","29,585.75","29,350.48","86.90M","0.40%"
"02/08/2021","29,388.50","28,831.58","29,400.56","28,817.60","93.60M","2.12%"
"02/05/2021","28,779.19","28,631.46","28,785.71","28,548.27","93.20M","1.54%"
"02/04/2021","28,341.95","28,557.46","28,600.22","28,325.89","81.10M","-1.06%"
"02/03/2021","28,646.50","28,482.71","28,669.95","28,402.30","84.00M","1.00%"
"02/02/2021","28,362.17","28,207.48","28,379.31","28,089.12","67.50M","0.97%"
"02/01/2021","28,091.05","27,649.07","28,107.10","27,649.07","65.70M","1.55%"
"01/29/2021","27,663.39","28,320.72","28,320.72","27,629.80","91.70M","-1.89%"
"01/28/2021","28,197.42","28,169.27","28,360.48","27,975.85","123.90M","-1.53%"
"01/27/2021","28,635.21","28,665.34","28,754.99","28,542.00","69.00M","0.31%"
"01/26/2021","28,546.18","28,696.30","28,740.71","28,527.81","63.50M","-0.96%"
"01/25/2021","28,822.29","28,698.89","28,822.29","28,566.85","57.30M","0.67%"
"01/22/2021","28,631.45","28,580.20","28,698.18","28,527.16","66.90M","-0.44%"
"01/21/2021","28,756.86","28,710.41","28,846.15","28,677.61","67.70M","0.82%"
"01/20/2021","28,523.26","28,798.74","28,801.19","28,402.11","69.80M","-0.38%"
"01/19/2021","28,633.46","28,405.49","28,720.91","28,373.34","58.20M","1.39%"
"01/18/2021","28,242.21","28,238.68","28,349.97","28,111.54","51.90M","-0.97%"
"01/15/2021","28,519.18","28,777.47","28,820.50","28,477.03","74.10M","-0.62%"
"01/14/2021","28,698.26","28,442.73","28,979.53","28,411.58","81.90M","0.85%"
"01/13/2021","28,456.59","28,140.10","28,503.43","28,133.59","70.90M","1.04%"
"01/12/2021","28,164.34","28,004.37","28,287.37","27,899.45","78.80M","0.09%"
"01/08/2021","28,139.03","27,720.14","28,139.03","27,667.75","84.90M","2.36%"
"01/07/2021","27,490.13","27,340.46","27,624.73","27,340.46","98.90M","1.60%"
"01/06/2021","27,055.94","27,102.85","27,196.40","27,002.18","72.70M","-0.38%"
"01/05/2021","27,158.63","27,151.38","27,279.78","27,073.46","55.00M","-0.37%"
"01/04/2021","27,258.38","27,575.57","27,602.11","27,042.32","51.50M","-0.68%"
"12/30/2020","27,444.17","27,559.10","27,572.57","27,338.56","50.60M","-0.45%"
"12/29/2020","27,568.15","26,936.38","27,602.52","26,921.14","59.40M","2.66%"
"12/28/2020","26,854.03","26,691.29","26,854.03","26,664.60","50.70M","0.74%"
"12/25/2020","26,656.61","26,708.10","26,716.61","26,638.28","33.40M","-0.04%"
"12/24/2020","26,668.35","26,635.11","26,764.53","26,605.26","47.90M","0.54%"
"12/23/2020","26,524.79","26,580.43","26,585.21","26,414.74","56.00M","0.33%"
"12/22/2020","26,436.39","26,559.33","26,639.99","26,361.66","58.60M","-1.04%"
"12/21/2020","26,714.42","26,834.10","26,905.67","26,533.63","60.70M","-0.18%"
"12/18/2020","26,763.39","26,775.53","26,824.29","26,707.30","73.80M","-0.16%"
"12/17/2020","26,806.67","26,744.50","26,843.05","26,676.28","61.50M","0.18%"
"12/16/2020","26,757.40","26,835.59","26,874.98","26,717.03","61.30M","0.26%"
"12/15/2020","26,687.84","26,683.11","26,736.84","26,605.54","59.30M","-0.17%"
"12/14/2020","26,732.44","26,659.53","26,870.47","26,648.69","60.00M","0.30%"
"12/11/2020","26,652.52","26,732.85","26,819.41","26,553.01","74.90M","-0.39%"
"12/10/2020","26,756.24","26,688.50","26,852.77","26,639.98","69.20M","-0.23%"
"12/09/2020","26,817.94","26,526.34","26,826.78","26,520.60","61.80M","1.33%"
"12/08/2020","26,467.08","26,380.32","26,523.30","26,327.08","55.10M","-0.30%"
"12/07/2020","26,547.44","26,894.25","26,894.25","26,500.32","61.60M","-0.76%"
"12/04/2020","26,751.24","26,697.26","26,799.83","26,646.08","61.60M","-0.22%"
"12/03/2020","26,809.37","26,740.30","26,868.09","26,719.23","69.50M","0.03%"
"12/02/2020","26,800.98","26,884.99","26,889.90","26,695.28","80.20M","0.05%"
"12/01/2020","26,787.54","26,624.20","26,852.16","26,618.39","73.20M","1.34%"
"11/30/2020","26,433.62","26,830.10","26,834.20","26,405.83","147.70M","-0.79%"
"11/27/2020","26,644.71","26,530.28","26,672.40","26,419.05","86.20M","0.40%"
"11/26/2020","26,537.31","26,255.47","26,560.03","26,255.47","63.50M","0.91%"
"11/25/2020","26,296.86","26,468.52","26,706.42","26,258.35","92.50M","0.50%"
"11/24/2020","26,165.59","25,901.45","26,261.78","25,901.45","81.70M","2.50%"
"11/20/2020","25,527.37","25,486.83","25,555.37","25,425.59","63.40M","-0.42%"
"11/19/2020","25,634.34","25,628.73","25,650.86","25,474.94","82.00M","-0.36%"
"11/18/2020","25,728.14","25,860.55","25,882.14","25,656.70","69.20M","-1.10%"
"11/17/2020","26,014.62","26,043.45","26,057.30","25,851.54","84.80M","0.42%"
"11/16/2020","25,906.93","25,652.69","25,928.18","25,640.29","84.90M","2.05%"
"11/13/2020","25,385.87","25,405.64","25,456.18","25,215.31","77.60M","-0.53%"
"11/12/2020","25,520.88","25,439.35","25,587.96","25,316.60","80.50M","0.68%"
"11/11/2020","25,349.60","25,145.66","25,401.30","25,145.66","102.50M","1.78%"
"11/10/2020","24,905.59","25,087.30","25,279.94","24,833.18","128.20M","0.26%"
"11/09/2020","24,839.84","24,568.84","24,962.80","24,541.28","67.00M","2.12%"
"11/06/2020","24,325.23","24,076.22","24,389.00","24,039.16","73.20M","0.91%"
"11/05/2020","24,105.28","23,776.20","24,112.42","23,756.78","78.60M","1.73%"
"11/04/2020","23,695.23","23,619.58","23,801.88","23,505.78","81.60M","1.72%"
"11/02/2020","23,295.48","23,110.74","23,370.91","23,096.79","69.70M","1.39%"
"10/30/2020","22,977.13","23,320.71","23,320.71","22,948.47","76.70M","-1.52%"
"10/29/2020","23,331.94","23,170.76","23,374.10","23,170.76","57.50M","-0.37%"
"10/28/2020","23,418.51","23,372.61","23,451.03","23,334.23","67.10M","-0.29%"
"10/27/2020","23,485.80","23,376.96","23,485.80","23,232.31","52.70M","-0.04%"
"10/26/2020","23,494.34","23,520.78","23,572.60","23,475.52","41.70M","-0.09%"
"10/23/2020","23,516.59","23,558.71","23,587.90","23,469.13","49.20M","0.18%"
"10/22/2020","23,474.27","23,525.59","23,555.78","23,436.17","44.90M","-0.70%"
"10/21/2020","23,639.46","23,615.52","23,702.30","23,611.33","53.30M","0.31%"
"10/20/2020","23,567.04","23,587.87","23,674.87","23,518.29","48.70M","-0.44%"
"10/19/2020","23,671.13","23,543.69","23,707.16","23,543.69","46.30M","1.11%"
"10/16/2020","23,410.63","23,478.40","23,538.74","23,382.67","48.10M","-0.41%"
"10/15/2020","23,507.23","23,548.45","23,581.16","23,458.43","48.30M","-0.51%"
"10/14/2020","23,626.73","23,545.66","23,656.70","23,518.81","54.00M","0.11%"
"10/13/2020","23,601.78","23,667.90","23,667.90","23,490.95","47.20M","0.18%"
"10/12/2020","23,558.69","23,588.74","23,597.91","23,501.26","44.90M","-0.26%"
"10/09/2020","23,619.69","23,713.86","23,725.58","23,552.73","56.10M","-0.12%"
"10/08/2020","23,647.07","23,506.34","23,701.77","23,477.73","56.30M","0.96%"
"10/07/2020","23,422.82","23,272.45","23,432.73","23,272.45","52.10M","-0.05%"
"10/06/2020","23,433.73","23,420.07","23,441.16","23,331.40","57.70M","0.52%"
"10/05/2020","23,312.14","23,254.28","23,377.43","23,252.69","59.50M","1.23%"
"10/02/2020","23,029.90","23,294.80","23,365.58","22,951.41","86.30M","-0.67%"
"09/30/2020","23,185.12","23,478.85","23,522.38","23,170.89","88.20M","-1.50%"
"09/29/2020","23,539.10","23,410.50","23,622.74","23,347.64","61.30M","0.12%"
"09/28/2020","23,511.62","23,391.96","23,516.04","23,303.03","82.00M","1.32%"
"09/25/2020","23,204.62","23,217.33","23,272.67","23,154.66","72.20M","0.51%"
"09/24/2020","23,087.82","23,215.00","23,234.72","23,039.48","70.50M","-1.11%"
"09/23/2020","23,346.49","23,245.89","23,370.13","23,154.45","77.00M","-0.06%"
"09/18/2020","23,360.30","23,321.19","23,398.46","23,290.19","82.60M","0.18%"
"09/17/2020","23,319.37","23,416.62","23,446.39","23,272.23","61.10M","-0.67%"
"09/16/2020","23,475.53","23,425.23","23,506.45","23,397.43","63.00M","0.09%"
"09/15/2020","23,454.89","23,438.83","23,477.86","23,351.35","61.80M","-0.44%"
"09/14/2020","23,559.30","23,431.16","23,582.21","23,429.42","65.40M","0.65%"
"09/11/2020","23,406.49","23,114.63","23,412.93","23,114.63","76.90M","0.74%"
"09/10/2020","23,235.47","23,193.47","23,250.31","23,134.02","67.60M","0.88%"
"09/09/2020","23,032.54","22,966.89","23,059.02","22,878.71","84.40M","-1.04%"
"09/08/2020","23,274.13","23,188.79","23,277.66","23,129.66","62.10M","0.80%"
"09/07/2020","23,089.95","23,145.47","23,218.22","23,086.89","57.30M","-0.50%"
"09/04/2020","23,205.43","23,130.32","23,257.69","23,098.77","59.30M","-1.11%"
"09/03/2020","23,465.53","23,524.49","23,580.51","23,426.11","57.50M","0.94%"
"09/02/2020","23,247.15","23,261.09","23,287.40","23,170.82","52.60M","0.47%"
"09/01/2020","23,138.07","23,089.63","23,206.66","23,047.77","59.60M","-0.01%"
"08/31/2020","23,139.76","23,147.14","23,342.32","23,102.61","81.00M","1.12%"
"08/28/2020","22,882.65","23,232.30","23,376.13","22,594.79","98.10M","-1.41%"
"08/27/2020","23,208.86","23,311.04","23,323.07","23,177.85","52.70M","-0.35%"
"08/26/2020","23,290.86","23,257.05","23,348.80","23,203.00","47.80M","-0.03%"
"08/25/2020","23,296.77","23,242.74","23,431.04","23,225.39","75.30M","1.35%"
"08/24/2020","22,985.51","22,913.20","23,012.71","22,862.54","40.60M","0.28%"
"08/21/2020","22,920.30","23,022.76","23,135.43","22,920.30","51.20M","0.17%"
"08/20/2020","22,880.62","23,003.58","23,078.36","22,851.83","50.20M","-1.00%"
"08/19/2020","23,110.61","22,997.93","23,149.85","22,953.60","50.10M","0.26%"
"08/18/2020","23,051.08","23,097.80","23,128.18","22,948.89","55.60M","-0.20%"
"08/17/2020","23,096.75","23,189.48","23,248.75","23,068.53","43.60M","-0.83%"
"08/14/2020","23,289.36","23,323.92","23,338.79","23,222.85","59.80M","0.17%"
"08/13/2020","23,249.61","23,123.36","23,316.69","23,111.50","84.80M","1.78%"
"08/12/2020","22,843.96","22,747.44","22,874.37","22,670.74","90.80M","0.41%"
"08/11/2020","22,750.24","22,505.51","22,760.87","22,497.07","99.30M","1.88%"
"08/07/2020","22,329.94","22,433.78","22,436.16","22,204.61","66.70M","-0.39%"
"08/06/2020","22,418.15","22,471.71","22,587.75","22,362.89","62.60M","-0.43%"
"08/05/2020","22,514.85","22,479.72","22,554.20","22,356.25","74.00M","-0.26%"
"08/04/2020","22,573.66","22,379.74","22,603.82","22,379.74","89.10M","1.70%"
"08/03/2020","22,195.38","21,947.58","22,214.59","21,919.83","84.00M","2.24%"
"07/31/2020","21,710.00","22,267.59","22,295.05","21,710.00","106.60M","-2.82%"
"07/30/2020","22,339.23","22,489.24","22,506.60","22,334.71","77.80M","-0.26%"
"07/29/2020","22,397.11","22,543.89","22,584.87","22,366.34","74.30M","-1.15%"
"07/28/2020","22,657.38","22,735.02","22,842.19","22,646.22","67.80M","-0.26%"
"07/27/2020","22,715.85","22,495.95","22,741.13","22,429.57","71.80M","-0.16%"
"07/22/2020","22,751.61","22,791.75","22,855.31","22,732.92","65.40M","-0.58%"
"07/21/2020","22,884.22","22,789.38","22,925.58","22,780.22","68.60M","0.73%"
"07/20/2020","22,717.48","22,772.07","22,788.53","22,580.19","50.00M","0.09%"
"07/17/2020","22,696.42","22,807.57","22,857.82","22,643.52","55.90M","-0.32%"
"07/16/2020","22,770.36","22,907.96","22,925.90","22,739.42","89.40M","-0.76%"
"07/15/2020","22,945.50","22,817.91","22,965.56","22,800.11","72.60M","1.59%"
"07/14/2020","22,587.01","22,631.87","22,677.02","22,538.78","61.00M","-0.87%"
"07/13/2020","22,784.74","22,591.81","22,784.74","22,561.47","71.20M","2.22%"
"07/10/2020","22,290.81","22,534.97","22,563.68","22,285.07","78.80M","-1.06%"
"07/09/2020","22,529.29","22,442.30","22,679.08","22,434.38","65.20M","0.40%"
"07/08/2020","22,438.65","22,481.61","22,667.95","22,438.65","64.90M","-0.78%"
"07/07/2020","22,614.69","22,649.90","22,742.28","22,540.44","62.70M","-0.44%"
"07/06/2020","22,714.44","22,341.27","22,734.11","22,325.75","58.00M","1.83%"
"07/03/2020","22,306.48","22,266.91","22,312.44","22,154.97","51.70M","0.72%"
"07/02/2020","22,145.96","22,182.68","22,267.51","22,072.11","73.60M","0.11%"
"07/01/2020","22,121.73","22,338.30","22,360.31","22,039.56","67.40M","-0.75%"
"06/30/2020","22,288.14","22,335.10","22,448.30","22,273.38","74.20M","1.33%"
"06/29/2020","21,995.04","22,255.05","22,281.38","21,969.59","73.70M","-2.30%"
"06/26/2020","22,512.08","22,424.37","22,589.14","22,408.27","66.60M","1.13%"
"06/25/2020","22,259.79","22,287.87","22,423.41","22,165.14","80.80M","-1.22%"
"06/24/2020","22,534.32","22,541.01","22,663.29","22,479.86","67.00M","-0.07%"
"06/23/2020","22,549.05","22,636.06","22,693.89","22,257.14","-","0.50%"
"06/22/2020","22,437.27","22,353.69","22,575.74","22,311.94","54.60M","-0.18%"
"06/19/2020","22,478.79","22,515.75","22,523.66","22,352.16","97.00M","0.55%"
"06/18/2020","22,355.46","22,363.88","22,432.25","22,125.35","65.20M","-0.45%"
"06/17/2020","22,455.76","22,517.14","22,536.38","22,318.07","72.50M","-0.56%"
"06/16/2020","22,582.21","21,912.29","22,624.14","21,899.48","100.10M","4.88%"
"06/15/2020","21,530.95","22,135.27","22,251.83","21,529.83","78.50M","-3.47%"
"06/12/2020","22,305.48","22,082.12","22,350.30","21,786.93","120.50M","-0.75%"
"06/11/2020","22,472.91","22,848.02","22,939.39","22,466.54","105.90M","-2.82%"
"06/10/2020","23,124.95","22,939.00","23,175.82","22,900.30","75.60M","0.15%"
"06/09/2020","23,091.03","23,135.79","23,185.85","22,933.14","91.50M","-0.38%"
"06/08/2020","23,178.10","23,121.98","23,178.10","23,028.62","108.50M","1.37%"
"06/05/2020","22,863.73","22,613.08","22,865.88","22,563.56","85.60M","0.74%"
"06/04/2020","22,695.74","22,885.14","22,907.92","22,501.81","92.00M","0.36%"
"06/03/2020","22,613.76","22,649.01","22,818.87","22,462.68","94.10M","1.29%"
"06/02/2020","22,325.61","22,175.52","22,401.79","22,118.40","77.90M","1.19%"
"06/01/2020","22,062.39","21,910.89","22,161.39","21,898.99","72.20M","0.84%"
"05/29/2020","21,877.89","21,807.63","21,955.44","21,710.80","153.20M","-0.18%"
"05/28/2020","21,916.31","21,612.90","21,926.29","21,580.50","134.00M","2.32%"
"05/27/2020","21,419.23","21,249.31","21,475.68","21,142.72","112.00M","0.70%"
"05/26/2020","21,271.17","20,927.96","21,328.34","20,918.11","87.20M","2.55%"
"05/25/2020","20,741.65","20,653.41","20,741.65","20,584.06","55.10M","1.73%"
"05/22/2020","20,388.16","20,583.95","20,615.12","20,334.99","71.10M","-0.80%"
"05/21/2020","20,552.31","20,692.59","20,734.91","20,503.87","62.90M","-0.21%"
"05/20/2020","20,595.15","20,454.49","20,684.46","20,454.03","71.80M","0.79%"
"05/19/2020","20,433.45","20,469.52","20,659.46","20,433.45","93.00M","1.49%"
"05/18/2020","20,133.73","20,097.62","20,197.59","19,999.10","71.90M","0.48%"
"05/15/2020","20,037.47","20,149.79","20,198.25","19,832.88","75.20M","0.62%"
"05/14/2020","19,914.78","20,140.49","20,185.00","19,902.93","76.90M","-1.74%"
"05/13/2020","20,267.05","20,140.92","20,329.89","20,056.46","79.50M","-0.49%"
"05/12/2020","20,366.48","20,413.23","20,457.37","20,293.97","67.70M","-0.12%"
"05/11/2020","20,390.66","20,333.73","20,534.88","20,285.04","76.20M","1.05%"
"05/08/2020","20,179.09","19,972.09","20,179.09","19,894.58","82.20M","2.56%"
"05/07/2020","19,674.77","19,468.52","19,720.87","19,448.93","82.90M","0.28%"
"05/01/2020","19,619.35","19,991.97","20,000.25","19,551.73","86.60M","-2.84%"
"04/30/2020","20,193.69","20,105.68","20,365.89","20,084.83","103.40M","2.14%"
"04/28/2020","19,771.19","19,776.18","19,841.78","19,638.48","68.60M","-0.06%"
"04/27/2020","19,783.22","19,410.84","19,819.06","19,410.18","77.60M","2.71%"
"04/24/2020","19,262.00","19,331.86","19,352.24","19,175.38","84.70M","-0.86%"
"04/23/2020","19,429.44","19,313.04","19,429.44","19,221.54","72.60M","1.52%"
"04/22/2020","19,137.95","19,109.18","19,137.95","18,858.25","76.40M","-0.74%"
"04/21/2020","19,280.78","19,479.83","19,529.06","19,193.22","79.40M","-1.97%"
"04/20/2020","19,669.12","19,689.85","19,784.38","19,611.79","65.00M","-1.15%"
"04/17/2020","19,897.26","19,575.85","19,922.07","19,554.70","87.80M","3.15%"
"04/16/2020","19,290.20","19,311.30","19,362.17","19,154.41","81.40M","-1.33%"
"04/15/2020","19,550.09","19,589.25","19,660.68","19,465.95","94.10M","-0.45%"
"04/14/2020","19,638.81","19,150.30","19,705.99","19,093.12","81.90M","3.13%"
"04/13/2020","19,043.40","19,312.04","19,355.04","19,014.32","65.60M","-2.33%"
"04/10/2020","19,498.50","19,500.07","19,500.07","19,235.96","87.50M","0.79%"
"04/09/2020","19,345.77","19,376.00","19,406.96","19,158.55","82.30M","-0.04%"
"04/08/2020","19,353.24","19,047.76","19,454.34","18,730.80","105.90M","2.13%"
"04/07/2020","18,950.18","18,878.86","19,162.52","18,553.14","108.20M","2.01%"
"04/06/2020","18,576.30","17,857.99","18,672.26","17,802.62","105.70M","4.24%"
"04/03/2020","17,820.19","17,951.44","18,059.15","17,646.50","96.00M","0.01%"
"04/02/2020","17,818.72","17,934.42","18,132.04","17,707.66","107.30M","-1.37%"
"04/01/2020","18,065.41","18,686.12","18,784.25","17,871.62","105.80M","-4.50%"
"03/31/2020","18,917.01","19,181.90","19,336.19","18,834.16","122.20M","-0.88%"
"03/30/2020","19,084.97","18,884.07","19,084.97","18,578.20","121.00M","-1.57%"
"03/27/2020","19,389.43","19,021.97","19,389.43","18,832.21","148.90M","3.88%"
"03/26/2020","18,664.60","19,234.77","19,240.29","18,512.81","128.10M","-4.51%"
"03/25/2020","19,546.63","18,446.80","19,564.38","18,446.80","147.70M","8.04%"
"03/24/2020","18,092.35","17,206.88","18,100.39","17,197.14","147.30M","7.13%"
"03/23/2020","16,887.78","16,570.57","17,049.03","16,480.95","170.30M","2.02%"
"03/19/2020","16,552.83","16,995.77","17,160.97","16,358.19","198.90M","-1.04%"
"03/18/2020","16,726.55","17,154.08","17,396.84","16,698.46","177.20M","-1.68%"
"03/17/2020","17,011.53","16,726.95","17,557.04","16,378.94","198.80M","0.06%"
"03/16/2020","17,002.04","17,586.08","17,785.76","16,914.45","158.10M","-2.46%"
"03/13/2020","17,431.05","18,183.47","18,184.46","16,690.60","233.40M","-6.08%"
"03/12/2020","18,559.63","19,064.51","19,142.18","18,339.27","164.60M","-4.41%"
"03/11/2020","19,416.06","19,758.26","19,974.83","19,392.25","129.20M","-2.27%"
"03/10/2020","19,867.12","19,474.89","19,970.35","18,891.77","164.70M","0.85%"
"03/09/2020","19,698.76","20,343.31","20,347.19","19,472.26","170.30M","-5.07%"
"03/06/2020","20,749.75","21,009.80","21,061.20","20,613.91","111.70M","-2.72%"
"03/05/2020","21,329.12","21,399.87","21,399.87","21,220.76","85.70M","1.09%"
"03/04/2020","21,100.06","20,897.20","21,245.93","20,862.05","94.60M","0.08%"
"03/03/2020","21,082.73","21,651.99","21,719.78","21,082.73","105.30M","-1.22%"
"03/02/2020","21,344.08","20,849.79","21,593.11","20,834.29","123.70M","0.95%"
"02/28/2020","21,142.96","21,518.01","21,528.13","20,916.40","148.50M","-3.67%"
"02/27/2020","21,948.23","22,255.83","22,272.26","21,844.29","106.20M","-2.13%"
"02/26/2020","22,426.19","22,374.14","22,456.55","22,127.42","99.30M","-0.79%"
"02/25/2020","22,605.41","22,949.37","22,950.23","22,335.21","105.80M","-3.34%"
"02/21/2020","23,386.74","23,427.77","23,588.55","23,378.33","62.10M","-0.39%"
"02/20/2020","23,479.15","23,666.58","23,806.56","23,426.42","63.30M","0.34%"
"02/19/2020","23,400.70","23,329.33","23,468.56","23,234.96","61.60M","0.89%"
"02/18/2020","23,193.80","23,398.57","23,402.01","23,133.60","59.50M","-1.40%"
"02/17/2020","23,523.24","23,489.78","23,561.98","23,335.99","54.00M","-0.69%"
"02/14/2020","23,687.59","23,714.52","23,738.42","23,603.48","69.10M","-0.59%"
"02/13/2020","23,827.73","23,849.76","23,908.85","23,784.31","64.50M","-0.14%"
"02/12/2020","23,861.21","23,741.21","23,869.73","23,693.72","74.60M","0.74%"
"02/10/2020","23,685.98","23,631.79","23,788.25","23,621.72","56.50M","-0.60%"
"02/07/2020","23,827.98","23,899.01","23,943.45","23,759.42","65.40M","-0.19%"
"02/06/2020","23,873.59","23,641.10","23,995.37","23,625.13","95.10M","2.38%"
"02/05/2020","23,319.56","23,351.47","23,414.69","23,241.64","70.30M","1.02%"
"02/04/2020","23,084.59","22,881.13","23,118.13","22,854.45","67.90M","0.49%"
"02/03/2020","22,971.94","22,874.27","23,023.73","22,775.92","72.50M","-1.01%"
"01/31/2020","23,205.18","23,148.92","23,421.59","23,139.98","75.40M","0.99%"
"01/30/2020","22,977.75","23,284.58","23,318.57","22,892.95","69.60M","-1.72%"
"01/29/2020","23,379.40","23,309.32","23,392.61","23,214.28","54.90M","0.71%"
"01/28/2020","23,215.71","23,126.93","23,243.36","23,115.15","64.40M","-0.55%"
"01/27/2020","23,343.51","23,427.90","23,463.89","23,317.32","62.40M","-2.03%"
"01/24/2020","23,827.18","23,850.12","23,869.38","23,755.32","48.70M","0.13%"
"01/23/2020","23,795.44","23,843.51","23,910.01","23,779.23","55.50M","-0.98%"
"01/22/2020","24,031.35","23,835.49","24,040.87","23,831.10","49.00M","0.70%"
"01/21/2020","23,864.56","24,072.81","24,081.75","23,843.48","44.60M","-0.91%"
"01/20/2020","24,083.51","24,080.68","24,108.11","24,061.67","38.30M","0.18%"
"01/17/2020","24,041.26","24,103.45","24,115.95","24,013.75","59.40M","0.45%"
"01/16/2020","23,933.13","23,960.20","23,975.38","23,905.38","55.40M","0.07%"
"01/15/2020","23,916.58","23,923.48","23,997.39","23,875.82","57.20M","-0.45%"
"01/14/2020","24,025.17","23,969.04","24,059.86","23,951.66","64.20M","0.73%"
"01/10/2020","23,850.57","23,813.28","23,903.29","23,761.08","55.90M","0.47%"
"01/09/2020","23,739.87","23,530.29","23,767.09","23,506.15","62.20M","2.31%"
"01/08/2020","23,204.76","23,217.49","23,303.21","22,951.18","79.40M","-1.57%"
"01/07/2020","23,575.72","23,320.12","23,577.44","23,299.92","64.30M","1.60%"
"01/06/2020","23,204.86","23,319.76","23,365.36","23,148.53","72.80M","-1.91%"
"12/30/2019","23,656.62","23,770.93","23,782.49","23,656.62","41.60M","-0.76%"
"12/27/2019","23,837.72","23,953.75","23,967.18","23,837.72","44.80M","-0.36%"
"12/26/2019","23,924.92","23,787.70","23,931.51","23,775.40","40.30M","0.60%"
"12/25/2019","23,782.87","23,813.59","23,824.85","23,782.87","31.60M","-0.20%"
"12/24/2019","23,830.58","23,839.18","23,853.56","23,796.35","37.90M","0.04%"
"12/23/2019","23,821.11","23,921.29","23,923.09","23,810.82","45.20M","0.02%"
"12/20/2019","23,816.63","23,893.45","23,908.77","23,746.63","70.30M","-0.20%"
"12/19/2019","23,864.85","23,911.46","23,945.53","23,835.29","55.60M","-0.29%"
"12/18/2019","23,934.43","24,023.27","24,046.09","23,919.36","66.30M","-0.55%"
"12/17/2019","24,066.12","24,091.12","24,091.12","23,996.51","64.00M","0.47%"
"12/16/2019","23,952.35","23,955.20","24,036.30","23,950.05","53.30M","-0.29%"
"12/13/2019","24,023.10","23,810.56","24,050.04","23,775.73","115.50M","2.55%"
"12/12/2019","23,424.81","23,449.28","23,468.15","23,360.43","56.30M","0.14%"
"12/11/2019","23,391.86","23,421.14","23,438.43","23,333.63","61.30M","-0.08%"
"12/10/2019","23,410.19","23,372.39","23,449.47","23,336.93","52.80M","-0.09%"
"12/09/2019","23,430.70","23,544.31","23,544.31","23,360.01","55.80M","0.33%"
"12/06/2019","23,354.40","23,347.67","23,412.48","23,338.40","54.40M","0.23%"
"12/05/2019","23,300.09","23,292.70","23,363.44","23,259.82","61.40M","0.71%"
"12/04/2019","23,135.23","23,186.74","23,203.77","23,044.78","58.10M","-1.05%"
"12/03/2019","23,379.81","23,231.14","23,388.18","23,186.84","58.80M","-0.64%"
"12/02/2019","23,529.50","23,388.63","23,562.05","23,378.40","47.70M","1.01%"
"11/29/2019","23,293.91","23,497.44","23,498.77","23,273.37","52.10M","-0.49%"
"11/28/2019","23,409.14","23,458.88","23,482.32","23,367.33","44.80M","-0.12%"
"11/27/2019","23,437.77","23,452.85","23,507.82","23,418.23","52.20M","0.28%"
"11/26/2019","23,373.32","23,451.40","23,608.06","23,350.10","94.30M","0.35%"
"11/25/2019","23,292.81","23,292.85","23,347.18","23,255.39","50.30M","0.78%"
"11/22/2019","23,112.88","23,030.33","23,219.51","23,030.33","55.60M","0.32%"
"11/21/2019","23,038.58","23,071.49","23,108.08","22,726.71","69.80M","-0.48%"
"11/20/2019","23,148.57","23,176.49","23,303.17","23,086.12","65.70M","-0.62%"
"11/19/2019","23,292.65","23,366.36","23,389.53","23,244.93","64.20M","-0.53%"
"11/18/2019","23,416.76","23,304.25","23,420.62","23,271.29","57.30M","0.49%"
"11/15/2019","23,303.32","23,160.53","23,340.77","23,121.59","72.20M","0.70%"
"11/14/2019","23,141.55","23,325.50","23,360.06","23,062.16","79.90M","-0.76%"
"11/13/2019","23,319.87","23,439.25","23,452.63","23,270.93","63.40M","-0.85%"
"11/12/2019","23,520.01","23,336.37","23,545.70","23,312.25","63.00M","0.81%"
"11/11/2019","23,331.84","23,422.13","23,471.82","23,323.02","61.50M","-0.26%"
"11/08/2019","23,391.87","23,550.04","23,591.09","23,313.41","94.60M","0.26%"
"11/07/2019","23,330.32","23,283.14","23,336.00","23,253.32","70.90M","0.11%"
"11/06/2019","23,303.82","23,343.51","23,352.56","23,246.57","77.40M","0.22%"
"11/05/2019","23,251.99","23,118.79","23,328.52","23,090.94","102.10M","1.76%"
"11/01/2019","22,850.77","22,730.49","22,852.72","22,705.60","65.40M","-0.33%"
"10/31/2019","22,927.04","22,910.10","22,988.80","22,875.50","78.30M","0.37%"
"10/30/2019","22,843.12","22,953.17","22,961.23","22,827.93","101.60M","-0.57%"
"10/29/2019","22,974.13","22,950.79","23,008.43","22,935.35","72.90M","0.47%"
"10/28/2019","22,867.27","22,854.44","22,896.22","22,830.57","48.10M","0.30%"
"10/25/2019","22,799.81","22,753.24","22,819.92","22,715.13","57.20M","0.22%"
"10/24/2019","22,750.60","22,725.44","22,780.99","22,704.33","61.30M","0.55%"
"10/23/2019","22,625.38","22,619.77","22,648.81","22,457.89","68.00M","0.34%"
"10/21/2019","22,548.90","22,541.22","22,581.28","22,515.73","48.40M","0.25%"
"10/18/2019","22,492.68","22,528.56","22,649.85","22,466.26","59.20M","0.18%"
"10/17/2019","22,451.86","22,451.15","22,522.39","22,424.92","57.80M","-0.09%"
"10/16/2019","22,472.92","22,479.57","22,615.47","22,434.35","78.70M","1.20%"
"10/15/2019","22,207.21","22,063.71","22,219.63","22,049.71","74.50M","1.87%"
"10/11/2019","21,798.87","21,749.93","21,820.77","21,658.27","67.40M","1.15%"
"10/10/2019","21,551.98","21,456.27","21,601.46","21,308.88","59.90M","0.45%"
"10/09/2019","21,456.38","21,359.84","21,467.77","21,359.84","55.40M","-0.61%"
"10/08/2019","21,587.78","21,494.48","21,629.24","21,483.18","60.80M","0.99%"
"10/07/2019","21,375.25","21,445.73","21,475.28","21,328.26","47.40M","-0.16%"
"10/04/2019","21,410.20","21,316.18","21,410.20","21,276.01","57.70M","0.32%"
"10/03/2019","21,341.74","21,422.22","21,437.74","21,277.36","67.70M","-2.01%"
"10/02/2019","21,778.61","21,744.62","21,795.01","21,725.23","63.30M","-0.49%"
"10/01/2019","21,885.24","21,831.44","21,938.77","21,811.98","62.30M","0.59%"
"09/30/2019","21,755.84","21,793.83","21,811.98","21,666.60","69.90M","-0.56%"
"09/27/2019","21,878.90","21,934.93","21,955.79","21,733.69","76.40M","-0.77%"
"09/26/2019","22,048.24","22,160.52","22,184.91","21,986.24","81.60M","0.13%"
"09/25/2019","22,020.15","21,961.82","22,036.48","21,906.00","61.60M","-0.36%"
"09/24/2019","22,098.84","22,095.35","22,168.74","22,077.94","68.40M","0.09%"
"09/20/2019","22,079.09","22,130.74","22,204.75","22,047.90","85.00M","0.16%"
"09/19/2019","22,044.45","22,064.46","22,255.56","22,003.30","78.20M","0.38%"
"09/18/2019","21,960.71","22,014.65","22,027.86","21,942.03","69.40M","-0.18%"
"09/17/2019","22,001.32","21,947.59","22,041.08","21,878.63","81.50M","0.06%"
"09/13/2019","21,988.29","21,907.83","22,019.66","21,820.94","116.30M","1.05%"
"09/12/2019","21,759.61","21,761.09","21,825.92","21,743.96","96.00M","0.75%"
"09/11/2019","21,597.76","21,466.66","21,619.21","21,437.82","110.10M","0.96%"
"09/10/2019","21,392.10","21,363.57","21,438.35","21,350.35","92.40M","0.35%"
"09/09/2019","21,318.42","21,214.56","21,333.51","21,182.26","57.80M","0.56%"
"09/06/2019","21,199.57","21,201.83","21,241.29","21,145.81","71.10M","0.54%"
"09/05/2019","21,085.94","20,800.29","21,164.61","20,787.93","83.00M","2.12%"
"09/04/2019","20,649.14","20,578.67","20,694.35","20,554.16","51.50M","0.12%"
"09/03/2019","20,625.16","20,581.58","20,662.23","20,578.02","-","0.02%"
"09/02/2019","20,620.19","20,625.75","20,667.56","20,614.29","42.40M","-0.41%"
"08/30/2019","20,704.37","20,641.49","20,748.35","20,633.30","72.00M","1.19%"
"08/29/2019","20,460.93","20,500.50","20,520.68","20,361.12","55.10M","-0.09%"
"08/28/2019","20,479.42","20,474.31","20,511.21","20,433.31","51.50M","0.11%"
"08/27/2019","20,456.08","20,467.22","20,529.94","20,439.92","60.80M","0.96%"
"08/26/2019","20,261.04","20,325.44","20,329.01","20,173.76","69.90M","-2.17%"
"08/23/2019","20,710.91","20,579.98","20,719.31","20,579.98","50.70M","0.40%"
"08/22/2019","20,628.01","20,706.07","20,731.19","20,584.29","54.60M","0.05%"
"08/21/2019","20,618.57","20,489.97","20,626.05","20,482.62","53.00M","-0.28%"
"08/20/2019","20,677.22","20,605.35","20,684.06","20,582.01","50.10M","0.55%"
"08/19/2019","20,563.16","20,590.47","20,633.90","20,502.66","50.60M","0.71%"
"08/16/2019","20,418.81","20,323.97","20,465.71","20,300.35","58.40M","0.06%"
"08/15/2019","20,405.65","20,324.25","20,419.88","20,184.85","68.20M","-1.21%"
"08/14/2019","20,655.13","20,669.99","20,697.42","20,581.17","60.90M","0.98%"
"08/13/2019","20,455.44","20,432.68","20,503.38","20,369.27","72.90M","-1.11%"
"08/09/2019","20,684.82","20,758.15","20,782.06","20,676.92","63.70M","0.44%"
"08/08/2019","20,593.35","20,529.29","20,682.24","20,462.98","64.80M","0.37%"
"08/07/2019","20,516.56","20,548.07","20,570.19","20,406.52","73.60M","-0.33%"
"08/06/2019","20,585.31","20,325.52","20,607.83","20,110.76","89.70M","-0.65%"
"08/05/2019","20,720.29","20,909.98","20,941.83","20,514.19","85.80M","-1.74%"
"08/02/2019","21,087.16","21,211.06","21,211.06","20,960.09","91.50M","-2.11%"
"08/01/2019","21,540.99","21,361.58","21,556.69","21,288.90","75.70M","0.09%"
"07/31/2019","21,521.53","21,526.38","21,589.11","21,476.07","76.50M","-0.86%"
"07/30/2019","21,709.31","21,681.82","21,792.98","21,665.86","54.50M","0.43%"
"07/29/2019","21,616.80","21,627.55","21,652.95","21,518.70","47.00M","-0.19%"
"07/26/2019","21,658.15","21,700.20","21,709.74","21,590.66","47.60M","-0.45%"
"07/25/2019","21,756.55","21,715.95","21,823.07","21,715.69","46.90M","0.22%"
"07/24/2019","21,709.57","21,726.98","21,744.88","21,677.71","51.10M","0.41%"
"07/23/2019","21,620.88","21,425.44","21,686.53","21,411.93","48.10M","0.95%"
"07/22/2019","21,416.79","21,394.75","21,445.03","21,317.85","46.90M","-0.23%"
"07/19/2019","21,466.99","21,146.50","21,474.30","21,121.90","57.90M","2.00%"
"07/18/2019","21,046.24","21,336.80","21,347.84","20,993.44","70.20M","-1.97%"
"07/17/2019","21,469.18","21,474.63","21,488.27","21,380.55","53.30M","-0.31%"
"07/16/2019","21,535.25","21,644.38","21,655.52","21,514.89","49.80M","-0.69%"
"07/12/2019","21,685.90","21,720.14","21,720.14","21,589.83","45.40M","0.20%"
"07/11/2019","21,643.53","21,547.19","21,649.93","21,532.57","49.60M","0.51%"
"07/10/2019","21,533.48","21,499.46","21,601.86","21,488.22","58.90M","-0.15%"
"07/09/2019","21,565.15","21,598.15","21,687.29","21,508.22","53.90M","0.14%"
"07/08/2019","21,534.35","21,665.79","21,672.65","21,499.57","51.90M","-0.98%"
"07/05/2019","21,746.38","21,703.61","21,746.38","21,647.73","44.80M","0.20%"
"07/04/2019","21,702.45","21,740.93","21,755.63","21,672.50","37.80M","0.30%"
"07/03/2019","21,638.16","21,684.07","21,708.72","21,566.65","55.00M","-0.53%"
"07/02/2019","21,754.27","21,699.43","21,784.22","21,697.31","54.70M","0.11%"
"07/01/2019","21,729.97","21,566.27","21,758.34","21,559.17","66.90M","2.13%"
"06/28/2019","21,275.92","21,282.22","21,324.93","21,199.85","62.10M","-0.29%"
"06/27/2019","21,338.17","21,156.88","21,338.17","21,123.97","61.30M","1.19%"
"06/26/2019","21,086.59","21,067.68","21,129.64","21,035.84","50.30M","-0.51%"
"06/25/2019","21,193.81","21,238.07","21,313.77","21,114.47","53.90M","-0.43%"
"06/24/2019","21,285.99","21,223.56","21,317.86","21,185.67","43.20M","0.13%"
"06/21/2019","21,258.64","21,487.67","21,497.82","21,221.70","89.00M","-0.95%"
"06/20/2019","21,462.86","21,417.74","21,491.39","21,377.27","55.70M","0.60%"
"06/19/2019","21,333.87","21,223.17","21,358.72","21,213.43","64.10M","1.72%"
"06/18/2019","20,972.71","21,111.77","21,153.65","20,924.19","54.60M","-0.72%"
"06/17/2019","21,124.00","21,094.96","21,185.25","21,044.62","49.10M","0.03%"
"06/14/2019","21,116.89","21,049.41","21,119.73","20,971.18","60.40M","0.40%"
"06/13/2019","21,032.00","21,040.91","21,111.23","20,932.13","65.70M","-0.46%"
"06/12/2019","21,129.72","21,130.39","21,259.70","21,118.75","56.50M","-0.35%"
"06/11/2019","21,204.28","21,099.54","21,227.18","21,066.62","52.10M","0.33%"
"06/10/2019","21,134.42","21,095.40","21,166.12","21,077.95","58.20M","1.20%"
"06/07/2019","20,884.71","20,859.78","20,907.77","20,816.58","50.70M","0.53%"
"06/06/2019","20,774.04","20,745.84","20,842.28","20,745.84","59.60M","-0.01%"
"06/05/2019","20,776.10","20,667.89","20,800.64","20,646.15","72.30M","1.80%"
"06/04/2019","20,408.54","20,435.86","20,464.57","20,289.64","69.20M","-0.01%"
"06/03/2019","20,410.88","20,327.87","20,438.03","20,305.74","67.40M","-0.92%"
"05/31/2019","20,601.19","20,785.21","20,823.10","20,581.58","79.10M","-1.63%"
"05/30/2019","20,942.53","20,881.50","20,942.53","20,809.29","58.70M","-0.29%"
"05/29/2019","21,003.37","21,055.42","21,071.73","20,884.61","70.00M","-1.21%"
"05/28/2019","21,260.14","21,187.17","21,297.70","21,177.27","98.50M","0.37%"
"05/27/2019","21,182.58","21,148.46","21,232.38","21,113.76","41.60M","0.31%"
"05/24/2019","21,117.22","20,980.79","21,117.22","20,922.00","67.70M","-0.16%"
"05/23/2019","21,151.14","21,180.24","21,209.56","21,072.72","63.90M","-0.62%"
"05/22/2019","21,283.37","21,373.52","21,404.54","21,266.98","64.50M","0.05%"
"05/21/2019","21,272.45","21,211.26","21,318.80","21,160.43","70.10M","-0.14%"
"05/20/2019","21,301.73","21,305.97","21,430.06","21,282.65","65.10M","0.24%"
"05/17/2019","21,250.09","21,246.86","21,398.85","21,199.98","75.80M","0.89%"
"05/16/2019","21,062.98","21,153.20","21,153.20","20,951.67","82.50M","-0.59%"
"05/15/2019","21,188.56","21,112.85","21,191.53","20,968.08","84.10M","0.58%"
"05/14/2019","21,067.23","20,870.77","21,077.48","20,751.45","90.20M","-0.59%"
"05/13/2019","21,191.28","21,180.74","21,277.66","21,127.93","74.50M","-0.72%"
"05/10/2019","21,344.92","21,431.81","21,584.09","21,175.33","98.50M","-0.27%"
"05/09/2019","21,402.13","21,492.91","21,559.76","21,315.07","96.90M","-0.93%"
"05/08/2019","21,602.59","21,628.04","21,639.12","21,514.85","85.70M","-1.46%"
"05/07/2019","21,923.72","22,184.40","22,190.49","21,875.11","90.70M","-1.51%"
"04/26/2019","22,258.73","22,167.48","22,270.29","22,073.10","71.90M","-0.22%"
"04/25/2019","22,307.58","22,183.32","22,334.69","22,155.23","63.30M","0.48%"
"04/24/2019","22,200.00","22,356.83","22,362.92","22,125.48","67.90M","-0.27%"
"04/23/2019","22,259.74","22,241.74","22,268.37","22,119.94","52.00M","0.19%"
"04/22/2019","22,217.90","22,188.62","22,280.19","22,099.38","42.90M","0.08%"
"04/19/2019","22,200.56","22,238.07","22,250.37","22,162.23","-","0.50%"
"04/18/2019","22,090.12","22,274.13","22,305.63","22,058.39","67.30M","-0.84%"
"04/17/2019","22,277.97","22,236.41","22,345.19","22,185.87","75.40M","0.25%"
"04/16/2019","22,221.66","22,108.15","22,261.33","22,095.32","57.30M","0.24%"
"04/15/2019","22,169.11","22,122.97","22,211.03","22,102.93","66.10M","1.37%"
"04/12/2019","21,870.56","21,782.35","21,878.78","21,698.71","61.60M","0.73%"
"04/11/2019","21,711.38","21,662.65","21,721.42","21,627.87","61.20M","0.11%"
"04/10/2019","21,687.57","21,579.68","21,687.57","21,571.67","58.70M","-0.53%"
"04/09/2019","21,802.59","21,750.29","21,811.88","21,698.42","54.30M","0.19%"
"04/08/2019","21,761.65","21,900.55","21,900.55","21,740.53","54.60M","-0.21%"
"04/05/2019","21,807.50","21,743.14","21,839.18","21,731.34","58.50M","0.38%"
"04/04/2019","21,724.95","21,724.69","21,787.60","21,662.90","57.90M","0.05%"
"04/03/2019","21,713.21","21,563.64","21,722.72","21,489.95","68.50M","0.97%"
"04/02/2019","21,505.31","21,744.64","21,744.64","21,490.56","71.00M","-0.02%"
"04/01/2019","21,509.03","21,500.89","21,682.94","21,471.12","77.40M","1.43%"
"03/29/2019","21,205.81","21,228.51","21,267.25","21,149.42","61.60M","0.82%"
"03/28/2019","21,033.76","21,191.32","21,191.32","20,974.19","71.10M","-1.61%"
"03/27/2019","21,378.73","21,353.61","21,388.59","21,242.52","76.00M","-0.23%"
"03/26/2019","21,428.39","21,174.34","21,460.99","21,174.34","101.30M","2.15%"
"03/25/2019","20,977.11","21,267.41","21,275.43","20,911.57","77.70M","-3.01%"
"03/22/2019","21,627.34","21,713.26","21,713.26","21,542.03","78.90M","0.09%"
"03/20/2019","21,608.92","21,548.65","21,614.17","21,499.16","65.30M","0.20%"
"03/19/2019","21,566.85","21,558.43","21,585.55","21,425.79","59.90M","-0.08%"
"03/18/2019","21,584.50","21,576.36","21,612.67","21,500.32","55.20M","0.62%"
"03/15/2019","21,450.85","21,376.73","21,521.68","21,374.85","83.20M","0.77%"
"03/14/2019","21,287.02","21,474.58","21,522.75","21,287.02","64.10M","-0.02%"
"03/13/2019","21,290.24","21,425.77","21,474.17","21,198.99","66.20M","-0.99%"
"03/12/2019","21,503.69","21,361.61","21,568.48","21,348.81","67.80M","1.79%"
"03/11/2019","21,125.09","21,062.75","21,145.94","20,938.00","55.60M","0.47%"
"03/08/2019","21,025.56","21,339.17","21,359.32","20,993.07","99.80M","-2.01%"
"03/07/2019","21,456.01","21,456.88","21,472.16","21,402.12","75.20M","-0.65%"
"03/06/2019","21,596.81","21,659.03","21,684.60","21,550.45","57.10M","-0.60%"
"03/05/2019","21,726.28","21,712.80","21,798.38","21,659.04","59.20M","-0.44%"
"03/04/2019","21,822.04","21,812.81","21,860.39","21,740.92","59.10M","1.02%"
"03/01/2019","21,602.69","21,490.02","21,641.58","21,490.02","62.60M","1.02%"
"02/28/2019","21,385.16","21,536.55","21,536.55","21,364.09","71.50M","-0.79%"
"02/27/2019","21,556.51","21,504.61","21,578.81","21,492.65","67.70M","0.50%"
"02/26/2019","21,449.39","21,556.02","21,610.88","21,405.84","56.40M","-0.37%"
"02/25/2019","21,528.23","21,567.66","21,590.03","21,505.07","51.80M","0.48%"
"02/22/2019","21,425.51","21,376.36","21,451.23","21,348.67","52.40M","-0.18%"
"02/21/2019","21,464.23","21,422.31","21,553.35","21,318.74","68.40M","0.15%"
"02/20/2019","21,431.49","21,346.04","21,494.85","21,315.39","59.70M","0.60%"
"02/19/2019","21,302.65","21,256.58","21,344.17","21,217.16","53.60M","0.10%"
"02/18/2019","21,281.85","21,217.32","21,306.36","21,189.97","61.80M","1.82%"
"02/15/2019","20,900.63","21,051.51","21,051.51","20,853.33","65.60M","-1.13%"
"02/14/2019","21,139.71","21,147.89","21,235.62","21,102.16","64.50M","-0.02%"
"02/13/2019","21,144.48","21,029.93","21,213.74","20,992.88","78.60M","1.34%"
"02/12/2019","20,864.21","20,442.55","20,885.88","20,428.57","84.10M","2.61%"
"02/08/2019","20,333.17","20,510.50","20,562.39","20,315.31","86.20M","-2.01%"
"02/07/2019","20,751.28","20,812.22","20,844.77","20,665.51","70.60M","-0.59%"
"02/06/2019","20,874.06","20,928.87","20,971.66","20,860.99","68.90M","0.14%"
"02/05/2019","20,844.45","20,960.47","20,981.23","20,823.18","65.50M","-0.19%"
"02/04/2019","20,883.77","20,831.90","20,922.58","20,823.68","66.60M","0.46%"
"02/01/2019","20,788.39","20,797.03","20,929.63","20,741.98","82.20M","0.07%"
"01/31/2019","20,773.49","20,832.91","20,869.42","20,682.91","75.70M","1.06%"
"01/30/2019","20,556.54","20,701.62","20,706.27","20,527.53","72.10M","-0.52%"
"01/29/2019","20,664.64","20,555.44","20,673.66","20,406.22","63.10M","0.08%"
"01/28/2019","20,649.00","20,746.29","20,759.48","20,624.55","56.80M","-0.60%"
"01/25/2019","20,773.56","20,598.64","20,844.31","20,598.64","68.40M","0.97%"
"01/24/2019","20,574.63","20,506.24","20,620.72","20,467.59","61.40M","-0.09%"
"01/23/2019","20,593.72","20,453.44","20,686.29","20,438.22","-","-0.14%"
"01/22/2019","20,622.91","20,770.06","20,805.93","20,558.30","57.10M","-0.47%"
"01/21/2019","20,719.33","20,848.38","20,892.68","20,678.26","61.20M","0.26%"
"01/18/2019","20,666.07","20,472.81","20,682.12","20,454.13","64.70M","1.29%"
"01/17/2019","20,402.27","20,544.23","20,571.75","20,342.46","63.60M","-0.20%"
"01/16/2019","20,442.75","20,575.72","20,580.25","20,323.32","69.50M","-0.55%"
"01/15/2019","20,555.29","20,264.82","20,571.28","20,204.43","78.30M","0.96%"
"01/11/2019","20,359.70","20,296.45","20,389.89","20,294.74","77.70M","0.97%"
"01/10/2019","20,163.80","20,270.88","20,345.92","20,101.93","73.70M","-1.29%"
"01/09/2019","20,427.06","20,366.30","20,494.35","20,331.20","72.80M","1.10%"
"01/08/2019","20,204.04","20,224.67","20,347.92","20,106.36","86.40M","0.82%"
"01/07/2019","20,038.97","19,944.61","20,266.22","19,920.80","81.50M","2.44%"
"01/04/2019","19,561.96","19,655.13","19,692.58","19,241.37","91.60M","-2.26%"
"12/28/2018","20,014.77","19,957.88","20,084.38","19,900.04","70.60M","-0.31%"
"12/27/2018","20,077.62","19,706.19","20,211.57","19,701.76","93.00M","3.88%"
"12/26/2018","19,327.06","19,302.59","19,530.35","18,948.58","79.90M","0.89%"
"12/25/2018","19,155.74","19,785.43","19,785.43","19,117.96","-","-5.01%"
"12/21/2018","20,166.19","20,310.50","20,334.73","20,006.67","116.60M","-1.11%"
"12/20/2018","20,392.58","20,779.93","20,841.34","20,282.93","96.30M","-2.84%"
"12/19/2018","20,987.92","21,107.17","21,168.62","20,880.73","81.30M","-0.60%"
"12/18/2018","21,115.45","21,275.51","21,330.36","21,101.44","80.50M","-1.82%"
"12/17/2018","21,506.88","21,391.73","21,563.27","21,363.67","63.40M","0.62%"
"12/14/2018","21,374.83","21,638.96","21,751.31","21,353.94","102.80M","-2.02%"
"12/13/2018","21,816.19","21,755.13","21,871.34","21,675.66","79.20M","0.99%"
"12/12/2018","21,602.75","21,348.40","21,631.47","21,320.72","89.60M","2.15%"
"12/11/2018","21,148.02","21,273.04","21,279.02","21,062.31","87.50M","-0.34%"
"12/10/2018","21,219.50","21,319.47","21,365.78","21,169.96","79.00M","-2.12%"
"12/07/2018","21,678.68","21,643.75","21,734.94","21,506.45","78.10M","0.82%"
"12/06/2018","21,501.62","21,766.50","21,805.02","21,307.72","87.60M","-1.91%"
"12/05/2018","21,919.33","21,755.17","21,979.18","21,708.82","83.70M","-0.53%"
"12/04/2018","22,036.05","22,533.97","22,576.62","22,033.41","89.60M","-2.39%"
"12/03/2018","22,574.76","22,629.39","22,698.79","22,550.29","70.50M","1.00%"
"11/30/2018","22,351.06","22,274.97","22,362.20","22,231.96","104.10M","0.40%"
"11/29/2018","22,262.60","22,360.98","22,437.95","22,241.17","69.30M","0.39%"
"11/28/2018","22,177.02","22,036.72","22,216.98","22,032.72","77.60M","1.02%"
"11/27/2018","21,952.40","21,967.98","22,006.83","21,816.05","74.00M","0.64%"
"11/26/2018","21,812.00","21,647.69","21,838.10","21,622.60","78.00M","0.76%"
"11/22/2018","21,646.55","21,582.47","21,684.64","21,484.98","65.90M","0.65%"
"11/21/2018","21,507.54","21,286.81","21,555.61","21,243.38","77.30M","-0.35%"
"11/20/2018","21,583.12","21,582.69","21,687.12","21,526.95","82.50M","-1.09%"
"11/19/2018","21,821.16","21,679.03","21,852.92","21,665.29","72.10M","0.65%"
"11/16/2018","21,680.34","21,804.90","21,873.74","21,663.99","74.90M","-0.57%"
"11/15/2018","21,803.62","21,670.35","21,818.73","21,613.53","-","-0.20%"
"11/14/2018","21,846.48","21,851.13","21,990.41","21,764.88","75.20M","0.16%"
"11/13/2018","21,810.52","21,885.24","21,892.29","21,484.65","85.70M","-2.06%"
"11/12/2018","22,269.88","22,121.70","22,324.01","22,046.29","59.30M","0.09%"
"11/09/2018","22,250.25","22,471.31","22,494.58","22,226.01","78.10M","-1.05%"
"11/08/2018","22,486.92","22,446.01","22,583.43","22,421.00","81.90M","1.82%"
"11/07/2018","22,085.80","22,189.74","22,444.65","21,996.94","96.30M","-0.28%"
"11/06/2018","22,147.75","22,018.87","22,160.83","21,994.28","-","1.14%"
"11/05/2018","21,898.99","22,002.47","22,051.65","21,865.98","78.70M","-1.55%"
"11/02/2018","22,243.66","21,761.58","22,308.42","21,751.33","101.90M","2.56%"
"11/01/2018","21,687.65","21,906.41","21,906.41","21,628.45","101.90M","-1.06%"
"10/31/2018","21,920.46","21,569.56","21,920.46","21,530.39","105.00M","2.16%"
"10/30/2018","21,457.29","21,049.52","21,568.40","21,035.88","116.90M","1.45%"
"10/29/2018","21,149.80","21,323.61","21,465.99","21,109.97","70.80M","-0.16%"
"10/26/2018","21,184.60","21,440.84","21,476.66","20,971.93","92.90M","-0.40%"
"10/25/2018","21,268.73","21,676.83","21,703.21","21,204.40","93.60M","-3.72%"
"10/24/2018","22,091.18","22,167.76","22,207.09","21,911.42","83.90M","0.37%"
"10/23/2018","22,010.78","22,404.14","22,410.15","21,993.07","80.20M","-2.67%"
"10/22/2018","22,614.82","22,374.21","22,672.25","22,271.59","63.00M","0.37%"
"10/19/2018","22,532.08","22,342.00","22,551.67","22,212.57","67.40M","-0.56%"
"10/18/2018","22,658.16","22,871.28","22,873.13","22,637.29","64.30M","-0.80%"
"10/17/2018","22,841.12","22,806.59","22,959.41","22,765.58","72.10M","1.29%"
"10/16/2018","22,549.24","22,298.20","22,549.24","22,269.53","70.10M","1.25%"
"10/15/2018","22,271.30","22,501.33","22,520.59","22,261.92","79.90M","-1.87%"
"10/12/2018","22,694.66","22,323.43","22,711.13","22,323.43","99.50M","0.46%"
"10/11/2018","22,590.86","23,043.37","23,051.19","22,459.02","115.30M","-3.89%"
"10/10/2018","23,506.04","23,538.92","23,589.38","23,373.54","70.60M","0.16%"
"10/09/2018","23,469.39","23,550.47","23,587.05","23,442.46","86.50M","-1.32%"
"10/05/2018","23,783.72","23,781.76","23,928.62","23,730.19","84.60M","-0.80%"
"10/04/2018","23,975.62","24,242.06","24,247.82","23,923.26","89.40M","-0.56%"
"10/03/2018","24,110.96","24,219.19","24,260.63","24,030.59","71.30M","-0.66%"
"10/02/2018","24,270.62","24,376.17","24,448.07","24,217.26","80.50M","0.10%"
"10/01/2018","24,245.76","24,173.37","24,306.54","24,123.50","65.00M","0.52%"
"09/28/2018","24,120.04","24,080.01","24,286.10","24,021.27","90.70M","1.36%"
"09/27/2018","23,796.74","23,946.43","24,089.32","23,778.04","76.20M","-0.99%"
"09/26/2018","24,033.79","23,846.60","24,033.79","23,833.92","84.20M","0.39%"
"09/25/2018","23,940.26","23,881.85","23,950.98","23,808.95","100.80M","0.29%"
"09/21/2018","23,869.93","23,848.63","23,971.41","23,764.05","120.60M","0.82%"
"09/20/2018","23,674.93","23,752.79","23,781.75","23,582.15","101.60M","0.01%"
"09/19/2018","23,672.52","23,754.96","23,842.05","23,672.52","93.60M","1.08%"
"09/18/2018","23,420.54","23,042.19","23,481.53","23,039.26","90.60M","1.41%"
"09/14/2018","23,094.67","23,035.78","23,105.28","22,965.48","102.70M","1.20%"
"09/13/2018","22,821.32","22,657.95","22,858.41","22,643.88","75.00M","0.96%"
"09/12/2018","22,604.61","22,702.71","22,709.37","22,522.17","79.80M","-0.27%"
"09/11/2018","22,664.69","22,469.78","22,667.85","22,457.10","76.50M","1.30%"
"09/10/2018","22,373.09","22,253.65","22,396.88","22,249.61","55.70M","0.30%"
"09/07/2018","22,307.06","22,351.84","22,372.89","22,172.90","69.80M","-0.80%"
"09/06/2018","22,487.94","22,458.97","22,535.34","22,416.63","62.20M","-0.41%"
"09/05/2018","22,580.83","22,663.80","22,692.25","22,570.52","65.40M","-0.51%"
"09/04/2018","22,696.90","22,740.05","22,753.18","22,612.15","52.30M","-0.05%"
"09/03/2018","22,707.38","22,819.17","22,820.48","22,684.43","49.90M","-0.69%"
"08/31/2018","22,865.15","22,733.25","22,890.61","22,678.03","68.10M","-0.02%"
"08/30/2018","22,869.50","23,020.18","23,032.17","22,832.83","73.90M","0.09%"
"08/29/2018","22,848.22","22,820.86","22,968.18","22,819.97","58.80M","0.15%"
"08/28/2018","22,813.47","22,967.74","23,006.77","22,813.47","60.70M","0.06%"
"08/27/2018","22,799.64","22,693.69","22,838.06","22,682.39","50.20M","0.88%"
"08/24/2018","22,601.77","22,484.01","22,602.24","22,452.42","50.40M","0.85%"
"08/23/2018","22,410.82","22,420.67","22,463.03","22,377.88","50.10M","0.22%"
"08/22/2018","22,362.55","22,270.04","22,390.20","22,162.81","57.10M","0.64%"
"08/21/2018","22,219.73","22,110.54","22,306.83","22,053.14","54.50M","0.09%"
"08/20/2018","22,199.00","22,267.07","22,288.31","22,150.75","46.80M","-0.32%"
"08/17/2018","22,270.38","22,313.19","22,340.95","22,244.10","56.10M","0.35%"
"08/16/2018","22,192.04","21,980.82","22,240.42","21,871.70","77.90M","-0.05%"
"08/15/2018","22,204.22","22,368.12","22,380.28","22,110.29","61.20M","-0.68%"
"08/14/2018","22,356.08","22,053.07","22,356.08","22,047.19","59.70M","2.28%"
"08/13/2018","21,857.43","22,117.57","22,124.60","21,851.32","77.80M","-1.98%"
"08/10/2018","22,298.08","22,606.91","22,608.86","22,272.69","73.90M","-1.33%"
"08/09/2018","22,598.39","22,591.54","22,648.88","22,497.99","61.80M","-0.20%"
"08/08/2018","22,644.31","22,666.56","22,800.61","22,610.29","72.80M","-0.08%"
"08/07/2018","22,662.74","22,514.31","22,666.68","22,499.05","69.40M","0.69%"
"08/06/2018","22,507.32","22,536.05","22,635.68","22,486.74","67.00M","-0.08%"
"08/03/2018","22,525.18","22,585.54","22,613.50","22,490.57","71.70M","0.06%"
"08/02/2018","22,512.53","22,676.73","22,754.73","22,464.81","94.50M","-1.03%"
"08/01/2018","22,746.70","22,642.18","22,775.47","22,615.98","100.80M","0.86%"
"07/31/2018","22,553.72","22,472.12","22,678.06","22,352.21","115.40M","0.04%"
"07/30/2018","22,544.84","22,613.30","22,631.32","22,518.94","76.20M","-0.74%"
"07/27/2018","22,712.75","22,646.48","22,712.75","22,593.20","73.20M","0.56%"
"07/26/2018","22,586.87","22,711.59","22,717.15","22,549.77","69.60M","-0.12%"
"07/25/2018","22,614.25","22,594.28","22,645.66","22,547.14","58.70M","0.46%"
"07/24/2018","22,510.48","22,555.05","22,555.05","22,416.23","70.40M","0.51%"
"07/23/2018","22,396.99","22,480.33","22,507.17","22,341.87","88.00M","-1.33%"
"07/20/2018","22,697.88","22,734.56","22,869.98","22,541.35","69.70M","-0.29%"
"07/19/2018","22,764.68","22,871.62","22,926.47","22,761.87","62.40M","-0.13%"
"07/18/2018","22,794.19","22,917.52","22,949.32","22,794.19","56.50M","0.43%"
"07/17/2018","22,697.36","22,605.73","22,832.22","22,575.42","75.80M","0.44%"
"07/16/2018","22,597.35","22,397.62","22,692.86","22,316.52","-","0.00%"
"07/13/2018","22,597.35","22,397.62","22,692.86","22,316.52","72.60M","1.85%"
"07/12/2018","22,187.96","22,036.87","22,233.52","22,019.19","64.40M","1.17%"
"07/11/2018","21,932.21","22,002.14","22,044.62","21,744.25","74.90M","-1.19%"
"07/10/2018","22,196.89","22,215.34","22,321.60","22,196.89","90.70M","0.66%"
"07/09/2018","22,052.18","21,838.53","22,105.95","21,825.76","61.20M","1.21%"
"07/06/2018","21,788.14","21,647.66","21,866.16","21,642.96","71.60M","1.12%"
"07/05/2018","21,546.99","21,697.44","21,751.50","21,462.95","66.70M","-0.78%"
"07/04/2018","21,717.04","21,679.00","21,784.00","21,604.18","62.20M","-0.31%"
"07/03/2018","21,785.54","21,889.06","21,927.81","21,574.56","76.50M","-0.12%"
"07/02/2018","21,811.93","22,233.80","22,312.25","21,784.48","67.10M","-2.21%"
"06/29/2018","22,304.51","22,314.47","22,332.82","22,145.48","67.90M","0.15%"
"06/28/2018","22,270.39","22,195.19","22,299.39","22,038.40","70.00M","-0.01%"
"06/27/2018","22,271.77","22,320.88","22,356.54","22,205.34","65.80M","-0.31%"
"06/26/2018","22,342.00","22,160.33","22,368.78","22,104.12","71.30M","0.02%"
"06/25/2018","22,338.15","22,543.56","22,556.55","22,312.79","60.60M","-0.79%"
"06/22/2018","22,516.83","22,456.45","22,535.65","22,414.18","85.90M","-0.78%"
"06/21/2018","22,693.04","22,523.28","22,782.01","22,491.08","76.00M","0.61%"
"06/20/2018","22,555.43","22,338.53","22,581.40","22,167.16","88.90M","1.24%"
"06/19/2018","22,278.48","22,565.92","22,618.52","22,278.48","79.40M","-1.77%"
"06/18/2018","22,680.33","22,806.57","22,806.89","22,601.13","65.00M","-0.75%"
"06/15/2018","22,851.75","22,883.24","22,885.84","22,770.38","88.50M","0.50%"
"06/14/2018","22,738.61","22,842.96","22,898.39","22,738.61","72.10M","-0.99%"
"06/13/2018","22,966.38","22,896.17","22,993.26","22,895.31","57.00M","0.38%"
"06/12/2018","22,878.35","22,977.22","23,011.57","22,797.73","63.90M","0.33%"
"06/11/2018","22,804.04","22,686.95","22,856.08","22,667.30","55.70M","0.48%"
"06/08/2018","22,694.50","22,799.38","22,879.00","22,694.50","85.20M","-0.56%"
"06/07/2018","22,823.26","22,748.72","22,856.37","22,732.18","72.20M","0.87%"
"06/06/2018","22,625.73","22,520.31","22,662.82","22,498.59","67.90M","0.38%"
"06/05/2018","22,539.54","22,552.17","22,602.13","22,470.04","65.80M","0.28%"
"06/04/2018","22,475.94","22,365.09","22,515.72","22,355.83","71.90M","1.37%"
"06/01/2018","22,171.35","22,126.25","22,316.91","22,098.04","82.50M","-0.14%"
"05/31/2018","22,201.82","22,163.40","22,254.42","22,098.00","132.40M","0.83%"
"05/30/2018","22,018.52","22,051.97","22,079.23","21,931.65","90.50M","-1.52%"
"05/29/2018","22,358.43","22,431.95","22,439.10","22,240.39","59.80M","-0.55%"
"05/28/2018","22,481.09","22,488.95","22,547.67","22,410.91","52.90M","0.13%"
"05/25/2018","22,450.79","22,380.22","22,509.36","22,318.15","70.40M","0.06%"
"05/24/2018","22,437.01","22,621.29","22,644.69","22,366.60","85.60M","-1.11%"
"05/23/2018","22,689.74","22,868.79","22,949.73","22,649.85","75.00M","-1.18%"
"05/22/2018","22,960.34","23,025.95","23,031.67","22,952.87","59.40M","-0.18%"
"05/21/2018","23,002.37","22,937.58","23,050.39","22,935.31","59.10M","0.31%"
"05/18/2018","22,930.36","22,907.20","22,954.19","22,867.30","65.30M","0.40%"
"05/17/2018","22,838.37","22,820.62","22,887.03","22,799.16","75.60M","0.53%"
"05/16/2018","22,717.23","22,730.12","22,796.14","22,695.84","80.20M","-0.44%"
"05/15/2018","22,818.02","22,889.47","22,912.06","22,805.72","86.40M","-0.21%"
"05/14/2018","22,865.86","22,705.30","22,894.76","22,683.64","68.90M","0.47%"
"05/11/2018","22,758.48","22,573.95","22,769.16","22,545.47","80.20M","1.16%"
"05/10/2018","22,497.18","22,482.51","22,530.64","22,418.75","73.30M","0.39%"
"05/09/2018","22,408.88","22,463.01","22,478.64","22,364.75","86.00M","-0.44%"
"05/08/2018","22,508.69","22,440.65","22,566.68","22,423.23","77.00M","0.18%"
"05/07/2018","22,467.16","22,513.22","22,513.48","22,350.91","69.00M","-0.03%"
"05/02/2018","22,472.78","22,568.19","22,568.19","22,426.55","70.70M","-0.16%"
"05/01/2018","22,508.03","22,453.42","22,519.45","22,411.43","89.90M","0.18%"
"04/27/2018","22,467.87","22,466.66","22,495.56","22,357.53","89.10M","0.66%"
"04/26/2018","22,319.61","22,278.77","22,381.66","22,265.20","72.80M","0.47%"
"04/25/2018","22,215.32","22,118.62","22,228.78","22,080.76","73.30M","-0.28%"
"04/24/2018","22,278.12","22,228.82","22,304.69","22,149.59","76.50M","0.86%"
"04/23/2018","22,088.04","22,157.88","22,204.86","22,065.52","64.00M","-0.33%"
"04/20/2018","22,162.24","22,148.22","22,261.35","22,076.63","69.60M","-0.13%"
"04/19/2018","22,191.18","22,231.86","22,360.65","22,176.86","79.70M","0.15%"
"04/18/2018","22,158.20","21,929.01","22,194.11","21,914.96","70.40M","1.42%"
"04/17/2018","21,847.59","21,801.83","21,889.89","21,772.42","57.40M","0.06%"
"04/16/2018","21,835.53","21,843.55","21,879.69","21,775.61","53.40M","0.26%"
"04/13/2018","21,778.74","21,801.41","21,917.35","21,746.69","73.10M","0.55%"
"04/12/2018","21,660.28","21,657.87","21,719.43","21,591.39","58.40M","-0.12%"
"04/11/2018","21,687.10","21,819.09","21,837.36","21,687.10","69.50M","-0.49%"
"04/10/2018","21,794.32","21,599.67","21,933.99","21,542.37","74.70M","0.54%"
"04/09/2018","21,678.26","21,534.33","21,737.09","21,517.77","62.10M","0.51%"
"04/06/2018","21,567.52","21,633.73","21,742.84","21,550.42","74.40M","-0.36%"
"04/05/2018","21,645.42","21,541.18","21,737.66","21,462.10","80.70M","1.53%"
"04/04/2018","21,319.55","21,415.85","21,415.85","21,238.18","75.60M","0.13%"
"04/03/2018","21,292.29","21,115.48","21,333.50","21,056.02","63.80M","-0.45%"
"04/02/2018","21,388.58","21,441.57","21,597.47","21,388.58","47.50M","-0.31%"
"03/30/2018","21,454.30","21,392.42","21,512.80","21,311.50","63.60M","1.40%"
"03/29/2018","21,159.08","21,250.96","21,298.57","20,996.22","78.90M","0.61%"
"03/28/2018","21,031.31","20,893.05","21,031.31","20,776.82","88.10M","-1.34%"
"03/27/2018","21,317.32","20,958.90","21,317.32","20,943.31","101.90M","2.65%"
"03/26/2018","20,766.10","20,423.37","20,766.10","20,347.49","97.50M","0.72%"
"03/23/2018","20,617.86","21,188.80","21,188.80","20,559.61","121.00M","-4.51%"
"03/22/2018","21,591.99","21,352.16","21,592.00","21,349.71","82.60M","0.99%"
"03/20/2018","21,380.97","21,297.98","21,384.86","21,223.97","66.50M","-0.47%"
"03/19/2018","21,480.90","21,537.90","21,659.04","21,366.88","67.30M","-0.90%"
"03/16/2018","21,676.51","21,876.53","21,879.28","21,632.85","75.70M","-0.58%"
"03/15/2018","21,803.95","21,704.14","21,825.97","21,555.49","65.30M","0.12%"
"03/14/2018","21,777.29","21,764.99","21,881.09","21,684.02","65.00M","-0.87%"
"03/13/2018","21,968.10","21,742.45","21,968.10","21,700.78","68.10M","0.66%"
"03/12/2018","21,824.03","21,826.10","21,971.16","21,689.97","70.60M","1.65%"
"03/09/2018","21,469.20","21,594.22","21,884.45","21,357.55","110.50M","0.47%"
"03/08/2018","21,368.07","21,488.16","21,488.16","21,299.40","72.10M","0.54%"
"03/07/2018","21,252.72","21,261.96","21,484.08","21,201.94","87.00M","-0.77%"
"03/06/2018","21,417.76","21,390.20","21,551.14","21,381.42","76.40M","1.79%"
"03/05/2018","21,042.09","21,047.81","21,164.38","20,937.26","87.20M","-0.66%"
"03/02/2018","21,181.64","21,339.98","21,366.09","21,088.96","97.10M","-2.50%"
"03/01/2018","21,724.47","21,901.13","21,901.13","21,645.22","90.30M","-1.56%"
"02/28/2018","22,068.24","22,292.53","22,380.28","22,068.24","88.80M","-1.44%"
"02/27/2018","22,389.86","22,391.67","22,502.05","22,325.07","74.30M","1.07%"
"02/26/2018","22,153.63","22,134.64","22,226.53","22,040.87","64.60M","1.19%"
"02/23/2018","21,892.78","21,789.72","21,903.39","21,741.63","64.60M","0.72%"
"02/22/2018","21,736.44","21,789.88","21,799.40","21,626.85","77.30M","-1.07%"
"02/21/2018","21,970.81","21,942.42","22,130.58","21,836.73","77.90M","0.21%"
"02/20/2018","21,925.10","22,054.32","22,063.87","21,831.45","67.50M","-1.01%"
"02/19/2018","22,149.21","21,903.66","22,152.85","21,858.33","68.50M","1.97%"
"02/16/2018","21,720.25","21,555.99","21,866.37","21,499.88","77.80M","1.19%"
"02/15/2018","21,464.98","21,384.10","21,578.99","21,308.92","86.40M","1.47%"
"02/14/2018","21,154.17","21,251.24","21,371.01","20,950.15","103.90M","-0.43%"
"02/13/2018","21,244.68","21,633.34","21,679.20","21,211.53","114.70M","-0.65%"
"02/09/2018","21,382.62","21,507.74","21,510.30","21,119.01","127.60M","-2.32%"
"02/08/2018","21,890.86","21,721.57","21,977.03","21,649.70","104.70M","1.13%"
"02/07/2018","21,645.37","22,001.29","22,353.87","21,627.13","143.50M","0.16%"
"02/06/2018","21,610.24","22,267.00","22,277.45","21,078.71","190.10M","-4.73%"
"02/05/2018","22,682.08","22,921.16","22,967.69","22,659.43","107.60M","-2.55%"
"02/02/2018","23,274.53","23,361.67","23,367.96","23,122.45","98.60M","-0.90%"
"02/01/2018","23,486.11","23,276.10","23,492.77","23,211.12","101.80M","1.68%"
"01/31/2018","23,098.29","23,205.23","23,375.38","23,092.85","99.80M","-0.83%"
"01/30/2018","23,291.97","23,559.33","23,581.98","23,233.37","88.80M","-1.43%"
"01/29/2018","23,629.34","23,707.14","23,787.23","23,580.17","68.80M","-0.01%"
"01/26/2018","23,631.88","23,757.34","23,797.96","23,592.28","87.20M","-0.16%"
"01/25/2018","23,669.49","23,750.65","23,828.40","23,649.03","81.50M","-1.13%"
"01/24/2018","23,940.78","24,026.43","24,072.77","23,917.14","79.90M","-0.76%"
"01/23/2018","24,124.15","23,924.40","24,129.34","23,916.02","73.40M","1.29%"
"01/22/2018","23,816.33","23,797.84","23,816.33","23,697.81","65.20M","0.03%"
"01/19/2018","23,808.06","23,854.11","23,872.69","23,735.61","71.80M","0.19%"
"01/18/2018","23,763.37","24,078.93","24,084.42","23,699.47","99.40M","-0.44%"
"01/17/2018","23,868.34","23,783.42","23,891.63","23,739.17","82.20M","-0.35%"
"01/16/2018","23,951.81","23,721.17","23,962.07","23,701.83","68.50M","1.00%"
"01/15/2018","23,714.88","23,827.98","23,833.27","23,685.02","75.40M","0.26%"
"01/12/2018","23,653.82","23,719.66","23,743.05","23,588.07","93.70M","-0.24%"
"01/11/2018","23,710.43","23,656.39","23,734.97","23,601.84","83.70M","-0.33%"
"01/10/2018","23,788.20","23,832.81","23,864.76","23,755.45","88.80M","-0.26%"
"01/09/2018","23,849.99","23,948.97","23,952.61","23,789.03","94.10M","0.57%"
"01/05/2018","23,714.53","23,643.00","23,730.47","23,520.52","101.90M","0.89%"
"01/04/2018","23,506.33","23,073.73","23,506.33","23,065.20","102.20M","3.26%"
"12/29/2017","22,764.94","22,831.49","22,881.21","22,753.20","46.50M","-0.08%"
"12/28/2017","22,783.98","22,912.05","22,954.45","22,736.43","50.30M","-0.56%"
"12/27/2017","22,911.21","22,854.39","22,936.16","22,854.39","47.20M","0.08%"
"12/26/2017","22,892.69","22,922.95","22,950.15","22,877.63","46.40M","-0.20%"
"12/25/2017","22,939.18","22,909.41","22,948.83","22,870.19","-","0.16%"
"12/22/2017","22,902.76","22,850.73","22,908.84","22,801.16","77.80M","0.16%"
"12/21/2017","22,866.10","22,852.01","22,894.95","22,728.06","73.00M","-0.11%"
"12/20/2017","22,891.72","22,834.93","22,923.50","22,806.73","92.40M","0.10%"
"12/19/2017","22,868.00","22,961.47","22,990.42","22,862.82","70.50M","-0.15%"
"12/18/2017","22,901.77","22,770.44","22,927.50","22,735.20","85.20M","1.55%"
"12/15/2017","22,553.22","22,621.36","22,745.09","22,478.32","99.40M","-0.62%"
"12/14/2017","22,694.45","22,699.30","22,786.61","22,638.76","85.10M","-0.28%"
"12/13/2017","22,758.07","22,879.27","22,879.37","22,697.32","91.40M","-0.47%"
"12/12/2017","22,866.17","22,936.41","22,994.33","22,834.89","86.10M","-0.32%"
"12/11/2017","22,938.73","22,894.30","22,938.73","22,787.40","69.50M","0.56%"
"12/08/2017","22,811.08","22,627.95","22,819.71","22,625.41","106.90M","1.39%"
"12/07/2017","22,498.03","22,317.15","22,515.24","22,317.15","79.50M","1.45%"
"12/06/2017","22,177.04","22,525.38","22,528.21","22,119.21","97.30M","-1.97%"
"12/05/2017","22,622.38","22,595.33","22,682.71","22,522.28","75.90M","-0.37%"
"12/04/2017","22,707.16","22,843.53","22,864.33","22,693.99","68.90M","-0.49%"
"12/01/2017","22,819.03","22,916.93","22,994.31","22,675.07","89.70M","0.41%"
"11/30/2017","22,724.96","22,601.83","22,748.32","22,502.68","140.70M","0.57%"
"11/29/2017","22,597.20","22,613.96","22,643.93","22,537.12","90.70M","0.49%"
"11/28/2017","22,486.24","22,474.74","22,580.99","22,363.94","76.80M","-0.04%"
"11/27/2017","22,495.99","22,657.08","22,659.33","22,423.40","66.60M","-0.24%"
"11/24/2017","22,550.85","22,390.14","22,567.20","22,381.01","64.80M","0.12%"
"11/22/2017","22,523.15","22,601.55","22,677.34","22,513.44","81.10M","0.48%"
"11/21/2017","22,416.48","22,456.79","22,563.25","22,416.48","76.10M","0.70%"
"11/20/2017","22,261.76","22,279.98","22,410.24","22,215.07","71.70M","-0.60%"
"11/17/2017","22,396.80","22,603.30","22,757.40","22,319.12","113.70M","0.20%"
"11/16/2017","22,351.12","21,975.23","22,392.13","21,972.34","96.60M","1.47%"
"11/15/2017","22,028.32","22,250.98","22,305.24","22,004.79","120.60M","-1.57%"
"11/14/2017","22,380.01","22,342.93","22,532.30","22,323.24","95.90M","-0.00%"
"11/13/2017","22,380.99","22,607.56","22,607.92","22,380.99","80.70M","-1.32%"
"11/10/2017","22,681.42","22,580.70","22,724.39","22,511.93","106.60M","-0.82%"
"11/09/2017","22,868.71","22,989.44","23,382.15","22,522.83","160.40M","-0.20%"
"11/08/2017","22,913.82","22,849.91","22,922.80","22,759.07","100.20M","-0.10%"
"11/07/2017","22,937.60","22,518.75","22,953.18","22,512.91","107.80M","1.73%"
"11/06/2017","22,548.35","22,612.96","22,644.68","22,435.34","111.90M","0.04%"
"11/02/2017","22,539.12","22,512.18","22,540.25","22,400.01","105.70M","0.53%"
"11/01/2017","22,420.08","22,144.92","22,455.92","22,130.03","112.60M","1.86%"
"10/31/2017","22,011.61","21,897.29","22,020.38","21,840.07","102.40M","-0.00%"
"10/30/2017","22,011.67","22,047.95","22,086.88","21,921.24","135.60M","0.01%"
"10/27/2017","22,008.45","21,903.27","22,016.50","21,815.72","120.40M","1.24%"
"10/26/2017","21,739.78","21,698.95","21,793.62","21,688.56","82.60M","0.15%"
"10/25/2017","21,707.62","21,900.13","21,921.36","21,648.35","122.00M","-0.45%"
"10/24/2017","21,805.17","21,670.00","21,805.17","21,646.52","88.20M","0.50%"
"10/23/2017","21,696.65","21,709.30","21,723.60","21,614.51","87.40M","1.11%"
"10/20/2017","21,457.64","21,390.95","21,489.26","21,363.10","85.70M","0.04%"
"10/19/2017","21,448.52","21,450.04","21,503.85","21,381.52","84.60M","0.40%"
"10/18/2017","21,363.05","21,374.66","21,402.76","21,317.67","72.70M","0.13%"
"10/17/2017","21,336.12","21,352.17","21,393.96","21,230.67","92.40M","0.38%"
"10/16/2017","21,255.56","21,221.27","21,347.07","21,187.93","102.30M","0.47%"
"10/13/2017","21,155.18","20,959.66","21,211.29","20,933.00","110.50M","0.96%"
"10/12/2017","20,954.72","20,958.18","20,994.40","20,917.04","80.40M","0.35%"
"10/11/2017","20,881.27","20,803.71","20,898.41","20,788.12","80.20M","0.28%"
"10/10/2017","20,823.51","20,680.54","20,823.66","20,663.08","78.30M","0.64%"
"10/06/2017","20,690.71","20,716.85","20,721.15","20,659.15","75.90M","0.30%"
"10/05/2017","20,628.56","20,650.71","20,667.47","20,602.26","57.30M","0.01%"
"10/04/2017","20,626.66","20,660.81","20,689.08","20,592.18","73.50M","0.06%"
"10/03/2017","20,614.07","20,475.25","20,628.38","20,438.17","72.80M","1.05%"
"10/02/2017","20,400.78","20,400.51","20,411.33","20,363.28","67.60M","0.22%"
"09/29/2017","20,356.28","20,315.34","20,370.33","20,285.06","85.10M","-0.03%"
"09/28/2017","20,363.11","20,398.63","20,399.87","20,299.68","84.00M","0.47%"
"09/27/2017","20,267.05","20,269.82","20,278.09","20,213.66","63.60M","-0.31%"
"09/26/2017","20,330.19","20,349.26","20,385.50","20,303.98","95.00M","-0.33%"
"09/25/2017","20,397.58","20,439.43","20,454.29","20,367.03","82.80M","0.50%"
"09/22/2017","20,296.45","20,413.61","20,417.07","20,249.24","95.40M","-0.25%"
"09/21/2017","20,347.48","20,456.50","20,481.27","20,332.69","115.90M","0.18%"
"09/20/2017","20,310.46","20,301.33","20,339.37","20,272.82","100.40M","0.05%"
"09/19/2017","20,299.38","20,128.18","20,320.78","20,122.00","120.90M","1.96%"
"09/15/2017","19,909.50","19,793.80","19,933.40","19,787.65","111.90M","0.52%"
"09/14/2017","19,807.44","19,860.37","19,918.39","19,793.85","93.70M","-0.29%"
"09/13/2017","19,865.82","19,873.69","19,888.84","19,845.02","84.50M","0.45%"
"09/12/2017","19,776.62","19,736.14","19,792.06","19,718.80","89.90M","1.18%"
"09/11/2017","19,545.77","19,441.39","19,567.03","19,437.14","78.70M","1.41%"
"09/08/2017","19,274.82","19,297.96","19,357.49","19,239.52","106.60M","-0.63%"
"09/07/2017","19,396.52","19,433.44","19,482.72","19,365.75","81.90M","0.20%"
"09/06/2017","19,357.97","19,286.06","19,371.38","19,254.67","88.50M","-0.14%"
"09/05/2017","19,385.81","19,533.38","19,542.78","19,354.59","77.60M","-0.63%"
"09/04/2017","19,508.25","19,615.96","19,628.40","19,479.40","71.70M","-0.93%"
"09/01/2017","19,691.47","19,733.57","19,735.96","19,620.07","79.40M","0.23%"
"08/31/2017","19,646.24","19,591.32","19,687.99","19,583.11","97.90M","0.72%"
"08/30/2017","19,506.54","19,480.98","19,538.23","19,435.10","91.80M","0.74%"
"08/29/2017","19,362.55","19,319.11","19,371.90","19,280.02","75.00M","-0.45%"
"08/28/2017","19,449.90","19,502.23","19,535.50","19,420.50","69.50M","-0.01%"
"08/25/2017","19,452.61","19,401.12","19,485.97","19,384.37","70.70M","0.51%"
"08/24/2017","19,353.77","19,366.36","19,428.55","19,351.92","75.40M","-0.42%"
"08/23/2017","19,434.64","19,547.05","19,561.32","19,408.47","78.50M","0.26%"
"08/22/2017","19,383.84","19,373.11","19,437.25","19,361.95","70.50M","-0.05%"
"08/21/2017","19,393.13","19,509.53","19,509.53","19,365.65","75.30M","-0.40%"
"08/18/2017","19,470.41","19,471.27","19,543.13","19,433.09","95.70M","-1.18%"
"08/17/2017","19,702.63","19,707.75","19,739.04","19,679.37","71.90M","-0.14%"
"08/16/2017","19,729.28","19,750.55","19,776.86","19,719.08","69.40M","-0.12%"
"08/15/2017","19,753.31","19,689.38","19,824.12","19,656.91","90.30M","1.11%"
"08/14/2017","19,537.10","19,545.58","19,598.41","19,486.48","108.30M","-0.98%"
"08/10/2017","19,729.74","19,792.45","19,829.88","19,685.83","104.20M","-0.05%"
"08/09/2017","19,738.71","19,928.96","19,945.28","19,660.22","104.40M","-1.29%"
"08/08/2017","19,996.01","20,062.65","20,076.80","19,970.57","80.40M","-0.30%"
"08/07/2017","20,055.89","20,059.29","20,085.90","20,037.40","75.30M","0.52%"
"08/04/2017","19,952.33","19,949.79","19,984.51","19,933.59","76.50M","-0.38%"
"08/03/2017","20,029.26","20,066.00","20,070.16","19,985.40","89.30M","-0.25%"
"08/02/2017","20,080.04","20,057.07","20,113.73","20,022.05","95.60M","0.47%"
"08/01/2017","19,985.79","19,907.08","20,000.46","19,904.72","110.10M","0.30%"
"07/31/2017","19,925.18","19,933.45","19,983.90","19,891.90","140.30M","-0.17%"
"07/28/2017","19,959.84","20,048.46","20,056.16","19,926.60","108.50M","-0.60%"
"07/27/2017","20,079.64","20,026.58","20,176.39","20,005.20","89.90M","0.15%"
"07/26/2017","20,050.16","20,098.14","20,116.00","20,016.58","85.50M","0.48%"
"07/25/2017","19,955.20","19,979.56","20,036.31","19,941.61","70.10M","-0.10%"
"07/24/2017","19,975.67","19,973.67","20,002.54","19,901.88","81.30M","-0.62%"
"07/21/2017","20,099.75","20,089.86","20,135.33","20,081.91","78.70M","-0.22%"
"07/20/2017","20,144.59","20,046.90","20,157.11","20,032.23","80.80M","0.62%"
"07/19/2017","20,020.86","19,970.78","20,032.46","19,947.26","81.20M","0.10%"
"07/18/2017","19,999.91","20,074.41","20,081.29","19,943.14","93.40M","-0.59%"
"07/14/2017","20,118.86","20,157.92","20,163.67","20,101.71","83.10M","0.09%"
"07/13/2017","20,099.81","20,177.28","20,183.80","20,062.27","90.50M","0.01%"
"07/12/2017","20,098.38","20,137.22","20,153.04","20,061.16","81.40M","-0.48%"
"07/11/2017","20,195.48","20,073.86","20,200.88","20,070.67","77.30M","0.57%"
"07/10/2017","20,080.98","20,070.44","20,127.76","20,023.03","85.70M","0.76%"
"07/07/2017","19,929.09","19,856.65","19,979.93","19,856.65","91.90M","-0.32%"
"07/06/2017","19,994.06","20,061.68","20,078.88","19,947.63","92.70M","-0.44%"
"07/05/2017","20,081.63","20,015.07","20,087.01","19,888.90","94.60M","0.25%"
"07/04/2017","20,032.35","20,192.27","20,197.16","19,971.53","100.30M","-0.12%"
"07/03/2017","20,055.80","20,056.32","20,096.14","20,030.61","83.40M","0.11%"
"06/30/2017","20,033.43","20,025.63","20,044.01","19,946.51","116.60M","-0.92%"
"06/29/2017","20,220.30","20,260.87","20,266.59","20,197.38","118.80M","0.45%"
"06/28/2017","20,130.41","20,149.20","20,224.30","20,110.49","115.50M","-0.47%"
"06/27/2017","20,225.09","20,229.12","20,250.10","20,185.19","90.30M","0.36%"
"06/26/2017","20,153.35","20,132.81","20,196.38","20,119.04","77.00M","0.10%"
"06/23/2017","20,132.67","20,152.58","20,152.58","20,089.54","80.50M","0.11%"
"06/22/2017","20,110.51","20,154.38","20,191.42","20,107.89","84.60M","-0.14%"
"06/21/2017","20,138.79","20,192.16","20,215.11","20,117.79","94.90M","-0.45%"
"06/20/2017","20,230.41","20,234.12","20,318.11","20,227.29","99.30M","0.81%"
"06/19/2017","20,067.75","19,974.30","20,087.71","19,949.88","79.70M","0.62%"
"06/16/2017","19,943.26","19,931.15","20,015.16","19,884.80","135.30M","0.56%"
"06/15/2017","19,831.82","19,815.54","19,963.36","19,755.34","107.00M","-0.26%"
"06/14/2017","19,883.52","19,974.56","20,009.93","19,879.60","92.90M","-0.08%"
"06/13/2017","19,898.75","19,859.81","19,929.03","19,850.86","97.20M","-0.05%"
"06/12/2017","19,908.58","19,920.77","19,949.07","19,837.64","112.10M","-0.52%"
"06/09/2017","20,013.26","19,953.06","20,096.01","19,927.07","145.30M","0.52%"
"06/08/2017","19,909.26","20,048.28","20,061.22","19,896.35","125.30M","-0.38%"
"06/07/2017","19,984.62","19,951.68","20,023.24","19,908.07","99.20M","0.02%"
"06/06/2017","19,979.90","20,122.26","20,152.95","19,948.02","102.00M","-0.95%"
"06/05/2017","20,170.82","20,135.42","20,224.54","20,104.13","99.10M","-0.03%"
"06/02/2017","20,177.28","19,970.23","20,239.81","19,967.00","150.40M","1.60%"
"06/01/2017","19,860.03","19,692.16","19,887.66","19,686.32","103.50M","1.07%"
"05/31/2017","19,650.57","19,630.33","19,673.51","19,589.25","125.10M","-0.14%"
"05/30/2017","19,677.85","19,681.11","19,691.44","19,570.13","72.60M","-0.02%"
"05/29/2017","19,682.57","19,697.18","19,736.62","19,627.19","67.30M","-0.02%"
"05/26/2017","19,686.84","19,798.49","19,801.59","19,686.49","84.50M","-0.64%"
"05/25/2017","19,813.13","19,737.21","19,850.93","19,720.12","95.10M","0.36%"
"05/24/2017","19,742.98","19,777.56","19,782.81","19,690.10","101.30M","0.66%"
"05/23/2017","19,613.28","19,647.74","19,693.02","19,585.54","83.40M","-0.33%"
"05/22/2017","19,678.28","19,670.48","19,722.93","19,618.73","78.50M","0.45%"
"05/19/2017","19,590.76","19,591.41","19,628.64","19,497.29","115.60M","0.19%"
"05/18/2017","19,553.86","19,556.99","19,601.53","19,449.73","135.70M","-1.32%"
"05/17/2017","19,814.88","19,806.78","19,842.78","19,764.63","118.10M","-0.53%"
"05/16/2017","19,919.82","19,953.06","19,998.49","19,862.41","131.10M","0.25%"
"05/15/2017","19,869.85","19,753.46","19,869.85","19,740.63","128.30M","-0.07%"
"05/12/2017","19,883.90","19,941.64","19,941.64","19,809.91","136.80M","-0.39%"
"05/11/2017","19,961.55","19,943.95","19,989.94","19,906.35","136.40M","0.31%"
"05/10/2017","19,900.09","19,890.56","19,938.53","19,866.30","129.00M","0.29%"
"05/09/2017","19,843.00","19,915.64","19,917.45","19,838.71","123.50M","-0.26%"
"05/08/2017","19,895.70","19,709.01","19,929.48","19,705.13","148.70M","2.31%"
"05/02/2017","19,445.70","19,335.72","19,464.30","19,335.02","112.70M","0.70%"
"05/01/2017","19,310.52","19,154.03","19,311.21","19,144.62","106.50M","0.59%"
"04/28/2017","19,196.74","19,240.65","19,264.57","19,164.68","117.80M","-0.29%"
"04/27/2017","19,251.87","19,205.59","19,281.70","19,199.59","116.70M","-0.19%"
"04/26/2017","19,289.43","19,184.92","19,289.43","19,170.86","129.40M","1.10%"
"04/25/2017","19,079.33","18,872.56","19,109.76","18,867.19","118.00M","1.08%"
"04/24/2017","18,875.88","18,890.38","18,910.33","18,840.13","98.10M","1.37%"
"04/21/2017","18,620.75","18,591.82","18,648.28","18,542.42","113.20M","1.03%"
"04/20/2017","18,430.49","18,446.39","18,523.40","18,420.82","116.90M","-0.01%"
"04/19/2017","18,432.20","18,327.33","18,467.73","18,327.33","120.80M","0.07%"
"04/18/2017","18,418.59","18,497.38","18,547.46","18,362.73","93.30M","0.35%"
"04/17/2017","18,355.26","18,239.84","18,361.44","18,224.68","-","0.11%"
"04/14/2017","18,335.63","18,531.91","18,531.91","18,285.73","-","-0.49%"
"04/13/2017","18,426.84","18,391.72","18,455.25","18,304.72","123.70M","-0.68%"
"04/12/2017","18,552.61","18,592.10","18,602.50","18,460.59","116.30M","-1.04%"
"04/11/2017","18,747.87","18,717.55","18,767.70","18,661.86","105.10M","-0.27%"
"04/10/2017","18,797.88","18,800.22","18,850.80","18,762.70","111.30M","0.71%"
"04/07/2017","18,664.63","18,714.98","18,785.73","18,517.43","161.60M","0.36%"
"04/06/2017","18,597.06","18,754.37","18,797.44","18,532.65","133.60M","-1.40%"
"04/05/2017","18,861.27","18,900.70","18,941.94","18,773.94","121.60M","0.27%"
"04/04/2017","18,810.25","18,933.82","18,947.33","18,703.63","146.90M","-0.91%"
"04/03/2017","18,983.23","18,988.00","19,068.62","18,920.52","134.20M","0.39%"
"03/31/2017","18,909.26","19,170.42","19,210.92","18,909.26","149.20M","-0.81%"
"03/30/2017","19,063.22","19,150.82","19,218.08","19,043.48","124.50M","-0.80%"
"03/29/2017","19,217.48","19,216.78","19,251.30","19,164.61","115.10M","0.08%"
"03/28/2017","19,202.87","19,159.07","19,203.64","19,113.44","122.30M","1.14%"
"03/27/2017","18,985.59","18,985.59","18,985.59","18,985.59","120.80M","-1.44%"
"03/24/2017","19,262.53","19,066.35","19,296.05","19,060.64","127.70M","0.93%"
"03/23/2017","19,085.31","19,048.84","19,105.11","18,973.75","121.00M","0.23%"
"03/22/2017","19,041.38","19,146.62","19,183.27","19,026.53","136.60M","-2.13%"
"03/21/2017","19,455.88","19,416.55","19,485.14","19,337.22","101.70M","-0.34%"
"03/17/2017","19,521.59","19,510.89","19,547.51","19,487.92","137.10M","-0.35%"
"03/16/2017","19,590.14","19,458.70","19,618.99","19,454.17","122.50M","0.07%"
"03/15/2017","19,577.38","19,528.75","19,581.53","19,503.74","115.70M","-0.16%"
"03/14/2017","19,609.50","19,634.29","19,637.55","19,599.62","123.30M","-0.12%"
"03/13/2017","19,633.75","19,545.74","19,656.48","19,531.51","92.60M","0.15%"
"03/10/2017","19,604.61","19,444.71","19,623.72","19,427.81","155.30M","1.48%"
"03/09/2017","19,318.58","19,343.06","19,350.20","19,262.98","101.10M","0.34%"
"03/08/2017","19,254.03","19,308.53","19,326.40","19,198.78","103.20M","-0.47%"
"03/07/2017","19,344.15","19,337.19","19,375.09","19,317.10","98.80M","-0.18%"
"03/06/2017","19,379.14","19,409.18","19,411.54","19,340.32","88.00M","-0.46%"
"03/03/2017","19,469.17","19,551.34","19,587.79","19,392.75","111.00M","-0.49%"
"03/02/2017","19,564.80","19,624.82","19,668.01","19,564.80","146.20M","0.88%"
"03/01/2017","19,393.54","19,226.94","19,414.55","19,164.62","132.30M","1.44%"
"02/28/2017","19,118.99","19,194.68","19,267.99","19,118.99","132.90M","0.06%"
"02/27/2017","19,107.47","19,130.51","19,178.99","18,995.55","124.20M","-0.91%"
"02/24/2017","19,283.54","19,232.11","19,381.10","19,219.58","148.90M","-0.45%"
"02/23/2017","19,371.46","19,379.92","19,379.92","19,262.63","140.80M","-0.04%"
"02/22/2017","19,379.87","19,419.22","19,419.22","19,329.28","156.70M","-0.01%"
"02/21/2017","19,381.44","19,267.87","19,395.35","19,261.98","100.70M","0.68%"
"02/20/2017","19,251.08","19,161.33","19,274.75","19,115.11","98.90M","0.09%"
"02/17/2017","19,234.62","19,228.74","19,275.39","19,173.53","143.60M","-0.58%"
"02/16/2017","19,347.53","19,431.61","19,431.61","19,260.24","137.80M","-0.47%"
"02/15/2017","19,437.98","19,438.81","19,495.62","19,420.00","142.80M","1.03%"
"02/14/2017","19,238.98","19,478.86","19,501.01","19,232.85","142.80M","-1.13%"
"02/13/2017","19,459.15","19,513.78","19,519.44","19,418.18","117.90M","0.41%"
"02/10/2017","19,378.93","19,216.74","19,395.99","19,193.57","149.40M","2.49%"
"02/09/2017","18,907.67","18,942.04","18,991.23","18,874.91","130.50M","-0.53%"
"02/08/2017","19,007.60","18,951.16","19,009.24","18,875.57","102.90M","0.51%"
"02/07/2017","18,910.78","18,844.12","18,970.58","18,805.32","106.10M","-0.35%"
"02/06/2017","18,976.71","19,069.72","19,075.57","18,899.40","120.50M","0.31%"
"02/03/2017","18,918.20","18,996.74","19,061.26","18,830.89","140.90M","0.02%"
"02/02/2017","18,914.58","19,152.79","19,170.63","18,866.80","136.50M","-1.22%"
"02/01/2017","19,148.08","18,926.97","19,155.79","18,916.18","131.50M","0.56%"
"01/31/2017","19,041.34","19,145.35","19,199.75","19,041.34","133.90M","-1.69%"
"01/30/2017","19,368.85","19,371.28","19,390.97","19,295.80","97.80M","-0.51%"
"01/27/2017","19,467.40","19,453.51","19,486.68","19,404.13","134.60M","0.34%"
"01/26/2017","19,402.39","19,260.67","19,405.23","19,232.46","145.20M","1.81%"
"01/25/2017","19,057.50","19,091.23","19,133.18","18,987.45","125.40M","1.43%"
"01/24/2017","18,787.99","18,817.42","18,915.70","18,783.16","131.50M","-0.55%"
"01/23/2017","18,891.03","18,938.45","19,024.21","18,879.68","124.80M","-1.29%"
"01/20/2017","19,137.91","19,059.15","19,176.86","19,040.20","125.80M","0.34%"
"01/19/2017","19,072.25","19,082.83","19,122.39","18,982.13","170.60M","0.94%"
"01/18/2017","18,894.37","18,753.96","18,941.24","18,650.33","119.10M","0.43%"
"01/17/2017","18,813.53","19,038.45","19,043.91","18,812.86","119.10M","-1.48%"
"01/16/2017","19,095.24","19,219.13","19,255.41","19,061.27","119.10M","-1.00%"
"01/13/2017","19,287.28","19,174.97","19,299.36","19,156.93","119.10M","0.80%"
"01/12/2017","19,134.70","19,300.19","19,300.19","19,069.02","119.10M","-1.19%"
"01/11/2017","19,364.67","19,358.64","19,402.17","19,325.46","119.10M","0.33%"
"01/10/2017","19,301.44","19,414.83","19,484.90","19,255.35","119.10M","-0.79%"
"01/06/2017","19,454.33","19,393.55","19,472.37","19,354.44","119.10M","-0.34%"
"01/05/2017","19,520.69","19,602.10","19,615.40","19,473.28","134.50M","-0.37%"
"01/04/2017","19,594.16","19,298.68","19,594.16","19,277.93","163.50M","2.51%"
"12/30/2016","19,114.37","18,997.68","19,176.81","18,991.59","117.80M","-0.16%"
"12/29/2016","19,145.14","19,301.04","19,301.04","19,092.22","163.50M","-1.32%"
"12/28/2016","19,401.72","19,392.11","19,442.13","19,364.73","77.70M","-0.01%"
"12/27/2016","19,403.06","19,353.43","19,478.58","19,352.06","110.20M","0.03%"
"12/26/2016","19,396.64","19,394.41","19,432.48","19,385.94","85.50M","-0.16%"
"12/22/2016","19,427.67","19,396.85","19,427.67","19,327.51","113.50M","-0.09%"
"12/21/2016","19,444.49","19,547.28","19,592.90","19,375.19","130.30M","-0.26%"
"12/20/2016","19,494.53","19,367.84","19,511.20","19,356.81","119.60M","0.53%"
"12/19/2016","19,391.60","19,345.84","19,399.26","19,307.14","106.00M","-0.05%"
"12/16/2016","19,401.15","19,438.39","19,439.97","19,360.36","148.70M","0.66%"
"12/15/2016","19,273.79","19,327.70","19,436.90","19,192.60","154.60M","0.10%"
"12/14/2016","19,253.61","19,270.01","19,284.28","19,184.75","133.20M","0.02%"
"12/13/2016","19,250.52","19,120.76","19,253.51","19,060.72","147.60M","0.50%"
"12/12/2016","19,155.03","19,183.82","19,280.93","19,054.00","200.60M","0.84%"
"12/09/2016","18,996.37","18,839.98","19,042.48","18,821.41","212.30M","1.23%"
"12/08/2016","18,765.47","18,674.19","18,765.47","18,614.01","187.40M","1.45%"
"12/07/2016","18,496.69","18,434.54","18,502.47","18,410.88","151.70M","0.74%"
"12/06/2016","18,360.54","18,457.20","18,484.80","18,318.99","158.80M","0.47%"
"12/05/2016","18,274.99","18,349.92","18,365.74","18,227.39","134.50M","-0.82%"
"12/02/2016","18,426.08","18,435.55","18,469.68","18,315.38","197.20M","-0.47%"
"12/01/2016","18,513.12","18,535.24","18,746.28","18,469.27","188.00M","1.12%"
"11/30/2016","18,308.48","18,356.03","18,370.31","18,280.66","164.70M","0.01%"
"11/29/2016","18,307.04","18,263.63","18,327.51","18,258.82","125.60M","-0.27%"
"11/28/2016","18,356.89","18,302.58","18,374.93","18,222.82","145.00M","-0.13%"
"11/25/2016","18,381.22","18,387.59","18,482.94","18,288.50","164.90M","0.26%"
"11/24/2016","18,333.41","18,329.78","18,382.72","18,310.31","149.40M","0.94%"
"11/22/2016","18,162.94","18,091.05","18,175.63","18,050.55","121.90M","0.31%"
"11/21/2016","18,106.02","18,038.09","18,129.03","18,007.79","135.70M","0.77%"
"11/18/2016","17,967.41","18,024.21","18,043.72","17,967.41","166.80M","0.59%"
"11/17/2016","17,862.63","17,766.61","17,884.06","17,764.08","161.10M","0.00%"
"11/16/2016","17,862.21","17,832.51","17,886.44","17,807.47","200.30M","1.10%"
"11/15/2016","17,668.15","17,690.22","17,727.58","17,605.77","173.20M","-0.03%"
"11/14/2016","17,672.62","17,467.49","17,697.33","17,455.78","165.30M","1.71%"
"11/11/2016","17,374.79","17,526.61","17,621.73","17,333.49","241.80M","0.18%"
"11/10/2016","17,344.42","16,562.86","17,393.82","16,560.66","229.40M","6.72%"
"11/09/2016","16,251.54","17,281.95","17,427.71","16,111.81","274.90M","-5.36%"
"11/08/2016","17,171.38","17,242.70","17,247.04","17,130.83","100.00M","-0.03%"
"11/07/2016","17,177.21","17,126.03","17,186.89","17,056.84","113.00M","1.61%"
"11/04/2016","16,905.36","16,964.50","16,996.09","16,801.98","134.80M","-1.34%"
"11/02/2016","17,134.68","17,238.00","17,283.60","17,080.59","135.20M","-1.76%"
"11/01/2016","17,442.40","17,380.54","17,473.12","17,339.64","123.00M","0.10%"
"10/31/2016","17,425.02","17,360.89","17,433.13","17,327.62","157.20M","-0.12%"
"10/28/2016","17,446.41","17,448.25","17,461.03","17,406.72","167.90M","0.63%"
"10/27/2016","17,336.42","17,346.39","17,414.21","17,278.12","107.60M","-0.32%"
"10/26/2016","17,391.84","17,329.03","17,391.84","17,295.46","98.10M","0.15%"
"10/25/2016","17,365.25","17,298.63","17,381.80","17,298.63","108.40M","0.76%"
"10/24/2016","17,234.42","17,216.56","17,244.74","17,162.21","87.70M","0.29%"
"10/21/2016","17,184.59","17,283.75","17,288.89","17,151.98","114.20M","-0.30%"
"10/20/2016","17,235.50","16,999.36","17,235.50","16,992.14","112.40M","1.39%"
"10/19/2016","16,998.91","16,952.91","17,016.66","16,938.46","101.70M","0.21%"
"10/18/2016","16,963.61","16,862.31","16,966.90","16,844.17","98.60M","0.38%"
"10/17/2016","16,900.12","16,871.84","16,954.44","16,821.49","95.10M","0.26%"
"10/14/2016","16,856.37","16,751.04","16,866.56","16,727.78","109.40M","0.49%"
"10/13/2016","16,774.24","16,923.82","16,974.25","16,739.73","111.10M","-0.39%"
"10/12/2016","16,840.00","16,850.73","16,951.54","16,839.41","116.30M","-1.09%"
"10/11/2016","17,024.76","16,936.31","17,074.46","16,931.12","111.60M","0.98%"
"10/07/2016","16,860.09","16,883.12","16,895.13","16,820.21","100.30M","-0.23%"
"10/06/2016","16,899.10","16,913.60","16,971.28","16,888.77","110.60M","0.47%"
"10/05/2016","16,819.24","16,787.89","16,844.35","16,728.19","115.10M","0.50%"
"10/04/2016","16,735.65","16,661.51","16,747.20","16,637.82","100.30M","0.83%"
"10/03/2016","16,598.67","16,566.03","16,652.16","16,554.83","99.20M","0.90%"
"09/30/2016","16,449.84","16,474.45","16,497.55","16,407.78","124.40M","-1.46%"
"09/29/2016","16,693.71","16,606.30","16,756.43","16,584.14","122.70M","1.39%"
"09/28/2016","16,465.40","16,504.99","16,515.84","16,385.03","112.20M","-1.31%"
"09/27/2016","16,683.93","16,390.91","16,683.93","16,285.41","157.10M","0.84%"
"09/26/2016","16,544.56","16,707.45","16,707.45","16,514.93","102.90M","-1.25%"
"09/23/2016","16,754.02","16,759.84","16,808.59","16,725.53","138.00M","-0.32%"
"09/21/2016","16,807.62","16,471.85","16,823.63","16,399.65","191.10M","1.91%"
"09/20/2016","16,492.15","16,403.22","16,591.70","16,403.22","121.50M","-0.16%"
"09/16/2016","16,519.29","16,458.74","16,532.84","16,415.86","127.10M","0.70%"
"09/15/2016","16,405.01","16,512.42","16,528.02","16,359.78","117.80M","-1.26%"
"09/14/2016","16,614.24","16,632.06","16,706.61","16,585.80","116.30M","-0.69%"
"09/13/2016","16,729.04","16,764.65","16,787.06","16,658.40","98.20M","0.34%"
"09/12/2016","16,672.92","16,748.36","16,802.00","16,601.54","112.80M","-1.73%"
"09/09/2016","16,965.76","16,994.37","17,029.78","16,902.09","123.90M","0.04%"
"09/08/2016","16,958.77","16,984.00","17,001.84","16,836.65","111.30M","-0.32%"
"09/07/2016","17,012.44","16,937.38","17,024.26","16,903.20","132.50M","-0.41%"
"09/06/2016","17,081.98","17,035.03","17,097.59","17,022.64","108.30M","0.26%"
"09/05/2016","17,037.63","17,131.52","17,156.36","17,009.21","127.40M","0.66%"
"09/02/2016","16,925.68","16,903.78","16,946.49","16,848.12","116.20M","-0.01%"
"09/01/2016","16,926.84","16,885.16","16,941.18","16,864.56","131.50M","0.23%"
"08/31/2016","16,887.40","16,857.83","16,917.86","16,836.96","150.30M","0.97%"
"08/30/2016","16,725.36","16,690.98","16,752.16","16,677.85","103.70M","-0.07%"
"08/29/2016","16,737.49","16,631.06","16,764.64","16,616.65","113.90M","2.30%"
"08/26/2016","16,360.71","16,485.55","16,490.53","16,320.43","104.60M","-1.18%"
"08/25/2016","16,555.95","16,580.15","16,628.79","16,520.84","92.90M","-0.25%"
"08/24/2016","16,597.30","16,550.21","16,648.07","16,544.39","91.10M","0.61%"
"08/23/2016","16,497.36","16,549.82","16,663.64","16,452.01","107.60M","-0.61%"
"08/22/2016","16,598.19","16,599.26","16,631.23","16,540.94","95.30M","0.32%"
"08/19/2016","16,545.82","16,558.38","16,613.04","16,452.62","121.90M","0.36%"
"08/18/2016","16,486.01","16,649.91","16,714.61","16,481.41","130.40M","-1.55%"
"08/17/2016","16,745.64","16,596.26","16,772.11","16,596.26","117.40M","0.90%"
"08/16/2016","16,596.51","16,878.66","16,887.57","16,596.51","110.00M","-1.62%"
"08/15/2016","16,869.56","16,866.89","16,932.11","16,844.58","83.70M","-0.30%"
"08/12/2016","16,919.92","16,877.18","16,943.67","16,818.43","119.10M","1.10%"
"08/10/2016","16,735.12","16,699.08","16,822.86","16,657.59","113.80M","-0.18%"
"08/09/2016","16,764.97","16,632.41","16,779.59","16,630.56","127.50M","0.69%"
"08/08/2016","16,650.57","16,462.29","16,652.04","16,455.57","141.60M","2.44%"
"08/05/2016","16,254.45","16,278.99","16,355.98","16,230.70","129.40M","-0.00%"
"08/04/2016","16,254.89","16,168.34","16,270.12","15,921.04","160.00M","1.07%"
"08/03/2016","16,083.11","16,227.28","16,275.34","16,056.67","155.40M","-1.88%"
"08/02/2016","16,391.45","16,469.68","16,541.88","16,391.45","131.90M","-1.47%"
"08/01/2016","16,635.77","16,415.31","16,677.49","16,319.15","174.10M","0.40%"
"07/29/2016","16,569.27","16,359.68","16,679.19","16,174.35","234.60M","0.56%"
"07/28/2016","16,476.84","16,596.15","16,616.28","16,450.28","126.40M","-1.13%"
"07/27/2016","16,664.82","16,526.06","16,821.43","16,526.06","155.50M","1.72%"
"07/26/2016","16,383.04","16,535.81","16,535.81","16,323.10","129.40M","-1.43%"
"07/25/2016","16,620.29","16,655.81","16,778.65","16,612.33","102.90M","-0.04%"
"07/22/2016","16,627.25","16,612.90","16,691.81","16,566.98","100.80M","-1.09%"
"07/21/2016","16,810.22","16,855.18","16,938.96","16,740.00","134.80M","0.77%"
"07/20/2016","16,681.89","16,646.92","16,692.84","16,554.03","120.50M","-0.25%"
"07/19/2016","16,723.31","16,612.09","16,726.71","16,514.66","131.60M","1.37%"
"07/15/2016","16,497.85","16,396.12","16,607.32","16,396.12","171.90M","0.68%"
"07/14/2016","16,385.89","16,242.20","16,398.73","16,229.26","136.10M","0.95%"
"07/13/2016","16,231.43","16,343.00","16,444.25","16,196.44","195.60M","0.84%"
"07/12/2016","16,095.65","15,961.30","16,237.62","15,956.91","185.10M","2.46%"
"07/11/2016","15,708.82","15,375.94","15,816.67","15,375.94","138.90M","3.98%"
"07/08/2016","15,106.98","15,326.84","15,399.70","15,106.52","129.50M","-1.11%"
"07/07/2016","15,276.24","15,346.81","15,418.90","15,241.91","127.30M","-0.67%"
"07/06/2016","15,378.99","15,434.46","15,434.46","15,167.98","158.40M","-1.85%"
"07/05/2016","15,669.33","15,682.16","15,702.04","15,602.73","109.20M","-0.67%"
"07/04/2016","15,775.80","15,554.04","15,805.31","15,553.92","108.50M","0.60%"
"07/01/2016","15,682.48","15,698.02","15,765.00","15,635.57","119.90M","0.68%"
"06/30/2016","15,575.92","15,752.71","15,781.69","15,575.92","150.70M","0.06%"
"06/29/2016","15,566.83","15,523.35","15,626.66","15,398.31","147.40M","1.59%"
"06/28/2016","15,323.14","15,094.71","15,443.82","14,987.79","180.90M","0.09%"
"06/27/2016","15,309.21","15,153.08","15,323.95","15,061.66","161.90M","2.39%"
"06/24/2016","14,952.02","16,333.87","16,389.17","14,864.01","263.00M","-7.92%"
"06/23/2016","16,238.35","16,098.61","16,263.87","16,057.86","110.80M","1.07%"
"06/22/2016","16,065.72","16,095.81","16,160.99","15,980.65","111.70M","-0.64%"
"06/21/2016","16,169.11","15,875.81","16,202.30","15,770.96","120.90M","1.28%"
"06/20/2016","15,965.30","15,839.06","16,035.44","15,835.86","132.00M","2.34%"
"06/17/2016","15,599.66","15,631.79","15,774.87","15,582.94","167.20M","1.07%"
"06/16/2016","15,434.14","15,871.22","15,913.08","15,395.98","154.20M","-3.05%"
"06/15/2016","15,919.58","15,799.07","15,997.30","15,752.01","136.80M","0.38%"
"06/14/2016","15,859.00","16,001.19","16,082.50","15,762.09","131.70M","-1.00%"
"06/13/2016","16,019.18","16,319.11","16,335.38","16,019.18","126.20M","-3.51%"
"06/10/2016","16,601.36","16,637.51","16,643.36","16,496.11","155.00M","-0.40%"
"06/09/2016","16,668.41","16,742.03","16,785.83","16,587.77","115.50M","-0.97%"
"06/08/2016","16,830.92","16,722.49","16,830.92","16,581.71","112.10M","0.93%"
"06/07/2016","16,675.45","16,651.05","16,701.01","16,536.23","109.00M","0.58%"
"06/06/2016","16,580.03","16,373.32","16,581.30","16,322.64","122.20M","-0.37%"
"06/03/2016","16,642.23","16,599.51","16,716.14","16,554.60","107.30M","0.48%"
"06/02/2016","16,562.55","16,817.26","16,819.85","16,525.47","142.80M","-2.32%"
"06/01/2016","16,955.73","17,097.22","17,145.95","16,908.92","133.70M","-1.62%"
"05/31/2016","17,234.98","17,029.46","17,251.36","16,988.64","156.70M","0.98%"
"05/30/2016","17,068.02","16,973.72","17,068.02","16,910.19","100.30M","1.39%"
"05/27/2016","16,834.84","16,830.50","16,901.09","16,792.73","108.40M","0.37%"
"05/26/2016","16,772.46","16,927.69","16,957.56","16,743.17","122.00M","0.09%"
"05/25/2016","16,757.35","16,764.35","16,806.03","16,731.12","107.40M","1.57%"
"05/24/2016","16,498.76","16,605.04","16,605.04","16,471.37","109.70M","-0.94%"
"05/23/2016","16,654.60","16,671.28","16,691.50","16,417.84","116.50M","-0.49%"
"05/20/2016","16,736.35","16,594.99","16,770.87","16,548.34","126.30M","0.54%"
"05/19/2016","16,646.66","16,807.46","16,841.04","16,590.16","141.60M","0.01%"
"05/18/2016","16,644.69","16,611.40","16,795.47","16,513.17","165.10M","-0.05%"
"05/17/2016","16,652.80","16,618.95","16,655.89","16,509.31","117.60M","1.13%"
"05/16/2016","16,466.40","16,391.92","16,632.62","16,391.92","125.10M","0.33%"
"05/13/2016","16,412.21","16,804.17","16,804.17","16,400.87","171.60M","-1.41%"
"05/12/2016","16,646.34","16,459.69","16,658.07","16,374.59","138.70M","0.41%"
"05/11/2016","16,579.01","16,736.72","16,814.64","16,536.61","143.50M","0.08%"
"05/10/2016","16,565.19","16,307.50","16,587.63","16,229.15","166.50M","2.15%"
"05/09/2016","16,216.03","16,226.57","16,292.86","16,159.31","118.80M","0.68%"
"05/06/2016","16,106.72","16,212.67","16,271.61","15,989.35","148.10M","-0.25%"
"05/02/2016","16,147.38","16,357.10","16,357.10","15,975.47","179.90M","-3.11%"
"04/28/2016","16,666.05","17,438.99","17,572.27","16,652.74","233.10M","-3.61%"
"04/27/2016","17,290.49","17,369.68","17,417.54","17,230.23","140.90M","-0.36%"
"04/26/2016","17,353.28","17,358.56","17,426.02","17,200.50","161.60M","-0.49%"
"04/25/2016","17,439.30","17,613.56","17,613.56","17,403.87","171.60M","-0.76%"
"04/22/2016","17,572.49","17,220.47","17,572.49","17,192.39","228.30M","1.20%"
"04/21/2016","17,363.62","17,187.27","17,381.70","17,144.53","165.90M","2.70%"
"04/20/2016","16,906.54","17,053.83","17,099.36","16,870.73","143.90M","0.19%"
"04/19/2016","16,874.44","16,582.66","16,900.33","16,570.50","145.70M","3.68%"
"04/18/2016","16,275.95","16,521.25","16,526.90","16,254.20","140.60M","-3.40%"
"04/15/2016","16,848.03","16,720.39","16,928.67","16,720.39","133.30M","-0.37%"
"04/14/2016","16,911.05","16,629.83","16,911.05","16,602.17","175.40M","3.23%"
"04/13/2016","16,381.22","16,142.71","16,405.59","16,132.23","158.80M","2.84%"
"04/12/2016","15,928.79","15,719.24","15,963.03","15,693.61","147.00M","1.13%"
"04/11/2016","15,751.13","15,761.57","15,778.74","15,525.49","129.90M","-0.44%"
"04/08/2016","15,821.52","15,597.04","16,027.63","15,471.80","176.80M","0.46%"
"04/07/2016","15,749.84","15,739.26","15,871.10","15,636.21","146.00M","0.22%"
"04/06/2016","15,715.36","15,727.70","15,828.61","15,612.91","150.50M","-0.11%"
"04/05/2016","15,732.82","16,044.23","16,066.18","15,698.55","158.10M","-2.42%"
"04/04/2016","16,123.27","16,087.76","16,238.51","16,029.50","144.80M","-0.25%"
"04/01/2016","16,164.16","16,719.56","16,719.56","16,113.01","178.40M","-3.55%"
"03/31/2016","16,758.67","16,997.14","17,033.65","16,758.67","157.50M","-0.71%"
"03/30/2016","16,878.96","17,078.03","17,078.03","16,875.91","131.20M","-1.31%"
"03/29/2016","17,103.53","16,985.28","17,137.20","16,948.43","117.00M","-0.18%"
"03/28/2016","17,134.37","17,129.27","17,167.88","16,961.41","123.50M","0.77%"
"03/25/2016","17,002.75","16,949.53","17,026.14","16,889.40","126.50M","0.65%"
"03/24/2016","16,892.33","16,979.39","17,041.16","16,843.99","142.10M","-0.64%"
"03/23/2016","17,000.98","17,066.27","17,142.08","16,964.31","104.70M","-0.28%"
"03/22/2016","17,048.55","16,937.31","17,107.80","16,851.21","136.20M","1.94%"
"03/18/2016","16,724.81","16,883.75","16,920.91","16,613.69","155.70M","-1.25%"
"03/17/2016","16,936.38","17,107.60","17,253.03","16,814.84","152.50M","-0.22%"
"03/16/2016","16,974.45","16,981.36","17,102.45","16,950.84","126.40M","-0.83%"
"03/15/2016","17,117.07","17,219.89","17,279.30","17,042.56","144.30M","-0.68%"
"03/14/2016","17,233.75","17,155.52","17,291.35","17,149.21","140.90M","1.74%"
"03/11/2016","16,938.87","16,610.18","17,015.30","16,575.75","198.00M","0.51%"
"03/10/2016","16,852.35","16,811.00","16,887.60","16,713.13","135.60M","1.26%"
"03/09/2016","16,642.20","16,625.59","16,706.25","16,494.80","160.70M","-0.84%"
"03/08/2016","16,783.15","16,889.48","16,909.79","16,570.22","182.80M","-0.76%"
"03/07/2016","16,911.32","17,024.64","17,026.25","16,894.58","159.50M","-0.61%"
"03/04/2016","17,014.78","16,927.36","17,042.92","16,861.38","183.60M","0.32%"
"03/03/2016","16,960.16","16,695.78","16,962.95","16,691.94","201.40M","1.28%"
"03/02/2016","16,746.55","16,391.48","16,815.25","16,388.92","175.10M","4.11%"
"03/01/2016","16,085.51","16,013.00","16,099.42","15,857.37","152.30M","0.37%"
"02/29/2016","16,026.76","16,313.31","16,464.75","16,026.76","164.30M","-1.00%"
"02/26/2016","16,188.41","16,311.52","16,472.50","16,188.41","147.40M","0.30%"
"02/25/2016","16,140.34","15,983.47","16,218.29","15,953.93","169.80M","1.41%"
"02/24/2016","15,915.79","15,851.13","16,006.45","15,753.77","151.60M","-0.85%"
"02/23/2016","16,052.05","16,230.38","16,350.38","16,001.19","165.20M","-0.37%"
"02/22/2016","16,111.05","15,851.39","16,187.40","15,816.83","139.80M","0.90%"
"02/19/2016","15,967.17","16,050.40","16,050.46","15,799.35","161.70M","-1.42%"
"02/18/2016","16,196.80","16,138.08","16,337.59","16,118.80","187.80M","2.28%"
"02/17/2016","15,836.36","16,035.35","16,214.46","15,632.12","204.10M","-1.36%"
"02/16/2016","16,054.43","15,849.47","16,341.56","15,809.58","224.90M","0.20%"
"02/15/2016","16,022.58","15,248.38","16,155.10","15,243.88","232.20M","7.16%"
"02/12/2016","14,952.61","15,426.27","15,437.22","14,865.77","340.50M","-4.84%"
"02/10/2016","15,713.39","16,127.86","16,163.03","15,429.99","283.50M","-2.31%"
"02/09/2016","16,085.44","16,666.79","16,668.70","16,025.94","228.20M","-5.40%"
"02/08/2016","17,004.30","16,620.91","17,099.01","16,552.30","200.10M","1.10%"
"02/05/2016","16,819.59","16,790.53","16,893.12","16,627.80","259.90M","-1.32%"
"02/04/2016","17,044.99","17,071.11","17,209.56","16,941.88","238.80M","-0.85%"
"02/03/2016","17,191.25","17,497.41","17,515.68","17,080.57","228.50M","-3.15%"
"02/02/2016","17,750.68","17,716.52","17,864.70","17,684.66","200.80M","-0.64%"
"02/01/2016","17,865.23","17,699.60","17,905.37","17,666.48","245.00M","1.98%"
"01/29/2016","17,518.30","17,155.06","17,638.93","16,767.09","294.40M","2.80%"
"01/28/2016","17,041.45","17,059.84","17,235.44","16,942.13","140.90M","-0.71%"
"01/27/2016","17,163.92","16,949.19","17,242.27","16,947.95","155.00M","2.72%"
"01/26/2016","16,708.90","16,833.13","16,839.52","16,652.26","147.00M","-2.35%"
"01/25/2016","17,110.91","17,145.81","17,208.24","16,922.21","157.00M","0.90%"
"01/22/2016","16,958.53","16,336.72","16,993.96","16,332.45","186.80M","5.88%"
"01/21/2016","16,017.26","16,466.86","16,734.58","16,017.26","228.20M","-2.43%"
"01/20/2016","16,416.19","17,030.28","17,031.32","16,387.61","177.80M","-3.71%"
"01/19/2016","17,048.37","16,902.29","17,088.31","16,812.65","154.20M","0.55%"
"01/18/2016","16,955.57","16,826.93","17,037.26","16,665.05","157.20M","-1.12%"
"01/15/2016","17,147.11","17,522.46","17,597.87","17,057.60","167.80M","-0.54%"
"01/14/2016","17,240.95","17,384.93","17,393.83","16,944.41","178.30M","-2.68%"
"01/13/2016","17,715.63","17,449.12","17,717.75","17,414.55","145.90M","2.88%"
"01/12/2016","17,218.96","17,470.93","17,546.57","17,184.78","178.40M","-2.71%"
"01/08/2016","17,697.96","17,562.23","17,975.31","17,509.64","184.30M","-0.39%"
"01/07/2016","17,767.34","18,139.77","18,172.04","17,767.34","168.00M","-2.33%"
"01/06/2016","18,191.32","18,410.57","18,469.38","18,064.30","142.20M","-0.99%"
"01/05/2016","18,374.00","18,398.76","18,547.38","18,327.52","132.30M","-0.42%"
"01/04/2016","18,450.98","18,818.58","18,951.12","18,394.43","140.20M","-3.06%"
"12/30/2015","19,033.71","19,070.83","19,113.18","19,017.27","100.50M","0.27%"
"12/29/2015","18,982.23","18,843.39","18,991.01","18,783.36","96.90M","0.58%"
"12/28/2015","18,873.35","18,838.91","18,922.90","18,764.54","102.30M","0.56%"
"12/25/2015","18,769.06","18,823.91","18,870.70","18,744.44","122.60M","-0.11%"
"12/24/2015","18,789.69","19,071.41","19,071.41","18,780.94","129.50M","-0.51%"
"12/22/2015","18,886.70","18,927.86","18,943.46","18,824.65","135.70M","-0.16%"
"12/21/2015","18,916.02","18,845.50","18,979.83","18,651.13","154.80M","-0.37%"
"12/18/2015","18,986.80","19,320.46","19,869.08","18,982.25","199.20M","-1.90%"
"12/17/2015","19,353.56","19,364.57","19,507.17","19,325.15","152.70M","1.59%"
"12/16/2015","19,049.91","18,868.20","19,054.89","18,859.11","143.90M","2.61%"
"12/15/2015","18,565.90","18,869.04","18,897.87","18,562.51","137.80M","-1.68%"
"12/14/2015","18,883.42","18,887.09","18,911.78","18,611.09","134.30M","-1.80%"
"12/11/2015","19,230.48","19,020.75","19,282.21","19,020.75","165.80M","0.97%"
"12/10/2015","19,046.55","19,070.02","19,125.06","19,025.78","116.10M","-1.32%"
"12/09/2015","19,301.07","19,391.50","19,475.40","19,260.12","130.30M","-0.98%"
"12/08/2015","19,492.60","19,689.87","19,764.21","19,475.28","124.10M","-1.04%"
"12/07/2015","19,698.15","19,710.39","19,811.51","19,677.21","103.30M","0.99%"
"12/04/2015","19,504.48","19,616.52","19,660.90","19,444.54","134.10M","-2.18%"
"12/03/2015","19,939.90","19,894.63","19,967.88","19,862.74","116.20M","0.01%"
"12/02/2015","19,938.13","19,957.50","20,002.12","19,926.22","115.90M","-0.37%"
"12/01/2015","20,012.40","19,799.08","20,012.40","19,797.55","133.10M","1.34%"
"11/30/2015","19,747.47","19,857.38","19,867.95","19,707.67","161.20M","-0.69%"
"11/27/2015","19,883.94","19,994.05","19,994.05","19,831.25","114.60M","-0.30%"
"11/26/2015","19,944.41","19,929.97","19,992.44","19,926.10","117.30M","0.49%"
"11/25/2015","19,847.58","19,856.84","19,871.75","19,786.53","133.20M","-0.39%"
"11/24/2015","19,924.89","19,875.99","19,954.00","19,834.76","133.90M","0.23%"
"11/20/2015","19,879.81","19,800.20","19,879.81","19,715.74","109.70M","0.10%"
"11/19/2015","19,859.81","19,851.24","19,959.06","19,761.56","139.60M","1.07%"
"11/18/2015","19,649.18","19,771.86","19,840.00","19,643.97","126.70M","0.09%"
"11/17/2015","19,630.63","19,641.67","19,726.01","19,628.84","145.40M","1.22%"
"11/16/2015","19,393.69","19,263.96","19,451.09","19,252.04","111.50M","-1.04%"
"11/13/2015","19,596.91","19,495.26","19,601.49","19,388.91","139.10M","-0.51%"
"11/12/2015","19,697.77","19,644.65","19,725.83","19,597.99","123.50M","0.03%"
"11/11/2015","19,691.39","19,602.01","19,724.12","19,602.01","131.30M","0.10%"
"11/10/2015","19,671.26","19,457.05","19,674.05","19,457.05","131.20M","0.15%"
"11/09/2015","19,642.74","19,411.51","19,684.41","19,389.74","168.80M","1.96%"
"11/06/2015","19,265.60","19,194.34","19,294.15","19,164.86","121.30M","0.78%"
"11/05/2015","19,116.41","19,029.44","19,167.09","18,995.96","145.90M","1.00%"
"11/04/2015","18,926.91","18,941.32","19,151.89","18,926.91","157.00M","1.30%"
"11/02/2015","18,683.24","18,827.11","18,861.11","18,641.22","148.30M","-2.10%"
"10/30/2015","19,083.10","18,924.31","19,202.34","18,784.69","182.00M","0.78%"
"10/29/2015","18,935.71","19,046.16","19,080.89","18,809.48","178.20M","0.17%"
"10/28/2015","18,903.02","18,826.94","18,925.51","18,815.12","110.20M","0.67%"
"10/27/2015","18,777.04","18,961.16","18,964.99","18,760.79","123.30M","-0.90%"
"10/26/2015","18,947.12","19,036.13","19,088.76","18,937.45","121.80M","0.65%"
"10/23/2015","18,825.30","18,762.65","18,915.64","18,746.61","147.50M","2.11%"
"10/22/2015","18,435.87","18,443.69","18,579.14","18,376.01","123.90M","-0.64%"
"10/21/2015","18,554.28","18,167.64","18,605.41","18,167.64","142.90M","1.91%"
"10/20/2015","18,207.15","18,245.54","18,253.13","18,147.98","118.80M","0.42%"
"10/19/2015","18,131.23","18,282.78","18,314.09","18,078.43","121.30M","-0.88%"
"10/16/2015","18,291.80","18,300.83","18,397.52","18,238.78","129.60M","1.08%"
"10/15/2015","18,096.90","17,804.91","18,170.67","17,758.12","131.70M","1.15%"
"10/14/2015","17,891.00","18,106.66","18,126.39","17,831.53","145.00M","-1.89%"
"10/13/2015","18,234.74","18,335.15","18,359.71","18,223.80","144.30M","-1.11%"
"10/09/2015","18,438.67","18,281.51","18,438.67","18,184.96","185.00M","1.64%"
"10/08/2015","18,141.17","18,310.62","18,400.69","18,121.68","158.30M","-0.99%"
"10/07/2015","18,322.98","18,168.20","18,379.23","18,043.08","160.80M","0.75%"
"10/06/2015","18,186.10","18,302.41","18,372.72","18,094.85","147.60M","1.00%"
"10/05/2015","18,005.49","17,921.00","18,079.46","17,869.74","120.90M","1.58%"
"10/02/2015","17,725.13","17,564.39","17,775.77","17,537.85","125.30M","0.02%"
"10/01/2015","17,722.42","17,479.97","17,831.58","17,389.57","161.20M","1.92%"
"09/30/2015","17,388.15","17,193.84","17,460.97","17,179.40","156.50M","2.70%"
"09/29/2015","16,930.84","17,359.38","17,366.95","16,901.49","206.30M","-4.05%"
"09/28/2015","17,645.11","17,811.12","17,886.49","17,562.60","130.80M","-1.32%"
"09/25/2015","17,880.51","17,618.30","17,880.51","17,483.69","184.80M","1.76%"
"09/24/2015","17,571.83","17,803.41","17,865.84","17,571.83","167.90M","-2.76%"
"09/18/2015","18,070.21","18,275.48","18,295.90","18,069.50","172.00M","-1.96%"
"09/17/2015","18,432.27","18,361.99","18,468.20","18,289.63","130.90M","1.43%"
"09/16/2015","18,171.60","18,238.15","18,291.97","18,094.99","126.00M","0.81%"
"09/15/2015","18,026.48","18,082.72","18,329.57","17,995.98","146.40M","0.34%"
"09/14/2015","17,965.70","18,341.01","18,344.07","17,925.09","126.50M","-1.63%"
"09/11/2015","18,264.22","18,155.71","18,362.99","18,124.35","201.50M","-0.19%"
"09/10/2015","18,299.62","18,418.64","18,420.56","17,956.15","172.70M","-2.51%"
"09/09/2015","18,770.51","17,758.13","18,770.51","17,756.76","201.70M","7.71%"
"09/08/2015","17,427.08","17,941.91","17,962.56","17,415.61","154.90M","-2.43%"
"09/07/2015","17,860.47","17,674.82","18,013.64","17,478.72","164.60M","0.38%"
"09/04/2015","17,792.16","18,312.13","18,312.13","17,608.17","171.10M","-2.15%"
"09/03/2015","18,182.39","18,359.53","18,481.57","18,176.75","143.00M","0.48%"
"09/02/2015","18,095.40","17,861.81","18,467.44","17,857.30","197.90M","-0.39%"
"09/01/2015","18,165.69","18,763.72","18,777.47","18,165.69","176.80M","-3.84%"
"08/31/2015","18,890.48","19,006.98","19,019.61","18,749.77","167.60M","-1.28%"
"08/28/2015","19,136.32","18,908.73","19,192.82","18,901.09","205.20M","3.03%"
"08/27/2015","18,574.44","18,680.47","18,810.05","18,486.46","192.10M","1.08%"
"08/26/2015","18,376.83","17,894.29","18,442.84","17,714.30","246.80M","3.20%"
"08/25/2015","17,806.70","18,171.66","18,835.35","17,747.50","335.60M","-3.96%"
"08/24/2015","18,540.68","19,075.05","19,154.65","18,498.80","274.40M","-4.61%"
"08/21/2015","19,435.83","19,711.34","19,737.54","19,435.83","189.90M","-2.98%"
"08/20/2015","20,033.52","20,194.26","20,246.47","20,033.29","147.90M","-0.94%"
"08/19/2015","20,222.63","20,467.49","20,521.97","20,218.03","141.10M","-1.61%"
"08/18/2015","20,554.47","20,640.59","20,663.18","20,545.25","113.10M","-0.32%"
"08/17/2015","20,620.26","20,600.16","20,668.87","20,541.00","106.60M","0.49%"
"08/14/2015","20,519.45","20,518.36","20,605.46","20,484.67","139.40M","-0.37%"
"08/13/2015","20,595.55","20,392.54","20,633.91","20,306.98","167.40M","0.99%"
"08/12/2015","20,392.77","20,632.68","20,703.20","20,303.02","170.30M","-1.58%"
"08/11/2015","20,720.75","20,920.60","20,946.93","20,582.01","159.20M","-0.42%"
"08/10/2015","20,808.69","20,618.31","20,820.86","20,617.05","138.70M","0.41%"
"08/07/2015","20,724.56","20,601.57","20,754.00","20,567.51","147.00M","0.29%"
"08/06/2015","20,664.44","20,768.77","20,817.48","20,664.44","167.00M","0.24%"
"08/05/2015","20,614.06","20,490.15","20,715.48","20,469.87","173.50M","0.46%"
"08/04/2015","20,520.36","20,462.18","20,552.04","20,448.49","166.70M","-0.14%"
"08/03/2015","20,548.11","20,540.21","20,562.20","20,396.50","173.60M","-0.18%"
"07/31/2015","20,585.24","20,506.55","20,585.24","20,466.80","175.40M","0.30%"
"07/30/2015","20,522.83","20,450.61","20,583.57","20,443.89","181.40M","1.08%"
"07/29/2015","20,302.91","20,425.69","20,425.69","20,205.21","132.80M","-0.13%"
"07/28/2015","20,328.89","20,188.57","20,423.58","20,070.62","149.80M","-0.10%"
"07/27/2015","20,350.10","20,374.05","20,486.93","20,278.73","122.60M","-0.95%"
"07/24/2015","20,544.53","20,603.63","20,631.54","20,527.78","110.70M","-0.67%"
"07/23/2015","20,683.95","20,693.57","20,708.23","20,648.76","119.10M","0.44%"
"07/22/2015","20,593.67","20,657.80","20,677.84","20,576.19","145.40M","-1.19%"
"07/21/2015","20,841.97","20,763.31","20,850.00","20,710.34","134.50M","0.93%"
"07/17/2015","20,650.92","20,646.63","20,658.95","20,611.22","118.10M","0.25%"
"07/16/2015","20,600.12","20,588.98","20,612.50","20,522.25","136.80M","0.67%"
"07/15/2015","20,463.33","20,478.85","20,496.60","20,401.09","127.10M","0.38%"
"07/14/2015","20,385.33","20,355.33","20,435.53","20,322.20","161.80M","1.47%"
"07/13/2015","20,089.77","19,929.92","20,120.15","19,911.39","139.00M","1.57%"
"07/10/2015","19,779.83","19,829.93","19,978.24","19,720.15","193.00M","-0.38%"
"07/09/2015","19,855.50","19,422.78","19,855.50","19,115.20","252.90M","0.60%"
"07/08/2015","19,737.64","20,282.49","20,310.89","19,737.64","207.60M","-3.14%"
"07/07/2015","20,376.59","20,354.23","20,428.00","20,337.18","139.30M","1.31%"
"07/06/2015","20,112.12","20,200.15","20,310.72","20,012.23","163.70M","-2.08%"
"07/03/2015","20,539.79","20,476.69","20,557.51","20,431.25","145.80M","0.08%"
"07/02/2015","20,522.50","20,565.94","20,601.73","20,479.85","137.80M","0.95%"
"07/01/2015","20,329.32","20,291.05","20,346.74","20,225.27","123.60M","0.46%"
"06/30/2015","20,235.73","20,174.61","20,243.18","20,118.26","168.10M","0.63%"
"06/29/2015","20,109.95","20,305.97","20,361.60","20,093.16","165.30M","-2.88%"
"06/26/2015","20,706.15","20,758.43","20,785.76","20,650.00","140.10M","-0.31%"
"06/25/2015","20,771.40","20,777.69","20,866.58","20,758.60","128.30M","-0.46%"
"06/24/2015","20,868.03","20,889.32","20,952.71","20,838.22","166.70M","0.28%"
"06/23/2015","20,809.42","20,547.74","20,809.42","20,531.13","183.30M","1.87%"
"06/22/2015","20,428.19","20,174.14","20,433.30","20,174.14","140.50M","1.26%"
"06/19/2015","20,174.24","20,152.41","20,194.45","20,075.91","160.90M","0.92%"
"06/18/2015","19,990.82","20,193.59","20,200.51","19,990.55","134.50M","-1.13%"
"06/17/2015","20,219.27","20,306.10","20,323.08","20,126.57","124.20M","-0.19%"
"06/16/2015","20,257.94","20,332.83","20,368.21","20,234.16","133.00M","-0.64%"
"06/15/2015","20,387.79","20,205.10","20,401.48","20,205.10","115.70M","-0.09%"
"06/12/2015","20,407.08","20,431.78","20,437.26","20,331.19","189.90M","0.12%"
"06/11/2015","20,382.97","20,183.61","20,382.97","20,178.04","150.40M","1.68%"
"06/10/2015","20,046.36","20,126.36","20,264.92","20,016.32","183.20M","-0.25%"
"06/09/2015","20,096.30","20,293.05","20,332.42","20,095.48","160.70M","-1.76%"
"06/08/2015","20,457.19","20,537.85","20,544.94","20,359.06","139.80M","-0.02%"
"06/05/2015","20,460.90","20,398.76","20,480.25","20,363.18","165.80M","-0.13%"
"06/04/2015","20,488.19","20,539.94","20,552.46","20,438.21","171.70M","0.07%"
"06/03/2015","20,473.51","20,443.15","20,506.35","20,397.73","163.60M","-0.34%"
"06/02/2015","20,543.19","20,604.67","20,619.61","20,470.26","200.40M","-0.13%"
"06/01/2015","20,569.87","20,444.54","20,595.41","20,410.27","173.40M","0.03%"
"05/29/2015","20,563.15","20,510.27","20,636.41","20,508.40","241.10M","0.06%"
"05/28/2015","20,551.46","20,590.28","20,655.33","20,473.27","241.50M","0.39%"
"05/27/2015","20,472.58","20,380.64","20,513.22","20,363.21","184.70M","0.17%"
"05/26/2015","20,437.48","20,431.27","20,473.85","20,378.77","130.80M","0.12%"
"05/25/2015","20,413.77","20,331.92","20,417.77","20,318.54","139.80M","0.74%"
"05/22/2015","20,264.41","20,208.85","20,278.31","20,130.84","141.50M","0.30%"
"05/21/2015","20,202.87","20,215.46","20,320.90","20,175.78","181.80M","0.03%"
"05/20/2015","20,196.56","20,175.59","20,278.89","20,148.51","176.40M","0.85%"
"05/19/2015","20,026.38","19,977.14","20,087.70","19,946.75","184.10M","0.68%"
"05/18/2015","19,890.27","19,766.16","19,890.27","19,741.22","206.80M","0.80%"
"05/15/2015","19,732.92","19,693.17","19,750.76","19,633.75","178.40M","0.83%"
"05/14/2015","19,570.24","19,661.52","19,717.80","19,546.82","171.70M","-0.98%"
"05/13/2015","19,764.72","19,568.76","19,791.88","19,494.70","193.60M","0.71%"
"05/12/2015","19,624.84","19,608.23","19,626.75","19,467.65","203.50M","0.02%"
"05/11/2015","19,620.91","19,637.58","19,679.63","19,586.81","214.40M","1.25%"
"05/08/2015","19,379.19","19,315.63","19,458.75","19,302.71","181.60M","0.45%"
"05/07/2015","19,291.99","19,356.46","19,461.08","19,257.85","165.70M","-1.23%"
"05/01/2015","19,531.63","19,510.85","19,549.39","19,399.16","154.10M","0.06%"
"04/30/2015","19,520.01","19,847.50","19,852.66","19,502.61","189.10M","-2.69%"
"04/28/2015","20,058.95","20,068.65","20,133.78","20,031.71","138.70M","0.38%"
"04/27/2015","19,983.32","20,063.80","20,069.24","19,909.86","123.50M","-0.18%"
"04/24/2015","20,020.04","20,142.47","20,142.47","20,013.74","139.70M","-0.83%"
"04/23/2015","20,187.65","20,227.28","20,252.12","20,116.19","200.90M","0.27%"
"04/22/2015","20,133.90","19,999.84","20,144.66","19,983.00","204.40M","1.13%"
"04/21/2015","19,909.09","19,731.57","19,909.09","19,678.22","161.60M","1.40%"
"04/20/2015","19,634.49","19,501.00","19,725.86","19,474.23","144.10M","-0.09%"
"04/17/2015","19,652.88","19,810.40","19,815.25","19,638.37","188.20M","-1.17%"
"04/16/2015","19,885.77","19,862.48","19,894.35","19,742.12","174.30M","0.08%"
"04/15/2015","19,869.76","19,838.53","19,913.42","19,823.86","121.60M","-0.20%"
"04/14/2015","19,908.68","19,828.65","19,922.50","19,828.65","111.60M","0.02%"
"04/13/2015","19,905.46","19,967.38","19,975.66","19,825.69","107.00M","-0.01%"
"04/10/2015","19,907.63","19,989.55","20,006.00","19,845.31","136.20M","-0.15%"
"04/09/2015","19,937.72","19,851.12","19,957.32","19,822.49","120.00M","0.75%"
"04/08/2015","19,789.81","19,729.70","19,845.53","19,693.63","140.70M","0.76%"
"04/07/2015","19,640.54","19,539.03","19,667.48","19,501.31","137.00M","1.25%"
"04/06/2015","19,397.98","19,295.03","19,424.09","19,241.29","96.60M","-0.19%"
"04/03/2015","19,435.08","19,289.04","19,435.08","19,289.04","104.70M","0.63%"
"04/02/2015","19,312.79","19,141.93","19,433.89","19,115.14","147.10M","1.46%"
"04/01/2015","19,034.84","19,129.75","19,195.23","18,927.95","160.40M","-0.90%"
"03/31/2015","19,206.99","19,592.43","19,607.25","19,206.99","151.60M","-1.05%"
"03/30/2015","19,411.40","19,295.21","19,474.07","19,227.29","136.30M","0.65%"
"03/27/2015","19,285.63","19,374.72","19,590.03","19,099.87","178.30M","-0.95%"
"03/26/2015","19,471.12","19,605.60","19,623.11","19,397.01","154.80M","-1.39%"
"03/25/2015","19,746.20","19,745.75","19,775.45","19,542.22","145.00M","0.17%"
"03/24/2015","19,713.45","19,718.99","19,770.64","19,646.35","141.90M","-0.21%"
"03/23/2015","19,754.36","19,607.98","19,778.60","19,584.73","124.40M","0.99%"
"03/20/2015","19,560.22","19,479.71","19,565.44","19,416.63","137.50M","0.43%"
"03/19/2015","19,476.56","19,514.64","19,557.17","19,312.70","151.10M","-0.35%"
"03/18/2015","19,544.48","19,407.76","19,555.72","19,389.24","134.40M","0.55%"
"03/17/2015","19,437.00","19,425.89","19,479.89","19,373.39","131.80M","0.99%"
"03/16/2015","19,246.06","19,245.38","19,349.20","19,226.71","129.00M","-0.04%"
"03/13/2015","19,254.25","19,119.58","19,335.80","19,042.25","227.80M","1.39%"
"03/12/2015","18,991.11","18,787.10","19,008.13","18,774.42","149.70M","1.43%"
"03/11/2015","18,723.52","18,604.87","18,836.93","18,583.52","130.00M","0.31%"
"03/10/2015","18,665.11","18,891.01","18,924.38","18,577.06","148.30M","-0.67%"
"03/09/2015","18,790.55","18,872.96","18,878.15","18,733.87","118.00M","-0.95%"
"03/06/2015","18,971.00","18,814.85","18,979.64","18,808.30","147.10M","1.17%"
"03/05/2015","18,751.84","18,658.16","18,767.50","18,655.36","121.90M","0.26%"
"03/04/2015","18,703.60","18,716.78","18,732.66","18,586.84","143.30M","-0.59%"
"03/03/2015","18,815.16","18,910.52","18,910.52","18,730.57","154.80M","-0.06%"
"03/02/2015","18,826.88","18,869.40","18,939.17","18,775.23","134.80M","0.15%"
"02/27/2015","18,797.94","18,844.28","18,865.39","18,714.64","174.70M","0.06%"
"02/26/2015","18,785.79","18,587.87","18,790.83","18,587.13","155.50M","1.08%"
"02/25/2015","18,585.20","18,636.34","18,648.77","18,552.81","139.10M","-0.10%"
"02/24/2015","18,603.48","18,468.39","18,603.48","18,427.98","145.20M","0.74%"
"02/23/2015","18,466.92","18,499.58","18,509.08","18,402.02","157.50M","0.73%"
"02/20/2015","18,332.30","18,336.50","18,360.92","18,297.67","146.30M","0.37%"
"02/19/2015","18,264.79","18,237.35","18,322.50","18,237.35","174.10M","0.36%"
"02/18/2015","18,199.17","18,103.98","18,202.61","18,092.32","171.60M","1.18%"
"02/17/2015","17,987.09","17,949.70","18,009.45","17,901.26","142.10M","-0.10%"
"02/16/2015","18,004.77","18,024.01","18,074.26","17,978.90","152.60M","0.51%"
"02/13/2015","17,913.36","17,892.10","17,962.11","17,864.55","162.00M","-0.37%"
"02/12/2015","17,979.72","17,899.40","18,005.45","17,884.34","181.20M","1.85%"
"02/10/2015","17,652.68","17,662.67","17,673.27","17,550.03","123.90M","-0.33%"
"02/09/2015","17,711.93","17,790.31","17,799.49","17,653.61","129.50M","0.36%"
"02/06/2015","17,648.50","17,696.18","17,700.67","17,603.07","142.50M","0.82%"
"02/05/2015","17,504.62","17,589.21","17,619.34","17,484.67","185.00M","-0.98%"
"02/04/2015","17,678.74","17,549.30","17,743.11","17,535.04","187.00M","1.98%"
"02/03/2015","17,335.85","17,654.60","17,654.60","17,271.87","169.60M","-1.27%"
"02/02/2015","17,558.04","17,536.61","17,628.40","17,459.45","136.00M","-0.66%"
"01/30/2015","17,674.39","17,788.74","17,808.47","17,661.10","173.50M","0.39%"
"01/29/2015","17,606.22","17,666.91","17,778.83","17,575.10","140.00M","-1.06%"
"01/28/2015","17,795.73","17,615.93","17,850.59","17,615.93","141.90M","0.15%"
"01/27/2015","17,768.30","17,649.40","17,768.41","17,633.47","139.70M","1.72%"
"01/26/2015","17,468.52","17,285.71","17,471.94","17,285.71","111.60M","-0.25%"
"01/23/2015","17,511.75","17,520.63","17,532.06","17,460.76","132.50M","1.05%"
"01/22/2015","17,329.02","17,306.64","17,355.74","17,229.21","121.90M","0.28%"
"01/21/2015","17,280.48","17,308.72","17,329.03","17,181.55","136.00M","-0.49%"
"01/20/2015","17,366.30","17,071.65","17,366.30","17,066.77","133.00M","2.07%"
"01/19/2015","17,014.29","17,000.78","17,039.80","16,911.58","128.00M","0.89%"
"01/16/2015","16,864.16","16,812.96","16,864.34","16,592.57","171.10M","-1.43%"
"01/15/2015","17,108.70","16,872.95","17,141.98","16,856.22","147.70M","1.86%"
"01/14/2015","16,795.96","16,961.82","17,036.72","16,770.56","148.50M","-1.71%"
"01/13/2015","17,087.71","16,970.88","17,087.71","16,828.27","149.20M","-0.64%"
"01/09/2015","17,197.73","17,318.74","17,342.65","17,129.53","155.20M","0.18%"
"01/08/2015","17,167.10","17,067.40","17,243.71","17,016.09","140.60M","1.67%"
"01/07/2015","16,885.33","16,808.26","16,974.61","16,808.26","138.60M","0.01%"
"01/06/2015","16,883.19","17,101.58","17,111.36","16,881.73","166.00M","-3.02%"
"01/05/2015","17,408.71","17,325.68","17,540.92","17,219.22","116.50M","-0.24%"
"12/30/2014","17,450.77","17,702.12","17,713.76","17,450.77","98.30M","-1.57%"
"12/29/2014","17,729.84","17,914.55","17,914.55","17,525.66","115.20M","-0.50%"
"12/26/2014","17,818.96","17,778.91","17,843.73","17,769.01","86.50M","0.06%"
"12/25/2014","17,808.75","17,804.84","17,832.47","17,773.59","86.40M","-0.25%"
"12/24/2014","17,854.23","17,842.04","17,875.41","17,800.42","126.40M","1.24%"
"12/22/2014","17,635.14","17,685.53","17,692.58","17,572.62","128.50M","0.08%"
"12/19/2014","17,621.40","17,511.01","17,621.40","17,471.60","175.80M","2.39%"
"12/18/2014","17,210.05","17,142.95","17,274.23","17,136.41","186.30M","2.32%"
"12/17/2014","16,819.73","16,689.34","16,891.02","16,672.94","161.30M","0.38%"
"12/16/2014","16,755.32","16,862.42","16,895.39","16,714.83","160.30M","-2.01%"
"12/15/2014","17,099.40","17,111.49","17,258.32","17,037.21","146.40M","-1.57%"
"12/12/2014","17,371.58","17,317.69","17,526.19","17,298.19","214.50M","0.66%"
"12/11/2014","17,257.40","17,180.49","17,289.73","17,043.63","151.40M","-0.89%"
"12/10/2014","17,412.58","17,623.35","17,658.14","17,308.82","169.60M","-2.25%"
"12/09/2014","17,813.38","17,820.24","17,892.16","17,773.30","140.40M","-0.68%"
"12/08/2014","17,935.64","18,004.66","18,030.83","17,869.74","134.70M","0.08%"
"12/05/2014","17,920.45","17,821.85","17,922.29","17,759.36","128.90M","0.19%"
"12/04/2014","17,887.21","17,881.91","17,912.59","17,813.01","142.20M","0.94%"
"12/03/2014","17,720.43","17,772.15","17,881.76","17,696.36","158.70M","0.32%"
"12/02/2014","17,663.22","17,481.06","17,687.70","17,476.42","125.20M","0.42%"
"12/01/2014","17,590.10","17,475.10","17,649.02","17,474.27","125.90M","0.75%"
"11/28/2014","17,459.85","17,340.16","17,471.90","17,330.84","149.10M","1.23%"
"11/27/2014","17,248.50","17,310.49","17,346.85","17,212.48","129.10M","-0.78%"
"11/26/2014","17,383.58","17,347.97","17,432.57","17,335.99","136.50M","-0.14%"
"11/25/2014","17,407.62","17,490.39","17,490.39","17,372.71","170.60M","0.29%"
"11/21/2014","17,357.51","17,285.72","17,381.59","17,108.20","156.30M","0.33%"
"11/20/2014","17,300.86","17,407.69","17,407.69","17,270.70","144.00M","0.07%"
"11/19/2014","17,288.75","17,384.31","17,472.57","17,280.76","170.10M","-0.32%"
"11/18/2014","17,344.06","17,188.84","17,356.76","17,186.50","158.10M","2.18%"
"11/17/2014","16,973.80","17,381.38","17,409.32","16,907.43","192.80M","-2.96%"
"11/14/2014","17,490.83","17,520.54","17,520.54","17,300.19","196.00M","0.56%"
"11/13/2014","17,392.79","17,192.00","17,400.77","17,099.95","159.80M","1.14%"
"11/12/2014","17,197.05","17,253.12","17,443.74","17,170.00","193.30M","0.43%"
"11/11/2014","17,124.11","16,869.49","17,160.12","16,855.30","154.00M","2.05%"
"11/10/2014","16,780.53","16,758.27","16,818.05","16,713.37","125.60M","-0.59%"
"11/07/2014","16,880.38","16,934.04","16,938.20","16,824.08","153.30M","0.52%"
"11/06/2014","16,792.48","16,993.46","17,045.94","16,725.45","199.00M","-0.86%"
"11/05/2014","16,937.32","16,785.44","16,995.02","16,778.28","232.20M","0.44%"
"11/04/2014","16,862.47","16,732.85","17,127.66","16,720.99","335.60M","2.73%"
"10/31/2014","16,413.76","15,817.14","16,533.91","15,817.14","268.50M","4.83%"
"10/30/2014","15,658.20","15,596.50","15,701.04","15,584.83","184.10M","0.67%"
"10/29/2014","15,553.91","15,442.39","15,595.29","15,394.79","148.80M","1.46%"
"10/28/2014","15,329.91","15,363.28","15,374.46","15,263.36","122.30M","-0.38%"
"10/27/2014","15,388.72","15,404.28","15,424.05","15,333.71","121.00M","0.63%"
"10/24/2014","15,291.64","15,354.35","15,377.05","15,232.00","121.80M","1.01%"
"10/23/2014","15,138.96","15,093.78","15,232.51","15,059.64","119.60M","-0.37%"
"10/22/2014","15,195.77","15,038.19","15,195.78","15,001.43","137.40M","2.64%"
"10/21/2014","14,804.28","15,115.29","15,115.29","14,761.84","143.00M","-2.03%"
"10/20/2014","15,111.23","14,822.84","15,111.23","14,819.69","162.00M","3.98%"
"10/17/2014","14,532.51","14,796.32","14,830.67","14,529.03","178.60M","-1.40%"
"10/16/2014","14,738.38","14,805.16","14,807.08","14,672.55","198.90M","-2.22%"
"10/15/2014","15,073.52","15,009.75","15,084.61","14,916.65","152.60M","0.92%"
"10/14/2014","14,936.51","15,036.87","15,089.90","14,919.71","186.20M","-2.38%"
"10/10/2014","15,300.55","15,292.88","15,345.78","15,221.83","186.10M","-1.15%"
"10/09/2014","15,478.93","15,681.53","15,732.32","15,461.09","141.00M","-0.75%"
"10/08/2014","15,595.98","15,574.60","15,643.63","15,520.81","150.20M","-1.19%"
"10/07/2014","15,783.83","15,841.17","15,913.52","15,755.57","134.80M","-0.67%"
"10/06/2014","15,890.95","15,882.28","15,970.65","15,808.22","127.60M","1.16%"
"10/03/2014","15,708.65","15,616.48","15,708.65","15,559.07","139.70M","0.30%"
"10/02/2014","15,661.99","15,895.20","15,922.51","15,646.40","175.40M","-2.61%"
"10/01/2014","16,082.25","16,173.39","16,225.96","16,081.01","137.10M","-0.56%"
"09/30/2014","16,173.52","16,252.72","16,252.72","16,058.72","152.50M","-0.84%"
"09/29/2014","16,310.64","16,339.03","16,344.32","16,262.00","107.90M","0.50%"
"09/26/2014","16,229.86","16,087.95","16,251.67","16,087.95","127.40M","-0.88%"
"09/25/2014","16,374.14","16,327.19","16,374.14","16,303.91","148.70M","1.28%"
"09/24/2014","16,167.45","16,105.56","16,203.94","16,094.59","133.30M","-0.24%"
"09/22/2014","16,205.90","16,281.36","16,299.13","16,170.11","129.10M","-0.71%"
"09/19/2014","16,321.17","16,177.94","16,364.08","16,170.86","171.30M","1.58%"
"09/18/2014","16,067.57","16,036.47","16,106.11","16,003.46","143.10M","1.13%"
"09/17/2014","15,888.67","15,948.15","15,969.41","15,888.67","114.70M","-0.14%"
"09/16/2014","15,911.53","15,896.06","15,938.31","15,871.12","121.30M","-0.23%"
"09/12/2014","15,948.29","15,885.04","15,984.90","15,885.04","183.40M","0.25%"
"09/11/2014","15,909.20","15,880.91","15,925.51","15,854.30","130.30M","0.76%"
"09/10/2014","15,788.78","15,688.55","15,795.60","15,664.79","109.70M","0.25%"
"09/09/2014","15,749.15","15,795.82","15,795.82","15,736.13","106.10M","0.28%"
"09/08/2014","15,705.11","15,718.13","15,730.33","15,656.40","95.60M","0.23%"
"09/05/2014","15,668.68","15,792.64","15,792.64","15,641.37","109.60M","-0.05%"
"09/04/2014","15,676.18","15,701.61","15,732.76","15,663.59","110.90M","-0.33%"
"09/03/2014","15,728.35","15,797.79","15,829.38","15,723.54","137.80M","0.38%"
"09/02/2014","15,668.60","15,526.94","15,737.36","15,516.50","122.60M","1.24%"
"09/01/2014","15,476.60","15,454.59","15,478.77","15,440.99","74.80M","0.34%"
"08/29/2014","15,424.59","15,423.88","15,447.81","15,356.00","111.00M","-0.23%"
"08/28/2014","15,459.86","15,482.27","15,487.99","15,423.90","99.30M","-0.48%"
"08/27/2014","15,534.82","15,556.56","15,588.22","15,465.99","102.20M","0.09%"
"08/26/2014","15,521.22","15,609.64","15,613.34","15,519.42","86.40M","-0.59%"
"08/25/2014","15,613.25","15,609.43","15,628.61","15,553.51","81.90M","0.48%"
"08/22/2014","15,539.19","15,618.05","15,628.78","15,524.43","102.30M","-0.30%"
"08/21/2014","15,586.20","15,530.98","15,601.99","15,525.78","117.70M","0.85%"
"08/20/2014","15,454.45","15,485.93","15,492.88","15,433.72","92.70M","0.03%"
"08/19/2014","15,449.79","15,451.94","15,476.05","15,429.11","94.20M","0.83%"
"08/18/2014","15,322.60","15,318.50","15,365.35","15,303.39","77.30M","0.03%"
"08/15/2014","15,318.34","15,317.15","15,328.34","15,276.99","88.70M","0.02%"
"08/14/2014","15,314.57","15,284.38","15,338.85","15,272.90","92.70M","0.66%"
"08/13/2014","15,213.63","15,111.76","15,235.90","15,108.53","96.30M","0.35%"
"08/12/2014","15,161.31","15,164.73","15,235.98","15,125.93","89.30M","0.20%"
"08/11/2014","15,130.52","15,022.64","15,161.54","14,973.71","114.60M","2.38%"
"08/08/2014","14,778.37","15,063.73","15,074.32","14,753.84","177.20M","-2.98%"
"08/07/2014","15,232.37","15,138.72","15,243.06","15,061.99","143.10M","0.48%"
"08/06/2014","15,159.79","15,260.00","15,271.14","15,121.43","135.50M","-1.05%"
"08/05/2014","15,320.31","15,506.87","15,507.32","15,313.84","131.50M","-1.00%"
"08/04/2014","15,474.50","15,474.65","15,535.62","15,440.21","123.60M","-0.31%"
"08/01/2014","15,523.11","15,511.54","15,602.13","15,501.15","143.30M","-0.63%"
"07/31/2014","15,620.77","15,732.78","15,759.66","15,618.85","154.10M","-0.16%"
"07/30/2014","15,646.23","15,616.89","15,666.62","15,594.89","117.50M","0.18%"
"07/29/2014","15,618.07","15,564.79","15,632.70","15,556.02","98.80M","0.57%"
"07/28/2014","15,529.40","15,426.98","15,556.62","15,426.98","115.60M","0.46%"
"07/25/2014","15,457.87","15,342.46","15,457.87","15,341.69","119.90M","1.13%"
"07/24/2014","15,284.42","15,350.28","15,383.11","15,232.14","122.00M","-0.29%"
"07/23/2014","15,328.56","15,367.16","15,376.20","15,317.37","100.10M","-0.10%"
"07/22/2014","15,343.28","15,296.42","15,392.02","15,287.93","115.40M","0.84%"
"07/18/2014","15,215.71","15,174.08","15,220.50","15,110.45","92.20M","-1.01%"
"07/17/2014","15,370.26","15,422.87","15,465.74","15,347.85","102.50M","-0.06%"
"07/16/2014","15,379.30","15,369.66","15,423.96","15,355.00","98.20M","-0.10%"
"07/15/2014","15,395.16","15,354.43","15,441.54","15,346.09","101.00M","0.64%"
"07/14/2014","15,296.82","15,199.18","15,324.95","15,179.49","96.30M","0.88%"
"07/11/2014","15,164.04","15,102.59","15,204.01","15,101.49","123.60M","-0.34%"
"07/10/2014","15,216.47","15,318.30","15,326.78","15,215.43","112.90M","-0.56%"
"07/09/2014","15,302.65","15,194.32","15,302.65","15,185.32","118.30M","-0.08%"
"07/08/2014","15,314.41","15,304.27","15,389.89","15,225.11","117.70M","-0.42%"
"07/07/2014","15,379.44","15,433.49","15,477.77","15,379.44","84.00M","-0.37%"
"07/04/2014","15,437.13","15,490.37","15,490.37","15,420.07","108.80M","0.58%"
"07/03/2014","15,348.29","15,435.34","15,435.34","15,324.32","114.20M","-0.14%"
"07/02/2014","15,369.97","15,406.23","15,444.63","15,354.91","116.80M","0.29%"
"07/01/2014","15,326.20","15,179.64","15,389.08","15,145.87","137.50M","1.08%"
"06/30/2014","15,162.10","15,159.45","15,177.87","15,052.34","102.00M","0.44%"
"06/27/2014","15,095.00","15,290.75","15,293.82","15,027.31","131.00M","-1.39%"
"06/26/2014","15,308.49","15,320.13","15,345.12","15,278.22","105.40M","0.27%"
"06/25/2014","15,266.61","15,297.24","15,347.88","15,265.71","108.40M","-0.71%"
"06/24/2014","15,376.24","15,300.50","15,424.57","15,252.27","122.70M","0.05%"
"06/23/2014","15,369.28","15,419.47","15,442.67","15,335.88","120.00M","0.13%"
"06/20/2014","15,349.42","15,359.60","15,422.06","15,305.43","190.00M","-0.08%"
"06/19/2014","15,361.16","15,140.35","15,375.38","15,138.28","189.90M","1.62%"
"06/18/2014","15,115.80","15,009.89","15,139.99","14,995.45","118.60M","0.93%"
"06/17/2014","14,975.97","14,962.99","15,026.96","14,948.54","107.40M","0.29%"
"06/16/2014","14,933.29","15,049.61","15,056.75","14,867.15","116.00M","-1.09%"
"06/13/2014","15,097.84","14,830.99","15,121.64","14,830.99","172.20M","0.83%"
"06/12/2014","14,973.53","14,942.15","14,992.96","14,862.08","132.40M","-0.64%"
"06/11/2014","15,069.48","15,000.13","15,075.72","14,998.63","99.50M","0.50%"
"06/10/2014","14,994.80","15,130.74","15,184.77","14,966.80","121.30M","-0.85%"
"06/09/2014","15,124.00","15,204.31","15,206.57","15,116.03","107.30M","0.31%"
"06/06/2014","15,077.24","15,138.75","15,144.34","15,042.59","134.80M","-0.01%"
"06/05/2014","15,079.37","15,112.59","15,141.14","15,016.81","127.90M","0.08%"
"06/04/2014","15,067.96","15,067.41","15,071.78","14,985.21","132.00M","0.22%"
"06/03/2014","15,034.25","15,089.04","15,091.49","15,026.01","145.90M","0.66%"
"06/02/2014","14,935.92","14,777.51","14,963.91","14,777.51","130.60M","2.07%"
"05/30/2014","14,632.38","14,707.66","14,741.10","14,591.62","175.30M","-0.34%"
"05/29/2014","14,681.72","14,585.64","14,714.95","14,574.02","122.00M","0.07%"
"05/28/2014","14,670.95","14,646.93","14,717.29","14,608.54","120.10M","0.24%"
"05/27/2014","14,636.52","14,589.79","14,744.16","14,588.68","129.40M","0.23%"
"05/26/2014","14,602.52","14,592.60","14,602.52","14,531.32","106.90M","0.97%"
"05/23/2014","14,462.17","14,411.10","14,528.04","14,404.80","142.40M","0.87%"
"05/22/2014","14,337.79","14,188.28","14,369.02","14,147.55","160.30M","2.11%"
"05/21/2014","14,042.17","13,969.71","14,054.24","13,964.43","121.70M","-0.24%"
"05/20/2014","14,075.25","14,088.45","14,144.04","14,038.06","123.10M","0.49%"
"05/19/2014","14,006.44","14,130.09","14,150.50","13,991.80","114.00M","-0.64%"
"05/16/2014","14,096.59","14,087.76","14,108.44","14,016.49","131.30M","-1.41%"
"05/15/2014","14,298.21","14,280.51","14,306.36","14,190.27","132.60M","-0.75%"
"05/14/2014","14,405.76","14,385.60","14,419.65","14,349.87","112.70M","-0.14%"
"05/13/2014","14,425.44","14,367.94","14,464.01","14,359.74","129.90M","1.95%"
"05/12/2014","14,149.52","14,173.49","14,234.49","14,130.30","109.20M","-0.35%"
"05/09/2014","14,199.59","14,101.98","14,266.29","14,091.20","125.30M","0.25%"
"05/08/2014","14,163.78","14,136.41","14,254.44","14,108.16","123.00M","0.93%"
"05/07/2014","14,033.45","14,296.25","14,299.13","14,033.45","143.20M","-2.93%"
"05/02/2014","14,457.51","14,454.44","14,473.75","14,405.77","108.60M","-0.19%"
"05/01/2014","14,485.13","14,341.09","14,493.03","14,341.09","129.20M","1.27%"
"04/30/2014","14,304.11","14,393.51","14,421.22","14,275.69","125.10M","0.11%"
"04/28/2014","14,288.23","14,289.82","14,324.03","14,224.47","97.40M","-0.98%"
"04/25/2014","14,429.26","14,369.72","14,554.32","14,327.60","115.00M","0.17%"
"04/24/2014","14,404.99","14,563.25","14,563.25","14,367.13","106.30M","-0.97%"
"04/23/2014","14,546.27","14,480.41","14,546.27","14,459.29","103.20M","1.09%"
"04/22/2014","14,388.77","14,586.29","14,604.30","14,388.77","99.30M","-0.85%"
"04/21/2014","14,512.38","14,549.45","14,649.50","14,503.17","95.30M","-0.03%"
"04/18/2014","14,516.27","14,489.37","14,536.67","14,442.74","78.20M","0.68%"
"04/17/2014","14,417.53","14,395.95","14,500.66","14,351.85","127.90M","-0.00%"
"04/16/2014","14,417.68","14,126.87","14,420.30","14,125.59","143.60M","3.01%"
"04/15/2014","13,996.81","14,068.75","14,096.86","13,969.17","120.80M","0.62%"
"04/14/2014","13,910.16","13,887.23","14,008.29","13,885.22","121.00M","-0.36%"
"04/11/2014","13,960.05","14,027.80","14,065.97","13,885.11","174.70M","-2.38%"
"04/10/2014","14,300.12","14,484.54","14,513.14","14,234.45","128.90M","0.00%"
"04/09/2014","14,299.69","14,436.05","14,502.02","14,279.34","162.50M","-2.10%"
"04/08/2014","14,606.88","14,715.80","14,740.10","14,605.31","130.40M","-1.36%"
"04/07/2014","14,808.85","14,880.82","14,895.58","14,764.37","112.80M","-1.69%"
"04/04/2014","15,063.77","15,005.54","15,098.38","15,000.69","97.10M","-0.05%"
"04/03/2014","15,071.88","15,009.18","15,164.39","14,976.36","134.40M","0.84%"
"04/02/2014","14,946.32","14,897.88","15,069.61","14,893.17","162.40M","1.04%"
"04/01/2014","14,791.99","14,870.51","14,870.51","14,751.29","139.20M","-0.24%"
"03/31/2014","14,827.83","14,839.54","14,843.67","14,718.01","141.60M","0.90%"
"03/28/2014","14,696.03","14,576.25","14,713.45","14,520.57","149.30M","0.50%"
"03/27/2014","14,622.89","14,305.67","14,659.85","14,227.81","179.00M","1.01%"
"03/26/2014","14,477.16","14,521.00","14,569.90","14,401.42","166.60M","0.37%"
"03/25/2014","14,423.19","14,401.69","14,531.79","14,312.08","186.00M","-0.36%"
"03/24/2014","14,475.30","14,297.58","14,514.28","14,287.28","196.20M","1.77%"
"03/20/2014","14,224.23","14,548.76","14,548.76","14,207.83","158.70M","-1.65%"
"03/19/2014","14,462.52","14,495.73","14,663.54","14,302.37","153.60M","0.36%"
"03/18/2014","14,411.27","14,491.41","14,533.25","14,399.72","114.00M","0.94%"
"03/17/2014","14,277.67","14,254.32","14,359.16","14,203.21","138.00M","-0.35%"
"03/14/2014","14,327.66","14,526.28","14,539.60","14,280.75","236.10M","-3.30%"
"03/13/2014","14,815.98","14,847.72","14,919.84","14,790.48","116.20M","-0.10%"
"03/12/2014","14,830.39","15,003.80","15,020.14","14,828.18","141.30M","-2.59%"
"03/11/2014","15,224.11","15,179.47","15,256.03","15,124.36","119.10M","0.69%"
"03/10/2014","15,120.14","15,197.53","15,266.12","15,088.11","121.10M","-1.01%"
"03/07/2014","15,274.07","15,280.76","15,312.60","15,145.59","138.50M","0.92%"
"03/06/2014","15,134.75","14,933.76","15,203.12","14,871.56","150.00M","1.59%"
"03/05/2014","14,897.63","14,905.95","14,992.19","14,897.63","134.00M","1.20%"
"03/04/2014","14,721.48","14,553.95","14,750.09","14,546.34","125.60M","0.47%"
"03/03/2014","14,652.23","14,666.93","14,684.70","14,443.10","146.90M","-1.27%"
"02/28/2014","14,841.07","14,929.55","14,943.65","14,735.52","160.50M","-0.55%"
"02/27/2014","14,923.11","14,939.87","15,015.01","14,844.37","160.30M","-0.32%"
"02/26/2014","14,970.97","14,896.49","15,084.53","14,896.49","126.60M","-0.54%"
"02/25/2014","15,051.60","15,002.51","15,094.54","14,957.49","139.50M","1.44%"
"02/24/2014","14,837.68","14,803.64","14,982.53","14,658.14","159.50M","-0.19%"
"02/21/2014","14,865.67","14,618.61","14,888.81","14,618.61","138.70M","2.88%"
"02/20/2014","14,449.18","14,701.14","14,731.48","14,428.73","172.00M","-2.15%"
"02/19/2014","14,766.53","14,729.48","14,805.66","14,679.19","153.90M","-0.52%"
"02/18/2014","14,843.24","14,514.47","14,900.24","14,469.49","206.50M","3.13%"
"02/17/2014","14,393.11","14,343.73","14,427.95","14,214.60","149.00M","0.56%"
"02/14/2014","14,313.03","14,538.20","14,678.71","14,243.17","204.20M","-1.53%"
"02/13/2014","14,534.74","14,785.84","14,787.62","14,488.32","148.40M","-1.79%"
"02/12/2014","14,800.06","14,821.73","14,874.79","14,769.04","165.10M","0.56%"
"02/10/2014","14,718.34","14,647.83","14,725.92","14,568.30","149.80M","1.77%"
"02/07/2014","14,462.41","14,387.11","14,471.95","14,356.59","186.10M","2.17%"
"02/06/2014","14,155.12","14,233.42","14,308.07","14,155.12","192.90M","-0.18%"
"02/05/2014","14,180.38","14,213.10","14,245.06","13,995.86","280.20M","1.23%"
"02/04/2014","14,008.47","14,353.33","14,355.92","14,008.47","294.30M","-4.18%"
"02/03/2014","14,619.13","14,788.56","14,846.93","14,615.05","202.80M","-1.98%"
"01/31/2014","14,914.53","15,132.23","15,143.88","14,764.57","217.40M","-0.62%"
"01/30/2014","15,007.06","15,112.70","15,112.70","14,853.83","221.20M","-2.45%"
"01/29/2014","15,383.91","15,164.34","15,383.91","15,159.92","164.80M","2.70%"
"01/28/2014","14,980.16","15,038.64","15,088.12","14,952.83","183.10M","-0.17%"
"01/27/2014","15,005.73","15,091.45","15,109.68","14,933.55","223.90M","-2.51%"
"01/24/2014","15,391.56","15,473.57","15,485.02","15,288.32","221.00M","-1.94%"
"01/23/2014","15,695.89","15,900.63","15,958.58","15,690.45","206.90M","-0.79%"
"01/22/2014","15,820.96","15,749.01","15,870.53","15,631.41","185.30M","0.16%"
"01/21/2014","15,795.96","15,710.89","15,894.68","15,705.84","154.30M","0.99%"
"01/20/2014","15,641.68","15,724.14","15,727.26","15,574.23","142.20M","-0.59%"
"01/17/2014","15,734.46","15,695.46","15,783.37","15,621.80","180.10M","-0.08%"
"01/16/2014","15,747.20","15,845.15","15,941.08","15,710.14","214.20M","-0.39%"
"01/15/2014","15,808.73","15,649.07","15,808.73","15,636.57","185.80M","2.50%"
"01/14/2014","15,422.40","15,657.20","15,661.71","15,383.69","214.50M","-3.08%"
"01/10/2014","15,912.06","15,785.15","15,922.14","15,754.70","237.50M","0.20%"
"01/09/2014","15,880.33","16,002.88","16,004.56","15,838.44","217.40M","-1.50%"
"01/08/2014","16,121.45","15,943.68","16,121.45","15,906.57","206.70M","1.94%"
"01/07/2014","15,814.37","15,835.41","15,935.37","15,784.25","165.90M","-0.59%"
"01/06/2014","15,908.88","16,147.54","16,164.01","15,864.44","192.70M","-2.35%"
"12/30/2013","16,291.31","16,269.22","16,320.22","16,182.71","182.10M","0.69%"
"12/27/2013","16,178.94","16,229.43","16,232.69","16,056.73","170.60M","0.03%"
"12/26/2013","16,174.44","16,087.07","16,186.04","16,082.28","170.20M","1.03%"
"12/25/2013","16,009.99","15,861.13","16,010.54","15,853.51","147.40M","0.76%"
"12/24/2013","15,889.33","15,955.90","16,029.65","15,849.00","163.00M","0.12%"
"12/20/2013","15,870.42","15,790.69","15,870.42","15,755.36","165.00M","0.07%"
"12/19/2013","15,859.22","15,809.43","15,891.82","15,798.85","190.30M","1.74%"
"12/18/2013","15,587.80","15,273.24","15,588.42","15,268.18","175.20M","2.02%"
"12/17/2013","15,278.63","15,290.22","15,322.13","15,248.42","120.40M","0.83%"
"12/16/2013","15,152.91","15,408.35","15,408.35","15,146.13","139.60M","-1.62%"
"12/13/2013","15,403.11","15,316.89","15,532.94","15,251.45","246.20M","0.40%"
"12/12/2013","15,341.82","15,377.32","15,392.66","15,255.36","132.30M","-1.12%"
"12/11/2013","15,515.06","15,509.93","15,562.30","15,386.11","129.20M","-0.62%"
"12/10/2013","15,611.31","15,633.97","15,633.97","15,562.06","127.20M","-0.25%"
"12/09/2013","15,650.21","15,556.60","15,650.21","15,547.29","136.90M","2.29%"
"12/06/2013","15,299.86","15,112.54","15,327.37","15,112.54","135.30M","0.81%"
"12/05/2013","15,177.49","15,354.53","15,430.20","15,139.12","150.70M","-1.50%"
"12/04/2013","15,407.94","15,520.20","15,579.36","15,326.06","159.00M","-2.17%"
"12/03/2013","15,749.66","15,747.54","15,794.15","15,661.90","167.20M","0.60%"
"12/02/2013","15,655.07","15,659.74","15,703.02","15,579.54","143.20M","-0.04%"
"11/29/2013","15,661.87","15,661.43","15,727.96","15,507.17","158.30M","-0.41%"
"11/28/2013","15,727.12","15,622.19","15,729.09","15,605.73","154.00M","1.80%"
"11/27/2013","15,449.63","15,414.52","15,512.76","15,414.52","144.70M","-0.42%"
"11/26/2013","15,515.24","15,501.95","15,577.97","15,460.97","156.70M","-0.67%"
"11/25/2013","15,619.13","15,504.78","15,619.13","15,469.87","176.40M","1.54%"
"11/22/2013","15,381.72","15,513.45","15,579.39","15,307.44","211.30M","0.10%"
"11/21/2013","15,365.60","15,176.65","15,377.00","15,168.47","168.20M","1.92%"
"11/20/2013","15,076.08","15,176.35","15,209.67","15,069.98","142.50M","-0.33%"
"11/19/2013","15,126.56","15,096.63","15,163.06","15,020.33","130.20M","-0.25%"
"11/18/2013","15,164.30","15,253.24","15,273.61","15,106.82","180.10M","-0.01%"
"11/15/2013","15,165.92","15,034.33","15,203.11","14,994.70","212.60M","1.95%"
"11/14/2013","14,876.41","14,665.75","14,966.43","14,665.75","190.10M","2.12%"
"11/13/2013","14,567.16","14,527.97","14,599.53","14,490.92","170.20M","-0.15%"
"11/12/2013","14,588.68","14,289.87","14,588.68","14,278.21","157.60M","2.23%"
"11/11/2013","14,269.84","14,271.48","14,304.29","14,208.13","113.50M","1.30%"
"11/08/2013","14,086.80","14,026.17","14,122.28","14,026.17","117.80M","-1.00%"
"11/07/2013","14,228.44","14,355.56","14,371.56","14,222.03","111.60M","-0.76%"
"11/06/2013","14,337.31","14,155.34","14,407.69","14,130.86","142.20M","0.79%"
"11/05/2013","14,225.37","14,319.75","14,323.24","14,141.82","167.10M","0.17%"
"11/01/2013","14,201.57","14,403.07","14,411.05","14,126.41","170.80M","-0.88%"
"10/31/2013","14,327.94","14,474.01","14,516.08","14,324.17","158.40M","-1.20%"
"10/30/2013","14,502.35","14,464.67","14,526.88","14,425.58","156.80M","1.23%"
"10/29/2013","14,325.98","14,288.72","14,395.96","14,224.59","135.60M","-0.49%"
"10/28/2013","14,396.04","14,261.65","14,400.32","14,194.42","109.50M","2.19%"
"10/25/2013","14,088.19","14,439.14","14,442.12","14,088.19","139.00M","-2.75%"
"10/24/2013","14,486.41","14,344.74","14,499.52","14,273.71","144.90M","0.42%"
"10/23/2013","14,426.05","14,784.41","14,799.28","14,426.05","153.50M","-1.95%"
"10/22/2013","14,713.25","14,677.08","14,747.77","14,641.78","99.20M","0.13%"
"10/21/2013","14,693.57","14,624.03","14,727.85","14,624.03","99.10M","0.91%"
"10/18/2013","14,561.54","14,589.60","14,610.09","14,503.09","120.10M","-0.17%"
"10/17/2013","14,586.51","14,640.08","14,664.22","14,492.67","135.60M","0.83%"
"10/16/2013","14,467.14","14,433.64","14,493.67","14,417.61","116.20M","0.18%"
"10/15/2013","14,441.54","14,510.27","14,510.37","14,415.76","125.60M","0.26%"
"10/11/2013","14,404.74","14,376.89","14,447.87","14,320.30","169.90M","1.48%"
"10/10/2013","14,194.71","14,097.62","14,200.31","14,077.03","143.20M","1.12%"
"10/09/2013","14,037.84","13,789.89","14,037.84","13,751.85","162.10M","1.03%"
"10/08/2013","13,894.61","13,794.74","13,929.64","13,748.94","163.70M","0.30%"
"10/07/2013","13,853.32","14,057.79","14,073.23","13,841.93","146.10M","-1.22%"
"10/04/2013","14,024.31","14,029.73","14,149.77","13,944.27","145.30M","-0.94%"
"10/03/2013","14,157.25","14,140.11","14,219.89","14,082.31","145.30M","-0.09%"
"10/02/2013","14,170.49","14,492.47","14,569.20","14,114.54","173.50M","-2.17%"
"10/01/2013","14,484.72","14,517.98","14,642.97","14,471.70","153.00M","0.20%"
"09/30/2013","14,455.80","14,530.62","14,619.24","14,425.82","157.30M","-2.06%"
"09/27/2013","14,760.07","14,803.99","14,817.50","14,699.21","162.10M","-0.26%"
"09/26/2013","14,799.12","14,553.06","14,799.12","14,410.52","156.60M","1.22%"
"09/25/2013","14,620.53","14,713.03","14,737.98","14,620.53","151.00M","-0.76%"
"09/24/2013","14,732.61","14,626.04","14,767.72","14,607.27","114.90M","-0.07%"
"09/20/2013","14,742.42","14,801.64","14,816.65","14,702.25","162.50M","-0.16%"
"09/19/2013","14,766.18","14,680.40","14,766.18","14,581.79","174.60M","1.80%"
"09/18/2013","14,505.36","14,411.55","14,625.97","14,396.41","155.90M","1.35%"
"09/17/2013","14,311.67","14,456.99","14,474.53","14,311.67","121.30M","-0.65%"
"09/13/2013","14,404.67","14,316.70","14,439.93","14,233.12","180.70M","0.12%"
"09/12/2013","14,387.27","14,397.90","14,455.37","14,321.57","118.40M","-0.26%"
"09/11/2013","14,425.07","14,511.74","14,561.46","14,422.72","170.00M","0.01%"
"09/10/2013","14,423.36","14,318.72","14,441.81","14,296.78","209.90M","1.54%"
"09/09/2013","14,205.23","14,141.67","14,251.46","14,117.68","173.50M","2.48%"
"09/06/2013","13,860.81","14,088.41","14,099.13","13,834.52","139.90M","-1.45%"
"09/05/2013","14,064.82","14,140.20","14,156.50","13,981.52","146.60M","0.08%"
"09/04/2013","14,053.87","13,875.17","14,056.88","13,843.61","138.40M","0.54%"
"09/03/2013","13,978.44","13,748.68","13,978.44","13,748.68","162.40M","2.99%"
"09/02/2013","13,572.92","13,438.07","13,613.48","13,407.53","112.60M","1.37%"
"08/30/2013","13,388.86","13,573.24","13,615.98","13,335.91","156.70M","-0.53%"
"08/29/2013","13,459.71","13,382.95","13,463.14","13,364.82","121.40M","0.91%"
"08/28/2013","13,338.46","13,285.03","13,392.57","13,188.14","132.80M","-1.51%"
"08/27/2013","13,542.37","13,551.75","13,678.79","13,517.10","116.80M","-0.69%"
"08/26/2013","13,636.28","13,719.56","13,741.49","13,586.84","104.10M","-0.18%"
"08/23/2013","13,660.55","13,583.76","13,774.66","13,575.40","164.20M","2.21%"
"08/22/2013","13,365.17","13,314.05","13,447.33","13,238.73","133.20M","-0.44%"
"08/21/2013","13,424.33","13,431.28","13,499.99","13,250.36","148.30M","0.21%"
"08/20/2013","13,396.38","13,632.96","13,730.09","13,383.18","138.00M","-2.63%"
"08/19/2013","13,758.13","13,669.74","13,758.13","13,589.78","96.90M","0.79%"
"08/16/2013","13,650.11","13,532.61","13,739.52","13,532.61","129.60M","-0.75%"
"08/15/2013","13,752.94","13,845.64","13,981.16","13,711.12","137.80M","-2.12%"
"08/14/2013","14,050.16","13,936.74","14,050.16","13,747.18","152.60M","1.32%"
"08/13/2013","13,867.00","13,696.36","13,867.00","13,689.49","126.10M","2.57%"
"08/12/2013","13,519.43","13,469.70","13,658.86","13,430.64","117.70M","-0.70%"
"08/09/2013","13,615.19","13,673.49","13,754.96","13,527.81","159.10M","0.07%"
"08/08/2013","13,605.56","13,779.47","14,031.14","13,556.65","167.70M","-1.59%"
"08/07/2013","13,824.94","14,155.95","14,164.70","13,824.94","178.50M","-4.00%"
"08/06/2013","14,401.06","14,237.10","14,401.06","14,031.61","154.00M","1.00%"
"08/05/2013","14,258.04","14,318.21","14,370.98","14,225.50","134.10M","-1.44%"
"08/02/2013","14,466.16","14,178.66","14,466.16","14,146.92","193.50M","3.29%"
"08/01/2013","14,005.77","13,674.50","14,005.77","13,645.61","195.70M","2.47%"
"07/31/2013","13,668.32","13,733.55","13,836.03","13,644.21","186.50M","-1.45%"
"07/30/2013","13,869.82","13,634.20","13,909.45","13,613.78","183.40M","1.53%"
"07/29/2013","13,661.13","13,899.27","13,953.85","13,661.13","184.70M","-3.32%"
"07/26/2013","14,129.98","14,339.39","14,376.01","14,114.52","196.10M","-2.97%"
"07/25/2013","14,562.93","14,747.21","14,748.77","14,533.21","158.20M","-1.14%"
"07/24/2013","14,731.28","14,719.64","14,751.87","14,630.68","143.00M","-0.32%"
"07/23/2013","14,778.51","14,555.36","14,820.18","14,549.06","163.10M","0.82%"
"07/22/2013","14,658.04","14,770.02","14,770.02","14,514.29","177.50M","0.47%"
"07/19/2013","14,589.91","14,909.76","14,953.29","14,413.28","269.40M","-1.48%"
"07/18/2013","14,808.50","14,645.25","14,827.73","14,645.25","191.30M","1.32%"
"07/17/2013","14,615.04","14,491.80","14,615.04","14,460.56","247.70M","0.11%"
"07/16/2013","14,599.12","14,594.88","14,638.80","14,550.89","186.10M","0.64%"
"07/12/2013","14,506.25","14,475.17","14,574.17","14,417.30","184.90M","0.23%"
"07/11/2013","14,472.58","14,275.26","14,496.67","14,275.26","167.50M","0.39%"
"07/10/2013","14,416.60","14,464.82","14,555.33","14,287.69","178.20M","-0.39%"
"07/09/2013","14,472.90","14,295.44","14,472.90","14,186.03","197.60M","2.58%"
"07/08/2013","14,109.34","14,491.07","14,497.65","14,109.34","220.50M","-1.40%"
"07/05/2013","14,309.97","14,150.85","14,309.97","14,149.50","179.40M","2.08%"
"07/04/2013","14,018.93","13,970.27","14,093.02","13,962.30","143.60M","-0.26%"
"07/03/2013","14,055.56","14,149.99","14,164.77","13,984.08","200.60M","-0.31%"
"07/02/2013","14,098.74","13,969.15","14,098.74","13,898.54","214.10M","1.78%"
"07/01/2013","13,852.50","13,746.72","13,862.71","13,562.70","172.30M","1.28%"
"06/28/2013","13,677.32","13,383.92","13,724.44","13,354.70","234.40M","3.51%"
"06/27/2013","13,213.55","12,968.72","13,213.55","12,873.50","182.40M","2.96%"
"06/26/2013","12,834.01","13,152.75","13,189.84","12,826.51","173.40M","-1.04%"
"06/25/2013","12,969.34","13,081.62","13,234.89","12,758.22","199.20M","-0.72%"
"06/24/2013","13,062.78","13,417.54","13,426.13","13,026.23","162.50M","-1.26%"
"06/21/2013","13,230.13","12,787.87","13,330.35","12,702.67","241.00M","1.66%"
"06/20/2013","13,014.58","13,101.85","13,190.82","12,966.41","200.70M","-1.74%"
"06/19/2013","13,245.22","13,233.08","13,296.62","13,107.65","201.90M","1.83%"
"06/18/2013","13,007.28","13,015.15","13,139.48","12,919.03","158.70M","-0.20%"
"06/17/2013","13,033.12","12,584.37","13,033.12","12,549.82","171.90M","2.73%"
"06/14/2013","12,686.52","12,668.90","12,900.65","12,629.31","278.20M","1.94%"
"06/13/2013","12,445.38","13,038.02","13,050.11","12,415.85","240.90M","-6.35%"
"06/12/2013","13,289.32","13,087.66","13,332.72","12,994.08","205.50M","-0.21%"
"06/11/2013","13,317.62","13,504.77","13,584.31","13,296.31","260.20M","-1.45%"
"06/10/2013","13,514.20","13,141.85","13,514.20","13,141.37","241.40M","4.94%"
"06/07/2013","12,877.53","12,706.41","13,106.20","12,548.20","324.50M","-0.21%"
"06/06/2013","12,904.02","12,925.29","13,238.53","12,862.02","314.00M","-0.85%"
"06/05/2013","13,014.87","13,566.75","13,711.42","13,011.16","303.70M","-3.83%"
"06/04/2013","13,533.76","13,186.60","13,610.25","13,060.94","378.30M","2.05%"
"06/03/2013","13,261.82","13,551.36","13,562.87","13,261.82","282.30M","-3.72%"
"05/31/2013","13,774.54","13,804.23","13,916.56","13,681.39","280.50M","1.37%"
"05/30/2013","13,589.03","14,072.90","14,098.16","13,555.66","321.60M","-5.15%"
"05/29/2013","14,326.46","14,492.55","14,512.28","14,243.49","297.00M","0.10%"
"05/28/2013","14,311.98","13,943.62","14,399.78","13,943.62","336.30M","1.20%"
"05/27/2013","14,142.65","14,373.82","14,381.28","14,027.42","307.40M","-3.22%"
"05/24/2013","14,612.45","14,731.75","15,007.50","13,981.52","461.20M","0.89%"
"05/23/2013","14,483.98","15,739.98","15,942.60","14,483.98","595.20M","-7.32%"
"05/22/2013","15,627.26","15,440.69","15,706.63","15,432.64","476.80M","1.60%"
"05/21/2013","15,381.02","15,264.79","15,388.37","15,264.42","514.10M","0.13%"
"05/20/2013","15,360.81","15,260.61","15,381.74","15,245.80","368.10M","1.47%"
"05/17/2013","15,138.12","14,926.42","15,157.32","14,902.30","314.50M","0.67%"
"05/16/2013","15,037.24","15,146.05","15,155.72","14,879.51","375.10M","-0.39%"
"05/15/2013","15,096.03","14,962.34","15,108.83","14,956.38","435.00M","2.29%"
"05/14/2013","14,758.42","14,822.56","14,839.79","14,755.08","304.70M","-0.16%"
"05/13/2013","14,782.21","14,759.50","14,849.01","14,727.70","387.20M","1.20%"
"05/10/2013","14,607.54","14,449.24","14,636.81","14,426.74","312.50M","2.93%"
"05/09/2013","14,191.48","14,366.95","14,409.82","14,191.48","268.30M","-0.66%"
"05/08/2013","14,285.69","14,196.20","14,421.38","14,186.83","252.60M","0.74%"
"05/07/2013","14,180.24","13,960.04","14,196.38","13,951.81","217.20M","3.55%"
"05/02/2013","13,694.04","13,727.25","13,780.48","13,637.96","179.90M","-0.76%"
"05/01/2013","13,799.35","13,837.72","13,844.82","13,782.00","185.40M","-0.44%"
"04/30/2013","13,860.86","13,854.82","13,897.06","13,778.75","237.50M","-0.17%"
"04/26/2013","13,884.13","13,978.98","13,983.87","13,852.20","248.30M","-0.30%"
"04/25/2013","13,926.08","13,887.53","13,974.26","13,827.96","294.50M","0.60%"
"04/24/2013","13,843.46","13,687.28","13,843.46","13,686.78","307.40M","2.32%"
"04/23/2013","13,529.65","13,545.60","13,585.35","13,505.53","240.20M","-0.29%"
"04/22/2013","13,568.37","13,537.17","13,611.58","13,529.44","246.20M","1.89%"
"04/19/2013","13,316.48","13,268.43","13,338.75","13,186.89","236.00M","0.73%"
"04/18/2013","13,220.07","13,272.22","13,377.74","13,200.85","305.00M","-1.22%"
"04/17/2013","13,382.89","13,330.50","13,397.50","13,318.69","277.40M","1.22%"
"04/16/2013","13,221.44","13,023.91","13,312.23","13,004.46","321.60M","-0.41%"
"04/15/2013","13,275.66","13,345.86","13,408.29","13,257.86","321.00M","-1.55%"
"04/12/2013","13,485.14","13,568.25","13,568.25","13,402.86","352.00M","-0.47%"
"04/11/2013","13,549.16","13,444.95","13,549.16","13,384.11","368.50M","1.96%"
"04/10/2013","13,288.13","13,177.31","13,325.15","13,177.31","359.80M","0.73%"
"04/09/2013","13,192.35","13,309.13","13,331.39","13,151.73","287.60M","-0.00%"
"04/08/2013","13,192.59","13,082.61","13,225.22","13,080.29","313.90M","2.80%"
"04/05/2013","12,833.64","12,880.82","13,225.62","12,831.10","477.40M","1.58%"
"04/04/2013","12,634.54","12,188.22","12,634.54","12,075.97","309.40M","2.20%"
"04/03/2013","12,362.20","12,112.09","12,362.20","12,102.05","235.10M","2.99%"
"04/02/2013","12,003.43","12,051.57","12,107.40","11,805.78","274.60M","-1.08%"
"04/01/2013","12,135.02","12,371.34","12,384.83","12,133.00","198.20M","-2.12%"
"03/29/2013","12,397.91","12,405.53","12,425.96","12,319.75","181.50M","0.50%"
"03/28/2013","12,335.96","12,457.13","12,462.86","12,286.37","204.60M","-1.26%"
"03/27/2013","12,493.79","12,476.58","12,502.26","12,442.39","152.90M","0.18%"
"03/26/2013","12,471.62","12,461.79","12,540.12","12,456.04","187.50M","-0.60%"
"03/25/2013","12,546.46","12,507.61","12,594.36","12,480.42","169.90M","1.69%"
"03/22/2013","12,338.53","12,498.51","12,522.05","12,338.53","168.00M","-2.35%"
"03/21/2013","12,635.69","12,592.00","12,650.26","12,586.06","193.30M","1.34%"
"03/19/2013","12,468.23","12,405.61","12,491.16","12,401.12","165.20M","2.03%"
"03/18/2013","12,220.63","12,365.44","12,373.17","12,220.63","195.90M","-2.71%"
"03/15/2013","12,560.95","12,437.68","12,560.95","12,434.47","251.00M","1.45%"
"03/14/2013","12,381.19","12,332.16","12,395.73","12,248.65","171.50M","1.16%"
"03/13/2013","12,239.66","12,252.29","12,339.45","12,234.48","195.90M","-0.61%"
"03/12/2013","12,314.81","12,433.60","12,461.97","12,314.81","306.50M","-0.28%"
"03/11/2013","12,349.05","12,363.09","12,403.95","12,300.83","332.30M","0.53%"
"03/08/2013","12,283.62","12,066.50","12,283.62","12,065.09","364.60M","2.64%"
"03/07/2013","11,968.08","12,037.25","12,069.60","11,946.01","216.00M","0.30%"
"03/06/2013","11,932.27","11,811.06","11,933.82","11,803.09","200.90M","2.13%"
"03/05/2013","11,683.45","11,732.57","11,779.42","11,666.38","198.90M","0.27%"
"03/04/2013","11,652.29","11,695.45","11,767.68","11,613.59","205.20M","0.40%"
"03/01/2013","11,606.38","11,464.71","11,648.63","11,464.71","190.10M","0.41%"
"02/28/2013","11,559.36","11,396.73","11,563.75","11,392.56","217.30M","2.71%"
"02/27/2013","11,253.97","11,418.56","11,419.62","11,253.97","193.20M","-1.27%"
"02/26/2013","11,398.81","11,449.66","11,520.24","11,374.83","268.00M","-2.26%"
"02/25/2013","11,662.52","11,564.55","11,662.52","11,562.10","240.90M","2.43%"
"02/22/2013","11,385.94","11,238.75","11,390.65","11,175.67","247.90M","0.68%"
"02/21/2013","11,309.13","11,404.73","11,442.11","11,301.77","196.30M","-1.39%"
"02/20/2013","11,468.28","11,485.65","11,510.52","11,440.10","202.00M","0.84%"
"02/19/2013","11,372.34","11,336.45","11,412.86","11,336.45","189.90M","-0.31%"
"02/18/2013","11,407.87","11,318.22","11,445.46","11,308.83","238.30M","2.09%"
"02/15/2013","11,173.83","11,239.21","11,261.58","11,065.06","346.20M","-1.18%"
"02/14/2013","11,307.28","11,273.40","11,356.54","11,243.49","280.10M","0.50%"
"02/13/2013","11,251.41","11,333.72","11,365.27","11,196.66","275.30M","-1.04%"
"02/12/2013","11,369.12","11,346.72","11,460.64","11,343.44","301.20M","1.94%"
"02/08/2013","11,153.16","11,179.97","11,299.71","11,135.89","328.10M","-1.80%"
"02/07/2013","11,357.07","11,406.32","11,446.81","11,295.62","404.30M","-0.93%"
"02/06/2013","11,463.75","11,236.70","11,498.42","11,232.05","353.40M","3.77%"
"02/05/2013","11,046.92","11,105.24","11,170.85","11,046.92","385.20M","-1.90%"
"02/04/2013","11,260.35","11,254.16","11,285.49","11,194.74","354.10M","0.62%"
"02/01/2013","11,191.34","11,193.72","11,237.84","11,142.26","278.20M","0.47%"
"01/31/2013","11,138.66","11,057.50","11,145.38","11,007.77","275.70M","0.22%"
"01/30/2013","11,113.95","10,913.97","11,113.95","10,905.64","202.80M","2.28%"
"01/29/2013","10,866.72","10,751.01","10,937.63","10,751.01","238.50M","0.39%"
"01/28/2013","10,824.31","11,002.86","11,002.86","10,824.31","198.30M","-0.94%"
"01/25/2013","10,926.65","10,797.30","10,926.65","10,790.95","220.60M","2.88%"
"01/24/2013","10,620.87","10,441.11","10,634.74","10,441.11","211.20M","1.28%"
"01/23/2013","10,486.99","10,575.60","10,663.09","10,486.99","198.80M","-2.08%"
"01/22/2013","10,709.93","10,765.10","10,859.42","10,615.20","248.10M","-0.35%"
"01/21/2013","10,747.74","10,941.45","10,941.45","10,747.74","207.30M","-1.52%"
"01/18/2013","10,913.30","10,791.97","10,913.30","10,787.12","286.60M","2.86%"
"01/17/2013","10,609.64","10,660.94","10,694.85","10,432.97","268.50M","0.09%"
"01/16/2013","10,600.44","10,806.41","10,806.41","10,591.30","226.10M","-2.56%"
"01/15/2013","10,879.08","10,914.65","10,952.31","10,851.66","215.10M","0.72%"
"01/11/2013","10,801.57","10,786.14","10,830.43","10,748.06","236.60M","1.40%"
"01/10/2013","10,652.64","10,635.11","10,686.12","10,619.65","268.50M","0.70%"
"01/09/2013","10,578.57","10,405.67","10,620.70","10,398.61","215.00M","0.67%"
"01/08/2013","10,508.06","10,544.21","10,602.12","10,463.43","211.40M","-0.86%"
"01/07/2013","10,599.01","10,743.69","10,743.69","10,589.70","187.70M","-0.83%"
"01/04/2013","10,688.11","10,604.50","10,734.23","10,602.24","219.00M","2.82%"
"12/28/2012","10,395.18","10,406.36","10,433.63","10,374.85","202.80M","0.70%"
"12/27/2012","10,322.98","10,295.26","10,376.39","10,288.85","235.20M","0.91%"
"12/26/2012","10,230.36","10,131.22","10,230.36","10,107.34","182.10M","1.49%"
"12/25/2012","10,080.12","10,092.35","10,119.35","10,030.44","141.70M","1.41%"
"12/21/2012","9,940.06","10,145.58","10,175.06","9,924.42","256.50M","-0.99%"
"12/20/2012","10,039.33","10,093.11","10,147.68","10,028.65","274.80M","-1.19%"
"12/19/2012","10,160.40","10,025.40","10,160.40","10,016.98","277.50M","2.39%"
"12/18/2012","9,923.01","9,848.87","9,967.24","9,848.87","260.30M","0.96%"
"12/17/2012","9,828.88","9,895.68","9,903.35","9,826.30","213.60M","0.94%"
"12/14/2012","9,737.56","9,703.56","9,775.75","9,687.70","247.40M","-0.05%"
"12/13/2012","9,742.73","9,681.20","9,767.05","9,672.47","212.00M","1.68%"
"12/12/2012","9,581.46","9,606.25","9,606.25","9,565.95","129.40M","0.59%"
"12/11/2012","9,525.32","9,510.60","9,534.18","9,487.95","97.20M","-0.09%"
"12/10/2012","9,533.75","9,584.46","9,584.46","9,517.40","115.20M","0.07%"
"12/07/2012","9,527.39","9,547.14","9,572.75","9,522.13","133.80M","-0.19%"
"12/06/2012","9,545.16","9,535.69","9,565.43","9,503.31","123.10M","0.81%"
"12/05/2012","9,468.84","9,380.37","9,515.86","9,376.97","115.90M","0.39%"
"12/04/2012","9,432.46","9,419.15","9,457.19","9,406.03","104.10M","-0.27%"
"12/03/2012","9,458.18","9,484.20","9,525.82","9,453.48","110.10M","0.13%"
"11/30/2012","9,446.01","9,446.77","9,492.91","9,380.25","159.80M","0.48%"
"11/29/2012","9,400.88","9,370.29","9,412.08","9,350.40","113.30M","0.99%"
"11/28/2012","9,308.35","9,375.48","9,407.62","9,308.35","118.70M","-1.22%"
"11/27/2012","9,423.30","9,371.13","9,449.72","9,370.59","136.70M","0.37%"
"11/26/2012","9,388.94","9,466.06","9,487.94","9,388.94","151.50M","0.24%"
"11/22/2012","9,366.80","9,336.32","9,366.80","9,304.72","147.40M","1.56%"
"11/21/2012","9,222.52","9,213.73","9,248.98","9,161.21","134.70M","0.87%"
"11/20/2012","9,142.64","9,198.42","9,200.85","9,129.43","133.70M","-0.12%"
"11/19/2012","9,153.20","9,141.27","9,183.46","9,135.29","143.10M","1.43%"
"11/16/2012","9,024.16","8,898.33","9,032.35","8,898.33","199.10M","2.20%"
"11/15/2012","8,829.72","8,703.82","8,829.72","8,684.23","161.30M","1.90%"
"11/14/2012","8,664.73","8,660.27","8,680.40","8,653.49","81.00M","0.04%"
"11/13/2012","8,661.05","8,710.52","8,723.46","8,619.45","94.90M","-0.18%"
"11/12/2012","8,676.44","8,701.28","8,728.85","8,676.44","86.30M","-0.93%"
"11/09/2012","8,757.60","8,742.68","8,779.24","8,729.45","104.00M","-0.90%"
"11/08/2012","8,837.15","8,868.42","8,891.08","8,811.41","106.50M","-1.51%"
"11/07/2012","8,972.89","9,030.56","9,032.32","8,924.41","130.90M","-0.03%"
"11/06/2012","8,975.15","8,989.58","8,990.35","8,957.49","104.70M","-0.36%"
"11/05/2012","9,007.44","9,000.81","9,040.18","8,984.69","101.40M","-0.48%"
"11/02/2012","9,051.22","9,049.22","9,072.39","9,031.43","137.90M","1.17%"
"11/01/2012","8,946.87","8,931.71","8,976.08","8,871.48","140.60M","0.21%"
"10/31/2012","8,928.29","8,911.08","8,985.58","8,905.44","135.50M","0.98%"
"10/30/2012","8,841.98","8,941.82","8,995.81","8,841.98","149.20M","-0.98%"
"10/29/2012","8,929.34","8,958.79","8,986.05","8,909.37","97.30M","-0.04%"
"10/26/2012","8,933.06","9,058.93","9,075.59","8,933.06","132.10M","-1.35%"
"10/25/2012","9,055.20","8,952.13","9,057.31","8,941.85","115.60M","1.13%"
"10/24/2012","8,954.30","8,896.41","9,043.80","8,896.41","133.00M","-0.67%"
"10/23/2012","9,014.25","9,066.03","9,075.58","8,970.50","116.30M","0.04%"
"10/22/2012","9,010.71","8,874.52","9,031.55","8,867.79","118.30M","0.09%"
"10/19/2012","9,002.68","8,944.03","9,016.90","8,940.38","134.70M","0.22%"
"10/18/2012","8,982.86","8,886.56","8,992.36","8,877.17","165.00M","2.00%"
"10/17/2012","8,806.55","8,777.39","8,837.19","8,758.70","139.70M","1.21%"
"10/16/2012","8,701.31","8,638.68","8,707.95","8,633.68","119.80M","1.44%"
"10/15/2012","8,577.93","8,517.77","8,595.11","8,488.14","126.90M","0.51%"
"10/12/2012","8,534.12","8,607.70","8,620.18","8,516.11","139.40M","-0.15%"
"10/11/2012","8,546.78","8,514.63","8,607.42","8,514.63","132.90M","-0.58%"
"10/10/2012","8,596.23","8,650.55","8,660.68","8,578.25","122.30M","-1.98%"
"10/09/2012","8,769.59","8,822.39","8,840.69","8,765.55","124.40M","-1.06%"
"10/05/2012","8,863.30","8,850.29","8,880.23","8,805.79","112.10M","0.44%"
"10/04/2012","8,824.59","8,783.13","8,865.92","8,738.31","123.50M","0.89%"
"10/03/2012","8,746.87","8,778.26","8,806.75","8,729.56","103.50M","-0.45%"
"10/02/2012","8,786.05","8,826.36","8,843.33","8,774.75","98.20M","-0.12%"
"10/01/2012","8,796.51","8,815.07","8,829.35","8,759.07","99.10M","-0.83%"
"09/28/2012","8,870.16","8,986.63","8,989.08","8,838.85","135.60M","-0.89%"
"09/27/2012","8,949.87","8,856.31","8,959.25","8,844.06","124.70M","0.48%"
"09/26/2012","8,906.70","8,941.75","8,971.75","8,894.02","109.30M","-2.03%"
"09/25/2012","9,091.54","9,031.37","9,112.54","9,023.63","128.40M","0.25%"
"09/24/2012","9,069.29","9,071.32","9,091.97","9,031.13","105.90M","-0.45%"
"09/21/2012","9,110.00","9,113.30","9,159.33","9,103.95","121.70M","0.25%"
"09/20/2012","9,086.98","9,174.19","9,215.57","9,079.19","144.60M","-1.57%"
"09/19/2012","9,232.21","9,166.52","9,288.53","9,140.75","157.20M","1.19%"
"09/18/2012","9,123.77","9,155.49","9,180.44","9,120.61","137.60M","-0.39%"
"09/14/2012","9,159.39","9,097.92","9,193.27","9,081.80","198.00M","1.83%"
"09/13/2012","8,995.15","8,950.01","9,022.20","8,932.10","95.00M","0.39%"
"09/12/2012","8,959.96","8,827.21","8,959.96","8,821.80","116.10M","1.73%"
"09/11/2012","8,807.38","8,811.33","8,814.03","8,769.47","95.40M","-0.70%"
"09/10/2012","8,869.37","8,853.19","8,874.54","8,838.18","111.80M","-0.03%"
"09/07/2012","8,871.65","8,821.37","8,871.65","8,804.27","157.10M","2.20%"
"09/06/2012","8,680.57","8,690.34","8,697.00","8,646.03","119.10M","0.01%"
"09/05/2012","8,679.82","8,756.59","8,759.26","8,679.82","111.70M","-1.09%"
"09/04/2012","8,775.51","8,787.97","8,804.44","8,729.22","110.80M","-0.10%"
"09/03/2012","8,783.89","8,836.61","8,893.39","8,773.40","123.40M","-0.63%"
"08/31/2012","8,839.91","8,891.75","8,933.99","8,839.91","122.80M","-1.60%"
"08/30/2012","8,983.78","9,062.07","9,062.07","8,960.24","98.30M","-0.95%"
"08/29/2012","9,069.81","9,045.73","9,073.99","9,033.83","107.50M","0.40%"
"08/28/2012","9,033.29","9,138.51","9,140.62","8,988.99","124.00M","-0.57%"
"08/27/2012","9,085.39","9,140.41","9,150.48","9,084.87","79.50M","0.16%"
"08/24/2012","9,070.76","9,069.95","9,090.67","9,045.79","85.70M","-1.17%"
"08/23/2012","9,178.12","9,080.67","9,194.47","9,062.54","102.80M","0.51%"
"08/22/2012","9,131.74","9,150.69","9,162.97","9,075.08","85.90M","-0.27%"
"08/21/2012","9,156.92","9,165.15","9,196.67","9,146.07","84.20M","-0.16%"
"08/20/2012","9,171.16","9,202.36","9,222.87","9,150.79","91.30M","0.09%"
"08/17/2012","9,162.50","9,120.22","9,181.57","9,097.00","132.50M","0.77%"
"08/16/2012","9,092.76","8,967.11","9,094.09","8,962.97","115.30M","1.88%"
"08/15/2012","8,925.04","8,960.28","8,960.28","8,866.06","104.40M","-0.05%"
"08/14/2012","8,929.88","8,913.70","8,970.99","8,897.87","117.50M","0.50%"
"08/13/2012","8,885.15","8,871.68","8,906.21","8,867.63","72.10M","-0.07%"
"08/10/2012","8,891.44","8,931.92","8,954.85","8,857.23","120.00M","-0.97%"
"08/09/2012","8,978.60","8,870.81","9,004.81","8,862.17","151.20M","1.10%"
"08/08/2012","8,881.16","8,889.38","8,962.95","8,851.59","162.30M","0.88%"
"08/07/2012","8,803.31","8,714.12","8,812.42","8,711.90","109.30M","0.88%"
"08/06/2012","8,726.29","8,683.20","8,751.80","8,676.25","113.00M","2.00%"
"08/03/2012","8,555.11","8,539.71","8,565.06","8,513.20","141.70M","-1.13%"
"08/02/2012","8,653.18","8,642.89","8,705.91","8,635.51","127.00M","0.13%"
"08/01/2012","8,641.85","8,622.04","8,654.61","8,578.16","123.20M","-0.61%"
"07/31/2012","8,695.06","8,600.92","8,732.84","8,585.26","140.30M","0.69%"
"07/30/2012","8,635.44","8,658.83","8,663.30","8,589.19","112.00M","0.80%"
"07/27/2012","8,566.64","8,547.34","8,569.09","8,522.74","129.10M","1.46%"
"07/26/2012","8,443.10","8,408.22","8,448.55","8,358.51","153.40M","0.92%"
"07/25/2012","8,365.90","8,410.98","8,433.58","8,328.02","137.40M","-1.44%"
"07/24/2012","8,488.09","8,497.99","8,517.52","8,446.18","126.20M","-0.24%"
"07/23/2012","8,508.32","8,582.28","8,606.23","8,500.27","103.30M","-1.86%"
"07/20/2012","8,669.87","8,785.87","8,792.19","8,662.72","116.90M","-1.43%"
"07/19/2012","8,795.55","8,795.00","8,835.80","8,771.19","113.20M","0.79%"
"07/18/2012","8,726.74","8,796.15","8,802.09","8,715.14","119.00M","-0.32%"
"07/17/2012","8,755.00","8,740.98","8,808.87","8,711.73","112.00M","0.35%"
"07/13/2012","8,724.12","8,701.35","8,759.06","8,695.44","122.80M","0.05%"
"07/12/2012","8,720.01","8,859.39","8,862.80","8,709.75","141.80M","-1.48%"
"07/11/2012","8,851.00","8,819.04","8,851.00","8,797.73","98.00M","-0.08%"
"07/10/2012","8,857.73","8,922.03","8,966.99","8,855.93","108.30M","-0.44%"
"07/09/2012","8,896.88","8,922.99","8,954.44","8,892.17","92.10M","-1.37%"
"07/06/2012","9,020.75","9,052.70","9,082.04","8,977.35","108.20M","-0.65%"
"07/05/2012","9,079.80","9,078.46","9,130.54","9,069.01","97.10M","-0.27%"
"07/04/2012","9,104.17","9,119.69","9,136.02","9,095.31","105.60M","0.41%"
"07/03/2012","9,066.59","9,013.65","9,082.39","9,012.86","121.00M","0.70%"
"07/02/2012","9,003.48","9,103.79","9,103.79","9,003.48","99.70M","-0.04%"
"06/29/2012","9,006.78","8,811.46","9,044.04","8,803.33","143.90M","1.50%"
"06/28/2012","8,874.11","8,816.07","8,881.44","8,805.65","118.50M","1.65%"
"06/27/2012","8,730.49","8,677.76","8,730.49","8,641.52","106.00M","0.77%"
"06/26/2012","8,663.99","8,671.61","8,712.68","8,619.36","127.50M","-0.81%"
"06/25/2012","8,734.62","8,837.83","8,837.83","8,726.40","92.80M","-0.72%"
"06/22/2012","8,798.35","8,733.50","8,830.34","8,731.79","113.30M","-0.29%"
"06/21/2012","8,824.07","8,794.03","8,859.04","8,790.86","132.50M","0.82%"
"06/20/2012","8,752.31","8,739.10","8,770.41","8,711.22","114.10M","1.11%"
"06/19/2012","8,655.87","8,692.82","8,712.86","8,630.66","99.20M","-0.75%"
"06/18/2012","8,721.02","8,723.55","8,766.56","8,711.49","109.80M","1.77%"
"06/15/2012","8,569.32","8,608.43","8,625.19","8,552.75","106.70M","0.01%"
"06/14/2012","8,568.89","8,531.40","8,592.17","8,520.99","101.60M","-0.22%"
"06/13/2012","8,587.84","8,557.57","8,615.89","8,554.14","101.60M","0.60%"
"06/12/2012","8,536.72","8,478.78","8,575.87","8,452.50","113.20M","-1.02%"
"06/11/2012","8,624.90","8,612.14","8,665.80","8,594.58","108.90M","1.96%"
"06/08/2012","8,459.26","8,609.78","8,611.93","8,427.20","182.90M","-2.09%"
"06/07/2012","8,639.72","8,639.25","8,647.79","8,599.64","127.30M","1.24%"
"06/06/2012","8,533.53","8,428.36","8,549.00","8,412.55","160.10M","1.81%"
"06/05/2012","8,382.00","8,331.02","8,388.14","8,306.93","136.90M","1.04%"
"06/04/2012","8,295.63","8,278.65","8,303.35","8,238.96","126.80M","-1.71%"
"06/01/2012","8,440.25","8,465.47","8,487.44","8,422.50","125.20M","-1.20%"
"05/31/2012","8,542.73","8,499.68","8,542.73","8,455.13","162.80M","-1.05%"
"05/30/2012","8,633.19","8,637.95","8,656.71","8,568.97","119.00M","-0.28%"
"05/29/2012","8,657.08","8,565.56","8,657.08","8,517.18","129.70M","0.74%"
"05/28/2012","8,593.15","8,604.99","8,624.51","8,568.87","97.00M","0.15%"
"05/25/2012","8,580.39","8,616.85","8,616.85","8,550.93","113.60M","0.20%"
"05/24/2012","8,563.38","8,537.99","8,597.85","8,496.61","134.20M","0.08%"
"05/23/2012","8,556.60","8,715.14","8,715.14","8,538.69","142.70M","-1.98%"
"05/22/2012","8,729.29","8,721.59","8,740.48","8,690.47","111.00M","1.10%"
"05/21/2012","8,633.89","8,617.92","8,676.20","8,608.62","110.80M","0.26%"
"05/18/2012","8,611.31","8,727.58","8,735.54","8,588.16","155.10M","-2.99%"
"05/17/2012","8,876.59","8,789.47","8,885.08","8,765.71","160.10M","0.86%"
"05/16/2012","8,801.17","8,865.78","8,883.73","8,756.07","145.30M","-1.12%"
"05/15/2012","8,900.74","8,910.85","8,930.78","8,838.78","144.90M","-0.81%"
"05/14/2012","8,973.84","8,986.22","9,031.09","8,947.82","112.70M","0.23%"
"05/11/2012","8,953.31","9,019.40","9,050.61","8,944.63","143.40M","-0.63%"
"05/10/2012","9,009.65","9,013.26","9,075.63","8,985.90","141.50M","-0.39%"
"05/09/2012","9,045.06","9,112.72","9,115.94","9,021.20","131.60M","-1.49%"
"05/08/2012","9,181.65","9,190.50","9,207.56","9,159.47","112.40M","0.69%"
"05/07/2012","9,119.14","9,198.17","9,206.45","9,109.01","133.00M","-2.78%"
"05/02/2012","9,380.25","9,397.87","9,417.96","9,344.53","94.50M","0.31%"
"05/01/2012","9,350.95","9,471.66","9,472.25","9,332.79","117.90M","-1.78%"
"04/27/2012","9,520.89","9,564.40","9,691.70","9,463.60","165.50M","-0.43%"
"04/26/2012","9,561.83","9,613.16","9,630.97","9,531.03","104.90M","0.01%"
"04/25/2012","9,561.01","9,578.42","9,582.73","9,530.02","97.50M","0.98%"
"04/24/2012","9,468.04","9,466.08","9,510.70","9,423.30","106.40M","-0.78%"
"04/23/2012","9,542.17","9,599.20","9,643.27","9,520.98","101.50M","-0.20%"
"04/20/2012","9,561.36","9,574.99","9,580.87","9,532.68","109.80M","-0.28%"
"04/19/2012","9,588.38","9,578.68","9,617.93","9,565.83","118.80M","-0.82%"
"04/18/2012","9,667.26","9,594.30","9,682.88","9,594.30","116.80M","2.14%"
"04/17/2012","9,464.71","9,476.15","9,519.80","9,455.32","109.20M","-0.06%"
"04/16/2012","9,470.64","9,522.70","9,532.91","9,464.49","113.00M","-1.74%"
"04/13/2012","9,637.99","9,613.19","9,690.29","9,603.97","171.40M","1.19%"
"04/12/2012","9,524.79","9,486.19","9,541.04","9,449.49","134.70M","0.70%"
"04/11/2012","9,458.74","9,398.60","9,487.84","9,388.14","155.80M","-0.83%"
"04/10/2012","9,538.02","9,583.36","9,648.12","9,509.72","134.80M","-0.09%"
"04/09/2012","9,546.26","9,565.31","9,618.10","9,535.33","111.60M","-1.47%"
"04/06/2012","9,688.45","9,710.25","9,739.59","9,659.16","118.40M","-0.81%"
"04/05/2012","9,767.61","9,737.50","9,806.40","9,692.70","165.10M","-0.53%"
"04/04/2012","9,819.99","10,045.88","10,059.19","9,819.99","147.80M","-2.29%"
"04/03/2012","10,050.39","10,082.21","10,084.07","10,040.99","112.40M","-0.59%"
"04/02/2012","10,109.87","10,161.72","10,190.35","10,109.87","151.90M","0.26%"
"03/30/2012","10,083.56","10,089.10","10,111.09","10,033.19","137.40M","-0.31%"
"03/29/2012","10,114.79","10,134.78","10,147.04","10,084.77","149.30M","-0.67%"
"03/28/2012","10,182.57","10,153.51","10,197.80","10,124.28","141.10M","-0.71%"
"03/27/2012","10,255.15","10,152.90","10,255.15","10,152.25","161.10M","2.36%"
"03/26/2012","10,018.24","10,040.10","10,056.20","10,016.05","126.60M","0.07%"
"03/23/2012","10,011.47","10,014.87","10,031.96","9,999.37","121.60M","-1.14%"
"03/22/2012","10,127.08","10,055.16","10,136.85","10,052.50","146.90M","0.40%"
"03/21/2012","10,086.49","10,100.87","10,132.02","10,073.90","149.90M","-0.55%"
"03/19/2012","10,141.99","10,150.85","10,172.64","10,134.48","135.10M","0.12%"
"03/16/2012","10,129.83","10,110.57","10,148.47","10,090.09","163.00M","0.06%"
"03/15/2012","10,123.28","10,115.40","10,158.74","10,077.55","177.60M","0.72%"
"03/14/2012","10,050.52","10,064.12","10,115.79","10,050.52","168.10M","1.53%"
"03/13/2012","9,899.08","9,921.25","10,011.88","9,888.30","206.00M","0.09%"
"03/12/2012","9,889.86","10,015.92","10,021.51","9,889.86","153.50M","-0.40%"
"03/09/2012","9,929.74","9,911.07","10,007.62","9,853.18","265.40M","1.65%"
"03/08/2012","9,768.96","9,674.94","9,768.96","9,659.15","144.10M","2.01%"
"03/07/2012","9,576.06","9,509.10","9,603.19","9,509.10","155.80M","-0.64%"
"03/06/2012","9,637.63","9,704.61","9,732.89","9,602.84","171.90M","-0.63%"
"03/05/2012","9,698.59","9,756.98","9,792.14","9,673.75","132.60M","-0.80%"
"03/02/2012","9,777.03","9,797.05","9,803.75","9,729.24","158.50M","0.72%"
"03/01/2012","9,707.37","9,771.34","9,865.75","9,666.02","175.10M","-0.16%"
"02/29/2012","9,723.24","9,771.62","9,866.41","9,706.22","179.20M","0.01%"
"02/28/2012","9,722.52","9,567.12","9,722.52","9,528.77","185.50M","0.92%"
"02/27/2012","9,633.93","9,726.20","9,736.11","9,628.25","177.10M","-0.14%"
"02/24/2012","9,647.38","9,594.85","9,647.38","9,576.21","180.00M","0.54%"
"02/23/2012","9,595.57","9,549.77","9,609.84","9,513.65","180.00M","0.44%"
"02/22/2012","9,554.00","9,459.74","9,564.05","9,442.58","165.00M","0.96%"
"02/21/2012","9,463.02","9,458.68","9,517.04","9,440.41","169.90M","-0.23%"
"02/20/2012","9,485.09","9,534.03","9,549.31","9,462.67","169.30M","1.08%"
"02/17/2012","9,384.17","9,371.12","9,435.03","9,369.25","188.70M","1.58%"
"02/16/2012","9,238.10","9,232.38","9,308.93","9,214.23","180.00M","-0.24%"
"02/15/2012","9,260.34","9,108.84","9,314.37","9,107.68","208.10M","2.30%"
"02/14/2012","9,052.07","8,978.72","9,072.08","8,972.74","141.70M","0.59%"
"02/13/2012","8,999.18","8,954.03","9,023.50","8,948.54","126.80M","0.58%"
"02/10/2012","8,947.17","9,010.53","9,016.97","8,947.17","154.00M","-0.61%"
"02/09/2012","9,002.24","8,996.13","9,018.49","8,942.87","178.30M","-0.15%"
"02/08/2012","9,015.59","8,971.88","9,015.59","8,956.78","157.40M","1.10%"
"02/07/2012","8,917.52","8,904.16","8,928.44","8,887.19","129.20M","-0.13%"
"02/06/2012","8,929.20","8,939.99","8,949.32","8,916.94","143.20M","1.10%"
"02/03/2012","8,831.93","8,849.17","8,877.57","8,825.98","157.50M","-0.51%"
"02/02/2012","8,876.82","8,865.28","8,893.22","8,849.25","157.80M","0.76%"
"02/01/2012","8,809.79","8,789.06","8,830.28","8,780.10","127.20M","0.08%"
"01/31/2012","8,802.51","8,781.44","8,836.68","8,776.65","138.10M","0.11%"
"01/30/2012","8,793.05","8,803.79","8,832.48","8,774.23","98.10M","-0.54%"
"01/27/2012","8,841.22","8,851.02","8,886.02","8,810.89","133.10M","-0.09%"
"01/26/2012","8,849.47","8,890.49","8,894.60","8,834.93","122.20M","-0.39%"
"01/25/2012","8,883.69","8,842.01","8,911.62","8,816.09","132.50M","1.12%"
"01/24/2012","8,785.33","8,815.36","8,825.09","8,768.51","111.00M","0.22%"
"01/23/2012","8,765.90","8,753.91","8,795.27","8,744.54","119.90M","-0.01%"
"01/20/2012","8,766.36","8,751.18","8,791.39","8,725.32","177.50M","1.47%"
"01/19/2012","8,639.68","8,596.68","8,668.94","8,596.68","125.10M","1.04%"
"01/18/2012","8,550.58","8,458.29","8,595.78","8,446.09","136.20M","0.99%"
"01/17/2012","8,466.40","8,420.12","8,475.66","8,413.22","85.50M","1.05%"
"01/16/2012","8,378.36","8,409.79","8,409.79","8,352.23","76.50M","-1.43%"
"01/13/2012","8,500.02","8,471.10","8,509.76","8,458.68","109.80M","1.36%"
"01/12/2012","8,385.59","8,423.10","8,426.83","8,360.33","84.80M","-0.74%"
"01/11/2012","8,447.88","8,440.96","8,463.72","8,426.03","106.20M","0.30%"
"01/10/2012","8,422.26","8,422.99","8,450.59","8,405.18","112.30M","0.38%"
"01/06/2012","8,390.35","8,488.98","8,488.98","8,349.33","101.30M","-1.16%"
"01/05/2012","8,488.71","8,515.66","8,519.16","8,481.83","77.70M","-0.83%"
"01/04/2012","8,560.11","8,549.54","8,581.45","8,547.70","106.00M","1.24%"
"12/30/2011","8,455.35","8,434.90","8,455.35","8,415.56","57.60M","0.67%"
"12/29/2011","8,398.89","8,367.71","8,404.89","8,330.87","66.30M","-0.29%"
"12/28/2011","8,423.62","8,426.09","8,456.66","8,414.90","70.90M","-0.20%"
"12/27/2011","8,440.56","8,443.00","8,458.26","8,428.53","51.30M","-0.46%"
"12/26/2011","8,479.34","8,504.46","8,516.53","8,477.37","61.40M","1.00%"
"12/22/2011","8,395.16","8,429.54","8,436.59","8,383.96","83.90M","-0.77%"
"12/21/2011","8,459.98","8,442.74","8,471.11","8,440.89","90.80M","1.48%"
"12/20/2011","8,336.48","8,318.03","8,354.90","8,317.73","80.00M","0.49%"
"12/19/2011","8,296.12","8,363.39","8,364.93","8,272.26","95.00M","-1.26%"
"12/16/2011","8,401.72","8,416.21","8,433.18","8,390.98","105.00M","0.29%"
"12/15/2011","8,377.37","8,449.05","8,455.32","8,374.25","103.10M","-1.66%"
"12/14/2011","8,519.13","8,513.77","8,540.57","8,486.37","98.30M","-0.39%"
"12/13/2011","8,552.81","8,535.52","8,594.32","8,518.80","113.30M","-1.17%"
"12/12/2011","8,653.82","8,652.98","8,682.47","8,633.35","101.00M","1.37%"
"12/09/2011","8,536.46","8,521.33","8,576.68","8,503.03","199.70M","-1.48%"
"12/08/2011","8,664.58","8,664.35","8,688.81","8,625.19","127.90M","-0.66%"
"12/07/2011","8,722.17","8,629.19","8,729.81","8,614.21","132.60M","1.71%"
"12/06/2011","8,575.16","8,644.97","8,671.54","8,571.09","107.80M","-1.39%"
"12/05/2011","8,695.98","8,697.78","8,704.48","8,668.04","91.30M","0.60%"
"12/02/2011","8,643.75","8,603.23","8,643.75","8,591.93","101.00M","0.54%"
"12/01/2011","8,597.38","8,581.20","8,653.88","8,577.09","147.90M","1.93%"
"11/30/2011","8,434.61","8,407.63","8,435.34","8,361.69","126.50M","-0.51%"
"11/29/2011","8,477.82","8,371.01","8,477.82","8,351.38","115.90M","2.30%"
"11/28/2011","8,287.49","8,269.91","8,322.01","8,259.71","102.30M","1.56%"
"11/25/2011","8,160.01","8,138.19","8,199.67","8,135.79","111.40M","-0.06%"
"11/24/2011","8,165.18","8,189.42","8,212.95","8,157.39","109.80M","-1.80%"
"11/22/2011","8,314.74","8,263.86","8,350.35","8,261.01","112.20M","-0.40%"
"11/21/2011","8,348.27","8,349.05","8,375.60","8,343.93","89.90M","-0.32%"
"11/18/2011","8,374.91","8,374.16","8,398.80","8,359.60","108.60M","-1.23%"
"11/17/2011","8,479.63","8,421.88","8,491.82","8,400.22","112.90M","0.19%"
"11/16/2011","8,463.16","8,546.75","8,567.64","8,459.30","95.50M","-0.92%"
"11/15/2011","8,541.93","8,546.99","8,584.30","8,527.63","80.20M","-0.72%"
"11/14/2011","8,603.70","8,631.28","8,655.31","8,595.43","104.30M","1.05%"
"11/11/2011","8,514.47","8,545.92","8,566.49","8,485.77","124.90M","0.16%"
"11/10/2011","8,500.80","8,597.28","8,600.21","8,500.67","149.90M","-2.91%"
"11/09/2011","8,755.44","8,724.60","8,762.98","8,678.78","137.40M","1.15%"
"11/08/2011","8,655.51","8,744.36","8,772.04","8,644.00","136.40M","-1.27%"
"11/07/2011","8,767.09","8,771.82","8,779.55","8,741.25","100.00M","-0.39%"
"11/04/2011","8,801.40","8,761.27","8,814.71","8,729.08","125.00M","1.86%"
"11/02/2011","8,640.42","8,719.92","8,719.92","8,640.42","129.20M","-2.21%"
"11/01/2011","8,835.52","8,880.75","8,946.00","8,831.69","103.80M","-1.70%"
"10/31/2011","8,988.39","9,011.18","9,152.39","8,988.39","133.80M","-0.69%"
"10/28/2011","9,050.47","9,059.04","9,086.43","9,003.09","165.10M","1.39%"
"10/27/2011","8,926.54","8,779.40","8,926.54","8,731.77","139.90M","2.04%"
"10/26/2011","8,748.47","8,673.85","8,798.80","8,642.56","108.80M","-0.16%"
"10/25/2011","8,762.31","8,866.43","8,870.37","8,755.38","106.70M","-0.92%"
"10/24/2011","8,843.98","8,764.92","8,844.28","8,762.02","97.30M","1.90%"
"10/21/2011","8,678.89","8,679.04","8,700.49","8,652.26","97.00M","-0.04%"
"10/20/2011","8,682.15","8,733.60","8,733.60","8,672.21","109.20M","-1.03%"
"10/19/2011","8,772.54","8,808.25","8,831.55","8,745.36","91.20M","0.35%"
"10/18/2011","8,741.91","8,758.74","8,773.99","8,727.39","81.60M","-1.55%"
"10/17/2011","8,879.60","8,881.44","8,911.70","8,856.58","95.90M","1.50%"
"10/14/2011","8,747.96","8,782.91","8,787.89","8,733.71","108.30M","-0.85%"
"10/13/2011","8,823.25","8,832.81","8,854.16","8,808.73","108.30M","0.97%"
"10/12/2011","8,738.90","8,719.67","8,763.02","8,689.38","109.80M","-0.40%"
"10/11/2011","8,773.68","8,733.54","8,806.44","8,725.62","112.60M","1.95%"
"10/07/2011","8,605.62","8,593.22","8,663.57","8,589.36","122.40M","0.98%"
"10/06/2011","8,522.02","8,463.83","8,545.79","8,463.83","123.50M","1.66%"
"10/05/2011","8,382.98","8,491.43","8,501.03","8,343.01","158.10M","-0.86%"
"10/04/2011","8,456.12","8,426.39","8,470.76","8,359.24","158.70M","-1.05%"
"10/03/2011","8,545.48","8,567.98","8,577.52","8,455.67","143.70M","-1.78%"
"09/30/2011","8,700.29","8,713.91","8,756.00","8,653.62","148.70M","-0.01%"
"09/29/2011","8,701.23","8,527.64","8,706.14","8,501.42","165.70M","0.99%"
"09/28/2011","8,615.65","8,607.92","8,665.54","8,595.85","140.30M","0.07%"
"09/27/2011","8,609.95","8,496.33","8,609.95","8,479.05","140.50M","2.82%"
"09/26/2011","8,374.13","8,547.62","8,556.66","8,359.70","159.00M","-2.17%"
"09/22/2011","8,560.26","8,643.02","8,643.02","8,545.46","125.00M","-2.07%"
"09/21/2011","8,741.16","8,717.00","8,771.62","8,707.16","106.70M","0.23%"
"09/20/2011","8,721.24","8,763.61","8,771.72","8,704.23","103.90M","-1.61%"
"09/16/2011","8,864.16","8,785.28","8,864.16","8,774.16","143.30M","2.25%"
"09/15/2011","8,668.86","8,645.38","8,695.95","8,634.02","126.60M","1.76%"
"09/14/2011","8,518.57","8,623.55","8,671.24","8,499.34","129.40M","-1.14%"
"09/13/2011","8,616.55","8,588.74","8,635.88","8,549.06","126.10M","0.95%"
"09/12/2011","8,535.67","8,578.71","8,584.05","8,520.97","126.70M","-2.31%"
"09/09/2011","8,737.66","8,739.49","8,803.75","8,726.25","169.30M","-0.63%"
"09/08/2011","8,793.12","8,863.24","8,876.49","8,757.58","104.90M","0.34%"
"09/07/2011","8,763.41","8,723.05","8,773.26","8,702.78","130.10M","2.01%"
"09/06/2011","8,590.57","8,687.11","8,709.92","8,588.34","152.80M","-2.21%"
"09/05/2011","8,784.46","8,828.46","8,842.56","8,757.18","112.10M","-1.86%"
"09/02/2011","8,950.74","8,980.56","9,014.27","8,914.65","126.90M","-1.21%"
"09/01/2011","9,060.80","9,017.01","9,098.15","8,998.01","126.20M","1.18%"
"08/31/2011","8,955.20","8,938.31","8,967.80","8,905.52","136.20M","0.01%"
"08/30/2011","8,953.90","8,958.50","8,992.86","8,935.85","135.60M","1.16%"
"08/29/2011","8,851.35","8,802.25","8,926.27","8,751.29","143.70M","0.61%"
"08/26/2011","8,797.78","8,746.77","8,805.10","8,742.46","140.90M","0.29%"
"08/25/2011","8,772.36","8,748.01","8,849.94","8,741.74","160.80M","1.54%"
"08/24/2011","8,639.61","8,812.16","8,825.27","8,620.89","167.10M","-1.07%"
"08/23/2011","8,733.01","8,703.31","8,747.41","8,630.49","158.70M","1.22%"
"08/22/2011","8,628.13","8,686.91","8,756.10","8,619.21","146.20M","-1.04%"
"08/19/2011","8,719.24","8,771.70","8,796.42","8,707.47","152.10M","-2.51%"
"08/18/2011","8,943.76","9,043.18","9,043.18","8,931.25","119.50M","-1.25%"
"08/17/2011","9,057.26","9,047.89","9,081.80","9,003.70","115.10M","-0.55%"
"08/16/2011","9,107.43","9,135.06","9,150.31","9,072.53","117.50M","0.23%"
"08/15/2011","9,086.41","9,082.53","9,117.11","9,032.84","107.80M","1.37%"
"08/12/2011","8,963.72","9,064.17","9,070.27","8,926.89","150.70M","-0.20%"
"08/11/2011","8,981.94","8,876.54","8,983.33","8,832.42","162.90M","-0.63%"
"08/10/2011","9,038.74","9,110.81","9,144.33","9,021.36","173.70M","1.05%"
"08/09/2011","8,944.48","8,911.80","8,949.97","8,656.79","252.50M","-1.68%"
"08/08/2011","9,097.56","9,169.67","9,215.09","9,057.29","147.00M","-2.18%"
"08/05/2011","9,299.88","9,469.16","9,469.16","9,264.09","189.00M","-3.72%"
"08/04/2011","9,659.18","9,685.50","9,768.40","9,615.35","154.80M","0.23%"
"08/03/2011","9,637.14","9,705.02","9,705.02","9,610.38","131.20M","-2.11%"
"08/02/2011","9,844.59","9,872.17","9,873.46","9,822.30","120.50M","-1.21%"
"08/01/2011","9,965.01","9,907.04","10,040.13","9,906.17","145.00M","1.34%"
"07/29/2011","9,833.03","9,866.82","9,914.22","9,824.34","146.50M","-0.69%"
"07/28/2011","9,901.35","9,936.97","9,945.98","9,853.85","131.40M","-1.45%"
"07/27/2011","10,047.19","10,048.34","10,053.50","10,009.37","123.90M","-0.50%"
"07/26/2011","10,097.72","10,078.48","10,130.25","10,043.99","111.20M","0.47%"
"07/25/2011","10,050.01","10,080.82","10,091.02","10,039.10","104.10M","-0.81%"
"07/22/2011","10,132.11","10,096.89","10,149.18","10,076.53","134.20M","1.22%"
"07/21/2011","10,010.39","10,019.94","10,026.18","9,974.00","125.50M","0.04%"
"07/20/2011","10,005.90","10,008.00","10,042.75","9,986.33","104.40M","1.17%"
"07/19/2011","9,889.72","9,921.50","9,945.72","9,889.72","108.80M","-0.85%"
"07/15/2011","9,974.47","9,919.59","9,985.32","9,919.10","101.30M","0.39%"
"07/14/2011","9,936.12","9,929.18","9,998.49","9,884.00","126.80M","-0.27%"
"07/13/2011","9,963.14","9,891.11","9,979.67","9,887.33","119.00M","0.37%"
"07/12/2011","9,925.92","9,943.32","9,971.14","9,907.81","135.00M","-1.43%"
"07/11/2011","10,069.53","10,069.01","10,109.30","10,057.77","104.90M","-0.67%"
"07/08/2011","10,137.73","10,205.71","10,207.91","10,126.47","127.30M","0.66%"
"07/07/2011","10,071.14","10,047.15","10,102.19","10,029.33","133.20M","-0.11%"
"07/06/2011","10,082.48","9,987.25","10,082.48","9,967.87","137.70M","1.10%"
"07/05/2011","9,972.46","9,959.39","9,995.17","9,948.38","132.60M","0.07%"
"07/04/2011","9,965.09","9,980.16","10,005.75","9,940.47","131.40M","0.98%"
"07/01/2011","9,868.07","9,878.69","9,900.57","9,849.64","111.60M","0.53%"
"06/30/2011","9,816.09","9,838.09","9,849.69","9,785.89","136.20M","0.19%"
"06/29/2011","9,797.26","9,767.91","9,797.26","9,734.66","123.40M","1.54%"
"06/28/2011","9,648.98","9,668.01","9,703.41","9,632.54","117.50M","0.74%"
"06/27/2011","9,578.31","9,633.92","9,638.49","9,570.58","119.30M","-1.04%"
"06/24/2011","9,678.71","9,626.43","9,695.09","9,609.24","130.90M","0.85%"
"06/23/2011","9,596.74","9,557.72","9,652.41","9,553.30","127.60M","-0.34%"
"06/22/2011","9,629.43","9,525.25","9,658.62","9,525.25","137.80M","1.79%"
"06/21/2011","9,459.66","9,420.43","9,459.66","9,378.36","116.00M","1.13%"
"06/20/2011","9,354.32","9,383.24","9,421.38","9,346.76","121.70M","0.03%"
"06/17/2011","9,351.40","9,443.32","9,447.44","9,318.62","139.70M","-0.64%"
"06/16/2011","9,411.28","9,478.63","9,497.59","9,411.28","125.50M","-1.70%"
"06/15/2011","9,574.32","9,589.54","9,599.90","9,520.93","142.80M","0.28%"
"06/14/2011","9,547.79","9,446.84","9,565.65","9,438.41","141.20M","1.05%"
"06/13/2011","9,448.21","9,405.16","9,466.51","9,391.26","96.40M","-0.70%"
"06/10/2011","9,514.44","9,536.84","9,613.75","9,493.05","188.80M","0.50%"
"06/09/2011","9,467.15","9,411.71","9,472.41","9,383.12","143.10M","0.19%"
"06/08/2011","9,449.46","9,428.62","9,458.43","9,394.74","117.20M","0.07%"
"06/07/2011","9,442.95","9,371.21","9,454.66","9,358.31","128.40M","0.67%"
"06/06/2011","9,380.35","9,467.37","9,490.55","9,359.78","140.30M","-1.18%"
"06/03/2011","9,492.21","9,550.59","9,603.03","9,490.68","115.70M","-0.66%"
"06/02/2011","9,555.04","9,560.63","9,575.01","9,517.28","144.10M","-1.69%"
"06/01/2011","9,719.61","9,708.05","9,720.73","9,659.31","136.00M","0.27%"
"05/31/2011","9,693.73","9,500.60","9,697.35","9,497.40","156.50M","1.99%"
"05/30/2011","9,504.97","9,489.78","9,540.02","9,448.00","93.70M","-0.18%"
"05/27/2011","9,521.94","9,514.16","9,588.70","9,493.44","108.90M","-0.42%"
"05/26/2011","9,562.05","9,499.45","9,567.46","9,489.12","117.50M","1.48%"
"05/25/2011","9,422.88","9,492.43","9,503.77","9,415.33","116.70M","-0.57%"
"05/24/2011","9,477.17","9,406.04","9,490.35","9,406.04","115.90M","0.17%"
"05/23/2011","9,460.63","9,547.86","9,547.86","9,437.87","131.50M","-1.52%"
"05/20/2011","9,607.08","9,612.87","9,670.92","9,600.48","120.80M","-0.14%"
"05/19/2011","9,620.82","9,711.32","9,731.12","9,600.81","117.20M","-0.43%"
"05/18/2011","9,662.08","9,602.88","9,693.60","9,590.40","132.80M","0.99%"
"05/17/2011","9,567.02","9,513.50","9,593.13","9,502.39","136.00M","0.09%"
"05/16/2011","9,558.30","9,571.13","9,598.33","9,552.86","126.10M","-0.94%"
"05/13/2011","9,648.77","9,751.45","9,751.45","9,552.93","212.60M","-0.70%"
"05/12/2011","9,716.65","9,770.71","9,836.71","9,716.65","144.90M","-1.50%"
"05/11/2011","9,864.26","9,912.48","9,929.04","9,842.67","141.70M","0.46%"
"05/10/2011","9,818.76","9,804.27","9,853.13","9,755.93","131.90M","0.25%"
"05/09/2011","9,794.38","9,881.67","9,897.88","9,776.74","110.70M","-0.66%"
"05/06/2011","9,859.20","9,851.15","9,876.10","9,782.66","132.40M","-1.45%"
"05/02/2011","10,004.20","9,964.39","10,017.47","9,936.27","127.80M","1.57%"
"04/28/2011","9,849.74","9,749.36","9,849.74","9,712.58","158.10M","1.63%"
"04/27/2011","9,691.84","9,631.53","9,728.03","9,630.37","115.90M","1.39%"
"04/26/2011","9,558.69","9,627.43","9,627.43","9,536.51","100.30M","-1.17%"
"04/25/2011","9,671.96","9,705.90","9,748.40","9,657.24","100.60M","-0.11%"
"04/22/2011","9,682.21","9,623.00","9,732.63","9,611.38","126.20M","-0.04%"
"04/21/2011","9,685.77","9,686.27","9,725.12","9,643.92","118.00M","0.82%"
"04/20/2011","9,606.82","9,536.79","9,631.00","9,519.36","125.90M","1.76%"
"04/19/2011","9,441.03","9,448.65","9,478.87","9,405.19","131.50M","-1.21%"
"04/18/2011","9,556.65","9,593.41","9,608.92","9,539.03","110.10M","-0.36%"
"04/15/2011","9,591.52","9,646.22","9,651.96","9,577.96","147.90M","-0.65%"
"04/14/2011","9,653.92","9,579.79","9,676.97","9,553.75","153.10M","0.13%"
"04/13/2011","9,641.18","9,516.50","9,655.83","9,516.50","157.40M","0.90%"
"04/12/2011","9,555.26","9,603.50","9,603.64","9,513.27","169.00M","-1.69%"
"04/11/2011","9,719.70","9,731.32","9,775.60","9,700.75","147.50M","-0.50%"
"04/08/2011","9,768.08","9,586.17","9,804.28","9,536.68","215.00M","1.85%"
"04/07/2011","9,590.93","9,652.65","9,687.18","9,578.47","165.40M","0.07%"
"04/06/2011","9,584.37","9,668.11","9,671.46","9,562.16","203.30M","-0.32%"
"04/05/2011","9,615.55","9,732.26","9,732.26","9,566.05","182.90M","-1.06%"
"04/04/2011","9,718.89","9,773.91","9,808.60","9,718.89","171.80M","0.11%"
"04/01/2011","9,708.39","9,757.28","9,822.06","9,698.60","191.50M","-0.48%"
"03/31/2011","9,755.10","9,765.28","9,765.81","9,658.64","187.10M","0.48%"
"03/30/2011","9,708.79","9,489.51","9,708.79","9,479.03","217.10M","2.64%"
"03/29/2011","9,459.08","9,348.60","9,502.23","9,317.38","200.60M","-0.21%"
"03/28/2011","9,478.53","9,541.76","9,541.76","9,405.20","192.70M","-0.60%"
"03/25/2011","9,536.13","9,565.49","9,569.71","9,469.37","203.70M","1.07%"
"03/24/2011","9,435.01","9,479.77","9,509.85","9,418.71","200.10M","-0.15%"
"03/23/2011","9,449.47","9,590.38","9,592.40","9,387.95","265.10M","-1.65%"
"03/22/2011","9,608.32","9,403.05","9,625.03","9,395.85","252.60M","4.36%"
"03/18/2011","9,206.75","9,083.95","9,275.60","9,073.25","245.40M","2.72%"
"03/17/2011","8,962.67","8,913.35","9,093.61","8,639.56","312.10M","-1.44%"
"03/16/2011","9,093.72","8,767.20","9,168.51","8,763.95","372.10M","5.68%"
"03/15/2011","8,605.15","9,441.66","9,441.66","8,227.63","415.70M","-10.55%"
"03/14/2011","9,620.49","10,044.17","10,049.92","9,578.65","349.80M","-6.18%"
"03/11/2011","10,254.43","10,298.64","10,378.55","10,254.43","236.00M","-1.72%"
"03/10/2011","10,434.38","10,544.13","10,549.17","10,410.10","131.00M","-1.46%"
"03/09/2011","10,589.50","10,607.23","10,662.07","10,563.82","131.00M","0.61%"
"03/08/2011","10,525.19","10,513.08","10,565.10","10,509.23","150.30M","0.19%"
"03/07/2011","10,505.02","10,626.97","10,626.97","10,472.51","149.40M","-1.76%"
"03/04/2011","10,693.66","10,730.91","10,768.43","10,664.37","148.30M","1.02%"
"03/03/2011","10,586.02","10,529.77","10,593.34","10,522.40","122.40M","0.89%"
"03/02/2011","10,492.38","10,609.28","10,629.50","10,492.38","153.30M","-2.43%"
"03/01/2011","10,754.03","10,676.24","10,754.03","10,672.91","156.40M","1.22%"
"02/28/2011","10,624.09","10,504.54","10,628.76","10,448.83","186.60M","0.92%"
"02/25/2011","10,526.76","10,475.78","10,532.21","10,454.46","154.70M","0.71%"
"02/24/2011","10,452.71","10,533.20","10,542.70","10,428.38","184.90M","-1.19%"
"02/23/2011","10,579.10","10,588.82","10,666.72","10,569.93","182.30M","-0.80%"
"02/22/2011","10,664.70","10,745.52","10,761.22","10,639.78","178.90M","-1.78%"
"02/21/2011","10,857.53","10,820.78","10,859.39","10,789.41","136.40M","0.14%"
"02/18/2011","10,842.80","10,829.15","10,862.43","10,810.12","151.30M","0.06%"
"02/17/2011","10,836.64","10,882.91","10,891.60","10,820.48","173.70M","0.26%"
"02/16/2011","10,808.29","10,758.86","10,842.31","10,752.61","189.10M","0.57%"
"02/15/2011","10,746.67","10,738.81","10,760.99","10,712.49","142.70M","0.20%"
"02/14/2011","10,725.54","10,689.65","10,725.54","10,674.44","140.60M","1.13%"
"02/10/2011","10,605.65","10,574.80","10,631.94","10,570.62","145.60M","-0.11%"
"02/09/2011","10,617.83","10,686.72","10,701.92","10,599.50","165.00M","-0.17%"
"02/08/2011","10,635.98","10,645.03","10,648.80","10,623.70","150.40M","0.41%"
"02/07/2011","10,592.04","10,641.30","10,644.21","10,572.72","162.30M","0.46%"
"02/04/2011","10,543.52","10,526.39","10,580.36","10,524.13","200.30M","1.08%"
"02/03/2011","10,431.36","10,424.68","10,450.46","10,409.84","150.70M","-0.25%"
"02/02/2011","10,457.36","10,368.48","10,479.75","10,366.96","180.50M","1.78%"
"02/01/2011","10,274.50","10,281.55","10,299.38","10,245.75","149.00M","0.36%"
"01/31/2011","10,237.92","10,219.98","10,265.96","10,182.57","146.00M","-1.18%"
"01/28/2011","10,360.34","10,460.29","10,480.08","10,332.65","150.70M","-1.13%"
"01/27/2011","10,478.66","10,466.34","10,496.40","10,421.75","145.30M","0.74%"
"01/26/2011","10,401.90","10,410.29","10,440.35","10,392.46","111.00M","-0.60%"
"01/25/2011","10,464.42","10,374.64","10,480.24","10,355.80","142.90M","1.15%"
"01/24/2011","10,345.11","10,318.60","10,347.94","10,278.81","134.10M","0.69%"
"01/21/2011","10,274.52","10,459.04","10,461.07","10,257.99","183.90M","-1.56%"
"01/20/2011","10,437.31","10,492.32","10,505.63","10,421.83","132.90M","-1.13%"
"01/19/2011","10,557.10","10,567.88","10,580.68","10,534.02","138.60M","0.36%"
"01/18/2011","10,518.98","10,461.04","10,548.21","10,456.71","126.40M","0.15%"
"01/17/2011","10,502.86","10,562.09","10,562.39","10,482.69","126.70M","0.04%"
"01/14/2011","10,499.04","10,502.77","10,579.97","10,497.26","170.90M","-0.86%"
"01/13/2011","10,589.76","10,593.46","10,620.57","10,565.28","160.90M","0.73%"
"01/12/2011","10,512.80","10,562.28","10,576.51","10,502.96","170.70M","0.02%"
"01/11/2011","10,510.68","10,484.62","10,538.39","10,476.29","138.50M","-0.29%"
"01/07/2011","10,541.04","10,506.72","10,550.71","10,503.02","161.80M","0.11%"
"01/06/2011","10,529.76","10,477.52","10,530.11","10,477.52","166.00M","1.44%"
"01/05/2011","10,380.77","10,387.95","10,413.45","10,358.01","114.60M","-0.17%"
"01/04/2011","10,398.10","10,352.19","10,409.17","10,321.28","114.10M","1.65%"
"12/30/2010","10,228.92","10,303.13","10,315.47","10,209.93","107.80M","-1.12%"
"12/29/2010","10,344.54","10,282.84","10,344.54","10,276.61","87.60M","0.50%"
"12/28/2010","10,292.63","10,330.01","10,340.84","10,292.63","77.90M","-0.61%"
"12/27/2010","10,355.99","10,292.84","10,376.91","10,292.84","83.10M","0.75%"
"12/24/2010","10,279.19","10,275.97","10,290.89","10,264.06","86.20M","-0.65%"
"12/22/2010","10,346.48","10,348.48","10,394.22","10,327.60","142.10M","-0.23%"
"12/21/2010","10,370.53","10,277.14","10,372.51","10,266.29","113.30M","1.51%"
"12/20/2010","10,216.41","10,296.55","10,301.15","10,182.74","113.60M","-0.85%"
"12/17/2010","10,303.83","10,307.17","10,327.42","10,280.80","140.40M","-0.07%"
"12/16/2010","10,311.29","10,297.55","10,347.39","10,282.54","140.80M","0.01%"
"12/15/2010","10,309.78","10,338.14","10,340.69","10,282.85","137.40M","-0.07%"
"12/14/2010","10,316.77","10,272.70","10,319.24","10,267.22","170.50M","0.22%"
"12/13/2010","10,293.89","10,212.52","10,293.89","10,199.73","145.30M","0.80%"
"12/10/2010","10,211.95","10,373.70","10,373.70","10,194.27","240.70M","-0.72%"
"12/09/2010","10,285.88","10,277.87","10,298.25","10,240.11","153.40M","0.52%"
"12/08/2010","10,232.33","10,200.16","10,258.90","10,184.32","126.60M","0.90%"
"12/07/2010","10,141.10","10,152.92","10,167.10","10,094.41","114.80M","-0.26%"
"12/06/2010","10,167.23","10,175.23","10,179.82","10,143.58","95.30M","-0.11%"
"12/03/2010","10,178.32","10,231.78","10,254.00","10,154.99","107.70M","0.10%"
"12/02/2010","10,168.52","10,151.15","10,187.59","10,143.08","131.40M","1.81%"
"12/01/2010","9,988.05","9,939.80","9,988.05","9,918.55","122.60M","0.51%"
"11/30/2010","9,937.04","10,070.31","10,101.42","9,937.04","153.30M","-1.87%"
"11/29/2010","10,125.99","10,075.66","10,149.94","10,044.01","124.80M","0.86%"
"11/26/2010","10,039.56","10,078.09","10,134.64","10,039.56","115.80M","-0.40%"
"11/25/2010","10,079.76","10,117.85","10,123.27","10,038.79","133.80M","0.50%"
"11/24/2010","10,030.11","9,942.54","10,064.31","9,904.92","150.10M","-0.84%"
"11/22/2010","10,115.19","10,133.48","10,157.97","10,091.99","121.80M","0.93%"
"11/19/2010","10,022.39","10,124.84","10,130.23","10,019.08","160.80M","0.09%"
"11/18/2010","10,013.63","9,820.60","10,013.63","9,798.56","188.90M","2.06%"
"11/17/2010","9,811.66","9,693.21","9,817.37","9,693.21","112.60M","0.15%"
"11/16/2010","9,797.10","9,892.82","9,908.30","9,774.12","133.30M","-0.31%"
"11/15/2010","9,827.51","9,782.11","9,830.59","9,744.99","128.50M","1.06%"
"11/12/2010","9,724.81","9,810.30","9,851.42","9,724.81","129.40M","-1.39%"
"11/11/2010","9,861.46","9,878.11","9,885.37","9,834.82","139.60M","0.31%"
"11/10/2010","9,830.52","9,748.61","9,842.90","9,747.03","168.80M","1.40%"
"11/09/2010","9,694.49","9,667.44","9,726.60","9,659.86","122.10M","-0.39%"
"11/08/2010","9,732.92","9,699.79","9,737.01","9,677.87","118.20M","1.11%"
"11/05/2010","9,625.99","9,500.60","9,680.68","9,497.45","160.90M","2.86%"
"11/04/2010","9,358.78","9,282.79","9,377.76","9,276.71","133.10M","2.17%"
"11/02/2010","9,159.98","9,140.28","9,172.03","9,123.62","115.20M","0.06%"
"11/01/2010","9,154.72","9,166.85","9,258.32","9,134.47","125.40M","-0.52%"
"10/29/2010","9,202.45","9,327.25","9,337.92","9,179.15","166.90M","-1.75%"
"10/28/2010","9,366.03","9,368.61","9,413.68","9,350.44","146.80M","-0.22%"
"10/27/2010","9,387.03","9,436.01","9,453.79","9,329.86","130.20M","0.10%"
"10/26/2010","9,377.38","9,386.55","9,455.04","9,362.13","107.30M","-0.25%"
"10/25/2010","9,401.16","9,424.44","9,460.70","9,392.68","98.00M","-0.27%"
"10/22/2010","9,426.71","9,404.09","9,457.62","9,390.14","108.50M","0.54%"
"10/21/2010","9,376.48","9,443.95","9,479.25","9,326.78","131.50M","-0.05%"
"10/20/2010","9,381.60","9,399.65","9,402.05","9,316.97","138.40M","-1.65%"
"10/19/2010","9,539.45","9,490.09","9,575.14","9,489.68","118.50M","0.43%"
"10/18/2010","9,498.49","9,517.68","9,564.85","9,471.48","104.80M","-0.02%"
"10/15/2010","9,500.25","9,551.21","9,553.57","9,478.64","143.80M","-0.87%"
"10/14/2010","9,583.51","9,515.17","9,614.44","9,481.51","171.00M","1.91%"
"10/13/2010","9,403.51","9,473.78","9,510.19","9,393.52","144.00M","0.16%"
"10/12/2010","9,388.64","9,648.59","9,650.20","9,387.73","140.70M","-2.09%"
"10/08/2010","9,588.88","9,675.59","9,675.59","9,588.88","147.90M","-0.99%"
"10/07/2010","9,684.81","9,661.09","9,716.92","9,649.17","171.20M","-0.07%"
"10/06/2010","9,691.43","9,588.47","9,693.74","9,567.00","234.30M","1.81%"
"10/05/2010","9,518.76","9,337.43","9,538.35","9,332.19","193.80M","1.47%"
"10/04/2010","9,381.06","9,410.92","9,508.36","9,358.82","161.20M","-0.25%"
"10/01/2010","9,404.23","9,440.52","9,470.36","9,358.62","163.20M","0.37%"
"09/30/2010","9,369.35","9,554.83","9,566.84","9,369.35","145.80M","-1.99%"
"09/29/2010","9,559.38","9,530.05","9,600.93","9,502.34","134.70M","0.67%"
"09/28/2010","9,495.76","9,547.03","9,553.91","9,471.35","97.50M","-1.12%"
"09/27/2010","9,603.14","9,557.37","9,613.47","9,539.12","122.50M","1.39%"
"09/24/2010","9,471.67","9,435.04","9,601.77","9,415.96","146.60M","-0.99%"
"09/22/2010","9,566.32","9,563.20","9,625.41","9,546.82","108.90M","-0.37%"
"09/21/2010","9,602.11","9,700.88","9,704.25","9,579.83","109.50M","-0.25%"
"09/17/2010","9,626.09","9,581.65","9,643.28","9,554.36","122.90M","1.23%"
"09/16/2010","9,509.50","9,613.89","9,620.90","9,479.63","142.20M","2.26%"
"09/14/2010","9,299.31","9,319.50","9,330.05","9,258.18","117.50M","-0.24%"
"09/13/2010","9,321.82","9,325.64","9,390.90","9,317.30","108.70M","0.89%"
"09/10/2010","9,239.17","9,132.25","9,291.50","9,132.25","169.80M","1.55%"
"09/09/2010","9,098.39","9,120.54","9,136.26","9,069.93","92.80M","0.82%"
"09/08/2010","9,024.60","9,098.86","9,105.89","8,997.63","107.00M","-2.18%"
"09/07/2010","9,226.00","9,232.02","9,311.02","9,206.81","118.00M","-0.81%"
"09/06/2010","9,301.32","9,199.99","9,303.00","9,173.38","106.70M","2.05%"
"09/03/2010","9,114.13","9,097.59","9,141.09","9,050.83","102.00M","0.57%"
"09/02/2010","9,062.84","9,069.62","9,083.37","8,958.81","119.30M","1.52%"
"09/01/2010","8,927.02","8,833.32","8,932.15","8,796.45","120.10M","1.17%"
"08/31/2010","8,824.06","8,998.80","9,008.36","8,819.26","121.80M","-3.55%"
"08/30/2010","9,149.26","9,141.45","9,280.70","9,117.87","114.40M","1.76%"
"08/27/2010","8,991.06","8,811.47","9,021.75","8,810.46","127.80M","0.95%"
"08/26/2010","8,906.48","8,908.02","8,910.62","8,834.09","104.80M","0.69%"
"08/25/2010","8,845.39","8,904.44","8,949.41","8,807.41","133.90M","-1.66%"
"08/24/2010","8,995.14","9,024.60","9,069.22","8,983.52","111.30M","-1.33%"
"08/23/2010","9,116.69","9,147.24","9,171.42","9,090.96","93.60M","-0.68%"
"08/20/2010","9,179.38","9,239.36","9,287.50","9,169.17","112.00M","-1.96%"
"08/19/2010","9,362.68","9,242.84","9,362.68","9,242.84","120.20M","1.32%"
"08/18/2010","9,240.54","9,261.50","9,280.59","9,153.42","118.40M","0.86%"
"08/17/2010","9,161.68","9,089.85","9,188.48","9,084.24","91.50M","-0.38%"
"08/16/2010","9,196.67","9,145.22","9,210.97","9,095.94","97.00M","-0.61%"
"08/13/2010","9,253.46","9,214.81","9,278.46","9,163.25","121.80M","0.44%"
"08/12/2010","9,212.59","9,125.49","9,212.59","9,065.94","142.30M","-0.86%"
"08/11/2010","9,292.85","9,423.03","9,445.04","9,283.60","111.60M","-2.70%"
"08/10/2010","9,551.05","9,629.97","9,667.04","9,505.34","107.10M","-0.22%"
"08/09/2010","9,572.49","9,535.51","9,572.83","9,523.63","87.80M","-0.72%"
"08/06/2010","9,642.12","9,560.65","9,658.04","9,545.41","112.10M","-0.12%"
"08/05/2010","9,653.92","9,640.34","9,688.87","9,578.31","128.80M","1.73%"
"08/04/2010","9,489.34","9,606.82","9,613.13","9,474.67","119.30M","-2.11%"
"08/03/2010","9,694.01","9,716.57","9,750.88","9,632.86","138.60M","1.29%"
"08/02/2010","9,570.31","9,574.64","9,676.41","9,548.86","135.60M","0.35%"
"07/30/2010","9,537.30","9,658.61","9,658.61","9,505.64","166.20M","-1.64%"
"07/29/2010","9,696.02","9,653.51","9,732.76","9,648.97","148.20M","-0.59%"
"07/28/2010","9,753.27","9,614.47","9,760.31","9,614.47","148.20M","2.70%"
"07/27/2010","9,496.85","9,512.67","9,541.59","9,487.65","130.70M","-0.07%"
"07/26/2010","9,503.66","9,520.73","9,561.82","9,493.61","90.40M","0.77%"
"07/23/2010","9,430.96","9,380.12","9,474.11","9,367.30","157.50M","2.28%"
"07/22/2010","9,220.88","9,216.28","9,254.19","9,176.12","229.60M","-0.62%"
"07/21/2010","9,278.83","9,404.07","9,404.07","9,230.84","166.60M","-1.38%"
"07/16/2010","9,408.36","9,600.88","9,636.84","9,392.21","134.00M","-2.86%"
"07/15/2010","9,685.53","9,701.14","9,726.94","9,667.00","115.90M","-1.12%"
"07/14/2010","9,795.24","9,707.50","9,807.36","9,693.33","193.30M","2.71%"
"07/13/2010","9,537.23","9,592.87","9,629.98","9,502.24","149.70M","-0.11%"
"07/12/2010","9,548.11","9,540.47","9,632.89","9,533.56","123.60M","-0.39%"
"07/09/2010","9,585.32","9,601.62","9,610.59","9,516.97","125.20M","0.52%"
"07/08/2010","9,535.74","9,462.82","9,545.99","9,456.19","118.20M","2.76%"
"07/07/2010","9,279.65","9,322.56","9,329.64","9,223.80","120.80M","-0.63%"
"07/06/2010","9,338.04","9,158.28","9,351.11","9,091.70","137.40M","0.77%"
"07/05/2010","9,266.78","9,230.00","9,282.90","9,213.79","100.70M","0.69%"
"07/02/2010","9,203.71","9,234.56","9,259.14","9,160.47","115.70M","0.13%"
"07/01/2010","9,191.60","9,296.86","9,297.45","9,147.68","125.40M","-2.04%"
"06/30/2010","9,382.64","9,396.45","9,420.14","9,347.07","131.00M","-1.96%"
"06/29/2010","9,570.67","9,718.40","9,760.02","9,548.98","106.80M","-1.27%"
"06/28/2010","9,693.94","9,758.91","9,762.23","9,679.17","91.60M","-0.45%"
"06/25/2010","9,737.48","9,778.70","9,794.98","9,697.87","129.30M","-1.92%"
"06/24/2010","9,928.34","9,902.62","10,009.37","9,893.75","94.90M","0.05%"
"06/23/2010","9,923.70","9,973.00","9,975.01","9,912.80","102.60M","-1.87%"
"06/22/2010","10,112.89","10,131.91","10,183.89","10,105.48","114.90M","-1.22%"
"06/21/2010","10,238.01","10,109.27","10,251.90","10,109.27","123.00M","2.43%"
"06/18/2010","9,995.02","10,027.98","10,029.11","9,965.16","98.50M","-0.04%"
"06/17/2010","9,999.40","10,009.25","10,053.45","9,989.21","97.60M","-0.67%"
"06/16/2010","10,067.15","10,043.10","10,109.86","10,033.24","120.30M","1.81%"
"06/15/2010","9,887.89","9,845.65","9,911.73","9,826.44","101.70M","0.08%"
"06/14/2010","9,879.85","9,824.93","9,882.05","9,819.95","97.30M","1.80%"
"06/11/2010","9,705.25","9,701.32","9,764.73","9,673.60","222.40M","1.70%"
"06/10/2010","9,542.65","9,476.78","9,544.04","9,437.47","116.50M","1.10%"
"06/09/2010","9,439.13","9,475.57","9,487.91","9,378.23","141.60M","-1.04%"
"06/08/2010","9,537.94","9,448.79","9,587.65","9,434.81","129.60M","0.18%"
"06/07/2010","9,520.80","9,705.36","9,714.42","9,502.62","148.40M","-3.84%"
"06/04/2010","9,901.19","9,909.24","9,962.42","9,868.09","120.30M","-0.13%"
"06/03/2010","9,914.19","9,758.82","9,920.18","9,758.82","142.60M","3.24%"
"06/02/2010","9,603.24","9,604.45","9,763.41","9,560.16","158.40M","-1.12%"
"06/01/2010","9,711.83","9,747.26","9,747.26","9,658.44","110.40M","-0.58%"
"05/31/2010","9,768.70","9,735.47","9,831.73","9,728.42","121.40M","0.06%"
"05/28/2010","9,762.98","9,806.06","9,824.85","9,699.14","164.30M","1.28%"
"05/27/2010","9,639.72","9,419.30","9,642.16","9,395.29","175.10M","1.23%"
"05/26/2010","9,522.66","9,567.35","9,622.40","9,477.45","188.10M","0.66%"
"05/25/2010","9,459.89","9,632.14","9,642.60","9,432.09","165.30M","-3.06%"
"05/24/2010","9,758.40","9,754.99","9,793.46","9,693.07","164.80M","-0.27%"
"05/21/2010","9,784.54","9,823.84","9,829.36","9,696.63","195.00M","-2.45%"
"05/20/2010","10,030.31","10,121.85","10,161.70","9,999.59","149.70M","-1.54%"
"05/19/2010","10,186.84","10,087.33","10,186.84","10,041.93","175.00M","-0.54%"
"05/18/2010","10,242.64","10,313.14","10,336.53","10,197.74","160.80M","0.07%"
"05/17/2010","10,235.76","10,329.37","10,331.87","10,158.30","182.40M","-2.17%"
"05/14/2010","10,462.51","10,453.40","10,551.69","10,390.77","189.10M","-1.49%"
"05/13/2010","10,620.55","10,542.77","10,638.23","10,535.94","159.60M","2.18%"
"05/12/2010","10,394.03","10,465.03","10,501.72","10,345.19","189.30M","-0.16%"
"05/11/2010","10,411.10","10,643.24","10,643.28","10,392.47","196.90M","-1.14%"
"05/10/2010","10,530.70","10,399.05","10,540.52","10,362.34","181.00M","1.60%"
"05/07/2010","10,364.59","10,472.70","10,472.77","10,257.32","227.70M","-3.10%"
"05/06/2010","10,695.69","10,847.90","10,847.90","10,682.61","183.80M","-3.27%"
"04/30/2010","11,057.40","11,062.12","11,092.52","11,035.27","156.70M","1.21%"
"04/28/2010","10,924.79","11,005.51","11,008.88","10,882.40","179.30M","-2.57%"
"04/27/2010","11,212.66","11,109.26","11,213.45","11,108.72","143.00M","0.42%"
"04/26/2010","11,165.79","11,039.59","11,165.79","11,035.66","134.90M","2.30%"
"04/23/2010","10,914.46","10,930.90","10,967.12","10,865.92","136.80M","-0.32%"
"04/22/2010","10,949.09","10,988.01","10,989.62","10,866.23","-","-1.27%"
"04/21/2010","11,090.05","11,031.79","11,093.30","11,023.88","-","1.74%"
"04/20/2010","10,900.68","10,960.11","10,999.57","10,890.82","-","-0.07%"
"04/19/2010","10,908.77","10,929.64","10,953.90","10,878.99","-","-1.74%"
"04/16/2010","11,102.18","11,230.53","11,230.53","11,084.72","-","-1.52%"
"04/15/2010","11,273.79","11,310.07","11,316.66","11,255.80","-","0.61%"
"04/14/2010","11,204.90","11,213.46","11,270.20","11,161.01","-","0.39%"
"04/13/2010","11,161.23","11,202.92","11,212.65","11,088.48","-","-0.81%"
"04/12/2010","11,251.90","11,300.79","11,351.55","11,248.57","-","0.42%"
"04/09/2010","11,204.34","11,174.62","11,204.87","11,148.80","-","0.32%"
"04/08/2010","11,168.20","11,179.67","11,232.36","11,159.45","-","-1.10%"
"04/07/2010","11,292.83","11,296.31","11,350.57","11,260.42","-","0.09%"
"04/06/2010","11,282.32","11,350.70","11,358.45","11,217.25","-","-0.50%"
"04/05/2010","11,339.30","11,380.63","11,408.17","11,306.62","-","0.47%"
"04/02/2010","11,286.09","11,274.18","11,313.98","11,235.98","-","0.37%"
"04/01/2010","11,244.40","11,178.92","11,272.73","11,118.18","-","1.39%"
"03/31/2010","11,089.94","11,138.72","11,147.62","11,085.55","-","-0.06%"
"03/30/2010","11,097.14","11,022.20","11,108.82","11,003.35","-","1.01%"
"03/29/2010","10,986.47","10,909.98","10,990.75","10,901.20","-","-0.09%"
"03/26/2010","10,996.37","10,895.29","11,001.59","10,889.33","-","1.55%"
"03/25/2010","10,828.85","10,857.81","10,872.45","10,808.71","-","0.13%"
"03/24/2010","10,815.03","10,829.36","10,880.62","10,769.18","-","0.38%"
"03/23/2010","10,774.15","10,793.05","10,817.78","10,766.65","-","-0.47%"
"03/19/2010","10,824.72","10,785.88","10,826.76","10,775.57","-","0.75%"
"03/18/2010","10,744.03","10,841.71","10,845.73","10,731.66","-","-0.95%"
"03/17/2010","10,846.98","10,789.24","10,864.30","10,761.89","-","1.17%"
"03/16/2010","10,721.71","10,718.63","10,776.52","10,716.20","-","-0.28%"
"03/15/2010","10,751.98","10,802.11","10,808.84","10,708.97","-","0.01%"
"03/12/2010","10,751.26","10,777.49","10,777.49","10,699.30","-","0.81%"
"03/11/2010","10,664.95","10,627.99","10,664.95","10,588.86","-","0.96%"
"03/10/2010","10,563.92","10,555.85","10,588.69","10,547.34","-","-0.04%"
"03/09/2010","10,567.65","10,567.32","10,593.27","10,542.81","-","-0.17%"
"03/08/2010","10,585.92","10,538.12","10,586.97","10,514.28","-","2.09%"
"03/05/2010","10,368.96","10,254.61","10,376.41","10,254.61","-","2.20%"
"03/04/2010","10,145.72","10,255.69","10,263.48","10,134.37","-","-1.05%"
"03/03/2010","10,253.14","10,193.95","10,274.09","10,186.68","-","0.31%"
"03/02/2010","10,221.84","10,199.19","10,238.96","10,150.30","-","0.49%"
"03/01/2010","10,172.06","10,128.73","10,215.15","10,116.86","-","0.45%"
"02/26/2010","10,126.03","10,107.08","10,171.22","10,085.13","-","0.24%"
"02/25/2010","10,101.96","10,256.10","10,267.43","10,087.21","-","-0.95%"
"02/24/2010","10,198.83","10,205.15","10,243.20","10,129.65","-","-1.48%"
"02/23/2010","10,352.10","10,327.64","10,375.55","10,280.33","-","-0.47%"
"02/22/2010","10,400.47","10,302.07","10,449.75","10,298.15","-","2.74%"
"02/19/2010","10,123.58","10,334.40","10,354.42","10,123.58","-","-2.05%"
"02/18/2010","10,335.69","10,324.98","10,340.38","10,285.05","-","0.28%"
"02/17/2010","10,306.83","10,161.72","10,306.83","10,150.24","-","2.72%"
"02/16/2010","10,034.25","10,044.53","10,062.27","10,019.43","-","0.21%"
"02/15/2010","10,013.30","10,097.82","10,119.47","10,012.53","-","-0.78%"
"02/12/2010","10,092.19","10,085.35","10,099.46","10,014.50","-","1.29%"
"02/10/2010","9,963.99","10,024.26","10,049.87","9,963.99","-","0.31%"
"02/09/2010","9,932.90","9,876.61","9,956.79","9,867.39","-","-0.19%"
"02/08/2010","9,951.82","10,007.47","10,063.53","9,942.05","-","-1.05%"
"02/05/2010","10,057.09","10,162.34","10,166.30","10,036.33","-","-2.89%"
"02/04/2010","10,355.98","10,434.52","10,438.41","10,279.57","-","-0.46%"
"02/03/2010","10,404.33","10,428.12","10,436.52","10,356.03","-","0.32%"
"02/02/2010","10,371.09","10,310.98","10,396.48","10,287.74","-","1.63%"
"02/01/2010","10,205.02","10,212.36","10,224.83","10,129.91","-","0.07%"
"01/29/2010","10,198.04","10,308.05","10,324.37","10,198.04","-","-2.08%"
"01/28/2010","10,414.29","10,309.73","10,462.70","10,296.98","-","1.58%"
"01/27/2010","10,252.08","10,344.07","10,373.82","10,252.08","-","-0.71%"
"01/26/2010","10,325.28","10,506.15","10,566.49","10,324.98","-","-1.78%"
"01/25/2010","10,512.69","10,478.31","10,557.64","10,414.58","-","-0.74%"
"01/22/2010","10,590.55","10,740.21","10,768.07","10,528.33","-","-2.56%"
"01/21/2010","10,868.41","10,704.79","10,886.64","10,649.84","-","1.22%"
"01/20/2010","10,737.52","10,834.91","10,860.93","10,724.57","-","-0.25%"
"01/19/2010","10,764.90","10,866.83","10,866.83","10,749.47","-","-0.83%"
"01/18/2010","10,855.08","10,887.61","10,895.10","10,781.03","-","-1.16%"
"01/15/2010","10,982.10","10,917.41","10,982.10","10,878.83","-","0.68%"
"01/14/2010","10,907.68","10,778.07","10,909.94","10,774.25","-","1.61%"
"01/13/2010","10,735.03","10,795.48","10,866.62","10,729.86","-","-1.32%"
"01/12/2010","10,879.14","10,770.35","10,905.39","10,763.68","-","0.75%"
"01/08/2010","10,798.32","10,743.30","10,816.45","10,677.56","-","1.09%"
"01/07/2010","10,681.66","10,742.75","10,774.00","10,636.67","-","-0.46%"
"01/06/2010","10,731.45","10,709.55","10,768.61","10,661.17","-","0.46%"
"01/05/2010","10,681.83","10,719.44","10,791.04","10,655.57","-","0.25%"
"01/04/2010","10,654.79","10,609.34","10,694.49","10,608.14","-","1.03%"
"12/30/2009","10,546.44","10,707.51","10,707.51","10,546.44","-","-0.86%"
"12/29/2009","10,638.06","10,611.85","10,683.12","10,597.41","-","0.04%"
"12/28/2009","10,634.23","10,521.81","10,652.99","10,513.55","-","1.33%"
"12/25/2009","10,494.71","10,546.97","10,546.97","10,476.65","-","-0.40%"
"12/24/2009","10,536.92","10,413.37","10,558.41","10,413.37","-","1.53%"
"12/22/2009","10,378.03","10,256.00","10,378.03","10,235.22","-","1.91%"
"12/21/2009","10,183.47","10,196.71","10,215.49","10,183.47","-","0.41%"
"12/18/2009","10,142.05","10,110.64","10,157.25","10,027.85","-","-0.21%"
"12/17/2009","10,163.80","10,199.92","10,260.12","10,163.80","-","-0.13%"
"12/16/2009","10,177.41","10,179.33","10,222.22","10,117.12","-","0.93%"
"12/15/2009","10,083.48","10,053.45","10,111.76","10,033.90","-","-0.22%"
"12/14/2009","10,105.68","10,126.61","10,126.61","10,009.60","-","-0.02%"
"12/11/2009","10,107.87","9,958.00","10,107.87","9,916.21","-","2.48%"
"12/10/2009","9,862.82","9,964.05","10,035.92","9,834.22","-","-1.42%"
"12/09/2009","10,004.72","10,048.94","10,048.94","9,985.97","-","-1.34%"
"12/08/2009","10,140.47","10,079.81","10,149.32","10,079.81","-","-0.27%"
"12/07/2009","10,167.60","10,131.90","10,204.58","10,106.31","-","1.45%"
"12/04/2009","10,022.59","10,019.24","10,022.59","9,902.83","-","0.45%"
"12/03/2009","9,977.67","9,707.02","9,977.67","9,707.02","-","3.84%"
"12/02/2009","9,608.94","9,551.79","9,643.32","9,514.15","-","0.38%"
"12/01/2009","9,572.20","9,281.82","9,572.20","9,233.20","-","2.43%"
"11/30/2009","9,345.55","9,189.17","9,353.74","9,162.18","-","2.91%"
"11/27/2009","9,081.52","9,257.20","9,257.20","9,076.41","-","-3.22%"
"11/26/2009","9,383.24","9,354.80","9,457.24","9,324.99","-","-0.62%"
"11/25/2009","9,441.64","9,381.90","9,453.70","9,366.33","-","0.43%"
"11/24/2009","9,401.58","9,511.00","9,511.00","9,397.79","-","-1.01%"
"11/20/2009","9,497.68","9,460.21","9,513.60","9,423.66","-","-0.54%"
"11/19/2009","9,549.47","9,691.86","9,691.86","9,496.07","-","-1.32%"
"11/18/2009","9,676.80","9,723.23","9,788.81","9,631.83","-","-0.55%"
"11/17/2009","9,729.93","9,834.58","9,847.64","9,715.28","-","-0.63%"
"11/16/2009","9,791.18","9,784.14","9,802.53","9,725.81","-","0.21%"
"11/13/2009","9,770.31","9,793.19","9,805.20","9,719.38","-","-0.35%"
"11/12/2009","9,804.49","9,921.45","9,943.57","9,788.49","-","-0.68%"
"11/11/2009","9,871.68","9,890.18","9,949.71","9,849.99","-","0.01%"
"11/10/2009","9,870.73","9,904.68","9,979.46","9,857.10","-","0.63%"
"11/09/2009","9,808.99","9,777.64","9,845.90","9,731.59","-","0.20%"
"11/06/2009","9,789.35","9,812.73","9,849.72","9,767.00","-","0.74%"
"11/05/2009","9,717.44","9,803.50","9,825.82","9,691.69","-","-1.29%"
"11/04/2009","9,844.31","9,785.28","9,845.00","9,767.91","-","0.42%"
"11/02/2009","9,802.95","9,903.77","9,904.61","9,736.14","-","-2.31%"
"10/30/2009","10,034.74","10,006.84","10,049.59","9,984.33","-","1.45%"
"10/29/2009","9,891.10","9,941.57","9,945.41","9,850.12","-","-1.83%"
"10/28/2009","10,075.05","10,182.14","10,209.20","10,060.39","-","-1.35%"
"10/27/2009","10,212.46","10,283.46","10,290.92","10,201.93","-","-1.45%"
"10/26/2009","10,362.62","10,271.84","10,397.69","10,250.84","-","0.77%"
"10/23/2009","10,282.99","10,335.34","10,364.17","10,271.71","-","0.15%"
"10/22/2009","10,267.17","10,251.09","10,274.61","10,159.66","-","-0.64%"
"10/21/2009","10,333.39","10,292.39","10,350.45","10,292.39","-","-0.03%"
"10/20/2009","10,336.84","10,329.30","10,357.59","10,307.59","-","0.98%"
"10/19/2009","10,236.51","10,179.46","10,264.44","10,125.33","-","-0.21%"
"10/16/2009","10,257.56","10,276.40","10,290.31","10,216.14","-","0.18%"
"10/15/2009","10,238.65","10,194.91","10,272.62","10,184.81","-","1.77%"
"10/14/2009","10,060.21","10,096.01","10,096.01","10,016.24","-","-0.16%"
"10/13/2009","10,076.56","10,066.85","10,116.72","10,039.62","-","0.60%"
"10/09/2009","10,016.39","9,893.63","10,016.39","9,857.39","-","1.87%"
"10/08/2009","9,832.47","9,806.03","9,863.34","9,746.15","-","0.34%"
"10/07/2009","9,799.60","9,750.24","9,821.74","9,735.68","-","1.11%"
"10/06/2009","9,691.80","9,744.42","9,744.42","9,628.67","-","0.18%"
"10/05/2009","9,674.49","9,733.07","9,751.56","9,669.31","-","-0.59%"
"10/02/2009","9,731.87","9,848.07","9,852.17","9,714.18","-","-2.47%"
"10/01/2009","9,978.64","10,072.64","10,077.22","9,965.06","-","-1.53%"
"09/30/2009","10,133.23","10,105.17","10,138.04","10,063.69","-","0.33%"
"09/29/2009","10,100.20","10,089.11","10,125.88","10,059.87","-","0.91%"
"09/28/2009","10,009.52","10,136.24","10,151.60","9,971.05","-","-2.50%"
"09/25/2009","10,265.98","10,395.45","10,395.45","10,228.60","-","-2.64%"
"09/24/2009","10,544.22","10,405.53","10,566.98","10,386.88","-","1.67%"
"09/18/2009","10,370.54","10,379.21","10,399.42","10,292.50","-","-0.70%"
"09/17/2009","10,443.80","10,373.25","10,443.80","10,340.14","-","1.68%"
"09/16/2009","10,270.77","10,288.72","10,394.56","10,247.24","-","0.52%"
"09/15/2009","10,217.62","10,255.73","10,292.47","10,183.30","-","0.15%"
"09/14/2009","10,202.06","10,388.32","10,388.32","10,170.74","-","-2.32%"
"09/11/2009","10,444.33","10,519.33","10,522.23","10,407.97","-","-0.66%"
"09/10/2009","10,513.67","10,385.35","10,521.14","10,382.99","-","1.95%"
"09/09/2009","10,312.14","10,343.80","10,390.25","10,249.11","-","-0.78%"
"09/08/2009","10,393.23","10,353.51","10,393.23","10,300.50","-","0.70%"
"09/07/2009","10,320.94","10,288.56","10,326.45","10,274.38","-","1.31%"
"09/04/2009","10,187.11","10,256.49","10,256.49","10,143.26","-","-0.27%"
"09/03/2009","10,214.64","10,240.02","10,290.83","10,185.38","-","-0.64%"
"09/02/2009","10,280.46","10,378.08","10,378.08","10,215.60","-","-2.37%"
"09/01/2009","10,530.06","10,453.37","10,577.19","10,438.51","-","0.36%"
"08/31/2009","10,492.53","10,608.16","10,767.00","10,423.90","-","-0.40%"
"08/28/2009","10,534.14","10,546.88","10,560.44","10,471.63","-","0.57%"
"08/27/2009","10,473.97","10,570.78","10,575.79","10,400.83","-","-1.56%"
"08/26/2009","10,639.71","10,554.44","10,668.74","10,526.51","-","1.36%"
"08/25/2009","10,497.36","10,515.57","10,566.31","10,469.69","-","-0.79%"
"08/24/2009","10,581.05","10,389.57","10,591.00","10,388.78","-","3.35%"
"08/21/2009","10,238.20","10,375.22","10,375.22","10,142.22","-","-1.40%"
"08/20/2009","10,383.41","10,254.53","10,407.30","10,204.26","-","1.76%"
"08/19/2009","10,204.00","10,269.97","10,327.17","10,195.11","-","-0.79%"
"08/18/2009","10,284.96","10,208.12","10,325.06","10,181.10","-","0.16%"
"08/17/2009","10,268.61","10,521.02","10,521.02","10,268.61","-","-3.10%"
"08/14/2009","10,597.33","10,551.33","10,630.38","10,539.43","-","0.76%"
"08/13/2009","10,517.19","10,508.09","10,556.28","10,489.12","-","0.79%"
"08/12/2009","10,435.00","10,486.36","10,526.35","10,434.09","-","-1.42%"
"08/11/2009","10,585.46","10,514.74","10,587.36","10,512.21","-","0.58%"
"08/10/2009","10,524.26","10,530.62","10,585.37","10,487.70","-","1.08%"
"08/07/2009","10,412.09","10,365.71","10,412.09","10,249.04","-","0.23%"
"08/06/2009","10,388.09","10,266.01","10,426.14","10,266.01","-","1.32%"
"08/05/2009","10,252.53","10,405.05","10,406.10","10,252.53","-","-1.18%"
"08/04/2009","10,375.01","10,438.40","10,479.19","10,358.48","-","0.22%"
"08/03/2009","10,352.47","10,355.23","10,380.57","10,322.00","-","-0.04%"
"07/31/2009","10,356.83","10,275.14","10,359.07","10,259.57","-","1.89%"
"07/30/2009","10,165.21","10,155.71","10,169.68","10,067.51","-","0.51%"
"07/29/2009","10,113.24","10,035.91","10,161.95","10,035.91","-","0.26%"
"07/28/2009","10,087.26","10,116.89","10,116.89","10,049.63","-","-0.01%"
"07/27/2009","10,088.66","10,020.87","10,179.59","10,015.11","-","1.45%"
"07/24/2009","9,944.55","9,909.40","9,950.04","9,863.87","-","1.55%"
"07/23/2009","9,792.94","9,712.10","9,861.29","9,703.84","-","0.72%"
"07/22/2009","9,723.16","9,642.79","9,750.63","9,608.77","-","0.74%"
"07/21/2009","9,652.02","9,512.52","9,652.02","9,508.92","-","2.73%"
"07/17/2009","9,395.32","9,413.86","9,420.61","9,360.59","-","0.55%"
"07/16/2009","9,344.16","9,393.98","9,489.67","9,317.11","-","0.81%"
"07/15/2009","9,269.25","9,307.45","9,333.64","9,250.73","-","0.08%"
"07/14/2009","9,261.81","9,173.14","9,284.38","9,166.63","-","2.34%"
"07/13/2009","9,050.33","9,242.13","9,336.55","9,050.33","-","-2.55%"
"07/10/2009","9,287.28","9,338.76","9,370.15","9,265.24","-","-0.04%"
"07/09/2009","9,291.06","9,342.33","9,384.24","9,291.06","-","-1.38%"
"07/08/2009","9,420.75","9,548.81","9,557.39","9,407.98","-","-2.35%"
"07/07/2009","9,647.79","9,713.62","9,734.43","9,619.68","-","-0.34%"
"07/06/2009","9,680.87","9,738.49","9,771.76","9,650.75","-","-1.38%"
"07/03/2009","9,816.07","9,751.69","9,816.07","9,691.16","-","-0.61%"
"07/02/2009","9,876.15","9,993.77","9,993.77","9,869.54","-","-0.64%"
"07/01/2009","9,939.93","9,889.34","10,086.18","9,874.00","-","-0.19%"
"06/30/2009","9,958.44","9,896.56","10,000.30","9,894.95","-","1.79%"
"06/29/2009","9,783.47","9,866.28","9,943.83","9,748.73","-","-0.95%"
"06/26/2009","9,877.39","9,852.92","9,893.00","9,793.95","-","0.83%"
"06/25/2009","9,796.08","9,628.18","9,871.14","9,619.02","-","2.15%"
"06/24/2009","9,590.32","9,596.78","9,624.41","9,534.24","-","0.43%"
"06/23/2009","9,549.61","9,695.76","9,712.09","9,511.45","-","-2.82%"
"06/22/2009","9,826.27","9,788.07","9,887.13","9,763.37","-","0.41%"
"06/19/2009","9,786.26","9,771.98","9,822.83","9,703.87","-","0.85%"
"06/18/2009","9,703.72","9,727.63","9,727.63","9,649.83","-","-1.39%"
"06/17/2009","9,840.85","9,729.88","9,845.52","9,729.88","-","0.90%"
"06/16/2009","9,752.88","9,905.91","9,909.48","9,752.88","-","-2.86%"
"06/15/2009","10,039.67","10,090.74","10,111.85","10,029.59","-","-0.95%"
"06/12/2009","10,135.82","10,089.15","10,170.82","10,050.96","-","1.55%"
"06/11/2009","9,981.33","9,990.60","10,022.23","9,958.98","-","-0.10%"
"06/10/2009","9,991.49","9,833.64","9,991.49","9,813.77","-","2.09%"
"06/09/2009","9,786.82","9,824.17","9,855.89","9,755.81","-","-0.80%"
"06/08/2009","9,865.63","9,829.28","9,914.07","9,816.17","-","1.00%"
"06/05/2009","9,768.01","9,752.51","9,774.98","9,719.14","-","1.02%"
"06/04/2009","9,668.96","9,690.93","9,743.46","9,654.45","-","-0.75%"
"06/03/2009","9,741.67","9,723.82","9,774.55","9,718.70","-","0.38%"
"06/02/2009","9,704.31","9,774.55","9,793.47","9,704.31","-","0.27%"
"06/01/2009","9,677.75","9,517.49","9,691.73","9,491.26","-","1.63%"
"05/29/2009","9,522.50","9,478.21","9,522.50","9,426.52","-","0.75%"
"05/28/2009","9,451.39","9,353.33","9,492.66","9,353.33","-","0.13%"
"05/27/2009","9,438.77","9,426.62","9,491.13","9,411.54","-","1.37%"
"05/26/2009","9,310.81","9,364.22","9,379.78","9,231.93","-","-0.39%"
"05/25/2009","9,347.00","9,245.95","9,402.76","9,245.95","-","1.31%"
"05/22/2009","9,225.81","9,156.14","9,267.82","9,126.69","-","-0.41%"
"05/21/2009","9,264.15","9,280.35","9,286.35","9,189.92","-","-0.86%"
"05/20/2009","9,344.64","9,372.72","9,399.40","9,311.61","-","0.59%"
"05/19/2009","9,290.29","9,172.56","9,326.75","9,166.97","-","2.78%"
"05/18/2009","9,038.69","9,167.05","9,167.82","8,997.74","-","-2.44%"
"05/15/2009","9,265.02","9,150.21","9,272.08","9,140.90","-","1.88%"
"05/14/2009","9,093.73","9,212.30","9,223.77","9,052.41","-","-2.64%"
"05/13/2009","9,340.49","9,305.79","9,379.47","9,278.89","-","0.45%"
"05/12/2009","9,298.61","9,358.25","9,389.61","9,298.61","-","-1.62%"
"05/11/2009","9,451.98","9,460.72","9,503.91","9,342.75","-","0.20%"
"05/08/2009","9,432.83","9,351.40","9,464.43","9,349.57","-","0.50%"
"05/07/2009","9,385.70","9,102.35","9,385.70","9,100.11","-","4.55%"
"05/01/2009","8,977.37","8,848.84","9,017.32","8,827.13","-","1.69%"
"04/30/2009","8,828.26","8,615.45","8,844.77","8,615.45","-","3.94%"
"04/28/2009","8,493.77","8,678.28","8,808.64","8,493.77","-","-2.67%"
"04/27/2009","8,726.34","8,783.34","8,840.53","8,648.51","-","0.21%"
"04/24/2009","8,707.99","8,832.10","8,852.83","8,694.92","-","-1.57%"
"04/23/2009","8,847.01","8,776.94","8,860.55","8,647.80","-","1.37%"
"04/22/2009","8,727.30","8,777.53","8,802.90","8,683.27","-","0.18%"
"04/21/2009","8,711.33","8,802.09","8,802.09","8,612.76","-","-2.39%"
"04/20/2009","8,924.75","8,899.59","8,933.80","8,813.72","-","0.19%"
"04/17/2009","8,907.58","8,854.33","8,953.34","8,834.63","-","1.74%"
"04/16/2009","8,755.26","8,848.43","9,030.00","8,720.62","-","0.14%"
"04/15/2009","8,742.96","8,777.68","8,800.52","8,681.03","-","-1.13%"
"04/14/2009","8,842.68","8,955.90","8,961.73","8,749.92","-","-0.92%"
"04/13/2009","8,924.43","8,930.35","9,024.45","8,888.10","-","-0.44%"
"04/10/2009","8,964.11","9,041.23","9,068.80","8,856.69","-","0.54%"
"04/09/2009","8,916.06","8,665.16","8,920.86","8,664.26","-","3.74%"
"04/08/2009","8,595.01","8,746.73","8,765.64","8,556.75","-","-2.69%"
"04/07/2009","8,832.85","8,838.66","8,884.45","8,778.92","-","-0.28%"
"04/06/2009","8,857.93","8,856.84","8,992.06","8,812.36","-","1.24%"
"04/03/2009","8,749.84","8,814.10","8,884.63","8,697.17","-","0.34%"
"04/02/2009","8,719.78","8,453.73","8,741.67","8,449.87","-","4.40%"
"04/01/2009","8,351.91","8,173.36","8,351.91","8,084.62","-","2.99%"
"03/31/2009","8,109.53","8,199.43","8,383.74","8,088.45","-","-1.54%"
"03/30/2009","8,236.08","8,621.85","8,651.06","8,236.08","-","-4.53%"
"03/27/2009","8,626.97","8,711.72","8,843.18","8,626.97","-","-0.11%"
"03/26/2009","8,636.33","8,430.22","8,640.28","8,383.99","-","1.84%"
"03/25/2009","8,479.99","8,499.69","8,553.01","8,392.56","-","-0.10%"
"03/24/2009","8,488.30","8,334.68","8,504.41","8,297.27","-","3.32%"
"03/23/2009","8,215.53","7,943.14","8,229.13","7,922.55","-","3.39%"
"03/19/2009","7,945.96","8,017.93","8,034.09","7,902.49","-","-0.33%"
"03/18/2009","7,972.17","8,006.86","8,054.35","7,895.28","-","0.29%"
"03/17/2009","7,949.13","7,767.34","7,967.03","7,723.94","-","3.18%"
"03/16/2009","7,704.15","7,630.20","7,754.75","7,630.20","-","1.78%"
"03/13/2009","7,569.28","7,301.12","7,571.45","7,300.87","-","5.15%"
"03/12/2009","7,198.25","7,320.45","7,345.02","7,198.25","-","-2.41%"
"03/11/2009","7,376.12","7,165.39","7,393.81","7,161.85","-","4.55%"
"03/10/2009","7,054.98","7,059.77","7,100.77","7,021.28","-","-0.44%"
"03/09/2009","7,086.03","7,191.13","7,241.02","7,028.49","-","-1.21%"
"03/06/2009","7,173.10","7,328.29","7,328.29","7,167.07","-","-3.50%"
"03/05/2009","7,433.49","7,336.02","7,532.87","7,336.02","-","1.95%"
"03/04/2009","7,290.96","7,146.71","7,320.65","7,104.63","-","0.85%"
"03/03/2009","7,229.72","7,177.79","7,288.14","7,088.47","-","-0.69%"
"03/02/2009","7,280.15","7,454.28","7,454.28","7,234.96","-","-3.81%"
"02/27/2009","7,568.42","7,463.42","7,589.77","7,414.40","-","1.48%"
"02/26/2009","7,457.93","7,470.60","7,599.81","7,433.06","-","-0.04%"
"02/25/2009","7,461.22","7,368.44","7,471.03","7,330.44","-","2.65%"
"02/24/2009","7,268.56","7,266.68","7,270.90","7,155.16","-","-1.46%"
"02/23/2009","7,376.16","7,314.30","7,417.18","7,209.43","-","-0.54%"
"02/20/2009","7,416.38","7,544.07","7,554.70","7,382.33","-","-1.87%"
"02/19/2009","7,557.65","7,604.22","7,642.69","7,537.56","-","0.31%"
"02/18/2009","7,534.44","7,539.96","7,565.79","7,479.18","-","-1.45%"
"02/17/2009","7,645.51","7,690.13","7,710.43","7,615.94","-","-1.35%"
"02/16/2009","7,750.17","7,732.68","7,804.24","7,694.73","-","-0.38%"
"02/13/2009","7,779.40","7,789.35","7,887.74","7,730.27","-","0.96%"
"02/12/2009","7,705.36","7,842.53","7,862.52","7,685.68","-","-3.03%"
"02/10/2009","7,945.94","8,066.94","8,124.79","7,917.27","-","-0.29%"
"02/09/2009","7,969.03","8,178.07","8,257.71","7,969.03","-","-1.33%"
"02/06/2009","8,076.62","8,054.27","8,169.04","8,033.24","-","1.60%"
"02/05/2009","7,949.65","7,985.53","8,093.96","7,901.04","-","-1.11%"
"02/04/2009","8,038.94","7,897.24","8,084.97","7,863.65","-","2.73%"
"02/03/2009","7,825.51","7,862.95","8,084.41","7,800.80","-","-0.62%"
"02/02/2009","7,873.98","7,908.51","7,955.75","7,795.27","-","-1.50%"
"01/30/2009","7,994.05","8,142.88","8,142.88","7,922.39","-","-3.12%"
"01/29/2009","8,251.24","8,201.16","8,305.38","8,138.99","-","1.79%"
"01/28/2009","8,106.29","8,052.25","8,171.63","7,936.59","-","0.56%"
"01/27/2009","8,061.07","7,782.90","8,115.15","7,782.07","-","4.93%"
"01/26/2009","7,682.14","7,714.26","7,807.16","7,671.04","-","-0.81%"
"01/23/2009","7,745.25","7,965.41","7,965.41","7,745.25","-","-3.81%"
"01/22/2009","8,051.74","7,988.30","8,051.74","7,809.89","-","1.90%"
"01/21/2009","7,901.64","7,949.96","8,009.22","7,829.30","-","-2.04%"
"01/20/2009","8,065.79","8,187.14","8,190.42","7,962.46","-","-2.31%"
"01/19/2009","8,256.85","8,318.26","8,351.68","8,221.84","-","0.32%"
"01/16/2009","8,230.15","8,125.20","8,283.91","8,067.47","-","2.58%"
"01/15/2009","8,023.31","8,309.38","8,309.38","7,997.73","-","-4.92%"
"01/14/2009","8,438.45","8,425.75","8,516.07","8,359.16","-","0.29%"
"01/13/2009","8,413.91","8,732.63","8,732.93","8,405.50","-","-4.79%"
"01/09/2009","8,836.80","8,932.71","8,956.85","8,773.20","-","-0.45%"
"01/08/2009","8,876.42","9,143.21","9,148.83","8,876.42","-","-3.93%"
"01/07/2009","9,239.24","9,133.80","9,325.35","9,106.05","-","1.74%"
"01/06/2009","9,080.84","9,130.01","9,171.03","9,029.94","-","0.42%"
"01/05/2009","9,043.12","8,991.21","9,127.38","8,987.36","-","2.07%"
"12/30/2008","8,859.56","8,716.28","8,859.56","8,702.95","-","1.28%"
"12/29/2008","8,747.17","8,726.31","8,763.67","8,638.60","-","0.09%"
"12/26/2008","8,739.52","8,642.14","8,740.76","8,611.36","-","1.63%"
"12/25/2008","8,599.50","8,531.51","8,599.50","8,531.16","-","0.97%"
"12/24/2008","8,517.10","8,630.25","8,631.83","8,476.69","-","-2.37%"
"12/22/2008","8,723.78","8,602.50","8,751.18","8,593.76","-","1.57%"
"12/19/2008","8,588.52","8,640.22","8,743.22","8,570.56","-","-0.91%"
"12/18/2008","8,667.23","8,565.16","8,728.36","8,534.84","-","0.64%"
"12/17/2008","8,612.52","8,658.22","8,741.24","8,425.66","-","0.52%"
"12/16/2008","8,568.02","8,608.40","8,634.26","8,471.24","-","-1.12%"
"12/15/2008","8,664.66","8,349.85","8,700.17","8,349.85","-","5.21%"
"12/12/2008","8,235.87","8,599.12","8,610.73","8,087.99","-","-5.56%"
"12/11/2008","8,720.55","8,642.26","8,720.55","8,519.11","-","0.70%"
"12/10/2008","8,660.24","8,376.00","8,704.92","8,376.00","-","3.15%"
"12/09/2008","8,395.87","8,362.37","8,499.60","8,314.85","-","0.80%"
"12/08/2008","8,329.05","7,970.69","8,358.27","7,959.01","-","5.20%"
"12/05/2008","7,917.51","7,975.05","8,024.33","7,908.65","-","-0.08%"
"12/04/2008","7,924.24","8,030.20","8,107.69","7,849.84","-","-1.00%"
"12/03/2008","8,004.10","7,965.31","8,056.38","7,889.82","-","1.79%"
"12/02/2008","7,863.69","8,266.32","8,266.32","7,863.69","-","-6.35%"
"12/01/2008","8,397.22","8,464.36","8,464.36","8,307.28","-","-1.35%"
"11/28/2008","8,512.27","8,400.05","8,518.13","8,336.57","-","1.66%"
"11/27/2008","8,373.39","8,311.24","8,458.68","8,300.49","-","1.95%"
"11/26/2008","8,213.22","8,229.72","8,317.83","8,149.56","-","-1.33%"
"11/25/2008","8,323.93","8,026.06","8,356.83","8,025.69","-","5.22%"
"11/21/2008","7,910.79","7,600.35","7,994.68","7,406.18","-","2.70%"
"11/20/2008","7,703.04","8,149.77","8,149.79","7,703.04","-","-6.89%"
"11/19/2008","8,273.22","8,309.35","8,370.09","8,115.71","-","-0.66%"
"11/18/2008","8,328.41","8,415.60","8,440.41","8,302.24","-","-2.28%"
"11/17/2008","8,522.58","8,366.88","8,767.98","8,218.82","-","0.71%"
"11/14/2008","8,462.39","8,378.13","8,689.85","8,378.13","-","2.72%"
"11/13/2008","8,238.64","8,564.47","8,564.47","8,148.30","-","-5.25%"
"11/12/2008","8,695.51","8,694.91","8,782.48","8,574.20","-","-1.29%"
"11/11/2008","8,809.30","8,965.29","9,056.31","8,704.56","-","-3.00%"
"11/10/2008","9,081.43","8,711.99","9,106.29","8,711.99","-","5.81%"
"11/07/2008","8,583.00","8,774.49","8,868.10","8,266.09","-","-3.55%"
"11/06/2008","8,899.14","9,373.65","9,380.30","8,806.71","-","-6.53%"
"11/05/2008","9,521.24","9,224.05","9,521.24","9,216.30","-","4.46%"
"11/04/2008","9,114.60","8,702.77","9,142.29","8,699.77","-","6.27%"
"10/31/2008","8,576.98","8,958.22","9,012.31","8,576.98","-","-5.01%"
"10/30/2008","9,029.76","8,269.71","9,030.85","8,269.71","-","9.96%"
"10/29/2008","8,211.90","7,741.52","8,211.90","7,741.52","-","7.74%"
"10/28/2008","7,621.92","7,143.34","7,626.42","6,994.90","-","6.41%"
"10/27/2008","7,162.90","7,568.36","7,878.97","7,141.27","-","-6.36%"
"10/24/2008","7,649.08","8,391.04","8,391.04","7,647.07","-","-9.60%"
"10/23/2008","8,460.98","8,547.79","8,547.79","8,016.61","-","-2.46%"
"10/22/2008","8,674.69","9,198.14","9,198.14","8,674.69","-","-6.79%"
"10/21/2008","9,306.25","9,139.26","9,358.51","9,135.41","-","3.34%"
"10/20/2008","9,005.59","8,775.24","9,038.45","8,687.70","-","3.59%"
"10/17/2008","8,693.82","8,579.57","8,763.71","8,539.51","-","2.78%"
"10/16/2008","8,458.45","9,400.85","9,400.85","8,458.45","-","-11.41%"
"10/15/2008","9,547.47","9,390.50","9,601.30","9,269.49","-","1.06%"
"10/14/2008","9,447.57","8,407.94","9,455.62","8,407.94","-","14.15%"
"10/10/2008","8,276.43","9,016.34","9,016.34","8,115.41","-","-9.62%"
"10/09/2008","9,157.49","9,168.16","9,443.45","9,100.93","-","-0.50%"
"10/08/2008","9,203.32","10,011.64","10,011.64","9,159.81","-","-9.38%"
"10/07/2008","10,155.90","10,328.54","10,363.14","9,916.21","-","-3.03%"
"10/06/2008","10,473.09","10,817.27","10,839.50","10,374.38","-","-4.25%"
"10/03/2008","10,938.14","11,052.10","11,099.73","10,938.14","-","-1.94%"
"10/02/2008","11,154.76","11,423.13","11,452.39","11,143.79","-","-1.88%"
"10/01/2008","11,368.26","11,396.61","11,456.64","11,314.28","-","0.96%"
"09/30/2008","11,259.86","11,565.70","11,565.70","11,160.83","-","-4.12%"
"09/29/2008","11,743.61","11,883.25","12,062.67","11,721.05","-","-1.26%"
"09/26/2008","11,893.16","12,026.34","12,082.64","11,788.73","-","-0.94%"
"09/25/2008","12,006.53","11,925.71","12,025.41","11,835.28","-","-0.90%"
"09/24/2008","12,115.03","12,031.98","12,115.03","11,904.60","-","0.20%"
"09/22/2008","12,090.59","12,037.89","12,263.95","12,037.89","-","1.42%"
"09/19/2008","11,920.86","11,631.60","11,920.86","11,615.20","-","3.76%"
"09/18/2008","11,489.30","11,576.94","11,577.88","11,301.46","-","-2.22%"
"09/17/2008","11,749.79","11,737.62","11,880.03","11,708.70","-","1.21%"
"09/16/2008","11,609.72","12,028.45","12,028.45","11,551.40","-","-4.95%"
"09/12/2008","12,214.76","12,256.78","12,277.57","12,059.09","-","0.93%"
"09/11/2008","12,102.50","12,237.52","12,259.02","12,081.51","-","-1.98%"
"09/10/2008","12,346.63","12,249.14","12,404.67","12,159.97","-","-0.44%"
"09/09/2008","12,400.65","12,529.96","12,529.96","12,335.74","-","-1.77%"
"09/08/2008","12,624.46","12,359.93","12,671.76","12,352.35","-","3.38%"
"09/05/2008","12,212.23","12,385.65","12,385.65","12,163.33","-","-2.75%"
"09/04/2008","12,557.66","12,627.64","12,660.57","12,514.26","-","-1.04%"
"09/03/2008","12,689.59","12,703.36","12,767.50","12,647.29","-","0.64%"
"09/02/2008","12,609.47","12,779.89","12,920.52","12,491.07","-","-1.75%"
"09/01/2008","12,834.18","12,936.81","12,940.55","12,834.18","-","-1.83%"
"08/29/2008","13,072.87","12,925.45","13,079.37","12,918.49","-","2.39%"
"08/28/2008","12,768.25","12,827.72","12,847.46","12,718.53","-","0.12%"
"08/27/2008","12,752.96","12,734.39","12,783.63","12,681.98","-","-0.20%"
"08/26/2008","12,778.71","12,711.03","12,801.21","12,656.09","-","-0.78%"
"08/25/2008","12,878.66","12,797.54","12,949.33","12,797.54","-","1.68%"
"08/22/2008","12,666.04","12,727.37","12,732.69","12,631.94","-","-0.68%"
"08/21/2008","12,752.21","12,885.34","12,885.34","12,723.83","-","-0.77%"
"08/20/2008","12,851.69","12,753.98","12,923.66","12,753.98","-","-0.10%"
"08/19/2008","12,865.05","13,016.50","13,016.50","12,782.10","-","-2.28%"
"08/18/2008","13,165.45","12,971.49","13,270.37","12,934.22","-","1.12%"
"08/15/2008","13,019.41","12,991.91","13,029.58","12,952.21","-","0.48%"
"08/14/2008","12,956.80","12,942.61","13,090.68","12,926.98","-","-0.51%"
"08/13/2008","13,023.05","13,205.64","13,205.64","12,953.34","-","-2.11%"
"08/12/2008","13,303.60","13,397.99","13,420.10","13,276.15","-","-0.95%"
"08/11/2008","13,430.91","13,259.46","13,468.81","13,259.46","-","1.99%"
"08/08/2008","13,168.41","13,026.53","13,259.73","12,962.82","-","0.33%"
"08/07/2008","13,124.99","13,257.99","13,257.99","13,034.15","-","-0.98%"
"08/06/2008","13,254.89","13,059.43","13,295.51","13,048.97","-","2.63%"
"08/05/2008","12,914.66","12,957.01","13,049.58","12,893.34","-","-0.14%"
"08/04/2008","12,933.18","13,083.28","13,113.94","12,910.17","-","-1.23%"
"08/01/2008","13,094.59","13,276.57","13,294.17","13,039.21","-","-2.11%"
"07/31/2008","13,376.81","13,410.40","13,467.67","13,256.38","-","0.07%"
"07/30/2008","13,367.79","13,267.37","13,372.28","13,264.08","-","1.58%"
"07/29/2008","13,159.45","13,220.33","13,220.33","13,018.22","-","-1.46%"
"07/28/2008","13,353.78","13,407.36","13,468.94","13,327.12","-","0.14%"
"07/25/2008","13,334.76","13,452.37","13,469.83","13,324.22","-","-1.97%"
"07/24/2008","13,603.31","13,411.28","13,603.31","13,393.57","-","2.18%"
"07/23/2008","13,312.93","13,259.65","13,388.63","13,238.55","-","0.97%"
"07/22/2008","13,184.96","12,944.56","13,184.96","12,921.02","-","2.98%"
"07/18/2008","12,803.70","12,976.22","12,999.64","12,762.33","-","-0.65%"
"07/17/2008","12,887.95","12,889.80","12,929.74","12,852.93","-","1.00%"
"07/16/2008","12,760.80","12,725.12","12,815.40","12,671.34","-","0.05%"
"07/15/2008","12,754.56","12,902.13","12,902.13","12,715.81","-","-1.96%"
"07/14/2008","13,010.16","13,022.29","13,185.90","12,969.93","-","-0.23%"
"07/11/2008","13,039.69","13,063.50","13,164.10","12,918.22","-","-0.21%"
"07/10/2008","13,067.21","12,934.31","13,139.85","12,930.32","-","0.12%"
"07/09/2008","13,052.13","13,169.89","13,284.65","13,038.77","-","0.15%"
"07/08/2008","13,033.10","13,286.50","13,294.97","12,984.54","-","-2.45%"
"07/07/2008","13,360.04","13,212.80","13,409.30","13,169.55","-","0.92%"
"07/04/2008","13,237.89","13,285.49","13,288.55","13,135.46","-","-0.21%"
"07/03/2008","13,265.40","13,161.78","13,326.95","13,118.89","-","-0.16%"
"07/02/2008","13,286.37","13,489.87","13,489.87","13,247.05","-","-1.31%"
"07/01/2008","13,463.20","13,514.86","13,576.41","13,448.35","-","-0.13%"
"06/30/2008","13,481.38","13,584.51","13,598.48","13,454.28","-","-0.46%"
"06/27/2008","13,544.36","13,605.26","13,605.56","13,453.35","-","-2.01%"
"06/26/2008","13,822.32","13,845.41","13,950.56","13,798.05","-","-0.05%"
"06/25/2008","13,829.92","13,820.78","13,833.23","13,635.68","-","-0.14%"
"06/24/2008","13,849.56","13,766.28","13,877.49","13,738.39","-","-0.06%"
"06/23/2008","13,857.47","13,769.44","13,920.75","13,667.84","-","-0.61%"
"06/20/2008","13,942.08","14,171.02","14,190.00","13,903.21","-","-1.33%"
"06/19/2008","14,130.17","14,324.71","14,324.71","14,069.16","-","-2.23%"
"06/18/2008","14,452.82","14,301.36","14,469.99","14,301.36","-","0.73%"
"06/17/2008","14,348.37","14,387.00","14,387.00","14,299.67","-","-0.04%"
"06/16/2008","14,354.37","14,118.23","14,369.09","14,103.50","-","2.72%"
"06/13/2008","13,973.73","14,011.12","14,041.34","13,810.38","-","0.61%"
"06/12/2008","13,888.60","14,010.32","14,010.32","13,826.07","-","-2.08%"
"06/11/2008","14,183.48","14,137.54","14,194.48","13,993.57","-","1.16%"
"06/10/2008","14,021.17","14,281.36","14,308.89","13,983.56","-","-1.13%"
"06/09/2008","14,181.38","14,275.34","14,278.84","14,117.79","-","-2.13%"
"06/06/2008","14,489.44","14,530.36","14,601.27","14,489.44","-","1.03%"
"06/05/2008","14,341.12","14,392.59","14,392.59","14,262.02","-","-0.65%"
"06/04/2008","14,435.57","14,270.07","14,435.57","14,250.11","-","1.59%"
"06/03/2008","14,209.17","14,275.61","14,289.47","14,127.75","-","-1.60%"
"06/02/2008","14,440.14","14,342.96","14,461.03","14,189.97","-","0.71%"
"05/30/2008","14,338.54","14,195.66","14,366.63","14,192.17","-","1.52%"
"05/29/2008","14,124.47","13,832.65","14,147.89","13,832.65","-","3.03%"
"05/28/2008","13,709.44","13,937.14","13,979.39","13,665.57","-","-1.32%"
"05/27/2008","13,893.31","13,750.82","13,931.23","13,750.82","-","1.48%"
"05/26/2008","13,690.19","13,875.98","13,883.51","13,670.92","-","-2.30%"
"05/23/2008","14,012.20","13,945.10","14,157.24","13,925.38","-","0.24%"
"05/22/2008","13,978.46","13,772.65","13,984.81","13,658.02","-","0.37%"
"05/21/2008","13,926.30","14,002.52","14,041.24","13,847.18","-","-1.65%"
"05/20/2008","14,160.09","14,220.12","14,286.67","14,121.92","-","-0.77%"
"05/19/2008","14,269.61","14,294.52","14,343.19","14,219.08","-","0.35%"
"05/16/2008","14,219.48","14,363.62","14,392.53","14,194.91","-","-0.23%"
"05/15/2008","14,251.74","14,167.02","14,352.84","14,167.02","-","0.94%"
"05/14/2008","14,118.55","13,961.96","14,121.94","13,877.40","-","1.18%"
"05/13/2008","13,953.73","13,814.39","13,976.92","13,734.50","-","1.53%"
"05/12/2008","13,743.36","13,565.91","13,793.41","13,540.68","-","0.64%"
"05/09/2008","13,655.34","13,941.30","13,946.51","13,639.99","-","-2.06%"
"05/08/2008","13,943.26","14,008.19","14,036.31","13,930.28","-","-1.13%"
"05/07/2008","14,102.48","14,147.57","14,208.67","14,022.79","-","0.38%"
"05/02/2008","14,049.26","13,944.26","14,072.92","13,944.26","-","2.05%"
"05/01/2008","13,766.86","13,802.59","13,884.63","13,727.07","-","-0.60%"
"04/30/2008","13,849.99","13,802.94","13,976.10","13,766.24","-","-0.32%"
"04/28/2008","13,894.37","13,907.97","14,003.28","13,745.61","-","0.22%"
"04/25/2008","13,863.47","13,614.53","13,886.37","13,614.53","-","2.38%"
"04/24/2008","13,540.87","13,613.83","13,654.78","13,497.16","-","-0.28%"
"04/23/2008","13,579.16","13,455.56","13,717.05","13,449.04","-","0.23%"
"04/22/2008","13,547.82","13,587.51","13,608.17","13,519.12","-","-1.09%"
"04/21/2008","13,696.55","13,639.85","13,739.44","13,639.77","-","1.63%"
"04/18/2008","13,476.45","13,426.26","13,485.04","13,323.74","-","0.58%"
"04/17/2008","13,398.30","13,315.83","13,495.94","13,313.06","-","1.92%"
"04/16/2008","13,146.13","13,130.66","13,222.43","13,112.07","-","1.20%"
"04/15/2008","12,990.58","12,952.65","13,052.82","12,875.92","-","0.57%"
"04/14/2008","12,917.51","13,132.67","13,132.67","12,858.63","-","-3.05%"
"04/11/2008","13,323.73","13,061.77","13,329.40","13,040.35","-","2.92%"
"04/10/2008","12,945.30","13,029.81","13,062.46","12,898.49","-","-1.27%"
"04/09/2008","13,111.89","13,295.16","13,348.38","12,998.54","-","-1.05%"
"04/08/2008","13,250.43","13,373.96","13,402.91","13,225.76","-","-1.49%"
"04/07/2008","13,450.23","13,240.56","13,485.90","13,228.86","-","1.18%"
"04/04/2008","13,293.22","13,286.35","13,360.81","13,220.00","-","-0.72%"
"04/03/2008","13,389.90","13,190.16","13,389.90","13,137.10","-","1.52%"
"04/02/2008","13,189.36","12,836.41","13,189.36","12,836.41","-","4.21%"
"04/01/2008","12,656.42","12,539.80","12,779.14","12,521.84","-","1.04%"
"03/31/2008","12,525.54","12,709.28","12,709.28","12,430.63","-","-2.30%"
"03/28/2008","12,820.47","12,594.34","12,874.45","12,507.68","-","1.71%"
"03/27/2008","12,604.58","12,618.42","12,621.56","12,475.88","-","-0.80%"
"03/26/2008","12,706.63","12,648.97","12,711.78","12,591.01","-","-0.30%"
"03/25/2008","12,745.22","12,639.74","12,791.24","12,572.77","-","2.12%"
"03/24/2008","12,480.09","12,473.06","12,582.46","12,438.20","-","-0.02%"
"03/21/2008","12,482.57","12,331.64","12,496.41","12,308.03","-","1.81%"
"03/19/2008","12,260.44","12,142.33","12,374.75","12,142.33","-","2.48%"
"03/18/2008","11,964.16","11,828.99","11,995.06","11,793.60","-","1.50%"
"03/17/2008","11,787.51","12,089.03","12,132.69","11,691.00","-","-3.71%"
"03/14/2008","12,241.60","12,509.81","12,582.57","12,167.09","-","-1.54%"
"03/13/2008","12,433.44","12,741.26","12,772.37","12,351.72","-","-3.33%"
"03/12/2008","12,861.13","12,841.88","13,071.22","12,799.42","-","1.60%"
"03/11/2008","12,658.28","12,392.31","12,674.89","12,352.79","-","1.01%"
"03/10/2008","12,532.13","12,716.84","12,777.07","12,527.07","-","-1.96%"
"03/07/2008","12,782.80","13,024.61","13,024.61","12,744.52","-","-3.27%"
"03/06/2008","13,215.42","13,068.89","13,365.22","13,050.55","-","1.88%"
"03/05/2008","12,972.06","12,973.03","13,044.01","12,919.81","-","-0.16%"
"03/04/2008","12,992.28","13,080.29","13,110.39","12,883.07","-","0.00%"
"03/03/2008","12,992.18","13,412.87","13,413.63","12,992.18","-","-4.49%"
"02/29/2008","13,603.02","13,735.44","13,738.56","13,533.25","-","-2.32%"
"02/28/2008","13,925.51","13,877.88","13,962.30","13,794.71","-","-0.75%"
"02/27/2008","14,031.30","14,007.32","14,105.47","13,956.44","-","1.49%"
"02/26/2008","13,824.72","14,036.89","14,053.85","13,803.46","-","-0.65%"
"02/25/2008","13,914.57","13,612.31","13,969.18","13,612.31","-","3.07%"
"02/22/2008","13,500.46","13,530.19","13,540.62","13,378.72","-","-1.37%"
"02/21/2008","13,688.28","13,462.72","13,783.97","13,439.59","-","2.84%"
"02/20/2008","13,310.37","13,729.75","13,729.75","13,310.37","-","-3.25%"
"02/19/2008","13,757.91","13,761.76","13,853.21","13,691.88","-","0.90%"
"02/18/2008","13,635.40","13,627.31","13,822.45","13,627.31","-","0.09%"
"02/15/2008","13,622.56","13,508.53","13,666.68","13,356.39","-","-0.03%"
"02/14/2008","13,626.45","13,254.59","13,626.45","13,251.86","-","4.27%"
"02/13/2008","13,068.30","13,162.95","13,240.26","13,036.62","-","0.36%"
"02/12/2008","13,021.96","12,998.87","13,138.28","12,923.42","-","0.04%"
"02/08/2008","13,017.24","13,143.08","13,279.52","12,997.88","-","-1.44%"
"02/07/2008","13,207.15","13,077.25","13,244.19","12,972.55","-","0.82%"
"02/06/2008","13,099.24","13,548.53","13,552.19","13,099.24","-","-4.70%"
"02/05/2008","13,745.50","13,806.17","13,821.92","13,665.64","-","-0.82%"
"02/04/2008","13,859.70","13,642.60","13,889.24","13,642.60","-","2.69%"
"02/01/2008","13,497.16","13,517.74","13,648.39","13,444.08","-","-0.70%"
"01/31/2008","13,592.47","13,227.48","13,622.68","13,154.77","-","1.85%"
"01/30/2008","13,345.03","13,500.52","13,514.13","13,271.13","-","-0.99%"
"01/29/2008","13,478.86","13,246.69","13,506.81","13,224.66","-","2.99%"
"01/28/2008","13,087.91","13,482.84","13,501.86","13,087.91","-","-3.97%"
"01/25/2008","13,629.16","13,258.77","13,647.16","13,248.89","-","4.10%"
"01/24/2008","13,092.78","12,952.50","13,134.77","12,952.50","-","2.06%"
"01/23/2008","12,829.06","12,756.31","13,063.78","12,619.78","-","2.04%"
"01/22/2008","12,573.05","13,125.23","13,125.23","12,572.68","-","-5.65%"
"01/21/2008","13,325.94","13,701.43","13,704.65","13,320.51","-","-3.86%"
"01/18/2008","13,861.29","13,577.50","13,902.64","13,365.32","-","0.56%"
"01/17/2008","13,783.45","13,596.38","13,803.08","13,472.45","-","2.07%"
"01/16/2008","13,504.51","13,796.73","13,841.93","13,500.59","-","-3.35%"
"01/15/2008","13,972.63","14,134.91","14,224.00","13,915.15","-","-0.98%"
"01/11/2008","14,110.79","14,419.43","14,447.49","14,096.54","-","-1.93%"
"01/10/2008","14,388.11","14,546.32","14,584.73","14,388.11","-","-1.45%"
"01/09/2008","14,599.16","14,364.71","14,602.65","14,271.57","-","0.49%"
"01/08/2008","14,528.67","14,429.30","14,547.80","14,365.86","-","0.19%"
"01/07/2008","14,500.55","14,549.38","14,667.85","14,438.61","-","-1.30%"
"01/04/2008","14,691.41","15,155.73","15,156.66","14,542.58","-","-4.03%"
"12/28/2007","15,307.78","15,413.37","15,413.37","15,240.96","-","-1.65%"
"12/27/2007","15,564.69","15,616.41","15,628.31","15,535.51","-","-0.57%"
"12/26/2007","15,653.54","15,613.96","15,653.54","15,559.47","-","0.65%"
"12/25/2007","15,552.59","15,441.33","15,583.39","15,441.33","-","1.94%"
"12/21/2007","15,257.00","15,044.35","15,275.61","14,998.01","-","1.50%"
"12/20/2007","15,031.60","15,151.37","15,161.66","15,017.97","-","0.01%"
"12/19/2007","15,030.51","15,165.09","15,267.75","15,030.51","-","-1.17%"
"12/18/2007","15,207.86","15,099.20","15,301.69","15,004.41","-","-0.27%"
"12/17/2007","15,249.79","15,433.30","15,508.50","15,219.07","-","-1.71%"
"12/14/2007","15,514.51","15,547.19","15,697.05","15,433.77","-","-0.14%"
"12/13/2007","15,536.52","15,818.48","15,833.10","15,532.53","-","-2.48%"
"12/12/2007","15,932.26","15,828.65","15,963.43","15,700.15","-","-0.70%"
"12/11/2007","16,044.72","16,003.09","16,075.61","15,972.45","-","0.76%"
"12/10/2007","15,924.39","16,007.33","16,017.14","15,826.25","-","-0.20%"
"12/07/2007","15,956.37","15,992.24","16,107.65","15,948.54","-","0.52%"
"12/06/2007","15,874.08","15,782.40","15,898.26","15,740.94","-","1.70%"
"12/05/2007","15,608.88","15,418.95","15,621.54","15,365.39","-","0.83%"
"12/04/2007","15,480.19","15,613.89","15,683.18","15,446.47","-","-0.95%"
"12/03/2007","15,628.97","15,747.47","15,799.69","15,577.69","-","-0.33%"
"11/30/2007","15,680.67","15,520.53","15,751.20","15,520.53","-","1.08%"
"11/29/2007","15,513.74","15,339.61","15,555.04","15,339.61","-","2.38%"
"11/28/2007","15,153.78","15,271.14","15,280.91","15,089.35","-","-0.45%"
"11/27/2007","15,222.85","14,953.93","15,312.55","14,801.87","-","0.58%"
"11/26/2007","15,135.21","14,921.57","15,295.21","14,912.83","-","1.66%"
"11/22/2007","14,888.77","14,726.62","15,000.18","14,669.85","-","0.34%"
"11/21/2007","14,837.66","15,113.83","15,154.31","14,770.22","-","-2.46%"
"11/20/2007","15,211.52","14,868.98","15,222.24","14,751.27","-","1.12%"
"11/19/2007","15,042.56","15,177.17","15,302.76","15,040.10","-","-0.74%"
"11/16/2007","15,154.61","15,238.73","15,238.73","15,030.02","-","-1.57%"
"11/15/2007","15,396.30","15,536.35","15,587.31","15,396.30","-","-0.67%"
"11/14/2007","15,499.56","15,311.38","15,504.99","15,287.26","-","2.47%"
"11/13/2007","15,126.63","15,148.16","15,235.56","14,988.77","-","-0.46%"
"11/12/2007","15,197.09","15,377.37","15,386.80","14,998.51","-","-2.48%"
"11/09/2007","15,583.42","15,675.48","15,834.97","15,566.12","-","-1.19%"
"11/08/2007","15,771.57","15,889.03","15,891.23","15,626.06","-","-2.02%"
"11/07/2007","16,096.68","16,325.18","16,326.58","16,081.03","-","-0.94%"
"11/06/2007","16,249.63","16,152.58","16,353.93","16,144.40","-","-0.12%"
"11/05/2007","16,268.92","16,458.14","16,458.14","16,211.79","-","-1.50%"
"11/02/2007","16,517.48","16,647.40","16,654.73","16,484.54","-","-2.09%"
"11/01/2007","16,870.40","16,812.90","16,887.04","16,795.55","-","0.79%"
"10/31/2007","16,737.63","16,620.59","16,738.98","16,552.54","-","0.52%"
"10/30/2007","16,651.01","16,655.31","16,682.87","16,492.56","-","-0.28%"
"10/29/2007","16,698.08","16,613.30","16,774.18","16,613.30","-","1.17%"
"10/26/2007","16,505.63","16,358.61","16,505.63","16,348.86","-","1.36%"
"10/25/2007","16,284.17","16,368.02","16,438.57","16,199.02","-","-0.45%"
"10/24/2007","16,358.39","16,518.00","16,578.59","16,330.33","-","-0.56%"
"10/23/2007","16,450.58","16,486.71","16,554.91","16,416.92","-","0.07%"
"10/22/2007","16,438.47","16,563.57","16,563.57","16,264.70","-","-2.24%"
"10/19/2007","16,814.37","16,965.00","16,965.00","16,711.57","-","-1.71%"
"10/18/2007","17,106.09","16,974.69","17,147.73","16,974.69","-","0.89%"
"10/17/2007","16,955.31","17,114.20","17,114.20","16,795.74","-","-1.07%"
"10/16/2007","17,137.92","17,267.07","17,283.05","17,104.20","-","-1.27%"
"10/15/2007","17,358.15","17,399.67","17,430.09","17,292.13","-","0.16%"
"10/12/2007","17,331.17","17,417.94","17,441.75","17,280.60","-","-0.73%"
"10/11/2007","17,458.98","17,188.81","17,488.97","17,154.75","-","1.64%"
"10/10/2007","17,177.89","17,231.14","17,254.52","17,146.39","-","0.10%"
"10/09/2007","17,159.90","17,166.17","17,237.40","17,133.52","-","0.56%"
"10/05/2007","17,065.04","17,070.61","17,144.35","17,032.75","-","-0.16%"
"10/04/2007","17,092.49","17,085.32","17,160.47","17,043.76","-","-0.62%"
"10/03/2007","17,199.89","17,066.14","17,205.42","17,017.77","-","0.90%"
"10/02/2007","17,046.78","17,027.92","17,072.67","16,986.38","-","1.19%"
"10/01/2007","16,845.96","16,773.10","16,899.84","16,685.80","-","0.36%"
"09/28/2007","16,785.69","16,903.64","16,929.26","16,755.21","-","-0.28%"
"09/27/2007","16,832.22","16,551.94","16,868.94","16,551.94","-","2.41%"
"09/26/2007","16,435.74","16,388.51","16,457.72","16,388.51","-","0.21%"
"09/25/2007","16,401.73","16,317.19","16,434.80","16,240.26","-","0.55%"
"09/21/2007","16,312.61","16,284.43","16,353.97","16,245.94","-","-0.62%"
"09/20/2007","16,413.79","16,474.66","16,491.45","16,344.28","-","0.20%"
"09/19/2007","16,381.54","16,038.12","16,386.17","16,038.12","-","3.67%"
"09/18/2007","15,801.80","16,037.49","16,037.49","15,780.90","-","-2.02%"
"09/14/2007","16,127.42","15,895.05","16,142.08","15,877.09","-","1.94%"
"09/13/2007","15,821.19","15,886.76","15,931.09","15,802.36","-","0.15%"
"09/12/2007","15,797.60","15,978.78","16,032.26","15,731.32","-","-0.50%"
"09/11/2007","15,877.67","15,787.86","15,940.38","15,610.65","-","0.71%"
"09/10/2007","15,764.97","15,906.52","15,906.52","15,651.83","-","-2.22%"
"09/07/2007","16,122.16","16,179.78","16,230.58","16,027.93","-","-0.83%"
"09/06/2007","16,257.00","16,003.88","16,257.00","15,840.05","-","0.61%"
"09/05/2007","16,158.45","16,506.11","16,553.22","16,154.90","-","-1.60%"
"09/04/2007","16,420.47","16,445.73","16,511.64","16,392.21","-","-0.63%"
"09/03/2007","16,524.93","16,511.07","16,575.97","16,452.74","-","-0.27%"
"08/31/2007","16,569.09","16,270.99","16,569.09","16,266.23","-","2.57%"
"08/30/2007","16,153.82","16,182.09","16,269.66","16,091.28","-","0.88%"
"08/29/2007","16,012.83","16,068.10","16,068.10","15,830.28","-","-1.69%"
"08/28/2007","16,287.49","16,214.09","16,343.28","16,192.84","-","-0.09%"
"08/27/2007","16,301.39","16,429.01","16,504.72","16,263.95","-","0.32%"
"08/24/2007","16,248.97","16,286.01","16,329.96","16,188.08","-","-0.41%"
"08/23/2007","16,316.32","16,093.82","16,333.36","16,093.82","-","2.61%"
"08/22/2007","15,900.64","15,866.60","15,957.96","15,787.96","-","-0.00%"
"08/21/2007","15,901.34","15,773.86","16,101.64","15,754.51","-","1.07%"
"08/20/2007","15,732.48","15,477.26","15,940.61","15,477.26","-","3.00%"
"08/17/2007","15,273.68","16,035.38","16,062.59","15,262.10","-","-5.42%"
"08/16/2007","16,148.49","16,296.40","16,296.40","15,859.46","-","-1.99%"
"08/15/2007","16,475.61","16,659.07","16,667.36","16,433.30","-","-2.19%"
"08/14/2007","16,844.61","16,824.63","16,855.05","16,747.94","-","0.27%"
"08/13/2007","16,800.05","16,791.80","16,948.40","16,725.55","-","0.21%"
"08/10/2007","16,764.09","16,923.21","16,948.96","16,651.71","-","-2.37%"
"08/09/2007","17,170.60","17,170.36","17,274.33","17,148.95","-","0.83%"
"08/08/2007","17,029.28","16,930.39","17,085.10","16,911.68","-","0.64%"
"08/07/2007","16,921.77","17,009.63","17,049.45","16,863.46","-","0.04%"
"08/06/2007","16,914.46","16,781.14","16,951.98","16,675.39","-","-0.39%"
"08/03/2007","16,979.86","17,019.80","17,102.07","16,913.27","-","-0.03%"
"08/02/2007","16,984.11","16,956.33","16,999.16","16,652.80","-","0.67%"
"08/01/2007","16,870.98","17,169.20","17,169.20","16,845.54","-","-2.19%"
"07/31/2007","17,248.89","17,318.01","17,318.01","17,195.29","-","-0.23%"
"07/30/2007","17,289.30","17,138.53","17,289.30","17,042.66","-","0.03%"
"07/27/2007","17,283.81","17,454.59","17,454.59","17,196.16","-","-2.36%"
"07/26/2007","17,702.09","17,807.23","17,861.47","17,678.98","-","-0.88%"
"07/25/2007","17,858.42","17,810.97","17,881.31","17,733.96","-","-0.80%"
"07/24/2007","18,002.03","17,998.76","18,018.94","17,906.11","-","0.21%"
"07/23/2007","17,963.64","17,995.71","18,009.47","17,892.75","-","-1.07%"
"07/20/2007","18,157.93","18,148.60","18,223.04","18,124.74","-","0.23%"
"07/19/2007","18,116.57","18,095.95","18,131.12","18,037.33","-","0.56%"
"07/18/2007","18,015.58","18,136.06","18,136.06","17,964.28","-","-1.11%"
"07/17/2007","18,217.27","18,269.36","18,269.36","18,167.82","-","-0.12%"
"07/13/2007","18,238.95","18,161.02","18,268.64","18,150.99","-","1.42%"
"07/12/2007","17,984.14","18,105.89","18,130.44","17,919.17","-","-0.36%"
"07/11/2007","18,049.51","18,116.66","18,116.66","18,028.87","-","-1.11%"
"07/10/2007","18,252.67","18,244.69","18,259.81","18,204.04","-","-0.05%"
"07/09/2007","18,261.98","18,226.07","18,282.15","18,213.59","-","0.67%"
"07/06/2007","18,140.94","18,184.64","18,184.64","18,086.01","-","-0.44%"
"07/05/2007","18,221.48","18,191.89","18,295.27","18,191.89","-","0.29%"
"07/04/2007","18,168.72","18,158.77","18,207.97","18,143.58","-","0.10%"
"07/03/2007","18,149.90","18,206.49","18,230.89","18,146.74","-","0.02%"
"07/02/2007","18,146.30","18,139.04","18,175.30","18,062.49","-","0.04%"
"06/29/2007","18,138.36","18,010.50","18,144.63","17,973.50","-","1.15%"
"06/28/2007","17,932.27","17,915.63","17,960.22","17,893.37","-","0.46%"
"06/27/2007","17,849.28","17,981.77","17,983.35","17,848.05","-","-1.20%"
"06/26/2007","18,066.11","18,098.33","18,101.89","18,008.60","-","-0.12%"
"06/25/2007","18,087.48","18,107.68","18,203.56","18,079.85","-","-0.56%"
"06/22/2007","18,188.63","18,177.89","18,200.11","18,092.36","-","-0.28%"
"06/21/2007","18,240.30","18,117.30","18,287.73","18,107.81","-","0.16%"
"06/20/2007","18,211.68","18,173.07","18,297.00","18,141.95","-","0.26%"
"06/19/2007","18,163.61","18,131.59","18,163.61","18,103.56","-","0.08%"
"06/18/2007","18,149.52","18,127.41","18,194.26","18,112.93","-","0.99%"
"06/15/2007","17,971.49","17,945.84","18,007.99","17,930.34","-","0.72%"
"06/14/2007","17,842.29","17,834.78","17,875.02","17,815.30","-","0.62%"
"06/13/2007","17,732.77","17,631.87","17,781.41","17,591.93","-","-0.16%"
"06/12/2007","17,760.91","17,845.22","17,862.99","17,735.56","-","-0.41%"
"06/11/2007","17,834.48","17,899.02","17,932.10","17,801.63","-","0.31%"
"06/08/2007","17,779.09","17,904.68","17,904.68","17,696.51","-","-1.52%"
"06/07/2007","18,053.38","17,879.01","18,053.38","17,866.52","-","0.07%"
"06/06/2007","18,040.93","18,001.20","18,073.05","17,991.19","-","-0.07%"
"06/05/2007","18,053.81","18,019.79","18,071.72","17,950.45","-","0.45%"
"06/04/2007","17,973.42","18,067.90","18,071.80","17,973.42","-","0.08%"
"06/01/2007","17,958.88","17,949.92","18,017.73","17,943.68","-","0.47%"
"05/31/2007","17,875.75","17,715.77","17,875.75","17,701.57","-","1.63%"
"05/30/2007","17,588.26","17,664.37","17,727.17","17,484.30","-","-0.48%"
"05/29/2007","17,672.56","17,524.82","17,700.52","17,521.64","-","0.48%"
"05/28/2007","17,587.59","17,544.98","17,630.37","17,544.67","-","0.61%"
"05/25/2007","17,481.21","17,529.27","17,529.27","17,370.18","-","-1.22%"
"05/24/2007","17,696.97","17,680.45","17,760.57","17,606.56","-","-0.05%"
"05/23/2007","17,705.12","17,763.15","17,802.71","17,699.12","-","0.14%"
"05/22/2007","17,680.05","17,578.31","17,730.84","17,545.26","-","0.70%"
"05/21/2007","17,556.87","17,455.55","17,599.35","17,411.51","-","0.90%"
"05/18/2007","17,399.58","17,563.53","17,563.53","17,320.81","-","-0.57%"
"05/17/2007","17,498.60","17,586.33","17,656.07","17,482.44","-","-0.17%"
"05/16/2007","17,529.00","17,487.00","17,539.95","17,430.70","-","0.09%"
"05/15/2007","17,512.98","17,577.14","17,609.55","17,491.59","-","-0.93%"
"05/14/2007","17,677.94","17,682.74","17,786.65","17,673.86","-","0.71%"
"05/11/2007","17,553.72","17,616.02","17,616.02","17,455.28","-","-1.03%"
"05/10/2007","17,736.96","17,793.49","17,827.48","17,712.89","-","-0.06%"
"05/09/2007","17,748.12","17,616.58","17,753.33","17,616.58","-","0.52%"
"05/08/2007","17,656.84","17,651.47","17,711.67","17,587.92","-","-0.07%"
"05/07/2007","17,669.83","17,564.17","17,715.99","17,558.24","-","1.58%"
"05/02/2007","17,394.92","17,310.75","17,441.10","17,227.09","-","0.69%"
"05/01/2007","17,274.98","17,396.30","17,396.30","17,203.03","-","-0.72%"
"04/27/2007","17,400.41","17,377.04","17,542.25","17,299.37","-","-0.17%"
"04/26/2007","17,429.17","17,359.84","17,496.11","17,321.05","-","1.12%"
"04/25/2007","17,236.16","17,379.52","17,379.52","17,221.55","-","-1.24%"
"04/24/2007","17,451.77","17,363.84","17,500.34","17,305.78","-","-0.02%"
"04/23/2007","17,455.37","17,589.61","17,656.55","17,413.64","-","0.02%"
"04/20/2007","17,452.62","17,471.56","17,502.02","17,404.62","-","0.46%"
"04/19/2007","17,371.97","17,530.00","17,530.00","17,219.73","-","-1.67%"
"04/18/2007","17,667.33","17,557.40","17,706.85","17,538.34","-","0.80%"
"04/17/2007","17,527.45","17,750.67","17,782.08","17,452.12","-","-0.57%"
"04/16/2007","17,628.30","17,507.18","17,696.87","17,507.18","-","1.52%"
"04/13/2007","17,363.95","17,629.02","17,662.89","17,327.37","-","-1.01%"
"04/12/2007","17,540.42","17,601.65","17,601.65","17,455.18","-","-0.73%"
"04/11/2007","17,670.07","17,699.39","17,723.39","17,618.19","-","0.03%"
"04/10/2007","17,664.69","17,631.02","17,706.92","17,613.15","-","-0.45%"
"04/09/2007","17,743.76","17,606.03","17,747.82","17,606.03","-","1.48%"
"04/06/2007","17,484.78","17,502.90","17,560.30","17,422.55","-","-0.04%"
"04/05/2007","17,491.42","17,507.46","17,531.30","17,430.38","-","-0.30%"
"04/04/2007","17,544.09","17,400.68","17,576.51","17,394.14","-","1.74%"
"04/03/2007","17,244.05","17,154.78","17,279.73","17,095.92","-","1.27%"
"04/02/2007","17,028.41","17,346.25","17,425.74","16,999.05","-","-1.50%"
"03/30/2007","17,287.65","17,318.85","17,380.80","17,267.10","-","0.14%"
"03/29/2007","17,263.94","17,119.95","17,350.88","17,036.22","-","0.05%"
"03/28/2007","17,254.73","17,328.12","17,442.62","17,141.65","-","-0.64%"
"03/27/2007","17,365.05","17,357.26","17,516.89","17,315.91","-","-0.90%"
"03/26/2007","17,521.96","17,517.92","17,558.04","17,425.00","-","0.24%"
"03/23/2007","17,480.61","17,519.51","17,534.77","17,407.97","-","0.35%"
"03/22/2007","17,419.20","17,383.62","17,489.19","17,379.40","-","1.49%"
"03/20/2007","17,163.20","17,155.35","17,267.74","17,146.53","-","0.90%"
"03/19/2007","17,009.55","16,713.99","17,026.46","16,713.99","-","1.59%"
"03/16/2007","16,744.15","16,779.48","16,939.43","16,643.76","-","-0.69%"
"03/15/2007","16,860.39","16,803.99","16,942.31","16,760.68","-","1.10%"
"03/14/2007","16,676.89","16,936.19","16,936.19","16,628.85","-","-2.92%"
"03/13/2007","17,178.84","17,268.71","17,299.48","17,153.20","-","-0.66%"
"03/12/2007","17,292.39","17,312.14","17,325.45","17,206.94","-","0.75%"
"03/09/2007","17,164.04","17,224.67","17,246.21","17,100.74","-","0.43%"
"03/08/2007","17,090.31","16,729.79","17,090.31","16,685.95","-","1.94%"
"03/07/2007","16,764.62","16,982.30","16,988.01","16,731.77","-","-0.47%"
"03/06/2007","16,844.50","16,654.85","16,882.92","16,649.10","-","1.22%"
"03/05/2007","16,642.25","16,992.44","16,992.44","16,532.91","-","-3.34%"
"03/02/2007","17,217.93","17,351.40","17,356.45","17,160.43","-","-1.35%"
"03/01/2007","17,453.51","17,542.23","17,557.42","17,261.60","-","-0.86%"
"02/28/2007","17,604.12","17,843.61","17,843.61","17,382.79","-","-2.85%"
"02/27/2007","18,119.92","18,239.30","18,272.68","18,073.22","-","-0.52%"
"02/26/2007","18,215.35","18,219.75","18,300.39","18,145.42","-","0.15%"
"02/23/2007","18,188.42","18,113.56","18,239.13","18,046.42","-","0.44%"
"02/22/2007","18,108.79","18,033.23","18,132.84","18,024.48","-","1.09%"
"02/21/2007","17,913.21","17,896.60","17,968.26","17,850.09","-","-0.14%"
"02/20/2007","17,939.12","17,919.33","17,953.03","17,828.95","-","-0.01%"
"02/19/2007","17,940.09","17,835.13","17,974.00","17,810.05","-","0.36%"
"02/16/2007","17,875.65","17,828.78","17,884.89","17,793.35","-","-0.12%"
"02/15/2007","17,897.23","17,891.24","17,911.58","17,815.17","-","0.81%"
"02/14/2007","17,752.64","17,662.29","17,789.92","17,648.81","-","0.74%"
"02/13/2007","17,621.45","17,481.77","17,628.03","17,440.43","-","0.67%"
"02/09/2007","17,504.33","17,339.56","17,545.71","17,274.89","-","1.23%"
"02/08/2007","17,292.48","17,368.35","17,400.35","17,212.78","-","0.00%"
"02/07/2007","17,292.32","17,367.91","17,374.82","17,199.66","-","-0.66%"
"02/06/2007","17,406.86","17,384.50","17,433.27","17,345.10","-","0.36%"
"02/05/2007","17,344.80","17,531.41","17,531.41","17,294.98","-","-1.15%"
"02/02/2007","17,547.11","17,569.16","17,633.61","17,532.64","-","0.16%"
"02/01/2007","17,519.50","17,377.03","17,543.96","17,361.01","-","0.78%"
"01/31/2007","17,383.42","17,493.83","17,497.86","17,275.84","-","-0.61%"
"01/30/2007","17,490.19","17,510.00","17,558.53","17,452.63","-","0.11%"
"01/29/2007","17,470.46","17,393.19","17,489.59","17,319.37","-","0.28%"
"01/26/2007","17,421.93","17,368.05","17,421.93","17,300.84","-","-0.21%"
"01/25/2007","17,458.30","17,604.60","17,617.64","17,427.54","-","-0.28%"
"01/24/2007","17,507.40","17,505.31","17,553.03","17,498.36","-","0.57%"
"01/23/2007","17,408.57","17,350.31","17,442.00","17,321.29","-","-0.09%"
"01/22/2007","17,424.18","17,429.90","17,484.59","17,401.32","-","0.66%"
"01/19/2007","17,310.44","17,340.38","17,378.21","17,242.77","-","-0.35%"
"01/18/2007","17,370.93","17,248.14","17,408.62","17,220.42","-","0.63%"
"01/17/2007","17,261.35","17,153.25","17,335.03","17,002.67","-","0.34%"
"01/16/2007","17,202.46","17,190.90","17,287.96","17,175.85","-","-0.04%"
"01/15/2007","17,209.92","17,160.25","17,273.58","17,144.44","-","0.90%"
"01/12/2007","17,057.01","16,979.73","17,160.77","16,941.39","-","1.30%"
"01/11/2007","16,838.17","16,958.57","17,057.45","16,758.46","-","-0.62%"
"01/10/2007","16,942.40","17,192.42","17,199.42","16,847.57","-","-1.71%"
"01/09/2007","17,237.77","17,018.89","17,261.03","16,983.97","-","0.86%"
"01/05/2007","17,091.59","17,315.54","17,327.13","17,011.10","-","-1.51%"
"01/04/2007","17,353.67","17,322.50","17,379.46","17,315.76","-","0.74%"
"12/29/2006","17,225.83","17,228.49","17,281.19","17,225.83","-","0.01%"
"12/28/2006","17,224.81","17,290.11","17,301.69","17,163.75","-","-0.14%"
"12/27/2006","17,248.63","17,207.12","17,260.57","17,207.12","-","0.46%"
"12/26/2006","17,169.19","17,070.32","17,185.71","17,056.59","-","0.45%"
"12/25/2006","17,092.89","17,104.80","17,122.48","17,056.69","-","-0.07%"
"12/22/2006","17,104.96","17,011.42","17,104.96","16,992.77","-","0.34%"
"12/21/2006","17,047.83","17,040.93","17,109.17","17,010.04","-","0.22%"
"12/20/2006","17,011.04","16,829.58","17,050.73","16,829.58","-","1.40%"
"12/19/2006","16,776.88","16,883.86","16,954.83","16,754.21","-","-1.09%"
"12/18/2006","16,962.11","16,962.65","16,993.88","16,930.55","-","0.28%"
"12/15/2006","16,914.31","16,927.94","16,959.91","16,858.35","-","0.51%"
"12/14/2006","16,829.20","16,714.34","16,829.20","16,714.34","-","0.82%"
"12/13/2006","16,692.93","16,609.25","16,692.93","16,589.73","-","0.33%"
"12/12/2006","16,637.78","16,621.69","16,682.65","16,583.78","-","0.66%"
"12/11/2006","16,527.99","16,487.30","16,608.97","16,470.40","-","0.67%"
"12/08/2006","16,417.82","16,429.80","16,493.00","16,387.80","-","-0.34%"
"12/07/2006","16,473.36","16,461.91","16,550.73","16,416.30","-","0.62%"
"12/06/2006","16,371.28","16,309.80","16,401.31","16,254.45","-","0.65%"
"12/05/2006","16,265.76","16,370.56","16,400.14","16,239.28","-","-0.23%"
"12/04/2006","16,303.59","16,263.98","16,362.04","16,185.92","-","-0.11%"
"12/01/2006","16,321.78","16,313.02","16,376.30","16,242.01","-","0.29%"
"11/30/2006","16,274.33","16,183.30","16,274.33","16,152.85","-","1.23%"
"11/29/2006","16,076.20","15,948.69","16,126.35","15,945.07","-","1.39%"
"11/28/2006","15,855.26","15,711.72","15,855.26","15,653.69","-","-0.19%"
"11/27/2006","15,885.38","15,615.56","15,912.11","15,615.56","-","0.96%"
"11/24/2006","15,734.60","15,784.26","15,789.89","15,639.19","-","-1.13%"
"11/22/2006","15,914.23","15,680.53","15,914.23","15,675.48","-","1.14%"
"11/21/2006","15,734.14","15,766.43","15,817.73","15,696.22","-","0.05%"
"11/20/2006","15,725.94","16,004.34","16,036.18","15,725.94","-","-2.27%"
"11/17/2006","16,091.73","16,182.31","16,238.26","16,067.27","-","-0.45%"
"11/16/2006","16,163.87","16,292.48","16,367.10","16,143.70","-","-0.49%"
"11/15/2006","16,243.47","16,348.74","16,373.48","16,243.47","-","-0.28%"
"11/14/2006","16,289.55","16,178.81","16,318.05","16,176.02","-","1.67%"
"11/13/2006","16,022.49","16,016.42","16,067.46","15,913.86","-","-0.56%"
"11/10/2006","16,112.43","16,133.91","16,280.66","16,104.74","-","-0.53%"
"11/09/2006","16,198.57","16,218.86","16,286.26","16,094.49","-","-0.11%"
"11/08/2006","16,215.74","16,404.05","16,423.83","16,199.43","-","-1.08%"
"11/07/2006","16,393.41","16,509.79","16,512.51","16,378.72","-","0.18%"
"11/06/2006","16,364.76","16,278.78","16,398.51","16,204.13","-","0.09%"
"11/02/2006","16,350.02","16,281.95","16,350.02","16,209.14","-","-0.15%"
"11/01/2006","16,375.26","16,338.72","16,444.51","16,246.24","-","-0.15%"
"10/31/2006","16,399.39","16,389.45","16,477.06","16,314.29","-","0.29%"
"10/30/2006","16,351.85","16,544.50","16,549.71","16,329.89","-","-1.90%"
"10/27/2006","16,669.07","16,879.33","16,879.33","16,643.91","-","-0.85%"
"10/26/2006","16,811.60","16,794.41","16,863.24","16,772.31","-","0.67%"
"10/25/2006","16,699.30","16,837.80","16,849.05","16,697.01","-","-0.48%"
"10/24/2006","16,780.47","16,853.73","16,901.53","16,759.98","-","-0.05%"
"10/23/2006","16,788.82","16,641.32","16,797.71","16,598.53","-","0.82%"
"10/20/2006","16,651.63","16,556.09","16,663.61","16,552.36","-","0.61%"
"10/19/2006","16,551.36","16,673.26","16,688.96","16,506.22","-","-0.61%"
"10/18/2006","16,653.00","16,519.91","16,666.20","16,466.74","-","0.25%"
"10/17/2006","16,611.59","16,704.86","16,704.86","16,561.26","-","-0.49%"
"10/16/2006","16,692.76","16,663.22","16,732.44","16,648.43","-","0.94%"
"10/13/2006","16,536.54","16,494.49","16,586.33","16,493.64","-","1.02%"
"10/12/2006","16,368.81","16,386.37","16,495.54","16,343.49","-","-0.19%"
"10/11/2006","16,400.57","16,497.27","16,595.91","16,399.74","-","-0.47%"
"10/10/2006","16,477.25","16,325.48","16,620.15","16,325.48","-","0.25%"
"10/06/2006","16,436.06","16,444.71","16,457.92","16,360.64","-","-0.08%"
"10/05/2006","16,449.33","16,291.79","16,481.31","16,286.64","-","2.28%"
"10/04/2006","16,082.55","16,288.92","16,363.12","16,028.32","-","-0.98%"
"10/03/2006","16,242.09","16,198.55","16,260.47","16,148.89","-","-0.08%"
"10/02/2006","16,254.29","16,169.00","16,329.24","16,157.98","-","0.79%"
"09/29/2006","16,127.58","16,097.08","16,127.58","16,007.37","-","0.64%"
"09/28/2006","16,024.85","15,970.39","16,032.98","15,911.22","-","0.48%"
"09/27/2006","15,947.87","15,692.98","15,947.87","15,681.44","-","2.51%"
"09/26/2006","15,557.45","15,594.48","15,666.95","15,517.90","-","-0.49%"
"09/25/2006","15,633.81","15,550.56","15,691.06","15,513.87","-","-0.01%"
"09/22/2006","15,634.67","15,706.85","15,735.26","15,580.19","-","-1.26%"
"09/21/2006","15,834.23","15,820.11","15,859.21","15,674.84","-","0.74%"
"09/20/2006","15,718.67","15,757.97","15,763.67","15,622.28","-","-0.98%"
"09/19/2006","15,874.28","15,948.47","16,096.18","15,867.05","-","0.05%"
"09/15/2006","15,866.93","15,872.29","15,907.03","15,763.90","-","-0.47%"
"09/14/2006","15,942.39","15,831.72","15,994.79","15,801.88","-","1.22%"
"09/13/2006","15,750.05","15,889.50","15,965.31","15,730.67","-","0.20%"
"09/12/2006","15,719.34","15,843.80","15,882.38","15,675.37","-","-0.48%"
"09/11/2006","15,794.38","16,053.13","16,053.13","15,772.07","-","-1.78%"
"09/08/2006","16,080.46","15,907.97","16,156.18","15,831.75","-","0.42%"
"09/07/2006","16,012.41","16,141.94","16,141.94","15,944.03","-","-1.67%"
"09/06/2006","16,284.09","16,350.27","16,400.71","16,245.16","-","-0.62%"
"09/05/2006","16,385.96","16,357.29","16,403.90","16,280.68","-","0.17%"
"09/04/2006","16,358.07","16,280.18","16,414.94","16,280.18","-","1.39%"
"09/01/2006","16,134.25","16,072.81","16,158.48","16,029.56","-","-0.04%"
"08/31/2006","16,140.76","15,884.61","16,207.41","15,882.26","-","1.69%"
"08/30/2006","15,872.02","15,929.90","15,962.93","15,769.16","-","-0.12%"
"08/29/2006","15,890.56","15,881.92","15,946.42","15,811.73","-","0.81%"
"08/28/2006","15,762.59","15,953.08","16,005.09","15,745.01","-","-1.10%"
"08/25/2006","15,938.66","15,955.76","16,156.78","15,874.63","-","-0.14%"
"08/24/2006","15,960.62","16,088.54","16,089.13","15,910.62","-","-1.25%"
"08/23/2006","16,163.03","16,161.82","16,226.59","16,118.12","-","-0.11%"
"08/22/2006","16,181.17","15,994.99","16,244.84","15,994.99","-","1.33%"
"08/21/2006","15,969.04","16,104.50","16,145.50","15,936.61","-","-0.85%"
"08/18/2006","16,105.98","16,052.58","16,169.84","16,022.12","-","0.53%"
"08/17/2006","16,020.84","16,142.56","16,204.60","16,008.44","-","-0.31%"
"08/16/2006","16,071.36","15,970.60","16,085.07","15,962.98","-","1.61%"
"08/15/2006","15,816.19","15,831.69","15,913.34","15,807.72","-","-0.26%"
"08/14/2006","15,857.11","15,550.96","15,857.11","15,549.67","-","1.88%"
"08/11/2006","15,565.02","15,622.24","15,681.40","15,555.60","-","-0.42%"
"08/10/2006","15,630.91","15,585.09","15,690.86","15,536.15","-","-0.16%"
"08/09/2006","15,656.59","15,417.02","15,659.41","15,240.30","-","1.24%"
"08/08/2006","15,464.66","15,234.39","15,476.94","15,189.10","-","2.05%"
"08/07/2006","15,154.06","15,494.47","15,516.24","15,154.06","-","-2.23%"
"08/04/2006","15,499.18","15,502.56","15,555.90","15,435.33","-","0.19%"
"08/03/2006","15,470.37","15,527.27","15,580.91","15,441.67","-","0.04%"
"08/02/2006","15,464.29","15,341.53","15,466.07","15,287.81","-","0.15%"
"08/01/2006","15,440.91","15,387.52","15,522.03","15,365.71","-","-0.10%"
"07/31/2006","15,456.81","15,462.39","15,536.32","15,433.20","-","0.74%"
"07/28/2006","15,342.87","15,217.44","15,351.79","15,150.53","-","1.07%"
"07/27/2006","15,179.78","14,883.50","15,220.33","14,839.49","-","1.99%"
"07/26/2006","14,884.07","15,065.57","15,108.14","14,882.67","-","-0.81%"
"07/25/2006","15,005.24","14,970.60","15,078.36","14,948.36","-","1.42%"
"07/24/2006","14,794.50","14,700.58","14,851.91","14,560.67","-","-0.18%"
"07/21/2006","14,821.26","14,825.16","14,867.81","14,784.24","-","-0.84%"
"07/20/2006","14,946.84","14,713.56","14,962.13","14,705.43","-","3.08%"
"07/19/2006","14,500.26","14,503.83","14,625.64","14,456.43","-","0.44%"
"07/18/2006","14,437.24","14,714.18","14,747.20","14,437.24","-","-2.75%"
"07/14/2006","14,845.24","14,914.01","14,997.45","14,815.90","-","-1.67%"
"07/13/2006","15,097.95","15,127.74","15,370.35","15,053.61","-","-0.99%"
"07/12/2006","15,249.32","15,405.42","15,463.72","15,169.15","-","-1.45%"
"07/11/2006","15,473.82","15,485.26","15,498.20","15,333.59","-","-0.51%"
"07/10/2006","15,552.81","15,149.91","15,555.43","15,079.74","-","1.60%"
"07/07/2006","15,307.61","15,428.32","15,437.04","15,276.15","-","-0.09%"
"07/06/2006","15,321.40","15,455.18","15,460.83","15,278.18","-","-1.30%"
"07/05/2006","15,523.94","15,504.17","15,584.62","15,479.93","-","-0.73%"
"07/04/2006","15,638.50","15,677.04","15,710.39","15,617.81","-","0.43%"
"07/03/2006","15,571.62","15,573.35","15,617.22","15,513.29","-","0.43%"
"06/30/2006","15,505.18","15,333.10","15,521.22","15,333.10","-","2.54%"
"06/29/2006","15,121.15","14,981.70","15,137.58","14,975.78","-","1.58%"
"06/28/2006","14,886.11","14,998.01","14,998.01","14,824.80","-","-1.88%"
"06/27/2006","15,171.81","15,165.63","15,207.38","15,095.11","-","0.13%"
"06/26/2006","15,152.40","15,080.23","15,216.78","14,987.77","-","0.19%"
"06/23/2006","15,124.04","15,001.77","15,126.52","14,865.57","-","-0.08%"
"06/22/2006","15,135.69","14,812.17","15,138.47","14,812.17","-","3.36%"
"06/21/2006","14,644.26","14,712.86","14,713.43","14,482.96","-","-0.03%"
"06/20/2006","14,648.41","14,811.11","14,845.71","14,621.87","-","-1.43%"
"06/19/2006","14,860.35","14,815.86","14,918.60","14,772.14","-","-0.13%"
"06/16/2006","14,879.34","14,679.35","14,976.67","14,679.35","-","2.82%"
"06/15/2006","14,470.76","14,453.33","14,593.85","14,417.70","-","1.13%"
"06/14/2006","14,309.56","14,084.52","14,458.82","14,045.53","-","0.64%"
"06/13/2006","14,218.60","14,650.59","14,658.23","14,218.60","-","-4.14%"
"06/12/2006","14,833.01","14,685.46","14,845.04","14,580.87","-","0.56%"
"06/09/2006","14,750.84","14,530.50","14,825.48","14,389.31","-","0.81%"
"06/08/2006","14,633.03","14,990.04","14,990.04","14,496.96","-","-3.07%"
"06/07/2006","15,096.01","15,285.05","15,433.29","15,095.15","-","-1.88%"
"06/06/2006","15,384.86","15,500.92","15,507.78","15,340.93","-","-1.81%"
"06/05/2006","15,668.31","15,719.31","15,784.95","15,622.75","-","-0.77%"
"06/02/2006","15,789.31","15,600.28","15,789.31","15,266.97","-","1.84%"
"06/01/2006","15,503.74","15,603.25","15,655.00","15,417.51","-","0.24%"
"05/31/2006","15,467.33","15,660.87","15,660.87","15,442.53","-","-2.47%"
"05/30/2006","15,859.45","15,920.79","15,937.91","15,814.83","-","-0.35%"
"05/29/2006","15,915.68","16,111.54","16,111.54","15,885.07","-","-0.34%"
"05/26/2006","15,970.76","15,827.87","15,970.76","15,819.32","-","1.77%"
"05/25/2006","15,693.75","15,809.33","15,849.23","15,644.62","-","-1.34%"
"05/24/2006","15,907.20","15,676.64","15,907.20","15,508.51","-","1.97%"
"05/23/2006","15,599.20","15,722.05","15,776.20","15,582.86","-","-1.63%"
"05/22/2006","15,857.87","16,254.56","16,268.51","15,837.26","-","-1.84%"
"05/19/2006","16,155.45","16,041.18","16,166.34","15,925.69","-","0.42%"
"05/18/2006","16,087.18","16,089.25","16,139.14","15,914.39","-","-1.35%"
"05/17/2006","16,307.67","16,259.02","16,319.30","16,033.66","-","0.92%"
"05/16/2006","16,158.42","16,508.89","16,596.48","16,116.73","-","-1.99%"
"05/15/2006","16,486.91","16,395.88","16,486.91","16,317.20","-","-0.69%"
"05/12/2006","16,601.78","16,655.98","16,655.98","16,422.49","-","-1.54%"
"05/11/2006","16,862.14","16,887.37","17,087.00","16,840.85","-","-0.53%"
"05/10/2006","16,951.93","17,161.47","17,253.11","16,883.39","-","-1.39%"
"05/09/2006","17,190.91","17,253.81","17,294.50","17,178.95","-","-0.58%"
"05/08/2006","17,291.67","17,334.19","17,375.25","17,248.59","-","0.80%"
"05/02/2006","17,153.77","16,920.13","17,188.54","16,900.33","-","1.35%"
"05/01/2006","16,925.71","16,929.83","16,965.33","16,868.69","-","0.12%"
"04/28/2006","16,906.23","17,039.37","17,043.67","16,750.50","-","-1.22%"
"04/27/2006","17,114.54","17,118.92","17,176.06","17,094.72","-","0.34%"
"04/26/2006","17,055.93","16,993.23","17,107.93","16,944.54","-","0.50%"
"04/25/2006","16,970.29","16,929.36","17,000.20","16,787.44","-","0.33%"
"04/24/2006","16,914.40","17,245.62","17,245.62","16,892.15","-","-2.81%"
"04/21/2006","17,403.96","17,332.35","17,479.73","17,258.49","-","0.50%"
"04/20/2006","17,317.53","17,391.94","17,412.59","17,283.97","-","-0.19%"
"04/19/2006","17,350.12","17,405.92","17,459.24","17,350.12","-","0.68%"
"04/18/2006","17,232.86","16,971.76","17,268.05","16,945.30","-","1.37%"
"04/17/2006","17,000.36","17,233.73","17,233.73","17,000.36","-","-1.35%"
"04/14/2006","17,233.82","17,319.33","17,319.33","17,149.08","-","0.20%"
"04/13/2006","17,199.15","17,232.28","17,303.27","17,068.96","-","0.21%"
"04/12/2006","17,162.55","17,297.18","17,325.21","17,162.00","-","-1.47%"
"04/11/2006","17,418.13","17,460.68","17,489.16","17,295.42","-","-0.22%"
"04/10/2006","17,456.58","17,455.03","17,489.61","17,385.25","-","-0.61%"
"04/07/2006","17,563.37","17,498.88","17,563.37","17,418.94","-","0.42%"
"04/06/2006","17,489.33","17,365.57","17,489.33","17,347.01","-","1.42%"
"04/05/2006","17,243.98","17,340.14","17,464.54","17,187.35","-","-0.28%"
"04/04/2006","17,292.91","17,295.58","17,410.30","17,266.39","-","-0.23%"
"04/03/2006","17,333.31","17,127.61","17,387.08","17,105.50","-","1.60%"
"03/31/2006","17,059.66","17,088.76","17,094.61","16,995.77","-","0.08%"
"03/30/2006","17,045.34","17,011.13","17,125.64","16,974.47","-","0.63%"
"03/29/2006","16,938.41","16,670.38","16,976.29","16,613.72","-","1.49%"
"03/28/2006","16,690.24","16,550.47","16,690.24","16,463.95","-","0.24%"
"03/27/2006","16,650.10","16,599.92","16,711.16","16,599.92","-","0.54%"
"03/24/2006","16,560.87","16,501.50","16,612.52","16,462.47","-","0.43%"
"03/23/2006","16,489.37","16,605.48","16,661.14","16,464.47","-","-0.04%"
"03/22/2006","16,495.48","16,578.50","16,583.25","16,477.26","-","-0.78%"
"03/20/2006","16,624.80","16,299.35","16,667.13","16,299.35","-","1.74%"
"03/17/2006","16,339.73","16,172.74","16,339.73","16,106.38","-","1.51%"
"03/16/2006","16,096.21","16,354.71","16,356.49","16,032.55","-","-1.37%"
"03/15/2006","16,319.04","16,342.52","16,367.76","16,291.77","-","0.50%"
"03/14/2006","16,238.36","16,401.11","16,410.29","16,238.36","-","-0.75%"
"03/13/2006","16,361.51","16,264.59","16,379.47","16,242.16","-","1.53%"
"03/10/2006","16,115.63","16,007.41","16,264.89","15,982.02","-","0.49%"
"03/09/2006","16,036.91","15,645.30","16,049.61","15,645.30","-","2.62%"
"03/08/2006","15,627.49","15,657.79","15,720.65","15,553.14","-","-0.63%"
"03/07/2006","15,726.02","15,864.57","15,864.57","15,678.12","-","-1.10%"
"03/06/2006","15,901.16","15,668.63","15,901.16","15,609.80","-","1.52%"
"03/03/2006","15,663.34","15,835.43","15,897.29","15,658.64","-","-1.55%"
"03/02/2006","15,909.76","16,068.76","16,106.26","15,879.71","-","-0.34%"
"03/01/2006","15,964.46","16,026.82","16,053.30","15,910.65","-","-1.49%"
"02/28/2006","16,205.43","16,218.62","16,229.68","15,953.32","-","0.08%"
"02/27/2006","16,192.95","16,156.15","16,290.15","16,123.29","-","0.57%"
"02/24/2006","16,101.91","16,034.67","16,118.11","15,947.04","-","0.04%"
"02/23/2006","16,096.10","15,908.87","16,096.10","15,892.51","-","1.99%"
"02/22/2006","15,781.78","15,882.64","15,923.00","15,679.91","-","-0.71%"
"02/21/2006","15,894.94","15,602.83","15,894.94","15,573.71","-","2.96%"
"02/20/2006","15,437.93","15,620.58","15,661.85","15,389.58","-","-1.75%"
"02/17/2006","15,713.45","16,078.51","16,129.94","15,702.67","-","-2.06%"
"02/16/2006","16,043.67","15,901.38","16,109.20","15,842.00","-","0.70%"
"02/15/2006","15,932.83","16,302.94","16,312.74","15,932.83","-","-1.56%"
"02/14/2006","16,184.87","15,845.19","16,184.87","15,691.86","-","1.93%"
"02/13/2006","15,877.66","16,191.93","16,191.93","15,877.66","-","-2.34%"
"02/10/2006","16,257.83","16,525.50","16,525.50","16,090.93","-","-1.11%"
"02/09/2006","16,439.67","16,444.74","16,540.49","16,351.43","-","1.03%"
"02/08/2006","16,272.68","16,609.96","16,682.91","16,272.68","-","-2.68%"
"02/07/2006","16,720.99","16,768.16","16,769.37","16,681.04","-","-0.16%"
"02/06/2006","16,747.76","16,736.23","16,777.37","16,578.19","-","0.53%"
"02/03/2006","16,659.64","16,596.21","16,665.10","16,567.87","-","-0.30%"
"02/02/2006","16,710.55","16,632.60","16,736.18","16,611.53","-","1.40%"
"02/01/2006","16,480.09","16,594.90","16,671.91","16,480.09","-","-1.02%"
"01/31/2006","16,649.82","16,603.90","16,718.79","16,561.31","-","0.60%"
"01/30/2006","16,551.23","16,615.91","16,754.60","16,538.72","-","0.55%"
"01/27/2006","16,460.68","16,079.94","16,460.68","16,079.92","-","3.58%"
"01/26/2006","15,891.02","15,783.70","15,891.02","15,764.89","-","1.53%"
"01/25/2006","15,651.00","15,725.76","15,849.52","15,651.00","-","0.01%"
"01/24/2006","15,648.89","15,470.91","15,685.14","15,470.39","-","1.88%"
"01/23/2006","15,360.65","15,497.61","15,564.90","15,312.71","-","-2.14%"
"01/20/2006","15,696.69","15,847.17","15,875.39","15,597.77","-","0.00%"
"01/19/2006","15,696.28","15,396.60","15,740.82","15,396.60","-","2.31%"
"01/18/2006","15,341.18","15,725.64","15,725.64","15,059.52","-","-2.94%"
"01/17/2006","15,805.95","16,152.07","16,324.17","15,805.95","-","-2.84%"
"01/16/2006","16,268.03","16,360.04","16,387.63","16,221.59","-","-1.14%"
"01/13/2006","16,454.95","16,454.32","16,490.27","16,383.23","-","0.06%"
"01/12/2006","16,445.19","16,426.69","16,472.99","16,310.45","-","0.50%"
"01/11/2006","16,363.59","16,164.92","16,363.59","16,005.24","-","1.48%"
"01/10/2006","16,124.35","16,487.05","16,487.05","16,124.35","-","-1.85%"
"01/06/2006","16,428.21","16,408.31","16,479.55","16,320.43","-","0.02%"
"01/05/2006","16,425.37","16,441.27","16,474.52","16,368.51","-","0.39%"
"01/04/2006","16,361.54","16,294.65","16,361.54","16,250.76","-","1.55%"
"12/30/2005","16,111.43","16,412.75","16,413.18","16,111.43","-","-1.42%"
"12/29/2005","16,344.20","16,247.54","16,445.56","16,246.67","-","0.92%"
"12/28/2005","16,194.61","15,920.67","16,194.61","15,911.23","-","1.41%"
"12/27/2005","15,969.40","16,033.94","16,079.18","15,962.73","-","-0.86%"
"12/26/2005","16,107.67","16,027.66","16,108.94","16,026.18","-","1.04%"
"12/22/2005","15,941.37","15,975.99","15,991.30","15,759.73","-","-0.10%"
"12/21/2005","15,957.57","15,713.07","16,010.17","15,711.91","-","2.02%"
"12/20/2005","15,641.26","15,388.71","15,647.69","15,365.39","-","1.62%"
"12/19/2005","15,391.48","15,252.15","15,391.48","15,196.00","-","1.44%"
"12/16/2005","15,173.07","15,222.00","15,365.48","15,095.56","-","-0.53%"
"12/15/2005","15,254.44","15,376.27","15,469.35","15,254.44","-","-1.36%"
"12/14/2005","15,464.58","15,817.93","15,885.52","15,447.15","-","-1.99%"
"12/13/2005","15,778.86","15,754.31","15,782.30","15,666.09","-","0.26%"
"12/12/2005","15,738.70","15,549.65","15,764.99","15,548.46","-","2.17%"
"12/09/2005","15,404.05","15,127.80","15,447.13","15,117.15","-","1.45%"
"12/08/2005","15,183.36","15,470.65","15,523.15","15,183.36","-","-1.95%"
"12/07/2005","15,484.66","15,520.34","15,558.32","15,467.75","-","0.40%"
"12/06/2005","15,423.38","15,518.67","15,572.72","15,423.38","-","-0.82%"
"12/05/2005","15,551.31","15,413.52","15,563.39","15,379.64","-","0.84%"
"12/02/2005","15,421.60","15,272.62","15,421.60","15,245.36","-","1.92%"
"12/01/2005","15,130.50","14,914.75","15,130.50","14,880.18","-","1.74%"
"11/30/2005","14,872.15","14,981.34","15,013.24","14,872.15","-","-0.37%"
"11/29/2005","14,927.70","14,900.64","14,995.08","14,868.03","-","-0.40%"
"11/28/2005","14,986.94","14,847.58","14,986.94","14,821.75","-","1.37%"
"11/25/2005","14,784.29","14,693.87","14,784.29","14,613.18","-","0.28%"
"11/24/2005","14,742.58","14,816.71","14,866.99","14,721.60","-","0.23%"
"11/22/2005","14,708.32","14,726.04","14,763.26","14,650.06","-","0.19%"
"11/21/2005","14,680.43","14,719.28","14,808.21","14,590.56","-","0.39%"
"11/18/2005","14,623.12","14,542.78","14,633.35","14,542.78","-","1.47%"
"11/17/2005","14,411.79","14,192.78","14,448.75","14,169.47","-","1.70%"
"11/16/2005","14,170.87","14,035.74","14,170.87","14,015.62","-","0.56%"
"11/15/2005","14,091.77","14,069.87","14,142.27","14,043.45","-","-0.17%"
"11/14/2005","14,116.04","14,218.72","14,218.72","14,105.45","-","-0.28%"
"11/11/2005","14,155.06","14,170.33","14,206.14","14,133.89","-","0.53%"
"11/10/2005","14,080.88","14,058.29","14,121.71","13,981.99","-","0.06%"
"11/09/2005","14,072.20","13,989.31","14,136.16","13,951.40","-","0.25%"
"11/08/2005","14,036.73","14,067.78","14,071.74","13,982.85","-","-0.18%"
"11/07/2005","14,061.60","14,084.11","14,097.59","13,982.75","-","-0.10%"
"11/04/2005","14,075.96","14,040.63","14,099.49","13,978.96","-","1.30%"
"11/02/2005","13,894.78","13,865.10","13,927.51","13,807.81","-","0.19%"
"11/01/2005","13,867.86","13,718.21","13,867.86","13,706.33","-","1.92%"
"10/31/2005","13,606.50","13,459.99","13,606.50","13,456.07","-","1.95%"
"10/28/2005","13,346.54","13,344.93","13,373.43","13,272.84","-","-0.53%"
"10/27/2005","13,417.08","13,440.72","13,501.24","13,387.66","-","0.16%"
"10/26/2005","13,395.02","13,291.46","13,406.19","13,285.60","-","0.86%"
"10/25/2005","13,280.62","13,227.92","13,336.64","13,219.05","-","1.33%"
"10/24/2005","13,106.18","13,232.41","13,244.24","13,083.04","-","-0.71%"
"10/21/2005","13,199.95","13,065.96","13,243.08","12,996.29","-","0.07%"
"10/20/2005","13,190.46","13,221.91","13,264.40","13,175.93","-","0.46%"
"10/19/2005","13,129.49","13,297.65","13,304.98","13,073.46","-","-1.67%"
"10/18/2005","13,352.24","13,376.19","13,441.78","13,321.97","-","-0.36%"
"10/17/2005","13,400.29","13,486.18","13,510.63","13,341.64","-","-0.15%"
"10/14/2005","13,420.54","13,581.32","13,581.32","13,361.96","-","-0.21%"
"10/13/2005","13,449.24","13,388.02","13,475.86","13,266.98","-","-0.11%"
"10/12/2005","13,463.74","13,565.87","13,704.09","13,463.74","-","-0.69%"
"10/11/2005","13,556.71","13,280.33","13,556.71","13,241.84","-","2.49%"
"10/07/2005","13,227.74","13,279.30","13,332.12","13,221.33","-","-0.99%"
"10/06/2005","13,359.51","13,554.56","13,554.56","13,285.83","-","-2.41%"
"10/05/2005","13,689.89","13,761.81","13,783.60","13,655.94","-","-0.36%"
"10/04/2005","13,738.84","13,597.38","13,738.84","13,593.01","-","1.58%"
"10/03/2005","13,525.28","13,566.20","13,584.61","13,454.67","-","-0.36%"
"09/30/2005","13,574.30","13,677.45","13,678.44","13,539.15","-","-0.32%"
"09/29/2005","13,617.24","13,515.73","13,617.24","13,440.90","-","1.35%"
"09/28/2005","13,435.91","13,307.53","13,487.85","13,306.52","-","0.95%"
"09/27/2005","13,310.04","13,370.09","13,373.00","13,282.30","-","-0.62%"
"09/26/2005","13,392.63","13,229.27","13,392.63","13,229.27","-","1.77%"
"09/22/2005","13,159.36","13,120.89","13,170.36","13,090.28","-","-0.28%"
"09/21/2005","13,196.57","13,181.71","13,235.42","13,108.65","-","0.37%"
"09/20/2005","13,148.57","12,991.63","13,159.39","12,991.63","-","1.47%"
"09/16/2005","12,958.68","12,992.18","12,992.99","12,888.74","-","-0.22%"
"09/15/2005","12,986.78","12,817.78","12,986.78","12,806.71","-","1.19%"
"09/14/2005","12,834.25","12,847.62","12,871.54","12,830.88","-","-0.52%"
"09/13/2005","12,901.95","12,896.22","12,940.68","12,847.19","-","0.04%"
"09/12/2005","12,896.43","12,841.02","12,926.57","12,813.97","-","1.61%"
"09/09/2005","12,692.04","12,561.84","12,692.04","12,556.43","-","1.26%"
"09/08/2005","12,533.89","12,601.02","12,601.02","12,498.40","-","-0.58%"
"09/07/2005","12,607.59","12,682.85","12,682.85","12,574.90","-","0.06%"
"09/06/2005","12,599.43","12,686.68","12,730.21","12,581.28","-","-0.28%"
"09/05/2005","12,634.88","12,616.30","12,655.15","12,580.37","-","0.28%"
"09/02/2005","12,600.00","12,571.88","12,600.00","12,544.37","-","0.74%"
"09/01/2005","12,506.97","12,501.43","12,573.01","12,501.43","-","0.75%"
"08/31/2005","12,413.60","12,428.60","12,443.94","12,393.68","-","-0.32%"
"08/30/2005","12,453.14","12,411.41","12,457.04","12,396.10","-","1.16%"
"08/29/2005","12,309.83","12,386.76","12,386.76","12,274.81","-","-1.04%"
"08/26/2005","12,439.48","12,458.08","12,482.63","12,385.03","-","0.28%"
"08/25/2005","12,405.16","12,443.21","12,466.84","12,401.34","-","-0.78%"
"08/24/2005","12,502.26","12,421.53","12,515.66","12,416.51","-","0.24%"
"08/23/2005","12,472.93","12,511.81","12,612.16","12,472.93","-","0.16%"
"08/22/2005","12,452.51","12,330.70","12,478.82","12,330.70","-","1.31%"
"08/19/2005","12,291.73","12,276.80","12,291.73","12,219.52","-","-0.13%"
"08/18/2005","12,307.37","12,322.80","12,369.53","12,292.82","-","0.28%"
"08/17/2005","12,273.12","12,286.83","12,369.74","12,270.85","-","-0.35%"
"08/16/2005","12,315.67","12,324.76","12,336.85","12,277.41","-","0.48%"
"08/15/2005","12,256.55","12,254.53","12,308.61","12,236.61","-","-0.04%"
"08/12/2005","12,261.68","12,276.24","12,324.43","12,228.13","-","-0.01%"
"08/11/2005","12,263.32","12,178.08","12,284.76","12,167.48","-","1.37%"
"08/10/2005","12,098.08","11,996.29","12,138.71","11,991.69","-","1.66%"
"08/09/2005","11,900.32","11,797.33","11,958.07","11,797.33","-","1.03%"
"08/08/2005","11,778.98","11,670.71","11,794.84","11,614.71","-","0.11%"
"08/05/2005","11,766.48","11,842.16","11,863.39","11,724.61","-","-0.98%"
"08/04/2005","11,883.31","11,945.14","11,945.14","11,823.20","-","-0.82%"
"08/03/2005","11,981.80","11,987.98","12,009.56","11,950.31","-","0.35%"
"08/02/2005","11,940.20","11,954.23","11,982.20","11,920.88","-","-0.06%"
"08/01/2005","11,946.92","11,907.42","11,972.84","11,906.04","-","0.40%"
"07/29/2005","11,899.60","11,900.56","11,913.50","11,826.86","-","0.35%"
"07/28/2005","11,858.31","11,881.86","11,889.86","11,853.62","-","0.20%"
"07/27/2005","11,835.08","11,770.57","11,848.66","11,770.57","-","0.83%"
"07/26/2005","11,737.96","11,762.69","11,772.68","11,719.02","-","-0.21%"
"07/25/2005","11,762.65","11,721.70","11,782.21","11,718.66","-","0.58%"
"07/22/2005","11,695.05","11,751.92","11,753.01","11,650.37","-","-0.78%"
"07/21/2005","11,786.73","11,808.53","11,867.23","11,786.73","-","-0.02%"
"07/20/2005","11,789.35","11,780.73","11,816.99","11,761.21","-","0.21%"
"07/19/2005","11,764.84","11,761.61","11,770.56","11,731.99","-","0.05%"
"07/15/2005","11,758.68","11,825.67","11,828.31","11,758.68","-","-0.05%"
"07/14/2005","11,764.26","11,715.46","11,784.51","11,715.46","-","0.90%"
"07/13/2005","11,659.84","11,705.83","11,707.96","11,659.65","-","-0.28%"
"07/12/2005","11,692.14","11,737.32","11,738.30","11,672.94","-","0.15%"
"07/11/2005","11,674.79","11,676.97","11,713.12","11,668.77","-","0.94%"
"07/08/2005","11,565.99","11,563.84","11,653.26","11,563.84","-","-0.21%"
"07/07/2005","11,590.14","11,586.12","11,602.81","11,567.51","-","-0.12%"
"07/06/2005","11,603.53","11,648.04","11,676.20","11,603.53","-","-0.11%"
"07/05/2005","11,616.70","11,645.23","11,658.26","11,606.76","-","-0.30%"
"07/04/2005","11,651.55","11,664.22","11,664.22","11,629.16","-","0.18%"
"07/01/2005","11,630.13","11,573.37","11,663.66","11,540.93","-","0.40%"
"06/30/2005","11,584.01","11,573.78","11,589.63","11,542.45","-","0.06%"
"06/29/2005","11,577.44","11,567.82","11,594.57","11,547.13","-","0.55%"
"06/28/2005","11,513.83","11,421.48","11,519.48","11,413.84","-","0.87%"
"06/27/2005","11,414.28","11,445.64","11,445.64","11,378.99","-","-1.06%"
"06/24/2005","11,537.03","11,480.33","11,537.03","11,472.61","-","-0.34%"
"06/23/2005","11,576.75","11,539.42","11,576.75","11,530.78","-","0.26%"
"06/22/2005","11,547.28","11,487.06","11,560.60","11,445.43","-","0.51%"
"06/21/2005","11,488.74","11,474.23","11,511.23","11,464.25","-","0.05%"
"06/20/2005","11,483.35","11,539.18","11,539.18","11,455.23","-","-0.27%"
"06/17/2005","11,514.03","11,472.36","11,514.03","11,463.36","-","0.86%"
"06/16/2005","11,416.38","11,419.94","11,462.52","11,386.01","-","0.00%"
"06/15/2005","11,415.88","11,365.62","11,429.93","11,355.85","-","0.71%"
"06/14/2005","11,335.92","11,348.53","11,363.48","11,326.51","-","0.22%"
"06/13/2005","11,311.51","11,308.65","11,371.82","11,299.78","-","0.06%"
"06/10/2005","11,304.23","11,192.99","11,331.37","11,173.93","-","1.28%"
"06/09/2005","11,160.88","11,289.03","11,294.43","11,148.36","-","-1.07%"
"06/08/2005","11,281.03","11,235.27","11,322.43","11,229.86","-","0.57%"
"06/07/2005","11,217.45","11,233.08","11,258.28","11,179.13","-","-0.47%"
"06/06/2005","11,270.62","11,232.65","11,270.62","11,184.60","-","-0.26%"
"06/03/2005","11,300.05","11,302.96","11,317.94","11,233.65","-","0.18%"
"06/02/2005","11,280.05","11,341.89","11,374.69","11,280.05","-","-0.44%"
"06/01/2005","11,329.67","11,220.94","11,329.67","11,220.55","-","0.47%"
"05/31/2005","11,276.59","11,273.81","11,297.33","11,221.46","-","0.09%"
"05/30/2005","11,266.33","11,201.32","11,302.52","11,197.79","-","0.66%"
"05/27/2005","11,192.33","11,098.26","11,192.33","11,089.23","-","1.49%"
"05/26/2005","11,027.94","11,024.36","11,047.37","10,978.85","-","0.12%"
"05/25/2005","11,014.43","11,127.31","11,127.90","10,988.37","-","-1.07%"
"05/24/2005","11,133.65","11,184.64","11,199.23","11,101.93","-","-0.22%"
"05/23/2005","11,158.65","11,073.01","11,163.54","11,056.86","-","1.10%"
"05/20/2005","11,037.29","11,104.33","11,110.45","11,034.82","-","-0.36%"
"05/19/2005","11,077.16","10,973.28","11,102.43","10,953.08","-","2.23%"
"05/18/2005","10,835.41","10,848.63","10,891.69","10,821.41","-","0.09%"
"05/17/2005","10,825.39","11,046.30","11,066.76","10,788.59","-","-1.11%"
"05/16/2005","10,947.22","11,045.29","11,048.85","10,935.53","-","-0.92%"
"05/13/2005","11,049.11","11,044.71","11,103.08","11,017.79","-","-0.26%"
"05/12/2005","11,077.94","11,118.13","11,135.50","11,069.69","-","-0.38%"
"05/11/2005","11,120.70","11,091.26","11,120.70","11,038.26","-","-0.35%"
"05/10/2005","11,159.46","11,193.22","11,211.36","11,125.00","-","-0.11%"
"05/09/2005","11,171.32","11,199.10","11,199.10","11,119.48","-","-0.19%"
"05/06/2005","11,192.17","11,119.78","11,192.17","11,109.33","-","1.73%"
"05/02/2005","11,002.11","10,954.21","11,035.95","10,913.97","-","-0.06%"
"04/28/2005","11,008.90","10,979.05","11,008.90","10,892.71","-","0.03%"
"04/27/2005","11,005.42","10,968.77","11,022.44","10,968.58","-","-0.28%"
"04/26/2005","11,035.83","11,085.75","11,085.75","11,019.94","-","-0.34%"
"04/25/2005","11,073.77","11,064.95","11,114.45","11,020.59","-","0.25%"
"04/22/2005","11,045.95","11,116.61","11,134.99","11,045.95","-","0.56%"
"04/21/2005","10,984.39","10,950.73","11,001.31","10,770.58","-","-0.94%"
"04/20/2005","11,088.58","11,173.84","11,199.38","11,052.38","-","0.21%"
"04/19/2005","11,065.86","11,019.76","11,082.84","10,966.46","-","1.16%"
"04/18/2005","10,938.44","11,223.65","11,223.65","10,920.66","-","-3.80%"
"04/15/2005","11,370.69","11,463.15","11,463.15","11,343.73","-","-1.66%"
"04/14/2005","11,563.17","11,578.78","11,580.55","11,474.82","-","-0.64%"
"04/13/2005","11,637.52","11,688.22","11,718.78","11,602.94","-","-0.28%"
"04/12/2005","11,670.30","11,739.05","11,764.01","11,657.66","-","-0.64%"
"04/11/2005","11,745.64","11,847.92","11,847.92","11,744.86","-","-1.09%"
"04/08/2005","11,874.75","11,867.15","11,911.90","11,839.66","-","0.54%"
"04/07/2005","11,810.99","11,848.49","11,848.49","11,757.87","-","-0.14%"
"04/06/2005","11,827.16","11,783.74","11,841.25","11,760.71","-","0.45%"
"04/05/2005","11,774.31","11,695.97","11,786.65","11,695.97","-","0.92%"
"04/04/2005","11,667.54","11,666.31","11,701.19","11,652.66","-","-0.48%"
"04/01/2005","11,723.63","11,590.45","11,723.63","11,557.13","-","0.47%"
"03/31/2005","11,668.95","11,623.10","11,668.95","11,590.72","-","0.89%"
"03/30/2005","11,565.88","11,548.93","11,608.45","11,506.85","-","-0.29%"
"03/29/2005","11,599.82","11,809.66","11,809.66","11,563.12","-","-1.63%"
"03/28/2005","11,792.30","11,709.79","11,816.72","11,709.79","-","0.27%"
"03/25/2005","11,761.10","11,788.68","11,802.70","11,732.80","-","0.13%"
"03/24/2005","11,745.97","11,741.17","11,819.37","11,706.27","-","0.06%"
"03/23/2005","11,739.12","11,823.97","11,823.97","11,681.16","-","-0.87%"
"03/22/2005","11,841.97","11,867.34","11,889.13","11,830.96","-","-0.32%"
"03/18/2005","11,879.81","11,792.29","11,922.54","11,790.96","-","0.89%"
"03/17/2005","11,775.50","11,785.95","11,808.04","11,754.98","-","-0.82%"
"03/16/2005","11,873.18","11,822.18","11,873.18","11,793.03","-","0.44%"
"03/15/2005","11,821.09","11,899.20","11,912.81","11,785.16","-","-0.25%"
"03/14/2005","11,850.25","11,947.29","11,955.29","11,850.25","-","-0.62%"
"03/11/2005","11,923.89","11,838.02","11,964.21","11,838.02","-","0.50%"
"03/10/2005","11,864.91","11,892.38","11,959.18","11,863.54","-","-0.85%"
"03/09/2005","11,966.69","11,882.25","11,966.69","11,882.25","-","0.67%"
"03/08/2005","11,886.91","11,936.84","11,936.84","11,878.89","-","-0.32%"
"03/07/2005","11,925.36","11,935.80","11,975.46","11,917.77","-","0.44%"
"03/04/2005","11,873.05","11,815.79","11,881.98","11,769.67","-","0.14%"
"03/03/2005","11,856.46","11,790.91","11,856.46","11,790.91","-","0.36%"
"03/02/2005","11,813.71","11,804.84","11,831.69","11,780.61","-","0.28%"
"03/01/2005","11,780.53","11,734.14","11,780.53","11,719.77","-","0.34%"
"02/28/2005","11,740.60","11,742.01","11,754.90","11,704.32","-","0.71%"
"02/25/2005","11,658.25","11,585.84","11,677.20","11,585.46","-","1.10%"
"02/24/2005","11,531.15","11,513.84","11,557.86","11,507.20","-","0.27%"
"02/23/2005","11,500.18","11,510.76","11,510.76","11,452.42","-","-0.84%"
"02/22/2005","11,597.71","11,636.47","11,651.51","11,592.04","-","-0.46%"
"02/21/2005","11,651.02","11,682.19","11,690.49","11,651.02","-","-0.08%"
"02/18/2005","11,660.12","11,562.93","11,660.12","11,562.93","-","0.67%"
"02/17/2005","11,582.72","11,583.84","11,638.18","11,574.06","-","-0.16%"
"02/16/2005","11,601.68","11,629.69","11,684.91","11,585.46","-","-0.38%"
"02/15/2005","11,646.49","11,648.68","11,676.26","11,635.57","-","0.12%"
"02/14/2005","11,632.20","11,644.40","11,677.57","11,626.42","-","0.68%"
"02/10/2005","11,553.56","11,434.89","11,553.73","11,414.99","-","0.70%"
"02/09/2005","11,473.35","11,519.90","11,538.13","11,457.96","-","-0.15%"
"02/08/2005","11,490.43","11,504.12","11,519.03","11,464.34","-","-0.08%"
"02/07/2005","11,499.86","11,393.04","11,531.25","11,381.78","-","1.23%"
"02/04/2005","11,360.40","11,381.50","11,383.05","11,271.04","-","-0.25%"
"02/03/2005","11,389.35","11,430.90","11,444.18","11,344.41","-","-0.16%"
"02/02/2005","11,407.14","11,432.34","11,447.28","11,399.62","-","0.20%"
"02/01/2005","11,384.40","11,422.02","11,422.02","11,330.06","-","-0.03%"
"01/31/2005","11,387.59","11,296.99","11,467.50","11,266.09","-","0.59%"
"01/28/2005","11,320.58","11,334.41","11,340.28","11,218.88","-","-0.18%"
"01/27/2005","11,341.31","11,390.09","11,390.09","11,316.30","-","-0.31%"
"01/26/2005","11,376.57","11,346.81","11,379.57","11,329.42","-","0.88%"
"01/25/2005","11,276.91","11,261.62","11,276.91","11,214.60","-","-0.11%"
"01/24/2005","11,289.49","11,213.03","11,303.21","11,212.63","-","0.45%"
"01/21/2005","11,238.37","11,226.07","11,290.14","11,222.24","-","-0.41%"
"01/20/2005","11,284.77","11,335.12","11,335.12","11,259.27","-","-1.06%"
"01/19/2005","11,405.34","11,467.74","11,486.93","11,396.43","-","-0.16%"
"01/18/2005","11,423.26","11,504.16","11,509.40","11,401.32","-","-0.56%"
"01/17/2005","11,487.10","11,475.20","11,535.86","11,453.86","-","0.43%"
"01/14/2005","11,438.39","11,341.80","11,491.18","11,320.49","-","0.71%"
"01/13/2005","11,358.22","11,398.94","11,424.68","11,355.05","-","-0.83%"
"01/12/2005","11,453.39","11,537.60","11,548.89","11,449.49","-","-0.75%"
"01/11/2005","11,539.99","11,495.46","11,580.69","11,495.46","-","0.93%"
"01/07/2005","11,433.24","11,528.69","11,528.69","11,432.19","-","-0.51%"
"01/06/2005","11,492.26","11,372.35","11,492.26","11,372.21","-","0.48%"
"01/05/2005","11,437.52","11,458.92","11,461.10","11,416.97","-","-0.70%"
"01/04/2005","11,517.75","11,458.27","11,547.02","11,431.57","-","0.25%"
"12/30/2004","11,488.76","11,462.31","11,489.28","11,454.94","-","0.94%"
"12/29/2004","11,381.56","11,481.32","11,500.95","11,381.56","-","-0.37%"
"12/28/2004","11,424.13","11,314.40","11,424.13","11,314.40","-","0.54%"
"12/27/2004","11,362.35","11,374.52","11,383.10","11,325.46","-","-0.03%"
"12/24/2004","11,365.48","11,302.46","11,369.98","11,302.46","-","1.39%"
"12/22/2004","11,209.44","11,205.92","11,240.18","11,193.67","-","0.75%"
"12/21/2004","11,125.92","11,125.22","11,186.71","11,125.22","-","0.20%"
"12/20/2004","11,103.42","11,073.55","11,129.13","11,036.80","-","0.23%"
"12/17/2004","11,078.32","10,939.20","11,130.82","10,921.81","-","1.41%"
"12/16/2004","10,924.37","10,909.29","10,980.21","10,871.69","-","-0.29%"
"12/15/2004","10,956.46","10,952.71","10,999.92","10,921.65","-","0.37%"
"12/14/2004","10,915.58","10,842.80","10,941.70","10,821.36","-","1.17%"
"12/13/2004","10,789.25","10,825.06","10,854.76","10,785.59","-","0.30%"
"12/10/2004","10,756.80","10,730.38","10,828.67","10,730.38","-","-0.18%"
"12/09/2004","10,776.63","10,930.87","10,930.87","10,742.73","-","-1.51%"
"12/08/2004","10,941.37","10,808.44","10,948.97","10,808.44","-","0.62%"
"12/07/2004","10,873.63","10,971.21","11,001.68","10,863.81","-","-0.99%"
"12/06/2004","10,981.96","11,021.16","11,026.86","10,959.49","-","-0.84%"
"12/03/2004","11,074.89","11,064.25","11,107.10","11,059.56","-","0.93%"
"12/02/2004","10,973.07","10,922.57","10,995.38","10,912.87","-","1.75%"
"12/01/2004","10,784.25","10,790.45","10,800.33","10,721.59","-","-1.06%"
"11/30/2004","10,899.25","10,909.25","10,923.56","10,841.27","-","-0.72%"
"11/29/2004","10,977.89","10,844.36","11,013.30","10,844.31","-","1.33%"
"11/26/2004","10,833.75","10,924.45","10,927.44","10,816.38","-","-0.61%"
"11/25/2004","10,900.34","10,853.10","10,900.34","10,818.24","-","0.26%"
"11/24/2004","10,872.33","10,832.02","10,915.20","10,828.11","-","0.21%"
"11/22/2004","10,849.39","10,956.41","10,956.41","10,769.52","-","-2.11%"
"11/19/2004","11,082.84","11,120.94","11,158.45","11,077.09","-","0.00%"
"11/18/2004","11,082.42","11,182.09","11,235.32","11,062.73","-","-0.44%"
"11/17/2004","11,131.29","11,132.05","11,192.33","11,127.20","-","-0.27%"
"11/16/2004","11,161.75","11,234.72","11,268.81","11,143.56","-","-0.59%"
"11/15/2004","11,227.57","11,079.17","11,231.14","11,073.77","-","1.88%"
"11/12/2004","11,019.98","10,841.43","11,026.93","10,841.43","-","1.60%"
"11/11/2004","10,846.92","11,021.88","11,048.29","10,845.07","-","-1.35%"
"11/10/2004","10,994.96","10,972.63","11,030.22","10,965.91","-","0.27%"
"11/09/2004","10,964.87","10,967.17","11,040.44","10,945.10","-","-0.17%"
"11/08/2004","10,983.83","11,095.50","11,096.45","10,974.33","-","-0.70%"
"11/05/2004","11,061.77","11,040.06","11,089.60","11,023.16","-","1.06%"
"11/04/2004","10,946.27","10,990.70","11,005.20","10,946.27","-","0.54%"
"11/02/2004","10,887.81","10,775.00","10,895.70","10,775.00","-","1.43%"
"11/01/2004","10,734.71","10,731.02","10,735.19","10,690.95","-","-0.34%"
"10/29/2004","10,771.42","10,805.12","10,805.12","10,719.10","-","-0.75%"
"10/28/2004","10,853.12","10,809.10","10,895.09","10,798.13","-","1.51%"
"10/27/2004","10,691.95","10,740.65","10,777.43","10,657.15","-","0.18%"
"10/26/2004","10,672.46","10,652.37","10,683.94","10,626.60","-","0.12%"
"10/25/2004","10,659.15","10,718.93","10,718.93","10,575.23","-","-1.82%"
"10/22/2004","10,857.13","10,848.75","10,892.27","10,811.15","-","0.63%"
"10/21/2004","10,789.23","10,882.05","10,901.34","10,753.07","-","-0.85%"
"10/20/2004","10,882.18","10,992.50","10,992.50","10,853.89","-","-1.65%"
"10/19/2004","11,064.86","11,028.38","11,106.82","11,024.38","-","0.91%"
"10/18/2004","10,965.62","11,022.11","11,022.11","10,914.47","-","-0.16%"
"10/15/2004","10,982.95","10,960.25","11,015.45","10,913.21","-","-0.47%"
"10/14/2004","11,034.29","11,150.59","11,150.59","11,033.31","-","-1.44%"
"10/13/2004","11,195.99","11,235.46","11,306.87","11,195.99","-","-0.05%"
"10/12/2004","11,201.81","11,295.05","11,320.79","11,182.50","-","-1.30%"
"10/08/2004","11,349.35","11,311.41","11,370.34","11,302.75","-","-0.05%"
"10/07/2004","11,354.59","11,399.42","11,410.40","11,337.19","-","-0.27%"
"10/06/2004","11,385.38","11,221.54","11,408.10","11,218.38","-","0.92%"
"10/05/2004","11,281.83","11,257.20","11,304.72","11,242.12","-","0.02%"
"10/04/2004","11,279.63","11,111.45","11,282.65","11,105.00","-","2.68%"
"10/01/2004","10,985.17","10,893.19","10,987.18","10,893.19","-","1.49%"
"09/30/2004","10,823.57","10,870.21","10,928.19","10,823.57","-","0.35%"
"09/29/2004","10,786.10","10,873.88","10,873.89","10,770.23","-","-0.27%"
"09/28/2004","10,815.57","10,805.66","10,821.84","10,737.78","-","-0.40%"
"09/27/2004","10,859.32","10,863.35","10,888.04","10,782.56","-","-0.33%"
"09/24/2004","10,895.16","10,934.02","10,934.02","10,826.40","-","-1.13%"
"09/22/2004","11,019.41","11,111.30","11,135.46","10,963.82","-","-0.55%"
"09/21/2004","11,080.87","11,148.21","11,151.11","11,059.95","-","-0.01%"
"09/17/2004","11,082.49","11,132.06","11,145.49","11,046.10","-","-0.51%"
"09/16/2004","11,139.36","11,092.70","11,177.66","11,089.82","-","-0.17%"
"09/15/2004","11,158.58","11,278.66","11,285.80","11,158.58","-","-1.21%"
"09/14/2004","11,295.58","11,312.72","11,352.42","11,274.43","-","0.38%"
"09/13/2004","11,253.11","11,139.97","11,257.85","11,131.03","-","1.53%"
"09/10/2004","11,083.23","11,089.90","11,089.96","10,960.03","-","-0.79%"
"09/09/2004","11,170.96","11,276.49","11,330.33","11,145.79","-","-0.96%"
"09/08/2004","11,279.19","11,345.12","11,357.85","11,270.53","-","-0.17%"
"09/07/2004","11,298.94","11,275.28","11,312.06","11,226.78","-","0.49%"
"09/06/2004","11,244.37","11,086.69","11,270.36","11,057.32","-","2.01%"
"09/03/2004","11,022.49","11,182.10","11,186.82","11,013.36","-","-1.17%"
"09/02/2004","11,152.75","11,179.32","11,190.51","11,097.81","-","0.23%"
"09/01/2004","11,127.35","11,104.85","11,169.43","11,102.41","-","0.41%"
"08/31/2004","11,081.79","11,119.15","11,154.28","11,042.29","-","-0.92%"
"08/30/2004","11,184.53","11,181.30","11,226.30","11,128.71","-","-0.22%"
"08/27/2004","11,209.59","11,148.21","11,209.59","11,107.94","-","0.72%"
"08/26/2004","11,129.33","11,196.29","11,225.95","11,101.63","-","-0.01%"
"08/25/2004","11,130.02","10,959.52","11,143.75","10,934.45","-","1.32%"
"08/24/2004","10,985.33","10,978.62","11,016.12","10,897.11","-","0.22%"
"08/23/2004","10,960.97","10,961.91","11,007.64","10,947.75","-","0.66%"
"08/20/2004","10,889.14","10,859.08","10,938.94","10,837.01","-","-0.13%"
"08/19/2004","10,903.53","10,861.92","10,908.74","10,830.65","-","1.20%"
"08/18/2004","10,774.26","10,724.82","10,774.26","10,659.21","-","0.45%"
"08/17/2004","10,725.97","10,772.24","10,802.64","10,705.74","-","0.36%"
"08/16/2004","10,687.81","10,728.98","10,730.53","10,545.89","-","-0.65%"
"08/13/2004","10,757.20","10,901.56","10,903.61","10,757.20","-","-2.46%"
"08/12/2004","11,028.07","11,005.13","11,091.64","11,005.13","-","-0.19%"
"08/11/2004","11,049.46","11,049.80","11,076.38","10,997.07","-","0.88%"
"08/10/2004","10,953.55","10,849.70","10,972.07","10,849.70","-","0.41%"
"08/09/2004","10,908.70","10,827.60","10,916.46","10,737.42","-","-0.58%"
"08/06/2004","10,972.57","10,944.61","10,974.45","10,894.65","-","-0.80%"
"08/05/2004","11,060.89","11,060.18","11,104.69","10,981.32","-","0.46%"
"08/04/2004","11,010.02","11,077.52","11,084.98","10,888.78","-","-1.17%"
"08/03/2004","11,140.57","11,230.29","11,258.88","11,102.50","-","-0.73%"
"08/02/2004","11,222.24","11,274.45","11,279.71","11,161.84","-","-0.91%"
"07/30/2004","11,325.78","11,211.20","11,325.99","11,210.32","-","1.88%"
"07/29/2004","11,116.84","11,187.31","11,189.28","11,018.79","-","-0.78%"
"07/28/2004","11,204.37","11,133.48","11,236.03","11,132.92","-","1.57%"
"07/27/2004","11,031.54","11,126.27","11,180.80","11,028.35","-","-1.15%"
"07/26/2004","11,159.55","11,099.87","11,159.55","11,065.72","-","-0.25%"
"07/23/2004","11,187.33","11,263.50","11,264.25","11,170.54","-","-0.87%"
"07/22/2004","11,285.04","11,310.57","11,310.57","11,227.95","-","-1.30%"
"07/21/2004","11,433.86","11,335.24","11,433.86","11,326.68","-","1.56%"
"07/20/2004","11,258.37","11,318.14","11,318.14","11,191.76","-","-1.55%"
"07/16/2004","11,436.00","11,327.75","11,475.12","11,243.28","-","0.24%"
"07/15/2004","11,409.14","11,413.33","11,440.02","11,315.97","-","0.46%"
"07/14/2004","11,356.65","11,663.40","11,664.00","11,356.65","-","-2.17%"
"07/13/2004","11,608.62","11,544.02","11,608.62","11,501.22","-","0.23%"
"07/12/2004","11,582.28","11,532.64","11,598.90","11,474.08","-","1.39%"
"07/09/2004","11,423.53","11,283.28","11,449.45","11,283.08","-","0.89%"
"07/08/2004","11,322.23","11,372.63","11,411.31","11,279.55","-","-0.55%"
"07/07/2004","11,384.86","11,359.71","11,429.24","11,251.35","-","-0.79%"
"07/06/2004","11,475.27","11,536.45","11,606.60","11,475.27","-","-0.58%"
"07/05/2004","11,541.71","11,622.85","11,648.85","11,511.49","-","-1.53%"
"07/02/2004","11,721.49","11,781.54","11,781.54","11,693.00","-","-1.47%"
"07/01/2004","11,896.01","11,933.33","11,988.12","11,889.70","-","0.31%"
"06/30/2004","11,858.87","11,869.86","11,887.95","11,808.13","-","-0.02%"
"06/29/2004","11,860.81","11,816.89","11,885.50","11,788.15","-","-0.20%"
"06/28/2004","11,884.06","11,801.88","11,884.06","11,774.67","-","0.88%"
"06/25/2004","11,780.40","11,742.94","11,780.40","11,661.11","-","0.31%"
"06/24/2004","11,744.15","11,652.54","11,744.15","11,649.29","-","1.41%"
"06/23/2004","11,580.56","11,642.23","11,678.84","11,547.13","-","-0.01%"
"06/22/2004","11,581.27","11,546.93","11,581.27","11,472.08","-","-0.16%"
"06/21/2004","11,600.16","11,474.39","11,729.13","11,474.39","-","1.92%"
"06/18/2004","11,382.08","11,552.72","11,555.20","11,310.16","-","-1.95%"
"06/17/2004","11,607.90","11,630.21","11,649.33","11,510.18","-","-0.29%"
"06/16/2004","11,641.72","11,492.43","11,673.48","11,492.43","-","2.23%"
"06/15/2004","11,387.70","11,457.11","11,482.92","11,349.43","-","-0.90%"
"06/14/2004","11,491.66","11,495.80","11,622.80","11,475.31","-","-0.31%"
"06/11/2004","11,526.82","11,595.00","11,637.73","11,486.55","-","-0.42%"
"06/10/2004","11,575.97","11,378.45","11,624.71","11,367.40","-","1.10%"
"06/09/2004","11,449.74","11,514.72","11,521.06","11,419.13","-","-0.63%"
"06/08/2004","11,521.93","11,533.93","11,542.59","11,452.99","-","0.72%"
"06/07/2004","11,439.92","11,212.64","11,485.63","11,212.64","-","2.80%"
"06/04/2004","11,128.05","11,057.19","11,128.05","11,017.25","-","0.92%"
"06/03/2004","11,027.05","11,275.95","11,358.51","10,963.56","-","-1.91%"
"06/02/2004","11,242.34","11,283.21","11,283.21","11,184.73","-","-0.48%"
"06/01/2004","11,296.76","11,204.69","11,338.47","11,170.09","-","0.54%"
"05/31/2004","11,236.37","11,288.79","11,297.15","11,100.85","-","-0.65%"
"05/28/2004","11,309.57","11,267.23","11,345.40","11,255.99","-","1.29%"
"05/27/2004","11,166.03","11,163.82","11,219.46","11,119.15","-","0.12%"
"05/26/2004","11,152.09","11,095.37","11,213.79","11,093.83","-","1.73%"
"05/25/2004","10,962.93","11,071.51","11,071.51","10,927.44","-","-1.25%"
"05/24/2004","11,101.64","11,094.71","11,170.27","11,043.22","-","0.28%"
"05/21/2004","11,070.25","10,889.89","11,076.43","10,872.01","-","1.92%"
"05/20/2004","10,862.04","10,949.07","11,045.66","10,760.69","-","-0.96%"
"05/19/2004","10,967.74","10,777.38","10,993.08","10,716.23","-","2.40%"
"05/18/2004","10,711.09","10,533.17","10,711.09","10,524.50","-","1.96%"
"05/17/2004","10,505.05","10,790.79","10,790.79","10,489.84","-","-3.18%"
"05/14/2004","10,849.63","10,846.61","10,939.09","10,739.49","-","0.23%"
"05/13/2004","10,825.10","11,081.75","11,081.75","10,825.10","-","-2.95%"
"05/12/2004","11,153.58","11,017.65","11,157.34","10,984.79","-","2.26%"
"05/11/2004","10,907.18","10,850.48","10,970.47","10,790.13","-","0.21%"
"05/10/2004","10,884.70","11,384.03","11,392.79","10,838.93","-","-4.84%"
"05/07/2004","11,438.82","11,497.40","11,582.07","11,438.82","-","-1.15%"
"05/06/2004","11,571.34","11,777.44","11,785.26","11,554.02","-","-1.62%"
"04/30/2004","11,761.79","11,862.35","11,862.35","11,652.17","-","-2.02%"
"04/28/2004","12,004.29","12,077.21","12,085.39","11,969.33","-","-0.34%"
"04/27/2004","12,044.88","12,115.05","12,115.05","12,025.21","-","-0.98%"
"04/26/2004","12,163.89","12,135.31","12,195.66","12,095.70","-","0.36%"
"04/23/2004","12,120.66","12,050.70","12,120.66","12,015.22","-","1.17%"
"04/22/2004","11,980.10","12,026.09","12,074.14","11,952.78","-","0.30%"
"04/21/2004","11,944.30","11,943.90","12,001.27","11,881.42","-","-0.07%"
"04/20/2004","11,952.26","11,821.46","12,037.95","11,768.08","-","1.60%"
"04/19/2004","11,764.21","11,854.64","11,861.17","11,623.65","-","-0.51%"
"04/16/2004","11,824.56","11,817.97","11,864.41","11,690.24","-","0.20%"
"04/15/2004","11,800.40","12,118.03","12,189.98","11,770.40","-","-2.46%"
"04/14/2004","12,098.18","12,064.49","12,134.27","12,034.46","-","-0.24%"
"04/13/2004","12,127.82","12,140.12","12,170.96","12,096.96","-","0.71%"
"04/12/2004","12,042.70","11,926.48","12,085.07","11,926.48","-","1.22%"
"04/09/2004","11,897.51","12,012.63","12,012.63","11,862.34","-","-1.61%"
"04/08/2004","12,092.59","12,013.16","12,119.31","11,961.56","-","0.61%"
"04/07/2004","12,019.62","12,017.35","12,097.70","12,001.00","-","-0.50%"
"04/06/2004","12,079.70","12,042.99","12,095.64","11,937.52","-","1.02%"
"04/05/2004","11,958.32","11,949.31","12,003.92","11,934.58","-","1.20%"
"04/02/2004","11,815.95","11,726.87","11,843.93","11,715.41","-","1.13%"
"04/01/2004","11,683.42","11,756.16","11,813.70","11,648.48","-","-0.27%"
"03/31/2004","11,715.39","11,716.55","11,783.83","11,592.83","-","0.19%"
"03/30/2004","11,693.68","11,824.83","11,869.00","11,677.20","-","-0.21%"
"03/29/2004","11,718.24","11,775.46","11,843.34","11,672.92","-","-0.45%"
"03/26/2004","11,770.65","11,619.48","11,782.18","11,611.54","-","2.08%"
"03/25/2004","11,530.91","11,431.61","11,530.91","11,425.58","-","1.46%"
"03/24/2004","11,364.99","11,295.97","11,384.69","11,234.70","-","0.74%"
"03/23/2004","11,281.09","11,200.83","11,327.62","11,071.66","-","-0.33%"
"03/22/2004","11,318.51","11,332.24","11,351.71","11,284.84","-","-0.88%"
"03/19/2004","11,418.51","11,416.04","11,487.73","11,364.36","-","-0.57%"
"03/18/2004","11,484.28","11,571.36","11,647.71","11,452.39","-","0.41%"
"03/17/2004","11,436.86","11,297.46","11,478.35","11,297.46","-","1.73%"
"03/16/2004","11,242.29","11,253.43","11,311.07","11,236.35","-","-0.67%"
"03/15/2004","11,317.90","11,284.35","11,348.40","11,278.05","-","1.39%"
"03/12/2004","11,162.75","11,163.58","11,191.45","11,045.94","-","-1.19%"
"03/11/2004","11,297.04","11,310.15","11,354.96","11,237.04","-","-1.19%"
"03/10/2004","11,433.24","11,490.26","11,492.57","11,353.90","-","-0.86%"
"03/09/2004","11,532.04","11,460.60","11,532.04","11,439.04","-","0.25%"
"03/08/2004","11,502.86","11,578.02","11,643.37","11,502.86","-","-0.30%"
"03/05/2004","11,537.29","11,476.49","11,537.29","11,411.66","-","1.19%"
"03/04/2004","11,401.79","11,341.98","11,480.84","11,336.97","-","0.44%"
"03/03/2004","11,351.92","11,365.72","11,430.01","11,320.00","-","-0.08%"
"03/02/2004","11,361.51","11,344.83","11,386.48","11,282.49","-","0.80%"
"03/01/2004","11,271.12","11,112.68","11,329.00","11,096.68","-","2.08%"
"02/27/2004","11,041.92","10,852.75","11,069.28","10,851.77","-","2.10%"
"02/26/2004","10,815.29","10,734.33","10,815.29","10,690.95","-","1.47%"
"02/25/2004","10,658.73","10,626.64","10,727.47","10,617.86","-","0.14%"
"02/24/2004","10,644.13","10,821.97","10,856.56","10,629.72","-","-2.07%"
"02/23/2004","10,868.96","10,745.05","10,893.43","10,736.44","-","1.38%"
"02/20/2004","10,720.69","10,743.80","10,765.79","10,676.21","-","-0.31%"
"02/19/2004","10,753.80","10,745.40","10,813.06","10,723.43","-","0.72%"
"02/18/2004","10,676.81","10,759.48","10,798.15","10,676.81","-","-0.23%"
"02/17/2004","10,701.13","10,556.18","10,721.31","10,529.26","-","1.44%"
"02/16/2004","10,548.72","10,566.02","10,617.70","10,534.41","-","-0.08%"
"02/13/2004","10,557.69","10,436.69","10,572.62","10,413.06","-","0.94%"
"02/12/2004","10,459.26","10,450.37","10,557.01","10,449.70","-","0.91%"
"02/10/2004","10,365.40","10,418.18","10,460.40","10,299.43","-","-0.36%"
"02/09/2004","10,402.61","10,533.40","10,595.94","10,359.17","-","-0.56%"
"02/06/2004","10,460.92","10,484.43","10,502.35","10,399.40","-","-0.04%"
"02/05/2004","10,464.60","10,377.90","10,478.41","10,374.90","-","0.17%"
"02/04/2004","10,447.25","10,614.73","10,627.26","10,418.77","-","-1.83%"
"02/03/2004","10,641.92","10,787.32","10,800.78","10,507.93","-","-1.25%"
"02/02/2004","10,776.73","10,784.93","10,861.97","10,765.38","-","-0.06%"
"01/30/2004","10,783.61","10,761.83","10,838.40","10,729.38","-","0.04%"
"01/29/2004","10,779.44","10,755.37","10,786.21","10,666.55","-","-0.67%"
"01/28/2004","10,852.47","10,844.58","10,901.45","10,799.54","-","-0.69%"
"01/27/2004","10,928.03","11,049.12","11,075.30","10,916.51","-","-0.41%"
"01/26/2004","10,972.60","11,004.44","11,013.37","10,872.79","-","-0.87%"
"01/23/2004","11,069.01","11,001.87","11,139.39","10,937.48","-","0.62%"
"01/22/2004","11,000.70","11,060.31","11,115.13","10,997.45","-","-0.02%"
"01/21/2004","11,002.39","11,056.14","11,163.62","11,002.39","-","-0.91%"
"01/20/2004","11,103.10","11,055.01","11,193.64","10,979.25","-","0.61%"
"01/19/2004","11,036.33","10,937.46","11,044.31","10,916.99","-","1.65%"
"01/16/2004","10,857.20","10,719.19","10,857.20","10,715.25","-","1.80%"
"01/15/2004","10,665.15","10,855.20","10,881.77","10,665.15","-","-1.82%"
"01/14/2004","10,863.00","10,797.70","10,883.24","10,730.45","-","0.12%"
"01/13/2004","10,849.68","10,965.61","10,965.61","10,790.41","-","-1.05%"
"01/09/2004","10,965.05","10,932.34","11,008.56","10,861.28","-","1.18%"
"01/08/2004","10,837.65","10,760.98","10,888.61","10,727.80","-","0.74%"
"01/07/2004","10,757.82","10,835.90","10,852.06","10,710.30","-","-0.52%"
"01/06/2004","10,813.99","10,918.48","10,945.30","10,790.60","-","-0.10%"
"01/05/2004","10,825.17","10,787.83","10,862.35","10,785.87","-","1.39%"
"12/30/2003","10,676.64","10,617.62","10,681.28","10,609.58","-","1.68%"
"12/29/2003","10,500.62","10,454.69","10,574.94","10,454.69","-","0.80%"
"12/26/2003","10,417.41","10,367.13","10,417.41","10,336.08","-","0.50%"
"12/25/2003","10,365.35","10,347.75","10,367.68","10,311.60","-","-0.06%"
"12/24/2003","10,371.27","10,397.86","10,400.25","10,326.17","-","-0.01%"
"12/22/2003","10,372.51","10,248.81","10,386.44","10,248.62","-","0.86%"
"12/19/2003","10,284.54","10,215.71","10,305.81","10,213.21","-","1.79%"
"12/18/2003","10,104.00","10,096.80","10,173.68","10,073.26","-","0.11%"
"12/17/2003","10,092.64","10,276.19","10,280.08","10,058.34","-","-1.74%"
"12/16/2003","10,271.60","10,352.04","10,352.04","10,222.88","-","-2.09%"
"12/15/2003","10,490.77","10,308.34","10,490.77","10,308.34","-","3.16%"
"12/12/2003","10,169.66","10,139.69","10,228.22","10,085.85","-","0.94%"
"12/11/2003","10,075.14","9,972.58","10,088.11","9,951.34","-","1.66%"
"12/10/2003","9,910.56","10,053.17","10,053.17","9,859.00","-","-2.11%"
"12/09/2003","10,124.28","10,107.26","10,158.65","10,004.71","-","0.79%"
"12/08/2003","10,045.34","10,281.25","10,293.74","10,013.59","-","-3.16%"
"12/05/2003","10,373.46","10,406.47","10,456.78","10,333.64","-","-0.54%"
"12/04/2003","10,429.99","10,341.71","10,449.54","10,339.89","-","1.00%"
"12/03/2003","10,326.39","10,412.24","10,485.47","10,326.39","-","-0.80%"
"12/02/2003","10,410.15","10,452.64","10,552.35","10,373.95","-","0.07%"
"12/01/2003","10,403.27","10,006.13","10,439.00","9,911.92","-","3.00%"
"11/28/2003","10,100.57","10,144.43","10,144.43","10,033.47","-","-0.62%"
"11/27/2003","10,163.38","10,155.28","10,173.60","10,075.23","-","0.18%"
"11/26/2003","10,144.83","9,965.54","10,161.79","9,965.54","-","1.85%"
"11/25/2003","9,960.20","9,976.13","10,064.45","9,959.51","-","1.09%"
"11/21/2003","9,852.83","9,804.44","9,888.93","9,758.34","-","-0.13%"
"11/20/2003","9,865.70","9,722.07","9,883.89","9,653.76","-","2.61%"
"11/19/2003","9,614.60","9,804.09","9,804.70","9,614.60","-","-2.85%"
"11/18/2003","9,897.05","9,790.92","9,906.88","9,678.78","-","1.13%"
"11/17/2003","9,786.83","10,077.88","10,077.88","9,756.50","-","-3.74%"
"11/14/2003","10,167.06","10,338.20","10,354.84","10,164.12","-","-1.65%"
"11/13/2003","10,337.67","10,345.21","10,431.41","10,277.54","-","1.09%"
"11/12/2003","10,226.22","10,252.57","10,328.91","10,155.64","-","0.19%"
"11/11/2003","10,207.04","10,407.80","10,407.80","10,112.10","-","-2.83%"
"11/10/2003","10,504.54","10,592.35","10,617.98","10,481.07","-","-1.17%"
"11/07/2003","10,628.98","10,583.12","10,641.50","10,479.25","-","0.73%"
"11/06/2003","10,552.30","10,825.14","10,825.14","10,537.13","-","-2.63%"
"11/05/2003","10,837.54","10,816.23","10,837.54","10,668.39","-","-0.10%"
"11/04/2003","10,847.97","10,693.66","10,869.35","10,693.66","-","2.73%"
"10/31/2003","10,559.59","10,708.04","10,774.11","10,521.40","-","-1.27%"
"10/30/2003","10,695.56","10,702.94","10,761.62","10,638.89","-","-0.41%"
"10/29/2003","10,739.22","10,653.54","10,791.75","10,653.54","-","1.69%"
"10/28/2003","10,561.01","10,490.29","10,592.05","10,456.85","-","1.02%"
"10/27/2003","10,454.12","10,360.86","10,483.34","10,349.76","-","1.15%"
"10/24/2003","10,335.70","10,402.67","10,480.53","10,186.77","-","0.01%"
"10/23/2003","10,335.16","10,754.01","10,754.01","10,304.29","-","-5.09%"
"10/22/2003","10,889.62","11,060.55","11,060.85","10,883.77","-","-1.29%"
"10/21/2003","11,031.52","11,234.31","11,238.63","10,996.54","-","-1.17%"
"10/20/2003","11,161.71","10,988.48","11,210.94","10,875.27","-","1.12%"
"10/17/2003","11,037.89","11,057.22","11,112.29","10,977.90","-","0.12%"
"10/16/2003","11,025.15","10,917.47","11,025.15","10,831.76","-","1.15%"
"10/15/2003","10,899.95","10,997.61","10,997.61","10,856.42","-","-0.61%"
"10/14/2003","10,966.43","10,873.30","11,031.73","10,863.06","-","1.67%"
"10/10/2003","10,786.04","10,569.72","10,852.42","10,569.72","-","2.42%"
"10/09/2003","10,531.44","10,550.41","10,598.96","10,485.60","-","-0.10%"
"10/08/2003","10,542.20","10,757.62","10,797.80","10,511.42","-","-2.57%"
"10/07/2003","10,820.33","10,761.71","10,820.33","10,697.83","-","0.75%"
"10/06/2003","10,740.14","10,813.56","10,905.19","10,719.91","-","0.29%"
"10/03/2003","10,709.29","10,618.08","10,726.92","10,583.51","-","1.09%"
"10/02/2003","10,593.53","10,476.58","10,620.62","10,465.89","-","2.24%"
"10/01/2003","10,361.24","10,232.57","10,361.24","10,173.54","-","1.39%"
"09/30/2003","10,219.05","10,294.75","10,420.76","10,219.05","-","-0.10%"
"09/29/2003","10,229.57","10,303.26","10,309.17","10,148.36","-","-0.86%"
"09/26/2003","10,318.44","10,217.23","10,366.21","10,213.75","-","0.08%"
"09/25/2003","10,310.04","10,350.03","10,371.69","10,225.48","-","-1.83%"
"09/24/2003","10,502.29","10,526.89","10,672.54","10,367.17","-","0.26%"
"09/22/2003","10,475.10","10,858.09","10,858.09","10,412.20","-","-4.24%"
"09/19/2003","10,938.42","11,123.73","11,160.19","10,938.42","-","-0.86%"
"09/18/2003","11,033.32","10,936.53","11,067.62","10,869.69","-","0.39%"
"09/17/2003","10,990.11","11,008.63","11,099.06","10,964.99","-","0.95%"
"09/16/2003","10,887.03","10,786.33","10,887.03","10,758.33","-","1.63%"
"09/12/2003","10,712.81","10,656.93","10,751.43","10,613.70","-","1.58%"
"09/11/2003","10,546.33","10,742.49","10,749.01","10,540.28","-","-2.86%"
"09/10/2003","10,856.32","10,872.43","10,938.30","10,839.21","-","-0.60%"
"09/09/2003","10,922.04","10,766.47","10,927.62","10,765.04","-","2.23%"
"09/08/2003","10,683.76","10,584.36","10,725.54","10,562.78","-","0.31%"
"09/05/2003","10,650.77","10,700.83","10,707.75","10,592.93","-","0.04%"
"09/04/2003","10,646.95","10,751.53","10,783.68","10,646.95","-","-0.64%"
"09/03/2003","10,715.69","10,782.10","10,813.59","10,601.48","-","0.24%"
"09/02/2003","10,690.08","10,668.58","10,748.76","10,616.61","-","0.19%"
"09/01/2003","10,670.18","10,399.53","10,670.18","10,381.98","-","3.16%"
"08/29/2003","10,343.55","10,315.26","10,362.85","10,282.51","-","1.16%"
"08/28/2003","10,225.22","10,326.58","10,356.42","10,189.80","-","-0.81%"
"08/27/2003","10,308.99","10,349.64","10,415.53","10,272.96","-","-0.23%"
"08/26/2003","10,332.57","10,208.56","10,356.76","10,171.17","-","0.54%"
"08/25/2003","10,276.64","10,264.61","10,331.27","10,205.25","-","-0.04%"
"08/22/2003","10,281.17","10,374.22","10,378.13","10,262.27","-","-0.79%"
"08/21/2003","10,362.69","10,245.96","10,377.39","10,202.72","-","0.69%"
"08/20/2003","10,292.06","10,201.21","10,334.29","10,164.42","-","1.16%"
"08/19/2003","10,174.10","10,143.31","10,241.94","10,131.21","-","1.41%"
"08/18/2003","10,032.97","9,933.55","10,048.92","9,933.55","-","1.72%"
"08/15/2003","9,863.47","9,945.30","10,038.09","9,854.27","-","-0.50%"
"08/14/2003","9,913.47","9,730.63","9,924.69","9,678.99","-","1.65%"
"08/13/2003","9,752.75","9,637.93","9,762.16","9,637.93","-","1.96%"
"08/12/2003","9,564.81","9,547.58","9,620.21","9,517.14","-","0.81%"
"08/11/2003","9,487.80","9,349.05","9,498.15","9,332.47","-","1.72%"
"08/08/2003","9,327.53","9,256.69","9,367.64","9,251.73","-","0.67%"
"08/07/2003","9,265.56","9,324.58","9,334.56","9,224.05","-","-0.63%"
"08/06/2003","9,323.91","9,296.65","9,375.43","9,287.39","-","-0.63%"
"08/05/2003","9,382.58","9,456.82","9,459.16","9,304.71","-","-0.74%"
"08/04/2003","9,452.79","9,538.94","9,538.94","9,452.79","-","-1.65%"
"08/01/2003","9,611.67","9,611.67","9,611.67","9,611.67","-","0.51%"
"07/31/2003","9,563.21","9,563.21","9,563.21","9,563.21","-","-0.72%"
"07/30/2003","9,632.66","9,632.66","9,632.66","9,632.66","-","-2.05%"
"07/29/2003","9,834.31","9,834.31","9,834.31","9,834.31","-","-0.06%"
"07/28/2003","9,839.91","9,839.91","9,839.91","9,839.91","-","1.99%"
"07/25/2003","9,648.01","9,648.01","9,648.01","9,648.01","-","-0.24%"
"07/24/2003","9,671.00","9,671.00","9,671.00","9,671.00","-","0.58%"
"07/23/2003","9,615.34","9,615.34","9,615.34","9,615.34","-","1.36%"
"07/22/2003","9,485.97","9,485.97","9,485.97","9,485.97","-","-0.44%"
"07/18/2003","9,527.73","9,527.73","9,527.73","9,527.73","-","0.30%"
"07/17/2003","9,498.86","9,498.86","9,498.86","9,498.86","-","-2.44%"
"07/16/2003","9,735.97","9,735.97","9,735.97","9,735.97","-","-0.15%"
"07/15/2003","9,751.00","9,751.00","9,751.00","9,751.00","-","-0.05%"
"07/14/2003","9,755.63","9,755.63","9,755.63","9,755.63","-","1.25%"
"07/11/2003","9,635.35","9,635.35","9,635.35","9,635.35","-","-3.22%"
"07/10/2003","9,955.62","9,955.62","9,955.62","9,955.62","-","-0.35%"
"07/09/2003","9,990.95","9,990.95","9,990.95","9,990.95","-","0.93%"
"07/08/2003","9,898.72","9,898.72","9,898.72","9,898.72","-","1.06%"
"07/07/2003","9,795.16","9,795.16","9,795.16","9,795.16","-","2.59%"
"07/04/2003","9,547.73","9,547.73","9,547.73","9,547.73","-","-0.80%"
"07/03/2003","9,624.80","9,624.80","9,624.80","9,624.80","-","0.34%"
"07/02/2003","9,592.24","9,592.24","9,592.24","9,592.24","-","3.38%"
"07/01/2003","9,278.49","9,278.49","9,278.49","9,278.49","-","2.15%"
"06/30/2003","9,083.11","9,083.11","9,083.11","9,083.11","-","-0.23%"
"06/27/2003","9,104.06","9,104.06","9,104.06","9,104.06","-","2.02%"
"06/26/2003","8,923.41","8,923.41","8,923.41","8,923.41","-","-0.10%"
"06/25/2003","8,932.26","8,932.26","8,932.26","8,932.26","-","0.15%"
"06/24/2003","8,919.26","8,919.26","8,919.26","8,919.26","-","-2.38%"
"06/23/2003","9,137.14","9,137.14","9,137.14","9,137.14","-","0.18%"
"06/20/2003","9,120.39","9,120.39","9,120.39","9,120.39","-","0.11%"
"06/19/2003","9,110.51","9,110.51","9,110.51","9,110.51","-","0.19%"
"06/18/2003","9,092.97","9,092.97","9,092.97","9,092.97","-","0.66%"
"06/17/2003","9,033.00","9,033.00","9,033.00","9,033.00","-","2.19%"
"06/16/2003","8,839.83","8,839.83","8,839.83","8,839.83","-","-1.57%"
"06/13/2003","8,980.64","8,980.64","8,980.64","8,980.64","-","0.70%"
"06/12/2003","8,918.60","8,918.60","8,918.60","8,918.60","-","0.32%"
"06/11/2003","8,890.30","8,890.30","8,890.30","8,890.30","-","1.15%"
"06/10/2003","8,789.09","8,789.09","8,789.09","8,789.09","-","-0.38%"
"06/09/2003","8,822.73","8,822.73","8,822.73","8,822.73","-","0.42%"
"06/06/2003","8,785.87","8,785.87","8,785.87","8,785.87","-","1.49%"
"06/05/2003","8,657.23","8,657.23","8,657.23","8,657.23","-","1.16%"
"06/04/2003","8,557.86","8,557.86","8,557.86","8,557.86","-","-0.08%"
"06/03/2003","8,564.49","8,564.49","8,564.49","8,564.49","-","0.20%"
"06/02/2003","8,547.17","8,547.17","8,547.17","8,547.17","-","1.46%"
"05/30/2003","8,424.51","8,424.51","8,424.51","8,424.51","-","0.59%"
"05/29/2003","8,375.36","8,375.36","8,375.36","8,375.36","-","1.71%"
"05/28/2003","8,234.18","8,234.18","8,234.18","8,234.18","-","1.40%"
"05/27/2003","8,120.24","8,120.24","8,120.24","8,120.24","-","-1.30%"
"05/26/2003","8,227.32","8,227.32","8,227.32","8,227.32","-","0.52%"
"05/23/2003","8,184.76","8,184.76","8,184.76","8,184.76","-","1.65%"
"05/22/2003","8,051.66","8,051.66","8,051.66","8,051.66","-","0.41%"
"05/21/2003","8,018.51","8,018.51","8,018.51","8,018.51","-","-0.51%"
"05/20/2003","8,059.48","8,059.48","8,059.48","8,059.48","-","0.25%"
"05/19/2003","8,039.13","8,039.13","8,039.13","8,039.13","-","-0.96%"
"05/16/2003","8,117.29","8,117.29","8,117.29","8,117.29","-","-0.08%"
"05/15/2003","8,123.40","8,123.40","8,123.40","8,123.40","-","-1.47%"
"05/14/2003","8,244.91","8,244.91","8,244.91","8,244.91","-","0.67%"
"05/13/2003","8,190.26","8,190.26","8,190.26","8,190.26","-","-0.38%"
"05/12/2003","8,221.12","8,221.12","8,221.12","8,221.12","-","0.85%"
"05/09/2003","8,152.16","8,152.16","8,152.16","8,152.16","-","1.50%"
"05/08/2003","8,031.55","8,031.55","8,031.55","8,031.55","-","-0.96%"
"05/07/2003","8,109.77","8,109.77","8,109.77","8,109.77","-","0.32%"
"05/06/2003","8,083.56","8,083.56","8,083.56","8,083.56","-","2.23%"
"05/02/2003","7,907.19","7,907.19","7,907.19","7,907.19","-","0.56%"
"05/01/2003","7,863.29","7,863.29","7,863.29","7,863.29","-","0.41%"
"04/30/2003","7,831.42","7,831.42","7,831.42","7,831.42","-","2.94%"
"04/28/2003","7,607.88","7,607.88","7,607.88","7,607.88","-","-1.19%"
"04/25/2003","7,699.50","7,699.50","7,699.50","7,699.50","-","-1.97%"
"04/24/2003","7,854.57","7,854.57","7,854.57","7,854.57","-","0.79%"
"04/23/2003","7,793.38","7,793.38","7,793.38","7,793.38","-","0.04%"
"04/22/2003","7,790.46","7,790.46","7,790.46","7,790.46","-","-2.24%"
"04/21/2003","7,969.08","7,969.08","7,969.08","7,969.08","-","1.20%"
"04/18/2003","7,874.51","7,874.51","7,874.51","7,874.51","-","0.67%"
"04/17/2003","7,821.90","7,821.90","7,821.90","7,821.90","-","-0.73%"
"04/16/2003","7,879.49","7,879.49","7,879.49","7,879.49","-","0.52%"
"04/15/2003","7,838.83","7,838.83","7,838.83","7,838.83","-","1.12%"
"04/14/2003","7,752.10","7,752.10","7,752.10","7,752.10","-","-0.82%"
"04/11/2003","7,816.49","7,816.49","7,816.49","7,816.49","-","-2.05%"
"04/10/2003","7,980.12","7,980.12","7,980.12","7,980.12","-","-0.96%"
"04/09/2003","8,057.61","8,057.61","8,057.61","8,057.61","-","-0.91%"
"04/08/2003","8,131.41","8,131.41","8,131.41","8,131.41","-","-1.44%"
"04/07/2003","8,249.98","8,249.98","8,249.98","8,249.98","-","2.18%"
"04/04/2003","8,074.12","8,074.12","8,074.12","8,074.12","-","0.70%"
"04/03/2003","8,017.75","8,017.75","8,017.75","8,017.75","-","-0.65%"
"04/02/2003","8,069.85","8,069.85","8,069.85","8,069.85","-","1.04%"
"04/01/2003","7,986.72","7,986.72","7,986.72","7,986.72","-","0.18%"
"03/31/2003","7,972.71","7,972.71","7,972.71","7,972.71","-","-3.71%"
"03/28/2003","8,280.16","8,280.16","8,280.16","8,280.16","-","-1.06%"
"03/27/2003","8,368.67","8,368.67","8,368.67","8,368.67","-","0.20%"
"03/26/2003","8,351.92","8,351.92","8,351.92","8,351.92","-","1.37%"
"03/25/2003","8,238.76","8,238.76","8,238.76","8,238.76","-","-2.33%"
"03/24/2003","8,435.07","8,435.07","8,435.07","8,435.07","-","2.93%"
"03/20/2003","8,195.05","8,195.05","8,195.05","8,195.05","-","1.79%"
"03/19/2003","8,051.04","8,051.04","8,051.04","8,051.04","-","1.21%"
"03/18/2003","7,954.46","7,954.46","7,954.46","7,954.46","-","1.05%"
"03/17/2003","7,871.64","7,871.64","7,871.64","7,871.64","-","-1.64%"
"03/14/2003","8,002.69","8,002.69","8,002.69","8,002.69","-","1.70%"
"03/13/2003","7,868.56","7,868.56","7,868.56","7,868.56","-","-0.94%"
"03/12/2003","7,943.04","7,943.04","7,943.04","7,943.04","-","1.03%"
"03/11/2003","7,862.43","7,862.43","7,862.43","7,862.43","-","-2.24%"
"03/10/2003","8,042.26","8,042.26","8,042.26","8,042.26","-","-1.25%"
"03/07/2003","8,144.12","8,144.12","8,144.12","8,144.12","-","-2.69%"
"03/06/2003","8,369.15","8,369.15","8,369.15","8,369.15","-","-1.22%"
"03/05/2003","8,472.62","8,472.62","8,472.62","8,472.62","-","-0.09%"
"03/04/2003","8,480.22","8,480.22","8,480.22","8,480.22","-","-0.12%"
"03/03/2003","8,490.40","8,490.40","8,490.40","8,490.40","-","1.52%"
"02/28/2003","8,363.04","8,363.04","8,363.04","8,363.04","-","0.04%"
"02/27/2003","8,359.38","8,359.38","8,359.38","8,359.38","-","0.03%"
"02/26/2003","8,356.81","8,356.81","8,356.81","8,356.81","-","-0.04%"
"02/25/2003","8,360.49","8,360.49","8,360.49","8,360.49","-","-2.39%"
"02/24/2003","8,564.95","8,564.95","8,564.95","8,564.95","-","0.60%"
"02/21/2003","8,513.54","8,513.54","8,513.54","8,513.54","-","-1.59%"
"02/20/2003","8,650.92","8,650.92","8,650.92","8,650.92","-","-0.32%"
"02/19/2003","8,678.44","8,678.44","8,678.44","8,678.44","-","-0.17%"
"02/18/2003","8,692.97","8,692.97","8,692.97","8,692.97","-","-0.90%"
"02/17/2003","8,771.89","8,771.89","8,771.89","8,771.89","-","0.80%"
"02/14/2003","8,701.92","8,701.92","8,701.92","8,701.92","-","1.19%"
"02/13/2003","8,599.66","8,599.66","8,599.66","8,599.66","-","-0.74%"
"02/12/2003","8,664.17","8,664.17","8,664.17","8,664.17","-","2.11%"
"02/10/2003","8,484.93","8,484.93","8,484.93","8,484.93","-","0.44%"
"02/07/2003","8,448.16","8,448.16","8,448.16","8,448.16","-","-0.42%"
"02/06/2003","8,484.19","8,484.19","8,484.19","8,484.19","-","-0.77%"
"02/05/2003","8,549.85","8,549.85","8,549.85","8,549.85","-","0.77%"
"02/04/2003","8,484.90","8,484.90","8,484.90","8,484.90","-","-0.19%"
"02/03/2003","8,500.79","8,500.79","8,500.79","8,500.79","-","1.93%"
"01/31/2003","8,339.94","8,339.94","8,339.94","8,339.94","-","0.28%"
"01/30/2003","8,316.81","8,316.81","8,316.81","8,316.81","-","-0.17%"
"01/29/2003","8,331.08","8,331.08","8,331.08","8,331.08","-","-2.28%"
"01/28/2003","8,525.39","8,525.39","8,525.39","8,525.39","-","-0.98%"
"01/27/2003","8,609.47","8,609.47","8,609.47","8,609.47","-","-1.40%"
"01/24/2003","8,731.65","8,731.65","8,731.65","8,731.65","-","-0.67%"
"01/23/2003","8,790.92","8,790.92","8,790.92","8,790.92","-","2.09%"
"01/22/2003","8,611.04","8,611.04","8,611.04","8,611.04","-","-1.12%"
"01/21/2003","8,708.58","8,708.58","8,708.58","8,708.58","-","1.75%"
"01/20/2003","8,558.82","8,558.82","8,558.82","8,558.82","-","-1.51%"
"01/17/2003","8,690.25","8,690.25","8,690.25","8,690.25","-","0.94%"
"01/16/2003","8,609.17","8,609.17","8,609.17","8,609.17","-","-0.03%"
"01/15/2003","8,611.75","8,611.75","8,611.75","8,611.75","-","0.69%"
"01/14/2003","8,553.06","8,553.06","8,553.06","8,553.06","-","0.98%"
"01/10/2003","8,470.45","8,470.45","8,470.45","8,470.45","-","-0.32%"
"01/09/2003","8,497.93","8,497.93","8,497.93","8,497.93","-","-0.23%"
"01/08/2003","8,517.80","8,517.80","8,517.80","8,517.80","-","-1.60%"
"01/07/2003","8,656.50","8,656.50","8,656.50","8,656.50","-","-0.65%"
"01/06/2003","8,713.33","8,713.33","8,713.33","8,713.33","-","1.57%"
"12/30/2002","8,578.95","8,578.95","8,578.95","8,578.95","-","-1.55%"
"12/27/2002","8,714.05","8,714.05","8,714.05","8,714.05","-","0.16%"
"12/26/2002","8,700.10","8,700.10","8,700.10","8,700.10","-","2.34%"
"12/25/2002","8,501.14","8,501.14","8,501.14","8,501.14","-","-0.13%"
"12/24/2002","8,512.37","8,512.37","8,512.37","8,512.37","-","1.25%"
"12/20/2002","8,406.88","8,406.88","8,406.88","8,406.88","-","0.23%"
"12/19/2002","8,387.57","8,387.57","8,387.57","8,387.57","-","0.52%"
"12/18/2002","8,344.01","8,344.01","8,344.01","8,344.01","-","-1.96%"
"12/17/2002","8,510.73","8,510.73","8,510.73","8,510.73","-","0.71%"
"12/16/2002","8,450.94","8,450.94","8,450.94","8,450.94","-","-0.76%"
"12/13/2002","8,516.07","8,516.07","8,516.07","8,516.07","-","-2.21%"
"12/12/2002","8,708.69","8,708.69","8,708.69","8,708.69","-","-0.22%"
"12/11/2002","8,727.66","8,727.66","8,727.66","8,727.66","-","-0.87%"
"12/10/2002","8,804.52","8,804.52","8,804.52","8,804.52","-","-0.27%"
"12/09/2002","8,828.05","8,828.05","8,828.05","8,828.05","-","-0.40%"
"12/06/2002","8,863.26","8,863.26","8,863.26","8,863.26","-","-0.61%"
"12/05/2002","8,917.57","8,917.57","8,917.57","8,917.57","-","-0.99%"
"12/04/2002","9,006.73","9,006.73","9,006.73","9,006.73","-","-2.16%"
"12/03/2002","9,205.11","9,205.11","9,205.11","9,205.11","-","0.33%"
"12/02/2002","9,174.47","9,174.47","9,174.47","9,174.47","-","-0.45%"
"11/29/2002","9,215.56","9,215.56","9,215.56","9,215.56","-","0.42%"
"11/28/2002","9,176.78","9,176.78","9,176.78","9,176.78","-","3.39%"
"11/27/2002","8,875.88","8,875.88","8,875.88","8,875.88","-","0.59%"
"11/26/2002","8,823.99","8,823.99","8,823.99","8,823.99","-","-1.35%"
"11/25/2002","8,944.44","8,944.44","8,944.44","8,944.44","-","1.96%"
"11/22/2002","8,772.56","8,772.56","8,772.56","8,772.56","-","1.21%"
"11/21/2002","8,668.06","8,668.06","8,668.06","8,668.06","-","2.46%"
"11/20/2002","8,459.62","8,459.62","8,459.62","8,459.62","-","1.13%"
"11/19/2002","8,365.26","8,365.26","8,365.26","8,365.26","-","0.23%"
"11/18/2002","8,346.01","8,346.01","8,346.01","8,346.01","-","-1.85%"
"11/15/2002","8,503.59","8,503.59","8,503.59","8,503.59","-","2.41%"
"11/14/2002","8,303.39","8,303.39","8,303.39","8,303.39","-","-1.60%"
"11/13/2002","8,438.52","8,438.52","8,438.52","8,438.52","-","-0.31%"
"11/12/2002","8,464.77","8,464.77","8,464.77","8,464.77","-","0.05%"
"11/11/2002","8,460.37","8,460.37","8,460.37","8,460.37","-","-2.65%"
"11/08/2002","8,690.77","8,690.77","8,690.77","8,690.77","-","-2.57%"
"11/07/2002","8,920.44","8,920.44","8,920.44","8,920.44","-","-0.37%"
"11/06/2002","8,953.29","8,953.29","8,953.29","8,953.29","-","0.18%"
"11/05/2002","8,937.56","8,937.56","8,937.56","8,937.56","-","2.90%"
"11/01/2002","8,685.72","8,685.72","8,685.72","8,685.72","-","0.52%"
"10/31/2002","8,640.48","8,640.48","8,640.48","8,640.48","-","-1.33%"
"10/30/2002","8,756.59","8,756.59","8,756.59","8,756.59","-","0.55%"
"10/29/2002","8,708.76","8,708.76","8,708.76","8,708.76","-","-0.56%"
"10/28/2002","8,757.51","8,757.51","8,757.51","8,757.51","-","0.36%"
"10/25/2002","8,726.29","8,726.29","8,726.29","8,726.29","-","1.30%"
"10/24/2002","8,614.30","8,614.30","8,614.30","8,614.30","-","-1.15%"
"10/23/2002","8,714.52","8,714.52","8,714.52","8,714.52","-","0.29%"
"10/22/2002","8,689.39","8,689.39","8,689.39","8,689.39","-","-3.22%"
"10/21/2002","8,978.41","8,978.41","8,978.41","8,978.41","-","-1.19%"
"10/18/2002","9,086.13","9,086.13","9,086.13","9,086.13","-","1.41%"
"10/17/2002","8,959.88","8,959.88","8,959.88","8,959.88","-","0.84%"
"10/16/2002","8,884.87","8,884.87","8,884.87","8,884.87","-","0.54%"
"10/15/2002","8,836.73","8,836.73","8,836.73","8,836.73","-","3.60%"
"10/11/2002","8,529.61","8,529.61","8,529.61","8,529.61","-","1.07%"
"10/10/2002","8,439.62","8,439.62","8,439.62","8,439.62","-","-1.17%"
"10/09/2002","8,539.34","8,539.34","8,539.34","8,539.34","-","-1.95%"
"10/08/2002","8,708.90","8,708.90","8,708.90","8,708.90","-","0.24%"
"10/07/2002","8,688.00","8,688.00","8,688.00","8,688.00","-","-3.76%"
"10/04/2002","9,027.55","9,027.55","9,027.55","9,027.55","-","1.02%"
"10/03/2002","8,936.43","8,936.43","8,936.43","8,936.43","-","-1.25%"
"10/02/2002","9,049.33","9,049.33","9,049.33","9,049.33","-","-1.23%"
"10/01/2002","9,162.26","9,162.26","9,162.26","9,162.26","-","-2.36%"
"09/30/2002","9,383.29","9,383.29","9,383.29","9,383.29","-","-1.54%"
"09/27/2002","9,530.44","9,530.44","9,530.44","9,530.44","-","2.25%"
"09/26/2002","9,320.92","9,320.92","9,320.92","9,320.92","-","1.70%"
"09/25/2002","9,165.41","9,165.41","9,165.41","9,165.41","-","-1.68%"
"09/24/2002","9,321.64","9,321.64","9,321.64","9,321.64","-","-1.68%"
"09/20/2002","9,481.08","9,481.08","9,481.08","9,481.08","-","-1.95%"
"09/19/2002","9,669.62","9,669.62","9,669.62","9,669.62","-","2.09%"
"09/18/2002","9,472.06","9,472.06","9,472.06","9,472.06","-","-0.75%"
"09/17/2002","9,543.94","9,543.94","9,543.94","9,543.94","-","3.27%"
"09/13/2002","9,241.93","9,241.93","9,241.93","9,241.93","-","-1.84%"
"09/12/2002","9,415.23","9,415.23","9,415.23","9,415.23","-","0.16%"
"09/11/2002","9,400.08","9,400.08","9,400.08","9,400.08","-","0.98%"
"09/10/2002","9,309.31","9,309.31","9,309.31","9,309.31","-","0.03%"
"09/09/2002","9,306.26","9,306.26","9,306.26","9,306.26","-","1.94%"
"09/06/2002","9,129.07","9,129.07","9,129.07","9,129.07","-","-1.01%"
"09/05/2002","9,222.12","9,222.12","9,222.12","9,222.12","-","1.62%"
"09/04/2002","9,075.09","9,075.09","9,075.09","9,075.09","-","-1.54%"
"09/03/2002","9,217.04","9,217.04","9,217.04","9,217.04","-","-3.20%"
"09/02/2002","9,521.63","9,521.63","9,521.63","9,521.63","-","-1.02%"
"08/30/2002","9,619.30","9,619.30","9,619.30","9,619.30","-","-0.01%"
"08/29/2002","9,620.14","9,620.14","9,620.14","9,620.14","-","-1.50%"
"08/28/2002","9,766.73","9,766.73","9,766.73","9,766.73","-","-1.42%"
"08/27/2002","9,907.30","9,907.30","9,907.30","9,907.30","-","-1.59%"
"08/26/2002","10,067.74","10,067.74","10,067.74","10,067.74","-","2.03%"
"08/23/2002","9,867.45","9,867.45","9,867.45","9,867.45","-","0.54%"
"08/22/2002","9,814.02","9,814.02","9,814.02","9,814.02","-","1.78%"
"08/21/2002","9,642.61","9,642.61","9,642.61","9,642.61","-","0.23%"
"08/20/2002","9,620.69","9,620.69","9,620.69","9,620.69","-","0.22%"
"08/19/2002","9,599.10","9,599.10","9,599.10","9,599.10","-","-1.93%"
"08/16/2002","9,788.13","9,788.13","9,788.13","9,788.13","-","-0.08%"
"08/15/2002","9,795.57","9,795.57","9,795.57","9,795.57","-","1.63%"
"08/14/2002","9,638.41","9,638.41","9,638.41","9,638.41","-","-0.52%"
"08/13/2002","9,688.61","9,688.61","9,688.61","9,688.61","-","-0.61%"
"08/12/2002","9,747.82","9,747.82","9,747.82","9,747.82","-","-2.52%"
"08/09/2002","9,999.79","9,999.79","9,999.79","9,999.79","-","2.04%"
"08/08/2002","9,799.57","9,799.57","9,799.57","9,799.57","-","-0.35%"
"08/07/2002","9,834.40","9,834.40","9,834.40","9,834.40","-","3.51%"
"08/06/2002","9,501.02","9,501.02","9,501.02","9,501.02","-","-2.10%"
"08/05/2002","9,704.93","9,704.93","9,704.93","9,704.93","-","-0.05%"
"08/02/2002","9,709.66","9,709.66","9,709.66","9,709.66","-","-0.86%"
"08/01/2002","9,793.51","9,793.51","9,793.51","9,793.51","-","-0.85%"
"07/31/2002","9,877.94","9,877.94","9,877.94","9,877.94","-","-1.26%"
"07/30/2002","10,003.72","10,003.72","10,003.72","10,003.72","-","3.49%"
"07/29/2002","9,666.67","9,666.67","9,666.67","9,666.67","-","0.79%"
"07/26/2002","9,591.03","9,591.03","9,591.03","9,591.03","-","-3.41%"
"07/25/2002","9,929.91","9,929.91","9,929.91","9,929.91","-","-0.18%"
"07/24/2002","9,947.72","9,947.72","9,947.72","9,947.72","-","-2.62%"
"07/23/2002","10,215.63","10,215.63","10,215.63","10,215.63","-","0.26%"
"07/22/2002","10,189.01","10,189.01","10,189.01","10,189.01","-","-0.13%"
"07/19/2002","10,202.36","10,202.36","10,202.36","10,202.36","-","-2.82%"
"07/18/2002","10,498.26","10,498.26","10,498.26","10,498.26","-","1.96%"
"07/17/2002","10,296.02","10,296.02","10,296.02","10,296.02","-","0.44%"
"07/16/2002","10,250.42","10,250.42","10,250.42","10,250.42","-","-1.20%"
"07/15/2002","10,375.15","10,375.15","10,375.15","10,375.15","-","-2.13%"
"07/12/2002","10,601.45","10,601.45","10,601.45","10,601.45","-","1.10%"
"07/11/2002","10,485.74","10,485.74","10,485.74","10,485.74","-","-2.48%"
"07/10/2002","10,752.66","10,752.66","10,752.66","10,752.66","-","-1.89%"
"07/09/2002","10,960.25","10,960.25","10,960.25","10,960.25","-","1.77%"
"07/08/2002","10,769.20","10,769.20","10,769.20","10,769.20","-","-0.53%"
"07/05/2002","10,826.09","10,826.09","10,826.09","10,826.09","-","1.82%"
"07/04/2002","10,632.81","10,632.81","10,632.81","10,632.81","-","-1.66%"
"07/03/2002","10,812.30","10,812.30","10,812.30","10,812.30","-","1.79%"
"07/02/2002","10,622.32","10,622.32","10,622.32","10,622.32","-","0.25%"
"07/01/2002","10,595.44","10,595.44","10,595.44","10,595.44","-","-0.25%"
"06/28/2002","10,621.84","10,621.84","10,621.84","10,621.84","-","3.51%"
"06/27/2002","10,261.60","10,261.60","10,261.60","10,261.60","-","1.86%"
"06/26/2002","10,074.56","10,074.56","10,074.56","10,074.56","-","-4.02%"
"06/25/2002","10,496.67","10,496.67","10,496.67","10,496.67","-","0.24%"
"06/24/2002","10,471.32","10,471.32","10,471.32","10,471.32","-","1.13%"
"06/21/2002","10,354.35","10,354.35","10,354.35","10,354.35","-","-2.44%"
"06/20/2002","10,612.98","10,612.98","10,612.98","10,612.98","-","1.31%"
"06/19/2002","10,476.18","10,476.18","10,476.18","10,476.18","-","-3.36%"
"06/18/2002","10,839.93","10,839.93","10,839.93","10,839.93","-","1.65%"
"06/17/2002","10,664.11","10,664.11","10,664.11","10,664.11","-","-2.35%"
"06/14/2002","10,920.63","10,920.63","10,920.63","10,920.63","-","-2.01%"
"06/13/2002","11,144.84","11,144.84","11,144.84","11,144.84","-","-1.61%"
"06/12/2002","11,327.06","11,327.06","11,327.06","11,327.06","-","-1.07%"
"06/11/2002","11,449.44","11,449.44","11,449.44","11,449.44","-","0.70%"
"06/10/2002","11,370.21","11,370.21","11,370.21","11,370.21","-","-0.60%"
"06/07/2002","11,438.53","11,438.53","11,438.53","11,438.53","-","-1.18%"
"06/06/2002","11,574.94","11,574.94","11,574.94","11,574.94","-","-0.76%"
"06/05/2002","11,663.87","11,663.87","11,663.87","11,663.87","-","0.09%"
"06/04/2002","11,653.07","11,653.07","11,653.07","11,653.07","-","-2.09%"
"06/03/2002","11,901.39","11,901.39","11,901.39","11,901.39","-","1.17%"
"05/31/2002","11,763.70","11,763.70","11,763.70","11,763.70","-","-0.05%"
"05/30/2002","11,770.03","11,770.03","11,770.03","11,770.03","-","-0.70%"
"05/29/2002","11,853.00","11,853.00","11,853.00","11,853.00","-","-0.70%"
"05/28/2002","11,936.08","11,936.08","11,936.08","11,936.08","-","-0.34%"
"05/27/2002","11,976.35","11,976.35","11,976.35","11,976.35","-","0.00%"
"05/24/2002","11,976.28","11,976.28","11,976.28","11,976.28","-","-0.03%"
"05/23/2002","11,979.85","11,979.85","11,979.85","11,979.85","-","0.15%"
"05/22/2002","11,961.98","11,961.98","11,961.98","11,961.98","-","1.36%"
"05/21/2002","11,801.16","11,801.16","11,801.16","11,801.16","-","-0.47%"
"05/20/2002","11,856.54","11,856.54","11,856.54","11,856.54","-","0.08%"
"05/17/2002","11,847.32","11,847.32","11,847.32","11,847.32","-","0.93%"
"05/16/2002","11,738.69","11,738.69","11,738.69","11,738.69","-","0.82%"
"05/15/2002","11,642.97","11,642.97","11,642.97","11,642.97","-","2.53%"
"05/14/2002","11,356.19","11,356.19","11,356.19","11,356.19","-","0.17%"
"05/13/2002","11,336.95","11,336.95","11,336.95","11,336.95","-","-1.68%"
"05/10/2002","11,531.11","11,531.11","11,531.11","11,531.11","-","-0.88%"
"05/09/2002","11,633.30","11,633.30","11,633.30","11,633.30","-","0.98%"
"05/08/2002","11,520.75","11,520.75","11,520.75","11,520.75","-","1.81%"
"05/07/2002","11,316.04","11,316.04","11,316.04","11,316.04","-","-2.03%"
"05/02/2002","11,551.01","11,551.01","11,551.01","11,551.01","-","-0.02%"
"05/01/2002","11,552.79","11,552.79","11,552.79","11,552.79","-","0.52%"
"04/30/2002","11,492.54","11,492.54","11,492.54","11,492.54","-","-0.42%"
"04/26/2002","11,541.39","11,541.39","11,541.39","11,541.39","-","-0.92%"
"04/25/2002","11,648.72","11,648.72","11,648.72","11,648.72","-","-0.21%"
"04/24/2002","11,672.88","11,672.88","11,672.88","11,672.88","-","-0.54%"
"04/23/2002","11,736.83","11,736.83","11,736.83","11,736.83","-","0.13%"
"04/22/2002","11,721.64","11,721.64","11,721.64","11,721.64","-","1.82%"
"04/19/2002","11,512.01","11,512.01","11,512.01","11,512.01","-","-0.55%"
"04/18/2002","11,575.73","11,575.73","11,575.73","11,575.73","-","0.28%"
"04/17/2002","11,543.71","11,543.71","11,543.71","11,543.71","-","1.74%"
"04/16/2002","11,346.66","11,346.66","11,346.66","11,346.66","-","1.88%"
"04/15/2002","11,137.30","11,137.30","11,137.30","11,137.30","-","1.59%"
"04/12/2002","10,962.98","10,962.98","10,962.98","10,962.98","-","-1.65%"
"04/11/2002","11,147.27","11,147.27","11,147.27","11,147.27","-","-0.64%"
"04/10/2002","11,218.58","11,218.58","11,218.58","11,218.58","-","0.94%"
"04/09/2002","11,114.49","11,114.49","11,114.49","11,114.49","-","-2.10%"
"04/08/2002","11,352.89","11,352.89","11,352.89","11,352.89","-","0.15%"
"04/05/2002","11,335.49","11,335.49","11,335.49","11,335.49","-","-0.38%"
"04/04/2002","11,379.20","11,379.20","11,379.20","11,379.20","-","-0.19%"
"04/03/2002","11,400.71","11,400.71","11,400.71","11,400.71","-","1.75%"
"04/02/2002","11,204.49","11,204.49","11,204.49","11,204.49","-","1.59%"
"04/01/2002","11,028.70","11,028.70","11,028.70","11,028.70","-","0.03%"
"03/29/2002","11,024.94","11,024.94","11,024.94","11,024.94","-","-2.72%"
"03/28/2002","11,333.11","11,333.11","11,333.11","11,333.11","-","0.08%"
"03/27/2002","11,323.68","11,323.68","11,323.68","11,323.68","-","1.03%"
"03/26/2002","11,207.92","11,207.92","11,207.92","11,207.92","-","-0.47%"
"03/25/2002","11,261.09","11,261.09","11,261.09","11,261.09","-","-0.74%"
"03/22/2002","11,345.08","11,345.08","11,345.08","11,345.08","-","-1.58%"
"03/20/2002","11,526.78","11,526.78","11,526.78","11,526.78","-","-2.26%"
"03/19/2002","11,792.82","11,792.82","11,792.82","11,792.82","-","2.56%"
"03/18/2002","11,498.38","11,498.38","11,498.38","11,498.38","-","-1.28%"
"03/15/2002","11,648.01","11,648.01","11,648.01","11,648.01","-","0.68%"
"03/14/2002","11,568.82","11,568.82","11,568.82","11,568.82","-","1.34%"
"03/13/2002","11,415.31","11,415.31","11,415.31","11,415.31","-","-1.65%"
"03/12/2002","11,607.33","11,607.33","11,607.33","11,607.33","-","-2.62%"
"03/11/2002","11,919.30","11,919.30","11,919.30","11,919.30","-","0.28%"
"03/08/2002","11,885.79","11,885.79","11,885.79","11,885.79","-","2.04%"
"03/07/2002","11,648.34","11,648.34","11,648.34","11,648.34","-","2.55%"
"03/06/2002","11,358.53","11,358.53","11,358.53","11,358.53","-","0.09%"
"03/05/2002","11,348.45","11,348.45","11,348.45","11,348.45","-","-0.89%"
"03/04/2002","11,450.22","11,450.22","11,450.22","11,450.22","-","5.90%"
"03/01/2002","10,812.00","10,812.00","10,812.00","10,812.00","-","2.12%"
"02/28/2002","10,587.83","10,587.83","10,587.83","10,587.83","-","0.14%"
"02/27/2002","10,573.09","10,573.09","10,573.09","10,573.09","-","3.63%"
"02/26/2002","10,202.63","10,202.63","10,202.63","10,202.63","-","-0.91%"
"02/25/2002","10,296.47","10,296.47","10,296.47","10,296.47","-","-0.58%"
"02/22/2002","10,356.78","10,356.78","10,356.78","10,356.78","-","0.60%"
"02/21/2002","10,295.42","10,295.42","10,295.42","10,295.42","-","4.69%"
"02/20/2002","9,834.13","9,834.13","9,834.13","9,834.13","-","-0.13%"
"02/19/2002","9,847.16","9,847.16","9,847.16","9,847.16","-","-2.44%"
"02/18/2002","10,093.25","10,093.25","10,093.25","10,093.25","-","0.45%"
"02/15/2002","10,048.10","10,048.10","10,048.10","10,048.10","-","-0.33%"
"02/14/2002","10,081.09","10,081.09","10,081.09","10,081.09","-","1.13%"
"02/13/2002","9,968.35","9,968.35","9,968.35","9,968.35","-","0.91%"
"02/12/2002","9,877.99","9,877.99","9,877.99","9,877.99","-","1.98%"
"02/08/2002","9,686.06","9,686.06","9,686.06","9,686.06","-","1.07%"
"02/07/2002","9,583.27","9,583.27","9,583.27","9,583.27","-","1.72%"
"02/06/2002","9,420.85","9,420.85","9,420.85","9,420.85","-","-0.58%"
"02/05/2002","9,475.60","9,475.60","9,475.60","9,475.60","-","-1.62%"
"02/04/2002","9,631.93","9,631.93","9,631.93","9,631.93","-","-1.63%"
"02/01/2002","9,791.43","9,791.43","9,791.43","9,791.43","-","-2.06%"
"01/31/2002","9,997.80","9,997.80","9,997.80","9,997.80","-","0.79%"
"01/30/2002","9,919.48","9,919.48","9,919.48","9,919.48","-","-1.06%"
"01/29/2002","10,026.03","10,026.03","10,026.03","10,026.03","-","-1.91%"
"01/28/2002","10,220.85","10,220.85","10,220.85","10,220.85","-","0.76%"
"01/25/2002","10,144.14","10,144.14","10,144.14","10,144.14","-","0.70%"
"01/24/2002","10,074.05","10,074.05","10,074.05","10,074.05","-","0.33%"
"01/23/2002","10,040.91","10,040.91","10,040.91","10,040.91","-","-0.10%"
"01/22/2002","10,050.98","10,050.98","10,050.98","10,050.98","-","-2.23%"
"01/21/2002","10,280.25","10,280.25","10,280.25","10,280.25","-","-0.13%"
"01/18/2002","10,293.32","10,293.32","10,293.32","10,293.32","-","1.63%"
"01/17/2002","10,128.18","10,128.18","10,128.18","10,128.18","-","-0.49%"
"01/16/2002","10,177.58","10,177.58","10,177.58","10,177.58","-","-0.30%"
"01/15/2002","10,208.05","10,208.05","10,208.05","10,208.05","-","-2.24%"
"01/11/2002","10,441.59","10,441.59","10,441.59","10,441.59","-","-0.92%"
"01/10/2002","10,538.43","10,538.43","10,538.43","10,538.43","-","-1.18%"
"01/09/2002","10,663.98","10,663.98","10,663.98","10,663.98","-","-0.30%"
"01/08/2002","10,695.60","10,695.60","10,695.60","10,695.60","-","-2.26%"
"01/07/2002","10,942.36","10,942.36","10,942.36","10,942.36","-","0.65%"
"01/04/2002","10,871.49","10,871.49","10,871.49","10,871.49","-","3.12%"
"12/28/2001","10,542.62","10,542.62","10,542.62","10,542.62","-","0.81%"
"12/27/2001","10,457.61","10,457.61","10,457.61","10,457.61","-","2.60%"
"12/26/2001","10,192.57","10,192.57","10,192.57","10,192.57","-","-0.61%"
"12/25/2001","10,254.81","10,254.81","10,254.81","10,254.81","-","-0.78%"
"12/21/2001","10,335.45","10,335.45","10,335.45","10,335.45","-","-0.95%"
"12/20/2001","10,434.52","10,434.52","10,434.52","10,434.52","-","-0.36%"
"12/19/2001","10,471.93","10,471.93","10,471.93","10,471.93","-","0.38%"
"12/18/2001","10,432.17","10,432.17","10,432.17","10,432.17","-","1.05%"
"12/17/2001","10,323.35","10,323.35","10,323.35","10,323.35","-","-1.79%"
"12/14/2001","10,511.65","10,511.65","10,511.65","10,511.65","-","0.75%"
"12/13/2001","10,433.45","10,433.45","10,433.45","10,433.45","-","-3.41%"
"12/12/2001","10,801.52","10,801.52","10,801.52","10,801.52","-","3.13%"
"12/11/2001","10,473.91","10,473.91","10,473.91","10,473.91","-","-0.92%"
"12/10/2001","10,571.01","10,571.01","10,571.01","10,571.01","-","-2.09%"
"12/07/2001","10,796.89","10,796.89","10,796.89","10,796.89","-","-0.56%"
"12/06/2001","10,857.28","10,857.28","10,857.28","10,857.28","-","1.34%"
"12/05/2001","10,713.81","10,713.81","10,713.81","10,713.81","-","2.50%"
"12/04/2001","10,452.65","10,452.65","10,452.65","10,452.65","-","0.79%"
"12/03/2001","10,370.62","10,370.62","10,370.62","10,370.62","-","-3.06%"
"11/30/2001","10,697.44","10,697.44","10,697.44","10,697.44","-","0.39%"
"11/29/2001","10,655.96","10,655.96","10,655.96","10,655.96","-","0.29%"
"11/28/2001","10,624.81","10,624.81","10,624.81","10,624.81","-","-2.96%"
"11/27/2001","10,948.89","10,948.89","10,948.89","10,948.89","-","-1.04%"
"11/26/2001","11,064.30","11,064.30","11,064.30","11,064.30","-","3.44%"
"11/22/2001","10,696.82","10,696.82","10,696.82","10,696.82","-","0.34%"
"11/21/2001","10,661.08","10,661.08","10,661.08","10,661.08","-","0.81%"
"11/20/2001","10,575.62","10,575.62","10,575.62","10,575.62","-","-1.42%"
"11/19/2001","10,727.94","10,727.94","10,727.94","10,727.94","-","0.74%"
"11/16/2001","10,649.09","10,649.09","10,649.09","10,649.09","-","1.52%"
"11/15/2001","10,489.89","10,489.89","10,489.89","10,489.89","-","4.00%"
"11/14/2001","10,086.76","10,086.76","10,086.76","10,086.76","-","0.56%"
"11/13/2001","10,030.56","10,030.56","10,030.56","10,030.56","-","-0.51%"
"11/12/2001","10,081.56","10,081.56","10,081.56","10,081.56","-","-1.31%"
"11/09/2001","10,215.71","10,215.71","10,215.71","10,215.71","-","-2.07%"
"11/08/2001","10,431.79","10,431.79","10,431.79","10,431.79","-","1.43%"
"11/07/2001","10,284.98","10,284.98","10,284.98","10,284.98","-","-3.28%"
"11/06/2001","10,633.72","10,633.72","10,633.72","10,633.72","-","1.78%"
"11/05/2001","10,447.54","10,447.54","10,447.54","10,447.54","-","0.61%"
"11/02/2001","10,383.78","10,383.78","10,383.78","10,383.78","-","0.35%"
"11/01/2001","10,347.28","10,347.28","10,347.28","10,347.28","-","-0.18%"
"10/31/2001","10,366.34","10,366.34","10,366.34","10,366.34","-","-1.39%"
"10/30/2001","10,512.82","10,512.82","10,512.82","10,512.82","-","-0.94%"
"10/29/2001","10,612.31","10,612.31","10,612.31","10,612.31","-","-1.69%"
"10/26/2001","10,795.16","10,795.16","10,795.16","10,795.16","-","-0.78%"
"10/25/2001","10,880.10","10,880.10","10,880.10","10,880.10","-","0.72%"
"10/24/2001","10,802.15","10,802.15","10,802.15","10,802.15","-","-0.55%"
"10/23/2001","10,861.56","10,861.56","10,861.56","10,861.56","-","2.80%"
"10/22/2001","10,565.41","10,565.41","10,565.41","10,565.41","-","0.25%"
"10/19/2001","10,538.79","10,538.79","10,538.79","10,538.79","-","0.61%"
"10/18/2001","10,474.85","10,474.85","10,474.85","10,474.85","-","-2.61%"
"10/17/2001","10,755.45","10,755.45","10,755.45","10,755.45","-","1.11%"
"10/16/2001","10,637.82","10,637.82","10,637.82","10,637.82","-","1.77%"
"10/15/2001","10,452.54","10,452.54","10,452.54","10,452.54","-","-1.69%"
"10/12/2001","10,632.35","10,632.35","10,632.35","10,632.35","-","2.76%"
"10/11/2001","10,347.01","10,347.01","10,347.01","10,347.01","-","3.83%"
"10/10/2001","9,964.88","9,964.88","9,964.88","9,964.88","-","-0.47%"
"10/09/2001","10,011.77","10,011.77","10,011.77","10,011.77","-","-1.90%"
"10/05/2001","10,205.87","10,205.87","10,205.87","10,205.87","-","0.00%"
"10/04/2001","10,205.48","10,205.48","10,205.48","10,205.48","-","2.83%"
"10/03/2001","9,924.23","9,924.23","9,924.23","9,924.23","-","-2.09%"
"10/02/2001","10,136.56","10,136.56","10,136.56","10,136.56","-","1.65%"
"10/01/2001","9,972.28","9,972.28","9,972.28","9,972.28","-","2.02%"
"09/28/2001","9,774.68","9,774.68","9,774.68","9,774.68","-","0.81%"
"09/27/2001","9,696.53","9,696.53","9,696.53","9,696.53","-","0.57%"
"09/26/2001","9,641.70","9,641.70","9,641.70","9,641.70","-","-0.54%"
"09/25/2001","9,693.97","9,693.97","9,693.97","9,693.97","-","1.45%"
"09/21/2001","9,554.99","9,554.99","9,554.99","9,554.99","-","-2.35%"
"09/20/2001","9,785.16","9,785.16","9,785.16","9,785.16","-","-1.55%"
"09/19/2001","9,939.60","9,939.60","9,939.60","9,939.60","-","2.68%"
"09/18/2001","9,679.88","9,679.88","9,679.88","9,679.88","-","1.85%"
"09/17/2001","9,504.41","9,504.41","9,504.41","9,504.41","-","-5.04%"
"09/14/2001","10,008.89","10,008.89","10,008.89","10,008.89","-","4.12%"
"09/13/2001","9,613.09","9,613.09","9,613.09","9,613.09","-","0.03%"
"09/12/2001","9,610.10","9,610.10","9,610.10","9,610.10","-","-6.63%"
"09/11/2001","10,292.95","10,292.95","10,292.95","10,292.95","-","0.95%"
"09/10/2001","10,195.69","10,195.69","10,195.69","10,195.69","-","-3.05%"
"09/07/2001","10,516.79","10,516.79","10,516.79","10,516.79","-","-1.25%"
"09/06/2001","10,650.33","10,650.33","10,650.33","10,650.33","-","0.49%"
"09/05/2001","10,598.79","10,598.79","10,598.79","10,598.79","-","-1.61%"
"09/04/2001","10,772.59","10,772.59","10,772.59","10,772.59","-","3.49%"
"09/03/2001","10,409.68","10,409.68","10,409.68","10,409.68","-","-2.84%"
"08/31/2001","10,713.51","10,713.51","10,713.51","10,713.51","-","-2.06%"
"08/30/2001","10,938.45","10,938.45","10,938.45","10,938.45","-","-0.38%"
"08/29/2001","10,979.76","10,979.76","10,979.76","10,979.76","-","-1.87%"
"08/28/2001","11,189.40","11,189.40","11,189.40","11,189.40","-","-0.76%"
"08/27/2001","11,275.01","11,275.01","11,275.01","11,275.01","-","0.97%"
"08/24/2001","11,166.31","11,166.31","11,166.31","11,166.31","-","0.35%"
"08/23/2001","11,126.92","11,126.92","11,126.92","11,126.92","-","-2.36%"
"08/22/2001","11,396.43","11,396.43","11,396.43","11,396.43","-","1.03%"
"08/21/2001","11,280.38","11,280.38","11,280.38","11,280.38","-","0.20%"
"08/20/2001","11,257.94","11,257.94","11,257.94","11,257.94","-","-1.64%"
"08/17/2001","11,445.54","11,445.54","11,445.54","11,445.54","-","-0.60%"
"08/16/2001","11,515.02","11,515.02","11,515.02","11,515.02","-","-2.04%"
"08/15/2001","11,755.40","11,755.40","11,755.40","11,755.40","-","-1.36%"
"08/14/2001","11,917.95","11,917.95","11,917.95","11,917.95","-","3.84%"
"08/13/2001","11,477.56","11,477.56","11,477.56","11,477.56","-","-2.19%"
"08/10/2001","11,735.06","11,735.06","11,735.06","11,735.06","-","-0.17%"
"08/09/2001","11,754.56","11,754.56","11,754.56","11,754.56","-","-3.36%"
"08/08/2001","12,163.67","12,163.67","12,163.67","12,163.67","-","-1.26%"
"08/07/2001","12,319.46","12,319.46","12,319.46","12,319.46","-","0.62%"
"08/06/2001","12,243.90","12,243.90","12,243.90","12,243.90","-","0.02%"
"08/03/2001","12,241.97","12,241.97","12,241.97","12,241.97","-","-1.27%"
"08/02/2001","12,399.20","12,399.20","12,399.20","12,399.20","-","3.68%"
"08/01/2001","11,959.33","11,959.33","11,959.33","11,959.33","-","0.83%"
"07/31/2001","11,860.77","11,860.77","11,860.77","11,860.77","-","2.43%"
"07/30/2001","11,579.27","11,579.27","11,579.27","11,579.27","-","-1.85%"
"07/27/2001","11,798.08","11,798.08","11,798.08","11,798.08","-","-0.51%"
"07/26/2001","11,858.56","11,858.56","11,858.56","11,858.56","-","-0.28%"
"07/25/2001","11,891.61","11,891.61","11,891.61","11,891.61","-","0.07%"
"07/24/2001","11,883.25","11,883.25","11,883.25","11,883.25","-","2.36%"
"07/23/2001","11,609.63","11,609.63","11,609.63","11,609.63","-","-2.51%"
"07/19/2001","11,908.39","11,908.39","11,908.39","11,908.39","-","0.13%"
"07/18/2001","11,892.58","11,892.58","11,892.58","11,892.58","-","-1.95%"
"07/17/2001","12,128.57","12,128.57","12,128.57","12,128.57","-","-1.74%"
"07/16/2001","12,343.37","12,343.37","12,343.37","12,343.37","-","-0.10%"
"07/13/2001","12,355.15","12,355.15","12,355.15","12,355.15","-","-0.43%"
"07/12/2001","12,407.95","12,407.95","12,407.95","12,407.95","-","3.36%"
"07/11/2001","12,005.11","12,005.11","12,005.11","12,005.11","-","-2.40%"
"07/10/2001","12,300.41","12,300.41","12,300.41","12,300.41","-","0.50%"
"07/09/2001","12,239.68","12,239.68","12,239.68","12,239.68","-","-0.54%"
"07/06/2001","12,306.08","12,306.08","12,306.08","12,306.08","-","-2.39%"
"07/05/2001","12,607.30","12,607.30","12,607.30","12,607.30","-","-0.17%"
"07/04/2001","12,629.02","12,629.02","12,629.02","12,629.02","-","-1.47%"
"07/03/2001","12,817.41","12,817.41","12,817.41","12,817.41","-","0.52%"
"07/02/2001","12,751.18","12,751.18","12,751.18","12,751.18","-","-1.68%"
"06/29/2001","12,969.05","12,969.05","12,969.05","12,969.05","-","2.28%"
"06/28/2001","12,679.88","12,679.88","12,679.88","12,679.88","-","-1.16%"
"06/27/2001","12,828.98","12,828.98","12,828.98","12,828.98","-","-1.15%"
"06/26/2001","12,978.82","12,978.82","12,978.82","12,978.82","-","0.64%"
"06/25/2001","12,896.47","12,896.47","12,896.47","12,896.47","-","-1.14%"
"06/22/2001","13,044.61","13,044.61","13,044.61","13,044.61","-","0.63%"
"06/21/2001","12,962.43","12,962.43","12,962.43","12,962.43","-","2.27%"
"06/20/2001","12,674.64","12,674.64","12,674.64","12,674.64","-","0.80%"
"06/19/2001","12,574.26","12,574.26","12,574.26","12,574.26","-","-0.97%"
"06/18/2001","12,697.79","12,697.79","12,697.79","12,697.79","-","-0.72%"
"06/15/2001","12,790.38","12,790.38","12,790.38","12,790.38","-","-0.44%"
"06/14/2001","12,846.66","12,846.66","12,846.66","12,846.66","-","0.18%"
"06/13/2001","12,823.45","12,823.45","12,823.45","12,823.45","-","-0.13%"
"06/12/2001","12,840.10","12,840.10","12,840.10","12,840.10","-","-2.92%"
"06/11/2001","13,226.48","13,226.48","13,226.48","13,226.48","-","-1.52%"
"06/08/2001","13,430.22","13,430.22","13,430.22","13,430.22","-","1.15%"
"06/07/2001","13,277.51","13,277.51","13,277.51","13,277.51","-","0.78%"
"06/06/2001","13,174.84","13,174.84","13,174.84","13,174.84","-","-0.05%"
"06/05/2001","13,182.00","13,182.00","13,182.00","13,182.00","-","-0.98%"
"06/04/2001","13,312.35","13,312.35","13,312.35","13,312.35","-","0.38%"
"06/01/2001","13,261.84","13,261.84","13,261.84","13,261.84","-","-0.00%"
"05/31/2001","13,262.14","13,262.14","13,262.14","13,262.14","-","-1.71%"
"05/30/2001","13,493.35","13,493.35","13,493.35","13,493.35","-","-2.04%"
"05/29/2001","13,773.89","13,773.89","13,773.89","13,773.89","-","0.26%"
"05/28/2001","13,737.77","13,737.77","13,737.77","13,737.77","-","-0.20%"
"05/25/2001","13,765.92","13,765.92","13,765.92","13,765.92","-","-0.93%"
"05/24/2001","13,895.79","13,895.79","13,895.79","13,895.79","-","-1.22%"
"05/23/2001","14,067.70","14,067.70","14,067.70","14,067.70","-","-0.17%"
"05/22/2001","14,091.19","14,091.19","14,091.19","14,091.19","-","-0.60%"
"05/21/2001","14,176.83","14,176.83","14,176.83","14,176.83","-","2.15%"
"05/18/2001","13,877.77","13,877.77","13,877.77","13,877.77","-","-0.24%"
"05/17/2001","13,910.67","13,910.67","13,910.67","13,910.67","-","1.58%"
"05/16/2001","13,694.27","13,694.27","13,694.27","13,694.27","-","-2.56%"
"05/15/2001","14,054.03","14,054.03","14,054.03","14,054.03","-","1.30%"
"05/14/2001","13,873.02","13,873.02","13,873.02","13,873.02","-","-1.22%"
"05/11/2001","14,043.92","14,043.92","14,043.92","14,043.92","-","0.19%"
"05/10/2001","14,017.79","14,017.79","14,017.79","14,017.79","-","-0.48%"
"05/09/2001","14,084.85","14,084.85","14,084.85","14,084.85","-","-1.43%"
"05/08/2001","14,289.05","14,289.05","14,289.05","14,289.05","-","-1.65%"
"05/07/2001","14,529.41","14,529.41","14,529.41","14,529.41","-","0.75%"
"05/02/2001","14,421.64","14,421.64","14,421.64","14,421.64","-","-0.03%"
"05/01/2001","14,425.46","14,425.46","14,425.46","14,425.46","-","3.52%"
"04/27/2001","13,934.32","13,934.32","13,934.32","13,934.32","-","-0.28%"
"04/26/2001","13,973.03","13,973.03","13,973.03","13,973.03","-","1.05%"
"04/25/2001","13,827.50","13,827.50","13,827.50","13,827.50","-","0.61%"
"04/24/2001","13,743.18","13,743.18","13,743.18","13,743.18","-","0.20%"
"04/23/2001","13,715.60","13,715.60","13,715.60","13,715.60","-","-0.36%"
"04/20/2001","13,765.67","13,765.67","13,765.67","13,765.67","-","-0.74%"
"04/19/2001","13,868.28","13,868.28","13,868.28","13,868.28","-","1.66%"
"04/18/2001","13,641.79","13,641.79","13,641.79","13,641.79","-","4.40%"
"04/17/2001","13,067.09","13,067.09","13,067.09","13,067.09","-","-1.42%"
"04/16/2001","13,254.89","13,254.89","13,254.89","13,254.89","-","-0.98%"
"04/13/2001","13,385.72","13,385.72","13,385.72","13,385.72","-","0.25%"
"04/12/2001","13,352.44","13,352.44","13,352.44","13,352.44","-","1.35%"
"04/11/2001","13,174.93","13,174.93","13,174.93","13,174.93","-","4.39%"
"04/10/2001","12,620.27","12,620.27","12,620.27","12,620.27","-","-1.72%"
"04/09/2001","12,841.76","12,841.76","12,841.76","12,841.76","-","-4.05%"
"04/06/2001","13,383.76","13,383.76","13,383.76","13,383.76","-","0.02%"
"04/05/2001","13,381.38","13,381.38","13,381.38","13,381.38","-","1.05%"
"04/04/2001","13,242.78","13,242.78","13,242.78","13,242.78","-","0.90%"
"04/03/2001","13,124.47","13,124.47","13,124.47","13,124.47","-","1.44%"
"04/02/2001","12,937.86","12,937.86","12,937.86","12,937.86","-","-0.48%"
"03/30/2001","12,999.70","12,999.70","12,999.70","12,999.70","-","-0.56%"
"03/29/2001","13,072.36","13,072.36","13,072.36","13,072.36","-","-5.04%"
"03/28/2001","13,765.51","13,765.51","13,765.51","13,765.51","-","0.93%"
"03/27/2001","13,638.33","13,638.33","13,638.33","13,638.33","-","-1.62%"
"03/26/2001","13,862.31","13,862.31","13,862.31","13,862.31","-","4.90%"
"03/23/2001","13,214.54","13,214.54","13,214.54","13,214.54","-","2.81%"
"03/22/2001","12,853.97","12,853.97","12,853.97","12,853.97","-","-1.91%"
"03/21/2001","13,103.94","13,103.94","13,103.94","13,103.94","-","7.49%"
"03/19/2001","12,190.97","12,190.97","12,190.97","12,190.97","-","-0.34%"
"03/16/2001","12,232.98","12,232.98","12,232.98","12,232.98","-","0.66%"
"03/15/2001","12,152.83","12,152.83","12,152.83","12,152.83","-","2.61%"
"03/14/2001","11,843.59","11,843.59","11,843.59","11,843.59","-","0.20%"
"03/13/2001","11,819.70","11,819.70","11,819.70","11,819.70","-","-2.89%"
"03/12/2001","12,171.37","12,171.37","12,171.37","12,171.37","-","-3.62%"
"03/09/2001","12,627.90","12,627.90","12,627.90","12,627.90","-","-0.18%"
"03/08/2001","12,650.56","12,650.56","12,650.56","12,650.56","-","-0.58%"
"03/07/2001","12,723.89","12,723.89","12,723.89","12,723.89","-","0.28%"
"03/06/2001","12,687.74","12,687.74","12,687.74","12,687.74","-","2.97%"
"03/05/2001","12,322.16","12,322.16","12,322.16","12,322.16","-","0.49%"
"03/02/2001","12,261.80","12,261.80","12,261.80","12,261.80","-","-3.31%"
"03/01/2001","12,681.66","12,681.66","12,681.66","12,681.66","-","-1.57%"
"02/28/2001","12,883.54","12,883.54","12,883.54","12,883.54","-","-1.35%"
"02/27/2001","13,059.86","13,059.86","13,059.86","13,059.86","-","-1.07%"
"02/26/2001","13,201.14","13,201.14","13,201.14","13,201.14","-","-0.34%"
"02/23/2001","13,246.00","13,246.00","13,246.00","13,246.00","-","1.32%"
"02/22/2001","13,073.36","13,073.36","13,073.36","13,073.36","-","-0.20%"
"02/21/2001","13,100.08","13,100.08","13,100.08","13,100.08","-","-1.12%"
"02/20/2001","13,248.36","13,248.36","13,248.36","13,248.36","-","0.98%"
"02/19/2001","13,119.59","13,119.59","13,119.59","13,119.59","-","-0.42%"
"02/16/2001","13,175.49","13,175.49","13,175.49","13,175.49","-","-1.14%"
"02/15/2001","13,327.39","13,327.39","13,327.39","13,327.39","-","0.33%"
"02/14/2001","13,284.06","13,284.06","13,284.06","13,284.06","-","0.07%"
"02/13/2001","13,274.70","13,274.70","13,274.70","13,274.70","-","-1.10%"
"02/09/2001","13,422.83","13,422.83","13,422.83","13,422.83","-","2.17%"
"02/08/2001","13,138.23","13,138.23","13,138.23","13,138.23","-","-1.70%"
"02/07/2001","13,366.01","13,366.01","13,366.01","13,366.01","-","0.72%"
"02/06/2001","13,269.85","13,269.85","13,269.85","13,269.85","-","-0.86%"
"02/05/2001","13,385.52","13,385.52","13,385.52","13,385.52","-","-2.32%"
"02/02/2001","13,703.63","13,703.63","13,703.63","13,703.63","-","-0.55%"
"02/01/2001","13,779.55","13,779.55","13,779.55","13,779.55","-","-0.46%"
"01/31/2001","13,843.55","13,843.55","13,843.55","13,843.55","-","0.12%"
"01/30/2001","13,826.65","13,826.65","13,826.65","13,826.65","-","-0.13%"
"01/29/2001","13,845.28","13,845.28","13,845.28","13,845.28","-","1.09%"
"01/26/2001","13,696.06","13,696.06","13,696.06","13,696.06","-","-0.78%"
"01/25/2001","13,803.38","13,803.38","13,803.38","13,803.38","-","-0.65%"
"01/24/2001","13,893.58","13,893.58","13,893.58","13,893.58","-","-0.65%"
"01/23/2001","13,984.66","13,984.66","13,984.66","13,984.66","-","-0.34%"
"01/22/2001","14,032.42","14,032.42","14,032.42","14,032.42","-","0.31%"
"01/19/2001","13,989.12","13,989.12","13,989.12","13,989.12","-","0.83%"
"01/18/2001","13,873.92","13,873.92","13,873.92","13,873.92","-","1.51%"
"01/17/2001","13,667.63","13,667.63","13,667.63","13,667.63","-","0.61%"
"01/16/2001","13,584.45","13,584.45","13,584.45","13,584.45","-","0.58%"
"01/15/2001","13,506.23","13,506.23","13,506.23","13,506.23","-","1.19%"
"01/12/2001","13,347.74","13,347.74","13,347.74","13,347.74","-","1.11%"
"01/11/2001","13,201.07","13,201.07","13,201.07","13,201.07","-","-1.72%"
"01/10/2001","13,432.65","13,432.65","13,432.65","13,432.65","-","-1.31%"
"01/09/2001","13,610.51","13,610.51","13,610.51","13,610.51","-","-1.85%"
"01/05/2001","13,867.61","13,867.61","13,867.61","13,867.61","-","1.29%"
"01/04/2001","13,691.49","13,691.49","13,691.49","13,691.49","-","-0.68%"
"12/29/2000","13,785.69","13,785.69","13,785.69","13,785.69","-","-1.16%"
"12/28/2000","13,946.96","13,946.96","13,946.96","13,946.96","-","-0.25%"
"12/27/2000","13,981.49","13,981.49","13,981.49","13,981.49","-","-0.19%"
"12/26/2000","14,007.85","14,007.85","14,007.85","14,007.85","-","0.55%"
"12/25/2000","13,931.61","13,931.61","13,931.61","13,931.61","-","3.76%"
"12/22/2000","13,427.08","13,427.08","13,427.08","13,427.08","-","0.03%"
"12/21/2000","13,423.21","13,423.21","13,423.21","13,423.21","-","-3.53%"
"12/20/2000","13,914.43","13,914.43","13,914.43","13,914.43","-","-1.54%"
"12/19/2000","14,132.37","14,132.37","14,132.37","14,132.37","-","-2.43%"
"12/18/2000","14,483.90","14,483.90","14,483.90","14,483.90","-","-0.47%"
"12/15/2000","14,552.29","14,552.29","14,552.29","14,552.29","-","-2.51%"
"12/14/2000","14,927.19","14,927.19","14,927.19","14,927.19","-","-1.59%"
"12/13/2000","15,168.68","15,168.68","15,168.68","15,168.68","-","0.36%"
"12/12/2000","15,114.64","15,114.64","15,114.64","15,114.64","-","0.66%"
"12/11/2000","15,015.70","15,015.70","15,015.70","15,015.70","-","2.17%"
"12/08/2000","14,696.51","14,696.51","14,696.51","14,696.51","-","-0.16%"
"12/07/2000","14,720.36","14,720.36","14,720.36","14,720.36","-","-1.14%"
"12/06/2000","14,889.37","14,889.37","14,889.37","14,889.37","-","1.32%"
"12/05/2000","14,695.05","14,695.05","14,695.05","14,695.05","-","-1.74%"
"12/04/2000","14,954.73","14,954.73","14,954.73","14,954.73","-","0.80%"
"12/01/2000","14,835.33","14,835.33","14,835.33","14,835.33","-","1.28%"
"11/30/2000","14,648.51","14,648.51","14,648.51","14,648.51","-","0.97%"
"11/29/2000","14,507.64","14,507.64","14,507.64","14,507.64","-","-1.03%"
"11/28/2000","14,658.87","14,658.87","14,658.87","14,658.87","-","-0.42%"
"11/27/2000","14,720.39","14,720.39","14,720.39","14,720.39","-","2.83%"
"11/24/2000","14,315.35","14,315.35","14,315.35","14,315.35","-","0.10%"
"11/22/2000","14,301.31","14,301.31","14,301.31","14,301.31","-","-0.74%"
"11/21/2000","14,408.46","14,408.46","14,408.46","14,408.46","-","-0.85%"
"11/20/2000","14,531.65","14,531.65","14,531.65","14,531.65","-","-0.09%"
"11/17/2000","14,544.30","14,544.30","14,544.30","14,544.30","-","-0.29%"
"11/16/2000","14,587.03","14,587.03","14,587.03","14,587.03","-","-1.43%"
"11/15/2000","14,799.14","14,799.14","14,799.14","14,799.14","-","0.95%"
"11/14/2000","14,660.04","14,660.04","14,660.04","14,660.04","-","-0.03%"
"11/13/2000","14,664.64","14,664.64","14,664.64","14,664.64","-","-2.16%"
"11/10/2000","14,988.54","14,988.54","14,988.54","14,988.54","-","-0.47%"
"11/09/2000","15,060.05","15,060.05","15,060.05","15,060.05","-","-2.21%"
"11/08/2000","15,399.64","15,399.64","15,399.64","15,399.64","-","0.39%"
"11/07/2000","15,340.33","15,340.33","15,340.33","15,340.33","-","-0.20%"
"11/06/2000","15,371.44","15,371.44","15,371.44","15,371.44","-","3.60%"
"11/02/2000","14,837.78","14,837.78","14,837.78","14,837.78","-","-0.23%"
"11/01/2000","14,872.39","14,872.39","14,872.39","14,872.39","-","2.29%"
"10/31/2000","14,539.60","14,539.60","14,539.60","14,539.60","-","0.52%"
"10/30/2000","14,464.56","14,464.56","14,464.56","14,464.56","-","-0.81%"
"10/27/2000","14,582.20","14,582.20","14,582.20","14,582.20","-","-1.86%"
"10/26/2000","14,858.43","14,858.43","14,858.43","14,858.43","-","0.12%"
"10/25/2000","14,840.47","14,840.47","14,840.47","14,840.47","-","-2.03%"
"10/24/2000","15,148.19","15,148.19","15,148.19","15,148.19","-","0.33%"
"10/23/2000","15,097.96","15,097.96","15,097.96","15,097.96","-","-0.66%"
"10/20/2000","15,198.73","15,198.73","15,198.73","15,198.73","-","2.62%"
"10/19/2000","14,811.08","14,811.08","14,811.08","14,811.08","-","-0.41%"
"10/18/2000","14,872.48","14,872.48","14,872.48","14,872.48","-","-3.05%"
"10/17/2000","15,340.22","15,340.22","15,340.22","15,340.22","-","-1.11%"
"10/16/2000","15,512.32","15,512.32","15,512.32","15,512.32","-","1.19%"
"10/13/2000","15,330.31","15,330.31","15,330.31","15,330.31","-","-1.42%"
"10/12/2000","15,550.64","15,550.64","15,550.64","15,550.64","-","0.24%"
"10/11/2000","15,513.57","15,513.57","15,513.57","15,513.57","-","-1.98%"
"10/10/2000","15,827.72","15,827.72","15,827.72","15,827.72","-","-1.04%"
"10/06/2000","15,994.24","15,994.24","15,994.24","15,994.24","-","-0.65%"
"10/05/2000","16,099.26","16,099.26","16,099.26","16,099.26","-","-0.31%"
"10/04/2000","16,149.08","16,149.08","16,149.08","16,149.08","-","1.49%"
"10/03/2000","15,912.09","15,912.09","15,912.09","15,912.09","-","0.06%"
"10/02/2000","15,902.51","15,902.51","15,902.51","15,902.51","-","0.99%"
"09/29/2000","15,747.26","15,747.26","15,747.26","15,747.26","-","0.77%"
"09/28/2000","15,626.96","15,626.96","15,626.96","15,626.96","-","-0.08%"
"09/27/2000","15,639.95","15,639.95","15,639.95","15,639.95","-","-1.81%"
"09/26/2000","15,928.62","15,928.62","15,928.62","15,928.62","-","-0.40%"
"09/25/2000","15,992.90","15,992.90","15,992.90","15,992.90","-","1.10%"
"09/22/2000","15,818.25","15,818.25","15,818.25","15,818.25","-","-3.02%"
"09/21/2000","16,311.05","16,311.05","16,311.05","16,311.05","-","-0.89%"
"09/20/2000","16,458.31","16,458.31","16,458.31","16,458.31","-","2.07%"
"09/19/2000","16,124.19","16,124.19","16,124.19","16,124.19","-","0.39%"
"09/18/2000","16,061.16","16,061.16","16,061.16","16,061.16","-","-0.94%"
"09/14/2000","16,213.28","16,213.28","16,213.28","16,213.28","-","0.14%"
"09/13/2000","16,190.52","16,190.52","16,190.52","16,190.52","-","0.94%"
"09/12/2000","16,040.23","16,040.23","16,040.23","16,040.23","-","-0.56%"
"09/11/2000","16,130.90","16,130.90","16,130.90","16,130.90","-","-2.25%"
"09/08/2000","16,501.55","16,501.55","16,501.55","16,501.55","-","1.23%"
"09/07/2000","16,300.46","16,300.46","16,300.46","16,300.46","-","-0.61%"
"09/06/2000","16,399.87","16,399.87","16,399.87","16,399.87","-","-0.32%"
"09/05/2000","16,452.27","16,452.27","16,452.27","16,452.27","-","-1.41%"
"09/04/2000","16,688.21","16,688.21","16,688.21","16,688.21","-","-0.31%"
"09/01/2000","16,739.78","16,739.78","16,739.78","16,739.78","-","-0.72%"
"08/31/2000","16,861.26","16,861.26","16,861.26","16,861.26","-","-0.24%"
"08/30/2000","16,901.67","16,901.67","16,901.67","16,901.67","-","-1.40%"
"08/29/2000","17,141.75","17,141.75","17,141.75","17,141.75","-","-0.23%"
"08/28/2000","17,181.12","17,181.12","17,181.12","17,181.12","-","1.60%"
"08/25/2000","16,911.33","16,911.33","16,911.33","16,911.33","-","1.44%"
"08/24/2000","16,670.82","16,670.82","16,670.82","16,670.82","-","1.42%"
"08/23/2000","16,436.65","16,436.65","16,436.65","16,436.65","-","-0.11%"
"08/22/2000","16,454.74","16,454.74","16,454.74","16,454.74","-","2.58%"
"08/21/2000","16,040.18","16,040.18","16,040.18","16,040.18","-","-1.48%"
"08/18/2000","16,280.49","16,280.49","16,280.49","16,280.49","-","0.74%"
"08/17/2000","16,161.03","16,161.03","16,161.03","16,161.03","-","-1.19%"
"08/16/2000","16,356.03","16,356.03","16,356.03","16,356.03","-","0.35%"
"08/15/2000","16,298.29","16,298.29","16,298.29","16,298.29","-","0.89%"
"08/14/2000","16,153.91","16,153.91","16,153.91","16,153.91","-","0.23%"
"08/11/2000","16,117.50","16,117.50","16,117.50","16,117.50","-","0.89%"
"08/10/2000","15,975.65","15,975.65","15,975.65","15,975.65","-","-0.37%"
"08/09/2000","16,034.60","16,034.60","16,034.60","16,034.60","-","1.36%"
"08/08/2000","15,820.11","15,820.11","15,820.11","15,820.11","-","-1.14%"
"08/07/2000","16,002.71","16,002.71","16,002.71","16,002.71","-","2.14%"
"08/04/2000","15,667.36","15,667.36","15,667.36","15,667.36","-","-0.93%"
"08/03/2000","15,814.44","15,814.44","15,814.44","15,814.44","-","-2.42%"
"08/02/2000","16,206.19","16,206.19","16,206.19","16,206.19","-","0.66%"
"08/01/2000","16,099.67","16,099.67","16,099.67","16,099.67","-","2.37%"
"07/31/2000","15,727.49","15,727.49","15,727.49","15,727.49","-","-0.70%"
"07/28/2000","15,838.57","15,838.57","15,838.57","15,838.57","-","-2.12%"
"07/27/2000","16,182.01","16,182.01","16,182.01","16,182.01","-","-1.94%"
"07/26/2000","16,502.61","16,502.61","16,502.61","16,502.61","-","-0.43%"
"07/25/2000","16,573.59","16,573.59","16,573.59","16,573.59","-","0.16%"
"07/24/2000","16,547.12","16,547.12","16,547.12","16,547.12","-","-1.57%"
"07/21/2000","16,811.49","16,811.49","16,811.49","16,811.49","-","-1.01%"
"07/19/2000","16,983.57","16,983.57","16,983.57","16,983.57","-","0.23%"
"07/18/2000","16,945.07","16,945.07","16,945.07","16,945.07","-","-1.98%"
"07/17/2000","17,286.83","17,286.83","17,286.83","17,286.83","-","0.84%"
"07/14/2000","17,142.90","17,142.90","17,142.90","17,142.90","-","0.62%"
"07/13/2000","17,036.90","17,036.90","17,036.90","17,036.90","-","-1.76%"
"07/12/2000","17,342.13","17,342.13","17,342.13","17,342.13","-","-0.93%"
"07/11/2000","17,504.36","17,504.36","17,504.36","17,504.36","-","-0.39%"
"07/10/2000","17,572.68","17,572.68","17,572.68","17,572.68","-","1.00%"
"07/07/2000","17,398.24","17,398.24","17,398.24","17,398.24","-","0.67%"
"07/06/2000","17,282.37","17,282.37","17,282.37","17,282.37","-","-0.88%"
"07/05/2000","17,435.95","17,435.95","17,435.95","17,435.95","-","-0.20%"
"07/04/2000","17,470.15","17,470.15","17,470.15","17,470.15","-","-0.82%"
"07/03/2000","17,614.66","17,614.66","17,614.66","17,614.66","-","1.17%"
"06/30/2000","17,411.05","17,411.05","17,411.05","17,411.05","-","-0.37%"
"06/29/2000","17,475.90","17,475.90","17,475.90","17,475.90","-","0.61%"
"06/28/2000","17,370.17","17,370.17","17,370.17","17,370.17","-","0.53%"
"06/27/2000","17,279.06","17,279.06","17,279.06","17,279.06","-","2.09%"
"06/26/2000","16,925.40","16,925.40","16,925.40","16,925.40","-","-0.22%"
"06/23/2000","16,963.21","16,963.21","16,963.21","16,963.21","-","-0.83%"
"06/22/2000","17,106.01","17,106.01","17,106.01","17,106.01","-","-0.60%"
"06/21/2000","17,210.08","17,210.08","17,210.08","17,210.08","-","1.79%"
"06/20/2000","16,907.55","16,907.55","16,907.55","16,907.55","-","1.91%"
"06/19/2000","16,591.35","16,591.35","16,591.35","16,591.35","-","1.67%"
"06/16/2000","16,318.31","16,318.31","16,318.31","16,318.31","-","-0.12%"
"06/15/2000","16,338.70","16,338.70","16,338.70","16,338.70","-","-1.90%"
"06/14/2000","16,654.42","16,654.42","16,654.42","16,654.42","-","-1.54%"
"06/13/2000","16,914.95","16,914.95","16,914.95","16,914.95","-","-0.39%"
"06/12/2000","16,980.61","16,980.61","16,980.61","16,980.61","-","0.70%"
"06/09/2000","16,861.91","16,861.91","16,861.91","16,861.91","-","-0.84%"
"06/08/2000","17,004.34","17,004.34","17,004.34","17,004.34","-","-0.82%"
"06/07/2000","17,144.96","17,144.96","17,144.96","17,144.96","-","-0.15%"
"06/06/2000","17,170.08","17,170.08","17,170.08","17,170.08","-","-0.18%"
"06/05/2000","17,201.79","17,201.79","17,201.79","17,201.79","-","2.39%"
"06/02/2000","16,800.06","16,800.06","16,800.06","16,800.06","-","0.63%"
"06/01/2000","16,694.30","16,694.30","16,694.30","16,694.30","-","2.22%"
"05/31/2000","16,332.45","16,332.45","16,332.45","16,332.45","-","0.64%"
"05/30/2000","16,228.90","16,228.90","16,228.90","16,228.90","-","-0.10%"
"05/29/2000","16,245.44","16,245.44","16,245.44","16,245.44","-","1.48%"
"05/26/2000","16,008.14","16,008.14","16,008.14","16,008.14","-","-1.48%"
"05/25/2000","16,247.82","16,247.82","16,247.82","16,247.82","-","1.27%"
"05/24/2000","16,044.44","16,044.44","16,044.44","16,044.44","-","-1.68%"
"05/23/2000","16,318.73","16,318.73","16,318.73","16,318.73","-","-0.41%"
"05/22/2000","16,386.01","16,386.01","16,386.01","16,386.01","-","-2.80%"
"05/19/2000","16,858.17","16,858.17","16,858.17","16,858.17","-","-1.02%"
"05/18/2000","17,031.63","17,031.63","17,031.63","17,031.63","-","-2.14%"
"05/17/2000","17,404.03","17,404.03","17,404.03","17,404.03","-","-0.84%"
"05/16/2000","17,551.25","17,551.25","17,551.25","17,551.25","-","1.37%"
"05/15/2000","17,313.69","17,313.69","17,313.69","17,313.69","-","-0.25%"
"05/12/2000","17,357.86","17,357.86","17,357.86","17,357.86","-","2.82%"
"05/11/2000","16,882.46","16,882.46","16,882.46","16,882.46","-","-4.63%"
"05/10/2000","17,701.47","17,701.47","17,701.47","17,701.47","-","-0.80%"
"05/09/2000","17,844.54","17,844.54","17,844.54","17,844.54","-","-1.95%"
"05/08/2000","18,199.96","18,199.96","18,199.96","18,199.96","-","-1.30%"
"05/02/2000","18,439.36","18,439.36","18,439.36","18,439.36","-","0.20%"
"05/01/2000","18,403.08","18,403.08","18,403.08","18,403.08","-","2.39%"
"04/28/2000","17,973.70","17,973.70","17,973.70","17,973.70","-","-0.25%"
"04/27/2000","18,019.17","18,019.17","18,019.17","18,019.17","-","-0.63%"
"04/26/2000","18,134.31","18,134.31","18,134.31","18,134.31","-","-0.76%"
"04/25/2000","18,272.33","18,272.33","18,272.33","18,272.33","-","-1.12%"
"04/24/2000","18,480.15","18,480.15","18,480.15","18,480.15","-","1.25%"
"04/21/2000","18,252.68","18,252.68","18,252.68","18,252.68","-","-3.73%"
"04/20/2000","18,959.32","18,959.32","18,959.32","18,959.32","-","-0.67%"
"04/19/2000","19,086.62","19,086.62","19,086.62","19,086.62","-","0.62%"
"04/18/2000","18,969.52","18,969.52","18,969.52","18,969.52","-","-0.21%"
"04/17/2000","19,008.64","19,008.64","19,008.64","19,008.64","-","-6.98%"
"04/14/2000","20,434.68","20,434.68","20,434.68","20,434.68","-","-0.45%"
"04/13/2000","20,526.42","20,526.42","20,526.42","20,526.42","-","-1.47%"
"04/12/2000","20,833.21","20,833.21","20,833.21","20,833.21","-","1.51%"
"04/11/2000","20,522.52","20,522.52","20,522.52","20,522.52","-","-0.47%"
"04/10/2000","20,619.06","20,619.06","20,619.06","20,619.06","-","1.81%"
"04/07/2000","20,252.81","20,252.81","20,252.81","20,252.81","-","0.14%"
"04/06/2000","20,223.61","20,223.61","20,223.61","20,223.61","-","-1.17%"
"04/05/2000","20,462.77","20,462.77","20,462.77","20,462.77","-","-0.64%"
"04/04/2000","20,594.93","20,594.93","20,594.93","20,594.93","-","-0.64%"
"04/03/2000","20,726.99","20,726.99","20,726.99","20,726.99","-","1.92%"
"03/31/2000","20,337.32","20,337.32","20,337.32","20,337.32","-","-0.51%"
"03/30/2000","20,441.50","20,441.50","20,441.50","20,441.50","-","-1.28%"
"03/29/2000","20,706.65","20,706.65","20,706.65","20,706.65","-","1.63%"
"03/28/2000","20,374.34","20,374.34","20,374.34","20,374.34","-","0.46%"
"03/27/2000","20,281.03","20,281.03","20,281.03","20,281.03","-","1.62%"
"03/24/2000","19,958.08","19,958.08","19,958.08","19,958.08","-","1.29%"
"03/23/2000","19,704.60","19,704.60","19,704.60","19,704.60","-","-0.15%"
"03/22/2000","19,733.59","19,733.59","19,733.59","19,733.59","-","0.67%"
"03/21/2000","19,602.36","19,602.36","19,602.36","19,602.36","-","0.18%"
"03/17/2000","19,566.32","19,566.32","19,566.32","19,566.32","-","1.63%"
"03/16/2000","19,253.23","19,253.23","19,253.23","19,253.23","-","0.92%"
"03/15/2000","19,078.60","19,078.60","19,078.60","19,078.60","-","-0.33%"
"03/14/2000","19,141.84","19,141.84","19,141.84","19,141.84","-","-0.25%"
"03/13/2000","19,189.93","19,189.93","19,189.93","19,189.93","-","-2.84%"
"03/10/2000","19,750.40","19,750.40","19,750.40","19,750.40","-","0.45%"
"03/09/2000","19,662.33","19,662.33","19,662.33","19,662.33","-","-0.53%"
"03/08/2000","19,766.80","19,766.80","19,766.80","19,766.80","-","-0.89%"
"03/07/2000","19,944.24","19,944.24","19,944.24","19,944.24","-","0.75%"
"03/06/2000","19,796.35","19,796.35","19,796.35","19,796.35","-","-0.66%"
"03/03/2000","19,927.54","19,927.54","19,927.54","19,927.54","-","-0.69%"
"03/02/2000","20,065.11","20,065.11","20,065.11","20,065.11","-","-0.08%"
"03/01/2000","20,081.67","20,081.67","20,081.67","20,081.67","-","0.61%"
"02/29/2000","19,959.52","19,959.52","19,959.52","19,959.52","-","1.21%"
"02/28/2000","19,720.10","19,720.10","19,720.10","19,720.10","-","-0.49%"
"02/25/2000","19,817.88","19,817.88","19,817.88","19,817.88","-","1.26%"
"02/24/2000","19,571.44","19,571.44","19,571.44","19,571.44","-","0.27%"
"02/23/2000","19,519.55","19,519.55","19,519.55","19,519.55","-","0.67%"
"02/22/2000","19,390.58","19,390.58","19,390.58","19,390.58","-","-0.78%"
"02/21/2000","19,543.75","19,543.75","19,543.75","19,543.75","-","-1.24%"
"02/18/2000","19,789.03","19,789.03","19,789.03","19,789.03","-","-0.01%"
"02/17/2000","19,791.40","19,791.40","19,791.40","19,791.40","-","0.98%"
"02/16/2000","19,599.18","19,599.18","19,599.18","19,599.18","-","1.19%"
"02/15/2000","19,367.83","19,367.83","19,367.83","19,367.83","-","-0.96%"
"02/14/2000","19,556.46","19,556.46","19,556.46","19,556.46","-","-0.78%"
"02/10/2000","19,710.02","19,710.02","19,710.02","19,710.02","-","-1.49%"
"02/09/2000","20,007.77","20,007.77","20,007.77","20,007.77","-","0.70%"
"02/08/2000","19,868.88","19,868.88","19,868.88","19,868.88","-","-0.38%"
"02/07/2000","19,945.43","19,945.43","19,945.43","19,945.43","-","0.92%"
"02/04/2000","19,763.13","19,763.13","19,763.13","19,763.13","-","-0.12%"
"02/03/2000","19,786.42","19,786.42","19,786.42","19,786.42","-","1.06%"
"02/02/2000","19,578.91","19,578.91","19,578.91","19,578.91","-","0.80%"
"02/01/2000","19,423.38","19,423.38","19,423.38","19,423.38","-","-0.60%"
"01/31/2000","19,539.70","19,539.70","19,539.70","19,539.70","-","0.54%"
"01/28/2000","19,434.78","19,434.78","19,434.78","19,434.78","-","1.17%"
"01/27/2000","19,209.72","19,209.72","19,209.72","19,209.72","-","0.52%"
"01/26/2000","19,111.19","19,111.19","19,111.19","19,111.19","-","1.14%"
"01/25/2000","18,895.53","18,895.53","18,895.53","18,895.53","-","-0.85%"
"01/24/2000","19,056.71","19,056.71","19,056.71","19,056.71","-","0.95%"
"01/21/2000","18,878.09","18,878.09","18,878.09","18,878.09","-","-0.68%"
"01/20/2000","19,008.01","19,008.01","19,008.01","19,008.01","-","0.58%"
"01/19/2000","18,897.75","18,897.75","18,897.75","18,897.75","-","-1.56%"
"01/18/2000","19,196.57","19,196.57","19,196.57","19,196.57","-","-1.24%"
"01/17/2000","19,437.23","19,437.23","19,437.23","19,437.23","-","2.54%"
"01/14/2000","18,956.55","18,956.55","18,956.55","18,956.55","-","0.65%"
"01/13/2000","18,833.29","18,833.29","18,833.29","18,833.29","-","0.83%"
"01/12/2000","18,677.42","18,677.42","18,677.42","18,677.42","-","-0.92%"
"01/11/2000","18,850.92","18,850.92","18,850.92","18,850.92","-","3.61%"
"01/07/2000","18,193.41","18,193.41","18,193.41","18,193.41","-","0.14%"
"01/06/2000","18,168.27","18,168.27","18,168.27","18,168.27","-","-2.02%"
"01/05/2000","18,542.55","18,542.55","18,542.55","18,542.55","-","-2.42%"
"01/04/2000","19,002.86","19,002.86","19,002.86","19,002.86","-","0.36%"
"12/30/1999","18,934.34","18,934.34","18,934.34","18,934.34","-","0.66%"
"12/29/1999","18,810.58","18,810.58","18,810.58","18,810.58","-","0.14%"
"12/28/1999","18,783.52","18,783.52","18,783.52","18,783.52","-","1.28%"
"12/27/1999","18,546.90","18,546.90","18,546.90","18,546.90","-","-0.20%"
"12/24/1999","18,584.95","18,584.95","18,584.95","18,584.95","-","0.67%"
"12/22/1999","18,461.93","18,461.93","18,461.93","18,461.93","-","2.11%"
"12/21/1999","18,080.38","18,080.38","18,080.38","18,080.38","-","-0.52%"
"12/20/1999","18,175.49","18,175.49","18,175.49","18,175.49","-","0.44%"
"12/17/1999","18,095.12","18,095.12","18,095.12","18,095.12","-","-0.09%"
"12/16/1999","18,111.31","18,111.31","18,111.31","18,111.31","-","-0.15%"
"12/15/1999","18,138.36","18,138.36","18,138.36","18,138.36","-","-0.15%"
"12/14/1999","18,165.55","18,165.55","18,165.55","18,165.55","-","-0.22%"
"12/13/1999","18,205.08","18,205.08","18,205.08","18,205.08","-","-0.37%"
"12/10/1999","18,271.85","18,271.85","18,271.85","18,271.85","-","0.06%"
"12/09/1999","18,260.72","18,260.72","18,260.72","18,260.72","-","-0.76%"
"12/08/1999","18,401.20","18,401.20","18,401.20","18,401.20","-","-1.04%"
"12/07/1999","18,593.96","18,593.96","18,593.96","18,593.96","-","0.47%"
"12/06/1999","18,507.20","18,507.20","18,507.20","18,507.20","-","0.76%"
"12/03/1999","18,368.14","18,368.14","18,368.14","18,368.14","-","-0.79%"
"12/02/1999","18,514.41","18,514.41","18,514.41","18,514.41","-","0.10%"
"12/01/1999","18,495.95","18,495.95","18,495.95","18,495.95","-","-0.34%"
"11/30/1999","18,558.23","18,558.23","18,558.23","18,558.23","-","-1.55%"
"11/29/1999","18,850.27","18,850.27","18,850.27","18,850.27","-","-0.34%"
"11/26/1999","18,914.50","18,914.50","18,914.50","18,914.50","-","1.03%"
"11/25/1999","18,721.78","18,721.78","18,721.78","18,721.78","-","-0.92%"
"11/24/1999","18,896.21","18,896.21","18,896.21","18,896.21","-","0.39%"
"11/22/1999","18,822.12","18,822.12","18,822.12","18,822.12","-","1.35%"
"11/19/1999","18,570.84","18,570.84","18,570.84","18,570.84","-","0.21%"
"11/18/1999","18,532.81","18,532.81","18,532.81","18,532.81","-","1.41%"
"11/17/1999","18,274.82","18,274.82","18,274.82","18,274.82","-","0.66%"
"11/16/1999","18,155.14","18,155.14","18,155.14","18,155.14","-","-0.24%"
"11/15/1999","18,198.09","18,198.09","18,198.09","18,198.09","-","-0.33%"
"11/12/1999","18,258.55","18,258.55","18,258.55","18,258.55","-","-0.38%"
"11/11/1999","18,327.28","18,327.28","18,327.28","18,327.28","-","-1.30%"
"11/10/1999","18,567.87","18,567.87","18,567.87","18,567.87","-","1.51%"
"11/09/1999","18,292.16","18,292.16","18,292.16","18,292.16","-","0.28%"
"11/08/1999","18,240.98","18,240.98","18,240.98","18,240.98","-","-0.62%"
"11/05/1999","18,354.90","18,354.90","18,354.90","18,354.90","-","0.04%"
"11/04/1999","18,348.13","18,348.13","18,348.13","18,348.13","-","1.98%"
"11/02/1999","17,991.96","17,991.96","17,991.96","17,991.96","-","-0.03%"
"11/01/1999","17,996.92","17,996.92","17,996.92","17,996.92","-","0.31%"
"10/29/1999","17,942.08","17,942.08","17,942.08","17,942.08","-","3.03%"
"10/28/1999","17,413.71","17,413.71","17,413.71","17,413.71","-","0.18%"
"10/27/1999","17,382.36","17,382.36","17,382.36","17,382.36","-","-1.64%"
"10/26/1999","17,671.79","17,671.79","17,671.79","17,671.79","-","0.13%"
"10/25/1999","17,648.79","17,648.79","17,648.79","17,648.79","-","1.20%"
"10/22/1999","17,438.80","17,438.80","17,438.80","17,438.80","-","-0.05%"
"10/21/1999","17,448.27","17,448.27","17,448.27","17,448.27","-","-0.49%"
"10/20/1999","17,534.71","17,534.71","17,534.71","17,534.71","-","1.63%"
"10/19/1999","17,254.17","17,254.17","17,254.17","17,254.17","-","-0.12%"
"10/18/1999","17,275.33","17,275.33","17,275.33","17,275.33","-","-1.85%"
"10/15/1999","17,601.57","17,601.57","17,601.57","17,601.57","-","-1.00%"
"10/14/1999","17,780.26","17,780.26","17,780.26","17,780.26","-","0.15%"
"10/13/1999","17,754.49","17,754.49","17,754.49","17,754.49","-","-1.86%"
"10/12/1999","18,090.81","18,090.81","18,090.81","18,090.81","-","0.16%"
"10/08/1999","18,062.18","18,062.18","18,062.18","18,062.18","-","-0.41%"
"10/07/1999","18,136.55","18,136.55","18,136.55","18,136.55","-","1.34%"
"10/06/1999","17,896.42","17,896.42","17,896.42","17,896.42","-","0.63%"
"10/05/1999","17,784.15","17,784.15","17,784.15","17,784.15","-","0.12%"
"10/04/1999","17,763.71","17,763.71","17,763.71","17,763.71","-","0.29%"
"10/01/1999","17,712.56","17,712.56","17,712.56","17,712.56","-","0.61%"
"09/30/1999","17,605.46","17,605.46","17,605.46","17,605.46","-","1.87%"
"09/29/1999","17,282.28","17,282.28","17,282.28","17,282.28","-","-0.25%"
"09/28/1999","17,325.70","17,325.70","17,325.70","17,325.70","-","3.00%"
"09/27/1999","16,821.06","16,821.06","16,821.06","16,821.06","-","-0.30%"
"09/24/1999","16,871.73","16,871.73","16,871.73","16,871.73","-","-2.62%"
"09/22/1999","17,325.76","17,325.76","17,325.76","17,325.76","-","-3.39%"
"09/21/1999","17,932.79","17,932.79","17,932.79","17,932.79","-","2.03%"
"09/20/1999","17,575.26","17,575.26","17,575.26","17,575.26","-","1.34%"
"09/17/1999","17,342.27","17,342.27","17,342.27","17,342.27","-","0.29%"
"09/16/1999","17,291.59","17,291.59","17,291.59","17,291.59","-","-2.73%"
"09/14/1999","17,777.22","17,777.22","17,777.22","17,777.22","-","-0.74%"
"09/13/1999","17,909.29","17,909.29","17,909.29","17,909.29","-","1.12%"
"09/10/1999","17,711.02","17,711.02","17,711.02","17,711.02","-","0.19%"
"09/09/1999","17,677.56","17,677.56","17,677.56","17,677.56","-","0.21%"
"09/08/1999","17,641.38","17,641.38","17,641.38","17,641.38","-","-0.37%"
"09/07/1999","17,707.50","17,707.50","17,707.50","17,707.50","-","-0.28%"
"09/06/1999","17,756.51","17,756.51","17,756.51","17,756.51","-","0.72%"
"09/03/1999","17,629.99","17,629.99","17,629.99","17,629.99","-","-0.01%"
"09/02/1999","17,631.25","17,631.25","17,631.25","17,631.25","-","-0.96%"
"09/01/1999","17,802.48","17,802.48","17,802.48","17,802.48","-","2.10%"
"08/31/1999","17,436.56","17,436.56","17,436.56","17,436.56","-","-2.69%"
"08/30/1999","17,918.97","17,918.97","17,918.97","17,918.97","-","1.82%"
"08/27/1999","17,599.37","17,599.37","17,599.37","17,599.37","-","-0.38%"
"08/26/1999","17,666.29","17,666.29","17,666.29","17,666.29","-","-1.06%"
"08/25/1999","17,855.16","17,855.16","17,855.16","17,855.16","-","-1.33%"
"08/24/1999","18,095.41","18,095.41","18,095.41","18,095.41","-","-0.76%"
"08/23/1999","18,233.55","18,233.55","18,233.55","18,233.55","-","0.75%"
"08/20/1999","18,098.11","18,098.11","18,098.11","18,098.11","-","1.22%"
"08/19/1999","17,879.74","17,879.74","17,879.74","17,879.74","-","-0.07%"
"08/18/1999","17,892.26","17,892.26","17,892.26","17,892.26","-","0.18%"
"08/17/1999","17,860.09","17,860.09","17,860.09","17,860.09","-","0.19%"
"08/16/1999","17,826.03","17,826.03","17,826.03","17,826.03","-","2.24%"
"08/13/1999","17,435.17","17,435.17","17,435.17","17,435.17","-","0.07%"
"08/12/1999","17,422.97","17,422.97","17,422.97","17,422.97","-","1.23%"
"08/11/1999","17,211.16","17,211.16","17,211.16","17,211.16","-","0.05%"
"08/10/1999","17,202.09","17,202.09","17,202.09","17,202.09","-","0.07%"
"08/09/1999","17,190.45","17,190.45","17,190.45","17,190.45","-","0.62%"
"08/06/1999","17,084.24","17,084.24","17,084.24","17,084.24","-","-1.58%"
"08/05/1999","17,358.19","17,358.19","17,358.19","17,358.19","-","-1.85%"
"08/04/1999","17,685.38","17,685.38","17,685.38","17,685.38","-","-1.58%"
"08/03/1999","17,969.93","17,969.93","17,969.93","17,969.93","-","0.81%"
"08/02/1999","17,825.70","17,825.70","17,825.70","17,825.70","-","-0.20%"
"07/30/1999","17,861.86","17,861.86","17,861.86","17,861.86","-","-0.05%"
"07/29/1999","17,869.92","17,869.92","17,869.92","17,869.92","-","1.65%"
"07/28/1999","17,579.91","17,579.91","17,579.91","17,579.91","-","0.67%"
"07/27/1999","17,462.72","17,462.72","17,462.72","17,462.72","-","-0.16%"
"07/26/1999","17,491.34","17,491.34","17,491.34","17,491.34","-","-0.25%"
"07/23/1999","17,534.44","17,534.44","17,534.44","17,534.44","-","-1.10%"
"07/22/1999","17,730.34","17,730.34","17,730.34","17,730.34","-","-2.89%"
"07/21/1999","18,257.52","18,257.52","18,257.52","18,257.52","-","-1.48%"
"07/19/1999","18,532.58","18,532.58","18,532.58","18,532.58","-","1.56%"
"07/16/1999","18,248.30","18,248.30","18,248.30","18,248.30","-","-1.00%"
"07/15/1999","18,431.86","18,431.86","18,431.86","18,431.86","-","0.40%"
"07/14/1999","18,357.86","18,357.86","18,357.86","18,357.86","-","0.97%"
"07/13/1999","18,181.09","18,181.09","18,181.09","18,181.09","-","-0.51%"
"07/12/1999","18,274.18","18,274.18","18,274.18","18,274.18","-","1.88%"
"07/09/1999","17,937.73","17,937.73","17,937.73","17,937.73","-","-0.17%"
"07/08/1999","17,967.65","17,967.65","17,967.65","17,967.65","-","0.05%"
"07/07/1999","17,958.90","17,958.90","17,958.90","17,958.90","-","-0.51%"
"07/06/1999","18,050.73","18,050.73","18,050.73","18,050.73","-","-0.47%"
"07/05/1999","18,135.06","18,135.06","18,135.06","18,135.06","-","1.13%"
"07/02/1999","17,932.47","17,932.47","17,932.47","17,932.47","-","0.40%"
"07/01/1999","17,860.75","17,860.75","17,860.75","17,860.75","-","1.89%"
"06/30/1999","17,529.74","17,529.74","17,529.74","17,529.74","-","-1.42%"
"06/29/1999","17,782.79","17,782.79","17,782.79","17,782.79","-","0.98%"
"06/28/1999","17,610.58","17,610.58","17,610.58","17,610.58","-","1.00%"
"06/25/1999","17,436.52","17,436.52","17,436.52","17,436.52","-","-1.09%"
"06/24/1999","17,628.32","17,628.32","17,628.32","17,628.32","-","0.24%"
"06/23/1999","17,586.75","17,586.75","17,586.75","17,586.75","-","-1.07%"
"06/22/1999","17,777.62","17,777.62","17,777.62","17,777.62","-","0.22%"
"06/21/1999","17,738.85","17,738.85","17,738.85","17,738.85","-","1.76%"
"06/18/1999","17,431.26","17,431.26","17,431.26","17,431.26","-","-0.22%"
"06/17/1999","17,470.45","17,470.45","17,470.45","17,470.45","-","1.51%"
"06/16/1999","17,210.18","17,210.18","17,210.18","17,210.18","-","-0.42%"
"06/15/1999","17,282.00","17,282.00","17,282.00","17,282.00","-","0.54%"
"06/14/1999","17,188.82","17,188.82","17,188.82","17,188.82","-","-0.06%"
"06/11/1999","17,198.55","17,198.55","17,198.55","17,198.55","-","0.56%"
"06/10/1999","17,102.62","17,102.62","17,102.62","17,102.62","-","2.89%"
"06/09/1999","16,622.50","16,622.50","16,622.50","16,622.50","-","0.36%"
"06/08/1999","16,562.92","16,562.92","16,562.92","16,562.92","-","0.53%"
"06/07/1999","16,475.89","16,475.89","16,475.89","16,475.89","-","1.07%"
"06/04/1999","16,300.75","16,300.75","16,300.75","16,300.75","-","0.45%"
"06/03/1999","16,227.50","16,227.50","16,227.50","16,227.50","-","-1.16%"
"06/02/1999","16,417.99","16,417.99","16,417.99","16,417.99","-","0.06%"
"06/01/1999","16,408.50","16,408.50","16,408.50","16,408.50","-","1.84%"
"05/31/1999","16,111.65","16,111.65","16,111.65","16,111.65","-","0.87%"
"05/28/1999","15,972.68","15,972.68","15,972.68","15,972.68","-","-1.26%"
"05/27/1999","16,177.19","16,177.19","16,177.19","16,177.19","-","-0.33%"
"05/26/1999","16,230.52","16,230.52","16,230.52","16,230.52","-","0.10%"
"05/25/1999","16,214.23","16,214.23","16,214.23","16,214.23","-","-1.08%"
"05/24/1999","16,390.49","16,390.49","16,390.49","16,390.49","-","0.60%"
"05/21/1999","16,292.98","16,292.98","16,292.98","16,292.98","-","0.57%"
"05/20/1999","16,199.99","16,199.99","16,199.99","16,199.99","-","0.45%"
"05/19/1999","16,128.18","16,128.18","16,128.18","16,128.18","-","-1.53%"
"05/18/1999","16,378.62","16,378.62","16,378.62","16,378.62","-","-0.26%"
"05/17/1999","16,421.02","16,421.02","16,421.02","16,421.02","-","-2.32%"
"05/14/1999","16,810.39","16,810.39","16,810.39","16,810.39","-","-0.24%"
"05/13/1999","16,851.25","16,851.25","16,851.25","16,851.25","-","-0.57%"
"05/12/1999","16,947.36","16,947.36","16,947.36","16,947.36","-","1.22%"
"05/11/1999","16,743.18","16,743.18","16,743.18","16,743.18","-","-1.38%"
"05/10/1999","16,977.01","16,977.01","16,977.01","16,977.01","-","0.18%"
"05/07/1999","16,946.52","16,946.52","16,946.52","16,946.52","-","-2.05%"
"05/06/1999","17,300.61","17,300.61","17,300.61","17,300.61","-","3.59%"
"04/30/1999","16,701.53","16,701.53","16,701.53","16,701.53","-","-1.42%"
"04/28/1999","16,942.24","16,942.24","16,942.24","16,942.24","-","-0.09%"
"04/27/1999","16,957.27","16,957.27","16,957.27","16,957.27","-","0.23%"
"04/26/1999","16,918.51","16,918.51","16,918.51","16,918.51","-","-0.03%"
"04/23/1999","16,923.25","16,923.25","16,923.25","16,923.25","-","1.54%"
"04/22/1999","16,665.88","16,665.88","16,665.88","16,665.88","-","1.04%"
"04/21/1999","16,495.02","16,495.02","16,495.02","16,495.02","-","-1.21%"
"04/20/1999","16,697.11","16,697.11","16,697.11","16,697.11","-","0.14%"
"04/19/1999","16,674.21","16,674.21","16,674.21","16,674.21","-","-1.05%"
"04/16/1999","16,851.58","16,851.58","16,851.58","16,851.58","-","0.74%"
"04/15/1999","16,727.08","16,727.08","16,727.08","16,727.08","-","-0.22%"
"04/14/1999","16,764.68","16,764.68","16,764.68","16,764.68","-","0.30%"
"04/13/1999","16,715.16","16,715.16","16,715.16","16,715.16","-","1.26%"
"04/12/1999","16,507.40","16,507.40","16,507.40","16,507.40","-","-2.07%"
"04/09/1999","16,855.63","16,855.63","16,855.63","16,855.63","-","0.05%"
"04/08/1999","16,846.69","16,846.69","16,846.69","16,846.69","-","1.77%"
"04/07/1999","16,554.50","16,554.50","16,554.50","16,554.50","-","0.45%"
"04/06/1999","16,479.71","16,479.71","16,479.71","16,479.71","-","0.89%"
"04/05/1999","16,334.78","16,334.78","16,334.78","16,334.78","-","0.27%"
"04/02/1999","16,290.19","16,290.19","16,290.19","16,290.19","-","-0.23%"
"04/01/1999","16,327.56","16,327.56","16,327.56","16,327.56","-","3.10%"
"03/31/1999","15,836.59","15,836.59","15,836.59","15,836.59","-","-0.14%"
"03/30/1999","15,859.12","15,859.12","15,859.12","15,859.12","-","-0.94%"
"03/29/1999","16,008.84","16,008.84","16,008.84","16,008.84","-","-0.05%"
"03/26/1999","16,016.99","16,016.99","16,016.99","16,016.99","-","0.19%"
"03/25/1999","15,986.04","15,986.04","15,986.04","15,986.04","-","3.03%"
"03/24/1999","15,515.47","15,515.47","15,515.47","15,515.47","-","-3.14%"
"03/23/1999","16,019.10","16,019.10","16,019.10","16,019.10","-","-2.20%"
"03/19/1999","16,378.78","16,378.78","16,378.78","16,378.78","-","4.20%"
"03/18/1999","15,717.92","15,717.92","15,717.92","15,717.92","-","-3.38%"
"03/17/1999","16,268.11","16,268.11","16,268.11","16,268.11","-","1.22%"
"03/16/1999","16,072.82","16,072.82","16,072.82","16,072.82","-","1.86%"
"03/15/1999","15,779.60","15,779.60","15,779.60","15,779.60","-","1.88%"
"03/12/1999","15,488.86","15,488.86","15,488.86","15,488.86","-","-0.09%"
"03/11/1999","15,502.14","15,502.14","15,502.14","15,502.14","-","0.14%"
"03/10/1999","15,480.00","15,480.00","15,480.00","15,480.00","-","2.54%"
"03/09/1999","15,096.70","15,096.70","15,096.70","15,096.70","-","2.15%"
"03/08/1999","14,779.05","14,779.05","14,779.05","14,779.05","-","-0.77%"
"03/05/1999","14,894.00","14,894.00","14,894.00","14,894.00","-","5.01%"
"03/04/1999","14,183.45","14,183.45","14,183.45","14,183.45","-","0.09%"
"03/03/1999","14,170.36","14,170.36","14,170.36","14,170.36","-","1.79%"
"03/02/1999","13,921.06","13,921.06","13,921.06","13,921.06","-","-2.11%"
"03/01/1999","14,221.75","14,221.75","14,221.75","14,221.75","-","-1.01%"
"02/26/1999","14,367.54","14,367.54","14,367.54","14,367.54","-","-0.71%"
"02/25/1999","14,470.45","14,470.45","14,470.45","14,470.45","-","0.80%"
"02/24/1999","14,355.45","14,355.45","14,355.45","14,355.45","-","-1.00%"
"02/23/1999","14,500.65","14,500.65","14,500.65","14,500.65","-","1.71%"
"02/22/1999","14,256.67","14,256.67","14,256.67","14,256.67","-","1.13%"
"02/19/1999","14,098.04","14,098.04","14,098.04","14,098.04","-","-0.34%"
"02/18/1999","14,146.79","14,146.79","14,146.79","14,146.79","-","-0.08%"
"02/17/1999","14,158.67","14,158.67","14,158.67","14,158.67","-","-0.52%"
"02/16/1999","14,232.64","14,232.64","14,232.64","14,232.64","-","1.27%"
"02/15/1999","14,054.72","14,054.72","14,054.72","14,054.72","-","0.58%"
"02/12/1999","13,973.69","13,973.69","13,973.69","13,973.69","-","0.15%"
"02/10/1999","13,952.40","13,952.40","13,952.40","13,952.40","-","0.36%"
"02/09/1999","13,902.66","13,902.66","13,902.66","13,902.66","-","-0.64%"
"02/08/1999","13,992.49","13,992.49","13,992.49","13,992.49","-","0.68%"
"02/05/1999","13,898.08","13,898.08","13,898.08","13,898.08","-","-1.34%"
"02/04/1999","14,086.85","14,086.85","14,086.85","14,086.85","-","-0.53%"
"02/03/1999","14,161.31","14,161.31","14,161.31","14,161.31","-","-1.31%"
"02/02/1999","14,349.83","14,349.83","14,349.83","14,349.83","-","-0.80%"
"02/01/1999","14,465.18","14,465.18","14,465.18","14,465.18","-","-0.23%"
"01/29/1999","14,499.25","14,499.25","14,499.25","14,499.25","-","1.09%"
"01/28/1999","14,342.32","14,342.32","14,342.32","14,342.32","-","-0.75%"
"01/27/1999","14,450.06","14,450.06","14,450.06","14,450.06","-","0.47%"
"01/26/1999","14,382.01","14,382.01","14,382.01","14,382.01","-","1.22%"
"01/25/1999","14,208.81","14,208.81","14,208.81","14,208.81","-","0.38%"
"01/22/1999","14,154.40","14,154.40","14,154.40","14,154.40","-","-0.64%"
"01/21/1999","14,245.42","14,245.42","14,245.42","14,245.42","-","1.55%"
"01/20/1999","14,028.05","14,028.05","14,028.05","14,028.05","-","1.87%"
"01/19/1999","13,770.44","13,770.44","13,770.44","13,770.44","-","-0.25%"
"01/18/1999","13,805.06","13,805.06","13,805.06","13,805.06","-","0.48%"
"01/14/1999","13,738.86","13,738.86","13,738.86","13,738.86","-","2.50%"
"01/13/1999","13,403.60","13,403.60","13,403.60","13,403.60","-","0.32%"
"01/12/1999","13,360.97","13,360.97","13,360.97","13,360.97","-","-0.06%"
"01/11/1999","13,368.48","13,368.48","13,368.48","13,368.48","-","-0.17%"
"01/08/1999","13,391.81","13,391.81","13,391.81","13,391.81","-","-1.07%"
"01/07/1999","13,536.56","13,536.56","13,536.56","13,536.56","-","0.51%"
"01/06/1999","13,468.46","13,468.46","13,468.46","13,468.46","-","1.78%"
"01/05/1999","13,232.74","13,232.74","13,232.74","13,232.74","-","-1.37%"
"01/04/1999","13,415.89","13,415.89","13,415.89","13,415.89","-","-3.08%"
"12/30/1998","13,842.17","13,842.17","13,842.17","13,842.17","-","-0.03%"
"12/29/1998","13,846.90","13,846.90","13,846.90","13,846.90","-","1.01%"
"12/28/1998","13,709.06","13,709.06","13,709.06","13,709.06","-","-0.64%"
"12/25/1998","13,797.95","13,797.95","13,797.95","13,797.95","-","0.67%"
"12/24/1998","13,706.73","13,706.73","13,706.73","13,706.73","-","-0.53%"
"12/22/1998","13,779.45","13,779.45","13,779.45","13,779.45","-","-2.64%"
"12/21/1998","14,152.95","14,152.95","14,152.95","14,152.95","-","-0.29%"
"12/18/1998","14,194.29","14,194.29","14,194.29","14,194.29","-","0.48%"
"12/17/1998","14,126.99","14,126.99","14,126.99","14,126.99","-","0.22%"
"12/16/1998","14,096.30","14,096.30","14,096.30","14,096.30","-","0.61%"
"12/15/1998","14,011.19","14,011.19","14,011.19","14,011.19","-","-0.71%"
"12/14/1998","14,111.62","14,111.62","14,111.62","14,111.62","-","-2.04%"
"12/11/1998","14,405.64","14,405.64","14,405.64","14,405.64","-","-2.72%"
"12/10/1998","14,807.80","14,807.80","14,807.80","14,807.80","-","-0.83%"
"12/09/1998","14,931.90","14,931.90","14,931.90","14,931.90","-","0.84%"
"12/08/1998","14,808.20","14,808.20","14,808.20","14,808.20","-","0.58%"
"12/07/1998","14,723.49","14,723.49","14,723.49","14,723.49","-","0.57%"
"12/04/1998","14,639.97","14,639.97","14,639.97","14,639.97","-","-0.39%"
"12/03/1998","14,697.08","14,697.08","14,697.08","14,697.08","-","-1.93%"
"12/02/1998","14,986.62","14,986.62","14,986.62","14,986.62","-","1.02%"
"12/01/1998","14,835.41","14,835.41","14,835.41","14,835.41","-","-0.32%"
"11/30/1998","14,883.70","14,883.70","14,883.70","14,883.70","-","-1.23%"
"11/27/1998","15,069.39","15,069.39","15,069.39","15,069.39","-","-0.91%"
"11/26/1998","15,207.77","15,207.77","15,207.77","15,207.77","-","0.89%"
"11/25/1998","15,073.47","15,073.47","15,073.47","15,073.47","-","-0.60%"
"11/24/1998","15,164.64","15,164.64","15,164.64","15,164.64","-","2.60%"
"11/20/1998","14,779.94","14,779.94","14,779.94","14,779.94","-","2.96%"
"11/19/1998","14,354.46","14,354.46","14,354.46","14,354.46","-","-1.68%"
"11/18/1998","14,599.23","14,599.23","14,599.23","14,599.23","-","1.29%"
"11/17/1998","14,413.00","14,413.00","14,413.00","14,413.00","-","-0.11%"
"11/16/1998","14,428.27","14,428.27","14,428.27","14,428.27","-","1.12%"
"11/13/1998","14,268.21","14,268.21","14,268.21","14,268.21","-","1.37%"
"11/12/1998","14,075.06","14,075.06","14,075.06","14,075.06","-","-2.45%"
"11/11/1998","14,428.02","14,428.02","14,428.02","14,428.02","-","2.27%"
"11/10/1998","14,108.09","14,108.09","14,108.09","14,108.09","-","-0.61%"
"11/09/1998","14,194.54","14,194.54","14,194.54","14,194.54","-","0.51%"
"11/06/1998","14,121.97","14,121.97","14,121.97","14,121.97","-","-1.53%"
"11/05/1998","14,341.37","14,341.37","14,341.37","14,341.37","-","-1.28%"
"11/04/1998","14,527.81","14,527.81","14,527.81","14,527.81","-","4.12%"
"11/02/1998","13,952.75","13,952.75","13,952.75","13,952.75","-","2.86%"
"10/30/1998","13,564.51","13,564.51","13,564.51","13,564.51","-","-0.76%"
"10/29/1998","13,668.72","13,668.72","13,668.72","13,668.72","-","1.13%"
"10/28/1998","13,516.07","13,516.07","13,516.07","13,516.07","-","-2.20%"
"10/27/1998","13,820.68","13,820.68","13,820.68","13,820.68","-","-0.16%"
"10/26/1998","13,843.46","13,843.46","13,843.46","13,843.46","-","-2.13%"
"10/23/1998","14,144.70","14,144.70","14,144.70","14,144.70","-","-1.06%"
"10/22/1998","14,295.56","14,295.56","14,295.56","14,295.56","-","0.56%"
"10/21/1998","14,216.33","14,216.33","14,216.33","14,216.33","-","2.96%"
"10/20/1998","13,808.05","13,808.05","13,808.05","13,808.05","-","1.78%"
"10/19/1998","13,567.20","13,567.20","13,567.20","13,567.20","-","2.16%"
"10/16/1998","13,280.54","13,280.54","13,280.54","13,280.54","-","2.19%"
"10/15/1998","12,995.37","12,995.37","12,995.37","12,995.37","-","-0.58%"
"10/14/1998","13,070.73","13,070.73","13,070.73","13,070.73","-","-1.30%"
"10/13/1998","13,242.79","13,242.79","13,242.79","13,242.79","-","-2.30%"
"10/12/1998","13,555.01","13,555.01","13,555.01","13,555.01","-","5.24%"
"10/09/1998","12,879.97","12,879.97","12,879.97","12,879.97","-","-1.12%"
"10/08/1998","13,026.06","13,026.06","13,026.06","13,026.06","-","-5.78%"
"10/07/1998","13,825.61","13,825.61","13,825.61","13,825.61","-","6.17%"
"10/06/1998","13,021.64","13,021.64","13,021.64","13,021.64","-","0.57%"
"10/05/1998","12,948.12","12,948.12","12,948.12","12,948.12","-","-2.08%"
"10/02/1998","13,223.69","13,223.69","13,223.69","13,223.69","-","0.20%"
"10/01/1998","13,197.12","13,197.12","13,197.12","13,197.12","-","-1.56%"
"09/30/1998","13,406.39","13,406.39","13,406.39","13,406.39","-","-3.00%"
"09/29/1998","13,821.43","13,821.43","13,821.43","13,821.43","-","-0.63%"
"09/28/1998","13,909.37","13,909.37","13,909.37","13,909.37","-","1.35%"
"09/25/1998","13,723.84","13,723.84","13,723.84","13,723.84","-","-3.39%"
"09/24/1998","14,205.78","14,205.78","14,205.78","14,205.78","-","3.02%"
"09/22/1998","13,789.81","13,789.81","13,789.81","13,789.81","-","1.42%"
"09/21/1998","13,597.30","13,597.30","13,597.30","13,597.30","-","-2.76%"
"09/18/1998","13,983.12","13,983.12","13,983.12","13,983.12","-","0.89%"
"09/17/1998","13,859.14","13,859.14","13,859.14","13,859.14","-","-2.38%"
"09/16/1998","14,197.70","14,197.70","14,197.70","14,197.70","-","-0.21%"
"09/14/1998","14,227.37","14,227.37","14,227.37","14,227.37","-","2.23%"
"09/11/1998","13,916.98","13,916.98","13,916.98","13,916.98","-","-5.11%"
"09/10/1998","14,666.03","14,666.03","14,666.03","14,666.03","-","-0.61%"
"09/09/1998","14,755.54","14,755.54","14,755.54","14,755.54","-","-1.06%"
"09/08/1998","14,913.49","14,913.49","14,913.49","14,913.49","-","0.83%"
"09/07/1998","14,790.06","14,790.06","14,790.06","14,790.06","-","5.32%"
"09/04/1998","14,042.91","14,042.91","14,042.91","14,042.91","-","-1.53%"
"09/03/1998","14,261.24","14,261.24","14,261.24","14,261.24","-","-0.80%"
"09/02/1998","14,376.62","14,376.62","14,376.62","14,376.62","-","0.05%"
"09/01/1998","14,369.63","14,369.63","14,369.63","14,369.63","-","1.86%"
"08/31/1998","14,107.89","14,107.89","14,107.89","14,107.89","-","1.38%"
"08/28/1998","13,915.63","13,915.63","13,915.63","13,915.63","-","-3.46%"
"08/27/1998","14,413.79","14,413.79","14,413.79","14,413.79","-","-3.04%"
"08/26/1998","14,866.03","14,866.03","14,866.03","14,866.03","-","-1.37%"
"08/25/1998","15,072.93","15,072.93","15,072.93","15,072.93","-","0.56%"
"08/24/1998","14,988.36","14,988.36","14,988.36","14,988.36","-","-2.03%"
"08/21/1998","15,298.20","15,298.20","15,298.20","15,298.20","-","-0.61%"
"08/20/1998","15,391.41","15,391.41","15,391.41","15,391.41","-","-0.10%"
"08/19/1998","15,406.34","15,406.34","15,406.34","15,406.34","-","2.27%"
"08/18/1998","15,063.79","15,063.79","15,063.79","15,063.79","-","1.82%"
"08/17/1998","14,794.66","14,794.66","14,794.66","14,794.66","-","-2.18%"
"08/14/1998","15,123.93","15,123.93","15,123.93","15,123.93","-","-1.68%"
"08/13/1998","15,382.02","15,382.02","15,382.02","15,382.02","-","0.02%"
"08/12/1998","15,378.97","15,378.97","15,378.97","15,378.97","-","-0.18%"
"08/11/1998","15,406.99","15,406.99","15,406.99","15,406.99","-","-1.40%"
"08/10/1998","15,626.42","15,626.42","15,626.42","15,626.42","-","-1.28%"
"08/07/1998","15,829.17","15,829.17","15,829.17","15,829.17","-","-0.30%"
"08/06/1998","15,876.22","15,876.22","15,876.22","15,876.22","-","-0.72%"
"08/05/1998","15,992.16","15,992.16","15,992.16","15,992.16","-","-0.20%"
"08/04/1998","16,023.58","16,023.58","16,023.58","16,023.58","-","-0.88%"
"08/03/1998","16,165.08","16,165.08","16,165.08","16,165.08","-","-1.31%"
"07/31/1998","16,378.97","16,378.97","16,378.97","16,378.97","-","1.09%"
"07/30/1998","16,201.60","16,201.60","16,201.60","16,201.60","-","0.27%"
"07/29/1998","16,158.09","16,158.09","16,158.09","16,158.09","-","0.27%"
"07/28/1998","16,114.54","16,114.54","16,114.54","16,114.54","-","1.07%"
"07/27/1998","15,944.36","15,944.36","15,944.36","15,944.36","-","-2.55%"
"07/24/1998","16,361.89","16,361.89","16,361.89","16,361.89","-","1.07%"
"07/23/1998","16,188.01","16,188.01","16,188.01","16,188.01","-","-0.64%"
"07/22/1998","16,293.06","16,293.06","16,293.06","16,293.06","-","-1.59%"
"07/21/1998","16,556.69","16,556.69","16,556.69","16,556.69","-","-0.09%"
"07/17/1998","16,570.78","16,570.78","16,570.78","16,570.78","-","-0.96%"
"07/16/1998","16,731.92","16,731.92","16,731.92","16,731.92","-","0.71%"
"07/15/1998","16,614.14","16,614.14","16,614.14","16,614.14","-","0.76%"
"07/14/1998","16,488.91","16,488.91","16,488.91","16,488.91","-","0.79%"
"07/13/1998","16,360.39","16,360.39","16,360.39","16,360.39","-","1.68%"
"07/10/1998","16,090.06","16,090.06","16,090.06","16,090.06","-","-2.17%"
"07/09/1998","16,446.95","16,446.95","16,446.95","16,446.95","-","-0.51%"
"07/08/1998","16,530.97","16,530.97","16,530.97","16,530.97","-","0.70%"
"07/07/1998","16,416.28","16,416.28","16,416.28","16,416.28","-","0.40%"
"07/06/1998","16,350.45","16,350.45","16,350.45","16,350.45","-","-0.97%"
"07/03/1998","16,511.24","16,511.24","16,511.24","16,511.24","-","0.24%"
"07/02/1998","16,471.58","16,471.58","16,471.58","16,471.58","-","0.66%"
"07/01/1998","16,362.89","16,362.89","16,362.89","16,362.89","-","3.36%"
"06/30/1998","15,830.27","15,830.27","15,830.27","15,830.27","-","3.02%"
"06/29/1998","15,365.73","15,365.73","15,365.73","15,365.73","-","1.02%"
"06/26/1998","15,210.04","15,210.04","15,210.04","15,210.04","-","0.51%"
"06/25/1998","15,132.22","15,132.22","15,132.22","15,132.22","-","0.06%"
"06/24/1998","15,123.18","15,123.18","15,123.18","15,123.18","-","0.46%"
"06/23/1998","15,054.60","15,054.60","15,054.60","15,054.60","-","-1.66%"
"06/22/1998","15,309.09","15,309.09","15,309.09","15,309.09","-","0.27%"
"06/19/1998","15,267.98","15,267.98","15,267.98","15,267.98","-","-0.61%"
"06/18/1998","15,361.54","15,361.54","15,361.54","15,361.54","-","4.39%"
"06/17/1998","14,715.38","14,715.38","14,715.38","14,715.38","-","-0.03%"
"06/16/1998","14,720.38","14,720.38","14,720.38","14,720.38","-","-0.71%"
"06/15/1998","14,825.17","14,825.17","14,825.17","14,825.17","-","-1.31%"
"06/12/1998","15,022.33","15,022.33","15,022.33","15,022.33","-","0.06%"
"06/11/1998","15,014.04","15,014.04","15,014.04","15,014.04","-","-2.12%"
"06/10/1998","15,339.26","15,339.26","15,339.26","15,339.26","-","-1.23%"
"06/09/1998","15,530.17","15,530.17","15,530.17","15,530.17","-","1.54%"
"06/08/1998","15,294.71","15,294.71","15,294.71","15,294.71","-","-0.19%"
"06/05/1998","15,323.43","15,323.43","15,323.43","15,323.43","-","-0.67%"
"06/04/1998","15,426.47","15,426.47","15,426.47","15,426.47","-","0.52%"
"06/03/1998","15,347.00","15,347.00","15,347.00","15,347.00","-","-1.33%"
"06/02/1998","15,554.45","15,554.45","15,554.45","15,554.45","-","1.52%"
"06/01/1998","15,321.03","15,321.03","15,321.03","15,321.03","-","-2.23%"
"05/29/1998","15,670.78","15,670.78","15,670.78","15,670.78","-","-0.80%"
"05/28/1998","15,796.55","15,796.55","15,796.55","15,796.55","-","0.84%"
"05/27/1998","15,664.29","15,664.29","15,664.29","15,664.29","-","-1.39%"
"05/26/1998","15,884.82","15,884.82","15,884.82","15,884.82","-","0.64%"
"05/25/1998","15,783.12","15,783.12","15,783.12","15,783.12","-","-0.12%"
"05/22/1998","15,801.65","15,801.65","15,801.65","15,801.65","-","-0.28%"
"05/21/1998","15,845.25","15,845.25","15,845.25","15,845.25","-","1.23%"
"05/20/1998","15,652.95","15,652.95","15,652.95","15,652.95","-","0.65%"
"05/19/1998","15,551.65","15,551.65","15,551.65","15,551.65","-","1.09%"
"05/18/1998","15,384.47","15,384.47","15,384.47","15,384.47","-","0.93%"
"05/15/1998","15,242.86","15,242.86","15,242.86","15,242.86","-","-0.42%"
"05/14/1998","15,307.69","15,307.69","15,307.69","15,307.69","-","-0.24%"
"05/13/1998","15,343.81","15,343.81","15,343.81","15,343.81","-","0.14%"
"05/12/1998","15,322.48","15,322.48","15,322.48","15,322.48","-","-0.39%"
"05/11/1998","15,381.90","15,381.90","15,381.90","15,381.90","-","1.54%"
"05/08/1998","15,149.00","15,149.00","15,149.00","15,149.00","-","0.04%"
"05/07/1998","15,143.03","15,143.03","15,143.03","15,143.03","-","-0.66%"
"05/06/1998","15,243.84","15,243.84","15,243.84","15,243.84","-","-2.29%"
"05/01/1998","15,601.10","15,601.10","15,601.10","15,601.10","-","-0.26%"
"04/30/1998","15,641.26","15,641.26","15,641.26","15,641.26","-","1.60%"
"04/28/1998","15,395.43","15,395.43","15,395.43","15,395.43","-","-1.63%"
"04/27/1998","15,649.95","15,649.95","15,649.95","15,649.95","-","-2.26%"
"04/24/1998","16,011.24","16,011.24","16,011.24","16,011.24","-","1.58%"
"04/23/1998","15,761.69","15,761.69","15,761.69","15,761.69","-","0.00%"
"04/22/1998","15,761.54","15,761.54","15,761.54","15,761.54","-","-0.41%"
"04/21/1998","15,825.67","15,825.67","15,825.67","15,825.67","-","0.82%"
"04/20/1998","15,697.10","15,697.10","15,697.10","15,697.10","-","-0.04%"
"04/17/1998","15,703.80","15,703.80","15,703.80","15,703.80","-","-1.13%"
"04/16/1998","15,883.77","15,883.77","15,883.77","15,883.77","-","-2.55%"
"04/15/1998","16,299.30","16,299.30","16,299.30","16,299.30","-","0.14%"
"04/14/1998","16,277.32","16,277.32","16,277.32","16,277.32","-","-0.25%"
"04/13/1998","16,317.58","16,317.58","16,317.58","16,317.58","-","-0.99%"
"04/10/1998","16,481.12","16,481.12","16,481.12","16,481.12","-","-0.34%"
"04/09/1998","16,536.66","16,536.66","16,536.66","16,536.66","-","0.98%"
"04/08/1998","16,376.62","16,376.62","16,376.62","16,376.62","-","2.49%"
"04/07/1998","15,978.72","15,978.72","15,978.72","15,978.72","-","1.74%"
"04/06/1998","15,705.99","15,705.99","15,705.99","15,705.99","-","1.21%"
"04/03/1998","15,517.78","15,517.78","15,517.78","15,517.78","-","-1.18%"
"04/02/1998","15,702.90","15,702.90","15,702.90","15,702.90","-","-3.32%"
"04/01/1998","16,241.66","16,241.66","16,241.66","16,241.66","-","-1.73%"
"03/31/1998","16,527.17","16,527.17","16,527.17","16,527.17","-","1.62%"
"03/30/1998","16,263.04","16,263.04","16,263.04","16,263.04","-","-2.84%"
"03/27/1998","16,739.26","16,739.26","16,739.26","16,739.26","-","-1.42%"
"03/26/1998","16,980.62","16,980.62","16,980.62","16,980.62","-","1.93%"
"03/25/1998","16,658.34","16,658.34","16,658.34","16,658.34","-","0.31%"
"03/24/1998","16,606.39","16,606.39","16,606.39","16,606.39","-","-1.56%"
"03/23/1998","16,868.83","16,868.83","16,868.83","16,868.83","-","0.23%"
"03/20/1998","16,830.47","16,830.47","16,830.47","16,830.47","-","0.91%"
"03/19/1998","16,679.02","16,679.02","16,679.02","16,679.02","-","0.36%"
"03/18/1998","16,619.68","16,619.68","16,619.68","16,619.68","-","-2.22%"
"03/17/1998","16,997.20","16,997.20","16,997.20","16,997.20","-","0.81%"
"03/16/1998","16,861.14","16,861.14","16,861.14","16,861.14","-","-1.17%"
"03/13/1998","17,060.14","17,060.14","17,060.14","17,060.14","-","2.93%"
"03/12/1998","16,575.22","16,575.22","16,575.22","16,575.22","-","-1.08%"
"03/11/1998","16,756.14","16,756.14","16,756.14","16,756.14","-","-1.33%"
"03/10/1998","16,982.82","16,982.82","16,982.82","16,982.82","-","0.06%"
"03/09/1998","16,972.53","16,972.53","16,972.53","16,972.53","-","-0.93%"
"03/06/1998","17,131.97","17,131.97","17,131.97","17,131.97","-","1.68%"
"03/05/1998","16,848.55","16,848.55","16,848.55","16,848.55","-","-1.45%"
"03/04/1998","17,095.60","17,095.60","17,095.60","17,095.60","-","-0.42%"
"03/03/1998","17,168.33","17,168.33","17,168.33","17,168.33","-","-0.56%"
"03/02/1998","17,264.34","17,264.34","17,264.34","17,264.34","-","2.57%"
"02/27/1998","16,831.67","16,831.67","16,831.67","16,831.67","-","2.00%"
"02/26/1998","16,501.70","16,501.70","16,501.70","16,501.70","-","0.86%"
"02/25/1998","16,360.64","16,360.64","16,360.64","16,360.64","-","1.00%"
"02/24/1998","16,198.00","16,198.00","16,198.00","16,198.00","-","-2.48%"
"02/23/1998","16,609.49","16,609.49","16,609.49","16,609.49","-","-0.88%"
"02/20/1998","16,756.24","16,756.24","16,756.24","16,756.24","-","0.84%"
"02/19/1998","16,616.48","16,616.48","16,616.48","16,616.48","-","0.02%"
"02/18/1998","16,613.89","16,613.89","16,613.89","16,613.89","-","-1.05%"
"02/17/1998","16,790.71","16,790.71","16,790.71","16,790.71","-","0.09%"
"02/16/1998","16,775.52","16,775.52","16,775.52","16,775.52","-","-0.09%"
"02/13/1998","16,791.01","16,791.01","16,791.01","16,791.01","-","-2.24%"
"02/12/1998","17,174.93","17,174.93","17,174.93","17,174.93","-","-0.18%"
"02/10/1998","17,205.09","17,205.09","17,205.09","17,205.09","-","0.00%"
"02/09/1998","17,205.00","17,205.00","17,205.00","17,205.00","-","0.97%"
"02/06/1998","17,040.06","17,040.06","17,040.06","17,040.06","-","0.22%"
"02/05/1998","17,003.30","17,003.30","17,003.30","17,003.30","-","0.71%"
"02/04/1998","16,882.62","16,882.62","16,882.62","16,882.62","-","-0.82%"
"02/03/1998","17,022.98","17,022.98","17,022.98","17,022.98","-","1.47%"
"02/02/1998","16,776.82","16,776.82","16,776.82","16,776.82","-","0.89%"
"01/30/1998","16,628.47","16,628.47","16,628.47","16,628.47","-","-2.27%"
"01/29/1998","17,014.59","17,014.59","17,014.59","17,014.59","-","0.24%"
"01/28/1998","16,973.83","16,973.83","16,973.83","16,973.83","-","-0.05%"
"01/27/1998","16,981.62","16,981.62","16,981.62","16,981.62","-","-0.54%"
"01/26/1998","17,073.33","17,073.33","17,073.33","17,073.33","-","1.69%"
"01/23/1998","16,789.11","16,789.11","16,789.11","16,789.11","-","2.34%"
"01/22/1998","16,405.69","16,405.69","16,405.69","16,405.69","-","-1.67%"
"01/21/1998","16,684.42","16,684.42","16,684.42","16,684.42","-","1.94%"
"01/20/1998","16,366.53","16,366.53","16,366.53","16,366.53","-","0.64%"
"01/19/1998","16,262.04","16,262.04","16,262.04","16,262.04","-","1.34%"
"01/16/1998","16,046.45","16,046.45","16,046.45","16,046.45","-","6.11%"
"01/14/1998","15,121.98","15,121.98","15,121.98","15,121.98","-","2.48%"
"01/13/1998","14,755.94","14,755.94","14,755.94","14,755.94","-","0.62%"
"01/12/1998","14,664.44","14,664.44","14,664.44","14,664.44","-","-2.21%"
"01/09/1998","14,995.10","14,995.10","14,995.10","14,995.10","-","-0.16%"
"01/08/1998","15,019.18","15,019.18","15,019.18","15,019.18","-","-0.06%"
"01/07/1998","15,028.17","15,028.17","15,028.17","15,028.17","-","0.88%"
"01/06/1998","14,896.40","14,896.40","14,896.40","14,896.40","-","-0.40%"
"01/05/1998","14,956.84","14,956.84","14,956.84","14,956.84","-","-1.98%"
"12/30/1997","15,258.74","15,258.74","15,258.74","15,258.74","-","3.27%"
"12/29/1997","14,775.22","14,775.22","14,775.22","14,775.22","-","-0.18%"
"12/26/1997","14,802.60","14,802.60","14,802.60","14,802.60","-","-3.25%"
"12/25/1997","15,300.10","15,300.10","15,300.10","15,300.10","-","2.51%"
"12/24/1997","14,924.98","14,924.98","14,924.98","14,924.98","-","0.85%"
"12/22/1997","14,799.40","14,799.40","14,799.40","14,799.40","-","-3.37%"
"12/19/1997","15,314.89","15,314.89","15,314.89","15,314.89","-","-5.24%"
"12/18/1997","16,161.64","16,161.64","16,161.64","16,161.64","-","-2.29%"
"12/17/1997","16,541.06","16,541.06","16,541.06","16,541.06","-","3.48%"
"12/16/1997","15,985.21","15,985.21","15,985.21","15,985.21","-","0.48%"
"12/15/1997","15,909.39","15,909.39","15,909.39","15,909.39","-","0.03%"
"12/12/1997","15,904.30","15,904.30","15,904.30","15,904.30","-","-0.91%"
"12/11/1997","16,050.15","16,050.15","16,050.15","16,050.15","-","-2.60%"
"12/10/1997","16,478.12","16,478.12","16,478.12","16,478.12","-","-1.25%"
"12/09/1997","16,686.51","16,686.51","16,686.51","16,686.51","-","3.44%"
"12/08/1997","16,131.57","16,131.57","16,131.57","16,131.57","-","-1.78%"
"12/05/1997","16,424.48","16,424.48","16,424.48","16,424.48","-","0.72%"
"12/04/1997","16,306.79","16,306.79","16,306.79","16,306.79","-","-1.68%"
"12/03/1997","16,585.51","16,585.51","16,585.51","16,585.51","-","-1.92%"
"12/02/1997","16,910.29","16,910.29","16,910.29","16,910.29","-","-0.57%"
"12/01/1997","17,007.59","17,007.59","17,007.59","17,007.59","-","2.23%"
"11/28/1997","16,636.26","16,636.26","16,636.26","16,636.26","-","0.20%"
"11/27/1997","16,603.20","16,603.20","16,603.20","16,603.20","-","3.48%"
"11/26/1997","16,045.55","16,045.55","16,045.55","16,045.55","-","1.12%"
"11/25/1997","15,867.53","15,867.53","15,867.53","15,867.53","-","-5.11%"
"11/21/1997","16,721.58","16,721.58","16,721.58","16,721.58","-","2.53%"
"11/20/1997","16,308.49","16,308.49","16,308.49","16,308.49","-","2.94%"
"11/19/1997","15,842.46","15,842.46","15,842.46","15,842.46","-","-5.29%"
"11/18/1997","16,726.57","16,726.57","16,726.57","16,726.57","-","2.72%"
"11/17/1997","16,283.32","16,283.32","16,283.32","16,283.32","-","7.96%"
"11/14/1997","15,082.52","15,082.52","15,082.52","15,082.52","-","-2.23%"
"11/13/1997","15,427.27","15,427.27","15,427.27","15,427.27","-","-0.04%"
"11/12/1997","15,434.17","15,434.17","15,434.17","15,434.17","-","-2.73%"
"11/11/1997","15,867.23","15,867.23","15,867.23","15,867.23","-","1.08%"
"11/10/1997","15,697.20","15,697.20","15,697.20","15,697.20","-","-0.88%"
"11/07/1997","15,836.36","15,836.36","15,836.36","15,836.36","-","-4.22%"
"11/06/1997","16,533.87","16,533.87","16,533.87","16,533.87","-","0.52%"
"11/05/1997","16,448.05","16,448.05","16,448.05","16,448.05","-","-0.32%"
"11/04/1997","16,500.10","16,500.10","16,500.10","16,500.10","-","0.25%"
"10/31/1997","16,458.94","16,458.94","16,458.94","16,458.94","-","0.57%"
"10/30/1997","16,364.94","16,364.94","16,364.94","16,364.94","-","-2.92%"
"10/29/1997","16,857.04","16,857.04","16,857.04","16,857.04","-","3.34%"
"10/28/1997","16,312.69","16,312.69","16,312.69","16,312.69","-","-4.26%"
"10/27/1997","17,038.36","17,038.36","17,038.36","17,038.36","-","-1.87%"
"10/24/1997","17,363.74","17,363.74","17,363.74","17,363.74","-","1.24%"
"10/23/1997","17,151.55","17,151.55","17,151.55","17,151.55","-","-3.03%"
"10/22/1997","17,687.61","17,687.61","17,687.61","17,687.61","-","2.77%"
"10/21/1997","17,210.09","17,210.09","17,210.09","17,210.09","-","-0.49%"
"10/20/1997","17,294.51","17,294.51","17,294.51","17,294.51","-","-1.05%"
"10/17/1997","17,478.42","17,478.42","17,478.42","17,478.42","-","-1.29%"
"10/16/1997","17,707.49","17,707.49","17,707.49","17,707.49","-","2.17%"
"10/15/1997","17,331.37","17,331.37","17,331.37","17,331.37","-","0.14%"
"10/14/1997","17,306.39","17,306.39","17,306.39","17,306.39","-","0.59%"
"10/13/1997","17,204.70","17,204.70","17,204.70","17,204.70","-","-0.99%"
"10/09/1997","17,376.92","17,376.92","17,376.92","17,376.92","-","-1.37%"
"10/08/1997","17,619.18","17,619.18","17,619.18","17,619.18","-","0.62%"
"10/07/1997","17,511.19","17,511.19","17,511.19","17,511.19","-","-1.76%"
"10/06/1997","17,824.78","17,824.78","17,824.78","17,824.78","-","1.00%"
"10/03/1997","17,647.45","17,647.45","17,647.45","17,647.45","-","1.10%"
"10/02/1997","17,455.04","17,455.04","17,455.04","17,455.04","-","-2.17%"
"10/01/1997","17,842.16","17,842.16","17,842.16","17,842.16","-","-0.25%"
"09/30/1997","17,887.71","17,887.71","17,887.71","17,887.71","-","-0.55%"
"09/29/1997","17,987.21","17,987.21","17,987.21","17,987.21","-","-0.04%"
"09/26/1997","17,994.71","17,994.71","17,994.71","17,994.71","-","-1.89%"
"09/25/1997","18,341.96","18,341.96","18,341.96","18,341.96","-","-0.42%"
"09/24/1997","18,420.08","18,420.08","18,420.08","18,420.08","-","1.20%"
"09/22/1997","18,201.32","18,201.32","18,201.32","18,201.32","-","0.79%"
"09/19/1997","18,058.21","18,058.21","18,058.21","18,058.21","-","0.71%"
"09/18/1997","17,930.09","17,930.09","17,930.09","17,930.09","-","1.40%"
"09/17/1997","17,683.27","17,683.27","17,683.27","17,683.27","-","-1.62%"
"09/16/1997","17,974.50","17,974.50","17,974.50","17,974.50","-","0.05%"
"09/12/1997","17,965.80","17,965.80","17,965.80","17,965.80","-","-1.73%"
"09/11/1997","18,282.23","18,282.23","18,282.23","18,282.23","-","-2.26%"
"09/10/1997","18,704.77","18,704.77","18,704.77","18,704.77","-","0.05%"
"09/09/1997","18,695.97","18,695.97","18,695.97","18,695.97","-","0.33%"
"09/08/1997","18,633.86","18,633.86","18,633.86","18,633.86","-","-0.09%"
"09/05/1997","18,650.17","18,650.17","18,650.17","18,650.17","-","0.19%"
"09/04/1997","18,615.06","18,615.06","18,615.06","18,615.06","-","-0.64%"
"09/03/1997","18,735.17","18,735.17","18,735.17","18,735.17","-","2.76%"
"09/02/1997","18,232.52","18,232.52","18,232.52","18,232.52","-","1.44%"
"09/01/1997","17,974.30","17,974.30","17,974.30","17,974.30","-","-1.40%"
"08/29/1997","18,229.42","18,229.42","18,229.42","18,229.42","-","-1.20%"
"08/28/1997","18,451.45","18,451.45","18,451.45","18,451.45","-","0.05%"
"08/27/1997","18,441.94","18,441.94","18,441.94","18,441.94","-","-1.98%"
"08/26/1997","18,814.98","18,814.98","18,814.98","18,814.98","-","0.85%"
"08/25/1997","18,656.17","18,656.17","18,656.17","18,656.17","-","0.03%"
"08/22/1997","18,650.17","18,650.17","18,650.17","18,650.17","-","-2.65%"
"08/21/1997","19,157.12","19,157.12","19,157.12","19,157.12","-","-0.49%"
"08/20/1997","19,252.23","19,252.23","19,252.23","19,252.23","-","1.54%"
"08/19/1997","18,961.00","18,961.00","18,961.00","18,961.00","-","-0.42%"
"08/18/1997","19,041.10","19,041.10","19,041.10","19,041.10","-","-1.47%"
"08/15/1997","19,326.03","19,326.03","19,326.03","19,326.03","-","0.54%"
"08/14/1997","19,222.62","19,222.62","19,222.62","19,222.62","-","1.13%"
"08/13/1997","19,008.60","19,008.60","19,008.60","19,008.60","-","-0.47%"
"08/12/1997","19,099.11","19,099.11","19,099.11","19,099.11","-","1.46%"
"08/11/1997","18,824.18","18,824.18","18,824.18","18,824.18","-","-3.98%"
"08/08/1997","19,604.46","19,604.46","19,604.46","19,604.46","-","0.66%"
"08/07/1997","19,475.85","19,475.85","19,475.85","19,475.85","-","-1.15%"
"08/06/1997","19,702.07","19,702.07","19,702.07","19,702.07","-","0.96%"
"08/05/1997","19,514.45","19,514.45","19,514.45","19,514.45","-","-0.78%"
"08/04/1997","19,668.07","19,668.07","19,668.07","19,668.07","-","-0.69%"
"08/01/1997","19,804.38","19,804.38","19,804.38","19,804.38","-","-2.59%"
"07/31/1997","20,331.43","20,331.43","20,331.43","20,331.43","-","0.59%"
"07/30/1997","20,212.82","20,212.82","20,212.82","20,212.82","-","-0.93%"
"07/29/1997","20,402.74","20,402.74","20,402.74","20,402.74","-","-0.84%"
"07/28/1997","20,575.26","20,575.26","20,575.26","20,575.26","-","0.91%"
"07/25/1997","20,389.54","20,389.54","20,389.54","20,389.54","-","0.51%"
"07/24/1997","20,286.23","20,286.23","20,286.23","20,286.23","-","0.77%"
"07/23/1997","20,130.51","20,130.51","20,130.51","20,130.51","-","-0.13%"
"07/22/1997","20,157.02","20,157.02","20,157.02","20,157.02","-","-0.46%"
"07/18/1997","20,249.32","20,249.32","20,249.32","20,249.32","-","-1.32%"
"07/17/1997","20,519.25","20,519.25","20,519.25","20,519.25","-","0.79%"
"07/16/1997","20,358.74","20,358.74","20,358.74","20,358.74","-","1.44%"
"07/15/1997","20,069.41","20,069.41","20,069.41","20,069.41","-","-0.79%"
"07/14/1997","20,228.72","20,228.72","20,228.72","20,228.72","-","1.78%"
"07/11/1997","19,875.49","19,875.49","19,875.49","19,875.49","-","0.61%"
"07/10/1997","19,754.78","19,754.78","19,754.78","19,754.78","-","0.29%"
"07/09/1997","19,697.17","19,697.17","19,697.17","19,697.17","-","-0.79%"
"07/08/1997","19,853.89","19,853.89","19,853.89","19,853.89","-","0.75%"
"07/07/1997","19,705.17","19,705.17","19,705.17","19,705.17","-","-1.32%"
"07/04/1997","19,968.00","19,968.00","19,968.00","19,968.00","-","-0.76%"
"07/03/1997","20,121.41","20,121.41","20,121.41","20,121.41","-","-0.37%"
"07/02/1997","20,196.42","20,196.42","20,196.42","20,196.42","-","0.10%"
"07/01/1997","20,175.52","20,175.52","20,175.52","20,175.52","-","-2.08%"
"06/30/1997","20,604.96","20,604.96","20,604.96","20,604.96","-","0.40%"
"06/27/1997","20,523.75","20,523.75","20,523.75","20,523.75","-","-0.49%"
"06/26/1997","20,624.76","20,624.76","20,624.76","20,624.76","-","-0.26%"
"06/25/1997","20,679.27","20,679.27","20,679.27","20,679.27","-","1.66%"
"06/24/1997","20,341.93","20,341.93","20,341.93","20,341.93","-","-0.46%"
"06/23/1997","20,436.14","20,436.14","20,436.14","20,436.14","-","0.25%"
"06/20/1997","20,385.54","20,385.54","20,385.54","20,385.54","-","-0.60%"
"06/19/1997","20,507.85","20,507.85","20,507.85","20,507.85","-","0.05%"
"06/18/1997","20,497.85","20,497.85","20,497.85","20,497.85","-","-0.47%"
"06/17/1997","20,593.66","20,593.66","20,593.66","20,593.66","-","-0.42%"
"06/16/1997","20,681.07","20,681.07","20,681.07","20,681.07","-","0.74%"
"06/13/1997","20,528.35","20,528.35","20,528.35","20,528.35","-","-0.18%"
"06/12/1997","20,564.46","20,564.46","20,564.46","20,564.46","-","1.35%"
"06/11/1997","20,289.93","20,289.93","20,289.93","20,289.93","-","-1.18%"
"06/10/1997","20,532.55","20,532.55","20,532.55","20,532.55","-","1.53%"
"06/09/1997","20,223.82","20,223.82","20,223.82","20,223.82","-","-1.28%"
"06/06/1997","20,485.75","20,485.75","20,485.75","20,485.75","-","-0.01%"
"06/05/1997","20,488.15","20,488.15","20,488.15","20,488.15","-","-0.60%"
"06/04/1997","20,611.56","20,611.56","20,611.56","20,611.56","-","0.24%"
"06/03/1997","20,563.16","20,563.16","20,563.16","20,563.16","-","0.54%"
"06/02/1997","20,451.85","20,451.85","20,451.85","20,451.85","-","1.91%"
"05/30/1997","20,068.81","20,068.81","20,068.81","20,068.81","-","-1.20%"
"05/29/1997","20,312.23","20,312.23","20,312.23","20,312.23","-","-0.19%"
"05/28/1997","20,351.34","20,351.34","20,351.34","20,351.34","-","2.32%"
"05/27/1997","19,889.89","19,889.89","19,889.89","19,889.89","-","-0.77%"
"05/26/1997","20,043.50","20,043.50","20,043.50","20,043.50","-","0.17%"
"05/23/1997","20,009.00","20,009.00","20,009.00","20,009.00","-","0.66%"
"05/22/1997","19,877.39","19,877.39","19,877.39","19,877.39","-","0.18%"
"05/21/1997","19,841.98","19,841.98","19,841.98","19,841.98","-","-2.41%"
"05/20/1997","20,332.83","20,332.83","20,332.83","20,332.83","-","-0.77%"
"05/19/1997","20,489.75","20,489.75","20,489.75","20,489.75","-","0.81%"
"05/16/1997","20,324.73","20,324.73","20,324.73","20,324.73","-","1.34%"
"05/15/1997","20,056.31","20,056.31","20,056.31","20,056.31","-","-0.76%"
"05/14/1997","20,209.72","20,209.72","20,209.72","20,209.72","-","0.40%"
"05/13/1997","20,129.11","20,129.11","20,129.11","20,129.11","-","-0.07%"
"05/12/1997","20,143.51","20,143.51","20,143.51","20,143.51","-","1.72%"
"05/09/1997","19,802.78","19,802.78","19,802.78","19,802.78","-","-1.29%"
"05/08/1997","20,061.81","20,061.81","20,061.81","20,061.81","-","0.06%"
"05/07/1997","20,048.90","20,048.90","20,048.90","20,048.90","-","-0.65%"
"05/06/1997","20,180.92","20,180.92","20,180.92","20,180.92","-","3.41%"
"05/02/1997","19,514.75","19,514.75","19,514.75","19,514.75","-","1.24%"
"05/01/1997","19,275.33","19,275.33","19,275.33","19,275.33","-","0.65%"
"04/30/1997","19,151.12","19,151.12","19,151.12","19,151.12","-","2.57%"
"04/28/1997","18,670.37","18,670.37","18,670.37","18,670.37","-","0.31%"
"04/25/1997","18,612.86","18,612.86","18,612.86","18,612.86","-","-0.46%"
"04/24/1997","18,698.07","18,698.07","18,698.07","18,698.07","-","-0.20%"
"04/23/1997","18,735.47","18,735.47","18,735.47","18,735.47","-","1.03%"
"04/22/1997","18,544.45","18,544.45","18,544.45","18,544.45","-","-0.04%"
"04/21/1997","18,551.66","18,551.66","18,551.66","18,551.66","-","1.09%"
"04/18/1997","18,352.14","18,352.14","18,352.14","18,352.14","-","1.43%"
"04/17/1997","18,093.41","18,093.41","18,093.41","18,093.41","-","0.35%"
"04/16/1997","18,031.20","18,031.20","18,031.20","18,031.20","-","0.54%"
"04/15/1997","17,933.59","17,933.59","17,933.59","17,933.59","-","1.36%"
"04/14/1997","17,692.47","17,692.47","17,692.47","17,692.47","-","-0.87%"
"04/11/1997","17,846.98","17,846.98","17,846.98","17,846.98","-","2.07%"
"04/10/1997","17,485.75","17,485.75","17,485.75","17,485.75","-","-1.23%"
"04/09/1997","17,703.37","17,703.37","17,703.37","17,703.37","-","-1.77%"
"04/08/1997","18,021.70","18,021.70","18,021.70","18,021.70","-","1.73%"
"04/07/1997","17,715.67","17,715.67","17,715.67","17,715.67","-","-0.81%"
"04/04/1997","17,860.59","17,860.59","17,860.59","17,860.59","-","-1.48%"
"04/03/1997","18,129.31","18,129.31","18,129.31","18,129.31","-","0.51%"
"04/02/1997","18,037.30","18,037.30","18,037.30","18,037.30","-","0.94%"
"04/01/1997","17,869.59","17,869.59","17,869.59","17,869.59","-","-0.74%"
"03/31/1997","18,003.40","18,003.40","18,003.40","18,003.40","-","-1.02%"
"03/28/1997","18,189.72","18,189.72","18,189.72","18,189.72","-","-0.11%"
"03/27/1997","18,210.42","18,210.42","18,210.42","18,210.42","-","-1.42%"
"03/26/1997","18,472.45","18,472.45","18,472.45","18,472.45","-","0.18%"
"03/25/1997","18,439.61","18,439.61","18,439.61","18,439.61","-","2.19%"
"03/24/1997","18,043.82","18,043.82","18,043.82","18,043.82","-","-3.16%"
"03/21/1997","18,633.16","18,633.16","18,633.16","18,633.16","-","0.75%"
"03/19/1997","18,493.71","18,493.71","18,493.71","18,493.71","-","0.26%"
"03/18/1997","18,445.20","18,445.20","18,445.20","18,445.20","-","2.17%"
"03/17/1997","18,053.50","18,053.50","18,053.50","18,053.50","-","0.72%"
"03/14/1997","17,923.64","17,923.64","17,923.64","17,923.64","-","0.13%"
"03/13/1997","17,900.48","17,900.48","17,900.48","17,900.48","-","-1.56%"
"03/12/1997","18,183.27","18,183.27","18,183.27","18,183.27","-","-0.46%"
"03/11/1997","18,267.72","18,267.72","18,267.72","18,267.72","-","0.85%"
"03/10/1997","18,113.89","18,113.89","18,113.89","18,113.89","-","-0.47%"
"03/07/1997","18,198.74","18,198.74","18,198.74","18,198.74","-","0.87%"
"03/06/1997","18,041.33","18,041.33","18,041.33","18,041.33","-","-1.27%"
"03/05/1997","18,273.51","18,273.51","18,273.51","18,273.51","-","-1.57%"
"03/04/1997","18,564.78","18,564.78","18,564.78","18,564.78","-","0.74%"
"03/03/1997","18,429.13","18,429.13","18,429.13","18,429.13","-","-0.69%"
"02/28/1997","18,557.00","18,557.00","18,557.00","18,557.00","-","-2.44%"
"02/27/1997","19,021.56","19,021.56","19,021.56","19,021.56","-","0.16%"
"02/26/1997","18,990.92","18,990.92","18,990.92","18,990.92","-","-0.42%"
"02/25/1997","19,070.07","19,070.07","19,070.07","19,070.07","-","0.92%"
"02/24/1997","18,896.99","18,896.99","18,896.99","18,896.99","-","-0.72%"
"02/21/1997","19,034.54","19,034.54","19,034.54","19,034.54","-","-0.09%"
"02/20/1997","19,051.71","19,051.71","19,051.71","19,051.71","-","2.43%"
"02/19/1997","18,599.12","18,599.12","18,599.12","18,599.12","-","0.69%"
"02/18/1997","18,470.75","18,470.75","18,470.75","18,470.75","-","-1.49%"
"02/17/1997","18,750.65","18,750.65","18,750.65","18,750.65","-","0.15%"
"02/14/1997","18,722.00","18,722.00","18,722.00","18,722.00","-","0.18%"
"02/13/1997","18,688.06","18,688.06","18,688.06","18,688.06","-","1.51%"
"02/12/1997","18,409.96","18,409.96","18,409.96","18,409.96","-","1.26%"
"02/10/1997","18,181.17","18,181.17","18,181.17","18,181.17","-","1.76%"
"02/07/1997","17,867.04","17,867.04","17,867.04","17,867.04","-","-0.95%"
"02/06/1997","18,038.43","18,038.43","18,038.43","18,038.43","-","-0.81%"
"02/05/1997","18,185.97","18,185.97","18,185.97","18,185.97","-","-0.70%"
"02/04/1997","18,314.33","18,314.33","18,314.33","18,314.33","-","1.26%"
"02/03/1997","18,085.95","18,085.95","18,085.95","18,085.95","-","-1.33%"
"01/31/1997","18,330.01","18,330.01","18,330.01","18,330.01","-","2.61%"
"01/30/1997","17,864.04","17,864.04","17,864.04","17,864.04","-","-2.57%"
"01/29/1997","18,335.30","18,335.30","18,335.30","18,335.30","-","3.03%"
"01/28/1997","17,796.57","17,796.57","17,796.57","17,796.57","-","2.66%"
"01/27/1997","17,334.90","17,334.90","17,334.90","17,334.90","-","-2.00%"
"01/24/1997","17,689.36","17,689.36","17,689.36","17,689.36","-","-1.23%"
"01/23/1997","17,909.46","17,909.46","17,909.46","17,909.46","-","-0.58%"
"01/22/1997","18,013.88","18,013.88","18,013.88","18,013.88","-","3.78%"
"01/21/1997","17,358.16","17,358.16","17,358.16","17,358.16","-","-0.70%"
"01/20/1997","17,480.34","17,480.34","17,480.34","17,480.34","-","-3.37%"
"01/17/1997","18,090.04","18,090.04","18,090.04","18,090.04","-","-0.30%"
"01/16/1997","18,144.34","18,144.34","18,144.34","18,144.34","-","0.28%"
"01/14/1997","18,093.13","18,093.13","18,093.13","18,093.13","-","-0.14%"
"01/13/1997","18,118.79","18,118.79","18,118.79","18,118.79","-","4.71%"
"01/10/1997","17,303.65","17,303.65","17,303.65","17,303.65","-","-4.26%"
"01/09/1997","18,073.87","18,073.87","18,073.87","18,073.87","-","-3.25%"
"01/08/1997","18,680.38","18,680.38","18,680.38","18,680.38","-","-1.14%"
"01/07/1997","18,896.19","18,896.19","18,896.19","18,896.19","-","-2.83%"
"01/06/1997","19,446.00","19,446.00","19,446.00","19,446.00","-","0.44%"
"12/30/1996","19,361.35","19,361.35","19,361.35","19,361.35","-","-0.04%"
"12/27/1996","19,369.04","19,369.04","19,369.04","19,369.04","-","0.40%"
"12/26/1996","19,291.58","19,291.58","19,291.58","19,291.58","-","0.68%"
"12/24/1996","19,161.71","19,161.71","19,161.71","19,161.71","-","-2.69%"
"12/20/1996","19,690.46","19,690.46","19,690.46","19,690.46","-","0.61%"
"12/19/1996","19,570.67","19,570.67","19,570.67","19,570.67","-","-2.60%"
"12/18/1996","20,093.03","20,093.03","20,093.03","20,093.03","-","-1.57%"
"12/17/1996","20,413.46","20,413.46","20,413.46","20,413.46","-","-0.04%"
"12/16/1996","20,422.04","20,422.04","20,422.04","20,422.04","-","0.40%"
"12/13/1996","20,341.39","20,341.39","20,341.39","20,341.39","-","-0.78%"
"12/12/1996","20,501.20","20,501.20","20,501.20","20,501.20","-","-0.33%"
"12/11/1996","20,568.38","20,568.38","20,568.38","20,568.38","-","-1.22%"
"12/10/1996","20,822.12","20,822.12","20,822.12","20,822.12","-","1.06%"
"12/09/1996","20,603.71","20,603.71","20,603.71","20,603.71","-","1.61%"
"12/06/1996","20,276.70","20,276.70","20,276.70","20,276.70","-","-3.19%"
"12/05/1996","20,943.90","20,943.90","20,943.90","20,943.90","-","1.37%"
"12/04/1996","20,659.91","20,659.91","20,659.91","20,659.91","-","0.14%"
"12/03/1996","20,630.56","20,630.56","20,630.56","20,630.56","-","-0.21%"
"12/02/1996","20,674.69","20,674.69","20,674.69","20,674.69","-","-1.64%"
"11/29/1996","21,020.36","21,020.36","21,020.36","21,020.36","-","-0.07%"
"11/28/1996","21,035.54","21,035.54","21,035.54","21,035.54","-","-1.45%"
"11/27/1996","21,345.28","21,345.28","21,345.28","21,345.28","-","-0.34%"
"11/26/1996","21,418.25","21,418.25","21,418.25","21,418.25","-","0.59%"
"11/25/1996","21,293.57","21,293.57","21,293.57","21,293.57","-","0.37%"
"11/22/1996","21,216.11","21,216.11","21,216.11","21,216.11","-","0.34%"
"11/21/1996","21,143.34","21,143.34","21,143.34","21,143.34","-","-0.22%"
"11/20/1996","21,189.96","21,189.96","21,189.96","21,189.96","-","1.12%"
"11/19/1996","20,956.18","20,956.18","20,956.18","20,956.18","-","0.77%"
"11/18/1996","20,796.37","20,796.37","20,796.37","20,796.37","-","-0.64%"
"11/15/1996","20,929.73","20,929.73","20,929.73","20,929.73","-","-0.48%"
"11/14/1996","21,031.04","21,031.04","21,031.04","21,031.04","-","0.25%"
"11/13/1996","20,979.44","20,979.44","20,979.44","20,979.44","-","-1.07%"
"11/12/1996","21,206.43","21,206.43","21,206.43","21,206.43","-","0.67%"
"11/11/1996","21,065.08","21,065.08","21,065.08","21,065.08","-","-0.64%"
"11/08/1996","21,201.04","21,201.04","21,201.04","21,201.04","-","2.07%"
"11/07/1996","20,771.11","20,771.11","20,771.11","20,771.11","-","-1.05%"
"11/06/1996","20,991.52","20,991.52","20,991.52","20,991.52","-","1.94%"
"11/05/1996","20,592.33","20,592.33","20,592.33","20,592.33","-","-0.20%"
"11/01/1996","20,633.06","20,633.06","20,633.06","20,633.06","-","0.81%"
"10/31/1996","20,466.86","20,466.86","20,466.86","20,466.86","-","-1.04%"
"10/30/1996","20,681.67","20,681.67","20,681.67","20,681.67","-","-1.32%"
"10/29/1996","20,958.08","20,958.08","20,958.08","20,958.08","-","0.35%"
"10/28/1996","20,885.41","20,885.41","20,885.41","20,885.41","-","0.70%"
"10/25/1996","20,739.97","20,739.97","20,739.97","20,739.97","-","-1.25%"
"10/24/1996","21,003.49","21,003.49","21,003.49","21,003.49","-","-0.37%"
"10/23/1996","21,082.15","21,082.15","21,082.15","21,082.15","-","-0.20%"
"10/22/1996","21,123.68","21,123.68","21,123.68","21,123.68","-","-0.84%"
"10/21/1996","21,302.95","21,302.95","21,302.95","21,302.95","-","-1.43%"
"10/18/1996","21,612.30","21,612.30","21,612.30","21,612.30","-","0.88%"
"10/17/1996","21,423.74","21,423.74","21,423.74","21,423.74","-","0.12%"
"10/16/1996","21,397.19","21,397.19","21,397.19","21,397.19","-","-0.15%"
"10/15/1996","21,429.93","21,429.93","21,429.93","21,429.93","-","1.91%"
"10/14/1996","21,029.25","21,029.25","21,029.25","21,029.25","-","0.29%"
"10/11/1996","20,968.16","20,968.16","20,968.16","20,968.16","-","0.47%"
"10/09/1996","20,870.83","20,870.83","20,870.83","20,870.83","-","-0.80%"
"10/08/1996","21,038.53","21,038.53","21,038.53","21,038.53","-","-0.58%"
"10/07/1996","21,161.01","21,161.01","21,161.01","21,161.01","-","0.06%"
"10/04/1996","21,148.03","21,148.03","21,148.03","21,148.03","-","-0.86%"
"10/03/1996","21,331.50","21,331.50","21,331.50","21,331.50","-","-0.78%"
"10/02/1996","21,498.60","21,498.60","21,498.60","21,498.60","-","0.17%"
"10/01/1996","21,462.97","21,462.97","21,462.97","21,462.97","-","-0.43%"
"09/30/1996","21,556.40","21,556.40","21,556.40","21,556.40","-","0.04%"
"09/27/1996","21,547.02","21,547.02","21,547.02","21,547.02","-","0.40%"
"09/26/1996","21,461.37","21,461.37","21,461.37","21,461.37","-","0.52%"
"09/25/1996","21,350.67","21,350.67","21,350.67","21,350.67","-","0.84%"
"09/24/1996","21,171.99","21,171.99","21,171.99","21,171.99","-","0.28%"
"09/20/1996","21,112.24","21,112.24","21,112.24","21,112.24","-","-0.99%"
"09/19/1996","21,322.85","21,322.85","21,322.85","21,322.85","-","0.79%"
"09/18/1996","21,156.75","21,156.75","21,156.75","21,156.75","-","-0.72%"
"09/17/1996","21,310.59","21,310.59","21,310.59","21,310.59","-","2.25%"
"09/13/1996","20,842.64","20,842.64","20,842.64","20,842.64","-","1.95%"
"09/12/1996","20,443.93","20,443.93","20,443.93","20,443.93","-","-0.62%"
"09/11/1996","20,571.04","20,571.04","20,571.04","20,571.04","-","0.06%"
"09/10/1996","20,559.59","20,559.59","20,559.59","20,559.59","-","1.77%"
"09/09/1996","20,202.27","20,202.27","20,202.27","20,202.27","-","0.25%"
"09/06/1996","20,152.53","20,152.53","20,152.53","20,152.53","-","-1.12%"
"09/05/1996","20,379.82","20,379.82","20,379.82","20,379.82","-","0.88%"
"09/04/1996","20,201.87","20,201.87","20,201.87","20,201.87","-","0.02%"
"09/03/1996","20,198.15","20,198.15","20,198.15","20,198.15","-","0.45%"
"09/02/1996","20,107.11","20,107.11","20,107.11","20,107.11","-","-0.30%"
"08/30/1996","20,166.90","20,166.90","20,166.90","20,166.90","-","-1.88%"
"08/29/1996","20,553.16","20,553.16","20,553.16","20,553.16","-","-0.76%"
"08/28/1996","20,709.81","20,709.81","20,709.81","20,709.81","-","-0.96%"
"08/27/1996","20,910.27","20,910.27","20,910.27","20,910.27","-","0.13%"
"08/26/1996","20,883.74","20,883.74","20,883.74","20,883.74","-","-1.63%"
"08/23/1996","21,228.80","21,228.80","21,228.80","21,228.80","-","-0.63%"
"08/22/1996","21,363.24","21,363.24","21,363.24","21,363.24","-","0.41%"
"08/21/1996","21,275.02","21,275.02","21,275.02","21,275.02","-","0.70%"
"08/20/1996","21,127.01","21,127.01","21,127.01","21,127.01","-","0.10%"
"08/19/1996","21,106.41","21,106.41","21,106.41","21,106.41","-","1.31%"
"08/16/1996","20,834.00","20,834.00","20,834.00","20,834.00","-","-0.64%"
"08/15/1996","20,968.25","20,968.25","20,968.25","20,968.25","-","-0.06%"
"08/14/1996","20,981.11","20,981.11","20,981.11","20,981.11","-","0.56%"
"08/13/1996","20,864.95","20,864.95","20,864.95","20,864.95","-","0.96%"
"08/12/1996","20,666.60","20,666.60","20,666.60","20,666.60","-","0.56%"
"08/09/1996","20,551.05","20,551.05","20,551.05","20,551.05","-","-0.87%"
"08/08/1996","20,731.31","20,731.31","20,731.31","20,731.31","-","1.24%"
"08/07/1996","20,477.59","20,477.59","20,477.59","20,477.59","-","-1.29%"
"08/06/1996","20,744.88","20,744.88","20,744.88","20,744.88","-","-1.58%"
"08/05/1996","21,077.47","21,077.47","21,077.47","21,077.47","-","0.65%"
"08/02/1996","20,940.41","20,940.41","20,940.41","20,940.41","-","-0.21%"
"08/01/1996","20,984.83","20,984.83","20,984.83","20,984.83","-","1.41%"
"07/31/1996","20,692.83","20,692.83","20,692.83","20,692.83","-","-0.90%"
"07/30/1996","20,880.33","20,880.33","20,880.33","20,880.33","-","-0.42%"
"07/29/1996","20,967.54","20,967.54","20,967.54","20,967.54","-","-0.74%"
"07/26/1996","21,124.90","21,124.90","21,124.90","21,124.90","-","1.15%"
"07/25/1996","20,883.84","20,883.84","20,883.84","20,883.84","-","1.23%"
"07/24/1996","20,631.03","20,631.03","20,631.03","20,631.03","-","-2.52%"
"07/23/1996","21,163.69","21,163.69","21,163.69","21,163.69","-","0.75%"
"07/22/1996","21,005.63","21,005.63","21,005.63","21,005.63","-","-2.19%"
"07/19/1996","21,476.29","21,476.29","21,476.29","21,476.29","-","-0.42%"
"07/18/1996","21,566.42","21,566.42","21,566.42","21,566.42","-","0.72%"
"07/17/1996","21,412.88","21,412.88","21,412.88","21,412.88","-","0.03%"
"07/16/1996","21,406.35","21,406.35","21,406.35","21,406.35","-","-1.60%"
"07/15/1996","21,753.42","21,753.42","21,753.42","21,753.42","-","0.45%"
"07/12/1996","21,656.45","21,656.45","21,656.45","21,656.45","-","-1.08%"
"07/11/1996","21,892.58","21,892.58","21,892.58","21,892.58","-","0.52%"
"07/10/1996","21,778.94","21,778.94","21,778.94","21,778.94","-","-0.64%"
"07/09/1996","21,919.82","21,919.82","21,919.82","21,919.82","-","-0.02%"
"07/08/1996","21,924.94","21,924.94","21,924.94","21,924.94","-","-1.38%"
"07/05/1996","22,232.42","22,232.42","22,232.42","22,232.42","-","-0.27%"
"07/04/1996","22,292.91","22,292.91","22,292.91","22,292.91","-","-0.38%"
"07/03/1996","22,379.02","22,379.02","22,379.02","22,379.02","-","0.14%"
"07/02/1996","22,347.97","22,347.97","22,347.97","22,347.97","-","-0.48%"
"07/01/1996","22,455.49","22,455.49","22,455.49","22,455.49","-","-0.33%"
"06/28/1996","22,530.75","22,530.75","22,530.75","22,530.75","-","0.13%"
"06/27/1996","22,501.61","22,501.61","22,501.61","22,501.61","-","-0.73%"
"06/26/1996","22,666.80","22,666.80","22,666.80","22,666.80","-","0.31%"
"06/25/1996","22,597.17","22,597.17","22,597.17","22,597.17","-","-0.03%"
"06/24/1996","22,603.20","22,603.20","22,603.20","22,603.20","-","0.32%"
"06/21/1996","22,530.65","22,530.65","22,530.65","22,530.65","-","0.42%"
"06/20/1996","22,437.30","22,437.30","22,437.30","22,437.30","-","0.31%"
"06/19/1996","22,367.36","22,367.36","22,367.36","22,367.36","-","0.16%"
"06/18/1996","22,332.40","22,332.40","22,332.40","22,332.40","-","0.39%"
"06/17/1996","22,245.38","22,245.38","22,245.38","22,245.38","-","-0.20%"
"06/14/1996","22,289.39","22,289.39","22,289.39","22,289.39","-","0.94%"
"06/13/1996","22,082.40","22,082.40","22,082.40","22,082.40","-","-0.10%"
"06/12/1996","22,104.80","22,104.80","22,104.80","22,104.80","-","1.32%"
"06/11/1996","21,817.62","21,817.62","21,817.62","21,817.62","-","0.45%"
"06/10/1996","21,719.15","21,719.15","21,719.15","21,719.15","-","-0.15%"
"06/07/1996","21,751.81","21,751.81","21,751.81","21,751.81","-","-0.24%"
"06/06/1996","21,804.46","21,804.46","21,804.46","21,804.46","-","-0.35%"
"06/05/1996","21,881.43","21,881.43","21,881.43","21,881.43","-","0.11%"
"06/04/1996","21,858.12","21,858.12","21,858.12","21,858.12","-","1.25%"
"06/03/1996","21,588.52","21,588.52","21,588.52","21,588.52","-","-1.67%"
"05/31/1996","21,956.19","21,956.19","21,956.19","21,956.19","-","0.32%"
"05/30/1996","21,886.35","21,886.35","21,886.35","21,886.35","-","-0.61%"
"05/29/1996","22,021.50","22,021.50","22,021.50","22,021.50","-","0.35%"
"05/28/1996","21,944.53","21,944.53","21,944.53","21,944.53","-","1.13%"
"05/27/1996","21,699.76","21,699.76","21,699.76","21,699.76","-","-0.45%"
"05/24/1996","21,798.43","21,798.43","21,798.43","21,798.43","-","0.34%"
"05/23/1996","21,724.08","21,724.08","21,724.08","21,724.08","-","-1.07%"
"05/22/1996","21,958.00","21,958.00","21,958.00","21,958.00","-","-0.61%"
"05/21/1996","22,091.74","22,091.74","22,091.74","22,091.74","-","0.51%"
"05/20/1996","21,979.00","21,979.00","21,979.00","21,979.00","-","0.28%"
"05/17/1996","21,916.60","21,916.60","21,916.60","21,916.60","-","-1.04%"
"05/16/1996","22,147.21","22,147.21","22,147.21","22,147.21","-","0.41%"
"05/15/1996","22,055.97","22,055.97","22,055.97","22,055.97","-","3.54%"
"05/14/1996","21,301.05","21,301.05","21,301.05","21,301.05","-","0.61%"
"05/13/1996","21,171.82","21,171.82","21,171.82","21,171.82","-","-1.16%"
"05/10/1996","21,420.12","21,420.12","21,420.12","21,420.12","-","0.04%"
"05/09/1996","21,411.88","21,411.88","21,411.88","21,411.88","-","-1.46%"
"05/08/1996","21,728.60","21,728.60","21,728.60","21,728.60","-","1.09%"
"05/07/1996","21,495.20","21,495.20","21,495.20","21,495.20","-","-0.77%"
"05/02/1996","21,662.38","21,662.38","21,662.38","21,662.38","-","-0.70%"
"05/01/1996","21,815.01","21,815.01","21,815.01","21,815.01","-","-1.03%"
"04/30/1996","22,041.30","22,041.30","22,041.30","22,041.30","-","-0.87%"
"04/26/1996","22,235.03","22,235.03","22,235.03","22,235.03","-","0.02%"
"04/25/1996","22,230.10","22,230.10","22,230.10","22,230.10","-","-0.23%"
"04/24/1996","22,282.05","22,282.05","22,282.05","22,282.05","-","0.73%"
"04/23/1996","22,119.88","22,119.88","22,119.88","22,119.88","-","-0.02%"
"04/22/1996","22,123.89","22,123.89","22,123.89","22,123.89","-","1.10%"
"04/19/1996","21,883.84","21,883.84","21,883.84","21,883.84","-","0.33%"
"04/18/1996","21,812.50","21,812.50","21,812.50","21,812.50","-","-0.02%"
"04/17/1996","21,816.22","21,816.22","21,816.22","21,816.22","-","-0.24%"
"04/16/1996","21,868.17","21,868.17","21,868.17","21,868.17","-","-0.07%"
"04/15/1996","21,883.04","21,883.04","21,883.04","21,883.04","-","1.03%"
"04/12/1996","21,660.47","21,660.47","21,660.47","21,660.47","-","-0.16%"
"04/11/1996","21,694.43","21,694.43","21,694.43","21,694.43","-","-0.45%"
"04/10/1996","21,791.70","21,791.70","21,791.70","21,791.70","-","0.22%"
"04/09/1996","21,744.17","21,744.17","21,744.17","21,744.17","-","1.49%"
"04/08/1996","21,424.24","21,424.24","21,424.24","21,424.24","-","-1.25%"
"04/05/1996","21,695.84","21,695.84","21,695.84","21,695.84","-","1.05%"
"04/04/1996","21,471.16","21,471.16","21,471.16","21,471.16","-","0.03%"
"04/03/1996","21,464.73","21,464.73","21,464.73","21,464.73","-","-0.63%"
"04/02/1996","21,600.08","21,600.08","21,600.08","21,600.08","-","0.18%"
"04/01/1996","21,560.39","21,560.39","21,560.39","21,560.39","-","0.72%"
"03/29/1996","21,406.85","21,406.85","21,406.85","21,406.85","-","0.52%"
"03/28/1996","21,295.82","21,295.82","21,295.82","21,295.82","-","-0.16%"
"03/27/1996","21,329.98","21,329.98","21,329.98","21,329.98","-","1.50%"
"03/26/1996","21,014.77","21,014.77","21,014.77","21,014.77","-","0.47%"
"03/25/1996","20,915.44","20,915.44","20,915.44","20,915.44","-","1.04%"
"03/22/1996","20,700.92","20,700.92","20,700.92","20,700.92","-","-0.13%"
"03/21/1996","20,727.53","20,727.53","20,727.53","20,727.53","-","1.39%"
"03/19/1996","20,442.60","20,442.60","20,442.60","20,442.60","-","0.78%"
"03/18/1996","20,285.13","20,285.13","20,285.13","20,285.13","-","0.47%"
"03/15/1996","20,190.85","20,190.85","20,190.85","20,190.85","-","1.34%"
"03/14/1996","19,923.66","19,923.66","19,923.66","19,923.66","-","0.96%"
"03/13/1996","19,734.70","19,734.70","19,734.70","19,734.70","-","-1.08%"
"03/12/1996","19,950.27","19,950.27","19,950.27","19,950.27","-","0.78%"
"03/11/1996","19,796.29","19,796.29","19,796.29","19,796.29","-","-1.78%"
"03/08/1996","20,155.87","20,155.87","20,155.87","20,155.87","-","1.00%"
"03/07/1996","19,957.15","19,957.15","19,957.15","19,957.15","-","-1.40%"
"03/06/1996","20,241.18","20,241.18","20,241.18","20,241.18","-","0.28%"
"03/05/1996","20,183.87","20,183.87","20,183.87","20,183.87","-","0.60%"
"03/04/1996","20,063.88","20,063.88","20,063.88","20,063.88","-","-0.52%"
"03/01/1996","20,168.63","20,168.63","20,168.63","20,168.63","-","0.21%"
"02/29/1996","20,125.37","20,125.37","20,125.37","20,125.37","-","1.03%"
"02/28/1996","19,919.97","19,919.97","19,919.97","19,919.97","-","-0.40%"
"02/27/1996","20,000.40","20,000.40","20,000.40","20,000.40","-","-2.34%"
"02/26/1996","20,480.27","20,480.27","20,480.27","20,480.27","-","0.89%"
"02/23/1996","20,300.38","20,300.38","20,300.38","20,300.38","-","-0.20%"
"02/22/1996","20,340.94","20,340.94","20,340.94","20,340.94","-","-0.15%"
"02/21/1996","20,372.23","20,372.23","20,372.23","20,372.23","-","-1.37%"
"02/20/1996","20,655.67","20,655.67","20,655.67","20,655.67","-","-0.32%"
"02/19/1996","20,721.25","20,721.25","20,721.25","20,721.25","-","-0.39%"
"02/16/1996","20,802.77","20,802.77","20,802.77","20,802.77","-","-0.40%"
"02/15/1996","20,886.19","20,886.19","20,886.19","20,886.19","-","-0.27%"
"02/14/1996","20,943.59","20,943.59","20,943.59","20,943.59","-","0.77%"
"02/13/1996","20,784.23","20,784.23","20,784.23","20,784.23","-","-0.72%"
"02/09/1996","20,934.82","20,934.82","20,934.82","20,934.82","-","-0.87%"
"02/08/1996","21,118.30","21,118.30","21,118.30","21,118.30","-","0.83%"
"02/07/1996","20,943.49","20,943.49","20,943.49","20,943.49","-","0.93%"
"02/06/1996","20,751.15","20,751.15","20,751.15","20,751.15","-","0.47%"
"02/05/1996","20,653.38","20,653.38","20,653.38","20,653.38","-","-1.20%"
"02/02/1996","20,904.03","20,904.03","20,904.03","20,904.03","-","-0.15%"
"02/01/1996","20,935.12","20,935.12","20,935.12","20,935.12","-","0.59%"
"01/31/1996","20,812.74","20,812.74","20,812.74","20,812.74","-","0.44%"
"01/30/1996","20,722.44","20,722.44","20,722.44","20,722.44","-","0.65%"
"01/29/1996","20,589.20","20,589.20","20,589.20","20,589.20","-","-0.36%"
"01/26/1996","20,663.84","20,663.84","20,663.84","20,663.84","-","1.22%"
"01/25/1996","20,414.69","20,414.69","20,414.69","20,414.69","-","0.50%"
"01/24/1996","20,312.74","20,312.74","20,312.74","20,312.74","-","1.15%"
"01/23/1996","20,080.92","20,080.92","20,080.92","20,080.92","-","-0.57%"
"01/22/1996","20,196.53","20,196.53","20,196.53","20,196.53","-","-0.83%"
"01/19/1996","20,365.76","20,365.76","20,365.76","20,365.76","-","-0.02%"
"01/18/1996","20,370.04","20,370.04","20,370.04","20,370.04","-","-0.97%"
"01/17/1996","20,570.26","20,570.26","20,570.26","20,570.26","-","0.02%"
"01/16/1996","20,567.07","20,567.07","20,567.07","20,567.07","-","1.38%"
"01/12/1996","20,287.42","20,287.42","20,287.42","20,287.42","-","-0.44%"
"01/11/1996","20,377.92","20,377.92","20,377.92","20,377.92","-","-1.14%"
"01/10/1996","20,612.32","20,612.32","20,612.32","20,612.32","-","-0.19%"
"01/09/1996","20,652.08","20,652.08","20,652.08","20,652.08","-","0.43%"
"01/08/1996","20,563.58","20,563.58","20,563.58","20,563.58","-","-0.51%"
"01/05/1996","20,669.03","20,669.03","20,669.03","20,669.03","-","0.25%"
"01/04/1996","20,618.00","20,618.00","20,618.00","20,618.00","-","3.77%"
"12/29/1995","19,868.15","19,868.15","19,868.15","19,868.15","-","-0.03%"
"12/28/1995","19,873.13","19,873.13","19,873.13","19,873.13","-","-0.69%"
"12/27/1995","20,011.76","20,011.76","20,011.76","20,011.76","-","0.54%"
"12/26/1995","19,904.72","19,904.72","19,904.72","19,904.72","-","0.65%"
"12/25/1995","19,775.41","19,775.41","19,775.41","19,775.41","-","0.16%"
"12/22/1995","19,744.42","19,744.42","19,744.42","19,744.42","-","0.46%"
"12/21/1995","19,653.25","19,653.25","19,653.25","19,653.25","-","1.05%"
"12/20/1995","19,448.59","19,448.59","19,448.59","19,448.59","-","1.61%"
"12/19/1995","19,140.49","19,140.49","19,140.49","19,140.49","-","-0.88%"
"12/18/1995","19,311.08","19,311.08","19,311.08","19,311.08","-","-0.18%"
"12/15/1995","19,346.55","19,346.55","19,346.55","19,346.55","-","-0.78%"
"12/14/1995","19,499.30","19,499.30","19,499.30","19,499.30","-","1.12%"
"12/13/1995","19,283.48","19,283.48","19,283.48","19,283.48","-","-0.15%"
"12/12/1995","19,312.77","19,312.77","19,312.77","19,312.77","-","0.45%"
"12/11/1995","19,226.78","19,226.78","19,226.78","19,226.78","-","-0.31%"
"12/08/1995","19,286.97","19,286.97","19,286.97","19,286.97","-","-0.65%"
"12/07/1995","19,412.32","19,412.32","19,412.32","19,412.32","-","1.81%"
"12/06/1995","19,067.86","19,067.86","19,067.86","19,067.86","-","1.00%"
"12/05/1995","18,879.53","18,879.53","18,879.53","18,879.53","-","-0.09%"
"12/04/1995","18,897.37","18,897.37","18,897.37","18,897.37","-","0.34%"
"12/01/1995","18,833.10","18,833.10","18,833.10","18,833.10","-","0.47%"
"11/30/1995","18,744.42","18,744.42","18,744.42","18,744.42","-","1.14%"
"11/29/1995","18,533.98","18,533.98","18,533.98","18,533.98","-","-0.83%"
"11/28/1995","18,688.42","18,688.42","18,688.42","18,688.42","-","0.78%"
"11/27/1995","18,543.14","18,543.14","18,543.14","18,543.14","-","1.80%"
"11/24/1995","18,215.23","18,215.23","18,215.23","18,215.23","-","-0.13%"
"11/22/1995","18,239.84","18,239.84","18,239.84","18,239.84","-","-0.79%"
"11/21/1995","18,384.32","18,384.32","18,384.32","18,384.32","-","0.00%"
"11/20/1995","18,383.82","18,383.82","18,383.82","18,383.82","-","1.28%"
"11/17/1995","18,151.16","18,151.16","18,151.16","18,151.16","-","1.18%"
"11/16/1995","17,939.52","17,939.52","17,939.52","17,939.52","-","1.45%"
"11/15/1995","17,682.74","17,682.74","17,682.74","17,682.74","-","-0.67%"
"11/14/1995","17,802.51","17,802.51","17,802.51","17,802.51","-","0.07%"
"11/13/1995","17,789.46","17,789.46","17,789.46","17,789.46","-","-0.30%"
"11/10/1995","17,843.56","17,843.56","17,843.56","17,843.56","-","0.13%"
"11/09/1995","17,821.04","17,821.04","17,821.04","17,821.04","-","-0.24%"
"11/08/1995","17,863.29","17,863.29","17,863.29","17,863.29","-","-0.88%"
"11/07/1995","18,021.22","18,021.22","18,021.22","18,021.22","-","-0.09%"
"11/06/1995","18,036.97","18,036.97","18,036.97","18,036.97","-","0.05%"
"11/02/1995","18,028.80","18,028.80","18,028.80","18,028.80","-","3.17%"
"11/01/1995","17,474.49","17,474.49","17,474.49","17,474.49","-","-1.02%"
"10/31/1995","17,654.64","17,654.64","17,654.64","17,654.64","-","0.83%"
"10/30/1995","17,509.17","17,509.17","17,509.17","17,509.17","-","0.99%"
"10/27/1995","17,337.19","17,337.19","17,337.19","17,337.19","-","-2.20%"
"10/26/1995","17,726.68","17,726.68","17,726.68","17,726.68","-","-1.36%"
"10/25/1995","17,970.81","17,970.81","17,970.81","17,970.81","-","-0.24%"
"10/24/1995","18,014.25","18,014.25","18,014.25","18,014.25","-","-0.78%"
"10/23/1995","18,156.24","18,156.24","18,156.24","18,156.24","-","-0.01%"
"10/20/1995","18,157.33","18,157.33","18,157.33","18,157.33","-","1.12%"
"10/19/1995","17,955.36","17,955.36","17,955.36","17,955.36","-","0.33%"
"10/18/1995","17,895.97","17,895.97","17,895.97","17,895.97","-","-0.12%"
"10/17/1995","17,916.60","17,916.60","17,916.60","17,916.60","-","-0.55%"
"10/16/1995","18,016.44","18,016.44","18,016.44","18,016.44","-","0.76%"
"10/13/1995","17,880.83","17,880.83","17,880.83","17,880.83","-","-0.50%"
"10/12/1995","17,971.40","17,971.40","17,971.40","17,971.40","-","0.45%"
"10/11/1995","17,891.19","17,891.19","17,891.19","17,891.19","-","-1.57%"
"10/09/1995","18,176.27","18,176.27","18,176.27","18,176.27","-","-1.78%"
"10/06/1995","18,506.28","18,506.28","18,506.28","18,506.28","-","1.57%"
"10/05/1995","18,220.41","18,220.41","18,220.41","18,220.41","-","0.42%"
"10/04/1995","18,145.08","18,145.08","18,145.08","18,145.08","-","0.01%"
"10/03/1995","18,142.99","18,142.99","18,142.99","18,142.99","-","2.27%"
"10/02/1995","17,739.84","17,739.84","17,739.84","17,739.84","-","-0.97%"
"09/29/1995","17,913.06","17,913.06","17,913.06","17,913.06","-","-0.61%"
"09/28/1995","18,022.86","18,022.86","18,022.86","18,022.86","-","-1.31%"
"09/27/1995","18,262.43","18,262.43","18,262.43","18,262.43","-","1.90%"
"09/26/1995","17,921.98","17,921.98","17,921.98","17,921.98","-","2.02%"
"09/25/1995","17,566.43","17,566.43","17,566.43","17,566.43","-","-0.83%"
"09/22/1995","17,713.93","17,713.93","17,713.93","17,713.93","-","-1.78%"
"09/21/1995","18,034.79","18,034.79","18,034.79","18,034.79","-","-0.90%"
"09/20/1995","18,198.64","18,198.64","18,198.64","18,198.64","-","-1.49%"
"09/19/1995","18,474.38","18,474.38","18,474.38","18,474.38","-","0.85%"
"09/18/1995","18,319.16","18,319.16","18,319.16","18,319.16","-","-2.34%"
"09/14/1995","18,758.55","18,758.55","18,758.55","18,758.55","-","0.78%"
"09/13/1995","18,614.26","18,614.26","18,614.26","18,614.26","-","0.77%"
"09/12/1995","18,472.17","18,472.17","18,472.17","18,472.17","-","-0.08%"
"09/11/1995","18,486.11","18,486.11","18,486.11","18,486.11","-","1.13%"
"09/08/1995","18,279.55","18,279.55","18,279.55","18,279.55","-","3.74%"
"09/07/1995","17,621.18","17,621.18","17,621.18","17,621.18","-","0.00%"
"09/06/1995","17,620.38","17,620.38","17,620.38","17,620.38","-","-0.98%"
"09/05/1995","17,794.04","17,794.04","17,794.04","17,794.04","-","0.26%"
"09/04/1995","17,748.52","17,748.52","17,748.52","17,748.52","-","-2.05%"
"09/01/1995","18,120.73","18,120.73","18,120.73","18,120.73","-","0.02%"
"08/31/1995","18,117.22","18,117.22","18,117.22","18,117.22","-","0.74%"
"08/30/1995","17,983.86","17,983.86","17,983.86","17,983.86","-","-0.83%"
"08/29/1995","18,135.16","18,135.16","18,135.16","18,135.16","-","1.61%"
"08/28/1995","17,847.29","17,847.29","17,847.29","17,847.29","-","0.43%"
"08/25/1995","17,770.68","17,770.68","17,770.68","17,770.68","-","-0.84%"
"08/24/1995","17,921.99","17,921.99","17,921.99","17,921.99","-","1.07%"
"08/23/1995","17,731.98","17,731.98","17,731.98","17,731.98","-","-0.82%"
"08/22/1995","17,877.77","17,877.77","17,877.77","17,877.77","-","0.04%"
"08/21/1995","17,871.05","17,871.05","17,871.05","17,871.05","-","-0.90%"
"08/18/1995","18,032.49","18,032.49","18,032.49","18,032.49","-","-0.65%"
"08/17/1995","18,149.70","18,149.70","18,149.70","18,149.70","-","-0.05%"
"08/16/1995","18,158.73","18,158.73","18,158.73","18,158.73","-","4.05%"
"08/15/1995","17,452.72","17,452.72","17,452.72","17,452.72","-","3.17%"
"08/14/1995","16,916.57","16,916.57","16,916.57","16,916.57","-","0.74%"
"08/11/1995","16,792.34","16,792.34","16,792.34","16,792.34","-","0.38%"
"08/10/1995","16,728.97","16,728.97","16,728.97","16,728.97","-","-0.36%"
"08/09/1995","16,789.33","16,789.33","16,789.33","16,789.33","-","-0.29%"
"08/08/1995","16,838.97","16,838.97","16,838.97","16,838.97","-","1.35%"
"08/07/1995","16,615.46","16,615.46","16,615.46","16,615.46","-","-0.75%"
"08/04/1995","16,741.20","16,741.20","16,741.20","16,741.20","-","-0.90%"
"08/03/1995","16,893.71","16,893.71","16,893.71","16,893.71","-","1.03%"
"08/02/1995","16,720.75","16,720.75","16,720.75","16,720.75","-","2.21%"
"08/01/1995","16,358.57","16,358.57","16,358.57","16,358.57","-","-1.91%"
"07/31/1995","16,677.53","16,677.53","16,677.53","16,677.53","-","0.17%"
"07/28/1995","16,649.45","16,649.45","16,649.45","16,649.45","-","0.15%"
"07/27/1995","16,625.19","16,625.19","16,625.19","16,625.19","-","1.45%"
"07/26/1995","16,387.25","16,387.25","16,387.25","16,387.25","-","1.48%"
"07/25/1995","16,148.40","16,148.40","16,148.40","16,148.40","-","-2.67%"
"07/24/1995","16,591.50","16,591.50","16,591.50","16,591.50","-","0.01%"
"07/21/1995","16,589.09","16,589.09","16,589.09","16,589.09","-","0.82%"
"07/20/1995","16,453.42","16,453.42","16,453.42","16,453.42","-","0.19%"
"07/19/1995","16,422.44","16,422.44","16,422.44","16,422.44","-","-0.92%"
"07/18/1995","16,574.35","16,574.35","16,574.35","16,574.35","-","-1.59%"
"07/17/1995","16,842.47","16,842.47","16,842.47","16,842.47","-","1.97%"
"07/14/1995","16,517.70","16,517.70","16,517.70","16,517.70","-","0.07%"
"07/13/1995","16,505.67","16,505.67","16,505.67","16,505.67","-","-0.60%"
"07/12/1995","16,605.74","16,605.74","16,605.74","16,605.74","-","0.11%"
"07/11/1995","16,588.19","16,588.19","16,588.19","16,588.19","-","2.13%"
"07/10/1995","16,242.66","16,242.66","16,242.66","16,242.66","-","0.18%"
"07/07/1995","16,213.08","16,213.08","16,213.08","16,213.08","-","6.27%"
"07/06/1995","15,256.89","15,256.89","15,256.89","15,256.89","-","2.88%"
"07/05/1995","14,830.44","14,830.44","14,830.44","14,830.44","-","0.51%"
"07/04/1995","14,755.74","14,755.74","14,755.74","14,755.74","-","1.87%"
"07/03/1995","14,485.41","14,485.41","14,485.41","14,485.41","-","-0.22%"
"06/30/1995","14,517.40","14,517.40","14,517.40","14,517.40","-","0.07%"
"06/29/1995","14,507.17","14,507.17","14,507.17","14,507.17","-","-0.76%"
"06/28/1995","14,618.07","14,618.07","14,618.07","14,618.07","-","-0.96%"
"06/27/1995","14,759.05","14,759.05","14,759.05","14,759.05","-","-2.55%"
"06/26/1995","15,145.36","15,145.36","15,145.36","15,145.36","-","-0.78%"
"06/23/1995","15,265.18","15,265.18","15,265.18","15,265.18","-","2.27%"
"06/22/1995","14,926.37","14,926.37","14,926.37","14,926.37","-","-0.17%"
"06/21/1995","14,951.21","14,951.21","14,951.21","14,951.21","-","1.95%"
"06/20/1995","14,665.70","14,665.70","14,665.70","14,665.70","-","-0.23%"
"06/19/1995","14,700.06","14,700.06","14,700.06","14,700.06","-","-0.02%"
"06/16/1995","14,703.17","14,703.17","14,703.17","14,703.17","-","-1.10%"
"06/15/1995","14,867.26","14,867.26","14,867.26","14,867.26","-","1.41%"
"06/14/1995","14,660.49","14,660.49","14,660.49","14,660.49","-","0.42%"
"06/13/1995","14,599.68","14,599.68","14,599.68","14,599.68","-","-1.44%"
"06/12/1995","14,813.46","14,813.46","14,813.46","14,813.46","-","-1.53%"
"06/09/1995","15,044.18","15,044.18","15,044.18","15,044.18","-","-2.58%"
"06/08/1995","15,442.30","15,442.30","15,442.30","15,442.30","-","-1.51%"
"06/07/1995","15,679.62","15,679.62","15,679.62","15,679.62","-","0.12%"
"06/06/1995","15,660.99","15,660.99","15,660.99","15,660.99","-","-1.49%"
"06/05/1995","15,897.32","15,897.32","15,897.32","15,897.32","-","0.30%"
"06/02/1995","15,849.13","15,849.13","15,849.13","15,849.13","-","1.63%"
"06/01/1995","15,594.57","15,594.57","15,594.57","15,594.57","-","1.02%"
"05/31/1995","15,436.79","15,436.79","15,436.79","15,436.79","-","-2.07%"
"05/30/1995","15,762.97","15,762.97","15,762.97","15,762.97","-","1.21%"
"05/29/1995","15,574.03","15,574.03","15,574.03","15,574.03","-","-0.77%"
"05/26/1995","15,694.25","15,694.25","15,694.25","15,694.25","-","0.74%"
"05/25/1995","15,579.44","15,579.44","15,579.44","15,579.44","-","-2.45%"
"05/24/1995","15,970.75","15,970.75","15,970.75","15,970.75","-","0.34%"
"05/23/1995","15,916.15","15,916.15","15,916.15","15,916.15","-","0.80%"
"05/22/1995","15,789.12","15,789.12","15,789.12","15,789.12","-","-2.18%"
"05/19/1995","16,140.85","16,140.85","16,140.85","16,140.85","-","-1.05%"
"05/18/1995","16,312.56","16,312.56","16,312.56","16,312.56","-","-0.96%"
"05/17/1995","16,471.35","16,471.35","16,471.35","16,471.35","-","0.50%"
"05/16/1995","16,388.90","16,388.90","16,388.90","16,388.90","-","-1.33%"
"05/15/1995","16,609.70","16,609.70","16,609.70","16,609.70","-","1.15%"
"05/12/1995","16,420.79","16,420.79","16,420.79","16,420.79","-","-0.25%"
"05/11/1995","16,461.73","16,461.73","16,461.73","16,461.73","-","-2.17%"
"05/10/1995","16,826.49","16,826.49","16,826.49","16,826.49","-","-0.78%"
"05/09/1995","16,958.22","16,958.22","16,958.22","16,958.22","-","-0.85%"
"05/08/1995","17,103.69","17,103.69","17,103.69","17,103.69","-","0.09%"
"05/02/1995","17,088.66","17,088.66","17,088.66","17,088.66","-","1.65%"
"05/01/1995","16,811.46","16,811.46","16,811.46","16,811.46","-","0.03%"
"04/28/1995","16,806.75","16,806.75","16,806.75","16,806.75","-","-0.46%"
"04/27/1995","16,883.99","16,883.99","16,883.99","16,883.99","-","0.34%"
"04/26/1995","16,826.49","16,826.49","16,826.49","16,826.49","-","-0.50%"
"04/25/1995","16,910.54","16,910.54","16,910.54","16,910.54","-","0.63%"
"04/24/1995","16,804.05","16,804.05","16,804.05","16,804.05","-","-0.97%"
"04/21/1995","16,968.24","16,968.24","16,968.24","16,968.24","-","1.95%"
"04/20/1995","16,643.06","16,643.06","16,643.06","16,643.06","-","1.63%"
"04/19/1995","16,376.08","16,376.08","16,376.08","16,376.08","-","0.93%"
"04/18/1995","16,225.11","16,225.11","16,225.11","16,225.11","-","-0.48%"
"04/17/1995","16,304.15","16,304.15","16,304.15","16,304.15","-","1.60%"
"04/14/1995","16,047.89","16,047.89","16,047.89","16,047.89","-","-2.38%"
"04/13/1995","16,438.79","16,438.79","16,438.79","16,438.79","-","0.57%"
"04/12/1995","16,344.92","16,344.92","16,344.92","16,344.92","-","0.47%"
"04/11/1995","16,268.88","16,268.88","16,268.88","16,268.88","-","0.65%"
"04/10/1995","16,163.09","16,163.09","16,163.09","16,163.09","-","2.82%"
"04/07/1995","15,719.50","15,719.50","15,719.50","15,719.50","-","-0.61%"
"04/06/1995","15,815.87","15,815.87","15,815.87","15,815.87","-","-0.42%"
"04/05/1995","15,882.49","15,882.49","15,882.49","15,882.49","-","1.61%"
"04/04/1995","15,630.53","15,630.53","15,630.53","15,630.53","-","1.62%"
"04/03/1995","15,381.29","15,381.29","15,381.29","15,381.29","-","-4.70%"
"03/31/1995","16,139.95","16,139.95","16,139.95","16,139.95","-","-2.25%"
"03/30/1995","16,512.22","16,512.22","16,512.22","16,512.22","-","0.31%"
"03/29/1995","16,460.73","16,460.73","16,460.73","16,460.73","-","-1.32%"
"03/28/1995","16,681.73","16,681.73","16,681.73","16,681.73","-","3.64%"
"03/27/1995","16,096.25","16,096.25","16,096.25","16,096.25","-","2.20%"
"03/24/1995","15,749.77","15,749.77","15,749.77","15,749.77","-","-0.40%"
"03/23/1995","15,813.41","15,813.41","15,813.41","15,813.41","-","-0.57%"
"03/22/1995","15,904.85","15,904.85","15,904.85","15,904.85","-","-1.40%"
"03/20/1995","16,129.96","16,129.96","16,129.96","16,129.96","-","-0.75%"
"03/17/1995","16,251.23","16,251.23","16,251.23","16,251.23","-","-0.64%"
"03/16/1995","16,355.68","16,355.68","16,355.68","16,355.68","-","-1.87%"
"03/15/1995","16,666.83","16,666.83","16,666.83","16,666.83","-","2.59%"
"03/14/1995","16,245.82","16,245.82","16,245.82","16,245.82","-","-1.41%"
"03/13/1995","16,477.64","16,477.64","16,477.64","16,477.64","-","0.73%"
"03/10/1995","16,358.38","16,358.38","16,358.38","16,358.38","-","-2.41%"
"03/09/1995","16,763.08","16,763.08","16,763.08","16,763.08","-","0.85%"
"03/08/1995","16,621.31","16,621.31","16,621.31","16,621.31","-","-1.97%"
"03/07/1995","16,955.28","16,955.28","16,955.28","16,955.28","-","-0.50%"
"03/06/1995","17,040.72","17,040.72","17,040.72","17,040.72","-","0.01%"
"03/03/1995","17,039.62","17,039.62","17,039.62","17,039.62","-","0.45%"
"03/02/1995","16,963.18","16,963.18","16,963.18","16,963.18","-","2.07%"
"03/01/1995","16,618.71","16,618.71","16,618.71","16,618.71","-","-2.55%"
"02/28/1995","17,053.43","17,053.43","17,053.43","17,053.43","-","1.46%"
"02/27/1995","16,808.70","16,808.70","16,808.70","16,808.70","-","-3.80%"
"02/24/1995","17,472.94","17,472.94","17,472.94","17,472.94","-","-2.00%"
"02/23/1995","17,830.02","17,830.02","17,830.02","17,830.02","-","-1.53%"
"02/22/1995","18,106.65","18,106.65","18,106.65","18,106.65","-","0.06%"
"02/21/1995","18,096.25","18,096.25","18,096.25","18,096.25","-","0.78%"
"02/20/1995","17,956.48","17,956.48","17,956.48","17,956.48","-","-0.36%"
"02/17/1995","18,020.51","18,020.51","18,020.51","18,020.51","-","1.35%"
"02/16/1995","17,780.59","17,780.59","17,780.59","17,780.59","-","-1.17%"
"02/15/1995","17,991.00","17,991.00","17,991.00","17,991.00","-","-0.81%"
"02/14/1995","18,138.47","18,138.47","18,138.47","18,138.47","-","-0.96%"
"02/13/1995","18,313.86","18,313.86","18,313.86","18,313.86","-","0.12%"
"02/10/1995","18,291.35","18,291.35","18,291.35","18,291.35","-","1.06%"
"02/09/1995","18,099.55","18,099.55","18,099.55","18,099.55","-","-1.04%"
"02/08/1995","18,290.25","18,290.25","18,290.25","18,290.25","-","-1.14%"
"02/07/1995","18,500.55","18,500.55","18,500.55","18,500.55","-","-0.89%"
"02/06/1995","18,667.23","18,667.23","18,667.23","18,667.23","-","0.69%"
"02/03/1995","18,538.97","18,538.97","18,538.97","18,538.97","-","-0.35%"
"02/02/1995","18,604.30","18,604.30","18,604.30","18,604.30","-","-0.72%"
"02/01/1995","18,739.47","18,739.47","18,739.47","18,739.47","-","0.48%"
"01/31/1995","18,649.82","18,649.82","18,649.82","18,649.82","-","-0.55%"
"01/30/1995","18,752.88","18,752.88","18,752.88","18,752.88","-","3.58%"
"01/27/1995","18,104.35","18,104.35","18,104.35","18,104.35","-","0.19%"
"01/26/1995","18,070.84","18,070.84","18,070.84","18,070.84","-","-0.49%"
"01/25/1995","18,159.48","18,159.48","18,159.48","18,159.48","-","0.55%"
"01/24/1995","18,060.73","18,060.73","18,060.73","18,060.73","-","1.55%"
"01/23/1995","17,785.49","17,785.49","17,785.49","17,785.49","-","-5.60%"
"01/20/1995","18,840.22","18,840.22","18,840.22","18,840.22","-","-1.23%"
"01/19/1995","19,075.74","19,075.74","19,075.74","19,075.74","-","-0.77%"
"01/18/1995","19,223.31","19,223.31","19,223.31","19,223.31","-","-0.09%"
"01/17/1995","19,241.32","19,241.32","19,241.32","19,241.32","-","-0.46%"
"01/13/1995","19,331.17","19,331.17","19,331.17","19,331.17","-","-0.41%"
"01/12/1995","19,410.01","19,410.01","19,410.01","19,410.01","-","-0.71%"
"01/11/1995","19,548.47","19,548.47","19,548.47","19,548.47","-","0.24%"
"01/10/1995","19,501.45","19,501.45","19,501.45","19,501.45","-","0.29%"
"01/09/1995","19,444.92","19,444.92","19,444.92","19,444.92","-","-0.38%"
"01/06/1995","19,519.46","19,519.46","19,519.46","19,519.46","-","-0.49%"
"01/05/1995","19,616.11","19,616.11","19,616.11","19,616.11","-","-0.35%"
"01/04/1995","19,684.04","19,684.04","19,684.04","19,684.04","-","-0.20%"
"12/30/1994","19,723.06","19,723.06","19,723.06","19,723.06","-","-0.15%"
"12/29/1994","19,752.98","19,752.98","19,752.98","19,752.98","-","0.44%"
"12/28/1994","19,665.53","19,665.53","19,665.53","19,665.53","-","-0.23%"
"12/27/1994","19,711.36","19,711.36","19,711.36","19,711.36","-","-0.08%"
"12/26/1994","19,726.75","19,726.75","19,726.75","19,726.75","-","0.47%"
"12/22/1994","19,633.53","19,633.53","19,633.53","19,633.53","-","1.51%"
"12/21/1994","19,340.67","19,340.67","19,340.67","19,340.67","-","-0.34%"
"12/20/1994","19,406.98","19,406.98","19,406.98","19,406.98","-","0.71%"
"12/19/1994","19,270.85","19,270.85","19,270.85","19,270.85","-","0.56%"
"12/16/1994","19,163.43","19,163.43","19,163.43","19,163.43","-","0.22%"
"12/15/1994","19,121.12","19,121.12","19,121.12","19,121.12","-","1.00%"
"12/14/1994","18,931.49","18,931.49","18,931.49","18,931.49","-","0.30%"
"12/13/1994","18,875.48","18,875.48","18,875.48","18,875.48","-","-0.53%"
"12/12/1994","18,975.10","18,975.10","18,975.10","18,975.10","-","-0.02%"
"12/09/1994","18,978.30","18,978.30","18,978.30","18,978.30","-","-1.05%"
"12/08/1994","19,180.04","19,180.04","19,180.04","19,180.04","-","0.03%"
"12/07/1994","19,174.23","19,174.23","19,174.23","19,174.23","-","-0.86%"
"12/06/1994","19,340.47","19,340.47","19,340.47","19,340.47","-","0.18%"
"12/05/1994","19,305.66","19,305.66","19,305.66","19,305.66","-","1.62%"
"12/02/1994","18,998.30","18,998.30","18,998.30","18,998.30","-","-0.08%"
"12/01/1994","19,013.60","19,013.60","19,013.60","19,013.60","-","-0.33%"
"11/30/1994","19,075.62","19,075.62","19,075.62","19,075.62","-","0.79%"
"11/29/1994","18,926.49","18,926.49","18,926.49","18,926.49","-","0.61%"
"11/28/1994","18,811.36","18,811.36","18,811.36","18,811.36","-","0.77%"
"11/25/1994","18,666.93","18,666.93","18,666.93","18,666.93","-","-0.18%"
"11/24/1994","18,701.24","18,701.24","18,701.24","18,701.24","-","-1.38%"
"11/22/1994","18,962.99","18,962.99","18,962.99","18,962.99","-","-0.83%"
"11/21/1994","19,121.72","19,121.72","19,121.72","19,121.72","-","-0.94%"
"11/18/1994","19,302.56","19,302.56","19,302.56","19,302.56","-","-0.18%"
"11/17/1994","19,336.57","19,336.57","19,336.57","19,336.57","-","0.15%"
"11/16/1994","19,306.66","19,306.66","19,306.66","19,306.66","-","-0.44%"
"11/15/1994","19,391.68","19,391.68","19,391.68","19,391.68","-","0.68%"
"11/14/1994","19,261.45","19,261.45","19,261.45","19,261.45","-","-0.12%"
"11/11/1994","19,284.36","19,284.36","19,284.36","19,284.36","-","0.10%"
"11/10/1994","19,264.85","19,264.85","19,264.85","19,264.85","-","-0.82%"
"11/09/1994","19,423.88","19,423.88","19,423.88","19,423.88","-","-0.94%"
"11/08/1994","19,609.02","19,609.02","19,609.02","19,609.02","-","-0.05%"
"11/07/1994","19,619.22","19,619.22","19,619.22","19,619.22","-","-0.97%"
"11/04/1994","19,811.56","19,811.56","19,811.56","19,811.56","-","0.31%"
"11/02/1994","19,750.65","19,750.65","19,750.65","19,750.65","-","-0.83%"
"11/01/1994","19,916.48","19,916.48","19,916.48","19,916.48","-","-0.37%"
"10/31/1994","19,989.60","19,989.60","19,989.60","19,989.60","-","0.93%"
"10/28/1994","19,805.16","19,805.16","19,805.16","19,805.16","-","0.04%"
"10/27/1994","19,796.36","19,796.36","19,796.36","19,796.36","-","0.25%"
"10/26/1994","19,746.35","19,746.35","19,746.35","19,746.35","-","0.07%"
"10/25/1994","19,732.15","19,732.15","19,732.15","19,732.15","-","-0.61%"
"10/24/1994","19,852.37","19,852.37","19,852.37","19,852.37","-","-0.23%"
"10/21/1994","19,899.08","19,899.08","19,899.08","19,899.08","-","-0.46%"
"10/20/1994","19,991.90","19,991.90","19,991.90","19,991.90","-","0.62%"
"10/19/1994","19,868.87","19,868.87","19,868.87","19,868.87","-","-0.62%"
"10/18/1994","19,992.40","19,992.40","19,992.40","19,992.40","-","0.17%"
"10/17/1994","19,958.29","19,958.29","19,958.29","19,958.29","-","-0.06%"
"10/14/1994","19,969.29","19,969.29","19,969.29","19,969.29","-","-0.89%"
"10/13/1994","20,148.83","20,148.83","20,148.83","20,148.83","-","0.29%"
"10/12/1994","20,089.72","20,089.72","20,089.72","20,089.72","-","1.35%"
"10/11/1994","19,821.46","19,821.46","19,821.46","19,821.46","-","0.39%"
"10/07/1994","19,744.75","19,744.75","19,744.75","19,744.75","-","0.46%"
"10/06/1994","19,655.23","19,655.23","19,655.23","19,655.23","-","-0.49%"
"10/05/1994","19,751.55","19,751.55","19,751.55","19,751.55","-","0.93%"
"10/04/1994","19,568.61","19,568.61","19,568.61","19,568.61","-","-0.41%"
"10/03/1994","19,650.03","19,650.03","19,650.03","19,650.03","-","0.44%"
"09/30/1994","19,563.81","19,563.81","19,563.81","19,563.81","-","-0.26%"
"09/29/1994","19,615.12","19,615.12","19,615.12","19,615.12","-","0.55%"
"09/28/1994","19,507.60","19,507.60","19,507.60","19,507.60","-","0.20%"
"09/27/1994","19,468.89","19,468.89","19,468.89","19,468.89","-","-1.74%"
"09/26/1994","19,814.36","19,814.36","19,814.36","19,814.36","-","-0.10%"
"09/22/1994","19,833.67","19,833.67","19,833.67","19,833.67","-","-0.26%"
"09/21/1994","19,885.38","19,885.38","19,885.38","19,885.38","-","0.24%"
"09/20/1994","19,837.27","19,837.27","19,837.27","19,837.27","-","1.45%"
"09/19/1994","19,554.11","19,554.11","19,554.11","19,554.11","-","-1.22%"
"09/16/1994","19,796.26","19,796.26","19,796.26","19,796.26","-","-0.62%"
"09/15/1994","19,919.38","19,919.38","19,919.38","19,919.38","-","0.00%"
"09/14/1994","19,919.38","19,919.38","19,919.38","19,919.38","-","-0.63%"
"09/13/1994","20,046.11","20,046.11","20,046.11","20,046.11","-","0.65%"
"09/12/1994","19,917.28","19,917.28","19,917.28","19,917.28","-","0.10%"
"09/09/1994","19,897.88","19,897.88","19,897.88","19,897.88","-","-0.10%"
"09/08/1994","19,917.78","19,917.78","19,917.78","19,917.78","-","-0.53%"
"09/07/1994","20,023.80","20,023.80","20,023.80","20,023.80","-","-1.82%"
"09/06/1994","20,393.98","20,393.98","20,393.98","20,393.98","-","-0.07%"
"09/05/1994","20,409.18","20,409.18","20,409.18","20,409.18","-","-1.18%"
"09/02/1994","20,653.83","20,653.83","20,653.83","20,653.83","-","0.05%"
"09/01/1994","20,642.93","20,642.93","20,642.93","20,642.93","-","0.07%"
"08/31/1994","20,628.53","20,628.53","20,628.53","20,628.53","-","0.18%"
"08/30/1994","20,592.12","20,592.12","20,592.12","20,592.12","-","-0.04%"
"08/29/1994","20,600.42","20,600.42","20,600.42","20,600.42","-","0.63%"
"08/26/1994","20,471.49","20,471.49","20,471.49","20,471.49","-","0.14%"
"08/25/1994","20,443.29","20,443.29","20,443.29","20,443.29","-","-0.33%"
"08/24/1994","20,511.60","20,511.60","20,511.60","20,511.60","-","0.64%"
"08/23/1994","20,380.78","20,380.78","20,380.78","20,380.78","-","-0.07%"
"08/22/1994","20,394.58","20,394.58","20,394.58","20,394.58","-","-0.58%"
"08/19/1994","20,512.70","20,512.70","20,512.70","20,512.70","-","-1.68%"
"08/18/1994","20,862.77","20,862.77","20,862.77","20,862.77","-","0.18%"
"08/17/1994","20,824.56","20,824.56","20,824.56","20,824.56","-","0.18%"
"08/16/1994","20,786.36","20,786.36","20,786.36","20,786.36","-","0.78%"
"08/15/1994","20,626.33","20,626.33","20,626.33","20,626.33","-","-0.18%"
"08/12/1994","20,663.83","20,663.83","20,663.83","20,663.83","-","-0.76%"
"08/11/1994","20,821.36","20,821.36","20,821.36","20,821.36","-","0.25%"
"08/10/1994","20,770.25","20,770.25","20,770.25","20,770.25","-","0.87%"
"08/09/1994","20,590.22","20,590.22","20,590.22","20,590.22","-","-0.22%"
"08/08/1994","20,635.83","20,635.83","20,635.83","20,635.83","-","0.56%"
"08/05/1994","20,521.70","20,521.70","20,521.70","20,521.70","-","-0.75%"
"08/04/1994","20,676.84","20,676.84","20,676.84","20,676.84","-","0.21%"
"08/03/1994","20,632.73","20,632.73","20,632.73","20,632.73","-","-0.13%"
"08/02/1994","20,660.13","20,660.13","20,660.13","20,660.13","-","1.92%"
"08/01/1994","20,271.35","20,271.35","20,271.35","20,271.35","-","-0.87%"
"07/29/1994","20,449.39","20,449.39","20,449.39","20,449.39","-","1.00%"
"07/28/1994","20,247.85","20,247.85","20,247.85","20,247.85","-","0.55%"
"07/27/1994","20,137.23","20,137.23","20,137.23","20,137.23","-","-1.02%"
"07/26/1994","20,345.37","20,345.37","20,345.37","20,345.37","-","0.24%"
"07/25/1994","20,297.66","20,297.66","20,297.66","20,297.66","-","-0.81%"
"07/22/1994","20,462.89","20,462.89","20,462.89","20,462.89","-","-0.78%"
"07/21/1994","20,622.92","20,622.92","20,622.92","20,622.92","-","-0.76%"
"07/20/1994","20,780.76","20,780.76","20,780.76","20,780.76","-","0.03%"
"07/19/1994","20,775.16","20,775.16","20,775.16","20,775.16","-","0.28%"
"07/18/1994","20,717.64","20,717.64","20,717.64","20,717.64","-","-0.25%"
"07/15/1994","20,770.15","20,770.15","20,770.15","20,770.15","-","0.25%"
"07/14/1994","20,718.04","20,718.04","20,718.04","20,718.04","-","0.86%"
"07/13/1994","20,540.41","20,540.41","20,540.41","20,540.41","-","0.69%"
"07/12/1994","20,400.48","20,400.48","20,400.48","20,400.48","-","-0.35%"
"07/11/1994","20,473.09","20,473.09","20,473.09","20,473.09","-","-0.26%"
"07/08/1994","20,526.51","20,526.51","20,526.51","20,526.51","-","-0.45%"
"07/07/1994","20,620.02","20,620.02","20,620.02","20,620.02","-","-0.04%"
"07/06/1994","20,629.03","20,629.03","20,629.03","20,629.03","-","-0.99%"
"07/05/1994","20,834.37","20,834.37","20,834.37","20,834.37","-","0.98%"
"07/04/1994","20,631.93","20,631.93","20,631.93","20,631.93","-","0.43%"
"07/01/1994","20,543.41","20,543.41","20,543.41","20,543.41","-","-0.49%"
"06/30/1994","20,643.93","20,643.93","20,643.93","20,643.93","-","0.80%"
"06/29/1994","20,481.00","20,481.00","20,481.00","20,481.00","-","-0.77%"
"06/28/1994","20,639.23","20,639.23","20,639.23","20,639.23","-","1.67%"
"06/27/1994","20,300.96","20,300.96","20,300.96","20,300.96","-","-2.24%"
"06/24/1994","20,766.75","20,766.75","20,766.75","20,766.75","-","-1.30%"
"06/23/1994","21,040.21","21,040.21","21,040.21","21,040.21","-","2.23%"
"06/22/1994","20,581.32","20,581.32","20,581.32","20,581.32","-","-1.11%"
"06/21/1994","20,813.16","20,813.16","20,813.16","20,813.16","-","-1.60%"
"06/20/1994","21,152.03","21,152.03","21,152.03","21,152.03","-","-1.63%"
"06/17/1994","21,503.30","21,503.30","21,503.30","21,503.30","-","0.64%"
"06/16/1994","21,367.47","21,367.47","21,367.47","21,367.47","-","0.40%"
"06/15/1994","21,282.96","21,282.96","21,282.96","21,282.96","-","-0.33%"
"06/14/1994","21,353.97","21,353.97","21,353.97","21,353.97","-","-0.92%"
"06/13/1994","21,552.81","21,552.81","21,552.81","21,552.81","-","0.74%"
"06/10/1994","21,395.18","21,395.18","21,395.18","21,395.18","-","-0.04%"
"06/09/1994","21,402.78","21,402.78","21,402.78","21,402.78","-","0.66%"
"06/08/1994","21,261.95","21,261.95","21,261.95","21,261.95","-","1.04%"
"06/07/1994","21,042.71","21,042.71","21,042.71","21,042.71","-","1.52%"
"06/06/1994","20,726.65","20,726.65","20,726.65","20,726.65","-","-1.09%"
"06/03/1994","20,954.19","20,954.19","20,954.19","20,954.19","-","-0.26%"
"06/02/1994","21,009.00","21,009.00","21,009.00","21,009.00","-","-0.21%"
"06/01/1994","21,053.11","21,053.11","21,053.11","21,053.11","-","0.38%"
"05/31/1994","20,973.59","20,973.59","20,973.59","20,973.59","-","0.65%"
"05/30/1994","20,838.97","20,838.97","20,838.97","20,838.97","-","0.30%"
"05/27/1994","20,777.15","20,777.15","20,777.15","20,777.15","-","1.37%"
"05/26/1994","20,495.80","20,495.80","20,495.80","20,495.80","-","-0.81%"
"05/25/1994","20,663.63","20,663.63","20,663.63","20,663.63","-","0.20%"
"05/24/1994","20,622.12","20,622.12","20,622.12","20,622.12","-","0.26%"
"05/23/1994","20,568.71","20,568.71","20,568.71","20,568.71","-","1.11%"
"05/20/1994","20,342.17","20,342.17","20,342.17","20,342.17","-","0.60%"
"05/19/1994","20,221.34","20,221.34","20,221.34","20,221.34","-","0.34%"
"05/18/1994","20,152.73","20,152.73","20,152.73","20,152.73","-","0.10%"
"05/17/1994","20,133.53","20,133.53","20,133.53","20,133.53","-","-0.27%"
"05/16/1994","20,188.44","20,188.44","20,188.44","20,188.44","-","-0.41%"
"05/13/1994","20,270.75","20,270.75","20,270.75","20,270.75","-","0.23%"
"05/12/1994","20,224.24","20,224.24","20,224.24","20,224.24","-","0.37%"
"05/11/1994","20,150.13","20,150.13","20,150.13","20,150.13","-","1.17%"
"05/10/1994","19,917.78","19,917.78","19,917.78","19,917.78","-","0.66%"
"05/09/1994","19,786.96","19,786.96","19,786.96","19,786.96","-","-0.38%"
"05/06/1994","19,862.47","19,862.47","19,862.47","19,862.47","-","1.49%"
"05/02/1994","19,570.21","19,570.21","19,570.21","19,570.21","-","-0.79%"
"04/28/1994","19,725.25","19,725.25","19,725.25","19,725.25","-","-0.02%"
"04/27/1994","19,729.15","19,729.15","19,729.15","19,729.15","-","0.51%"
"04/26/1994","19,628.93","19,628.93","19,628.93","19,628.93","-","-0.41%"
"04/25/1994","19,709.14","19,709.14","19,709.14","19,709.14","-","-1.28%"
"04/22/1994","19,964.39","19,964.39","19,964.39","19,964.39","-","0.83%"
"04/21/1994","19,799.36","19,799.36","19,799.36","19,799.36","-","-0.42%"
"04/20/1994","19,882.18","19,882.18","19,882.18","19,882.18","-","-1.54%"
"04/19/1994","20,192.34","20,192.34","20,192.34","20,192.34","-","-0.42%"
"04/18/1994","20,277.36","20,277.36","20,277.36","20,277.36","-","0.56%"
"04/15/1994","20,164.63","20,164.63","20,164.63","20,164.63","-","0.89%"
"04/14/1994","19,987.20","19,987.20","19,987.20","19,987.20","-","-0.36%"
"04/13/1994","20,060.41","20,060.41","20,060.41","20,060.41","-","2.10%"
"04/12/1994","19,648.33","19,648.33","19,648.33","19,648.33","-","-1.26%"
"04/11/1994","19,898.08","19,898.08","19,898.08","19,898.08","-","-0.19%"
"04/08/1994","19,934.99","19,934.99","19,934.99","19,934.99","-","0.22%"
"04/07/1994","19,890.98","19,890.98","19,890.98","19,890.98","-","0.99%"
"04/06/1994","19,696.74","19,696.74","19,696.74","19,696.74","-","0.68%"
"04/05/1994","19,563.21","19,563.21","19,563.21","19,563.21","-","2.31%"
"04/04/1994","19,122.22","19,122.22","19,122.22","19,122.22","-","-0.80%"
"04/01/1994","19,277.16","19,277.16","19,277.16","19,277.16","-","0.86%"
"03/31/1994","19,111.92","19,111.92","19,111.92","19,111.92","-","-2.29%"
"03/30/1994","19,559.91","19,559.91","19,559.91","19,559.91","-","-0.76%"
"03/29/1994","19,709.74","19,709.74","19,709.74","19,709.74","-","-1.16%"
"03/28/1994","19,941.79","19,941.79","19,941.79","19,941.79","-","0.53%"
"03/25/1994","19,836.48","19,836.48","19,836.48","19,836.48","-","-1.01%"
"03/24/1994","20,037.90","20,037.90","20,037.90","20,037.90","-","0.38%"
"03/23/1994","19,962.10","19,962.10","19,962.10","19,962.10","-","-1.44%"
"03/22/1994","20,253.53","20,253.53","20,253.53","20,253.53","-","-1.05%"
"03/18/1994","20,469.45","20,469.45","20,469.45","20,469.45","-","-0.60%"
"03/17/1994","20,592.16","20,592.16","20,592.16","20,592.16","-","-0.41%"
"03/16/1994","20,677.77","20,677.77","20,677.77","20,677.77","-","0.82%"
"03/15/1994","20,508.85","20,508.85","20,508.85","20,508.85","-","-0.08%"
"03/14/1994","20,526.15","20,526.15","20,526.15","20,526.15","-","2.04%"
"03/11/1994","20,115.31","20,115.31","20,115.31","20,115.31","-","0.12%"
"03/10/1994","20,090.71","20,090.71","20,090.71","20,090.71","-","1.27%"
"03/09/1994","19,839.18","19,839.18","19,839.18","19,839.18","-","-0.30%"
"03/08/1994","19,898.39","19,898.39","19,898.39","19,898.39","-","0.44%"
"03/07/1994","19,811.88","19,811.88","19,811.88","19,811.88","-","-0.77%"
"03/04/1994","19,966.00","19,966.00","19,966.00","19,966.00","-","1.84%"
"03/03/1994","19,605.86","19,605.86","19,605.86","19,605.86","-","-0.70%"
"03/02/1994","19,744.77","19,744.77","19,744.77","19,744.77","-","-2.33%"
"03/01/1994","20,216.62","20,216.62","20,216.62","20,216.62","-","1.10%"
"02/28/1994","19,997.20","19,997.20","19,997.20","19,997.20","-","0.98%"
"02/25/1994","19,803.38","19,803.38","19,803.38","19,803.38","-","0.19%"
"02/24/1994","19,765.48","19,765.48","19,765.48","19,765.48","-","2.19%"
"02/23/1994","19,341.83","19,341.83","19,341.83","19,341.83","-","-0.00%"
"02/22/1994","19,342.63","19,342.63","19,342.63","19,342.63","-","-0.26%"
"02/21/1994","19,393.94","19,393.94","19,393.94","19,393.94","-","2.29%"
"02/18/1994","18,959.60","18,959.60","18,959.60","18,959.60","-","0.15%"
"02/17/1994","18,931.39","18,931.39","18,931.39","18,931.39","-","-0.63%"
"02/16/1994","19,052.11","19,052.11","19,052.11","19,052.11","-","0.41%"
"02/15/1994","18,974.60","18,974.60","18,974.60","18,974.60","-","-2.49%"
"02/14/1994","19,459.25","19,459.25","19,459.25","19,459.25","-","-2.66%"
"02/10/1994","19,990.70","19,990.70","19,990.70","19,990.70","-","0.75%"
"02/09/1994","19,841.38","19,841.38","19,841.38","19,841.38","-","-2.02%"
"02/08/1994","20,251.23","20,251.23","20,251.23","20,251.23","-","1.18%"
"02/07/1994","20,014.40","20,014.40","20,014.40","20,014.40","-","-1.41%"
"02/04/1994","20,301.43","20,301.43","20,301.43","20,301.43","-","0.63%"
"02/03/1994","20,174.82","20,174.82","20,174.82","20,174.82","-","-0.37%"
"02/02/1994","20,250.03","20,250.03","20,250.03","20,250.03","-","-0.81%"
"02/01/1994","20,416.34","20,416.34","20,416.34","20,416.34","-","0.93%"
"01/31/1994","20,229.12","20,229.12","20,229.12","20,229.12","-","7.84%"
"01/28/1994","18,757.88","18,757.88","18,757.88","18,757.88","-","-0.71%"
"01/27/1994","18,891.79","18,891.79","18,891.79","18,891.79","-","-1.29%"
"01/26/1994","19,138.21","19,138.21","19,138.21","19,138.21","-","2.63%"
"01/25/1994","18,648.36","18,648.36","18,648.36","18,648.36","-","1.61%"
"01/24/1994","18,353.24","18,353.24","18,353.24","18,353.24","-","-4.94%"
"01/21/1994","19,307.43","19,307.43","19,307.43","19,307.43","-","0.64%"
"01/20/1994","19,183.92","19,183.92","19,183.92","19,183.92","-","0.76%"
"01/19/1994","19,039.40","19,039.40","19,039.40","19,039.40","-","2.83%"
"01/18/1994","18,514.55","18,514.55","18,514.55","18,514.55","-","-1.13%"
"01/17/1994","18,725.37","18,725.37","18,725.37","18,725.37","-","-1.31%"
"01/14/1994","18,973.70","18,973.70","18,973.70","18,973.70","-","2.13%"
"01/13/1994","18,577.26","18,577.26","18,577.26","18,577.26","-","-1.15%"
"01/12/1994","18,793.88","18,793.88","18,793.88","18,793.88","-","1.67%"
"01/11/1994","18,485.25","18,485.25","18,485.25","18,485.25","-","0.23%"
"01/10/1994","18,443.44","18,443.44","18,443.44","18,443.44","-","1.76%"
"01/07/1994","18,124.01","18,124.01","18,124.01","18,124.01","-","1.35%"
"01/06/1994","17,881.99","17,881.99","17,881.99","17,881.99","-","0.55%"
"01/05/1994","17,783.48","17,783.48","17,783.48","17,783.48","-","2.38%"
"01/04/1994","17,369.74","17,369.74","17,369.74","17,369.74","-","-0.27%"
"12/30/1993","17,417.24","17,417.24","17,417.24","17,417.24","-","0.84%"
"12/29/1993","17,272.03","17,272.03","17,272.03","17,272.03","-","0.82%"
"12/28/1993","17,131.21","17,131.21","17,131.21","17,131.21","-","1.85%"
"12/27/1993","16,819.88","16,819.88","16,819.88","16,819.88","-","-1.87%"
"12/24/1993","17,141.11","17,141.11","17,141.11","17,141.11","-","-1.75%"
"12/22/1993","17,445.74","17,445.74","17,445.74","17,445.74","-","0.75%"
"12/21/1993","17,315.43","17,315.43","17,315.43","17,315.43","-","-0.51%"
"12/20/1993","17,404.24","17,404.24","17,404.24","17,404.24","-","-3.59%"
"12/17/1993","18,051.91","18,051.91","18,051.91","18,051.91","-","1.48%"
"12/16/1993","17,789.28","17,789.28","17,789.28","17,789.28","-","1.72%"
"12/15/1993","17,489.15","17,489.15","17,489.15","17,489.15","-","1.04%"
"12/14/1993","17,308.73","17,308.73","17,308.73","17,308.73","-","-0.11%"
"12/13/1993","17,327.33","17,327.33","17,327.33","17,327.33","-","0.41%"
"12/10/1993","17,257.43","17,257.43","17,257.43","17,257.43","-","1.15%"
"12/09/1993","17,061.91","17,061.91","17,061.91","17,061.91","-","3.36%"
"12/08/1993","16,507.95","16,507.95","16,507.95","16,507.95","-","-2.34%"
"12/07/1993","16,903.49","16,903.49","16,903.49","16,903.49","-","0.37%"
"12/06/1993","16,840.38","16,840.38","16,840.38","16,840.38","-","-3.55%"
"12/03/1993","17,459.35","17,459.35","17,459.35","17,459.35","-","0.00%"
"12/02/1993","17,458.75","17,458.75","17,458.75","17,458.75","-","1.95%"
"12/01/1993","17,125.31","17,125.31","17,125.31","17,125.31","-","4.38%"
"11/30/1993","16,406.54","16,406.54","16,406.54","16,406.54","-","2.04%"
"11/29/1993","16,078.71","16,078.71","16,078.71","16,078.71","-","-3.87%"
"11/26/1993","16,726.37","16,726.37","16,726.37","16,726.37","-","-2.88%"
"11/25/1993","17,222.92","17,222.92","17,222.92","17,222.92","-","0.91%"
"11/24/1993","17,067.11","17,067.11","17,067.11","17,067.11","-","-1.83%"
"11/22/1993","17,384.84","17,384.84","17,384.84","17,384.84","-","-3.10%"
"11/19/1993","17,941.19","17,941.19","17,941.19","17,941.19","-","-1.24%"
"11/18/1993","18,166.32","18,166.32","18,166.32","18,166.32","-","0.32%"
"11/17/1993","18,108.71","18,108.71","18,108.71","18,108.71","-","-0.75%"
"11/16/1993","18,246.12","18,246.12","18,246.12","18,246.12","-","0.95%"
"11/15/1993","18,074.61","18,074.61","18,074.61","18,074.61","-","-2.27%"
"11/12/1993","18,493.55","18,493.55","18,493.55","18,493.55","-","1.85%"
"11/11/1993","18,158.52","18,158.52","18,158.52","18,158.52","-","0.20%"
"11/10/1993","18,121.71","18,121.71","18,121.71","18,121.71","-","-0.02%"
"11/09/1993","18,125.71","18,125.71","18,125.71","18,125.71","-","-2.68%"
"11/08/1993","18,625.16","18,625.16","18,625.16","18,625.16","-","0.19%"
"11/05/1993","18,590.46","18,590.46","18,590.46","18,590.46","-","-1.90%"
"11/04/1993","18,949.79","18,949.79","18,949.79","18,949.79","-","-2.23%"
"11/02/1993","19,381.24","19,381.24","19,381.24","19,381.24","-","-0.29%"
"11/01/1993","19,438.24","19,438.24","19,438.24","19,438.24","-","-1.34%"
"10/29/1993","19,702.97","19,702.97","19,702.97","19,702.97","-","1.15%"
"10/28/1993","19,479.45","19,479.45","19,479.45","19,479.45","-","-1.81%"
"10/27/1993","19,838.78","19,838.78","19,838.78","19,838.78","-","-0.92%"
"10/26/1993","20,023.60","20,023.60","20,023.60","20,023.60","-","-1.41%"
"10/25/1993","20,309.33","20,309.33","20,309.33","20,309.33","-","0.22%"
"10/22/1993","20,264.83","20,264.83","20,264.83","20,264.83","-","0.42%"
"10/21/1993","20,179.42","20,179.42","20,179.42","20,179.42","-","0.03%"
"10/20/1993","20,173.42","20,173.42","20,173.42","20,173.42","-","0.52%"
"10/19/1993","20,069.91","20,069.91","20,069.91","20,069.91","-","-0.01%"
"10/18/1993","20,072.21","20,072.21","20,072.21","20,072.21","-","-0.51%"
"10/15/1993","20,174.42","20,174.42","20,174.42","20,174.42","-","0.46%"
"10/14/1993","20,082.81","20,082.81","20,082.81","20,082.81","-","0.22%"
"10/13/1993","20,038.40","20,038.40","20,038.40","20,038.40","-","-0.49%"
"10/12/1993","20,137.31","20,137.31","20,137.31","20,137.31","-","-1.18%"
"10/08/1993","20,378.64","20,378.64","20,378.64","20,378.64","-","0.56%"
"10/07/1993","20,265.63","20,265.63","20,265.63","20,265.63","-","-1.14%"
"10/06/1993","20,500.25","20,500.25","20,500.25","20,500.25","-","0.88%"
"10/05/1993","20,321.93","20,321.93","20,321.93","20,321.93","-","0.28%"
"10/04/1993","20,264.43","20,264.43","20,264.43","20,264.43","-","-0.09%"
"10/01/1993","20,283.13","20,283.13","20,283.13","20,283.13","-","0.88%"
"09/30/1993","20,105.71","20,105.71","20,105.71","20,105.71","-","0.14%"
"09/29/1993","20,077.41","20,077.41","20,077.41","20,077.41","-","-0.47%"
"09/28/1993","20,172.72","20,172.72","20,172.72","20,172.72","-","0.39%"
"09/27/1993","20,094.11","20,094.11","20,094.11","20,094.11","-","-1.05%"
"09/24/1993","20,307.53","20,307.53","20,307.53","20,307.53","-","0.66%"
"09/22/1993","20,174.62","20,174.62","20,174.62","20,174.62","-","-1.43%"
"09/21/1993","20,466.65","20,466.65","20,466.65","20,466.65","-","0.99%"
"09/20/1993","20,266.03","20,266.03","20,266.03","20,266.03","-","-0.61%"
"09/17/1993","20,391.04","20,391.04","20,391.04","20,391.04","-","-0.54%"
"09/16/1993","20,502.15","20,502.15","20,502.15","20,502.15","-","-2.13%"
"09/14/1993","20,947.79","20,947.79","20,947.79","20,947.79","-","-0.95%"
"09/13/1993","21,148.11","21,148.11","21,148.11","21,148.11","-","1.59%"
"09/10/1993","20,817.98","20,817.98","20,817.98","20,817.98","-","-0.04%"
"09/09/1993","20,825.58","20,825.58","20,825.58","20,825.58","-","-0.44%"
"09/08/1993","20,918.19","20,918.19","20,918.19","20,918.19","-","-0.21%"
"09/07/1993","20,962.10","20,962.10","20,962.10","20,962.10","-","-0.47%"
"09/06/1993","21,060.81","21,060.81","21,060.81","21,060.81","-","-0.26%"
"09/03/1993","21,116.21","21,116.21","21,116.21","21,116.21","-","0.63%"
"09/02/1993","20,983.20","20,983.20","20,983.20","20,983.20","-","0.14%"
"09/01/1993","20,953.30","20,953.30","20,953.30","20,953.30","-","-0.35%"
"08/31/1993","21,026.60","21,026.60","21,026.60","21,026.60","-","0.54%"
"08/30/1993","20,912.69","20,912.69","20,912.69","20,912.69","-","0.58%"
"08/27/1993","20,791.68","20,791.68","20,791.68","20,791.68","-","0.97%"
"08/26/1993","20,591.76","20,591.76","20,591.76","20,591.76","-","0.34%"
"08/25/1993","20,521.45","20,521.45","20,521.45","20,521.45","-","0.44%"
"08/24/1993","20,431.84","20,431.84","20,431.84","20,431.84","-","0.09%"
"08/23/1993","20,414.14","20,414.14","20,414.14","20,414.14","-","-0.94%"
"08/20/1993","20,607.26","20,607.26","20,607.26","20,607.26","-","-0.39%"
"08/19/1993","20,687.47","20,687.47","20,687.47","20,687.47","-","-0.41%"
"08/18/1993","20,773.18","20,773.18","20,773.18","20,773.18","-","-0.33%"
"08/17/1993","20,841.98","20,841.98","20,841.98","20,841.98","-","-0.28%"
"08/16/1993","20,901.49","20,901.49","20,901.49","20,901.49","-","0.75%"
"08/13/1993","20,745.17","20,745.17","20,745.17","20,745.17","-","-0.10%"
"08/12/1993","20,765.28","20,765.28","20,765.28","20,765.28","-","0.16%"
"08/11/1993","20,732.57","20,732.57","20,732.57","20,732.57","-","1.17%"
"08/10/1993","20,493.75","20,493.75","20,493.75","20,493.75","-","0.00%"
"08/09/1993","20,493.05","20,493.05","20,493.05","20,493.05","-","0.66%"
"08/06/1993","20,357.94","20,357.94","20,357.94","20,357.94","-","-0.33%"
"08/05/1993","20,425.64","20,425.64","20,425.64","20,425.64","-","-0.35%"
"08/04/1993","20,497.55","20,497.55","20,497.55","20,497.55","-","0.69%"
"08/03/1993","20,357.64","20,357.64","20,357.64","20,357.64","-","0.07%"
"08/02/1993","20,343.53","20,343.53","20,343.53","20,343.53","-","-0.18%"
"07/30/1993","20,380.14","20,380.14","20,380.14","20,380.14","-","-0.37%"
"07/29/1993","20,456.85","20,456.85","20,456.85","20,456.85","-","3.16%"
"07/28/1993","19,829.58","19,829.58","19,829.58","19,829.58","-","-0.31%"
"07/27/1993","19,891.39","19,891.39","19,891.39","19,891.39","-","0.35%"
"07/26/1993","19,822.08","19,822.08","19,822.08","19,822.08","-","0.44%"
"07/23/1993","19,734.57","19,734.57","19,734.57","19,734.57","-","-1.90%"
"07/22/1993","20,115.81","20,115.81","20,115.81","20,115.81","-","0.17%"
"07/21/1993","20,080.91","20,080.91","20,080.91","20,080.91","-","0.21%"
"07/20/1993","20,038.00","20,038.00","20,038.00","20,038.00","-","-0.56%"
"07/19/1993","20,150.92","20,150.92","20,150.92","20,150.92","-","-0.89%"
"07/16/1993","20,331.53","20,331.53","20,331.53","20,331.53","-","0.86%"
"07/15/1993","20,158.02","20,158.02","20,158.02","20,158.02","-","0.09%"
"07/14/1993","20,139.11","20,139.11","20,139.11","20,139.11","-","-0.20%"
"07/13/1993","20,180.42","20,180.42","20,180.42","20,180.42","-","1.00%"
"07/12/1993","19,980.00","19,980.00","19,980.00","19,980.00","-","0.52%"
"07/09/1993","19,877.39","19,877.39","19,877.39","19,877.39","-","0.96%"
"07/08/1993","19,688.67","19,688.67","19,688.67","19,688.67","-","-0.16%"
"07/07/1993","19,720.67","19,720.67","19,720.67","19,720.67","-","-0.55%"
"07/06/1993","19,829.78","19,829.78","19,829.78","19,829.78","-","1.05%"
"07/05/1993","19,623.06","19,623.06","19,623.06","19,623.06","-","0.01%"
"07/02/1993","19,621.46","19,621.46","19,621.46","19,621.46","-","-1.52%"
"07/01/1993","19,924.61","19,924.61","19,924.61","19,924.61","-","1.71%"
"06/30/1993","19,590.00","19,590.00","19,590.00","19,590.00","-","0.24%"
"06/29/1993","19,543.42","19,543.42","19,543.42","19,543.42","-","-1.73%"
"06/28/1993","19,886.76","19,886.76","19,886.76","19,886.76","-","1.16%"
"06/25/1993","19,659.57","19,659.57","19,659.57","19,659.57","-","-0.13%"
"06/24/1993","19,685.07","19,685.07","19,685.07","19,685.07","-","0.99%"
"06/23/1993","19,492.52","19,492.52","19,492.52","19,492.52","-","-0.23%"
"06/22/1993","19,538.30","19,538.30","19,538.30","19,538.30","-","1.70%"
"06/21/1993","19,212.43","19,212.43","19,212.43","19,212.43","-","-2.99%"
"06/18/1993","19,804.54","19,804.54","19,804.54","19,804.54","-","-0.61%"
"06/17/1993","19,925.51","19,925.51","19,925.51","19,925.51","-","0.12%"
"06/16/1993","19,902.42","19,902.42","19,902.42","19,902.42","-","-0.72%"
"06/15/1993","20,045.88","20,045.88","20,045.88","20,045.88","-","-1.72%"
"06/14/1993","20,397.35","20,397.35","20,397.35","20,397.35","-","-0.51%"
"06/11/1993","20,500.95","20,500.95","20,500.95","20,500.95","-","0.04%"
"06/10/1993","20,493.32","20,493.32","20,493.32","20,493.32","-","-0.40%"
"06/08/1993","20,575.24","20,575.24","20,575.24","20,575.24","-","-1.29%"
"06/07/1993","20,844.19","20,844.19","20,844.19","20,844.19","-","-0.18%"
"06/04/1993","20,882.24","20,882.24","20,882.24","20,882.24","-","-0.92%"
"06/03/1993","21,076.00","21,076.00","21,076.00","21,076.00","-","1.86%"
"06/02/1993","20,691.70","20,691.70","20,691.70","20,691.70","-","0.49%"
"06/01/1993","20,591.41","20,591.41","20,591.41","20,591.41","-","0.19%"
"05/31/1993","20,552.35","20,552.35","20,552.35","20,552.35","-","-1.40%"
"05/28/1993","20,843.69","20,843.69","20,843.69","20,843.69","-","-0.04%"
"05/27/1993","20,852.63","20,852.63","20,852.63","20,852.63","-","-0.21%"
"05/26/1993","20,895.99","20,895.99","20,895.99","20,895.99","-","1.28%"
"05/25/1993","20,631.76","20,631.76","20,631.76","20,631.76","-","0.76%"
"05/24/1993","20,476.16","20,476.16","20,476.16","20,476.16","-","-0.40%"
"05/21/1993","20,557.47","20,557.47","20,557.47","20,557.47","-","1.12%"
"05/20/1993","20,330.40","20,330.40","20,330.40","20,330.40","-","-0.25%"
"05/19/1993","20,380.79","20,380.79","20,380.79","20,380.79","-","0.75%"
"05/18/1993","20,229.39","20,229.39","20,229.39","20,229.39","-","-1.63%"
"05/17/1993","20,565.51","20,565.51","20,565.51","20,565.51","-","0.45%"
"05/14/1993","20,474.15","20,474.15","20,474.15","20,474.15","-","-0.29%"
"05/13/1993","20,532.78","20,532.78","20,532.78","20,532.78","-","-0.40%"
"05/12/1993","20,615.20","20,615.20","20,615.20","20,615.20","-","-1.55%"
"05/11/1993","20,940.37","20,940.37","20,940.37","20,940.37","-","-0.54%"
"05/10/1993","21,054.71","21,054.71","21,054.71","21,054.71","-","1.17%"
"05/07/1993","20,811.36","20,811.36","20,811.36","20,811.36","-","0.92%"
"05/06/1993","20,622.03","20,622.03","20,622.03","20,622.03","-","-1.42%"
"04/30/1993","20,919.18","20,919.18","20,919.18","20,919.18","-","2.27%"
"04/28/1993","20,454.57","20,454.57","20,454.57","20,454.57","-","1.23%"
"04/27/1993","20,206.71","20,206.71","20,206.71","20,206.71","-","2.97%"
"04/26/1993","19,623.63","19,623.63","19,623.63","19,623.63","-","-0.41%"
"04/23/1993","19,704.15","19,704.15","19,704.15","19,704.15","-","0.58%"
"04/22/1993","19,591.31","19,591.31","19,591.31","19,591.31","-","-0.92%"
"04/21/1993","19,773.01","19,773.01","19,773.01","19,773.01","-","-0.28%"
"04/20/1993","19,828.43","19,828.43","19,828.43","19,828.43","-","-1.41%"
"04/19/1993","20,112.34","20,112.34","20,112.34","20,112.34","-","-0.91%"
"04/16/1993","20,297.86","20,297.86","20,297.86","20,297.86","-","-1.83%"
"04/15/1993","20,675.84","20,675.84","20,675.84","20,675.84","-","0.69%"
"04/14/1993","20,533.38","20,533.38","20,533.38","20,533.38","-","-1.00%"
"04/13/1993","20,740.29","20,740.29","20,740.29","20,740.29","-","4.32%"
"04/12/1993","19,882.14","19,882.14","19,882.14","19,882.14","-","-0.05%"
"04/09/1993","19,892.18","19,892.18","19,892.18","19,892.18","-","-0.38%"
"04/08/1993","19,967.27","19,967.27","19,967.27","19,967.27","-","0.70%"
"04/07/1993","19,829.23","19,829.23","19,829.23","19,829.23","-","1.76%"
"04/06/1993","19,486.80","19,486.80","19,486.80","19,486.80","-","-1.38%"
"04/05/1993","19,759.46","19,759.46","19,759.46","19,759.46","-","1.61%"
"04/02/1993","19,446.94","19,446.94","19,446.94","19,446.94","-","1.82%"
"04/01/1993","19,099.09","19,099.09","19,099.09","19,099.09","-","2.73%"
"03/31/1993","18,591.45","18,591.45","18,591.45","18,591.45","-","-1.96%"
"03/30/1993","18,963.16","18,963.16","18,963.16","18,963.16","-","-0.45%"
"03/29/1993","19,048.38","19,048.38","19,048.38","19,048.38","-","1.38%"
"03/26/1993","18,788.70","18,788.70","18,788.70","18,788.70","-","0.13%"
"03/25/1993","18,764.92","18,764.92","18,764.92","18,764.92","-","1.70%"
"03/24/1993","18,450.69","18,450.69","18,450.69","18,450.69","-","-0.22%"
"03/23/1993","18,491.62","18,491.62","18,491.62","18,491.62","-","-1.56%"
"03/22/1993","18,784.39","18,784.39","18,784.39","18,784.39","-","1.33%"
"03/19/1993","18,537.17","18,537.17","18,537.17","18,537.17","-","-1.02%"
"03/18/1993","18,727.90","18,727.90","18,727.90","18,727.90","-","3.05%"
"03/17/1993","18,173.37","18,173.37","18,173.37","18,173.37","-","1.14%"
"03/16/1993","17,968.30","17,968.30","17,968.30","17,968.30","-","-0.65%"
"03/15/1993","18,086.18","18,086.18","18,086.18","18,086.18","-","0.27%"
"03/12/1993","18,037.52","18,037.52","18,037.52","18,037.52","-","0.74%"
"03/11/1993","17,904.79","17,904.79","17,904.79","17,904.79","-","0.26%"
"03/10/1993","17,858.63","17,858.63","17,858.63","17,858.63","-","0.06%"
"03/09/1993","17,848.30","17,848.30","17,848.30","17,848.30","-","0.91%"
"03/08/1993","17,686.47","17,686.47","17,686.47","17,686.47","-","5.17%"
"03/05/1993","16,817.70","16,817.70","16,817.70","16,817.70","-","0.35%"
"03/04/1993","16,759.61","16,759.61","16,759.61","16,759.61","-","-0.56%"
"03/03/1993","16,853.92","16,853.92","16,853.92","16,853.92","-","-0.06%"
"03/02/1993","16,864.25","16,864.25","16,864.25","16,864.25","-","-0.09%"
"03/01/1993","16,879.60","16,879.60","16,879.60","16,879.60","-","-0.44%"
"02/26/1993","16,953.35","16,953.35","16,953.35","16,953.35","-","0.27%"
"02/25/1993","16,907.39","16,907.39","16,907.39","16,907.39","-","0.65%"
"02/24/1993","16,798.94","16,798.94","16,798.94","16,798.94","-","-0.38%"
"02/23/1993","16,863.15","16,863.15","16,863.15","16,863.15","-","0.25%"
"02/22/1993","16,820.61","16,820.61","16,820.61","16,820.61","-","-1.11%"
"02/19/1993","17,010.03","17,010.03","17,010.03","17,010.03","-","0.16%"
"02/18/1993","16,982.14","16,982.14","16,982.14","16,982.14","-","-0.16%"
"02/17/1993","17,009.63","17,009.63","17,009.63","17,009.63","-","0.55%"
"02/16/1993","16,916.32","16,916.32","16,916.32","16,916.32","-","-1.18%"
"02/15/1993","17,117.99","17,117.99","17,117.99","17,117.99","-","1.58%"
"02/12/1993","16,851.51","16,851.51","16,851.51","16,851.51","-","-1.39%"
"02/10/1993","17,089.90","17,089.90","17,089.90","17,089.90","-","0.40%"
"02/09/1993","17,022.27","17,022.27","17,022.27","17,022.27","-","-1.50%"
"02/08/1993","17,281.73","17,281.73","17,281.73","17,281.73","-","-0.30%"
"02/05/1993","17,332.90","17,332.90","17,332.90","17,332.90","-","0.83%"
"02/04/1993","17,190.63","17,190.63","17,190.63","17,190.63","-","-0.18%"
"02/03/1993","17,222.03","17,222.03","17,222.03","17,222.03","-","0.21%"
"02/02/1993","17,186.31","17,186.31","17,186.31","17,186.31","-","0.31%"
"02/01/1993","17,133.64","17,133.64","17,133.64","17,133.64","-","0.65%"
"01/29/1993","17,023.78","17,023.78","17,023.78","17,023.78","-","-0.23%"
"01/28/1993","17,063.41","17,063.41","17,063.41","17,063.41","-","3.35%"
"01/27/1993","16,509.68","16,509.68","16,509.68","16,509.68","-","0.10%"
"01/26/1993","16,492.63","16,492.63","16,492.63","16,492.63","-","1.26%"
"01/25/1993","16,287.45","16,287.45","16,287.45","16,287.45","-","-0.30%"
"01/22/1993","16,336.81","16,336.81","16,336.81","16,336.81","-","-1.22%"
"01/21/1993","16,538.68","16,538.68","16,538.68","16,538.68","-","0.17%"
"01/20/1993","16,510.18","16,510.18","16,510.18","16,510.18","-","-1.72%"
"01/19/1993","16,798.64","16,798.64","16,798.64","16,798.64","-","1.09%"
"01/18/1993","16,617.24","16,617.24","16,617.24","16,617.24","-","0.62%"
"01/14/1993","16,515.60","16,515.60","16,515.60","16,515.60","-","-0.01%"
"01/13/1993","16,517.91","16,517.91","16,517.91","16,517.91","-","-0.98%"
"01/12/1993","16,681.05","16,681.05","16,681.05","16,681.05","-","0.55%"
"01/11/1993","16,589.55","16,589.55","16,589.55","16,589.55","-","-0.27%"
"01/08/1993","16,634.69","16,634.69","16,634.69","16,634.69","-","-0.87%"
"01/07/1993","16,780.98","16,780.98","16,780.98","16,780.98","-","-0.01%"
"01/06/1993","16,782.88","16,782.88","16,782.88","16,782.88","-","-0.35%"
"01/05/1993","16,842.58","16,842.58","16,842.58","16,842.58","-","-0.89%"
"01/04/1993","16,994.08","16,994.08","16,994.08","16,994.08","-","0.41%"
"12/30/1992","16,924.95","16,924.95","16,924.95","16,924.95","-","-2.09%"
"12/29/1992","17,285.64","17,285.64","17,285.64","17,285.64","-","0.56%"
"12/28/1992","17,188.62","17,188.62","17,188.62","17,188.62","-","-2.61%"
"12/24/1992","17,648.85","17,648.85","17,648.85","17,648.85","-","-0.24%"
"12/22/1992","17,690.67","17,690.67","17,690.67","17,690.67","-","0.26%"
"12/21/1992","17,645.44","17,645.44","17,645.44","17,645.44","-","-0.20%"
"12/18/1992","17,680.74","17,680.74","17,680.74","17,680.74","-","1.39%"
"12/17/1992","17,437.91","17,437.91","17,437.91","17,437.91","-","0.98%"
"12/16/1992","17,268.71","17,268.71","17,268.71","17,268.71","-","-1.21%"
"12/15/1992","17,480.74","17,480.74","17,480.74","17,480.74","-","1.10%"
"12/14/1992","17,289.97","17,289.97","17,289.97","17,289.97","-","-0.87%"
"12/11/1992","17,441.02","17,441.02","17,441.02","17,441.02","-","-0.34%"
"12/10/1992","17,501.30","17,501.30","17,501.30","17,501.30","-","0.55%"
"12/09/1992","17,406.22","17,406.22","17,406.22","17,406.22","-","0.72%"
"12/08/1992","17,281.85","17,281.85","17,281.85","17,281.85","-","0.43%"
"12/07/1992","17,207.12","17,207.12","17,207.12","17,207.12","-","-0.51%"
"12/04/1992","17,295.69","17,295.69","17,295.69","17,295.69","-","0.21%"
"12/03/1992","17,260.08","17,260.08","17,260.08","17,260.08","-","-0.77%"
"12/02/1992","17,393.68","17,393.68","17,393.68","17,393.68","-","0.47%"
"12/01/1992","17,313.04","17,313.04","17,313.04","17,313.04","-","-2.10%"
"11/30/1992","17,683.65","17,683.65","17,683.65","17,683.65","-","1.22%"
"11/27/1992","17,470.61","17,470.61","17,470.61","17,470.61","-","-0.05%"
"11/26/1992","17,479.04","17,479.04","17,479.04","17,479.04","-","1.02%"
"11/25/1992","17,302.01","17,302.01","17,302.01","17,302.01","-","1.20%"
"11/24/1992","17,096.09","17,096.09","17,096.09","17,096.09","-","0.37%"
"11/20/1992","17,033.60","17,033.60","17,033.60","17,033.60","-","0.96%"
"11/19/1992","16,871.31","16,871.31","16,871.31","16,871.31","-","0.55%"
"11/18/1992","16,778.84","16,778.84","16,778.84","16,778.84","-","4.91%"
"11/17/1992","15,993.48","15,993.48","15,993.48","15,993.48","-","-1.05%"
"11/16/1992","16,162.99","16,162.99","16,162.99","16,162.99","-","-1.03%"
"11/13/1992","16,330.79","16,330.79","16,330.79","16,330.79","-","-0.28%"
"11/12/1992","16,376.93","16,376.93","16,376.93","16,376.93","-","0.36%"
"11/11/1992","16,318.15","16,318.15","16,318.15","16,318.15","-","-0.72%"
"11/10/1992","16,437.11","16,437.11","16,437.11","16,437.11","-","0.12%"
"11/09/1992","16,417.05","16,417.05","16,417.05","16,417.05","-","-2.68%"
"11/06/1992","16,869.81","16,869.81","16,869.81","16,869.81","-","-0.95%"
"11/05/1992","17,031.59","17,031.59","17,031.59","17,031.59","-","-0.20%"
"11/04/1992","17,065.20","17,065.20","17,065.20","17,065.20","-","1.26%"
"11/02/1992","16,853.36","16,853.36","16,853.36","16,853.36","-","0.51%"
"10/30/1992","16,767.40","16,767.40","16,767.40","16,767.40","-","-1.01%"
"10/29/1992","16,937.71","16,937.71","16,937.71","16,937.71","-","-0.77%"
"10/28/1992","17,068.41","17,068.41","17,068.41","17,068.41","-","-0.68%"
"10/27/1992","17,185.26","17,185.26","17,185.26","17,185.26","-","1.02%"
"10/26/1992","17,011.33","17,011.33","17,011.33","17,011.33","-","-0.62%"
"10/23/1992","17,117.65","17,117.65","17,117.65","17,117.65","-","0.61%"
"10/22/1992","17,013.04","17,013.04","17,013.04","17,013.04","-","-0.75%"
"10/21/1992","17,141.52","17,141.52","17,141.52","17,141.52","-","0.91%"
"10/20/1992","16,987.66","16,987.66","16,987.66","16,987.66","-","0.50%"
"10/19/1992","16,903.81","16,903.81","16,903.81","16,903.81","-","-2.68%"
"10/16/1992","17,369.81","17,369.81","17,369.81","17,369.81","-","-1.47%"
"10/15/1992","17,628.49","17,628.49","17,628.49","17,628.49","-","1.64%"
"10/14/1992","17,344.03","17,344.03","17,344.03","17,344.03","-","-0.84%"
"10/13/1992","17,490.67","17,490.67","17,490.67","17,490.67","-","1.09%"
"10/12/1992","17,302.01","17,302.01","17,302.01","17,302.01","-","1.42%"
"10/09/1992","17,059.78","17,059.78","17,059.78","17,059.78","-","-1.59%"
"10/08/1992","17,335.51","17,335.51","17,335.51","17,335.51","-","1.31%"
"10/07/1992","17,111.74","17,111.74","17,111.74","17,111.74","-","-0.91%"
"10/06/1992","17,268.10","17,268.10","17,268.10","17,268.10","-","0.97%"
"10/05/1992","17,101.50","17,101.50","17,101.50","17,101.50","-","-1.28%"
"10/02/1992","17,324.07","17,324.07","17,324.07","17,324.07","-","-0.26%"
"10/01/1992","17,369.91","17,369.91","17,369.91","17,369.91","-","-0.17%"
"09/30/1992","17,399.08","17,399.08","17,399.08","17,399.08","-","-1.97%"
"09/29/1992","17,748.09","17,748.09","17,748.09","17,748.09","-","-1.25%"
"09/28/1992","17,972.61","17,972.61","17,972.61","17,972.61","-","-2.29%"
"09/25/1992","18,394.76","18,394.76","18,394.76","18,394.76","-","-1.16%"
"09/24/1992","18,609.95","18,609.95","18,609.95","18,609.95","-","1.79%"
"09/22/1992","18,282.72","18,282.72","18,282.72","18,282.72","-","1.20%"
"09/21/1992","18,066.24","18,066.24","18,066.24","18,066.24","-","-0.55%"
"09/18/1992","18,166.80","18,166.80","18,166.80","18,166.80","-","0.28%"
"09/17/1992","18,116.52","18,116.52","18,116.52","18,116.52","-","0.96%"
"09/16/1992","17,944.70","17,944.70","17,944.70","17,944.70","-","-2.85%"
"09/14/1992","18,471.40","18,471.40","18,471.40","18,471.40","-","2.01%"
"09/11/1992","18,107.69","18,107.69","18,107.69","18,107.69","-","-4.24%"
"09/10/1992","18,908.47","18,908.47","18,908.47","18,908.47","-","0.17%"
"09/09/1992","18,875.55","18,875.55","18,875.55","18,875.55","-","3.24%"
"09/08/1992","18,282.42","18,282.42","18,282.42","18,282.42","-","-0.86%"
"09/07/1992","18,440.18","18,440.18","18,440.18","18,440.18","-","-0.62%"
"09/04/1992","18,555.30","18,555.30","18,555.30","18,555.30","-","0.92%"
"09/03/1992","18,386.49","18,386.49","18,386.49","18,386.49","-","4.54%"
"09/02/1992","17,587.72","17,587.72","17,587.72","17,587.72","-","-0.86%"
"09/01/1992","17,740.06","17,740.06","17,740.06","17,740.06","-","-1.78%"
"08/31/1992","18,061.12","18,061.12","18,061.12","18,061.12","-","0.50%"
"08/28/1992","17,970.79","17,970.79","17,970.79","17,970.79","-","2.37%"
"08/27/1992","17,555.00","17,555.00","17,555.00","17,555.00","-","6.13%"
"08/26/1992","16,541.65","16,541.65","16,541.65","16,541.65","-","0.98%"
"08/25/1992","16,380.77","16,380.77","16,380.77","16,380.77","-","-1.49%"
"08/24/1992","16,627.96","16,627.96","16,627.96","16,627.96","-","2.53%"
"08/21/1992","16,216.88","16,216.88","16,216.88","16,216.88","-","6.22%"
"08/20/1992","15,267.76","15,267.76","15,267.76","15,267.76","-","4.21%"
"08/19/1992","14,650.74","14,650.74","14,650.74","14,650.74","-","2.39%"
"08/18/1992","14,309.41","14,309.41","14,309.41","14,309.41","-","-4.15%"
"08/17/1992","14,929.55","14,929.55","14,929.55","14,929.55","-","0.74%"
"08/14/1992","14,820.25","14,820.25","14,820.25","14,820.25","-","0.35%"
"08/13/1992","14,768.17","14,768.17","14,768.17","14,768.17","-","-0.04%"
"08/12/1992","14,773.79","14,773.79","14,773.79","14,773.79","-","-0.33%"
"08/11/1992","14,822.56","14,822.56","14,822.56","14,822.56","-","-1.62%"
"08/10/1992","15,066.34","15,066.34","15,066.34","15,066.34","-","-2.91%"
"08/07/1992","15,518.27","15,518.27","15,518.27","15,518.27","-","-2.56%"
"08/06/1992","15,926.44","15,926.44","15,926.44","15,926.44","-","-0.36%"
"08/05/1992","15,983.64","15,983.64","15,983.64","15,983.64","-","1.85%"
"08/04/1992","15,692.59","15,692.59","15,692.59","15,692.59","-","-0.11%"
"08/03/1992","15,709.45","15,709.45","15,709.45","15,709.45","-","-1.26%"
"07/31/1992","15,910.28","15,910.28","15,910.28","15,910.28","-","2.28%"
"07/30/1992","15,555.60","15,555.60","15,555.60","15,555.60","-","3.04%"
"07/29/1992","15,095.95","15,095.95","15,095.95","15,095.95","-","-2.14%"
"07/28/1992","15,426.64","15,426.64","15,426.64","15,426.64","-","0.35%"
"07/27/1992","15,373.34","15,373.34","15,373.34","15,373.34","-","-0.80%"
"07/24/1992","15,497.79","15,497.79","15,497.79","15,497.79","-","-3.38%"
"07/23/1992","16,039.94","16,039.94","16,039.94","16,039.94","-","3.20%"
"07/22/1992","15,541.95","15,541.95","15,541.95","15,541.95","-","-2.88%"
"07/21/1992","16,002.41","16,002.41","16,002.41","16,002.41","-","0.74%"
"07/20/1992","15,884.48","15,884.48","15,884.48","15,884.48","-","-4.01%"
"07/17/1992","16,548.07","16,548.07","16,548.07","16,548.07","-","-2.59%"
"07/16/1992","16,987.66","16,987.66","16,987.66","16,987.66","-","-0.76%"
"07/15/1992","17,116.92","17,116.92","17,116.92","17,116.92","-","0.31%"
"07/14/1992","17,064.63","17,064.63","17,064.63","17,064.63","-","-0.80%"
"07/13/1992","17,201.73","17,201.73","17,201.73","17,201.73","-","2.49%"
"07/10/1992","16,783.72","16,783.72","16,783.72","16,783.72","-","-0.39%"
"07/09/1992","16,848.66","16,848.66","16,848.66","16,848.66","-","1.50%"
"07/08/1992","16,600.26","16,600.26","16,600.26","16,600.26","-","0.85%"
"07/07/1992","16,459.55","16,459.55","16,459.55","16,459.55","-","-1.19%"
"07/06/1992","16,657.07","16,657.07","16,657.07","16,657.07","-","-0.36%"
"07/03/1992","16,717.78","16,717.78","16,717.78","16,717.78","-","-0.24%"
"07/02/1992","16,757.63","16,757.63","16,757.63","16,757.63","-","2.65%"
"07/01/1992","16,325.07","16,325.07","16,325.07","16,325.07","-","2.34%"
"06/30/1992","15,951.73","15,951.73","15,951.73","15,951.73","-","1.34%"
"06/29/1992","15,741.27","15,741.27","15,741.27","15,741.27","-","-0.45%"
"06/26/1992","15,812.73","15,812.73","15,812.73","15,812.73","-","-2.05%"
"06/25/1992","16,143.72","16,143.72","16,143.72","16,143.72","-","1.83%"
"06/24/1992","15,853.67","15,853.67","15,853.67","15,853.67","-","-1.57%"
"06/23/1992","16,106.99","16,106.99","16,106.99","16,106.99","-","1.17%"
"06/22/1992","15,921.22","15,921.22","15,921.22","15,921.22","-","-3.62%"
"06/19/1992","16,519.87","16,519.87","16,519.87","16,519.87","-","2.96%"
"06/18/1992","16,045.56","16,045.56","16,045.56","16,045.56","-","-2.43%"
"06/17/1992","16,445.80","16,445.80","16,445.80","16,445.80","-","-2.99%"
"06/16/1992","16,953.53","16,953.53","16,953.53","16,953.53","-","0.00%"
"06/15/1992","16,953.23","16,953.23","16,953.23","16,953.23","-","-2.48%"
"06/12/1992","17,383.68","17,383.68","17,383.68","17,383.68","-","-1.84%"
"06/11/1992","17,709.05","17,709.05","17,709.05","17,709.05","-","-0.19%"
"06/10/1992","17,742.87","17,742.87","17,742.87","17,742.87","-","-0.57%"
"06/09/1992","17,845.04","17,845.04","17,845.04","17,845.04","-","1.08%"
"06/08/1992","17,655.06","17,655.06","17,655.06","17,655.06","-","-0.76%"
"06/05/1992","17,790.04","17,790.04","17,790.04","17,790.04","-","-0.97%"
"06/04/1992","17,964.07","17,964.07","17,964.07","17,964.07","-","-1.23%"
"06/03/1992","18,188.68","18,188.68","18,188.68","18,188.68","-","0.35%"
"06/02/1992","18,125.55","18,125.55","18,125.55","18,125.55","-","0.67%"
"06/01/1992","18,004.11","18,004.11","18,004.11","18,004.11","-","-1.87%"
"05/29/1992","18,347.75","18,347.75","18,347.75","18,347.75","-","2.32%"
"05/28/1992","17,931.25","17,931.25","17,931.25","17,931.25","-","0.61%"
"05/27/1992","17,822.56","17,822.56","17,822.56","17,822.56","-","-2.10%"
"05/26/1992","18,204.64","18,204.64","18,204.64","18,204.64","-","-0.09%"
"05/22/1992","18,221.00","18,221.00","18,221.00","18,221.00","-","-2.52%"
"05/21/1992","18,691.29","18,691.29","18,691.29","18,691.29","-","0.09%"
"05/20/1992","18,674.93","18,674.93","18,674.93","18,674.93","-","-0.42%"
"05/19/1992","18,754.11","18,754.11","18,754.11","18,754.11","-","1.69%"
"05/18/1992","18,443.10","18,443.10","18,443.10","18,443.10","-","2.04%"
"05/15/1992","18,074.27","18,074.27","18,074.27","18,074.27","-","-3.88%"
"05/14/1992","18,804.60","18,804.60","18,804.60","18,804.60","-","0.19%"
"05/13/1992","18,768.57","18,768.57","18,768.57","18,768.57","-","1.40%"
"05/12/1992","18,508.53","18,508.53","18,508.53","18,508.53","-","-0.54%"
"05/11/1992","18,608.09","18,608.09","18,608.09","18,608.09","-","1.26%"
"05/08/1992","18,375.95","18,375.95","18,375.95","18,375.95","-","-0.19%"
"05/07/1992","18,410.88","18,410.88","18,410.88","18,410.88","-","2.98%"
"05/06/1992","17,878.66","17,878.66","17,878.66","17,878.66","-","3.32%"
"05/01/1992","17,303.39","17,303.39","17,303.39","17,303.39","-","-0.50%"
"04/30/1992","17,390.71","17,390.71","17,390.71","17,390.71","-","-0.78%"
"04/28/1992","17,527.40","17,527.40","17,527.40","17,527.40","-","0.44%"
"04/27/1992","17,450.52","17,450.52","17,450.52","17,450.52","-","-0.52%"
"04/24/1992","17,542.45","17,542.45","17,542.45","17,542.45","-","0.81%"
"04/23/1992","17,402.05","17,402.05","17,402.05","17,402.05","-","3.34%"
"04/22/1992","16,839.12","16,839.12","16,839.12","16,839.12","-","0.31%"
"04/21/1992","16,787.33","16,787.33","16,787.33","16,787.33","-","-1.66%"
"04/20/1992","17,071.36","17,071.36","17,071.36","17,071.36","-","-2.90%"
"04/17/1992","17,580.69","17,580.69","17,580.69","17,580.69","-","-2.11%"
"04/16/1992","17,959.76","17,959.76","17,959.76","17,959.76","-","0.07%"
"04/15/1992","17,948.01","17,948.01","17,948.01","17,948.01","-","2.92%"
"04/14/1992","17,439.58","17,439.58","17,439.58","17,439.58","-","1.18%"
"04/13/1992","17,236.65","17,236.65","17,236.65","17,236.65","-","-3.44%"
"04/10/1992","17,850.66","17,850.66","17,850.66","17,850.66","-","7.55%"
"04/09/1992","16,598.15","16,598.15","16,598.15","16,598.15","-","-3.36%"
"04/08/1992","17,175.53","17,175.53","17,175.53","17,175.53","-","-3.46%"
"04/07/1992","17,791.55","17,791.55","17,791.55","17,791.55","-","-3.50%"
"04/06/1992","18,436.37","18,436.37","18,436.37","18,436.37","-","-0.66%"
"04/03/1992","18,559.71","18,559.71","18,559.71","18,559.71","-","1.50%"
"04/02/1992","18,286.03","18,286.03","18,286.03","18,286.03","-","-1.59%"
"04/01/1992","18,581.79","18,581.79","18,581.79","18,581.79","-","-3.95%"
"03/31/1992","19,345.95","19,345.95","19,345.95","19,345.95","-","-1.64%"
"03/30/1992","19,669.31","19,669.31","19,669.31","19,669.31","-","0.16%"
"03/27/1992","19,636.99","19,636.99","19,636.99","19,636.99","-","-1.25%"
"03/26/1992","19,885.49","19,885.49","19,885.49","19,885.49","-","-1.69%"
"03/25/1992","20,226.78","20,226.78","20,226.78","20,226.78","-","1.69%"
"03/24/1992","19,891.57","19,891.57","19,891.57","19,891.57","-","-1.72%"
"03/23/1992","20,239.60","20,239.60","20,239.60","20,239.60","-","0.27%"
"03/19/1992","20,185.09","20,185.09","20,185.09","20,185.09","-","2.13%"
"03/18/1992","19,764.31","19,764.31","19,764.31","19,764.31","-","-0.77%"
"03/17/1992","19,917.63","19,917.63","19,917.63","19,917.63","-","0.41%"
"03/16/1992","19,837.16","19,837.16","19,837.16","19,837.16","-","-3.03%"
"03/13/1992","20,456.06","20,456.06","20,456.06","20,456.06","-","-0.51%"
"03/12/1992","20,561.88","20,561.88","20,561.88","20,561.88","-","-0.15%"
"03/11/1992","20,592.14","20,592.14","20,592.14","20,592.14","-","-1.26%"
"03/10/1992","20,854.59","20,854.59","20,854.59","20,854.59","-","0.27%"
"03/09/1992","20,797.68","20,797.68","20,797.68","20,797.68","-","-0.93%"
"03/06/1992","20,992.99","20,992.99","20,992.99","20,992.99","-","0.62%"
"03/05/1992","20,864.42","20,864.42","20,864.42","20,864.42","-","-1.14%"
"03/04/1992","21,105.42","21,105.42","21,105.42","21,105.42","-","0.26%"
"03/03/1992","21,051.71","21,051.71","21,051.71","21,051.71","-","-2.03%"
"03/02/1992","21,487.82","21,487.82","21,487.82","21,487.82","-","0.70%"
"02/28/1992","21,338.81","21,338.81","21,338.81","21,338.81","-","0.02%"
"02/27/1992","21,333.70","21,333.70","21,333.70","21,333.70","-","-0.15%"
"02/26/1992","21,364.77","21,364.77","21,364.77","21,364.77","-","1.61%"
"02/25/1992","21,025.55","21,025.55","21,025.55","21,025.55","-","0.25%"
"02/24/1992","20,973.24","20,973.24","20,973.24","20,973.24","-","-1.50%"
"02/21/1992","21,291.81","21,291.81","21,291.81","21,291.81","-","2.50%"
"02/20/1992","20,771.92","20,771.92","20,771.92","20,771.92","-","0.75%"
"02/19/1992","20,618.30","20,618.30","20,618.30","20,618.30","-","-1.22%"
"02/18/1992","20,872.03","20,872.03","20,872.03","20,872.03","-","-2.12%"
"02/17/1992","21,324.98","21,324.98","21,324.98","21,324.98","-","2.11%"
"02/14/1992","20,883.86","20,883.86","20,883.86","20,883.86","-","-2.37%"
"02/13/1992","21,391.02","21,391.02","21,391.02","21,391.02","-","-0.70%"
"02/12/1992","21,541.64","21,541.64","21,541.64","21,541.64","-","-1.27%"
"02/10/1992","21,819.52","21,819.52","21,819.52","21,819.52","-","-1.30%"
"02/07/1992","22,107.12","22,107.12","22,107.12","22,107.12","-","0.01%"
"02/06/1992","22,104.92","22,104.92","22,104.92","22,104.92","-","0.77%"
"02/05/1992","21,936.37","21,936.37","21,936.37","21,936.37","-","-0.29%"
"02/04/1992","21,999.60","21,999.60","21,999.60","21,999.60","-","-0.63%"
"02/03/1992","22,139.59","22,139.59","22,139.59","22,139.59","-","0.53%"
"01/31/1992","22,023.05","22,023.05","22,023.05","22,023.05","-","2.16%"
"01/30/1992","21,557.67","21,557.67","21,557.67","21,557.67","-","0.91%"
"01/29/1992","21,362.26","21,362.26","21,362.26","21,362.26","-","-0.13%"
"01/28/1992","21,390.52","21,390.52","21,390.52","21,390.52","-","1.83%"
"01/27/1992","21,007.11","21,007.11","21,007.11","21,007.11","-","-0.31%"
"01/24/1992","21,072.15","21,072.15","21,072.15","21,072.15","-","-2.36%"
"01/23/1992","21,580.72","21,580.72","21,580.72","21,580.72","-","0.22%"
"01/22/1992","21,534.12","21,534.12","21,534.12","21,534.12","-","3.24%"
"01/21/1992","20,858.30","20,858.30","20,858.30","20,858.30","-","-0.27%"
"01/20/1992","20,913.82","20,913.82","20,913.82","20,913.82","-","-1.91%"
"01/17/1992","21,321.37","21,321.37","21,321.37","21,321.37","-","-1.35%"
"01/16/1992","21,612.19","21,612.19","21,612.19","21,612.19","-","-0.75%"
"01/14/1992","21,775.13","21,775.13","21,775.13","21,775.13","-","0.36%"
"01/13/1992","21,696.86","21,696.86","21,696.86","21,696.86","-","-3.06%"
"01/10/1992","22,381.90","22,381.90","22,381.90","22,381.90","-","-3.17%"
"01/09/1992","23,113.64","23,113.64","23,113.64","23,113.64","-","1.75%"
"01/08/1992","22,715.00","22,715.00","22,715.00","22,715.00","-","-3.61%"
"01/07/1992","23,566.39","23,566.39","23,566.39","23,566.39","-","-0.99%"
"01/06/1992","23,801.18","23,801.18","23,801.18","23,801.18","-","3.56%"
"12/30/1991","22,983.77","22,983.77","22,983.77","22,983.77","-","2.44%"
"12/27/1991","22,437.32","22,437.32","22,437.32","22,437.32","-","-0.52%"
"12/26/1991","22,555.07","22,555.07","22,555.07","22,555.07","-","0.42%"
"12/25/1991","22,461.17","22,461.17","22,461.17","22,461.17","-","3.68%"
"12/24/1991","21,664.53","21,664.53","21,664.53","21,664.53","-","-0.52%"
"12/20/1991","21,777.12","21,777.12","21,777.12","21,777.12","-","-0.97%"
"12/19/1991","21,991.19","21,991.19","21,991.19","21,991.19","-","-2.82%"
"12/18/1991","22,629.90","22,629.90","22,629.90","22,629.90","-","-0.47%"
"12/17/1991","22,736.29","22,736.29","22,736.29","22,736.29","-","-0.44%"
"12/16/1991","22,836.67","22,836.67","22,836.67","22,836.67","-","0.36%"
"12/13/1991","22,754.90","22,754.90","22,754.90","22,754.90","-","4.80%"
"12/12/1991","21,712.57","21,712.57","21,712.57","21,712.57","-","0.98%"
"12/11/1991","21,502.90","21,502.90","21,502.90","21,502.90","-","-2.05%"
"12/10/1991","21,953.06","21,953.06","21,953.06","21,953.06","-","-1.79%"
"12/09/1991","22,352.88","22,352.88","22,352.88","22,352.88","-","-0.41%"
"12/06/1991","22,445.06","22,445.06","22,445.06","22,445.06","-","-0.06%"
"12/05/1991","22,459.17","22,459.17","22,459.17","22,459.17","-","-0.93%"
"12/04/1991","22,669.44","22,669.44","22,669.44","22,669.44","-","2.27%"
"12/03/1991","22,166.83","22,166.83","22,166.83","22,166.83","-","0.79%"
"12/02/1991","21,992.29","21,992.29","21,992.29","21,992.29","-","-3.06%"
"11/29/1991","22,687.35","22,687.35","22,687.35","22,687.35","-","-0.41%"
"11/28/1991","22,780.42","22,780.42","22,780.42","22,780.42","-","-0.84%"
"11/27/1991","22,973.28","22,973.28","22,973.28","22,973.28","-","-0.60%"
"11/26/1991","23,112.09","23,112.09","23,112.09","23,112.09","-","1.06%"
"11/25/1991","22,868.69","22,868.69","22,868.69","22,868.69","-","-1.08%"
"11/22/1991","23,117.39","23,117.39","23,117.39","23,117.39","-","-0.26%"
"11/21/1991","23,177.84","23,177.84","23,177.84","23,177.84","-","-0.09%"
"11/20/1991","23,199.86","23,199.86","23,199.86","23,199.86","-","-0.54%"
"11/19/1991","23,326.86","23,326.86","23,326.86","23,326.86","-","-0.31%"
"11/18/1991","23,400.12","23,400.12","23,400.12","23,400.12","-","-2.90%"
"11/15/1991","24,099.18","24,099.18","24,099.18","24,099.18","-","-0.32%"
"11/14/1991","24,176.54","24,176.54","24,176.54","24,176.54","-","-0.98%"
"11/13/1991","24,416.23","24,416.23","24,416.23","24,416.23","-","-1.02%"
"11/12/1991","24,667.73","24,667.73","24,667.73","24,667.73","-","1.79%"
"11/11/1991","24,232.99","24,232.99","24,232.99","24,232.99","-","-1.04%"
"11/08/1991","24,486.49","24,486.49","24,486.49","24,486.49","-","0.16%"
"11/07/1991","24,446.76","24,446.76","24,446.76","24,446.76","-","-1.23%"
"11/06/1991","24,750.20","24,750.20","24,750.20","24,750.20","-","-0.80%"
"11/05/1991","24,950.86","24,950.86","24,950.86","24,950.86","-","-0.37%"
"11/01/1991","25,044.24","25,044.24","25,044.24","25,044.24","-","-0.71%"
"10/31/1991","25,222.28","25,222.28","25,222.28","25,222.28","-","0.97%"
"10/30/1991","24,981.18","24,981.18","24,981.18","24,981.18","-","-0.63%"
"10/29/1991","25,140.61","25,140.61","25,140.61","25,140.61","-","0.96%"
"10/28/1991","24,901.72","24,901.72","24,901.72","24,901.72","-","-0.02%"
"10/25/1991","24,906.43","24,906.43","24,906.43","24,906.43","-","-0.17%"
"10/24/1991","24,949.26","24,949.26","24,949.26","24,949.26","-","0.60%"
"10/23/1991","24,799.94","24,799.94","24,799.94","24,799.94","-","-0.62%"
"10/22/1991","24,954.66","24,954.66","24,954.66","24,954.66","-","-0.25%"
"10/21/1991","25,016.81","25,016.81","25,016.81","25,016.81","-","0.49%"
"10/18/1991","24,894.82","24,894.82","24,894.82","24,894.82","-","1.86%"
"10/17/1991","24,439.85","24,439.85","24,439.85","24,439.85","-","0.43%"
"10/16/1991","24,334.67","24,334.67","24,334.67","24,334.67","-","0.11%"
"10/15/1991","24,307.65","24,307.65","24,307.65","24,307.65","-","1.87%"
"10/14/1991","23,860.67","23,860.67","23,860.67","23,860.67","-","-1.23%"
"10/11/1991","24,157.72","24,157.72","24,157.72","24,157.72","-","-1.34%"
"10/09/1991","24,485.26","24,485.26","24,485.26","24,485.26","-","1.36%"
"10/08/1991","24,155.62","24,155.62","24,155.62","24,155.62","-","-0.72%"
"10/07/1991","24,330.83","24,330.83","24,330.83","24,330.83","-","-1.08%"
"10/04/1991","24,596.90","24,596.90","24,596.90","24,596.90","-","-0.46%"
"10/03/1991","24,711.44","24,711.44","24,711.44","24,711.44","-","1.38%"
"10/02/1991","24,375.11","24,375.11","24,375.11","24,375.11","-","-0.01%"
"10/01/1991","24,377.01","24,377.01","24,377.01","24,377.01","-","1.93%"
"09/30/1991","23,916.44","23,916.44","23,916.44","23,916.44","-","-0.22%"
"09/27/1991","23,969.47","23,969.47","23,969.47","23,969.47","-","0.01%"
"09/26/1991","23,968.08","23,968.08","23,968.08","23,968.08","-","1.66%"
"09/25/1991","23,577.42","23,577.42","23,577.42","23,577.42","-","1.04%"
"09/24/1991","23,333.70","23,333.70","23,333.70","23,333.70","-","0.61%"
"09/20/1991","23,192.74","23,192.74","23,192.74","23,192.74","-","-0.60%"
"09/19/1991","23,332.31","23,332.31","23,332.31","23,332.31","-","0.06%"
"09/18/1991","23,317.78","23,317.78","23,317.78","23,317.78","-","-0.54%"
"09/17/1991","23,443.61","23,443.61","23,443.61","23,443.61","-","1.34%"
"09/13/1991","23,134.43","23,134.43","23,134.43","23,134.43","-","2.68%"
"09/12/1991","22,530.20","22,530.20","22,530.20","22,530.20","-","0.11%"
"09/11/1991","22,504.79","22,504.79","22,504.79","22,504.79","-","0.42%"
"09/10/1991","22,411.58","22,411.58","22,411.58","22,411.58","-","-0.72%"
"09/09/1991","22,573.98","22,573.98","22,573.98","22,573.98","-","-0.52%"
"09/06/1991","22,692.60","22,692.60","22,692.60","22,692.60","-","0.86%"
"09/05/1991","22,499.65","22,499.65","22,499.65","22,499.65","-","0.43%"
"09/04/1991","22,402.69","22,402.69","22,402.69","22,402.69","-","-0.30%"
"09/03/1991","22,469.80","22,469.80","22,469.80","22,469.80","-","0.00%"
"09/02/1991","22,469.01","22,469.01","22,469.01","22,469.01","-","0.60%"
"08/30/1991","22,335.87","22,335.87","22,335.87","22,335.87","-","1.52%"
"08/29/1991","22,002.17","22,002.17","22,002.17","22,002.17","-","1.76%"
"08/28/1991","21,621.63","21,621.63","21,621.63","21,621.63","-","-0.09%"
"08/27/1991","21,641.30","21,641.30","21,641.30","21,641.30","-","0.23%"
"08/26/1991","21,592.27","21,592.27","21,592.27","21,592.27","-","-2.14%"
"08/23/1991","22,065.34","22,065.34","22,065.34","22,065.34","-","-2.00%"
"08/22/1991","22,515.77","22,515.77","22,515.77","22,515.77","-","2.10%"
"08/21/1991","22,051.60","22,051.60","22,051.60","22,051.60","-","1.68%"
"08/20/1991","21,687.06","21,687.06","21,687.06","21,687.06","-","1.07%"
"08/19/1991","21,456.76","21,456.76","21,456.76","21,456.76","-","-5.95%"
"08/16/1991","22,814.37","22,814.37","22,814.37","22,814.37","-","-0.89%"
"08/15/1991","23,018.68","23,018.68","23,018.68","23,018.68","-","-1.60%"
"08/14/1991","23,393.30","23,393.30","23,393.30","23,393.30","-","2.28%"
"08/13/1991","22,872.00","22,872.00","22,872.00","22,872.00","-","-0.49%"
"08/12/1991","22,985.67","22,985.67","22,985.67","22,985.67","-","-1.92%"
"08/09/1991","23,434.62","23,434.62","23,434.62","23,434.62","-","-0.20%"
"08/08/1991","23,482.46","23,482.46","23,482.46","23,482.46","-","-0.88%"
"08/07/1991","23,691.02","23,691.02","23,691.02","23,691.02","-","0.96%"
"08/06/1991","23,464.96","23,464.96","23,464.96","23,464.96","-","-1.55%"
"08/05/1991","23,833.25","23,833.25","23,833.25","23,833.25","-","-0.81%"
"08/02/1991","24,027.97","24,027.97","24,027.97","24,027.97","-","-0.19%"
"08/01/1991","24,072.73","24,072.73","24,072.73","24,072.73","-","-0.20%"
"07/31/1991","24,120.75","24,120.75","24,120.75","24,120.75","-","1.04%"
"07/30/1991","23,872.63","23,872.63","23,872.63","23,872.63","-","1.83%"
"07/29/1991","23,443.58","23,443.58","23,443.58","23,443.58","-","-0.32%"
"07/26/1991","23,519.07","23,519.07","23,519.07","23,519.07","-","0.80%"
"07/25/1991","23,332.71","23,332.71","23,332.71","23,332.71","-","0.15%"
"07/24/1991","23,297.47","23,297.47","23,297.47","23,297.47","-","2.37%"
"07/23/1991","22,758.98","22,758.98","22,758.98","22,758.98","-","0.24%"
"07/22/1991","22,705.29","22,705.29","22,705.29","22,705.29","-","-0.70%"
"07/19/1991","22,866.36","22,866.36","22,866.36","22,866.36","-","-0.18%"
"07/18/1991","22,908.71","22,908.71","22,908.71","22,908.71","-","-0.66%"
"07/17/1991","23,060.70","23,060.70","23,060.70","23,060.70","-","-1.35%"
"07/16/1991","23,375.15","23,375.15","23,375.15","23,375.15","-","-0.36%"
"07/15/1991","23,459.04","23,459.04","23,459.04","23,459.04","-","1.39%"
"07/12/1991","23,137.78","23,137.78","23,137.78","23,137.78","-","0.87%"
"07/11/1991","22,937.92","22,937.92","22,937.92","22,937.92","-","-0.79%"
"07/10/1991","23,121.30","23,121.30","23,121.30","23,121.30","-","2.27%"
"07/09/1991","22,608.96","22,608.96","22,608.96","22,608.96","-","1.95%"
"07/08/1991","22,176.17","22,176.17","22,176.17","22,176.17","-","-3.15%"
"07/05/1991","22,898.34","22,898.34","22,898.34","22,898.34","-","-1.03%"
"07/04/1991","23,135.61","23,135.61","23,135.61","23,135.61","-","-1.02%"
"07/03/1991","23,373.47","23,373.47","23,373.47","23,373.47","-","-2.59%"
"07/02/1991","23,995.76","23,995.76","23,995.76","23,995.76","-","-0.47%"
"07/01/1991","24,108.76","24,108.76","24,108.76","24,108.76","-","3.51%"
"06/28/1991","23,290.96","23,290.96","23,290.96","23,290.96","-","-1.07%"
"06/27/1991","23,543.03","23,543.03","23,543.03","23,543.03","-","-0.94%"
"06/26/1991","23,766.38","23,766.38","23,766.38","23,766.38","-","-0.59%"
"06/25/1991","23,907.42","23,907.42","23,907.42","23,907.42","-","0.60%"
"06/24/1991","23,765.46","23,765.46","23,765.46","23,765.46","-","-2.10%"
"06/21/1991","24,275.08","24,275.08","24,275.08","24,275.08","-","0.80%"
"06/20/1991","24,082.26","24,082.26","24,082.26","24,082.26","-","0.36%"
"06/19/1991","23,996.75","23,996.75","23,996.75","23,996.75","-","-2.79%"
"06/18/1991","24,685.47","24,685.47","24,685.47","24,685.47","-","-1.03%"
"06/17/1991","24,943.09","24,943.09","24,943.09","24,943.09","-","-0.60%"
"06/14/1991","25,093.89","25,093.89","25,093.89","25,093.89","-","1.15%"
"06/13/1991","24,808.17","24,808.17","24,808.17","24,808.17","-","1.33%"
"06/12/1991","24,482.69","24,482.69","24,482.69","24,482.69","-","-0.73%"
"06/11/1991","24,662.59","24,662.59","24,662.59","24,662.59","-","0.26%"
"06/10/1991","24,598.38","24,598.38","24,598.38","24,598.38","-","-1.74%"
"06/07/1991","25,035.11","25,035.11","25,035.11","25,035.11","-","0.20%"
"06/06/1991","24,984.12","24,984.12","24,984.12","24,984.12","-","-1.21%"
"06/05/1991","25,289.57","25,289.57","25,289.57","25,289.57","-","-1.05%"
"06/04/1991","25,556.86","25,556.86","25,556.86","25,556.86","-","-1.37%"
"06/03/1991","25,912.61","25,912.61","25,912.61","25,912.61","-","0.48%"
"05/31/1991","25,789.62","25,789.62","25,789.62","25,789.62","-","0.55%"
"05/30/1991","25,647.40","25,647.40","25,647.40","25,647.40","-","0.60%"
"05/29/1991","25,495.41","25,495.41","25,495.41","25,495.41","-","0.41%"
"05/28/1991","25,390.67","25,390.67","25,390.67","25,390.67","-","-0.14%"
"05/27/1991","25,425.88","25,425.88","25,425.88","25,425.88","-","-0.40%"
"05/24/1991","25,529.14","25,529.14","25,529.14","25,529.14","-","-0.45%"
"05/23/1991","25,643.65","25,643.65","25,643.65","25,643.65","-","0.96%"
"05/22/1991","25,398.66","25,398.66","25,398.66","25,398.66","-","-0.32%"
"05/21/1991","25,481.21","25,481.21","25,481.21","25,481.21","-","-0.16%"
"05/20/1991","25,523.03","25,523.03","25,523.03","25,523.03","-","-0.70%"
"05/17/1991","25,701.94","25,701.94","25,701.94","25,701.94","-","0.71%"
"05/16/1991","25,520.27","25,520.27","25,520.27","25,520.27","-","-1.17%"
"05/15/1991","25,822.47","25,822.47","25,822.47","25,822.47","-","-0.80%"
"05/14/1991","26,030.08","26,030.08","26,030.08","26,030.08","-","-0.24%"
"05/13/1991","26,093.20","26,093.20","26,093.20","26,093.20","-","-0.69%"
"05/10/1991","26,274.29","26,274.29","26,274.29","26,274.29","-","-0.62%"
"05/09/1991","26,438.50","26,438.50","26,438.50","26,438.50","-","0.49%"
"05/08/1991","26,309.79","26,309.79","26,309.79","26,309.79","-","-0.12%"
"05/07/1991","26,342.14","26,342.14","26,342.14","26,342.14","-","-0.51%"
"05/02/1991","26,477.86","26,477.86","26,477.86","26,477.86","-","-0.04%"
"05/01/1991","26,489.00","26,489.00","26,489.00","26,489.00","-","1.45%"
"04/30/1991","26,111.25","26,111.25","26,111.25","26,111.25","-","-0.05%"
"04/26/1991","26,123.68","26,123.68","26,123.68","26,123.68","-","0.33%"
"04/25/1991","26,038.86","26,038.86","26,038.86","26,038.86","-","-1.11%"
"04/24/1991","26,330.21","26,330.21","26,330.21","26,330.21","-","-0.61%"
"04/23/1991","26,491.57","26,491.57","26,491.57","26,491.57","-","0.97%"
"04/22/1991","26,237.01","26,237.01","26,237.01","26,237.01","-","-1.15%"
"04/19/1991","26,541.97","26,541.97","26,541.97","26,541.97","-","-0.96%"
"04/18/1991","26,798.90","26,798.90","26,798.90","26,798.90","-","-0.67%"
"04/17/1991","26,980.37","26,980.37","26,980.37","26,980.37","-","0.62%"
"04/16/1991","26,813.30","26,813.30","26,813.30","26,813.30","-","0.44%"
"04/15/1991","26,695.53","26,695.53","26,695.53","26,695.53","-","0.43%"
"04/12/1991","26,582.50","26,582.50","26,582.50","26,582.50","-","0.60%"
"04/11/1991","26,425.19","26,425.19","26,425.19","26,425.19","-","0.60%"
"04/10/1991","26,268.86","26,268.86","26,268.86","26,268.86","-","-0.18%"
"04/09/1991","26,317.39","26,317.39","26,317.39","26,317.39","-","-1.09%"
"04/08/1991","26,607.65","26,607.65","26,607.65","26,607.65","-","-0.60%"
"04/05/1991","26,767.33","26,767.33","26,767.33","26,767.33","-","0.29%"
"04/04/1991","26,689.81","26,689.81","26,689.81","26,689.81","-","-0.34%"
"04/03/1991","26,780.06","26,780.06","26,780.06","26,780.06","-","2.01%"
"04/02/1991","26,252.00","26,252.00","26,252.00","26,252.00","-","0.94%"
"04/01/1991","26,007.40","26,007.40","26,007.40","26,007.40","-","-1.08%"
"03/29/1991","26,292.04","26,292.04","26,292.04","26,292.04","-","0.32%"
"03/28/1991","26,206.92","26,206.92","26,206.92","26,206.92","-","0.39%"
"03/27/1991","26,104.65","26,104.65","26,104.65","26,104.65","-","-0.89%"
"03/26/1991","26,339.38","26,339.38","26,339.38","26,339.38","-","-1.15%"
"03/25/1991","26,645.79","26,645.79","26,645.79","26,645.79","-","0.12%"
"03/22/1991","26,613.19","26,613.19","26,613.19","26,613.19","-","0.62%"
"03/20/1991","26,449.35","26,449.35","26,449.35","26,449.35","-","-2.06%"
"03/19/1991","27,006.66","27,006.66","27,006.66","27,006.66","-","-0.52%"
"03/18/1991","27,146.91","27,146.91","27,146.91","27,146.91","-","1.13%"
"03/15/1991","26,843.10","26,843.10","26,843.10","26,843.10","-","1.13%"
"03/14/1991","26,542.33","26,542.33","26,542.33","26,542.33","-","0.47%"
"03/13/1991","26,418.32","26,418.32","26,418.32","26,418.32","-","-1.16%"
"03/12/1991","26,727.42","26,727.42","26,727.42","26,727.42","-","0.22%"
"03/11/1991","26,669.37","26,669.37","26,669.37","26,669.37","-","0.23%"
"03/08/1991","26,607.52","26,607.52","26,607.52","26,607.52","-","0.79%"
"03/07/1991","26,397.96","26,397.96","26,397.96","26,397.96","-","0.06%"
"03/06/1991","26,382.99","26,382.99","26,382.99","26,382.99","-","1.81%"
"03/05/1991","25,913.48","25,913.48","25,913.48","25,913.48","-","-0.24%"
"03/04/1991","25,976.02","25,976.02","25,976.02","25,976.02","-","0.36%"
"03/01/1991","25,881.57","25,881.57","25,881.57","25,881.57","-","-2.00%"
"02/28/1991","26,409.22","26,409.22","26,409.22","26,409.22","-","1.21%"
"02/27/1991","26,094.25","26,094.25","26,094.25","26,094.25","-","-0.72%"
"02/26/1991","26,282.96","26,282.96","26,282.96","26,282.96","-","-0.68%"
"02/25/1991","26,462.76","26,462.76","26,462.76","26,462.76","-","2.16%"
"02/22/1991","25,902.81","25,902.81","25,902.81","25,902.81","-","-0.47%"
"02/21/1991","26,024.37","26,024.37","26,024.37","26,024.37","-","-0.67%"
"02/20/1991","26,198.79","26,198.79","26,198.79","26,198.79","-","0.12%"
"02/19/1991","26,166.98","26,166.98","26,166.98","26,166.98","-","-0.24%"
"02/18/1991","26,230.01","26,230.01","26,230.01","26,230.01","-","3.50%"
"02/15/1991","25,343.74","25,343.74","25,343.74","25,343.74","-","-0.05%"
"02/14/1991","25,356.37","25,356.37","25,356.37","25,356.37","-","0.86%"
"02/13/1991","25,139.47","25,139.47","25,139.47","25,139.47","-","0.82%"
"02/12/1991","24,935.01","24,935.01","24,935.01","24,935.01","-","2.63%"
"02/08/1991","24,296.08","24,296.08","24,296.08","24,296.08","-","0.80%"
"02/07/1991","24,104.43","24,104.43","24,104.43","24,104.43","-","0.64%"
"02/06/1991","23,952.04","23,952.04","23,952.04","23,952.04","-","0.55%"
"02/05/1991","23,821.57","23,821.57","23,821.57","23,821.57","-","2.29%"
"02/04/1991","23,287.36","23,287.36","23,287.36","23,287.36","-","0.56%"
"02/01/1991","23,156.70","23,156.70","23,156.70","23,156.70","-","-0.59%"
"01/31/1991","23,293.14","23,293.14","23,293.14","23,293.14","-","-0.50%"
"01/30/1991","23,409.61","23,409.61","23,409.61","23,409.61","-","-0.22%"
"01/29/1991","23,460.12","23,460.12","23,460.12","23,460.12","-","-0.46%"
"01/28/1991","23,569.44","23,569.44","23,569.44","23,569.44","-","-0.02%"
"01/25/1991","23,573.25","23,573.25","23,573.25","23,573.25","-","1.31%"
"01/24/1991","23,269.01","23,269.01","23,269.01","23,269.01","-","0.95%"
"01/23/1991","23,050.10","23,050.10","23,050.10","23,050.10","-","-0.88%"
"01/22/1991","23,253.65","23,253.65","23,253.65","23,253.65","-","-0.42%"
"01/21/1991","23,352.19","23,352.19","23,352.19","23,352.19","-","-1.92%"
"01/18/1991","23,808.30","23,808.30","23,808.30","23,808.30","-","1.54%"
"01/17/1991","23,446.81","23,446.81","23,446.81","23,446.81","-","4.47%"
"01/16/1991","22,442.70","22,442.70","22,442.70","22,442.70","-","-3.32%"
"01/14/1991","23,213.23","23,213.23","23,213.23","23,213.23","-","-0.12%"
"01/11/1991","23,241.02","23,241.02","23,241.02","23,241.02","-","0.84%"
"01/10/1991","23,047.36","23,047.36","23,047.36","23,047.36","-","0.34%"
"01/09/1991","22,969.27","22,969.27","22,969.27","22,969.27","-","0.31%"
"01/08/1991","22,897.84","22,897.84","22,897.84","22,897.84","-","-3.53%"
"01/07/1991","23,736.57","23,736.57","23,736.57","23,736.57","-","-1.38%"
"01/04/1991","24,069.18","24,069.18","24,069.18","24,069.18","-","0.92%"
"12/28/1990","23,848.71","23,848.71","23,848.71","23,848.71","-","-0.38%"
"12/27/1990","23,940.70","23,940.70","23,940.70","23,940.70","-","0.22%"
"12/26/1990","23,887.56","23,887.56","23,887.56","23,887.56","-","0.50%"
"12/25/1990","23,767.88","23,767.88","23,767.88","23,767.88","-","-1.46%"
"12/21/1990","24,119.60","24,119.60","24,119.60","24,119.60","-","-1.65%"
"12/20/1990","24,524.94","24,524.94","24,524.94","24,524.94","-","-1.41%"
"12/19/1990","24,876.78","24,876.78","24,876.78","24,876.78","-","1.85%"
"12/18/1990","24,424.02","24,424.02","24,424.02","24,424.02","-","1.40%"
"12/17/1990","24,087.91","24,087.91","24,087.91","24,087.91","-","-1.07%"
"12/14/1990","24,349.50","24,349.50","24,349.50","24,349.50","-","-1.19%"
"12/13/1990","24,642.97","24,642.97","24,642.97","24,642.97","-","2.68%"
"12/12/1990","23,999.41","23,999.41","23,999.41","23,999.41","-","0.18%"
"12/11/1990","23,956.97","23,956.97","23,956.97","23,956.97","-","0.72%"
"12/10/1990","23,784.67","23,784.67","23,784.67","23,784.67","-","1.11%"
"12/07/1990","23,522.49","23,522.49","23,522.49","23,522.49","-","4.30%"
"12/06/1990","22,553.10","22,553.10","22,553.10","22,553.10","-","1.62%"
"12/05/1990","22,193.72","22,193.72","22,193.72","22,193.72","-","1.51%"
"12/04/1990","21,862.61","21,862.61","21,862.61","21,862.61","-","-3.80%"
"12/03/1990","22,725.99","22,725.99","22,725.99","22,725.99","-","1.21%"
"11/30/1990","22,454.63","22,454.63","22,454.63","22,454.63","-","-1.14%"
"11/29/1990","22,712.60","22,712.60","22,712.60","22,712.60","-","-1.48%"
"11/28/1990","23,053.88","23,053.88","23,053.88","23,053.88","-","-2.41%"
"11/27/1990","23,623.51","23,623.51","23,623.51","23,623.51","-","-0.59%"
"11/26/1990","23,762.86","23,762.86","23,762.86","23,762.86","-","1.55%"
"11/22/1990","23,400.28","23,400.28","23,400.28","23,400.28","-","2.56%"
"11/21/1990","22,816.99","22,816.99","22,816.99","22,816.99","-","-1.67%"
"11/20/1990","23,205.48","23,205.48","23,205.48","23,205.48","-","-1.33%"
"11/19/1990","23,518.16","23,518.16","23,518.16","23,518.16","-","1.50%"
"11/16/1990","23,171.63","23,171.63","23,171.63","23,171.63","-","-1.34%"
"11/15/1990","23,487.48","23,487.48","23,487.48","23,487.48","-","-1.88%"
"11/14/1990","23,937.44","23,937.44","23,937.44","23,937.44","-","-0.15%"
"11/13/1990","23,973.67","23,973.67","23,973.67","23,973.67","-","4.54%"
"11/09/1990","22,931.80","22,931.80","22,931.80","22,931.80","-","-0.17%"
"11/08/1990","22,969.81","22,969.81","22,969.81","22,969.81","-","-2.26%"
"11/07/1990","23,500.25","23,500.25","23,500.25","23,500.25","-","-1.94%"
"11/06/1990","23,965.75","23,965.75","23,965.75","23,965.75","-","-1.72%"
"11/05/1990","24,385.33","24,385.33","24,385.33","24,385.33","-","0.79%"
"11/02/1990","24,194.99","24,194.99","24,194.99","24,194.99","-","-0.41%"
"11/01/1990","24,295.16","24,295.16","24,295.16","24,295.16","-","-3.57%"
"10/31/1990","25,194.10","25,194.10","25,194.10","25,194.10","-","-0.19%"
"10/30/1990","25,242.40","25,242.40","25,242.40","25,242.40","-","-0.34%"
"10/29/1990","25,329.31","25,329.31","25,329.31","25,329.31","-","1.29%"
"10/26/1990","25,005.64","25,005.64","25,005.64","25,005.64","-","-1.37%"
"10/25/1990","25,352.63","25,352.63","25,352.63","25,352.63","-","1.91%"
"10/24/1990","24,876.88","24,876.88","24,876.88","24,876.88","-","-1.67%"
"10/23/1990","25,298.30","25,298.30","25,298.30","25,298.30","-","0.91%"
"10/22/1990","25,070.86","25,070.86","25,070.86","25,070.86","-","2.41%"
"10/19/1990","24,481.49","24,481.49","24,481.49","24,481.49","-","0.47%"
"10/18/1990","24,367.08","24,367.08","24,367.08","24,367.08","-","2.13%"
"10/17/1990","23,859.36","23,859.36","23,859.36","23,859.36","-","1.07%"
"10/16/1990","23,606.10","23,606.10","23,606.10","23,606.10","-","2.15%"
"10/15/1990","23,109.20","23,109.20","23,109.20","23,109.20","-","3.21%"
"10/12/1990","22,390.16","22,390.16","22,390.16","22,390.16","-","-0.87%"
"10/11/1990","22,585.63","22,585.63","22,585.63","22,585.63","-","-3.87%"
"10/09/1990","23,495.11","23,495.11","23,495.11","23,495.11","-","-0.57%"
"10/08/1990","23,630.00","23,630.00","23,630.00","23,630.00","-","3.51%"
"10/05/1990","22,827.65","22,827.65","22,827.65","22,827.65","-","2.47%"
"10/04/1990","22,278.19","22,278.19","22,278.19","22,278.19","-","-2.50%"
"10/03/1990","22,849.39","22,849.39","22,849.39","22,849.39","-","-0.21%"
"10/02/1990","22,898.41","22,898.41","22,898.41","22,898.41","-","13.24%"
"10/01/1990","20,221.86","20,221.86","20,221.86","20,221.86","-","-3.63%"
"09/28/1990","20,983.50","20,983.50","20,983.50","20,983.50","-","-3.62%"
"09/27/1990","21,771.91","21,771.91","21,771.91","21,771.91","-","-2.15%"
"09/26/1990","22,250.62","22,250.62","22,250.62","22,250.62","-","-4.75%"
"09/25/1990","23,359.32","23,359.32","23,359.32","23,359.32","-","-1.76%"
"09/21/1990","23,777.83","23,777.83","23,777.83","23,777.83","-","0.74%"
"09/20/1990","23,602.98","23,602.98","23,602.98","23,602.98","-","-0.52%"
"09/19/1990","23,726.17","23,726.17","23,726.17","23,726.17","-","-0.66%"
"09/18/1990","23,884.82","23,884.82","23,884.82","23,884.82","-","-1.97%"
"09/17/1990","24,365.60","24,365.60","24,365.60","24,365.60","-","-2.14%"
"09/14/1990","24,897.46","24,897.46","24,897.46","24,897.46","-","-0.71%"
"09/13/1990","25,075.08","25,075.08","25,075.08","25,075.08","-","-0.56%"
"09/12/1990","25,216.14","25,216.14","25,216.14","25,216.14","-","2.49%"
"09/11/1990","24,604.66","24,604.66","24,604.66","24,604.66","-","-1.90%"
"09/10/1990","25,080.90","25,080.90","25,080.90","25,080.90","-","4.67%"
"09/07/1990","23,962.07","23,962.07","23,962.07","23,962.07","-","0.63%"
"09/06/1990","23,811.91","23,811.91","23,811.91","23,811.91","-","-1.11%"
"09/05/1990","24,078.34","24,078.34","24,078.34","24,078.34","-","-3.33%"
"09/04/1990","24,907.64","24,907.64","24,907.64","24,907.64","-","-2.02%"
"09/03/1990","25,420.43","25,420.43","25,420.43","25,420.43","-","-2.15%"
"08/31/1990","25,978.37","25,978.37","25,978.37","25,978.37","-","1.20%"
"08/30/1990","25,669.96","25,669.96","25,669.96","25,669.96","-","3.11%"
"08/29/1990","24,894.79","24,894.79","24,894.79","24,894.79","-","-3.17%"
"08/28/1990","25,710.76","25,710.76","25,710.76","25,710.76","-","2.26%"
"08/27/1990","25,141.76","25,141.76","25,141.76","25,141.76","-","4.04%"
"08/24/1990","24,165.76","24,165.76","24,165.76","24,165.76","-","1.80%"
"08/23/1990","23,737.63","23,737.63","23,737.63","23,737.63","-","-5.84%"
"08/22/1990","25,210.91","25,210.91","25,210.91","25,210.91","-","-4.13%"
"08/21/1990","26,297.84","26,297.84","26,297.84","26,297.84","-","-0.73%"
"08/20/1990","26,490.47","26,490.47","26,490.47","26,490.47","-","-1.11%"
"08/17/1990","26,786.72","26,786.72","26,786.72","26,786.72","-","-2.77%"
"08/16/1990","27,549.44","27,549.44","27,549.44","27,549.44","-","-2.00%"
"08/15/1990","28,112.12","28,112.12","28,112.12","28,112.12","-","5.40%"
"08/14/1990","26,672.53","26,672.53","26,672.53","26,672.53","-","1.90%"
"08/13/1990","26,176.43","26,176.43","26,176.43","26,176.43","-","-4.22%"
"08/10/1990","27,329.55","27,329.55","27,329.55","27,329.55","-","-1.04%"
"08/09/1990","27,615.73","27,615.73","27,615.73","27,615.73","-","-3.13%"
"08/08/1990","28,509.14","28,509.14","28,509.14","28,509.14","-","3.10%"
"08/07/1990","27,653.07","27,653.07","27,653.07","27,653.07","-","-3.31%"
"08/06/1990","28,599.53","28,599.53","28,599.53","28,599.53","-","-3.10%"
"08/03/1990","29,515.76","29,515.76","29,515.76","29,515.76","-","-2.41%"
"08/02/1990","30,245.18","30,245.18","30,245.18","30,245.18","-","-1.92%"
"08/01/1990","30,837.99","30,837.99","30,837.99","30,837.99","-","-0.64%"
"07/31/1990","31,035.66","31,035.66","31,035.66","31,035.66","-","1.95%"
"07/30/1990","30,442.95","30,442.95","30,442.95","30,442.95","-","-1.36%"
"07/27/1990","30,863.48","30,863.48","30,863.48","30,863.48","-","-1.61%"
"07/26/1990","31,369.75","31,369.75","31,369.75","31,369.75","-","-1.05%"
"07/25/1990","31,701.27","31,701.27","31,701.27","31,701.27","-","-0.00%"
"07/24/1990","31,702.46","31,702.46","31,702.46","31,702.46","-","-0.60%"
"07/23/1990","31,894.79","31,894.79","31,894.79","31,894.79","-","-1.62%"
"07/20/1990","32,421.52","32,421.52","32,421.52","32,421.52","-","-1.92%"
"07/19/1990","33,055.62","33,055.62","33,055.62","33,055.62","-","0.02%"
"07/18/1990","33,048.11","33,048.11","33,048.11","33,048.11","-","-0.37%"
"07/17/1990","33,172.28","33,172.28","33,172.28","33,172.28","-","0.46%"
"07/16/1990","33,021.73","33,021.73","33,021.73","33,021.73","-","1.16%"
"07/13/1990","32,644.37","32,644.37","32,644.37","32,644.37","-","0.21%"
"07/12/1990","32,575.32","32,575.32","32,575.32","32,575.32","-","0.87%"
"07/11/1990","32,294.18","32,294.18","32,294.18","32,294.18","-","0.44%"
"07/10/1990","32,152.43","32,152.43","32,152.43","32,152.43","-","-1.19%"
"07/09/1990","32,538.28","32,538.28","32,538.28","32,538.28","-","0.29%"
"07/06/1990","32,445.12","32,445.12","32,445.12","32,445.12","-","0.29%"
"07/05/1990","32,351.67","32,351.67","32,351.67","32,351.67","-","-0.29%"
"07/04/1990","32,445.92","32,445.92","32,445.92","32,445.92","-","0.10%"
"07/03/1990","32,414.60","32,414.60","32,414.60","32,414.60","-","0.79%"
"07/02/1990","32,160.23","32,160.23","32,160.23","32,160.23","-","0.69%"
"06/29/1990","31,940.24","31,940.24","31,940.24","31,940.24","-","-0.52%"
"06/28/1990","32,106.19","32,106.19","32,106.19","32,106.19","-","-0.64%"
"06/27/1990","32,312.75","32,312.75","32,312.75","32,312.75","-","2.35%"
"06/26/1990","31,571.77","31,571.77","31,571.77","31,571.77","-","1.44%"
"06/25/1990","31,124.19","31,124.19","31,124.19","31,124.19","-","-1.80%"
"06/22/1990","31,694.57","31,694.57","31,694.57","31,694.57","-","-1.22%"
"06/21/1990","32,087.27","32,087.27","32,087.27","32,087.27","-","-0.00%"
"06/20/1990","32,087.76","32,087.76","32,087.76","32,087.76","-","0.15%"
"06/19/1990","32,040.38","32,040.38","32,040.38","32,040.38","-","-1.04%"
"06/18/1990","32,376.80","32,376.80","32,376.80","32,376.80","-","-0.50%"
"06/15/1990","32,538.40","32,538.40","32,538.40","32,538.40","-","-0.40%"
"06/14/1990","32,668.11","32,668.11","32,668.11","32,668.11","-","0.92%"
"06/13/1990","32,371.77","32,371.77","32,371.77","32,371.77","-","0.15%"
"06/12/1990","32,322.31","32,322.31","32,322.31","32,322.31","-","-0.67%"
"06/11/1990","32,540.18","32,540.18","32,540.18","32,540.18","-","-1.37%"
"06/08/1990","32,993.29","32,993.29","32,993.29","32,993.29","-","-0.60%"
"06/07/1990","33,192.50","33,192.50","33,192.50","33,192.50","-","0.73%"
"06/06/1990","32,953.50","32,953.50","32,953.50","32,953.50","-","0.10%"
"06/05/1990","32,921.62","32,921.62","32,921.62","32,921.62","-","-0.01%"
"06/04/1990","32,925.37","32,925.37","32,925.37","32,925.37","-","0.10%"
"06/01/1990","32,891.12","32,891.12","32,891.12","32,891.12","-","-0.72%"
"05/31/1990","33,130.80","33,130.80","33,130.80","33,130.80","-","0.62%"
"05/30/1990","32,926.26","32,926.26","32,926.26","32,926.26","-","0.33%"
"05/29/1990","32,817.67","32,817.67","32,817.67","32,817.67","-","-1.13%"
"05/28/1990","33,191.61","33,191.61","33,191.61","33,191.61","-","1.21%"
"05/25/1990","32,793.88","32,793.88","32,793.88","32,793.88","-","1.49%"
"05/24/1990","32,311.75","32,311.75","32,311.75","32,311.75","-","0.42%"
"05/23/1990","32,176.51","32,176.51","32,176.51","32,176.51","-","0.75%"
"05/22/1990","31,938.30","31,938.30","31,938.30","31,938.30","-","0.55%"
"05/21/1990","31,765.05","31,765.05","31,765.05","31,765.05","-","-0.78%"
"05/18/1990","32,013.72","32,013.72","32,013.72","32,013.72","-","-0.15%"
"05/17/1990","32,061.60","32,061.60","32,061.60","32,061.60","-","0.29%"
"05/16/1990","31,967.62","31,967.62","31,967.62","31,967.62","-","-0.09%"
"05/15/1990","31,997.04","31,997.04","31,997.04","31,997.04","-","-0.14%"
"05/14/1990","32,042.65","32,042.65","32,042.65","32,042.65","-","1.68%"
"05/11/1990","31,512.14","31,512.14","31,512.14","31,512.14","-","1.72%"
"05/10/1990","30,980.26","30,980.26","30,980.26","30,980.26","-","0.11%"
"05/09/1990","30,945.61","30,945.61","30,945.61","30,945.61","-","-0.08%"
"05/08/1990","30,970.58","30,970.58","30,970.58","30,970.58","-","0.05%"
"05/07/1990","30,956.27","30,956.27","30,956.27","30,956.27","-","2.59%"
"05/02/1990","30,173.64","30,173.64","30,173.64","30,173.64","-","1.63%"
"05/01/1990","29,689.83","29,689.83","29,689.83","29,689.83","-","0.36%"
"04/27/1990","29,584.80","29,584.80","29,584.80","29,584.80","-","0.54%"
"04/26/1990","29,424.58","29,424.58","29,424.58","29,424.58","-","-0.47%"
"04/25/1990","29,564.36","29,564.36","29,564.36","29,564.36","-","0.21%"
"04/24/1990","29,501.38","29,501.38","29,501.38","29,501.38","-","-0.60%"
"04/23/1990","29,679.07","29,679.07","29,679.07","29,679.07","-","-0.52%"
"04/20/1990","29,835.44","29,835.44","29,835.44","29,835.44","-","-0.37%"
"04/19/1990","29,945.41","29,945.41","29,945.41","29,945.41","-","2.38%"
"04/18/1990","29,249.06","29,249.06","29,249.06","29,249.06","-","2.77%"
"04/17/1990","28,461.60","28,461.60","28,461.60","28,461.60","-","-0.01%"
"04/16/1990","28,463.18","28,463.18","28,463.18","28,463.18","-","-2.57%"
"04/13/1990","29,213.92","29,213.92","29,213.92","29,213.92","-","-1.38%"
"04/12/1990","29,623.20","29,623.20","29,623.20","29,623.20","-","0.62%"
"04/11/1990","29,440.28","29,440.28","29,440.28","29,440.28","-","-0.62%"
"04/10/1990","29,624.68","29,624.68","29,624.68","29,624.68","-","-2.54%"
"04/09/1990","30,397.93","30,397.93","30,397.93","30,397.93","-","3.82%"
"04/06/1990","29,278.78","29,278.78","29,278.78","29,278.78","-","3.65%"
"04/05/1990","28,249.06","28,249.06","28,249.06","28,249.06","-","-0.68%"
"04/04/1990","28,442.94","28,442.94","28,442.94","28,442.94","-","-1.10%"
"04/03/1990","28,759.72","28,759.72","28,759.72","28,759.72","-","2.71%"
"04/02/1990","28,002.07","28,002.07","28,002.07","28,002.07","-","-6.60%"
"03/30/1990","29,980.45","29,980.45","29,980.45","29,980.45","-","-3.37%"
"03/29/1990","31,026.16","31,026.16","31,026.16","31,026.16","-","-0.76%"
"03/28/1990","31,263.57","31,263.57","31,263.57","31,263.57","-","-1.77%"
"03/27/1990","31,825.96","31,825.96","31,825.96","31,825.96","-","-0.05%"
"03/26/1990","31,840.49","31,840.49","31,840.49","31,840.49","-","4.83%"
"03/23/1990","30,372.16","30,372.16","30,372.16","30,372.16","-","1.77%"
"03/22/1990","29,843.34","29,843.34","29,843.34","29,843.34","-","-3.13%"
"03/20/1990","30,807.19","30,807.19","30,807.19","30,807.19","-","-1.46%"
"03/19/1990","31,263.24","31,263.24","31,263.24","31,263.24","-","-4.15%"
"03/16/1990","32,616.44","32,616.44","32,616.44","32,616.44","-","-0.17%"
"03/15/1990","32,671.64","32,671.64","32,671.64","32,671.64","-","0.99%"
"03/14/1990","32,352.13","32,352.13","32,352.13","32,352.13","-","-0.82%"
"03/13/1990","32,620.57","32,620.57","32,620.57","32,620.57","-","-2.24%"
"03/12/1990","33,368.23","33,368.23","33,368.23","33,368.23","-","-1.84%"
"03/09/1990","33,993.12","33,993.12","33,993.12","33,993.12","-","0.90%"
"03/08/1990","33,690.89","33,690.89","33,690.89","33,690.89","-","0.98%"
"03/07/1990","33,362.34","33,362.34","33,362.34","33,362.34","-","-1.27%"
"03/06/1990","33,791.08","33,791.08","33,791.08","33,791.08","-","-0.16%"
"03/05/1990","33,845.20","33,845.20","33,845.20","33,845.20","-","-0.62%"
"03/02/1990","34,057.56","34,057.56","34,057.56","34,057.56","-","0.67%"
"03/01/1990","33,829.58","33,829.58","33,829.58","33,829.58","-","-2.20%"
"02/28/1990","34,591.99","34,591.99","34,591.99","34,591.99","-","2.05%"
"02/27/1990","33,897.95","33,897.95","33,897.95","33,897.95","-","1.73%"
"02/26/1990","33,321.87","33,321.87","33,321.87","33,321.87","-","-4.50%"
"02/23/1990","34,890.97","34,890.97","34,890.97","34,890.97","-","-2.61%"
"02/22/1990","35,826.84","35,826.84","35,826.84","35,826.84","-","0.26%"
"02/21/1990","35,734.33","35,734.33","35,734.33","35,734.33","-","-3.15%"
"02/20/1990","36,895.52","36,895.52","36,895.52","36,895.52","-","-0.88%"
"02/19/1990","37,222.60","37,222.60","37,222.60","37,222.60","-","-0.63%"
"02/16/1990","37,460.32","37,460.32","37,460.32","37,460.32","-","-0.03%"
"02/15/1990","37,471.99","37,471.99","37,471.99","37,471.99","-","0.85%"
"02/14/1990","37,155.89","37,155.89","37,155.89","37,155.89","-","0.13%"
"02/13/1990","37,107.03","37,107.03","37,107.03","37,107.03","-","-0.49%"
"02/09/1990","37,288.14","37,288.14","37,288.14","37,288.14","-","-0.61%"
"02/08/1990","37,516.24","37,516.24","37,516.24","37,516.24","-","0.57%"
"02/07/1990","37,301.87","37,301.87","37,301.87","37,301.87","-","-0.97%"
"02/06/1990","37,666.83","37,666.83","37,666.83","37,666.83","-","0.09%"
"02/05/1990","37,631.41","37,631.41","37,631.41","37,631.41","-","-0.05%"
"02/02/1990","37,650.15","37,650.15","37,650.15","37,650.15","-","1.19%"
"02/01/1990","37,206.42","37,206.42","37,206.42","37,206.42","-","0.05%"
"01/31/1990","37,188.95","37,188.95","37,188.95","37,188.95","-","-0.07%"
"01/30/1990","37,215.67","37,215.67","37,215.67","37,215.67","-","0.11%"
"01/29/1990","37,173.70","37,173.70","37,173.70","37,173.70","-","0.81%"
"01/26/1990","36,874.07","36,874.07","36,874.07","36,874.07","-","-0.26%"
"01/25/1990","36,969.11","36,969.11","36,969.11","36,969.11","-","0.52%"
"01/24/1990","36,778.98","36,778.98","36,778.98","36,778.98","-","-1.60%"
"01/23/1990","37,378.02","37,378.02","37,378.02","37,378.02","-","0.32%"
"01/22/1990","37,257.00","37,257.00","37,257.00","37,257.00","-","1.14%"
"01/19/1990","36,836.54","36,836.54","36,836.54","36,836.54","-","0.29%"
"01/18/1990","36,729.49","36,729.49","36,729.49","36,729.49","-","-0.25%"
"01/17/1990","36,821.14","36,821.14","36,821.14","36,821.14","-","-0.08%"
"01/16/1990","36,850.36","36,850.36","36,850.36","36,850.36","-","-1.78%"
"01/12/1990","37,516.77","37,516.77","37,516.77","37,516.77","-","-1.71%"
"01/11/1990","38,170.13","38,170.13","38,170.13","38,170.13","-","1.26%"
"01/10/1990","37,696.50","37,696.50","37,696.50","37,696.50","-","-0.67%"
"01/09/1990","37,951.46","37,951.46","37,951.46","37,951.46","-","-0.90%"
"01/08/1990","38,294.96","38,294.96","38,294.96","38,294.96","-","0.05%"
"01/05/1990","38,274.76","38,274.76","38,274.76","38,274.76","-","-1.13%"
"01/04/1990","38,712.88","38,712.88","38,712.88","38,712.88","-","-0.52%"
