"Date","Price","Open","High","Low","Vol.","Change %"
"06/10/2026","7,266.99","7,350.54","7,396.56","7,265.93","5.25B","-1.62%"
"06/09/2026","7,386.65","7,438.66","7,483.15","7,237.85","6.01B","-0.26%"
"06/08/2026","7,405.73","7,440.57","7,466.81","7,395.13","4.90B","0.30%"
"06/05/2026","7,383.74","7,537.36","7,541.81","7,368.63","5.59B","-2.64%"
"06/04/2026","7,584.31","7,516.54","7,598.19","7,516.54","5.40B","0.41%"
"06/03/2026","7,553.68","7,605.31","7,605.35","7,551.22","5.75B","-0.74%"
"06/02/2026","7,609.78","7,595.40","7,620.90","7,582.99","5.90B","0.13%"
"06/01/2026","7,599.96","7,582.29","7,617.66","7,562.61","6.58B","0.26%"
"05/29/2026","7,580.06","7,579.33","7,599.38","7,563.55","7.86B","0.22%"
"05/28/2026","7,563.63","7,519.82","7,568.72","7,508.04","5.49B","0.58%"
"05/27/2026","7,520.36","7,526.01","7,530.72","7,499.72","5.52B","0.02%"
"05/26/2026","7,519.12","7,511.79","7,539.09","7,501.10","5.50B","0.61%"
"05/22/2026","7,473.47","7,468.82","7,506.32","7,463.29","4.95B","0.37%"
"05/21/2026","7,445.72","7,410.78","7,465.96","7,389.48","5.44B","0.17%"
"05/20/2026","7,432.97","7,369.19","7,435.69","7,357.46","5.38B","1.08%"
"05/19/2026","7,353.61","7,375.75","7,395.32","7,333.68","5.44B","-0.67%"
"05/18/2026","7,403.05","7,415.07","7,434.06","7,353.17","5.49B","-0.07%"
"05/15/2026","7,408.50","7,445.11","7,454.85","7,397.50","5.58B","-1.24%"
"05/14/2026","7,501.24","7,454.40","7,517.12","7,454.40","5.27B","0.77%"
"05/13/2026","7,444.25","7,409.12","7,460.04","7,375.13","5.72B","0.58%"
"05/12/2026","7,400.96","7,390.63","7,409.57","7,338.54","5.62B","-0.16%"
"05/11/2026","7,412.84","7,385.31","7,428.97","7,384.20","5.82B","0.19%"
"05/08/2026","7,398.93","7,362.97","7,401.50","7,362.97","5.30B","0.84%"
"05/07/2026","7,337.11","7,376.78","7,385.02","7,321.25","6.24B","-0.38%"
"05/06/2026","7,365.12","7,294.14","7,369.22","7,294.14","6.58B","1.46%"
"05/05/2026","7,259.22","7,233.62","7,273.26","7,233.62","5.28B","0.81%"
"05/04/2026","7,200.75","7,228.38","7,244.54","7,174.12","5.22B","-0.41%"
"05/01/2026","7,230.12","7,234.54","7,272.52","7,229.32","4.85B","0.29%"
"04/30/2026","7,209.01","7,161.75","7,219.83","7,126.15","5.72B","1.02%"
"04/29/2026","7,135.95","7,131.61","7,145.63","7,107.86","5.12B","-0.04%"
"04/28/2026","7,138.80","7,133.74","7,152.52","7,115.17","4.90B","-0.49%"
"04/27/2026","7,173.91","7,152.72","7,178.74","7,146.72","4.78B","0.12%"
"04/24/2026","7,165.08","7,136.48","7,168.59","7,112.82","4.61B","0.80%"
"04/23/2026","7,108.40","7,118.80","7,147.78","7,046.55","5.31B","-0.41%"
"04/22/2026","7,137.90","7,102.91","7,138.64","7,102.91","4.92B","1.05%"
"04/21/2026","7,064.01","7,122.64","7,137.27","7,050.20","5.16B","-0.63%"
"04/20/2026","7,109.14","7,117.05","7,122.65","7,084.41","4.66B","-0.24%"
"04/17/2026","7,126.06","7,074.55","7,147.52","7,074.55","6.15B","1.20%"
"04/16/2026","7,041.28","7,037.78","7,051.23","7,008.52","5.17B","0.26%"
"04/15/2026","7,022.95","6,978.17","7,026.24","6,967.13","5.28B","0.80%"
"04/14/2026","6,967.38","6,910.20","6,969.42","6,905.17","5.03B","1.18%"
"04/13/2026","6,886.24","6,806.47","6,887.00","6,790.02","4.79B","1.02%"
"04/10/2026","6,816.89","6,839.24","6,845.77","6,808.46","4.39B","-0.11%"
"04/09/2026","6,824.66","6,783.69","6,835.31","6,761.55","4.91B","0.62%"
"04/08/2026","6,782.81","6,754.36","6,793.50","6,740.28","5.90B","2.51%"
"04/07/2026","6,616.85","6,601.93","6,618.26","6,534.55","4.56B","0.08%"
"04/06/2026","6,611.83","6,587.66","6,618.13","6,579.72","3.91B","0.44%"
"04/02/2026","6,582.69","6,512.61","6,601.91","6,474.94","4.74B","0.11%"
"04/01/2026","6,575.32","6,556.56","6,609.67","6,554.29","5.64B","0.72%"
"03/31/2026","6,528.52","6,395.88","6,539.05","6,395.88","6.40B","2.91%"
"03/30/2026","6,343.72","6,403.37","6,427.31","6,316.91","5.46B","-0.39%"
"03/27/2026","6,368.85","6,453.89","6,453.89","6,356.08","5.30B","-1.67%"
"03/26/2026","6,477.16","6,555.86","6,573.22","6,473.79","4.85B","-1.74%"
"03/25/2026","6,591.90","6,598.35","6,633.94","6,568.41","4.94B","0.54%"
"03/24/2026","6,556.37","6,552.09","6,595.75","6,525.11","5.28B","-0.37%"
"03/23/2026","6,581.00","6,574.96","6,651.62","6,565.55","6.02B","1.15%"
"03/20/2026","6,506.48","6,594.66","6,594.66","6,473.52","10.03B","-1.51%"
"03/19/2026","6,606.49","6,583.12","6,636.74","6,557.82","5.97B","-0.27%"
"03/18/2026","6,624.70","6,697.16","6,705.18","6,621.66","5.28B","-1.36%"
"03/17/2026","6,716.09","6,722.35","6,754.30","6,710.80","5.06B","0.25%"
"03/16/2026","6,699.38","6,674.37","6,729.79","6,674.37","5.18B","1.01%"
"03/13/2026","6,632.19","6,673.49","6,733.30","6,623.92","5.34B","-0.61%"
"03/12/2026","6,672.62","6,740.88","6,740.88","6,670.40","6.29B","-1.52%"
"03/11/2026","6,775.80","6,790.09","6,811.15","6,745.59","5.51B","-0.08%"
"03/10/2026","6,781.48","6,796.56","6,845.08","6,759.74","5.94B","-0.21%"
"03/09/2026","6,795.99","6,699.80","6,810.44","6,636.04","6.71B","0.83%"
"03/06/2026","6,740.02","6,769.03","6,773.42","6,711.56","5.79B","-1.33%"
"03/05/2026","6,830.71","6,851.08","6,870.43","6,770.78","5.99B","-0.56%"
"03/04/2026","6,869.50","6,831.69","6,885.94","6,811.64","5.25B","0.78%"
"03/03/2026","6,816.63","6,800.26","6,840.05","6,710.42","6.44B","-0.94%"
"03/02/2026","6,881.62","6,824.36","6,901.01","6,796.85","6.08B","0.04%"
"02/27/2026","6,878.88","6,856.54","6,882.96","6,831.74","6.67B","-0.43%"
"02/26/2026","6,908.86","6,944.74","6,947.25","6,859.73","5.89B","-0.54%"
"02/25/2026","6,946.13","6,915.15","6,952.51","6,915.15","5.33B","0.81%"
"02/24/2026","6,890.07","6,837.37","6,899.17","6,815.43","5.27B","0.77%"
"02/23/2026","6,837.75","6,901.25","6,916.96","6,819.82","5.64B","-1.04%"
"02/20/2026","6,909.51","6,843.26","6,915.86","6,836.33","5.43B","0.69%"
"02/19/2026","6,861.89","6,861.34","6,879.12","6,833.06","5.15B","-0.28%"
"02/18/2026","6,881.31","6,855.48","6,909.12","6,849.66","5.10B","0.56%"
"02/17/2026","6,843.22","6,819.86","6,866.99","6,775.50","5.42B","0.10%"
"02/13/2026","6,836.17","6,834.27","6,881.96","6,794.55","5.72B","0.05%"
"02/12/2026","6,832.76","6,957.54","6,973.22","6,824.04","7.12B","-1.57%"
"02/11/2026","6,941.47","6,976.48","6,993.48","6,911.97","6.18B","-0.00%"
"02/10/2026","6,941.81","6,974.49","6,986.83","6,937.53","5.60B","-0.33%"
"02/09/2026","6,964.82","6,917.26","6,980.10","6,905.87","5.65B","0.47%"
"02/06/2026","6,932.30","6,816.74","6,944.89","6,816.74","6.28B","1.97%"
"02/05/2026","6,798.40","6,837.39","6,857.85","6,780.13","6.99B","-1.23%"
"02/04/2026","6,882.72","6,924.50","6,936.09","6,838.80","7.48B","-0.51%"
"02/03/2026","6,917.81","6,985.45","6,993.08","6,862.05","7.02B","-0.84%"
"02/02/2026","6,976.44","6,916.64","6,991.92","6,914.34","5.77B","0.54%"
"01/30/2026","6,939.03","6,947.27","6,964.09","6,893.48","6.70B","-0.43%"
"01/29/2026","6,969.01","6,977.74","6,992.84","6,870.80","6.88B","-0.13%"
"01/28/2026","6,978.03","7,002.00","7,002.28","6,963.46","5.51B","-0.01%"
"01/27/2026","6,978.60","6,965.96","6,988.82","6,958.83","5.33B","0.41%"
"01/26/2026","6,950.23","6,923.23","6,964.66","6,921.60","4.97B","0.50%"
"01/23/2026","6,915.61","6,907.85","6,932.96","6,895.50","4.87B","0.03%"
"01/22/2026","6,913.35","6,914.44","6,934.75","6,893.62","5.31B","0.55%"
"01/21/2026","6,875.62","6,810.71","6,910.39","6,804.96","5.84B","1.16%"
"01/20/2026","6,796.86","6,865.24","6,871.17","6,789.05","5.77B","-2.06%"
"01/16/2026","6,940.01","6,960.54","6,967.30","6,925.09","5.36B","-0.06%"
"01/15/2026","6,944.47","6,969.46","6,979.34","6,937.93","5.11B","0.26%"
"01/14/2026","6,926.60","6,937.41","6,941.30","6,885.74","5.53B","-0.53%"
"01/13/2026","6,963.74","6,977.41","6,985.83","6,938.77","5.09B","-0.19%"
"01/12/2026","6,977.27","6,944.12","6,986.33","6,934.07","5.02B","0.16%"
"01/09/2026","6,966.28","6,927.83","6,978.36","6,917.64","5.16B","0.65%"
"01/08/2026","6,921.46","6,914.11","6,931.28","6,899.33","5.33B","0.01%"
"01/07/2026","6,920.93","6,945.07","6,965.69","6,919.19","5.21B","-0.34%"
"01/06/2026","6,944.82","6,908.03","6,948.69","6,904.02","5.51B","0.62%"
"01/05/2026","6,902.05","6,892.19","6,920.38","6,891.56","5.77B","0.64%"
"01/02/2026","6,858.47","6,878.11","6,894.87","6,824.31","4.18B","0.19%"
"12/31/2025","6,845.50","6,898.82","6,901.42","6,844.55","3.26B","-0.74%"
"12/30/2025","6,896.24","6,900.44","6,913.25","6,893.47","3.31B","-0.14%"
"12/29/2025","6,905.74","6,903.60","6,920.21","6,888.76","3.54B","-0.35%"
"12/26/2025","6,929.94","6,936.02","6,945.77","6,921.60","2.59B","-0.03%"
"12/24/2025","6,932.05","6,904.91","6,937.32","6,904.91","1.80B","0.32%"
"12/23/2025","6,909.79","6,872.41","6,910.88","6,868.81","3.82B","0.46%"
"12/22/2025","6,878.49","6,865.21","6,882.03","6,855.74","4.47B","0.64%"
"12/19/2025","6,834.50","6,792.62","6,840.02","6,792.62","8.55B","0.88%"
"12/18/2025","6,774.76","6,778.06","6,816.13","6,758.50","5.10B","0.79%"
"12/17/2025","6,721.43","6,802.88","6,812.26","6,720.43","5.12B","-1.16%"
"12/16/2025","6,800.26","6,800.12","6,819.27","6,759.74","4.98B","-0.24%"
"12/15/2025","6,816.51","6,860.19","6,861.59","6,801.49","4.98B","-0.16%"
"12/12/2025","6,827.41","6,886.85","6,899.85","6,801.79","4.91B","-1.07%"
"12/11/2025","6,901.00","6,861.30","6,903.46","6,833.45","5.02B","0.21%"
"12/10/2025","6,886.68","6,833.49","6,900.67","6,824.69","5.53B","0.67%"
"12/09/2025","6,840.51","6,840.61","6,864.92","6,837.43","4.51B","-0.09%"
"12/08/2025","6,846.51","6,875.20","6,878.27","6,827.19","4.76B","-0.35%"
"12/05/2025","6,870.40","6,866.32","6,895.78","6,858.29","4.94B","0.19%"
"12/04/2025","6,857.12","6,866.47","6,866.47","6,827.12","4.87B","0.11%"
"12/03/2025","6,849.72","6,815.29","6,862.42","6,810.43","4.74B","0.30%"
"12/02/2025","6,829.37","6,830.96","6,851.55","6,806.71","4.58B","0.25%"
"12/01/2025","6,812.63","6,812.30","6,843.65","6,799.94","4.55B","-0.53%"
"11/28/2025","6,849.09","6,822.52","6,850.86","6,819.75","2.56B","0.54%"
"11/26/2025","6,812.61","6,793.55","6,831.44","6,783.87","4.49B","0.69%"
"11/25/2025","6,765.88","6,697.03","6,776.40","6,659.98","5.00B","0.91%"
"11/24/2025","6,705.12","6,636.54","6,715.75","6,630.70","6.04B","1.55%"
"11/21/2025","6,602.99","6,555.77","6,660.05","6,521.92","5.93B","0.98%"
"11/20/2025","6,538.76","6,737.93","6,770.35","6,534.05","5.60B","-1.56%"
"11/19/2025","6,642.16","6,625.84","6,689.75","6,603.50","5.02B","0.38%"
"11/18/2025","6,617.32","6,641.19","6,666.63","6,574.32","5.16B","-0.83%"
"11/17/2025","6,672.41","6,713.61","6,754.50","6,638.90","5.20B","-0.92%"
"11/14/2025","6,734.11","6,672.14","6,774.31","6,646.87","5.04B","-0.05%"
"11/13/2025","6,737.49","6,826.47","6,828.05","6,724.72","5.47B","-1.66%"
"11/12/2025","6,850.92","6,867.77","6,869.91","6,829.62","5.29B","0.06%"
"11/11/2025","6,846.61","6,815.64","6,855.13","6,806.87","4.98B","0.21%"
"11/10/2025","6,832.43","6,785.36","6,841.32","6,770.56","5.37B","1.54%"
"11/07/2025","6,728.80","6,696.18","6,730.11","6,631.44","5.93B","0.13%"
"11/06/2025","6,720.32","6,787.59","6,796.68","6,707.51","6.05B","-1.12%"
"11/05/2025","6,796.29","6,769.77","6,829.78","6,763.11","5.94B","0.37%"
"11/04/2025","6,771.55","6,788.52","6,820.21","6,766.71","5.74B","-1.17%"
"11/03/2025","6,851.97","6,882.32","6,882.32","6,820.62","6.07B","0.17%"
"10/31/2025","6,840.20","6,879.17","6,879.17","6,814.26","6.40B","0.26%"
"10/30/2025","6,822.34","6,860.50","6,880.75","6,820.69","6.05B","-0.99%"
"10/29/2025","6,890.59","6,910.95","6,920.34","6,851.91","6.28B","-0.00%"
"10/28/2025","6,890.89","6,897.74","6,911.30","6,870.73","5.70B","0.23%"
"10/27/2025","6,875.16","6,845.46","6,877.28","6,843.94","5.29B","1.23%"
"10/24/2025","6,791.69","6,772.07","6,807.11","6,772.07","5.06B","0.79%"
"10/23/2025","6,738.44","6,703.65","6,749.53","6,700.14","5.57B","0.58%"
"10/22/2025","6,699.40","6,741.34","6,741.75","6,655.69","5.71B","-0.53%"
"10/21/2025","6,735.35","6,736.75","6,752.16","6,722.03","5.25B","0.00%"
"10/20/2025","6,735.13","6,690.05","6,744.35","6,690.05","4.67B","1.07%"
"10/17/2025","6,664.01","6,613.27","6,678.88","6,603.76","5.36B","0.53%"
"10/16/2025","6,629.07","6,689.02","6,709.34","6,593.99","6.05B","-0.63%"
"10/15/2025","6,671.06","6,688.27","6,724.12","6,612.11","5.63B","0.40%"
"10/14/2025","6,644.31","6,602.49","6,680.70","6,555.07","5.67B","-0.16%"
"10/13/2025","6,654.72","6,622.53","6,668.68","6,620.71","5.30B","1.56%"
"10/10/2025","6,552.51","6,740.49","6,762.40","6,550.78","6.60B","-2.71%"
"10/09/2025","6,735.11","6,760.50","6,764.58","6,716.17","5.39B","-0.28%"
"10/08/2025","6,753.72","6,723.87","6,755.64","6,718.09","5.38B","0.58%"
"10/07/2025","6,714.59","6,746.14","6,754.49","6,699.96","5.55B","-0.38%"
"10/06/2025","6,740.28","6,733.86","6,749.52","6,717.78","5.60B","0.36%"
"10/03/2025","6,715.79","6,722.14","6,750.87","6,705.67","5.71B","0.01%"
"10/02/2025","6,715.35","6,731.31","6,731.94","6,693.23","5.42B","0.06%"
"10/01/2025","6,711.20","6,664.92","6,718.48","6,656.20","6.04B","0.34%"
"09/30/2025","6,688.46","6,656.19","6,691.25","6,641.00","6.06B","0.41%"
"09/29/2025","6,661.21","6,661.58","6,677.31","6,644.49","5.36B","0.26%"
"09/26/2025","6,643.70","6,615.38","6,648.97","6,604.43","5.10B","0.59%"
"09/25/2025","6,604.72","6,608.19","6,619.00","6,569.22","5.87B","-0.50%"
"09/24/2025","6,637.97","6,669.79","6,672.66","6,621.76","5.46B","-0.28%"
"09/23/2025","6,656.92","6,692.44","6,699.52","6,645.58","5.63B","-0.55%"
"09/22/2025","6,693.75","6,654.28","6,698.88","6,648.07","5.64B","0.44%"
"09/19/2025","6,664.36","6,647.11","6,671.82","6,630.31","9.13B","0.49%"
"09/18/2025","6,631.96","6,626.85","6,656.80","6,611.89","5.29B","0.48%"
"09/17/2025","6,600.35","6,604.87","6,624.39","6,551.15","5.81B","-0.10%"
"09/16/2025","6,606.76","6,624.13","6,626.99","6,600.11","5.36B","-0.13%"
"09/15/2025","6,615.28","6,603.49","6,619.62","6,602.07","5.05B","0.47%"
"09/12/2025","6,584.29","6,590.66","6,600.21","6,579.49","4.64B","-0.05%"
"09/11/2025","6,587.47","6,554.41","6,592.89","6,545.80","5.43B","0.85%"
"09/10/2025","6,532.04","6,550.29","6,555.97","6,516.34","5.25B","0.30%"
"09/09/2025","6,512.61","6,503.33","6,518.23","6,483.08","4.80B","0.27%"
"09/08/2025","6,495.15","6,498.09","6,508.67","6,483.29","5.21B","0.21%"
"09/05/2025","6,481.50","6,529.08","6,532.65","6,443.98","5.07B","-0.32%"
"09/04/2025","6,502.08","6,456.60","6,502.54","6,445.98","4.67B","0.83%"
"09/03/2025","6,448.26","6,445.82","6,453.67","6,416.17","4.47B","0.51%"
"09/02/2025","6,415.54","6,401.51","6,416.54","6,360.58","4.78B","-0.69%"
"08/29/2025","6,460.26","6,489.28","6,491.76","6,444.57","4.23B","-0.64%"
"08/28/2025","6,501.86","6,483.84","6,508.23","6,466.96","4.28B","0.32%"
"08/27/2025","6,481.40","6,462.26","6,487.06","6,457.84","4.14B","0.24%"
"08/26/2025","6,465.94","6,435.49","6,468.37","6,429.21","4.87B","0.41%"
"08/25/2025","6,439.32","6,457.67","6,466.89","6,438.06","4.06B","-0.43%"
"08/22/2025","6,466.91","6,384.59","6,478.89","6,384.59","5.05B","1.52%"
"08/21/2025","6,370.17","6,380.83","6,393.65","6,352.71","4.01B","-0.40%"
"08/20/2025","6,395.78","6,406.62","6,408.40","6,343.86","4.47B","-0.24%"
"08/19/2025","6,411.37","6,446.24","6,456.48","6,400.22","4.38B","-0.59%"
"08/18/2025","6,449.15","6,445.02","6,455.35","6,437.70","4.16B","-0.01%"
"08/15/2025","6,449.80","6,477.38","6,481.34","6,441.85","4.58B","-0.29%"
"08/14/2025","6,468.54","6,453.46","6,473.92","6,441.07","4.46B","0.03%"
"08/13/2025","6,466.58","6,462.67","6,480.28","6,445.02","5.20B","0.32%"
"08/12/2025","6,445.76","6,395.17","6,446.55","6,385.76","5.14B","1.13%"
"08/11/2025","6,373.45","6,389.67","6,407.25","6,364.06","4.65B","-0.25%"
"08/08/2025","6,389.45","6,355.22","6,395.16","6,355.22","4.77B","0.78%"
"08/07/2025","6,340.00","6,374.32","6,389.71","6,310.32","5.31B","-0.08%"
"08/06/2025","6,345.06","6,309.30","6,352.83","6,301.11","5.41B","0.73%"
"08/05/2025","6,299.19","6,336.63","6,346.00","6,289.37","5.52B","-0.49%"
"08/04/2025","6,329.94","6,271.71","6,330.69","6,271.71","4.84B","1.47%"
"08/01/2025","6,238.01","6,287.28","6,287.28","6,212.69","5.83B","-1.60%"
"07/31/2025","6,339.39","6,427.02","6,427.02","6,327.64","6.08B","-0.37%"
"07/30/2025","6,362.90","6,381.23","6,396.54","6,336.38","5.38B","-0.12%"
"07/29/2025","6,370.86","6,405.62","6,409.26","6,363.92","5.08B","-0.30%"
"07/28/2025","6,389.77","6,397.69","6,401.07","6,375.79","4.57B","0.02%"
"07/25/2025","6,388.64","6,370.01","6,395.82","6,368.53","4.47B","0.40%"
"07/24/2025","6,363.35","6,368.60","6,381.31","6,360.57","5.28B","0.07%"
"07/23/2025","6,358.91","6,326.90","6,360.64","6,317.49","5.64B","0.78%"
"07/22/2025","6,309.62","6,306.60","6,316.12","6,281.71","5.66B","0.06%"
"07/21/2025","6,305.60","6,304.74","6,336.08","6,303.79","5.01B","0.14%"
"07/18/2025","6,296.79","6,312.95","6,315.61","6,285.27","5.18B","-0.01%"
"07/17/2025","6,297.36","6,263.40","6,304.69","6,262.27","5.51B","0.54%"
"07/16/2025","6,263.70","6,254.50","6,268.12","6,201.59","5.18B","0.32%"
"07/15/2025","6,243.76","6,295.29","6,302.04","6,241.68","5.13B","-0.40%"
"07/14/2025","6,268.56","6,255.15","6,273.31","6,239.22","4.72B","0.14%"
"07/11/2025","6,259.75","6,255.68","6,269.44","6,237.60","4.66B","-0.33%"
"07/10/2025","6,280.46","6,266.80","6,290.22","6,251.44","5.37B","0.27%"
"07/09/2025","6,263.26","6,243.33","6,269.16","6,231.43","4.81B","0.61%"
"07/08/2025","6,225.52","6,234.03","6,242.70","6,217.75","5.74B","-0.07%"
"07/07/2025","6,229.98","6,259.04","6,262.07","6,201.00","5.24B","-0.79%"
"07/03/2025","6,279.35","6,246.46","6,284.65","6,246.46","3.38B","0.83%"
"07/02/2025","6,227.42","6,193.88","6,227.60","6,188.29","5.65B","0.47%"
"07/01/2025","6,198.01","6,187.25","6,210.78","6,177.97","6.28B","-0.11%"
"06/30/2025","6,204.95","6,193.36","6,215.08","6,174.97","5.78B","0.52%"
"06/27/2025","6,173.07","6,150.70","6,187.68","6,132.35","7.89B","0.52%"
"06/26/2025","6,141.02","6,112.09","6,146.52","6,107.27","5.31B","0.80%"
"06/25/2025","6,092.16","6,104.23","6,108.51","6,080.09","5.17B","-0.00%"
"06/24/2025","6,092.18","6,061.21","6,101.76","6,059.25","5.44B","1.11%"
"06/23/2025","6,025.17","5,969.67","6,028.77","5,943.23","5.60B","0.96%"
"06/20/2025","5,967.84","5,999.67","6,018.20","5,952.56","7.45B","-0.22%"
"06/18/2025","5,980.87","5,987.93","6,018.25","5,971.89","5.11B","-0.03%"
"06/17/2025","5,982.72","6,012.15","6,023.25","5,974.80","4.96B","-0.84%"
"06/16/2025","6,033.11","6,004.00","6,050.83","6,004.00","5.11B","0.94%"
"06/13/2025","5,976.97","6,000.56","6,026.16","5,963.21","5.26B","-1.13%"
"06/12/2025","6,045.26","6,009.90","6,045.43","6,003.88","4.67B","0.38%"
"06/11/2025","6,022.24","6,049.38","6,059.40","6,002.32","5.11B","-0.27%"
"06/10/2025","6,038.81","6,009.91","6,043.01","6,000.28","4.88B","0.55%"
"06/09/2025","6,005.88","6,004.63","6,021.31","5,994.18","4.64B","0.09%"
"06/06/2025","6,000.36","5,987.06","6,016.87","5,978.63","4.36B","1.03%"
"06/05/2025","5,939.30","5,985.67","5,999.70","5,921.20","5.09B","-0.53%"
"06/04/2025","5,970.81","5,978.94","5,990.48","5,966.11","4.77B","0.01%"
"06/03/2025","5,970.37","5,938.56","5,981.35","5,929.00","5.03B","0.58%"
"06/02/2025","5,935.94","5,896.68","5,937.40","5,861.43","4.83B","0.41%"
"05/30/2025","5,911.69","5,903.67","5,922.14","5,843.66","6.38B","-0.01%"
"05/29/2025","5,912.17","5,939.96","5,943.13","5,873.80","4.57B","0.40%"
"05/28/2025","5,888.55","5,925.54","5,939.92","5,881.88","4.67B","-0.56%"
"05/27/2025","5,921.54","5,854.07","5,924.33","5,854.07","5.37B","2.05%"
"05/23/2025","5,802.82","5,781.89","5,829.51","5,767.41","4.66B","-0.67%"
"05/22/2025","5,842.01","5,841.26","5,878.08","5,825.82","5.16B","-0.04%"
"05/21/2025","5,844.61","5,910.18","5,938.37","5,830.91","5.25B","-1.61%"
"05/20/2025","5,940.46","5,944.66","5,953.06","5,909.26","4.42B","-0.39%"
"05/19/2025","5,963.60","5,902.88","5,968.61","5,895.69","4.14B","0.09%"
"05/16/2025","5,958.38","5,929.09","5,958.62","5,907.36","4.85B","0.70%"
"05/15/2025","5,916.93","5,869.82","5,924.21","5,865.16","4.99B","0.41%"
"05/14/2025","5,892.58","5,896.74","5,906.55","5,872.11","5.23B","0.10%"
"05/13/2025","5,886.55","5,854.15","5,906.64","5,845.02","5.52B","0.72%"
"05/12/2025","5,844.19","5,807.20","5,845.37","5,786.08","6.01B","3.26%"
"05/09/2025","5,659.91","5,679.65","5,691.69","5,644.15","4.65B","-0.07%"
"05/08/2025","5,663.94","5,663.60","5,720.10","5,635.38","5.63B","0.58%"
"05/07/2025","5,631.28","5,614.18","5,654.73","5,578.64","4.99B","0.43%"
"05/06/2025","5,606.91","5,605.87","5,649.58","5,586.04","4.72B","-0.77%"
"05/05/2025","5,650.38","5,655.32","5,683.38","5,634.48","4.36B","-0.64%"
"05/02/2025","5,686.67","5,645.88","5,700.70","5,642.28","4.85B","1.47%"
"05/01/2025","5,604.14","5,625.14","5,658.91","5,597.35","4.94B","0.63%"
"04/30/2025","5,569.06","5,499.44","5,581.84","5,433.24","5.45B","0.15%"
"04/29/2025","5,560.83","5,508.87","5,571.95","5,505.70","4.75B","0.58%"
"04/28/2025","5,528.75","5,529.22","5,553.66","5,468.64","4.26B","0.06%"
"04/25/2025","5,525.21","5,489.73","5,528.11","5,455.86","4.24B","0.74%"
"04/24/2025","5,484.77","5,381.38","5,489.40","5,371.96","4.70B","2.03%"
"04/23/2025","5,375.86","5,395.92","5,469.69","5,356.17","5.37B","1.67%"
"04/22/2025","5,287.76","5,207.67","5,309.61","5,207.67","4.67B","2.51%"
"04/21/2025","5,158.20","5,232.94","5,232.94","5,101.63","4.23B","-2.36%"
"04/17/2025","5,282.70","5,305.45","5,328.31","5,255.58","4.71B","0.13%"
"04/16/2025","5,275.70","5,335.75","5,367.24","5,220.79","4.61B","-2.24%"
"04/15/2025","5,396.63","5,411.99","5,450.41","5,386.44","4.32B","-0.17%"
"04/14/2025","5,405.97","5,441.96","5,459.46","5,358.02","5.03B","0.79%"
"04/11/2025","5,363.36","5,255.56","5,381.46","5,220.77","5.60B","1.81%"
"04/10/2025","5,268.05","5,353.15","5,353.15","5,115.27","6.68B","-3.46%"
"04/09/2025","5,456.90","4,965.28","5,481.34","4,948.43","9.49B","9.52%"
"04/08/2025","4,982.77","5,193.57","5,267.47","4,910.42","7.41B","-1.57%"
"04/07/2025","5,062.25","4,953.79","5,246.57","4,835.04","8.69B","-0.23%"
"04/04/2025","5,074.08","5,292.14","5,292.14","5,069.90","8.85B","-5.97%"
"04/03/2025","5,396.52","5,492.74","5,499.53","5,390.83","7.21B","-4.84%"
"04/02/2025","5,670.97","5,580.76","5,695.31","5,571.48","4.24B","0.67%"
"04/01/2025","5,633.07","5,597.53","5,650.57","5,558.52","4.43B","0.38%"
"03/31/2025","5,611.85","5,527.91","5,627.56","5,488.73","5.26B","0.55%"
"03/28/2025","5,580.94","5,679.20","5,685.89","5,572.42","4.51B","-1.97%"
"03/27/2025","5,693.31","5,695.64","5,732.28","5,670.94","4.40B","-0.33%"
"03/26/2025","5,712.20","5,771.66","5,783.62","5,694.41","4.18B","-1.12%"
"03/25/2025","5,776.65","5,775.96","5,786.95","5,760.42","4.47B","0.16%"
"03/24/2025","5,767.57","5,718.08","5,775.14","5,718.08","4.52B","1.76%"
"03/21/2025","5,667.56","5,630.73","5,670.84","5,603.10","9.37B","0.08%"
"03/20/2025","5,662.89","5,646.92","5,711.15","5,632.33","4.68B","-0.22%"
"03/19/2025","5,675.29","5,632.37","5,715.33","5,622.20","4.66B","1.08%"
"03/18/2025","5,614.66","5,654.53","5,654.53","5,597.76","4.67B","-1.07%"
"03/17/2025","5,675.12","5,635.60","5,703.52","5,631.12","5.03B","0.64%"
"03/14/2025","5,638.94","5,563.85","5,645.27","5,563.85","4.86B","2.13%"
"03/13/2025","5,521.52","5,594.45","5,597.78","5,504.65","5.02B","-1.39%"
"03/12/2025","5,599.30","5,624.84","5,642.19","5,546.09","5.22B","0.49%"
"03/11/2025","5,572.07","5,603.65","5,636.30","5,528.41","6.22B","-0.76%"
"03/10/2025","5,614.56","5,705.37","5,705.37","5,564.02","6.41B","-2.70%"
"03/07/2025","5,770.20","5,726.01","5,783.01","5,666.29","5.71B","0.55%"
"03/06/2025","5,738.52","5,785.87","5,812.08","5,711.64","5.17B","-1.78%"
"03/05/2025","5,842.63","5,781.36","5,860.59","5,742.35","5.29B","1.12%"
"03/04/2025","5,778.15","5,811.98","5,865.08","5,732.59","6.14B","-1.22%"
"03/03/2025","5,849.72","5,968.33","5,986.09","5,810.91","5.61B","-1.76%"
"02/28/2025","5,954.50","5,856.74","5,959.40","5,837.66","6.44B","1.59%"
"02/27/2025","5,861.57","5,981.88","5,993.69","5,858.78","5.06B","-1.59%"
"02/26/2025","5,956.06","5,970.87","6,009.82","5,932.69","4.87B","0.01%"
"02/25/2025","5,955.25","5,982.73","5,992.65","5,908.49","5.37B","-0.47%"
"02/24/2025","5,983.25","6,026.69","6,043.65","5,977.83","4.99B","-0.50%"
"02/21/2025","6,013.13","6,114.10","6,114.82","6,008.56","5.43B","-1.71%"
"02/20/2025","6,117.52","6,134.50","6,134.50","6,084.59","4.81B","-0.43%"
"02/19/2025","6,144.15","6,117.76","6,147.43","6,111.15","4.56B","0.24%"
"02/18/2025","6,129.58","6,121.60","6,129.63","6,099.51","4.68B","0.24%"
"02/14/2025","6,114.63","6,115.52","6,127.47","6,107.62","4.34B","-0.01%"
"02/13/2025","6,115.07","6,060.59","6,116.91","6,050.95","4.76B","1.04%"
"02/12/2025","6,051.97","6,025.08","6,063.00","6,003.00","4.63B","-0.27%"
"02/11/2025","6,068.50","6,049.32","6,076.28","6,042.34","4.32B","0.03%"
"02/10/2025","6,066.44","6,046.40","6,073.38","6,044.84","4.46B","0.67%"
"02/07/2025","6,025.99","6,083.13","6,101.28","6,019.96","4.77B","-0.95%"
"02/06/2025","6,083.57","6,072.22","6,084.03","6,046.83","4.85B","0.36%"
"02/05/2025","6,061.48","6,020.45","6,062.86","6,007.06","4.76B","0.39%"
"02/04/2025","6,037.88","5,998.14","6,042.48","5,990.87","4.41B","0.72%"
"02/03/2025","5,994.57","5,969.65","6,022.13","5,923.93","4.80B","-0.76%"
"01/31/2025","6,040.53","6,096.79","6,120.91","6,030.93","4.84B","-0.50%"
"01/30/2025","6,071.17","6,050.75","6,086.64","6,027.46","4.63B","0.53%"
"01/29/2025","6,039.31","6,057.70","6,062.83","6,012.96","4.12B","-0.47%"
"01/28/2025","6,067.70","6,026.97","6,074.54","5,994.63","4.47B","0.92%"
"01/27/2025","6,012.28","5,969.04","6,017.17","5,962.92","5.20B","-1.46%"
"01/24/2025","6,101.24","6,121.43","6,128.18","6,088.74","4.21B","-0.29%"
"01/23/2025","6,118.71","6,076.32","6,118.73","6,074.67","4.43B","0.53%"
"01/22/2025","6,086.37","6,081.39","6,100.81","6,076.13","4.32B","0.61%"
"01/21/2025","6,049.24","6,014.12","6,051.51","6,006.88","4.70B","0.88%"
"01/17/2025","5,996.66","5,995.40","6,014.96","5,978.44","4.37B","1.00%"
"01/16/2025","5,937.34","5,963.61","5,964.69","5,930.72","4.29B","-0.21%"
"01/15/2025","5,949.91","5,905.21","5,960.61","5,905.21","4.54B","1.83%"
"01/14/2025","5,842.91","5,859.27","5,871.92","5,805.42","4.14B","0.11%"
"01/13/2025","5,836.22","5,782.02","5,838.61","5,773.31","4.42B","0.16%"
"01/10/2025","5,827.04","5,890.35","5,890.35","5,807.78","4.75B","-1.54%"
"01/08/2025","5,918.25","5,910.66","5,927.89","5,874.78","4.44B","0.16%"
"01/07/2025","5,909.03","5,993.26","6,000.68","5,890.68","4.52B","-1.11%"
"01/06/2025","5,975.38","5,982.81","6,021.04","5,960.01","4.94B","0.55%"
"01/03/2025","5,942.47","5,891.07","5,949.34","5,888.66","3.67B","1.26%"
"01/02/2025","5,868.55","5,903.26","5,935.09","5,829.53","3.62B","-0.22%"
"12/31/2024","5,881.63","5,919.74","5,929.74","5,868.86","3.13B","-0.43%"
"12/30/2024","5,906.94","5,920.67","5,940.79","5,869.16","3.43B","-1.07%"
"12/27/2024","5,970.84","6,006.17","6,006.17","5,932.95","3.16B","-1.11%"
"12/26/2024","6,037.59","6,024.97","6,049.75","6,007.37","2.90B","-0.04%"
"12/24/2024","6,040.04","5,984.63","6,040.10","5,981.44","1.76B","1.10%"
"12/23/2024","5,974.07","5,940.25","5,978.25","5,902.57","3.59B","0.73%"
"12/20/2024","5,930.85","5,842.00","5,982.06","5,832.30","8.22B","1.09%"
"12/19/2024","5,867.08","5,912.71","5,935.52","5,866.07","4.90B","-0.09%"
"12/18/2024","5,872.16","6,047.65","6,070.67","5,867.79","5.25B","-2.95%"
"12/17/2024","6,050.61","6,052.55","6,057.68","6,035.19","4.54B","-0.39%"
"12/16/2024","6,074.08","6,063.79","6,085.19","6,059.14","4.39B","0.38%"
"12/13/2024","6,051.09","6,068.17","6,078.58","6,035.77","3.58B","-0.00%"
"12/12/2024","6,051.25","6,074.29","6,079.68","6,051.25","3.68B","-0.54%"
"12/11/2024","6,084.19","6,060.15","6,092.59","6,060.15","4.27B","0.82%"
"12/10/2024","6,034.91","6,057.59","6,065.40","6,029.89","4.05B","-0.30%"
"12/09/2024","6,052.85","6,083.01","6,088.51","6,048.63","4.56B","-0.61%"
"12/06/2024","6,090.27","6,081.38","6,099.97","6,079.98","3.92B","0.25%"
"12/05/2024","6,075.11","6,089.03","6,094.55","6,072.90","4.21B","-0.19%"
"12/04/2024","6,086.49","6,069.39","6,089.84","6,061.06","4.00B","0.61%"
"12/03/2024","6,049.88","6,042.97","6,052.07","6,033.39","4.09B","0.05%"
"12/02/2024","6,047.15","6,040.11","6,053.58","6,035.33","4.41B","0.24%"
"11/29/2024","6,032.38","6,003.98","6,044.17","6,003.98","2.44B","0.56%"
"11/27/2024","5,998.74","6,014.11","6,020.16","5,984.87","3.36B","-0.38%"
"11/26/2024","6,021.63","6,000.03","6,025.42","5,992.27","3.84B","0.57%"
"11/25/2024","5,987.37","5,992.28","6,020.75","5,963.91","5.63B","0.30%"
"11/22/2024","5,969.34","5,944.36","5,972.90","5,944.36","4.14B","0.35%"
"11/21/2024","5,948.71","5,940.58","5,963.32","5,887.26","4.23B","0.53%"
"11/20/2024","5,917.11","5,914.34","5,920.67","5,860.56","3.77B","0.00%"
"11/19/2024","5,916.98","5,870.05","5,923.51","5,855.29","4.04B","0.40%"
"11/18/2024","5,893.62","5,874.17","5,908.12","5,865.95","3.98B","0.39%"
"11/15/2024","5,870.62","5,912.79","5,915.32","5,853.01","4.59B","-1.32%"
"11/14/2024","5,949.17","5,989.68","5,993.88","5,942.28","4.18B","-0.60%"
"11/13/2024","5,985.38","5,985.75","6,008.19","5,965.91","4.22B","0.02%"
"11/12/2024","5,983.99","6,003.60","6,009.92","5,960.08","4.24B","-0.29%"
"11/11/2024","6,001.35","6,008.86","6,017.31","5,986.69","4.33B","0.10%"
"11/08/2024","5,995.54","5,976.76","6,012.45","5,976.76","4.67B","0.38%"
"11/07/2024","5,973.10","5,947.21","5,983.84","5,947.21","4.93B","0.74%"
"11/06/2024","5,929.04","5,864.89","5,936.14","5,864.89","6.33B","2.53%"
"11/05/2024","5,782.76","5,722.43","5,783.44","5,722.10","3.77B","1.23%"
"11/04/2024","5,712.69","5,725.15","5,741.43","5,696.51","3.60B","-0.28%"
"11/01/2024","5,728.80","5,723.22","5,772.52","5,723.22","3.80B","0.41%"
"10/31/2024","5,705.45","5,775.34","5,775.34","5,702.86","4.43B","-1.86%"
"10/30/2024","5,813.67","5,832.65","5,850.94","5,811.28","3.85B","-0.33%"
"10/29/2024","5,832.92","5,819.68","5,847.19","5,802.17","3.88B","0.16%"
"10/28/2024","5,823.52","5,833.93","5,842.92","5,823.08","3.69B","0.27%"
"10/25/2024","5,808.12","5,826.75","5,862.82","5,799.98","3.50B","-0.03%"
"10/24/2024","5,809.86","5,817.80","5,817.80","5,784.92","3.54B","0.21%"
"10/23/2024","5,797.42","5,834.50","5,834.85","5,762.41","3.53B","-0.92%"
"10/22/2024","5,851.20","5,832.70","5,863.04","5,821.17","3.34B","-0.05%"
"10/21/2024","5,853.98","5,857.82","5,866.92","5,824.79","3.41B","-0.18%"
"10/18/2024","5,864.67","5,859.43","5,872.17","5,846.11","3.37B","0.40%"
"10/17/2024","5,841.47","5,875.62","5,878.46","5,840.25","3.48B","-0.02%"
"10/16/2024","5,842.47","5,816.58","5,846.52","5,808.34","3.47B","0.47%"
"10/15/2024","5,815.26","5,866.74","5,870.36","5,804.48","3.88B","-0.76%"
"10/14/2024","5,859.85","5,829.81","5,871.41","5,829.57","3.01B","0.77%"
"10/11/2024","5,815.03","5,775.09","5,822.13","5,775.09","3.21B","0.61%"
"10/10/2024","5,780.05","5,778.36","5,795.03","5,764.76","3.21B","-0.21%"
"10/09/2024","5,792.04","5,751.80","5,796.80","5,745.02","3.65B","0.71%"
"10/08/2024","5,751.13","5,719.14","5,757.60","5,714.56","3.39B","0.97%"
"10/07/2024","5,695.94","5,737.80","5,739.34","5,686.85","3.64B","-0.96%"
"10/04/2024","5,751.07","5,737.48","5,753.21","5,702.83","3.48B","0.90%"
"10/03/2024","5,699.94","5,698.19","5,718.78","5,677.37","3.60B","-0.17%"
"10/02/2024","5,709.54","5,698.14","5,719.63","5,674.00","3.83B","0.01%"
"10/01/2024","5,708.75","5,757.73","5,757.73","5,681.28","4.03B","-0.93%"
"09/30/2024","5,762.48","5,726.52","5,765.14","5,703.53","4.43B","0.42%"
"09/27/2024","5,738.17","5,755.36","5,763.78","5,727.34","3.90B","-0.13%"
"09/26/2024","5,745.37","5,762.22","5,767.37","5,721.01","4.39B","0.40%"
"09/25/2024","5,722.26","5,733.65","5,741.03","5,712.06","3.62B","-0.19%"
"09/24/2024","5,732.93","5,727.66","5,735.32","5,698.99","3.87B","0.25%"
"09/23/2024","5,718.57","5,711.90","5,725.36","5,704.22","3.53B","0.28%"
"09/20/2024","5,702.55","5,709.64","5,715.14","5,674.49","7.87B","-0.19%"
"09/19/2024","5,713.64","5,702.63","5,733.57","5,686.42","4.02B","1.70%"
"09/18/2024","5,618.26","5,641.68","5,689.75","5,615.08","3.69B","-0.29%"
"09/17/2024","5,634.58","5,655.51","5,670.81","5,614.05","3.44B","0.03%"
"09/16/2024","5,633.09","5,615.21","5,636.05","5,604.53","3.44B","0.13%"
"09/13/2024","5,626.02","5,603.34","5,636.27","5,601.65","3.50B","0.54%"
"09/12/2024","5,595.76","5,557.48","5,600.71","5,535.50","3.66B","0.75%"
"09/11/2024","5,554.13","5,496.42","5,560.41","5,406.96","3.84B","1.07%"
"09/10/2024","5,495.52","5,490.51","5,497.91","5,441.72","3.85B","0.45%"
"09/09/2024","5,471.05","5,442.07","5,484.20","5,434.49","3.83B","1.16%"
"09/06/2024","5,408.42","5,507.33","5,522.47","5,402.62","3.82B","-1.73%"
"09/05/2024","5,503.41","5,520.08","5,546.30","5,480.54","3.52B","-0.30%"
"09/04/2024","5,520.07","5,506.68","5,552.99","5,503.66","3.48B","-0.16%"
"09/03/2024","5,528.93","5,623.89","5,623.89","5,504.33","3.87B","-2.12%"
"08/30/2024","5,648.40","5,612.74","5,651.37","5,581.79","4.19B","1.01%"
"08/29/2024","5,591.96","5,607.30","5,646.95","5,583.71","3.07B","-0.00%"
"08/28/2024","5,592.18","5,624.51","5,627.03","5,560.95","3.05B","-0.60%"
"08/27/2024","5,625.80","5,602.89","5,631.18","5,593.48","2.80B","0.16%"
"08/26/2024","5,616.84","5,639.66","5,651.62","5,602.34","2.94B","-0.32%"
"08/23/2024","5,634.61","5,602.49","5,641.82","5,585.16","3.29B","1.15%"
"08/22/2024","5,570.64","5,637.77","5,643.22","5,560.95","2.98B","-0.89%"
"08/21/2024","5,620.85","5,603.09","5,632.68","5,591.57","3.12B","0.42%"
"08/20/2024","5,597.12","5,602.88","5,620.51","5,585.50","2.99B","-0.20%"
"08/19/2024","5,608.25","5,557.23","5,608.30","5,550.74","3.22B","0.97%"
"08/16/2024","5,554.25","5,530.50","5,561.98","5,525.17","3.36B","0.20%"
"08/15/2024","5,543.22","5,501.13","5,546.23","5,501.13","3.72B","1.61%"
"08/14/2024","5,455.21","5,442.36","5,463.22","5,415.91","3.38B","0.38%"
"08/13/2024","5,434.43","5,376.98","5,436.50","5,376.98","3.65B","1.68%"
"08/12/2024","5,344.39","5,351.88","5,371.20","5,324.37","3.36B","0.00%"
"08/09/2024","5,344.16","5,314.66","5,358.67","5,300.84","3.52B","0.47%"
"08/08/2024","5,319.31","5,252.57","5,328.03","5,233.85","4.02B","2.30%"
"08/07/2024","5,199.50","5,293.13","5,330.64","5,195.54","4.56B","-0.77%"
"08/06/2024","5,240.03","5,206.42","5,312.34","5,193.56","4.69B","1.04%"
"08/05/2024","5,186.33","5,151.14","5,250.89","5,119.26","5.33B","-3.00%"
"08/02/2024","5,346.56","5,376.63","5,383.89","5,302.03","5.16B","-1.84%"
"08/01/2024","5,446.68","5,537.84","5,566.16","5,410.42","4.70B","-1.37%"
"07/31/2024","5,522.30","5,505.59","5,551.51","5,493.75","4.55B","1.58%"
"07/30/2024","5,436.44","5,478.73","5,489.46","5,401.70","3.78B","-0.50%"
"07/29/2024","5,463.54","5,476.55","5,487.74","5,444.44","3.38B","0.08%"
"07/26/2024","5,459.10","5,433.67","5,488.32","5,430.70","3.64B","1.11%"
"07/25/2024","5,399.22","5,428.70","5,491.59","5,390.95","4.59B","-0.51%"
"07/24/2024","5,427.13","5,505.84","5,508.04","5,419.98","3.95B","-2.31%"
"07/23/2024","5,555.74","5,565.30","5,585.34","5,550.90","3.50B","-0.16%"
"07/22/2024","5,564.41","5,544.54","5,570.36","5,529.04","3.38B","1.08%"
"07/19/2024","5,505.00","5,543.37","5,557.50","5,497.04","3.76B","-0.71%"
"07/18/2024","5,544.59","5,608.56","5,614.05","5,522.81","4.01B","-0.78%"
"07/17/2024","5,588.27","5,610.07","5,622.49","5,584.81","4.25B","-1.39%"
"07/16/2024","5,667.20","5,644.09","5,669.67","5,639.02","4.04B","0.64%"
"07/15/2024","5,631.22","5,638.16","5,666.94","5,614.75","3.62B","0.28%"
"07/12/2024","5,615.35","5,590.76","5,655.56","5,590.44","3.70B","0.55%"
"07/11/2024","5,584.54","5,635.21","5,642.45","5,576.53","4.02B","-0.88%"
"07/10/2024","5,633.91","5,591.26","5,635.39","5,586.44","3.34B","1.02%"
"07/09/2024","5,576.98","5,584.24","5,590.75","5,574.57","3.23B","0.07%"
"07/08/2024","5,572.85","5,572.75","5,583.11","5,562.51","3.19B","0.10%"
"07/05/2024","5,567.19","5,537.91","5,570.33","5,531.63","3.25B","0.54%"
"07/03/2024","5,537.02","5,507.44","5,539.27","5,507.42","2.18B","0.51%"
"07/02/2024","5,509.01","5,461.84","5,509.69","5,458.43","3.33B","0.62%"
"07/01/2024","5,475.09","5,471.08","5,479.55","5,446.53","3.49B","0.27%"
"06/28/2024","5,460.48","5,488.48","5,523.64","5,451.12","7.20B","-0.41%"
"06/27/2024","5,482.87","5,473.59","5,490.81","5,467.54","3.59B","0.09%"
"06/26/2024","5,477.90","5,460.71","5,483.14","5,451.87","3.56B","0.16%"
"06/25/2024","5,469.30","5,460.73","5,472.88","5,446.56","3.59B","0.39%"
"06/24/2024","5,447.87","5,459.58","5,490.66","5,447.59","3.70B","-0.31%"
"06/21/2024","5,464.62","5,466.77","5,478.31","5,452.03","6.77B","-0.16%"
"06/20/2024","5,473.17","5,499.99","5,505.53","5,455.56","3.85B","-0.25%"
"06/18/2024","5,487.03","5,476.15","5,490.38","5,471.32","3.54B","0.25%"
"06/17/2024","5,473.23","5,431.11","5,488.50","5,420.40","3.45B","0.77%"
"06/14/2024","5,431.60","5,424.08","5,432.39","5,403.75","3.44B","-0.04%"
"06/13/2024","5,433.74","5,441.93","5,441.93","5,402.51","3.53B","0.23%"
"06/12/2024","5,421.03","5,409.13","5,447.25","5,409.13","3.96B","0.85%"
"06/11/2024","5,375.32","5,353.00","5,375.95","5,327.25","3.57B","0.27%"
"06/10/2024","5,360.79","5,341.22","5,365.79","5,331.52","3.62B","0.26%"
"06/07/2024","5,346.99","5,343.81","5,375.08","5,331.33","3.69B","-0.11%"
"06/06/2024","5,352.96","5,357.80","5,362.35","5,335.36","3.61B","-0.02%"
"06/05/2024","5,354.03","5,314.48","5,354.16","5,297.64","3.59B","1.18%"
"06/04/2024","5,291.34","5,278.24","5,298.80","5,257.63","3.71B","0.15%"
"06/03/2024","5,283.40","5,297.15","5,302.11","5,234.32","4.05B","0.11%"
"05/31/2024","5,277.51","5,243.21","5,280.33","5,191.68","5.44B","0.80%"
"05/30/2024","5,235.48","5,259.77","5,260.21","5,222.10","3.82B","-0.60%"
"05/29/2024","5,266.95","5,278.73","5,282.27","5,262.70","3.55B","-0.74%"
"05/28/2024","5,306.04","5,315.91","5,315.91","5,280.89","3.75B","0.02%"
"05/24/2024","5,304.72","5,281.45","5,311.65","5,278.39","3.01B","0.70%"
"05/23/2024","5,267.84","5,340.26","5,341.88","5,256.93","3.87B","-0.74%"
"05/22/2024","5,307.01","5,319.28","5,323.18","5,286.01","3.85B","-0.27%"
"05/21/2024","5,321.41","5,298.69","5,324.32","5,297.87","3.66B","0.25%"
"05/20/2024","5,308.13","5,305.35","5,325.32","5,302.40","3.42B","0.09%"
"05/17/2024","5,303.27","5,303.10","5,305.45","5,283.59","3.58B","0.12%"
"05/16/2024","5,297.10","5,310.07","5,325.49","5,296.19","3.82B","-0.21%"
"05/15/2024","5,308.15","5,263.26","5,311.76","5,263.26","4.36B","1.17%"
"05/14/2024","5,246.68","5,221.10","5,250.37","5,217.98","4.76B","0.48%"
"05/13/2024","5,221.42","5,233.08","5,237.26","5,211.16","4.26B","-0.02%"
"05/10/2024","5,222.68","5,225.49","5,239.66","5,209.68","3.62B","0.16%"
"05/09/2024","5,214.08","5,189.03","5,215.30","5,180.41","3.73B","0.51%"
"05/08/2024","5,187.67","5,168.98","5,191.95","5,165.86","3.84B","-0.00%"
"05/07/2024","5,187.70","5,187.20","5,200.23","5,178.96","3.99B","0.13%"
"05/06/2024","5,180.74","5,142.42","5,181.00","5,142.42","3.68B","1.03%"
"05/03/2024","5,127.79","5,122.78","5,139.12","5,101.22","3.92B","1.26%"
"05/02/2024","5,064.20","5,049.32","5,073.21","5,011.05","4.38B","0.91%"
"05/01/2024","5,018.39","5,029.03","5,096.12","5,013.45","4.54B","-0.34%"
"04/30/2024","5,035.69","5,103.78","5,110.83","5,035.31","4.08B","-1.57%"
"04/29/2024","5,116.17","5,114.13","5,123.49","5,088.65","3.45B","0.32%"
"04/26/2024","5,099.96","5,084.65","5,114.62","5,073.14","3.60B","1.02%"
"04/25/2024","5,048.42","5,019.88","5,057.75","4,990.58","3.96B","-0.46%"
"04/24/2024","5,071.63","5,084.86","5,089.48","5,047.02","3.66B","0.02%"
"04/23/2024","5,070.55","5,028.85","5,076.12","5,027.96","3.75B","1.20%"
"04/22/2024","5,010.60","4,987.33","5,038.84","4,969.40","3.82B","0.87%"
"04/19/2024","4,967.23","5,005.44","5,019.02","4,953.56","3.88B","-0.88%"
"04/18/2024","5,011.12","5,031.52","5,056.66","5,001.89","3.62B","-0.22%"
"04/17/2024","5,022.21","5,068.97","5,077.96","5,007.25","3.60B","-0.58%"
"04/16/2024","5,051.41","5,064.59","5,079.84","5,039.83","4.01B","-0.21%"
"04/15/2024","5,061.82","5,149.67","5,168.43","5,052.47","3.95B","-1.20%"
"04/12/2024","5,123.41","5,171.51","5,175.03","5,107.94","3.96B","-1.46%"
"04/11/2024","5,199.06","5,172.95","5,211.78","5,138.77","3.51B","0.74%"
"04/10/2024","5,160.64","5,167.88","5,178.43","5,138.70","3.85B","-0.95%"
"04/09/2024","5,209.91","5,217.03","5,224.81","5,160.78","3.40B","0.14%"
"04/08/2024","5,202.39","5,211.37","5,219.57","5,197.35","3.28B","-0.04%"
"04/05/2024","5,204.34","5,158.95","5,222.18","5,157.21","3.39B","1.11%"
"04/04/2024","5,147.21","5,244.05","5,256.59","5,146.06","4.08B","-1.23%"
"04/03/2024","5,211.49","5,194.37","5,228.75","5,194.37","3.70B","0.11%"
"04/02/2024","5,205.81","5,204.29","5,208.34","5,184.05","3.89B","-0.72%"
"04/01/2024","5,243.77","5,257.97","5,263.95","5,229.20","3.33B","-0.20%"
"03/28/2024","5,254.35","5,248.03","5,264.85","5,245.82","4.00B","0.11%"
"03/27/2024","5,248.49","5,226.31","5,249.26","5,213.92","3.85B","0.86%"
"03/26/2024","5,203.58","5,228.85","5,235.16","5,203.42","3.87B","-0.28%"
"03/25/2024","5,218.19","5,219.52","5,229.09","5,216.09","3.33B","-0.31%"
"03/22/2024","5,234.18","5,242.48","5,246.09","5,229.87","3.37B","-0.14%"
"03/21/2024","5,241.53","5,253.43","5,261.10","5,240.66","4.21B","0.32%"
"03/20/2024","5,224.62","5,181.69","5,226.19","5,171.55","4.06B","0.89%"
"03/19/2024","5,178.51","5,139.09","5,180.31","5,131.59","4.03B","0.56%"
"03/18/2024","5,149.42","5,154.77","5,175.60","5,145.47","4.04B","0.63%"
"03/15/2024","5,117.09","5,123.31","5,136.86","5,104.35","7.75B","-0.65%"
"03/14/2024","5,150.48","5,175.14","5,176.85","5,123.30","4.69B","-0.29%"
"03/13/2024","5,165.31","5,173.49","5,179.14","5,151.88","4.28B","-0.19%"
"03/12/2024","5,175.27","5,134.30","5,179.87","5,114.48","4.08B","1.12%"
"03/11/2024","5,117.94","5,111.96","5,124.66","5,091.14","3.90B","-0.11%"
"03/08/2024","5,123.69","5,164.46","5,189.26","5,117.50","4.21B","-0.65%"
"03/07/2024","5,157.36","5,132.38","5,165.62","5,128.21","4.14B","1.03%"
"03/06/2024","5,104.76","5,108.03","5,127.97","5,092.22","4.56B","0.51%"
"03/05/2024","5,078.65","5,110.52","5,114.54","5,056.82","4.42B","-1.02%"
"03/04/2024","5,130.95","5,130.99","5,149.67","5,127.18","4.76B","-0.12%"
"03/01/2024","5,137.08","5,098.51","5,140.33","5,094.16","4.75B","0.80%"
"02/29/2024","5,096.27","5,085.36","5,104.99","5,061.89","5.22B","0.52%"
"02/28/2024","5,069.76","5,067.20","5,077.37","5,058.35","3.79B","-0.17%"
"02/27/2024","5,078.18","5,074.60","5,080.69","5,057.29","3.93B","0.17%"
"02/26/2024","5,069.53","5,093.00","5,097.66","5,068.91","3.68B","-0.38%"
"02/23/2024","5,088.80","5,100.92","5,111.06","5,081.46","3.67B","0.03%"
"02/22/2024","5,087.03","5,038.83","5,094.39","5,038.83","4.05B","2.11%"
"02/21/2024","4,981.80","4,963.03","4,983.21","4,946.00","3.79B","0.13%"
"02/20/2024","4,975.51","4,989.32","4,993.71","4,955.02","4.03B","-0.60%"
"02/16/2024","5,005.57","5,031.13","5,038.70","4,999.52","3.83B","-0.48%"
"02/15/2024","5,029.73","5,003.14","5,032.72","4,999.44","4.14B","0.58%"
"02/14/2024","5,000.62","4,976.44","5,002.52","4,956.45","3.85B","0.96%"
"02/13/2024","4,953.17","4,967.94","4,971.30","4,920.31","4.30B","-1.37%"
"02/12/2024","5,021.84","5,026.83","5,048.39","5,016.83","3.81B","-0.09%"
"02/09/2024","5,026.61","5,004.17","5,030.06","5,000.34","3.91B","0.57%"
"02/08/2024","4,997.91","4,995.16","5,000.40","4,987.09","4.34B","0.06%"
"02/07/2024","4,995.06","4,973.05","4,999.89","4,969.05","4.90B","0.82%"
"02/06/2024","4,954.23","4,950.16","4,957.77","4,934.88","4.44B","0.23%"
"02/05/2024","4,942.81","4,957.19","4,957.19","4,918.09","4.02B","-0.32%"
"02/02/2024","4,958.61","4,916.06","4,975.29","4,907.99","3.97B","1.07%"
"02/01/2024","4,906.19","4,861.11","4,906.97","4,853.52","4.39B","1.25%"
"01/31/2024","4,845.65","4,899.19","4,906.75","4,845.15","4.70B","-1.61%"
"01/30/2024","4,924.97","4,925.89","4,931.09","4,916.27","3.84B","-0.06%"
"01/29/2024","4,927.93","4,892.95","4,929.31","4,887.40","3.53B","0.76%"
"01/26/2024","4,890.97","4,888.91","4,906.69","4,881.47","3.35B","-0.07%"
"01/25/2024","4,894.16","4,886.66","4,898.15","4,869.34","4.02B","0.53%"
"01/24/2024","4,868.55","4,888.56","4,903.68","4,865.94","4.33B","0.08%"
"01/23/2024","4,864.60","4,856.80","4,866.48","4,844.37","3.91B","0.29%"
"01/22/2024","4,850.43","4,853.42","4,868.41","4,844.05","4.30B","0.22%"
"01/19/2024","4,839.81","4,796.28","4,842.07","4,785.87","4.29B","1.23%"
"01/18/2024","4,780.94","4,760.10","4,785.79","4,740.57","4.02B","0.88%"
"01/17/2024","4,739.21","4,739.13","4,744.23","4,714.82","3.93B","-0.56%"
"01/16/2024","4,765.98","4,772.35","4,782.34","4,747.12","4.26B","-0.37%"
"01/12/2024","4,783.83","4,791.18","4,802.40","4,768.98","3.49B","0.08%"
"01/11/2024","4,780.24","4,792.13","4,798.50","4,739.58","3.76B","-0.07%"
"01/10/2024","4,783.45","4,759.94","4,790.80","4,756.20","3.50B","0.57%"
"01/09/2024","4,756.50","4,741.93","4,765.47","4,730.35","3.53B","-0.15%"
"01/08/2024","4,763.54","4,703.70","4,764.54","4,699.82","3.74B","1.41%"
"01/05/2024","4,697.24","4,690.57","4,721.49","4,682.11","3.84B","0.18%"
"01/04/2024","4,688.68","4,697.42","4,726.78","4,687.53","3.72B","-0.34%"
"01/03/2024","4,704.81","4,725.07","4,729.29","4,699.71","3.95B","-0.80%"
"01/02/2024","4,742.83","4,745.20","4,754.33","4,722.67","3.74B","-0.57%"
"12/29/2023","4,769.83","4,782.88","4,788.43","4,751.99","3.13B","-0.28%"
"12/28/2023","4,783.35","4,786.44","4,793.30","4,780.98","2.70B","0.04%"
"12/27/2023","4,781.58","4,773.45","4,785.39","4,768.90","2.75B","0.14%"
"12/26/2023","4,774.75","4,758.86","4,784.72","4,758.45","2.51B","0.42%"
"12/22/2023","4,754.63","4,753.92","4,772.94","4,736.77","3.05B","0.17%"
"12/21/2023","4,746.75","4,724.29","4,748.71","4,708.35","3.43B","1.03%"
"12/20/2023","4,698.35","4,764.73","4,778.01","4,697.82","4.20B","-1.47%"
"12/19/2023","4,768.37","4,743.72","4,768.69","4,743.72","4.03B","0.59%"
"12/18/2023","4,740.56","4,725.58","4,749.52","4,725.58","4.06B","0.45%"
"12/15/2023","4,719.19","4,714.23","4,725.53","4,704.69","8.22B","-0.01%"
"12/14/2023","4,719.55","4,721.04","4,738.57","4,694.34","6.31B","0.26%"
"12/13/2023","4,707.09","4,646.20","4,709.69","4,643.23","5.06B","1.37%"
"12/12/2023","4,643.70","4,618.30","4,643.93","4,608.09","3.81B","0.46%"
"12/11/2023","4,622.44","4,593.39","4,623.71","4,593.39","3.82B","0.39%"
"12/08/2023","4,604.37","4,576.20","4,609.23","4,574.06","3.71B","0.41%"
"12/07/2023","4,585.59","4,568.84","4,590.92","4,565.22","3.82B","0.80%"
"12/06/2023","4,549.34","4,586.23","4,590.74","4,546.50","4.25B","-0.39%"
"12/05/2023","4,567.18","4,557.25","4,578.56","4,551.68","3.91B","-0.06%"
"12/04/2023","4,569.78","4,564.37","4,572.37","4,546.72","4.37B","-0.54%"
"12/01/2023","4,594.63","4,559.43","4,599.39","4,554.71","4.40B","0.59%"
"11/30/2023","4,567.80","4,554.87","4,569.89","4,537.24","5.40B","0.38%"
"11/29/2023","4,550.58","4,571.84","4,587.64","4,547.15","4.42B","-0.09%"
"11/28/2023","4,554.89","4,545.55","4,568.14","4,540.51","3.59B","0.10%"
"11/27/2023","4,550.43","4,554.86","4,560.52","4,546.32","3.40B","-0.20%"
"11/24/2023","4,559.34","4,555.84","4,560.31","4,552.80","1.64B","0.06%"
"11/22/2023","4,556.62","4,553.04","4,568.43","4,545.05","3.04B","0.41%"
"11/21/2023","4,538.19","4,538.77","4,542.14","4,525.51","3.51B","-0.20%"
"11/20/2023","4,547.38","4,511.70","4,557.11","4,510.36","3.64B","0.74%"
"11/17/2023","4,514.02","4,509.55","4,520.12","4,499.66","3.78B","0.13%"
"11/16/2023","4,508.24","4,497.08","4,511.99","4,487.83","3.96B","0.12%"
"11/15/2023","4,502.88","4,505.30","4,521.17","4,495.31","4.35B","0.16%"
"11/14/2023","4,495.70","4,458.97","4,508.67","4,458.97","4.70B","1.91%"
"11/13/2023","4,411.55","4,406.66","4,421.76","4,393.82","3.33B","-0.08%"
"11/10/2023","4,415.24","4,364.15","4,418.03","4,353.34","3.67B","1.56%"
"11/09/2023","4,347.35","4,391.41","4,393.40","4,343.94","3.90B","-0.81%"
"11/08/2023","4,382.78","4,384.37","4,391.20","4,359.76","3.73B","0.10%"
"11/07/2023","4,378.38","4,366.21","4,386.26","4,355.41","3.79B","0.28%"
"11/06/2023","4,365.98","4,364.27","4,372.21","4,347.53","3.66B","0.18%"
"11/03/2023","4,358.34","4,334.23","4,373.62","4,334.23","4.57B","0.94%"
"11/02/2023","4,317.78","4,268.26","4,319.72","4,268.26","4.67B","1.89%"
"11/01/2023","4,237.86","4,201.27","4,245.64","4,197.74","4.22B","1.05%"
"10/31/2023","4,193.80","4,171.33","4,195.55","4,153.12","4.25B","0.65%"
"10/30/2023","4,166.82","4,139.39","4,177.47","4,132.94","3.91B","1.20%"
"10/27/2023","4,117.37","4,152.93","4,156.70","4,103.78","4.02B","-0.48%"
"10/26/2023","4,137.23","4,175.99","4,183.60","4,127.90","4.28B","-1.18%"
"10/25/2023","4,186.77","4,232.42","4,232.42","4,181.42","3.87B","-1.43%"
"10/24/2023","4,247.68","4,235.79","4,259.38","4,219.43","3.82B","0.73%"
"10/23/2023","4,217.04","4,210.40","4,255.84","4,189.22","3.78B","-0.17%"
"10/20/2023","4,224.16","4,273.85","4,276.56","4,223.03","4.00B","-1.26%"
"10/19/2023","4,278.00","4,321.36","4,339.54","4,269.69","3.97B","-0.85%"
"10/18/2023","4,314.60","4,357.35","4,364.20","4,303.84","3.69B","-1.34%"
"10/17/2023","4,373.20","4,345.23","4,393.57","4,337.54","3.79B","-0.01%"
"10/16/2023","4,373.63","4,342.37","4,383.33","4,342.37","3.41B","1.06%"
"10/13/2023","4,327.78","4,360.49","4,377.10","4,311.97","3.57B","-0.50%"
"10/12/2023","4,349.61","4,380.94","4,385.85","4,325.43","3.71B","-0.62%"
"10/11/2023","4,376.95","4,366.59","4,378.64","4,345.34","3.60B","0.43%"
"10/10/2023","4,358.24","4,339.75","4,385.46","4,339.64","3.52B","0.52%"
"10/09/2023","4,335.66","4,289.02","4,341.73","4,283.79","3.17B","0.63%"
"10/06/2023","4,308.50","4,234.79","4,324.10","4,219.55","3.90B","1.18%"
"10/05/2023","4,258.19","4,259.31","4,267.13","4,225.91","3.58B","-0.13%"
"10/04/2023","4,263.75","4,233.83","4,268.50","4,220.48","3.78B","0.81%"
"10/03/2023","4,229.45","4,269.75","4,281.15","4,216.45","3.95B","-1.37%"
"10/02/2023","4,288.39","4,284.52","4,300.58","4,260.21","3.94B","0.01%"
"09/29/2023","4,288.05","4,328.18","4,333.15","4,274.86","3.87B","-0.27%"
"09/28/2023","4,299.70","4,269.65","4,317.27","4,264.38","3.85B","0.59%"
"09/27/2023","4,274.51","4,282.63","4,292.07","4,238.63","3.88B","0.02%"
"09/26/2023","4,273.53","4,312.88","4,313.01","4,265.98","3.47B","-1.47%"
"09/25/2023","4,337.44","4,310.62","4,338.51","4,302.70","3.20B","0.40%"
"09/22/2023","4,320.06","4,341.74","4,357.40","4,316.49","3.35B","-0.23%"
"09/21/2023","4,330.00","4,374.36","4,375.70","4,329.17","3.66B","-1.64%"
"09/20/2023","4,402.20","4,452.81","4,461.03","4,401.38","3.31B","-0.94%"
"09/19/2023","4,443.95","4,445.41","4,449.85","4,416.61","3.61B","-0.22%"
"09/18/2023","4,453.53","4,445.13","4,466.36","4,442.11","3.16B","0.07%"
"09/15/2023","4,450.32","4,497.98","4,497.98","4,447.21","6.93B","-1.22%"
"09/14/2023","4,505.10","4,487.78","4,511.99","4,478.69","3.65B","0.84%"
"09/13/2023","4,467.44","4,462.65","4,479.39","4,453.52","3.53B","0.12%"
"09/12/2023","4,461.90","4,473.27","4,487.11","4,456.83","3.44B","-0.57%"
"09/11/2023","4,487.46","4,480.98","4,490.77","4,467.89","3.37B","0.67%"
"09/08/2023","4,457.49","4,451.30","4,473.53","4,448.38","3.26B","0.14%"
"09/07/2023","4,451.14","4,434.55","4,457.81","4,430.46","3.76B","-0.32%"
"09/06/2023","4,465.48","4,490.35","4,490.35","4,442.38","3.42B","-0.70%"
"09/05/2023","4,496.83","4,510.06","4,514.29","4,496.01","3.53B","-0.42%"
"09/01/2023","4,515.77","4,530.60","4,541.25","4,501.35","3.25B","0.18%"
"08/31/2023","4,507.66","4,517.01","4,532.26","4,507.39","3.95B","-0.16%"
"08/30/2023","4,514.87","4,500.34","4,521.65","4,493.59","3.06B","0.38%"
"08/29/2023","4,497.63","4,432.75","4,500.14","4,431.68","3.35B","1.45%"
"08/28/2023","4,433.31","4,426.03","4,439.56","4,414.98","2.96B","0.63%"
"08/25/2023","4,405.71","4,389.38","4,418.46","4,356.29","3.30B","0.67%"
"08/24/2023","4,376.31","4,455.16","4,458.30","4,375.55","3.72B","-1.35%"
"08/23/2023","4,436.01","4,396.44","4,443.18","4,396.44","3.84B","1.10%"
"08/22/2023","4,387.55","4,415.33","4,418.59","4,382.77","3.52B","-0.28%"
"08/21/2023","4,399.77","4,380.28","4,407.55","4,360.30","3.73B","0.69%"
"08/18/2023","4,369.71","4,344.88","4,381.82","4,335.31","3.94B","-0.01%"
"08/17/2023","4,370.36","4,416.32","4,421.17","4,364.83","3.94B","-0.77%"
"08/16/2023","4,404.33","4,433.79","4,449.95","4,403.55","3.75B","-0.76%"
"08/15/2023","4,437.86","4,478.87","4,478.87","4,432.19","3.83B","-1.16%"
"08/14/2023","4,489.72","4,458.13","4,490.33","4,453.44","3.90B","0.58%"
"08/11/2023","4,464.05","4,450.69","4,476.23","4,443.98","3.75B","-0.11%"
"08/10/2023","4,468.83","4,487.16","4,527.37","4,457.92","4.50B","0.03%"
"08/09/2023","4,467.71","4,501.57","4,502.44","4,461.33","3.80B","-0.70%"
"08/08/2023","4,499.38","4,498.03","4,503.31","4,464.39","3.88B","-0.42%"
"08/07/2023","4,518.44","4,491.58","4,519.84","4,491.15","3.49B","0.90%"
"08/04/2023","4,478.03","4,513.96","4,540.34","4,474.55","4.14B","-0.53%"
"08/03/2023","4,501.89","4,494.27","4,519.49","4,485.54","4.15B","-0.25%"
"08/02/2023","4,513.39","4,550.93","4,550.93","4,505.75","4.27B","-1.38%"
"08/01/2023","4,576.73","4,578.83","4,584.62","4,567.53","4.04B","-0.27%"
"07/31/2023","4,588.96","4,584.82","4,594.22","4,573.14","4.50B","0.15%"
"07/28/2023","4,582.23","4,565.75","4,590.16","4,564.01","3.98B","0.99%"
"07/27/2023","4,537.41","4,598.26","4,607.07","4,528.56","4.55B","-0.64%"
"07/26/2023","4,566.75","4,558.96","4,582.47","4,547.58","3.99B","-0.02%"
"07/25/2023","4,567.46","4,555.19","4,580.62","4,552.42","3.81B","0.28%"
"07/24/2023","4,554.64","4,543.39","4,563.41","4,541.29","3.86B","0.40%"
"07/21/2023","4,536.34","4,550.16","4,555.00","4,535.79","3.57B","0.03%"
"07/20/2023","4,534.87","4,554.38","4,564.74","4,527.56","3.76B","-0.68%"
"07/19/2023","4,565.72","4,563.87","4,578.43","4,557.48","4.12B","0.24%"
"07/18/2023","4,554.98","4,521.78","4,562.30","4,514.59","4.09B","0.71%"
"07/17/2023","4,522.79","4,508.86","4,532.85","4,504.90","3.54B","0.39%"
"07/14/2023","4,505.42","4,514.61","4,527.76","4,499.56","3.65B","-0.10%"
"07/13/2023","4,510.04","4,491.50","4,517.38","4,489.36","3.84B","0.85%"
"07/12/2023","4,472.16","4,467.69","4,488.34","4,463.23","3.92B","0.74%"
"07/11/2023","4,439.26","4,415.55","4,443.64","4,408.46","3.62B","0.67%"
"07/10/2023","4,409.53","4,394.23","4,412.60","4,389.92","3.43B","0.24%"
"07/07/2023","4,398.95","4,404.54","4,440.39","4,397.40","3.63B","-0.29%"
"07/06/2023","4,411.59","4,422.62","4,422.62","4,385.05","3.68B","-0.79%"
"07/05/2023","4,446.82","4,442.04","4,454.06","4,436.61","3.48B","-0.20%"
"07/03/2023","4,455.59","4,450.48","4,456.46","4,442.29","2.03B","0.12%"
"06/30/2023","4,450.38","4,422.44","4,458.48","4,422.44","3.92B","1.23%"
"06/29/2023","4,396.44","4,374.94","4,398.39","4,371.97","3.70B","0.45%"
"06/28/2023","4,376.86","4,367.48","4,390.35","4,360.22","3.74B","-0.04%"
"06/27/2023","4,378.41","4,337.36","4,384.42","4,335.00","3.57B","1.15%"
"06/26/2023","4,328.82","4,344.84","4,362.06","4,328.08","3.42B","-0.45%"
"06/23/2023","4,348.33","4,354.17","4,366.55","4,341.34","6.05B","-0.77%"
"06/22/2023","4,381.89","4,355.40","4,382.25","4,351.82","3.51B","0.37%"
"06/21/2023","4,365.69","4,380.01","4,386.22","4,360.14","3.71B","-0.52%"
"06/20/2023","4,388.71","4,396.11","4,400.15","4,367.19","4.06B","-0.47%"
"06/16/2023","4,409.59","4,440.95","4,448.47","4,407.44","6.85B","-0.37%"
"06/15/2023","4,425.84","4,365.33","4,439.20","4,362.60","4.18B","1.22%"
"06/14/2023","4,372.59","4,366.29","4,391.82","4,337.85","4.25B","0.08%"
"06/13/2023","4,369.01","4,352.61","4,375.37","4,349.31","4.28B","0.69%"
"06/12/2023","4,338.93","4,308.32","4,340.13","4,304.37","3.95B","0.93%"
"06/09/2023","4,298.86","4,304.88","4,322.62","4,291.70","3.79B","0.11%"
"06/08/2023","4,293.93","4,268.69","4,298.01","4,261.07","3.83B","0.62%"
"06/07/2023","4,267.52","4,285.47","4,299.19","4,263.96","4.54B","-0.38%"
"06/06/2023","4,283.85","4,271.34","4,288.33","4,263.09","4.00B","0.24%"
"06/05/2023","4,273.79","4,282.99","4,299.28","4,266.82","3.81B","-0.20%"
"06/02/2023","4,282.37","4,241.01","4,290.67","4,241.01","4.45B","1.45%"
"06/01/2023","4,221.02","4,183.03","4,232.43","4,171.64","4.39B","0.99%"
"05/31/2023","4,179.83","4,190.74","4,195.44","4,166.15","5.98B","-0.61%"
"05/30/2023","4,205.52","4,226.71","4,231.10","4,192.18","4.23B","0.00%"
"05/26/2023","4,205.45","4,156.16","4,212.87","4,156.16","3.72B","1.30%"
"05/25/2023","4,151.28","4,155.71","4,165.74","4,129.73","4.15B","0.88%"
"05/24/2023","4,115.24","4,132.96","4,132.96","4,103.98","-","-0.73%"
"05/23/2023","4,145.58","4,176.80","4,185.68","4,142.54","4.16B","-1.12%"
"05/22/2023","4,192.63","4,190.78","4,209.22","4,179.68","3.73B","0.02%"
"05/19/2023","4,191.98","4,204.15","4,212.91","4,180.20","4.04B","-0.14%"
"05/18/2023","4,198.05","4,157.68","4,202.20","4,153.50","3.98B","0.94%"
"05/17/2023","4,158.77","4,122.85","4,164.67","4,113.62","4.04B","1.19%"
"05/16/2023","4,109.90","4,127.95","4,135.54","4,109.86","3.65B","-0.64%"
"05/15/2023","4,136.28","4,126.65","4,141.25","4,110.27","3.56B","0.30%"
"05/12/2023","4,124.08","4,138.54","4,143.74","4,099.12","3.53B","-0.16%"
"05/11/2023","4,130.62","4,132.24","4,132.80","4,109.29","3.75B","-0.17%"
"05/10/2023","4,137.64","4,143.74","4,154.28","4,098.92","4.06B","0.45%"
"05/09/2023","4,119.17","4,124.25","4,130.35","4,116.65","3.81B","-0.46%"
"05/08/2023","4,138.12","4,136.98","4,142.30","4,123.81","3.64B","0.05%"
"05/05/2023","4,136.25","4,084.73","4,147.02","4,084.73","4.19B","1.85%"
"05/04/2023","4,061.22","4,082.55","4,082.61","4,048.28","4.92B","-0.72%"
"05/03/2023","4,090.75","4,122.25","4,148.30","4,088.86","4.25B","-0.70%"
"05/02/2023","4,119.58","4,164.10","4,164.10","4,089.72","4.49B","-1.16%"
"05/01/2023","4,167.87","4,166.79","4,186.92","4,164.12","3.32B","-0.04%"
"04/28/2023","4,169.48","4,129.63","4,170.06","4,127.18","4.09B","0.83%"
"04/27/2023","4,135.35","4,075.29","4,138.24","4,075.29","3.75B","1.96%"
"04/26/2023","4,055.99","4,087.78","4,089.67","4,049.35","3.84B","-0.38%"
"04/25/2023","4,071.63","4,126.43","4,126.43","4,071.38","3.98B","-1.58%"
"04/24/2023","4,137.04","4,132.07","4,142.41","4,117.77","3.29B","0.09%"
"04/21/2023","4,133.52","4,132.14","4,138.02","4,113.86","3.61B","0.09%"
"04/20/2023","4,129.79","4,130.48","4,148.57","4,114.57","3.77B","-0.60%"
"04/19/2023","4,154.52","4,139.33","4,162.57","4,134.49","3.57B","-0.01%"
"04/18/2023","4,154.87","4,164.26","4,169.48","4,140.36","3.54B","0.09%"
"04/17/2023","4,151.32","4,137.17","4,151.72","4,123.18","3.61B","0.33%"
"04/14/2023","4,137.64","4,140.11","4,163.19","4,113.20","3.58B","-0.21%"
"04/13/2023","4,146.22","4,100.04","4,150.26","4,099.40","3.60B","1.33%"
"04/12/2023","4,091.95","4,121.72","4,134.37","4,086.94","3.63B","-0.41%"
"04/11/2023","4,108.94","4,110.29","4,124.26","4,102.61","3.67B","-0.00%"
"04/10/2023","4,109.11","4,085.20","4,109.50","4,072.55","3.42B","0.10%"
"04/06/2023","4,105.02","4,081.15","4,107.32","4,069.84","3.49B","0.36%"
"04/05/2023","4,090.38","4,094.50","4,099.69","4,072.56","3.97B","-0.25%"
"04/04/2023","4,100.60","4,128.03","4,133.13","4,086.87","4.23B","-0.58%"
"04/03/2023","4,124.51","4,102.20","4,127.66","4,098.79","4.23B","0.37%"
"03/31/2023","4,109.31","4,056.18","4,110.75","4,056.18","4.53B","1.44%"
"03/30/2023","4,050.83","4,046.74","4,057.85","4,032.10","3.93B","0.57%"
"03/29/2023","4,027.81","3,999.53","4,030.59","3,999.53","4.15B","1.42%"
"03/28/2023","3,971.27","3,974.13","3,979.20","3,951.53","4.01B","-0.16%"
"03/27/2023","3,977.53","3,982.93","4,003.83","3,970.49","4.23B","0.16%"
"03/24/2023","3,970.99","3,939.21","3,972.74","3,909.16","4.58B","0.56%"
"03/23/2023","3,948.72","3,959.21","4,007.66","3,919.05","4.99B","0.30%"
"03/22/2023","3,936.97","4,002.04","4,039.49","3,936.17","4.53B","-1.65%"
"03/21/2023","4,002.87","3,975.89","4,009.08","3,971.19","4.92B","1.30%"
"03/20/2023","3,951.57","3,917.47","3,956.62","3,916.89","5.35B","0.89%"
"03/17/2023","3,916.64","3,958.69","3,958.91","3,901.27","9.35B","-1.10%"
"03/16/2023","3,960.28","3,878.93","3,964.46","3,864.11","5.70B","1.76%"
"03/15/2023","3,891.93","3,876.74","3,894.26","3,838.24","6.59B","-0.70%"
"03/14/2023","3,919.29","3,894.01","3,937.29","3,873.63","5.67B","1.65%"
"03/13/2023","3,855.76","3,835.12","3,905.05","3,808.86","6.56B","-0.15%"
"03/10/2023","3,861.59","3,912.77","3,934.05","3,846.32","5.52B","-1.45%"
"03/09/2023","3,918.32","3,998.66","4,017.81","3,908.70","4.45B","-1.85%"
"03/08/2023","3,992.01","3,987.55","4,000.41","3,969.76","3.54B","0.14%"
"03/07/2023","3,986.37","4,048.26","4,050.00","3,980.31","3.92B","-1.53%"
"03/06/2023","4,048.42","4,055.15","4,078.49","4,044.61","4.00B","0.07%"
"03/03/2023","4,045.64","3,998.02","4,048.29","3,995.17","4.08B","1.61%"
"03/02/2023","3,981.35","3,938.68","3,990.84","3,928.16","4.24B","0.76%"
"03/01/2023","3,951.39","3,963.34","3,971.73","3,939.05","4.25B","-0.47%"
"02/28/2023","3,970.15","3,977.19","3,997.50","3,968.98","5.04B","-0.30%"
"02/27/2023","3,982.24","3,992.36","4,018.05","3,973.55","3.84B","0.31%"
"02/24/2023","3,970.04","3,973.24","3,978.25","3,943.08","3.88B","-1.05%"
"02/23/2023","4,012.32","4,018.60","4,028.30","3,969.19","3.95B","0.53%"
"02/22/2023","3,991.05","4,001.83","4,017.37","3,976.90","4.08B","-0.16%"
"02/21/2023","3,997.34","4,052.35","4,052.35","3,995.19","4.12B","-2.00%"
"02/17/2023","4,079.09","4,077.39","4,081.51","4,047.95","4.05B","-0.28%"
"02/16/2023","4,090.41","4,114.75","4,136.54","4,089.49","4.14B","-1.38%"
"02/15/2023","4,147.60","4,119.50","4,148.11","4,103.98","4.08B","0.28%"
"02/14/2023","4,136.13","4,126.70","4,159.77","4,095.01","3.93B","-0.03%"
"02/13/2023","4,137.29","4,096.62","4,138.90","4,092.67","3.45B","1.14%"
"02/10/2023","4,090.46","4,068.92","4,094.36","4,060.79","3.89B","0.22%"
"02/09/2023","4,081.50","4,144.25","4,156.23","4,069.67","4.27B","-0.88%"
"02/08/2023","4,117.86","4,153.47","4,156.85","4,111.67","4.03B","-1.11%"
"02/07/2023","4,164.00","4,105.35","4,176.54","4,088.39","4.36B","1.29%"
"02/06/2023","4,111.08","4,119.57","4,124.63","4,093.38","4.11B","-0.61%"
"02/03/2023","4,136.48","4,136.69","4,182.36","4,123.36","4.69B","-1.04%"
"02/02/2023","4,179.76","4,158.68","4,195.44","4,141.88","5.62B","1.47%"
"02/01/2023","4,119.21","4,070.07","4,148.95","4,037.20","4.86B","1.05%"
"01/31/2023","4,076.60","4,020.85","4,077.16","4,020.44","4.68B","1.46%"
"01/30/2023","4,017.77","4,049.27","4,063.85","4,015.55","3.80B","-1.30%"
"01/27/2023","4,070.56","4,053.72","4,094.21","4,048.70","3.91B","0.25%"
"01/26/2023","4,060.43","4,036.08","4,061.57","4,013.29","3.81B","1.10%"
"01/25/2023","4,016.22","3,982.71","4,019.55","3,949.06","3.72B","-0.02%"
"01/24/2023","4,016.95","4,001.74","4,023.92","3,989.79","3.32B","-0.07%"
"01/23/2023","4,019.81","3,978.14","4,039.31","3,971.64","3.95B","1.19%"
"01/20/2023","3,972.61","3,909.04","3,972.96","3,897.86","4.01B","1.89%"
"01/19/2023","3,898.85","3,911.84","3,922.94","3,885.54","3.99B","-0.76%"
"01/18/2023","3,928.86","4,002.25","4,014.16","3,926.59","4.30B","-1.56%"
"01/17/2023","3,990.97","3,999.28","4,015.39","3,984.57","4.24B","-0.20%"
"01/13/2023","3,999.09","3,960.60","4,003.95","3,947.67","3.94B","0.40%"
"01/12/2023","3,983.17","3,977.57","3,997.76","3,937.56","4.44B","0.34%"
"01/11/2023","3,969.61","3,932.35","3,970.07","3,928.54","4.30B","1.28%"
"01/10/2023","3,919.25","3,888.57","3,919.83","3,877.29","3.85B","0.70%"
"01/09/2023","3,892.09","3,910.82","3,950.57","3,890.42","4.31B","-0.08%"
"01/06/2023","3,895.08","3,823.37","3,906.19","3,809.56","3.92B","2.28%"
"01/05/2023","3,808.10","3,839.74","3,839.74","3,802.42","3.89B","-1.16%"
"01/04/2023","3,852.97","3,840.36","3,873.16","3,815.77","4.41B","0.75%"
"01/03/2023","3,824.14","3,853.29","3,878.46","3,794.33","3.96B","-0.40%"
"12/30/2022","3,839.50","3,829.06","3,839.85","3,800.34","2.98B","-0.25%"
"12/29/2022","3,849.28","3,805.45","3,858.19","3,805.45","3.00B","1.75%"
"12/28/2022","3,783.22","3,829.56","3,848.32","3,780.78","3.08B","-1.20%"
"12/27/2022","3,829.25","3,843.34","3,846.65","3,813.22","3.03B","-0.40%"
"12/23/2022","3,844.82","3,815.11","3,845.80","3,797.01","2.82B","0.59%"
"12/22/2022","3,822.39","3,853.26","3,853.26","3,764.49","3.96B","-1.45%"
"12/21/2022","3,878.44","3,839.49","3,889.82","3,839.49","3.78B","1.49%"
"12/20/2022","3,821.62","3,810.47","3,838.24","3,795.62","3.99B","0.10%"
"12/19/2022","3,817.66","3,853.79","3,854.86","3,800.04","3.97B","-0.90%"
"12/16/2022","3,852.36","3,890.91","3,890.91","3,827.91","7.49B","-1.11%"
"12/15/2022","3,895.75","3,958.37","3,958.37","3,879.45","4.49B","-2.49%"
"12/14/2022","3,995.32","4,015.54","4,053.76","3,965.65","4.47B","-0.61%"
"12/13/2022","4,019.65","4,069.38","4,100.96","3,993.03","5.08B","0.73%"
"12/12/2022","3,990.56","3,939.29","3,990.71","3,935.30","3.90B","1.43%"
"12/09/2022","3,934.38","3,954.17","3,977.02","3,933.04","3.89B","-0.73%"
"12/08/2022","3,963.51","3,947.79","3,974.19","3,935.83","4.01B","0.75%"
"12/07/2022","3,933.92","3,933.28","3,957.57","3,922.68","4.12B","-0.19%"
"12/06/2022","3,941.26","3,996.63","4,001.51","3,918.39","4.37B","-1.44%"
"12/05/2022","3,998.84","4,052.02","4,052.45","3,984.49","4.28B","-1.79%"
"12/02/2022","4,071.70","4,040.17","4,080.48","4,026.63","4.01B","-0.12%"
"12/01/2022","4,076.57","4,087.14","4,100.51","4,050.87","4.53B","-0.09%"
"11/30/2022","4,080.11","3,957.18","4,080.11","3,938.58","6.58B","3.09%"
"11/29/2022","3,957.63","3,964.19","3,976.77","3,937.65","3.55B","-0.16%"
"11/28/2022","3,963.94","4,005.36","4,012.27","3,955.77","3.62B","-1.54%"
"11/25/2022","4,026.12","4,023.34","4,034.02","4,020.76","1.71B","-0.03%"
"11/23/2022","4,027.26","4,000.30","4,033.78","3,998.66","3.28B","0.59%"
"11/22/2022","4,003.58","3,965.51","4,005.88","3,956.88","3.89B","1.36%"
"11/21/2022","3,949.94","3,956.23","3,962.00","3,933.34","3.85B","-0.39%"
"11/18/2022","3,965.34","3,966.39","3,979.89","3,935.98","4.04B","0.48%"
"11/17/2022","3,946.56","3,919.26","3,954.33","3,906.54","4.05B","-0.31%"
"11/16/2022","3,958.79","3,976.82","3,983.09","3,954.34","4.17B","-0.83%"
"11/15/2022","3,991.73","4,006.41","4,028.84","3,953.17","5.02B","0.87%"
"11/14/2022","3,957.25","3,977.97","4,008.97","3,956.40","4.56B","-0.89%"
"11/11/2022","3,992.93","3,963.72","4,001.48","3,944.82","5.59B","0.92%"
"11/10/2022","3,956.37","3,859.89","3,958.33","3,859.89","5.78B","5.54%"
"11/09/2022","3,748.57","3,810.94","3,818.20","3,744.22","4.65B","-2.08%"
"11/08/2022","3,828.11","3,817.02","3,859.40","3,786.28","4.61B","0.56%"
"11/07/2022","3,806.80","3,780.71","3,813.95","3,764.70","4.34B","0.96%"
"11/04/2022","3,770.55","3,766.98","3,796.34","3,708.84","5.40B","1.36%"
"11/03/2022","3,719.89","3,733.25","3,750.59","3,698.15","4.63B","-1.06%"
"11/02/2022","3,759.69","3,852.90","3,894.44","3,758.68","4.90B","-2.50%"
"11/01/2022","3,856.10","3,901.79","3,911.79","3,843.80","4.48B","-0.41%"
"10/31/2022","3,871.98","3,881.85","3,893.73","3,863.18","4.82B","-0.75%"
"10/28/2022","3,901.06","3,808.26","3,905.42","3,808.26","4.46B","2.46%"
"10/27/2022","3,807.30","3,834.69","3,859.95","3,803.79","4.69B","-0.61%"
"10/26/2022","3,830.60","3,825.97","3,886.15","3,824.07","4.82B","-0.74%"
"10/25/2022","3,859.11","3,799.44","3,862.85","3,799.44","4.84B","1.63%"
"10/24/2022","3,797.34","3,762.01","3,810.74","3,741.65","4.75B","1.19%"
"10/21/2022","3,752.75","3,657.10","3,757.89","3,647.42","5.08B","2.37%"
"10/20/2022","3,665.78","3,689.05","3,736.00","3,656.44","4.50B","-0.80%"
"10/19/2022","3,695.16","3,703.11","3,728.58","3,666.51","4.22B","-0.67%"
"10/18/2022","3,719.98","3,746.26","3,762.79","3,686.53","4.48B","1.14%"
"10/17/2022","3,677.95","3,638.65","3,689.73","3,638.65","4.35B","2.65%"
"10/14/2022","3,583.07","3,690.41","3,712.00","3,579.68","4.24B","-2.37%"
"10/13/2022","3,669.91","3,520.37","3,685.41","3,491.58","5.02B","2.60%"
"10/12/2022","3,577.03","3,590.83","3,608.34","3,573.86","4.01B","-0.33%"
"10/11/2022","3,588.84","3,595.86","3,640.66","3,568.45","4.76B","-0.65%"
"10/10/2022","3,612.39","3,647.51","3,652.17","3,588.10","3.83B","-0.75%"
"10/07/2022","3,639.66","3,706.74","3,706.74","3,620.73","4.45B","-2.80%"
"10/06/2022","3,744.52","3,771.97","3,797.93","3,739.22","4.25B","-1.02%"
"10/05/2022","3,783.28","3,753.25","3,806.91","3,722.66","4.29B","-0.20%"
"10/04/2022","3,790.93","3,726.46","3,791.92","3,726.46","5.15B","3.06%"
"10/03/2022","3,678.43","3,609.78","3,698.35","3,604.93","4.81B","2.59%"
"09/30/2022","3,585.62","3,633.48","3,671.44","3,584.13","5.65B","-1.51%"
"09/29/2022","3,640.47","3,687.01","3,687.01","3,610.40","4.68B","-2.11%"
"09/28/2022","3,719.04","3,651.94","3,736.74","3,640.61","4.68B","1.97%"
"09/27/2022","3,647.29","3,686.44","3,717.53","3,623.29","4.58B","-0.21%"
"09/26/2022","3,655.04","3,682.72","3,715.67","3,644.76","4.89B","-1.03%"
"09/23/2022","3,693.23","3,727.14","3,727.14","3,647.47","5.14B","-1.72%"
"09/22/2022","3,757.99","3,782.36","3,790.90","3,749.45","4.28B","-0.84%"
"09/21/2022","3,789.93","3,871.40","3,907.07","3,789.49","4.08B","-1.71%"
"09/20/2022","3,855.93","3,875.23","3,876.01","3,827.54","4.06B","-1.13%"
"09/19/2022","3,899.89","3,849.91","3,900.45","3,838.50","3.77B","0.69%"
"09/16/2022","3,873.33","3,880.95","3,880.95","3,837.08","7.95B","-0.72%"
"09/15/2022","3,901.35","3,932.41","3,959.14","3,888.28","4.44B","-1.13%"
"09/14/2022","3,946.01","3,940.73","3,961.94","3,912.18","4.29B","0.34%"
"09/13/2022","3,932.69","4,037.12","4,037.12","3,921.28","4.22B","-4.32%"
"09/12/2022","4,110.41","4,083.67","4,119.28","4,083.67","3.81B","1.06%"
"09/09/2022","4,067.36","4,022.94","4,076.81","4,022.94","3.90B","1.53%"
"09/08/2022","4,006.18","3,959.94","4,010.50","3,944.81","3.97B","0.66%"
"09/07/2022","3,979.87","3,909.43","3,987.89","3,906.03","3.89B","1.83%"
"09/06/2022","3,908.19","3,930.89","3,942.55","3,886.75","4.13B","-0.41%"
"09/02/2022","3,924.26","3,994.66","4,018.43","3,906.21","3.67B","-1.07%"
"09/01/2022","3,966.85","3,936.73","3,970.23","3,903.65","4.15B","0.30%"
"08/31/2022","3,955.00","4,000.67","4,015.37","3,954.53","4.54B","-0.78%"
"08/30/2022","3,986.16","4,041.25","4,044.98","3,965.21","3.84B","-1.10%"
"08/29/2022","4,030.61","4,034.58","4,062.99","4,017.42","3.40B","-0.67%"
"08/26/2022","4,057.66","4,198.74","4,203.04","4,057.66","3.83B","-3.37%"
"08/25/2022","4,199.12","4,153.26","4,200.54","4,147.59","3.57B","1.41%"
"08/24/2022","4,140.77","4,126.55","4,156.56","4,119.97","3.58B","0.29%"
"08/23/2022","4,128.73","4,133.09","4,159.77","4,124.03","3.82B","-0.22%"
"08/22/2022","4,137.99","4,195.08","4,195.08","4,129.86","3.91B","-2.14%"
"08/19/2022","4,228.48","4,266.31","4,266.31","4,218.70","3.76B","-1.29%"
"08/18/2022","4,283.74","4,273.13","4,292.53","4,261.98","3.34B","0.23%"
"08/17/2022","4,274.04","4,280.40","4,302.18","4,253.08","3.89B","-0.72%"
"08/16/2022","4,305.20","4,290.46","4,325.28","4,277.77","4.33B","0.19%"
"08/15/2022","4,297.14","4,269.37","4,301.79","4,256.90","3.70B","0.40%"
"08/12/2022","4,280.15","4,225.02","4,280.47","4,219.78","3.79B","1.73%"
"08/11/2022","4,207.27","4,227.40","4,257.91","4,201.41","4.63B","-0.07%"
"08/10/2022","4,210.24","4,181.02","4,211.03","4,177.26","4.55B","2.13%"
"08/09/2022","4,122.47","4,133.11","4,137.30","4,112.09","3.91B","-0.42%"
"08/08/2022","4,140.06","4,155.93","4,186.62","4,128.97","4.22B","-0.12%"
"08/05/2022","4,145.19","4,115.87","4,151.58","4,107.31","4.09B","-0.16%"
"08/04/2022","4,151.94","4,154.85","4,161.29","4,135.42","4.28B","-0.08%"
"08/03/2022","4,155.17","4,107.96","4,167.66","4,107.96","4.35B","1.56%"
"08/02/2022","4,091.19","4,104.21","4,140.47","4,079.81","4.73B","-0.67%"
"08/01/2022","4,118.63","4,112.38","4,144.95","4,096.02","4.20B","-0.28%"
"07/29/2022","4,130.29","4,087.33","4,140.15","4,079.22","4.62B","1.42%"
"07/28/2022","4,072.43","4,026.13","4,078.95","3,992.97","4.41B","1.21%"
"07/27/2022","4,023.61","3,951.43","4,039.56","3,951.43","4.11B","2.62%"
"07/26/2022","3,921.05","3,953.22","3,953.22","3,910.74","3.78B","-1.15%"
"07/25/2022","3,966.84","3,965.72","3,975.30","3,943.46","3.57B","0.13%"
"07/22/2022","3,961.63","3,998.43","4,012.44","3,938.86","3.98B","-0.93%"
"07/21/2022","3,998.95","3,955.47","3,999.29","3,927.64","4.13B","0.99%"
"07/20/2022","3,959.90","3,935.32","3,974.13","3,922.03","4.19B","0.59%"
"07/19/2022","3,936.69","3,860.73","3,939.81","3,860.73","4.04B","2.76%"
"07/18/2022","3,830.85","3,883.79","3,902.44","3,818.63","4.05B","-0.84%"
"07/15/2022","3,863.16","3,818.00","3,863.62","3,817.18","4.14B","1.92%"
"07/14/2022","3,790.38","3,763.99","3,796.41","3,721.56","4.20B","-0.30%"
"07/13/2022","3,801.78","3,779.67","3,829.44","3,759.07","4.11B","-0.45%"
"07/12/2022","3,818.80","3,851.95","3,873.41","3,802.36","3.82B","-0.92%"
"07/11/2022","3,854.43","3,880.94","3,880.94","3,847.22","3.42B","-1.15%"
"07/08/2022","3,899.38","3,888.26","3,918.50","3,869.34","3.52B","-0.08%"
"07/07/2022","3,902.62","3,858.85","3,910.63","3,858.85","4.06B","1.50%"
"07/06/2022","3,845.08","3,831.98","3,870.91","3,809.37","4.42B","0.36%"
"07/05/2022","3,831.39","3,792.61","3,832.19","3,742.06","5.08B","0.16%"
"07/01/2022","3,825.33","3,781.00","3,829.82","3,752.10","4.05B","1.06%"
"06/30/2022","3,785.38","3,785.99","3,818.99","3,738.67","4.84B","-0.88%"
"06/29/2022","3,818.83","3,825.09","3,836.50","3,799.02","4.21B","-0.07%"
"06/28/2022","3,821.55","3,913.00","3,945.86","3,820.14","4.27B","-2.01%"
"06/27/2022","3,900.11","3,920.76","3,927.72","3,889.66","4.33B","-0.30%"
"06/24/2022","3,911.74","3,821.75","3,913.65","3,821.75","8.12B","3.06%"
"06/23/2022","3,795.73","3,774.71","3,802.58","3,743.52","5.10B","0.95%"
"06/22/2022","3,759.89","3,733.89","3,801.79","3,717.69","5.06B","-0.13%"
"06/21/2022","3,764.79","3,715.31","3,779.65","3,715.31","5.29B","2.45%"
"06/17/2022","3,674.84","3,665.90","3,707.71","3,636.87","8.52B","0.22%"
"06/16/2022","3,666.77","3,728.18","3,728.18","3,639.77","5.64B","-3.25%"
"06/15/2022","3,789.99","3,764.05","3,837.56","3,722.30","5.53B","1.46%"
"06/14/2022","3,735.48","3,763.52","3,778.18","3,705.68","5.15B","-0.38%"
"06/13/2022","3,749.63","3,838.15","3,838.15","3,734.30","5.64B","-3.88%"
"06/10/2022","3,900.86","3,974.39","3,974.39","3,900.16","4.89B","-2.91%"
"06/09/2022","4,017.82","4,101.65","4,119.10","4,017.17","4.13B","-2.38%"
"06/08/2022","4,115.77","4,147.12","4,160.14","4,107.20","4.16B","-1.08%"
"06/07/2022","4,160.68","4,096.47","4,164.86","4,080.19","4.25B","0.95%"
"06/06/2022","4,121.43","4,134.72","4,168.78","4,109.18","4.33B","0.31%"
"06/03/2022","4,108.54","4,137.57","4,142.67","4,098.67","3.71B","-1.63%"
"06/02/2022","4,176.82","4,095.41","4,177.51","4,074.37","4.41B","1.84%"
"06/01/2022","4,101.23","4,149.78","4,166.54","4,073.85","4.53B","-0.75%"
"05/31/2022","4,132.15","4,151.09","4,168.34","4,104.88","6.82B","-0.63%"
"05/27/2022","4,158.24","4,077.43","4,158.49","4,077.43","4.38B","2.47%"
"05/26/2022","4,057.84","3,984.60","4,075.14","3,984.60","4.71B","1.99%"
"05/25/2022","3,978.73","3,929.59","3,999.33","3,925.03","4.80B","0.95%"
"05/24/2022","3,941.48","3,942.94","3,955.68","3,875.13","4.92B","-0.81%"
"05/23/2022","3,973.75","3,919.42","3,981.88","3,909.04","4.42B","1.86%"
"05/20/2022","3,901.36","3,927.76","3,943.42","3,810.32","5.13B","0.01%"
"05/19/2022","3,900.79","3,899.00","3,945.96","3,876.58","5.11B","-0.58%"
"05/18/2022","3,923.68","4,051.98","4,051.98","3,911.91","5.10B","-4.04%"
"05/17/2022","4,088.85","4,052.00","4,090.72","4,033.93","4.84B","2.02%"
"05/16/2022","4,008.01","4,013.02","4,046.46","3,983.99","4.42B","-0.39%"
"05/13/2022","4,023.89","3,963.90","4,038.88","3,963.90","5.18B","2.39%"
"05/12/2022","3,930.08","3,903.95","3,964.80","3,858.87","6.29B","-0.13%"
"05/11/2022","3,935.18","3,990.08","4,049.09","3,928.82","5.82B","-1.65%"
"05/10/2022","4,001.05","4,035.18","4,068.82","3,958.17","5.89B","0.25%"
"05/09/2022","3,991.24","4,081.27","4,081.27","3,975.48","5.95B","-3.20%"
"05/06/2022","4,123.34","4,128.17","4,157.69","4,067.91","5.12B","-0.57%"
"05/05/2022","4,146.87","4,270.43","4,270.43","4,106.01","5.08B","-3.56%"
"05/04/2022","4,300.17","4,181.18","4,307.66","4,148.91","5.14B","2.99%"
"05/03/2022","4,175.48","4,159.78","4,200.10","4,147.08","4.58B","0.48%"
"05/02/2022","4,155.38","4,130.61","4,169.81","4,062.51","5.16B","0.57%"
"04/29/2022","4,131.93","4,253.75","4,269.68","4,124.28","5.08B","-3.63%"
"04/28/2022","4,287.50","4,222.58","4,308.45","4,188.63","4.85B","2.47%"
"04/27/2022","4,183.96","4,186.52","4,240.71","4,162.90","4.77B","0.21%"
"04/26/2022","4,175.20","4,278.14","4,278.14","4,175.04","4.69B","-2.81%"
"04/25/2022","4,296.12","4,255.34","4,299.02","4,200.82","5.24B","0.57%"
"04/22/2022","4,271.78","4,385.83","4,385.83","4,267.62","4.65B","-2.77%"
"04/21/2022","4,393.66","4,489.17","4,512.94","4,384.47","4.64B","-1.48%"
"04/20/2022","4,459.45","4,472.26","4,488.29","4,448.76","4.29B","-0.06%"
"04/19/2022","4,462.21","4,390.63","4,471.03","4,390.63","4.11B","1.61%"
"04/18/2022","4,391.69","4,385.63","4,410.31","4,370.30","3.91B","-0.02%"
"04/14/2022","4,392.59","4,449.12","4,460.46","4,390.77","4.08B","-1.21%"
"04/13/2022","4,446.59","4,394.30","4,453.92","4,392.70","3.83B","1.12%"
"04/12/2022","4,397.45","4,437.59","4,471.00","4,381.34","4.15B","-0.34%"
"04/11/2022","4,412.53","4,462.64","4,464.35","4,408.38","4.27B","-1.69%"
"04/08/2022","4,488.28","4,494.15","4,520.41","4,474.60","4.08B","-0.27%"
"04/07/2022","4,500.21","4,474.65","4,521.16","4,450.30","4.82B","0.43%"
"04/06/2022","4,481.15","4,494.17","4,503.94","4,450.04","4.99B","-0.97%"
"04/05/2022","4,525.12","4,572.45","4,593.45","4,514.17","4.80B","-1.26%"
"04/04/2022","4,582.64","4,547.97","4,583.50","4,539.21","4.55B","0.81%"
"04/01/2022","4,545.86","4,540.32","4,548.70","4,507.57","4.56B","0.34%"
"03/31/2022","4,530.41","4,599.02","4,603.07","4,530.41","4.82B","-1.57%"
"03/30/2022","4,602.45","4,624.20","4,627.77","4,581.32","4.39B","-0.63%"
"03/29/2022","4,631.60","4,602.86","4,637.30","4,589.66","5.09B","1.23%"
"03/28/2022","4,575.52","4,541.09","4,575.65","4,517.69","4.31B","0.71%"
"03/25/2022","4,543.06","4,522.91","4,546.03","4,501.07","4.31B","0.51%"
"03/24/2022","4,520.16","4,469.98","4,520.58","4,465.17","4.13B","1.43%"
"03/23/2022","4,456.24","4,493.10","4,501.07","4,455.81","4.55B","-1.23%"
"03/22/2022","4,511.61","4,469.10","4,522.00","4,469.10","4.75B","1.13%"
"03/21/2022","4,461.18","4,462.40","4,481.75","4,424.30","4.87B","-0.04%"
"03/18/2022","4,463.12","4,407.34","4,465.40","4,390.57","8.28B","1.17%"
"03/17/2022","4,411.67","4,345.11","4,412.67","4,335.65","4.99B","1.23%"
"03/16/2022","4,357.86","4,288.14","4,358.90","4,251.99","6.31B","2.24%"
"03/15/2022","4,262.45","4,188.82","4,271.05","4,187.90","5.39B","2.14%"
"03/14/2022","4,173.11","4,202.75","4,247.57","4,161.72","5.57B","-0.74%"
"03/11/2022","4,204.31","4,279.50","4,291.01","4,200.49","4.94B","-1.30%"
"03/10/2022","4,259.52","4,252.55","4,268.28","4,209.80","4.98B","-0.43%"
"03/09/2022","4,277.88","4,223.10","4,299.40","4,223.10","5.66B","2.57%"
"03/08/2022","4,170.70","4,202.66","4,276.94","4,157.87","7.24B","-0.72%"
"03/07/2022","4,201.09","4,327.01","4,327.01","4,199.85","6.94B","-2.95%"
"03/04/2022","4,328.87","4,342.12","4,342.12","4,284.98","5.80B","-0.79%"
"03/03/2022","4,363.49","4,401.31","4,416.78","4,345.56","5.04B","-0.53%"
"03/02/2022","4,386.54","4,322.56","4,401.48","4,322.56","5.34B","1.86%"
"03/01/2022","4,306.26","4,363.14","4,378.45","4,279.54","5.85B","-1.55%"
"02/28/2022","4,373.94","4,354.17","4,388.84","4,315.12","6.07B","-0.24%"
"02/25/2022","4,384.65","4,298.38","4,385.34","4,286.83","5.18B","2.24%"
"02/24/2022","4,288.70","4,155.77","4,294.73","4,114.65","6.75B","1.50%"
"02/23/2022","4,225.50","4,324.93","4,341.51","4,221.51","4.80B","-1.84%"
"02/22/2022","4,304.76","4,332.74","4,362.12","4,267.11","5.12B","-1.01%"
"02/18/2022","4,348.87","4,384.57","4,394.60","4,327.22","4.71B","-0.72%"
"02/17/2022","4,380.26","4,456.06","4,456.06","4,373.81","4.54B","-2.12%"
"02/16/2022","4,475.01","4,455.75","4,489.55","4,429.68","4.28B","0.09%"
"02/15/2022","4,471.07","4,429.28","4,472.77","4,429.28","4.43B","1.58%"
"02/14/2022","4,401.67","4,412.61","4,426.22","4,364.84","4.60B","-0.38%"
"02/11/2022","4,418.64","4,506.27","4,526.33","4,401.41","5.25B","-1.90%"
"02/10/2022","4,504.08","4,553.24","4,588.92","4,484.31","5.31B","-1.81%"
"02/09/2022","4,587.18","4,547.00","4,590.03","4,547.00","4.52B","1.45%"
"02/08/2022","4,521.54","4,480.02","4,531.32","4,465.40","4.46B","0.84%"
"02/07/2022","4,483.87","4,505.75","4,521.86","4,471.47","4.23B","-0.37%"
"02/04/2022","4,500.53","4,482.79","4,539.66","4,451.50","4.71B","0.52%"
"02/03/2022","4,477.44","4,535.41","4,542.88","4,470.39","4.40B","-2.44%"
"02/02/2022","4,589.38","4,566.39","4,595.31","4,544.32","4.48B","0.94%"
"02/01/2022","4,546.54","4,519.57","4,550.49","4,483.53","4.82B","0.69%"
"01/31/2022","4,515.55","4,431.79","4,516.89","4,414.02","5.10B","1.89%"
"01/28/2022","4,431.85","4,336.19","4,432.72","4,292.46","5.03B","2.43%"
"01/27/2022","4,326.51","4,380.58","4,428.74","4,309.50","5.21B","-0.54%"
"01/26/2022","4,349.93","4,408.43","4,453.23","4,304.80","5.57B","-0.15%"
"01/25/2022","4,356.45","4,366.64","4,411.01","4,287.11","5.15B","-1.22%"
"01/24/2022","4,410.13","4,356.32","4,417.35","4,222.62","6.93B","0.28%"
"01/21/2022","4,397.94","4,471.38","4,494.52","4,395.34","5.59B","-1.89%"
"01/20/2022","4,482.73","4,547.35","4,602.11","4,477.95","4.64B","-1.10%"
"01/19/2022","4,532.76","4,588.03","4,611.55","4,530.20","4.47B","-0.97%"
"01/18/2022","4,577.11","4,632.24","4,632.24","4,568.70","4.75B","-1.84%"
"01/14/2022","4,662.85","4,637.99","4,665.13","4,614.75","4.34B","0.08%"
"01/13/2022","4,659.03","4,733.56","4,744.13","4,650.29","4.25B","-1.42%"
"01/12/2022","4,726.35","4,728.59","4,748.83","4,706.71","4.05B","0.28%"
"01/11/2022","4,713.07","4,669.14","4,714.13","4,638.27","4.10B","0.92%"
"01/10/2022","4,670.29","4,655.34","4,673.02","4,582.24","4.51B","-0.14%"
"01/07/2022","4,677.03","4,697.66","4,707.95","4,662.74","4.18B","-0.41%"
"01/06/2022","4,696.05","4,693.39","4,725.01","4,671.26","4.30B","-0.10%"
"01/05/2022","4,700.58","4,787.99","4,797.70","4,699.44","4.89B","-1.94%"
"01/04/2022","4,793.54","4,804.51","4,818.62","4,774.27","4.68B","-0.06%"
"01/03/2022","4,796.56","4,778.14","4,796.64","4,758.17","3.83B","0.64%"
"12/31/2021","4,766.18","4,775.21","4,786.83","4,765.75","2.68B","-0.26%"
"12/30/2021","4,778.73","4,794.23","4,808.93","4,775.33","3.12B","-0.30%"
"12/29/2021","4,793.06","4,788.64","4,804.06","4,778.08","2.96B","0.14%"
"12/28/2021","4,786.35","4,795.49","4,807.02","4,780.04","2.71B","-0.10%"
"12/27/2021","4,791.19","4,733.99","4,791.49","4,733.99","2.77B","1.38%"
"12/23/2021","4,725.79","4,703.96","4,740.74","4,703.96","2.91B","0.62%"
"12/22/2021","4,696.56","4,650.36","4,697.67","4,645.53","3.32B","1.02%"
"12/21/2021","4,649.23","4,594.96","4,651.14","4,583.16","4.07B","1.78%"
"12/20/2021","4,568.02","4,587.90","4,587.90","4,531.10","4.64B","-1.14%"
"12/17/2021","4,620.64","4,652.50","4,666.70","4,600.22","7.99B","-1.03%"
"12/16/2021","4,668.67","4,719.13","4,731.99","4,651.89","4.83B","-0.87%"
"12/15/2021","4,709.85","4,636.46","4,712.60","4,611.22","4.91B","1.63%"
"12/14/2021","4,634.09","4,642.99","4,660.47","4,606.52","4.49B","-0.75%"
"12/13/2021","4,668.97","4,710.30","4,710.30","4,667.60","4.40B","-0.91%"
"12/10/2021","4,712.02","4,687.64","4,713.57","4,670.24","3.87B","0.95%"
"12/09/2021","4,667.45","4,691.00","4,695.26","4,665.98","3.90B","-0.72%"
"12/08/2021","4,701.21","4,690.86","4,705.06","4,674.52","4.23B","0.31%"
"12/07/2021","4,686.75","4,631.97","4,694.04","4,631.97","4.49B","2.07%"
"12/06/2021","4,591.67","4,548.37","4,612.60","4,540.51","4.77B","1.17%"
"12/03/2021","4,538.43","4,589.49","4,608.03","4,495.12","5.24B","-0.84%"
"12/02/2021","4,577.10","4,504.73","4,595.46","4,504.73","5.08B","1.42%"
"12/01/2021","4,513.04","4,602.82","4,652.94","4,510.27","5.37B","-1.18%"
"11/30/2021","4,567.00","4,640.25","4,646.02","4,560.00","6.63B","-1.90%"
"11/29/2021","4,655.27","4,628.75","4,672.95","4,625.26","4.34B","1.32%"
"11/26/2021","4,594.62","4,664.63","4,664.63","4,585.43","3.52B","-2.27%"
"11/24/2021","4,701.46","4,675.78","4,702.87","4,659.89","3.42B","0.23%"
"11/23/2021","4,690.70","4,678.48","4,699.39","4,652.66","4.28B","0.17%"
"11/22/2021","4,682.94","4,712.00","4,743.83","4,682.17","4.44B","-0.32%"
"11/19/2021","4,697.96","4,708.44","4,717.75","4,694.22","4.25B","-0.14%"
"11/18/2021","4,704.54","4,700.72","4,708.80","4,672.78","4.23B","0.34%"
"11/17/2021","4,688.67","4,701.50","4,701.50","4,684.41","3.97B","-0.26%"
"11/16/2021","4,700.90","4,679.42","4,714.95","4,679.42","3.97B","0.39%"
"11/15/2021","4,682.80","4,689.30","4,697.42","4,672.86","3.49B","-0.00%"
"11/12/2021","4,682.85","4,655.24","4,688.47","4,650.77","3.73B","0.72%"
"11/11/2021","4,649.27","4,659.39","4,664.55","4,648.31","3.93B","0.06%"
"11/10/2021","4,646.71","4,670.26","4,684.85","4,630.86","4.50B","-0.82%"
"11/09/2021","4,685.25","4,707.25","4,708.53","4,670.87","4.12B","-0.35%"
"11/08/2021","4,701.70","4,701.48","4,714.92","4,694.39","4.27B","0.09%"
"11/05/2021","4,697.53","4,699.26","4,718.50","4,681.32","4.47B","0.37%"
"11/04/2021","4,680.06","4,662.93","4,683.00","4,662.59","4.46B","0.42%"
"11/03/2021","4,660.57","4,630.65","4,663.46","4,621.19","4.32B","0.65%"
"11/02/2021","4,630.65","4,613.34","4,635.15","4,613.34","3.98B","0.37%"
"11/01/2021","4,613.67","4,610.62","4,620.34","4,595.06","3.97B","0.18%"
"10/29/2021","4,605.38","4,572.87","4,608.08","4,567.59","4.51B","0.19%"
"10/28/2021","4,596.42","4,562.84","4,597.55","4,562.84","4.13B","0.98%"
"10/27/2021","4,551.68","4,580.22","4,584.57","4,551.66","4.23B","-0.51%"
"10/26/2021","4,574.79","4,578.69","4,598.53","4,569.17","3.88B","0.18%"
"10/25/2021","4,566.48","4,553.69","4,572.62","4,537.36","3.90B","0.47%"
"10/22/2021","4,544.90","4,546.12","4,559.67","4,524.00","3.76B","-0.11%"
"10/21/2021","4,549.78","4,532.24","4,551.44","4,526.89","3.82B","0.30%"
"10/20/2021","4,536.19","4,524.42","4,540.87","4,524.40","3.67B","0.37%"
"10/19/2021","4,519.63","4,497.34","4,520.40","4,496.41","3.46B","0.74%"
"10/18/2021","4,486.46","4,463.72","4,488.75","4,447.47","3.66B","0.34%"
"10/15/2021","4,471.37","4,447.69","4,475.82","4,447.69","3.82B","0.75%"
"10/14/2021","4,438.26","4,386.75","4,439.73","4,386.75","3.60B","1.71%"
"10/13/2021","4,363.80","4,358.01","4,372.87","4,329.92","3.62B","0.30%"
"10/12/2021","4,350.65","4,368.31","4,374.89","4,342.09","3.56B","-0.24%"
"10/11/2021","4,361.19","4,385.44","4,415.88","4,360.59","3.28B","-0.69%"
"10/08/2021","4,391.34","4,406.51","4,412.02","4,386.22","3.28B","-0.19%"
"10/07/2021","4,399.76","4,383.73","4,429.97","4,383.73","3.84B","0.83%"
"10/06/2021","4,363.55","4,319.57","4,365.57","4,290.49","4.01B","0.41%"
"10/05/2021","4,345.72","4,309.87","4,369.23","4,309.87","3.90B","1.05%"
"10/04/2021","4,300.46","4,348.84","4,355.51","4,278.94","4.31B","-1.30%"
"10/01/2021","4,357.04","4,317.16","4,375.19","4,288.52","4.01B","1.15%"
"09/30/2021","4,307.54","4,370.67","4,382.55","4,306.24","4.45B","-1.19%"
"09/29/2021","4,359.46","4,362.41","4,385.57","4,355.08","3.71B","0.16%"
"09/28/2021","4,352.63","4,419.54","4,419.54","4,346.33","4.42B","-2.04%"
"09/27/2021","4,443.11","4,442.12","4,457.30","4,436.19","4.06B","-0.28%"
"09/24/2021","4,455.48","4,438.04","4,463.12","4,430.27","3.38B","0.15%"
"09/23/2021","4,448.98","4,406.75","4,465.40","4,406.75","3.92B","1.21%"
"09/22/2021","4,395.64","4,367.43","4,416.75","4,367.43","3.94B","0.95%"
"09/21/2021","4,354.19","4,374.45","4,394.87","4,347.96","3.92B","-0.08%"
"09/20/2021","4,357.73","4,402.95","4,402.95","4,305.91","4.90B","-1.70%"
"09/17/2021","4,432.99","4,469.74","4,471.52","4,427.76","7.29B","-0.91%"
"09/16/2021","4,473.75","4,477.09","4,485.87","4,443.80","3.98B","-0.16%"
"09/15/2021","4,480.70","4,447.49","4,486.87","4,438.37","4.03B","0.85%"
"09/14/2021","4,443.05","4,479.33","4,485.68","4,435.46","3.67B","-0.57%"
"09/13/2021","4,468.73","4,474.81","4,492.99","4,445.70","3.91B","0.23%"
"09/10/2021","4,458.58","4,506.92","4,520.47","4,457.66","3.62B","-0.77%"
"09/09/2021","4,493.28","4,513.02","4,529.90","4,492.07","3.74B","-0.46%"
"09/08/2021","4,514.07","4,518.09","4,521.79","4,493.95","3.75B","-0.13%"
"09/07/2021","4,520.03","4,535.38","4,535.38","4,513.00","3.82B","-0.34%"
"09/03/2021","4,535.43","4,532.42","4,541.45","4,521.30","3.22B","-0.03%"
"09/02/2021","4,536.95","4,534.48","4,545.85","4,524.66","3.74B","0.28%"
"09/01/2021","4,524.09","4,528.80","4,537.11","4,522.02","4.06B","0.03%"
"08/31/2021","4,522.68","4,529.75","4,531.39","4,515.80","4.29B","-0.13%"
"08/30/2021","4,528.79","4,513.76","4,537.36","4,513.76","3.17B","0.43%"
"08/27/2021","4,509.37","4,474.10","4,513.33","4,474.10","3.33B","0.88%"
"08/26/2021","4,470.00","4,493.75","4,495.90","4,468.99","3.26B","-0.58%"
"08/25/2021","4,496.19","4,490.45","4,501.71","4,485.66","3.44B","0.22%"
"08/24/2021","4,486.23","4,484.40","4,492.81","4,482.28","3.98B","0.15%"
"08/23/2021","4,479.53","4,450.29","4,489.88","4,450.29","3.58B","0.85%"
"08/20/2021","4,441.67","4,410.56","4,444.35","4,406.80","3.65B","0.81%"
"08/19/2021","4,405.80","4,382.44","4,418.61","4,367.73","4.40B","0.13%"
"08/18/2021","4,400.27","4,440.94","4,454.32","4,397.59","3.76B","-1.07%"
"08/17/2021","4,448.08","4,462.12","4,462.12","4,417.83","3.84B","-0.71%"
"08/16/2021","4,479.71","4,461.65","4,480.26","4,437.66","3.37B","0.26%"
"08/13/2021","4,468.00","4,464.84","4,468.37","4,460.82","3.02B","0.16%"
"08/12/2021","4,460.83","4,446.08","4,461.77","4,435.96","3.38B","0.41%"
"08/11/2021","4,442.41","4,442.18","4,449.44","4,436.42","3.53B","0.13%"
"08/10/2021","4,436.75","4,435.79","4,445.21","4,430.03","3.89B","0.10%"
"08/09/2021","4,432.35","4,437.77","4,439.39","4,424.74","3.45B","-0.09%"
"08/06/2021","4,436.52","4,429.07","4,440.82","4,429.07","3.45B","0.17%"
"08/05/2021","4,429.10","4,408.86","4,429.76","4,408.86","3.77B","0.60%"
"08/04/2021","4,402.66","4,415.95","4,416.17","4,400.23","4.26B","-0.46%"
"08/03/2021","4,423.15","4,392.74","4,423.79","4,373.00","3.97B","0.82%"
"08/02/2021","4,387.16","4,406.86","4,422.18","4,384.81","3.72B","-0.18%"
"07/30/2021","4,395.26","4,395.12","4,412.25","4,389.65","3.96B","-0.54%"
"07/29/2021","4,419.15","4,403.59","4,429.97","4,403.59","4.04B","0.42%"
"07/28/2021","4,400.64","4,402.95","4,415.47","4,387.01","4.22B","-0.02%"
"07/27/2021","4,401.46","4,416.38","4,416.38","4,372.51","4.24B","-0.47%"
"07/26/2021","4,422.30","4,409.58","4,422.73","4,405.45","4.28B","0.24%"
"07/23/2021","4,411.79","4,381.20","4,415.18","4,381.20","4.54B","1.01%"
"07/22/2021","4,367.48","4,361.27","4,369.87","4,350.06","3.36B","0.20%"
"07/21/2021","4,358.69","4,331.13","4,359.70","4,331.13","3.81B","0.82%"
"07/20/2021","4,323.06","4,265.11","4,336.84","4,262.05","4.44B","1.52%"
"07/19/2021","4,258.49","4,296.40","4,296.40","4,233.13","5.16B","-1.59%"
"07/16/2021","4,327.16","4,367.43","4,375.09","4,322.53","3.99B","-0.75%"
"07/15/2021","4,360.03","4,369.02","4,369.02","4,340.70","3.91B","-0.33%"
"07/14/2021","4,374.30","4,380.11","4,393.68","4,362.36","4.01B","0.12%"
"07/13/2021","4,369.21","4,381.07","4,392.37","4,366.92","3.70B","-0.35%"
"07/12/2021","4,384.63","4,372.41","4,386.68","4,364.03","3.38B","0.35%"
"07/09/2021","4,369.55","4,329.38","4,371.60","4,329.38","3.53B","1.13%"
"07/08/2021","4,320.82","4,321.07","4,330.88","4,289.37","4.35B","-0.86%"
"07/07/2021","4,358.13","4,351.01","4,361.88","4,329.79","4.04B","0.34%"
"07/06/2021","4,343.54","4,356.46","4,356.46","4,314.37","4.31B","-0.20%"
"07/02/2021","4,352.34","4,326.60","4,355.43","4,326.60","3.23B","0.75%"
"07/01/2021","4,319.94","4,300.73","4,320.66","4,300.73","3.79B","0.52%"
"06/30/2021","4,297.50","4,290.65","4,302.43","4,287.96","4.27B","0.13%"
"06/29/2021","4,291.80","4,293.21","4,300.52","4,287.04","3.71B","0.03%"
"06/28/2021","4,290.61","4,284.90","4,292.14","4,274.67","4.15B","0.23%"
"06/25/2021","4,280.70","4,274.45","4,286.12","4,271.16","7.34B","0.33%"
"06/24/2021","4,266.49","4,256.97","4,271.28","4,256.97","3.82B","0.58%"
"06/23/2021","4,241.84","4,249.27","4,256.60","4,241.43","3.73B","-0.11%"
"06/22/2021","4,246.44","4,224.61","4,255.84","4,217.27","3.83B","0.51%"
"06/21/2021","4,224.79","4,173.40","4,226.24","4,173.40","4.13B","1.40%"
"06/18/2021","4,166.45","4,204.78","4,204.78","4,164.40","6.82B","-1.31%"
"06/17/2021","4,221.86","4,220.37","4,232.29","4,196.05","5.31B","-0.04%"
"06/16/2021","4,223.70","4,248.87","4,251.89","4,202.45","4.54B","-0.54%"
"06/15/2021","4,246.59","4,255.28","4,257.16","4,238.35","4.05B","-0.20%"
"06/14/2021","4,255.15","4,248.31","4,255.59","4,234.07","4.15B","0.18%"
"06/11/2021","4,247.44","4,242.90","4,248.38","4,232.25","3.82B","0.19%"
"06/10/2021","4,239.18","4,228.56","4,249.74","4,220.34","4.41B","0.47%"
"06/09/2021","4,219.55","4,232.99","4,237.09","4,218.74","4.71B","-0.18%"
"06/08/2021","4,227.26","4,233.81","4,236.74","4,208.41","4.66B","0.02%"
"06/07/2021","4,226.52","4,229.34","4,232.34","4,215.66","4.48B","-0.08%"
"06/04/2021","4,229.89","4,206.05","4,233.45","4,206.05","4.14B","0.88%"
"06/03/2021","4,192.85","4,191.43","4,204.39","4,167.93","5.59B","-0.36%"
"06/02/2021","4,208.12","4,206.82","4,217.37","4,198.27","5.83B","0.14%"
"06/01/2021","4,202.04","4,216.52","4,234.12","4,197.59","5.07B","-0.05%"
"05/28/2021","4,204.11","4,210.77","4,218.36","4,203.57","4.65B","0.08%"
"05/27/2021","4,200.88","4,201.94","4,213.38","4,197.78","6.41B","0.12%"
"05/26/2021","4,195.99","4,191.59","4,202.61","4,184.11","4.42B","0.19%"
"05/25/2021","4,188.13","4,205.94","4,213.42","4,182.52","4.18B","-0.21%"
"05/24/2021","4,197.05","4,170.16","4,209.52","4,170.16","3.68B","0.99%"
"05/21/2021","4,155.86","4,168.61","4,188.72","4,151.72","4.00B","-0.08%"
"05/20/2021","4,159.12","4,121.97","4,172.80","4,121.97","3.98B","1.06%"
"05/19/2021","4,115.68","4,098.45","4,116.93","4,061.41","4.25B","-0.29%"
"05/18/2021","4,127.83","4,165.94","4,169.15","4,125.99","4.40B","-0.85%"
"05/17/2021","4,163.29","4,169.92","4,171.92","4,142.69","4.13B","-0.25%"
"05/14/2021","4,173.85","4,129.58","4,183.13","4,129.58","4.01B","1.49%"
"05/13/2021","4,112.50","4,074.99","4,131.58","4,074.99","4.78B","1.22%"
"05/12/2021","4,063.04","4,130.55","4,134.73","4,056.88","4.73B","-2.14%"
"05/11/2021","4,152.10","4,150.34","4,162.04","4,111.53","4.87B","-0.87%"
"05/10/2021","4,188.43","4,228.29","4,236.39","4,188.13","4.56B","-1.04%"
"05/07/2021","4,232.60","4,210.34","4,238.04","4,201.64","4.02B","0.74%"
"05/06/2021","4,201.62","4,169.14","4,202.70","4,147.33","4.51B","0.82%"
"05/05/2021","4,167.59","4,177.06","4,187.72","4,160.94","4.23B","0.07%"
"05/04/2021","4,164.66","4,179.04","4,179.04","4,128.59","4.45B","-0.67%"
"05/03/2021","4,192.66","4,191.98","4,209.39","4,188.03","4.07B","0.27%"
"04/30/2021","4,181.17","4,198.10","4,198.10","4,174.85","4.30B","-0.72%"
"04/29/2021","4,211.47","4,206.14","4,218.78","4,176.81","4.30B","0.68%"
"04/28/2021","4,183.18","4,185.14","4,201.53","4,181.78","3.79B","-0.08%"
"04/27/2021","4,186.72","4,188.25","4,193.35","4,176.22","3.71B","-0.02%"
"04/26/2021","4,187.62","4,185.03","4,194.19","4,182.36","3.75B","0.18%"
"04/23/2021","4,180.17","4,138.78","4,194.17","4,138.78","3.57B","1.09%"
"04/22/2021","4,134.98","4,170.46","4,179.57","4,123.69","4.25B","-0.92%"
"04/21/2021","4,173.42","4,128.42","4,175.02","4,126.35","3.89B","0.93%"
"04/20/2021","4,134.94","4,159.18","4,159.18","4,118.38","4.34B","-0.68%"
"04/19/2021","4,163.26","4,179.80","4,180.81","4,150.47","3.81B","-0.53%"
"04/16/2021","4,185.47","4,174.14","4,191.31","4,170.75","4.16B","0.36%"
"04/15/2021","4,170.42","4,139.76","4,173.49","4,139.76","4.03B","1.11%"
"04/14/2021","4,124.66","4,141.58","4,151.69","4,120.87","3.99B","-0.41%"
"04/13/2021","4,141.59","4,130.10","4,148.00","4,124.43","3.73B","0.33%"
"04/12/2021","4,127.99","4,124.71","4,131.76","4,114.82","3.59B","-0.02%"
"04/09/2021","4,128.80","4,096.11","4,129.48","4,095.51","3.64B","0.77%"
"04/08/2021","4,097.17","4,089.95","4,098.19","4,082.54","3.91B","0.42%"
"04/07/2021","4,079.95","4,074.29","4,083.13","4,068.31","4.12B","0.15%"
"04/06/2021","4,073.94","4,075.57","4,086.23","4,068.14","4.08B","-0.10%"
"04/05/2021","4,077.91","4,034.44","4,083.42","4,034.44","4.01B","1.44%"
"04/01/2021","4,019.87","3,992.78","4,020.63","3,992.78","4.16B","1.18%"
"03/31/2021","3,972.89","3,967.25","3,994.41","3,966.98","4.58B","0.36%"
"03/30/2021","3,958.55","3,963.34","3,968.01","3,944.35","4.12B","-0.32%"
"03/29/2021","3,971.09","3,969.31","3,981.83","3,943.25","4.63B","-0.09%"
"03/26/2021","3,974.54","3,917.12","3,978.19","3,917.12","5.48B","1.66%"
"03/25/2021","3,909.52","3,879.34","3,919.54","3,853.50","4.95B","0.52%"
"03/24/2021","3,889.14","3,919.93","3,942.08","3,889.07","4.78B","-0.55%"
"03/23/2021","3,910.52","3,937.60","3,949.13","3,901.57","4.67B","-0.76%"
"03/22/2021","3,940.59","3,916.48","3,955.31","3,914.16","4.32B","0.70%"
"03/19/2021","3,913.10","3,913.14","3,930.12","3,886.75","7.76B","-0.06%"
"03/18/2021","3,915.46","3,953.50","3,969.62","3,910.86","5.12B","-1.48%"
"03/17/2021","3,974.12","3,949.57","3,983.87","3,935.74","4.56B","0.29%"
"03/16/2021","3,962.71","3,973.59","3,981.04","3,953.44","4.61B","-0.16%"
"03/15/2021","3,968.94","3,942.96","3,970.08","3,923.54","4.90B","0.65%"
"03/12/2021","3,943.34","3,924.52","3,944.99","3,915.21","4.48B","0.10%"
"03/11/2021","3,939.34","3,915.54","3,960.27","3,915.54","5.31B","1.04%"
"03/10/2021","3,898.81","3,891.99","3,917.35","3,885.73","5.85B","0.60%"
"03/09/2021","3,875.44","3,851.93","3,903.76","3,851.93","5.51B","1.42%"
"03/08/2021","3,821.35","3,844.39","3,881.06","3,819.25","5.87B","-0.54%"
"03/05/2021","3,841.94","3,793.58","3,851.69","3,730.19","6.85B","1.95%"
"03/04/2021","3,768.47","3,818.53","3,843.67","3,723.34","7.20B","-1.34%"
"03/03/2021","3,819.72","3,863.99","3,874.47","3,818.86","6.17B","-1.31%"
"03/02/2021","3,870.29","3,903.64","3,906.41","3,868.57","5.54B","-0.81%"
"03/01/2021","3,901.82","3,842.51","3,914.50","3,842.51","5.11B","2.38%"
"02/26/2021","3,811.15","3,839.66","3,861.08","3,789.54","6.53B","-0.48%"
"02/25/2021","3,829.34","3,915.80","3,925.02","3,814.04","6.55B","-2.45%"
"02/24/2021","3,925.43","3,873.71","3,928.65","3,859.60","6.01B","1.14%"
"02/23/2021","3,881.37","3,857.07","3,895.98","3,805.59","6.30B","0.13%"
"02/22/2021","3,876.50","3,885.55","3,902.92","3,874.71","5.92B","-0.77%"
"02/19/2021","3,906.71","3,921.16","3,930.41","3,903.07","4.85B","-0.19%"
"02/18/2021","3,913.97","3,915.86","3,921.98","3,885.03","4.79B","-0.44%"
"02/17/2021","3,931.33","3,918.50","3,933.61","3,900.43","4.73B","-0.03%"
"02/16/2021","3,932.59","3,939.61","3,950.43","3,923.85","5.06B","-0.06%"
"02/12/2021","3,934.83","3,911.65","3,937.23","3,905.78","4.14B","0.47%"
"02/11/2021","3,916.38","3,916.40","3,925.99","3,890.39","4.59B","0.17%"
"02/10/2021","3,909.88","3,920.78","3,931.50","3,884.94","4.84B","-0.03%"
"02/09/2021","3,911.23","3,910.49","3,918.35","3,902.64","4.57B","-0.11%"
"02/08/2021","3,915.59","3,892.59","3,915.77","3,892.59","4.65B","0.74%"
"02/05/2021","3,886.83","3,878.30","3,894.56","3,874.93","4.88B","0.39%"
"02/04/2021","3,871.74","3,836.66","3,872.42","3,836.66","4.88B","1.09%"
"02/03/2021","3,830.17","3,840.27","3,847.51","3,816.68","4.86B","0.10%"
"02/02/2021","3,826.31","3,791.84","3,843.09","3,791.84","5.51B","1.39%"
"02/01/2021","3,773.86","3,731.17","3,784.32","3,725.62","5.44B","1.61%"
"01/29/2021","3,714.24","3,778.05","3,778.05","3,694.12","6.64B","-1.93%"
"01/28/2021","3,787.38","3,755.75","3,830.50","3,755.75","6.99B","0.98%"
"01/27/2021","3,750.77","3,836.83","3,836.83","3,732.48","9.98B","-2.57%"
"01/26/2021","3,849.62","3,862.96","3,870.90","3,847.78","6.14B","-0.15%"
"01/25/2021","3,855.36","3,851.68","3,859.23","3,797.16","7.00B","0.36%"
"01/22/2021","3,841.47","3,844.24","3,852.31","3,830.41","5.11B","-0.30%"
"01/21/2021","3,853.07","3,857.46","3,861.45","3,845.05","4.50B","0.03%"
"01/20/2021","3,851.85","3,816.22","3,859.75","3,816.22","4.57B","1.39%"
"01/19/2021","3,798.91","3,781.88","3,804.53","3,780.37","5.01B","0.81%"
"01/15/2021","3,768.25","3,788.73","3,788.73","3,749.62","5.37B","-0.72%"
"01/14/2021","3,795.54","3,814.98","3,823.60","3,792.86","5.20B","-0.38%"
"01/13/2021","3,809.84","3,802.23","3,820.96","3,791.50","4.60B","0.23%"
"01/12/2021","3,801.19","3,801.62","3,810.78","3,776.51","4.99B","0.04%"
"01/11/2021","3,799.61","3,803.14","3,817.86","3,789.02","4.47B","-0.66%"
"01/08/2021","3,824.68","3,815.05","3,826.69","3,783.60","4.77B","0.55%"
"01/07/2021","3,803.79","3,764.71","3,811.55","3,764.71","5.10B","1.48%"
"01/06/2021","3,748.14","3,712.20","3,783.04","3,705.34","6.06B","0.57%"
"01/05/2021","3,726.86","3,698.02","3,737.83","3,695.07","4.59B","0.71%"
"01/04/2021","3,700.65","3,764.61","3,769.99","3,662.71","5.01B","-1.48%"
"12/31/2020","3,756.07","3,733.27","3,760.20","3,726.88","3.18B","0.64%"
"12/30/2020","3,732.04","3,736.19","3,744.63","3,730.21","3.15B","0.13%"
"12/29/2020","3,727.04","3,750.01","3,756.12","3,723.31","3.39B","-0.22%"
"12/28/2020","3,735.36","3,723.03","3,740.51","3,723.03","3.54B","0.87%"
"12/24/2020","3,703.06","3,694.03","3,703.82","3,689.32","1.88B","0.35%"
"12/23/2020","3,690.01","3,693.42","3,711.24","3,689.28","3.78B","0.07%"
"12/22/2020","3,687.26","3,698.08","3,698.26","3,676.16","4.05B","-0.21%"
"12/21/2020","3,694.92","3,684.28","3,702.90","3,636.48","4.75B","-0.39%"
"12/18/2020","3,709.41","3,722.39","3,726.70","3,685.84","7.10B","-0.35%"
"12/17/2020","3,722.48","3,713.65","3,725.12","3,710.87","4.19B","0.58%"
"12/16/2020","3,701.17","3,696.25","3,711.27","3,688.57","4.07B","0.18%"
"12/15/2020","3,694.62","3,666.41","3,695.29","3,659.62","4.39B","1.29%"
"12/14/2020","3,647.49","3,675.27","3,697.61","3,645.84","4.62B","-0.44%"
"12/11/2020","3,663.46","3,656.08","3,665.91","3,633.40","4.38B","-0.13%"
"12/10/2020","3,668.10","3,659.13","3,678.49","3,645.18","4.66B","-0.13%"
"12/09/2020","3,672.82","3,705.98","3,712.39","3,660.54","5.23B","-0.79%"
"12/08/2020","3,702.25","3,683.05","3,708.45","3,678.83","4.58B","0.28%"
"12/07/2020","3,691.96","3,694.73","3,697.41","3,678.88","4.80B","-0.19%"
"12/04/2020","3,699.12","3,670.94","3,699.20","3,670.94","5.10B","0.88%"
"12/03/2020","3,666.72","3,668.28","3,682.73","3,657.17","5.07B","-0.06%"
"12/02/2020","3,669.01","3,653.78","3,670.96","3,644.84","5.04B","0.18%"
"12/01/2020","3,662.45","3,645.87","3,678.45","3,645.87","5.42B","1.13%"
"11/30/2020","3,621.63","3,634.18","3,634.18","3,594.39","6.31B","-0.46%"
"11/27/2020","3,638.35","3,638.55","3,644.31","3,629.33","2.78B","0.24%"
"11/25/2020","3,629.65","3,635.50","3,635.50","3,617.76","4.91B","-0.16%"
"11/24/2020","3,635.41","3,594.52","3,642.31","3,594.52","6.28B","1.62%"
"11/23/2020","3,577.59","3,566.82","3,589.81","3,552.77","5.06B","0.56%"
"11/20/2020","3,557.54","3,579.31","3,581.23","3,556.85","4.24B","-0.68%"
"11/19/2020","3,581.87","3,559.41","3,585.22","3,543.84","4.36B","0.39%"
"11/18/2020","3,567.79","3,612.09","3,619.09","3,567.33","5.28B","-1.16%"
"11/17/2020","3,609.53","3,610.31","3,623.11","3,588.68","4.81B","-0.48%"
"11/16/2020","3,626.91","3,600.16","3,628.51","3,600.16","5.30B","1.16%"
"11/13/2020","3,585.15","3,552.57","3,593.66","3,552.57","4.72B","1.36%"
"11/12/2020","3,537.01","3,562.67","3,569.02","3,518.58","4.91B","-1.00%"
"11/11/2020","3,572.66","3,563.22","3,581.16","3,557.00","4.64B","0.77%"
"11/10/2020","3,545.53","3,543.26","3,557.22","3,511.91","6.04B","-0.14%"
"11/09/2020","3,550.50","3,583.04","3,645.99","3,547.48","8.57B","1.17%"
"11/06/2020","3,509.44","3,508.34","3,521.58","3,484.34","4.84B","-0.03%"
"11/05/2020","3,510.45","3,485.74","3,529.05","3,485.74","4.86B","1.95%"
"11/04/2020","3,443.44","3,406.46","3,486.25","3,405.17","4.79B","2.20%"
"11/03/2020","3,369.16","3,336.25","3,389.49","3,336.25","4.24B","1.78%"
"11/02/2020","3,310.24","3,296.20","3,330.14","3,279.74","4.31B","1.23%"
"10/30/2020","3,269.96","3,293.59","3,304.93","3,233.94","4.84B","-1.21%"
"10/29/2020","3,310.11","3,277.17","3,341.05","3,259.82","4.91B","1.19%"
"10/28/2020","3,271.03","3,342.48","3,342.48","3,268.89","5.14B","-3.53%"
"10/27/2020","3,390.68","3,403.15","3,409.51","3,388.71","3.96B","-0.30%"
"10/26/2020","3,400.97","3,441.42","3,441.42","3,364.86","4.00B","-1.86%"
"10/23/2020","3,465.39","3,464.90","3,466.46","3,440.45","3.65B","0.34%"
"10/22/2020","3,453.49","3,438.50","3,460.53","3,415.34","4.17B","0.52%"
"10/21/2020","3,435.56","3,439.91","3,464.86","3,433.06","4.10B","-0.22%"
"10/20/2020","3,443.12","3,439.38","3,476.93","3,435.65","3.92B","0.47%"
"10/19/2020","3,426.92","3,493.66","3,502.42","3,419.93","4.09B","-1.63%"
"10/16/2020","3,483.81","3,493.50","3,515.76","3,480.45","4.69B","0.01%"
"10/15/2020","3,483.34","3,453.72","3,489.08","3,440.89","3.72B","-0.15%"
"10/14/2020","3,488.67","3,515.47","3,527.94","3,480.55","3.86B","-0.66%"
"10/13/2020","3,511.93","3,534.01","3,534.01","3,500.86","3.61B","-0.63%"
"10/12/2020","3,534.22","3,500.02","3,549.85","3,499.61","3.44B","1.64%"
"10/09/2020","3,477.14","3,459.67","3,482.34","3,458.07","3.94B","0.88%"
"10/08/2020","3,446.83","3,434.28","3,447.28","3,428.15","3.87B","0.80%"
"10/07/2020","3,419.44","3,384.56","3,426.26","3,384.56","3.81B","1.74%"
"10/06/2020","3,360.97","3,408.74","3,431.56","3,354.54","4.45B","-1.40%"
"10/05/2020","3,408.60","3,367.27","3,409.57","3,367.27","3.69B","1.80%"
"10/02/2020","3,348.42","3,338.94","3,369.10","3,323.69","3.98B","-0.96%"
"10/01/2020","3,380.80","3,385.87","3,397.18","3,361.39","4.08B","0.53%"
"09/30/2020","3,363.00","3,341.21","3,393.56","3,340.47","4.74B","0.83%"
"09/29/2020","3,335.47","3,350.92","3,357.92","3,327.54","3.66B","-0.48%"
"09/28/2020","3,351.60","3,333.90","3,360.74","3,332.91","3.95B","1.61%"
"09/25/2020","3,298.46","3,236.66","3,306.88","3,228.44","3.80B","1.60%"
"09/24/2020","3,246.59","3,226.14","3,278.70","3,209.45","4.60B","0.30%"
"09/23/2020","3,236.92","3,320.11","3,323.35","3,232.57","4.38B","-2.37%"
"09/22/2020","3,315.57","3,295.75","3,320.31","3,270.95","3.97B","1.05%"
"09/21/2020","3,281.06","3,285.57","3,285.57","3,229.10","4.84B","-1.16%"
"09/18/2020","3,319.47","3,357.38","3,362.27","3,292.40","7.08B","-1.12%"
"09/17/2020","3,357.01","3,346.86","3,375.17","3,328.82","4.38B","-0.84%"
"09/16/2020","3,385.49","3,411.23","3,428.92","3,384.45","4.72B","-0.46%"
"09/15/2020","3,401.20","3,407.73","3,419.48","3,389.25","4.06B","0.52%"
"09/14/2020","3,383.54","3,363.56","3,402.93","3,363.56","3.84B","1.27%"
"09/11/2020","3,340.97","3,352.70","3,368.95","3,310.47","3.71B","0.05%"
"09/10/2020","3,339.19","3,412.56","3,425.55","3,329.25","4.21B","-1.76%"
"09/09/2020","3,398.96","3,369.82","3,424.77","3,366.84","3.93B","2.01%"
"09/08/2020","3,331.84","3,371.88","3,379.97","3,329.27","4.69B","-2.78%"
"09/04/2020","3,426.96","3,453.60","3,479.15","3,349.63","4.44B","-0.81%"
"09/03/2020","3,455.06","3,564.74","3,564.85","3,427.41","4.91B","-3.51%"
"09/02/2020","3,580.84","3,543.76","3,588.11","3,535.23","4.30B","1.54%"
"09/01/2020","3,526.65","3,507.44","3,528.03","3,494.60","4.10B","0.75%"
"08/31/2020","3,500.31","3,509.73","3,514.77","3,493.25","4.35B","-0.22%"
"08/28/2020","3,508.01","3,494.69","3,509.23","3,484.32","3.87B","0.67%"
"08/27/2020","3,484.55","3,485.14","3,501.38","3,468.35","3.96B","0.17%"
"08/26/2020","3,478.73","3,449.97","3,481.07","3,444.15","3.78B","1.02%"
"08/25/2020","3,443.62","3,435.95","3,444.21","3,425.84","3.63B","0.36%"
"08/24/2020","3,431.28","3,418.09","3,432.09","3,413.13","3.74B","1.00%"
"08/21/2020","3,397.16","3,386.01","3,399.96","3,379.31","3.51B","0.34%"
"08/20/2020","3,385.51","3,360.48","3,390.80","3,354.69","3.43B","0.32%"
"08/19/2020","3,374.85","3,392.51","3,399.54","3,369.66","3.68B","-0.44%"
"08/18/2020","3,389.78","3,387.04","3,395.06","3,370.15","3.67B","0.23%"
"08/17/2020","3,381.99","3,380.86","3,387.59","3,379.22","3.46B","0.27%"
"08/14/2020","3,372.85","3,368.66","3,378.51","3,361.64","3.20B","-0.02%"
"08/13/2020","3,373.43","3,372.95","3,387.24","3,363.35","3.44B","-0.20%"
"08/12/2020","3,380.35","3,355.46","3,387.89","3,355.46","3.77B","1.40%"
"08/11/2020","3,333.69","3,370.34","3,381.01","3,326.44","4.88B","-0.80%"
"08/10/2020","3,360.47","3,356.04","3,363.29","3,335.44","4.33B","0.27%"
"08/07/2020","3,351.28","3,340.05","3,352.54","3,328.72","4.11B","0.06%"
"08/06/2020","3,349.16","3,323.17","3,351.03","3,318.14","4.28B","0.64%"
"08/05/2020","3,327.77","3,317.37","3,330.77","3,317.37","4.54B","0.64%"
"08/04/2020","3,306.51","3,289.92","3,306.84","3,286.37","4.41B","0.36%"
"08/03/2020","3,294.61","3,288.26","3,302.73","3,284.53","4.44B","0.72%"
"07/31/2020","3,271.12","3,270.45","3,272.17","3,220.26","5.01B","0.77%"
"07/30/2020","3,246.22","3,231.76","3,250.92","3,204.13","4.26B","-0.38%"
"07/29/2020","3,258.44","3,227.22","3,264.74","3,227.22","4.48B","1.24%"
"07/28/2020","3,218.44","3,234.27","3,243.72","3,216.17","4.05B","-0.65%"
"07/27/2020","3,239.41","3,219.84","3,241.43","3,214.25","3.97B","0.74%"
"07/24/2020","3,215.63","3,218.58","3,227.26","3,200.05","3.69B","-0.62%"
"07/23/2020","3,235.66","3,271.64","3,279.99","3,222.66","4.30B","-1.23%"
"07/22/2020","3,276.02","3,254.86","3,279.32","3,253.10","4.27B","0.57%"
"07/21/2020","3,257.30","3,268.52","3,277.29","3,247.77","4.56B","0.17%"
"07/20/2020","3,251.84","3,224.29","3,258.61","3,215.16","3.98B","0.84%"
"07/17/2020","3,224.73","3,224.21","3,233.52","3,205.65","4.01B","0.28%"
"07/16/2020","3,215.57","3,208.36","3,220.39","3,198.59","3.97B","-0.34%"
"07/15/2020","3,226.56","3,225.98","3,238.28","3,200.76","4.69B","0.91%"
"07/14/2020","3,197.52","3,141.11","3,200.95","3,127.66","4.51B","1.34%"
"07/13/2020","3,155.22","3,205.08","3,235.32","3,149.43","4.90B","-0.94%"
"07/10/2020","3,185.04","3,152.47","3,186.82","3,136.22","4.52B","1.05%"
"07/09/2020","3,152.05","3,176.17","3,179.78","3,115.70","4.84B","-0.56%"
"07/08/2020","3,169.94","3,153.07","3,171.80","3,136.53","4.94B","0.78%"
"07/07/2020","3,145.32","3,166.44","3,184.15","3,142.93","4.57B","-1.08%"
"07/06/2020","3,179.72","3,155.29","3,182.59","3,155.29","4.76B","1.59%"
"07/02/2020","3,130.01","3,143.64","3,165.81","3,124.52","4.20B","0.45%"
"07/01/2020","3,115.86","3,105.92","3,128.44","3,101.17","4.45B","0.50%"
"06/30/2020","3,100.29","3,050.20","3,111.51","3,047.83","4.71B","1.54%"
"06/29/2020","3,053.24","3,018.59","3,053.89","2,999.74","4.47B","1.47%"
"06/26/2020","3,009.05","3,073.20","3,073.73","3,004.63","8.11B","-2.42%"
"06/25/2020","3,083.76","3,046.60","3,086.25","3,024.01","4.85B","1.10%"
"06/24/2020","3,050.33","3,114.40","3,115.01","3,032.13","5.60B","-2.59%"
"06/23/2020","3,131.29","3,138.70","3,154.90","3,127.12","4.71B","0.43%"
"06/22/2020","3,117.86","3,094.42","3,120.92","3,079.39","4.69B","0.65%"
"06/19/2020","3,097.74","3,140.29","3,155.53","3,083.11","8.35B","-0.56%"
"06/18/2020","3,115.34","3,101.64","3,120.00","3,093.51","4.45B","0.06%"
"06/17/2020","3,113.49","3,136.13","3,141.16","3,108.03","4.56B","-0.36%"
"06/16/2020","3,124.74","3,131.00","3,153.45","3,076.06","5.85B","1.90%"
"06/15/2020","3,066.59","2,993.76","3,079.76","2,965.66","5.76B","0.83%"
"06/12/2020","3,041.31","3,071.04","3,088.42","2,984.47","5.85B","1.31%"
"06/11/2020","3,002.10","3,123.53","3,123.53","2,999.49","7.04B","-5.89%"
"06/10/2020","3,190.14","3,213.42","3,223.27","3,181.49","6.60B","-0.53%"
"06/09/2020","3,207.18","3,213.32","3,222.71","3,193.11","6.41B","-0.78%"
"06/08/2020","3,232.39","3,199.92","3,233.13","3,196.00","8.50B","1.20%"
"06/05/2020","3,193.93","3,163.84","3,211.72","3,163.84","8.64B","2.62%"
"06/04/2020","3,112.35","3,111.56","3,128.91","3,090.41","6.45B","-0.34%"
"06/03/2020","3,122.87","3,098.90","3,130.94","3,098.90","6.01B","1.36%"
"06/02/2020","3,080.82","3,064.78","3,081.07","3,051.64","5.20B","0.82%"
"06/01/2020","3,055.73","3,038.78","3,062.18","3,031.54","4.68B","0.38%"
"05/29/2020","3,044.31","3,025.17","3,049.17","2,998.61","7.30B","0.48%"
"05/28/2020","3,029.73","3,046.61","3,068.67","3,023.40","5.45B","-0.21%"
"05/27/2020","3,036.13","3,015.65","3,036.25","2,969.75","6.40B","1.48%"
"05/26/2020","2,991.77","3,004.08","3,021.72","2,988.17","5.85B","1.23%"
"05/22/2020","2,955.45","2,948.05","2,956.76","2,933.59","3.97B","0.24%"
"05/21/2020","2,948.51","2,969.95","2,978.50","2,938.57","4.98B","-0.78%"
"05/20/2020","2,971.61","2,953.63","2,980.29","2,953.63","5.01B","1.67%"
"05/19/2020","2,922.94","2,948.59","2,964.21","2,922.35","4.98B","-1.05%"
"05/18/2020","2,953.91","2,913.86","2,968.09","2,913.86","6.37B","3.15%"
"05/15/2020","2,863.70","2,829.95","2,865.01","2,816.78","5.51B","0.39%"
"05/14/2020","2,852.50","2,794.54","2,852.80","2,766.64","5.65B","1.15%"
"05/13/2020","2,820.00","2,865.86","2,874.14","2,793.15","6.15B","-1.75%"
"05/12/2020","2,870.12","2,939.50","2,945.82","2,869.59","5.12B","-2.05%"
"05/11/2020","2,930.19","2,915.46","2,944.25","2,903.44","4.82B","0.01%"
"05/08/2020","2,929.80","2,908.83","2,932.16","2,902.88","4.88B","1.69%"
"05/07/2020","2,881.19","2,878.26","2,901.92","2,876.48","5.18B","1.15%"
"05/06/2020","2,848.42","2,883.14","2,891.11","2,847.65","4.89B","-0.70%"
"05/05/2020","2,868.44","2,868.88","2,898.23","2,863.55","5.14B","0.90%"
"05/04/2020","2,842.74","2,815.01","2,844.24","2,797.85","4.74B","0.42%"
"05/01/2020","2,830.71","2,869.09","2,869.09","2,821.61","4.76B","-2.81%"
"04/30/2020","2,912.43","2,930.91","2,930.91","2,892.47","6.54B","-0.92%"
"04/29/2020","2,939.51","2,918.46","2,954.86","2,912.16","6.65B","2.66%"
"04/28/2020","2,863.39","2,909.96","2,921.15","2,860.71","5.69B","-0.52%"
"04/27/2020","2,878.48","2,854.65","2,887.72","2,852.89","5.20B","1.47%"
"04/24/2020","2,836.74","2,812.64","2,842.71","2,791.76","5.38B","1.39%"
"04/23/2020","2,797.80","2,810.42","2,844.90","2,794.26","5.77B","-0.05%"
"04/22/2020","2,799.31","2,787.89","2,815.10","2,775.95","5.08B","2.29%"
"04/21/2020","2,736.56","2,784.81","2,785.54","2,727.10","5.12B","-3.07%"
"04/20/2020","2,823.16","2,845.62","2,868.98","2,820.43","5.23B","-1.79%"
"04/17/2020","2,874.56","2,842.43","2,879.22","2,830.88","5.80B","2.68%"
"04/16/2020","2,799.55","2,799.34","2,806.51","2,764.32","5.23B","0.58%"
"04/15/2020","2,783.36","2,795.64","2,801.88","2,761.54","5.21B","-2.20%"
"04/14/2020","2,846.06","2,805.10","2,851.85","2,805.10","5.62B","3.06%"
"04/13/2020","2,761.63","2,782.46","2,782.46","2,721.17","5.32B","-1.01%"
"04/09/2020","2,789.82","2,776.99","2,818.57","2,762.36","7.90B","1.45%"
"04/08/2020","2,749.98","2,685.00","2,760.75","2,663.30","5.88B","3.41%"
"04/07/2020","2,659.41","2,738.65","2,756.89","2,657.67","7.05B","-0.16%"
"04/06/2020","2,663.68","2,578.28","2,676.85","2,574.57","6.40B","7.03%"
"04/03/2020","2,488.65","2,514.92","2,538.18","2,459.96","6.10B","-1.51%"
"04/02/2020","2,526.90","2,458.54","2,533.22","2,455.79","6.46B","2.28%"
"04/01/2020","2,470.50","2,498.08","2,522.75","2,447.49","5.96B","-4.41%"
"03/31/2020","2,584.59","2,614.69","2,641.39","2,571.15","6.58B","-1.60%"
"03/30/2020","2,626.65","2,558.98","2,631.80","2,545.28","5.75B","3.35%"
"03/27/2020","2,541.47","2,555.87","2,615.91","2,520.02","6.20B","-3.37%"
"03/26/2020","2,630.07","2,501.29","2,637.01","2,500.72","7.77B","6.24%"
"03/25/2020","2,475.56","2,457.77","2,571.42","2,407.53","8.30B","1.15%"
"03/24/2020","2,447.33","2,344.44","2,449.71","2,344.44","7.56B","9.38%"
"03/23/2020","2,237.40","2,290.71","2,300.73","2,191.86","7.41B","-2.93%"
"03/20/2020","2,304.92","2,431.94","2,453.01","2,295.56","9.05B","-4.34%"
"03/19/2020","2,409.39","2,393.48","2,466.97","2,319.78","7.96B","0.47%"
"03/18/2020","2,398.10","2,436.50","2,453.57","2,280.52","8.80B","-5.18%"
"03/17/2020","2,529.19","2,425.66","2,553.93","2,367.04","8.37B","6.00%"
"03/16/2020","2,386.13","2,508.59","2,562.98","2,380.94","7.81B","-11.98%"
"03/13/2020","2,711.02","2,569.99","2,711.33","2,492.37","8.30B","9.29%"
"03/12/2020","2,480.64","2,630.86","2,660.95","2,478.86","8.85B","-9.51%"
"03/11/2020","2,741.38","2,825.60","2,825.60","2,707.22","7.43B","-4.89%"
"03/10/2020","2,882.23","2,813.48","2,882.59","2,734.00","7.64B","4.94%"
"03/09/2020","2,746.56","2,863.89","2,863.89","2,734.43","8.44B","-7.60%"
"03/06/2020","2,972.37","2,954.20","2,985.93","2,901.54","6.56B","-1.71%"
"03/05/2020","3,023.94","3,075.70","3,083.04","2,999.83","5.58B","-3.39%"
"03/04/2020","3,130.12","3,045.75","3,130.97","3,034.38","5.07B","4.22%"
"03/03/2020","3,003.37","3,096.46","3,136.72","2,976.63","6.38B","-2.81%"
"03/02/2020","3,090.23","2,974.28","3,090.96","2,945.19","6.38B","4.60%"
"02/28/2020","2,954.22","2,916.90","2,959.72","2,855.84","8.57B","-0.82%"
"02/27/2020","2,978.76","3,062.54","3,097.07","2,977.39","7.06B","-4.42%"
"02/26/2020","3,116.39","3,139.90","3,182.51","3,108.99","5.48B","-0.38%"
"02/25/2020","3,128.21","3,238.94","3,246.99","3,118.77","5.60B","-3.03%"
"02/24/2020","3,225.89","3,257.61","3,259.81","3,214.65","4.85B","-3.35%"
"02/21/2020","3,337.75","3,360.50","3,360.76","3,328.45","3.91B","-1.05%"
"02/20/2020","3,373.23","3,380.45","3,389.15","3,341.02","4.02B","-0.38%"
"02/19/2020","3,386.15","3,380.39","3,393.52","3,378.83","3.61B","0.47%"
"02/18/2020","3,370.29","3,369.04","3,375.01","3,355.61","3.75B","-0.29%"
"02/14/2020","3,380.16","3,378.08","3,380.69","3,366.15","3.42B","0.18%"
"02/13/2020","3,373.94","3,365.90","3,385.09","3,360.52","3.50B","-0.16%"
"02/12/2020","3,379.45","3,370.50","3,381.47","3,369.72","3.93B","0.65%"
"02/11/2020","3,357.75","3,365.87","3,375.63","3,352.72","3.76B","0.17%"
"02/10/2020","3,352.09","3,318.28","3,352.26","3,317.77","3.46B","0.73%"
"02/07/2020","3,327.71","3,335.54","3,341.42","3,322.12","3.73B","-0.54%"
"02/06/2020","3,345.78","3,344.92","3,347.96","3,334.39","3.89B","0.33%"
"02/05/2020","3,334.69","3,324.91","3,337.58","3,313.75","4.12B","1.13%"
"02/04/2020","3,297.59","3,280.61","3,306.92","3,280.61","4.00B","1.50%"
"02/03/2020","3,248.92","3,235.66","3,268.44","3,235.66","3.76B","0.73%"
"01/31/2020","3,225.52","3,282.33","3,282.33","3,214.68","4.53B","-1.77%"
"01/30/2020","3,283.66","3,256.45","3,285.91","3,242.80","3.79B","0.31%"
"01/29/2020","3,273.40","3,289.46","3,293.47","3,271.89","3.60B","-0.09%"
"01/28/2020","3,276.24","3,255.35","3,285.78","3,253.22","3.53B","1.01%"
"01/27/2020","3,243.63","3,247.16","3,258.85","3,234.50","3.83B","-1.57%"
"01/24/2020","3,295.47","3,333.10","3,333.18","3,281.53","3.71B","-0.90%"
"01/23/2020","3,325.54","3,315.77","3,326.88","3,301.87","3.77B","0.11%"
"01/22/2020","3,321.75","3,330.02","3,337.77","3,320.04","3.62B","0.03%"
"01/21/2020","3,320.79","3,321.03","3,329.79","3,316.61","4.10B","-0.27%"
"01/17/2020","3,329.62","3,323.66","3,329.88","3,318.86","3.73B","0.39%"
"01/16/2020","3,316.81","3,302.97","3,317.11","3,302.82","3.54B","0.84%"
"01/15/2020","3,289.29","3,282.27","3,298.66","3,280.69","3.72B","0.19%"
"01/14/2020","3,283.15","3,285.35","3,294.25","3,277.19","3.69B","-0.15%"
"01/13/2020","3,288.13","3,271.13","3,288.13","3,268.43","3.46B","0.70%"
"01/10/2020","3,265.35","3,281.81","3,282.99","3,260.86","3.21B","-0.29%"
"01/09/2020","3,274.70","3,266.03","3,275.58","3,263.67","3.64B","0.67%"
"01/08/2020","3,253.05","3,238.59","3,267.07","3,236.67","3.73B","0.49%"
"01/07/2020","3,237.18","3,241.86","3,244.91","3,232.43","3.44B","-0.28%"
"01/06/2020","3,246.28","3,217.55","3,246.84","3,214.64","3.70B","0.35%"
"01/03/2020","3,234.85","3,226.36","3,246.15","3,222.34","3.48B","-0.71%"
"01/02/2020","3,257.85","3,244.67","3,258.14","3,235.53","3.46B","0.84%"
"12/31/2019","3,230.78","3,215.18","3,231.72","3,212.03","2.89B","0.29%"
"12/30/2019","3,221.29","3,240.09","3,240.92","3,216.57","3.02B","-0.58%"
"12/27/2019","3,240.02","3,247.23","3,247.93","3,234.37","2.43B","0.00%"
"12/26/2019","3,239.91","3,227.20","3,240.08","3,227.20","2.16B","0.51%"
"12/24/2019","3,223.38","3,225.45","3,226.43","3,220.51","1.30B","-0.02%"
"12/23/2019","3,224.01","3,226.05","3,227.78","3,222.30","3.06B","0.09%"
"12/20/2019","3,221.22","3,223.33","3,225.65","3,216.03","6.46B","0.49%"
"12/19/2019","3,205.37","3,192.32","3,205.48","3,192.32","3.78B","0.45%"
"12/18/2019","3,191.14","3,195.21","3,198.48","3,191.14","4.03B","-0.04%"
"12/17/2019","3,192.52","3,195.40","3,198.22","3,191.03","3.84B","0.03%"
"12/16/2019","3,191.45","3,183.63","3,197.71","3,183.63","4.07B","0.71%"
"12/13/2019","3,168.80","3,166.65","3,182.68","3,156.51","3.76B","0.01%"
"12/12/2019","3,168.57","3,141.23","3,176.28","3,138.47","4.00B","0.86%"
"12/11/2019","3,141.63","3,135.75","3,143.98","3,133.21","3.26B","0.29%"
"12/10/2019","3,132.52","3,135.36","3,142.12","3,126.09","3.35B","-0.11%"
"12/09/2019","3,135.96","3,141.86","3,148.87","3,135.46","3.40B","-0.32%"
"12/06/2019","3,145.91","3,134.62","3,150.60","3,134.62","3.48B","0.91%"
"12/05/2019","3,117.43","3,119.21","3,119.45","3,103.76","3.36B","0.15%"
"12/04/2019","3,112.76","3,103.50","3,119.38","3,102.53","3.70B","0.63%"
"12/03/2019","3,093.20","3,087.41","3,094.97","3,070.33","3.67B","-0.66%"
"12/02/2019","3,113.87","3,143.85","3,144.31","3,110.78","3.29B","-0.86%"
"11/29/2019","3,140.98","3,147.18","3,150.30","3,139.34","1.74B","-0.40%"
"11/27/2019","3,153.63","3,145.49","3,154.26","3,143.41","3.04B","0.42%"
"11/26/2019","3,140.52","3,134.85","3,142.69","3,131.00","4.60B","0.22%"
"11/25/2019","3,133.64","3,117.44","3,133.83","3,117.44","3.51B","0.75%"
"11/22/2019","3,110.29","3,111.41","3,112.87","3,099.26","3.24B","0.22%"
"11/21/2019","3,103.54","3,108.49","3,110.11","3,094.55","3.74B","-0.16%"
"11/20/2019","3,108.46","3,114.66","3,118.97","3,091.41","4.04B","-0.38%"
"11/19/2019","3,120.18","3,127.45","3,127.64","3,113.47","3.61B","-0.06%"
"11/18/2019","3,122.03","3,117.91","3,124.17","3,112.06","3.44B","0.05%"
"11/15/2019","3,120.46","3,107.92","3,120.46","3,104.60","3.36B","0.77%"
"11/14/2019","3,096.63","3,090.75","3,098.20","3,083.26","3.28B","0.08%"
"11/13/2019","3,094.04","3,084.18","3,098.06","3,078.80","3.51B","0.07%"
"11/12/2019","3,091.84","3,089.28","3,102.61","3,084.73","3.50B","0.16%"
"11/11/2019","3,087.01","3,080.33","3,088.33","3,075.82","3.04B","-0.20%"
"11/08/2019","3,093.08","3,081.25","3,093.09","3,073.58","3.51B","0.26%"
"11/07/2019","3,085.18","3,087.02","3,097.77","3,080.23","4.15B","0.27%"
"11/06/2019","3,076.78","3,075.10","3,078.34","3,065.89","4.47B","0.07%"
"11/05/2019","3,074.62","3,080.80","3,083.95","3,072.15","4.49B","-0.12%"
"11/04/2019","3,078.27","3,078.96","3,085.20","3,074.87","4.18B","0.37%"
"11/01/2019","3,066.91","3,050.72","3,066.95","3,050.72","3.96B","0.97%"
"10/31/2019","3,037.56","3,046.90","3,046.90","3,023.19","4.15B","-0.30%"
"10/30/2019","3,046.77","3,039.74","3,050.10","3,025.96","3.78B","0.33%"
"10/29/2019","3,036.89","3,035.39","3,047.87","3,034.81","3.59B","-0.08%"
"10/28/2019","3,039.42","3,032.12","3,044.08","3,032.12","3.52B","0.56%"
"10/25/2019","3,022.55","3,003.32","3,027.39","3,001.94","3.38B","0.41%"
"10/24/2019","3,010.29","3,014.78","3,016.07","3,000.42","3.70B","0.19%"
"10/23/2019","3,004.52","2,994.01","3,004.78","2,991.21","3.41B","0.28%"
"10/22/2019","2,995.99","3,010.73","3,014.57","2,995.04","3.53B","-0.36%"
"10/21/2019","3,006.72","2,996.48","3,007.33","2,995.35","3.27B","0.69%"
"10/18/2019","2,986.20","2,996.84","3,000.00","2,976.31","3.27B","-0.39%"
"10/17/2019","2,997.95","3,000.77","3,008.29","2,991.79","3.10B","0.28%"
"10/16/2019","2,989.69","2,989.68","2,997.54","2,985.20","3.23B","-0.20%"
"10/15/2019","2,995.68","2,973.61","3,003.28","2,973.61","3.35B","1.00%"
"10/14/2019","2,966.15","2,965.81","2,972.84","2,962.94","2.56B","-0.14%"
"10/11/2019","2,970.27","2,963.07","2,993.28","2,963.07","3.58B","1.09%"
"10/10/2019","2,938.13","2,918.55","2,948.46","2,917.12","3.23B","0.64%"
"10/09/2019","2,919.40","2,911.10","2,929.32","2,907.41","2.74B","0.91%"
"10/08/2019","2,893.06","2,920.40","2,925.47","2,892.66","3.37B","-1.56%"
"10/07/2019","2,938.79","2,944.23","2,959.75","2,935.68","2.96B","-0.45%"
"10/04/2019","2,952.01","2,918.56","2,953.74","2,918.56","3.01B","1.42%"
"10/03/2019","2,910.63","2,885.38","2,911.13","2,855.94","3.52B","0.80%"
"10/02/2019","2,887.61","2,924.78","2,924.78","2,874.93","3.91B","-1.79%"
"10/01/2019","2,940.25","2,983.69","2,992.53","2,938.70","3.56B","-1.23%"
"09/30/2019","2,976.74","2,967.07","2,983.85","2,967.07","3.25B","0.50%"
"09/27/2019","2,961.79","2,985.47","2,987.31","2,945.53","3.25B","-0.53%"
"09/26/2019","2,977.62","2,985.73","2,987.28","2,963.71","3.08B","-0.24%"
"09/25/2019","2,984.87","2,968.35","2,989.82","2,952.86","3.33B","0.62%"
"09/24/2019","2,966.60","3,002.43","3,007.98","2,957.73","3.87B","-0.84%"
"09/23/2019","2,991.78","2,983.50","2,999.15","2,982.23","3.19B","-0.01%"
"09/20/2019","2,992.07","3,008.42","3,016.37","2,984.68","6.10B","-0.49%"
"09/19/2019","3,006.79","3,010.36","3,021.99","3,003.16","3.27B","0.00%"
"09/18/2019","3,006.73","3,001.50","3,007.83","2,978.57","3.46B","0.03%"
"09/17/2019","3,005.70","2,995.67","3,006.21","2,993.73","3.67B","0.26%"
"09/16/2019","2,997.96","2,996.41","3,002.19","2,990.67","4.29B","-0.31%"
"09/13/2019","3,007.39","3,012.21","3,017.33","3,002.90","3.56B","-0.07%"
"09/12/2019","3,009.57","3,009.08","3,020.74","3,000.92","3.80B","0.29%"
"09/11/2019","3,000.93","2,981.41","3,000.93","2,975.31","3.93B","0.72%"
"09/10/2019","2,979.39","2,971.01","2,979.39","2,957.01","4.39B","0.03%"
"09/09/2019","2,978.43","2,988.43","2,989.43","2,969.39","4.03B","-0.01%"
"09/06/2019","2,978.71","2,980.33","2,985.03","2,972.51","3.21B","0.09%"
"09/05/2019","2,976.00","2,960.60","2,985.86","2,960.60","3.90B","1.30%"
"09/04/2019","2,937.78","2,924.67","2,938.84","2,921.86","3.17B","1.08%"
"09/03/2019","2,906.27","2,909.01","2,914.39","2,891.85","3.43B","-0.69%"
"08/30/2019","2,926.46","2,937.09","2,940.43","2,913.32","3.01B","0.06%"
"08/29/2019","2,924.58","2,910.37","2,930.50","2,905.67","3.18B","1.27%"
"08/28/2019","2,887.94","2,861.28","2,890.03","2,853.05","3.10B","0.65%"
"08/27/2019","2,869.16","2,893.14","2,898.79","2,860.59","3.54B","-0.32%"
"08/26/2019","2,878.38","2,866.70","2,879.27","2,856.00","2.86B","1.10%"
"08/23/2019","2,847.11","2,911.07","2,927.01","2,834.97","3.94B","-2.59%"
"08/22/2019","2,922.95","2,930.94","2,939.08","2,904.51","2.89B","-0.05%"
"08/21/2019","2,924.43","2,922.04","2,928.73","2,917.91","3.02B","0.82%"
"08/20/2019","2,900.51","2,919.01","2,923.63","2,899.60","3.07B","-0.79%"
"08/19/2019","2,923.65","2,913.48","2,931.00","2,913.48","3.22B","1.21%"
"08/16/2019","2,888.68","2,864.74","2,893.63","2,864.74","3.52B","1.44%"
"08/15/2019","2,847.60","2,846.20","2,856.67","2,825.51","4.04B","0.25%"
"08/14/2019","2,840.60","2,894.15","2,894.15","2,839.64","4.33B","-2.93%"
"08/13/2019","2,926.32","2,880.72","2,943.31","2,877.05","3.86B","1.51%"
"08/12/2019","2,882.70","2,907.07","2,907.58","2,873.14","3.33B","-1.23%"
"08/09/2019","2,918.65","2,930.51","2,935.75","2,900.15","3.36B","-0.66%"
"08/08/2019","2,938.09","2,896.21","2,938.72","2,894.47","4.12B","1.88%"
"08/07/2019","2,883.98","2,858.65","2,892.17","2,825.71","4.51B","0.08%"
"08/06/2019","2,881.77","2,861.18","2,884.40","2,847.42","4.16B","1.30%"
"08/05/2019","2,844.74","2,898.07","2,898.07","2,822.12","4.54B","-2.98%"
"08/02/2019","2,932.05","2,943.90","2,945.50","2,914.11","3.88B","-0.73%"
"08/01/2019","2,953.56","2,980.32","3,013.59","2,945.23","4.79B","-0.90%"
"07/31/2019","2,980.38","3,016.22","3,017.40","2,958.08","4.63B","-1.09%"
"07/30/2019","3,013.18","3,007.66","3,017.19","3,000.94","3.63B","-0.26%"
"07/29/2019","3,020.97","3,024.47","3,025.61","3,014.30","3.22B","-0.16%"
"07/26/2019","3,025.86","3,013.25","3,027.98","3,012.59","3.26B","0.74%"
"07/25/2019","3,003.67","3,016.26","3,016.31","2,997.24","3.66B","-0.53%"
"07/24/2019","3,019.56","2,998.77","3,019.59","2,996.82","3.43B","0.47%"
"07/23/2019","3,005.47","2,994.74","3,005.90","2,988.56","3.33B","0.68%"
"07/22/2019","2,985.03","2,981.93","2,990.71","2,976.65","3.02B","0.28%"
"07/19/2019","2,976.61","3,004.26","3,006.02","2,975.86","3.29B","-0.62%"
"07/18/2019","2,995.11","2,978.87","2,998.28","2,973.09","3.37B","0.36%"
"07/17/2019","2,984.42","3,005.10","3,005.26","2,984.25","3.19B","-0.65%"
"07/16/2019","3,004.04","3,012.13","3,015.02","3,001.15","3.30B","-0.34%"
"07/15/2019","3,014.30","3,017.80","3,017.80","3,008.77","2.88B","0.02%"
"07/12/2019","3,013.77","3,003.36","3,013.92","3,001.87","2.98B","0.46%"
"07/11/2019","2,999.91","2,999.62","3,002.33","2,988.80","3.16B","0.23%"
"07/10/2019","2,993.07","2,989.30","3,002.98","2,984.62","3.16B","0.45%"
"07/09/2019","2,979.63","2,965.52","2,981.90","2,963.44","3.03B","0.12%"
"07/08/2019","2,975.95","2,979.77","2,980.76","2,970.09","2.92B","-0.48%"
"07/05/2019","2,990.41","2,984.25","2,994.03","2,967.97","2.43B","-0.18%"
"07/03/2019","2,995.82","2,978.08","2,995.84","2,977.96","1.96B","0.77%"
"07/02/2019","2,973.01","2,964.66","2,973.21","2,955.92","3.22B","0.29%"
"07/01/2019","2,964.33","2,971.41","2,977.93","2,952.22","3.52B","0.77%"
"06/28/2019","2,941.76","2,932.94","2,943.98","2,929.05","5.42B","0.58%"
"06/27/2019","2,924.92","2,919.66","2,929.30","2,918.57","3.16B","0.38%"
"06/26/2019","2,913.78","2,926.07","2,932.59","2,912.99","3.51B","-0.12%"
"06/25/2019","2,917.38","2,945.78","2,946.52","2,916.01","3.58B","-0.95%"
"06/24/2019","2,945.35","2,951.42","2,954.92","2,944.05","3.14B","-0.17%"
"06/21/2019","2,950.46","2,952.71","2,964.15","2,946.87","5.00B","-0.13%"
"06/20/2019","2,954.18","2,949.60","2,958.06","2,931.50","3.94B","0.95%"
"06/19/2019","2,926.46","2,920.55","2,931.74","2,911.43","3.30B","0.30%"
"06/18/2019","2,917.75","2,906.71","2,930.79","2,905.44","3.44B","0.97%"
"06/17/2019","2,889.67","2,889.75","2,897.27","2,887.30","2.83B","0.09%"
"06/14/2019","2,886.98","2,886.82","2,894.45","2,879.62","2.99B","-0.16%"
"06/13/2019","2,891.64","2,886.24","2,895.24","2,881.99","3.10B","0.41%"
"06/12/2019","2,879.84","2,882.73","2,888.57","2,874.68","3.04B","-0.20%"
"06/11/2019","2,885.72","2,903.27","2,910.61","2,878.53","3.55B","-0.03%"
"06/10/2019","2,886.73","2,885.83","2,904.77","2,885.51","3.21B","0.47%"
"06/07/2019","2,873.34","2,852.87","2,884.97","2,852.87","3.24B","1.05%"
"06/06/2019","2,843.49","2,828.51","2,852.10","2,822.45","3.45B","0.61%"
"06/05/2019","2,826.15","2,818.09","2,827.28","2,800.92","3.57B","0.82%"
"06/04/2019","2,803.27","2,762.64","2,804.49","2,762.64","3.81B","2.14%"
"06/03/2019","2,744.45","2,751.53","2,763.07","2,728.81","3.95B","-0.28%"
"05/31/2019","2,752.06","2,766.15","2,768.98","2,750.52","3.98B","-1.32%"
"05/30/2019","2,788.86","2,786.94","2,799.00","2,776.74","3.28B","0.21%"
"05/29/2019","2,783.02","2,790.25","2,792.03","2,766.06","3.70B","-0.69%"
"05/28/2019","2,802.39","2,830.03","2,840.51","2,801.58","4.15B","-0.84%"
"05/24/2019","2,826.06","2,832.41","2,841.36","2,820.19","2.89B","0.14%"
"05/23/2019","2,822.24","2,836.70","2,836.70","2,805.49","3.90B","-1.19%"
"05/22/2019","2,856.27","2,856.06","2,865.47","2,851.11","3.19B","-0.28%"
"05/21/2019","2,864.36","2,854.02","2,868.88","2,854.02","3.22B","0.85%"
"05/20/2019","2,840.23","2,841.94","2,853.86","2,831.29","3.29B","-0.67%"
"05/17/2019","2,859.53","2,858.60","2,885.48","2,854.23","3.32B","-0.58%"
"05/16/2019","2,876.32","2,855.80","2,892.15","2,855.80","3.34B","0.89%"
"05/15/2019","2,850.96","2,820.38","2,858.68","2,815.08","3.14B","0.58%"
"05/14/2019","2,834.41","2,820.12","2,852.54","2,820.12","3.35B","0.80%"
"05/13/2019","2,811.87","2,840.19","2,840.19","2,801.43","3.90B","-2.41%"
"05/10/2019","2,881.40","2,863.10","2,891.31","2,825.39","3.57B","0.37%"
"05/09/2019","2,870.72","2,859.84","2,875.97","2,836.40","3.66B","-0.30%"
"05/08/2019","2,879.42","2,879.61","2,897.96","2,873.28","3.54B","-0.16%"
"05/07/2019","2,884.05","2,913.03","2,913.03","2,862.60","3.79B","-1.65%"
"05/06/2019","2,932.47","2,908.89","2,937.32","2,898.21","3.20B","-0.45%"
"05/03/2019","2,945.64","2,929.21","2,947.85","2,929.21","3.36B","0.96%"
"05/02/2019","2,917.52","2,922.16","2,931.68","2,900.50","3.80B","-0.21%"
"05/01/2019","2,923.73","2,952.33","2,954.13","2,923.36","3.67B","-0.75%"
"04/30/2019","2,945.83","2,937.14","2,948.22","2,924.11","3.94B","0.10%"
"04/29/2019","2,943.03","2,940.58","2,949.52","2,939.35","3.15B","0.11%"
"04/26/2019","2,939.88","2,925.81","2,939.88","2,917.56","3.26B","0.47%"
"04/25/2019","2,926.17","2,928.99","2,933.10","2,912.84","3.44B","-0.04%"
"04/24/2019","2,927.25","2,934.00","2,936.83","2,926.05","3.47B","-0.22%"
"04/23/2019","2,933.68","2,909.99","2,936.31","2,908.53","3.67B","0.88%"
"04/22/2019","2,907.97","2,898.78","2,909.51","2,896.35","3.01B","0.10%"
"04/18/2019","2,905.03","2,904.81","2,908.40","2,891.90","3.51B","0.16%"
"04/17/2019","2,900.45","2,916.04","2,918.00","2,895.45","3.65B","-0.23%"
"04/16/2019","2,907.06","2,912.26","2,916.06","2,900.71","3.40B","0.05%"
"04/15/2019","2,905.58","2,908.32","2,909.60","2,896.48","3.11B","-0.06%"
"04/12/2019","2,907.41","2,900.86","2,910.54","2,898.37","3.73B","0.66%"
"04/11/2019","2,888.32","2,891.92","2,893.42","2,881.99","2.97B","0.00%"
"04/10/2019","2,888.21","2,881.37","2,889.71","2,879.13","3.09B","0.35%"
"04/09/2019","2,878.20","2,886.58","2,886.88","2,873.33","3.03B","-0.61%"
"04/08/2019","2,895.77","2,888.46","2,895.95","2,880.78","3.06B","0.10%"
"04/05/2019","2,892.74","2,884.16","2,893.24","2,882.99","3.16B","0.46%"
"04/04/2019","2,879.39","2,873.99","2,881.28","2,867.14","3.04B","0.21%"
"04/03/2019","2,873.40","2,876.09","2,885.25","2,865.17","3.57B","0.21%"
"04/02/2019","2,867.24","2,868.24","2,872.90","2,858.75","3.27B","0.00%"
"04/01/2019","2,867.19","2,848.63","2,869.40","2,848.63","3.56B","1.16%"
"03/29/2019","2,834.40","2,828.27","2,836.03","2,819.23","3.75B","0.67%"
"03/28/2019","2,815.44","2,809.40","2,819.71","2,798.77","3.19B","0.36%"
"03/27/2019","2,805.37","2,819.72","2,825.56","2,787.72","3.42B","-0.46%"
"03/26/2019","2,818.46","2,812.66","2,829.87","2,803.99","3.29B","0.72%"
"03/25/2019","2,798.36","2,796.01","2,809.79","2,785.02","3.41B","-0.08%"
"03/22/2019","2,800.71","2,844.52","2,846.16","2,800.47","4.25B","-1.90%"
"03/21/2019","2,854.88","2,819.72","2,860.31","2,817.38","3.61B","1.09%"
"03/20/2019","2,824.23","2,831.34","2,843.54","2,812.43","3.78B","-0.29%"
"03/19/2019","2,832.57","2,840.76","2,852.42","2,823.27","3.65B","-0.01%"
"03/18/2019","2,832.94","2,822.61","2,835.41","2,821.99","3.62B","0.37%"
"03/15/2019","2,822.48","2,810.79","2,830.73","2,810.79","5.97B","0.50%"
"03/14/2019","2,808.48","2,810.38","2,815.00","2,803.46","3.51B","-0.09%"
"03/13/2019","2,810.92","2,799.78","2,821.24","2,799.78","3.78B","0.69%"
"03/12/2019","2,791.52","2,787.34","2,798.32","2,786.73","3.43B","0.30%"
"03/11/2019","2,783.30","2,747.61","2,784.00","2,747.61","3.76B","1.47%"
"03/08/2019","2,743.07","2,730.79","2,744.13","2,722.27","3.42B","-0.21%"
"03/07/2019","2,748.93","2,766.53","2,767.25","2,739.09","3.93B","-0.81%"
"03/06/2019","2,771.45","2,790.27","2,790.27","2,768.69","3.80B","-0.65%"
"03/05/2019","2,789.65","2,794.41","2,796.44","2,782.97","3.63B","-0.11%"
"03/04/2019","2,792.81","2,814.37","2,816.88","2,767.66","3.95B","-0.39%"
"03/01/2019","2,803.69","2,798.22","2,808.02","2,787.38","3.99B","0.69%"
"02/28/2019","2,784.49","2,788.11","2,793.73","2,782.51","4.45B","-0.28%"
"02/27/2019","2,792.38","2,787.50","2,795.76","2,775.13","3.77B","-0.05%"
"02/26/2019","2,793.90","2,792.36","2,803.12","2,789.47","3.68B","-0.08%"
"02/25/2019","2,796.11","2,804.35","2,813.49","2,794.99","3.86B","0.12%"
"02/22/2019","2,792.67","2,780.67","2,794.20","2,779.11","3.43B","0.64%"
"02/21/2019","2,774.88","2,780.24","2,781.58","2,764.55","3.60B","-0.35%"
"02/20/2019","2,784.70","2,779.05","2,789.88","2,774.06","3.90B","0.18%"
"02/19/2019","2,779.76","2,769.28","2,787.33","2,767.29","3.54B","0.15%"
"02/15/2019","2,775.60","2,760.24","2,775.66","2,760.24","3.65B","1.09%"
"02/14/2019","2,745.73","2,743.50","2,757.90","2,731.23","3.85B","-0.27%"
"02/13/2019","2,753.03","2,750.30","2,761.85","2,748.63","3.68B","0.30%"
"02/12/2019","2,744.73","2,722.61","2,748.19","2,722.61","3.84B","1.29%"
"02/11/2019","2,709.80","2,712.40","2,718.05","2,703.79","3.40B","0.07%"
"02/08/2019","2,707.88","2,692.36","2,708.07","2,681.83","3.65B","0.07%"
"02/07/2019","2,706.05","2,717.53","2,719.32","2,687.26","4.11B","-0.94%"
"02/06/2019","2,731.61","2,735.05","2,738.08","2,724.15","3.49B","-0.22%"
"02/05/2019","2,737.70","2,728.34","2,738.98","2,724.03","3.60B","0.47%"
"02/04/2019","2,724.87","2,706.49","2,724.99","2,698.75","3.37B","0.68%"
"02/01/2019","2,706.53","2,702.32","2,716.66","2,696.88","3.78B","0.09%"
"01/31/2019","2,704.10","2,685.49","2,708.95","2,678.65","4.95B","0.86%"
"01/30/2019","2,681.05","2,653.62","2,690.44","2,648.34","3.88B","1.55%"
"01/29/2019","2,640.00","2,644.89","2,650.93","2,631.05","3.52B","-0.15%"
"01/28/2019","2,643.85","2,644.97","2,644.97","2,624.06","3.63B","-0.78%"
"01/25/2019","2,664.76","2,657.44","2,672.38","2,657.33","3.82B","0.85%"
"01/24/2019","2,642.33","2,638.84","2,647.20","2,627.01","3.45B","0.14%"
"01/23/2019","2,638.70","2,643.48","2,653.19","2,612.86","3.36B","0.22%"
"01/22/2019","2,632.90","2,657.88","2,657.88","2,617.27","3.92B","-1.42%"
"01/18/2019","2,670.71","2,651.27","2,675.47","2,647.58","4.01B","1.32%"
"01/17/2019","2,635.96","2,609.28","2,645.06","2,606.36","3.80B","0.76%"
"01/16/2019","2,616.10","2,614.75","2,625.76","2,612.68","3.88B","0.22%"
"01/15/2019","2,610.30","2,585.10","2,613.08","2,585.10","3.60B","1.07%"
"01/14/2019","2,582.61","2,580.31","2,589.32","2,570.41","3.69B","-0.53%"
"01/11/2019","2,596.26","2,588.11","2,596.27","2,577.40","3.45B","-0.01%"
"01/10/2019","2,596.64","2,573.51","2,597.82","2,562.02","3.72B","0.45%"
"01/09/2019","2,584.96","2,580.00","2,595.32","2,568.89","4.09B","0.41%"
"01/08/2019","2,574.41","2,568.11","2,579.82","2,547.56","4.12B","0.97%"
"01/07/2019","2,549.69","2,535.61","2,566.16","2,524.56","4.13B","0.70%"
"01/04/2019","2,531.94","2,474.33","2,538.07","2,474.33","4.23B","3.43%"
"01/03/2019","2,447.89","2,491.92","2,493.14","2,443.96","3.86B","-2.48%"
"01/02/2019","2,510.03","2,476.96","2,519.49","2,467.47","3.73B","0.13%"
"12/31/2018","2,506.85","2,498.94","2,509.24","2,482.82","3.46B","0.85%"
"12/28/2018","2,485.74","2,498.77","2,520.27","2,472.89","3.73B","-0.12%"
"12/27/2018","2,488.83","2,442.50","2,489.10","2,397.94","4.14B","0.86%"
"12/26/2018","2,467.70","2,363.12","2,467.76","2,346.58","4.25B","4.96%"
"12/24/2018","2,351.10","2,400.56","2,410.34","2,351.10","2.61B","-2.71%"
"12/21/2018","2,416.62","2,465.38","2,504.41","2,408.55","7.66B","-2.06%"
"12/20/2018","2,467.42","2,496.77","2,509.63","2,441.18","5.62B","-1.58%"
"12/19/2018","2,506.96","2,547.05","2,585.29","2,488.96","5.15B","-1.54%"
"12/18/2018","2,546.16","2,559.90","2,573.99","2,528.71","4.52B","0.01%"
"12/17/2018","2,545.94","2,590.75","2,601.13","2,530.54","4.66B","-2.08%"
"12/14/2018","2,599.95","2,629.68","2,635.07","2,593.84","4.06B","-1.91%"
"12/13/2018","2,650.54","2,658.70","2,670.19","2,637.27","3.98B","-0.02%"
"12/12/2018","2,651.07","2,658.23","2,685.44","2,650.26","4.03B","0.54%"
"12/11/2018","2,636.78","2,664.44","2,674.35","2,621.30","3.96B","-0.04%"
"12/10/2018","2,637.72","2,630.86","2,647.51","2,583.23","4.16B","0.18%"
"12/07/2018","2,633.08","2,691.26","2,708.54","2,623.14","4.24B","-2.33%"
"12/06/2018","2,695.95","2,663.51","2,696.15","2,621.53","5.18B","-0.15%"
"12/04/2018","2,700.06","2,782.43","2,785.93","2,697.18","4.52B","-3.24%"
"12/03/2018","2,790.37","2,790.50","2,800.18","2,773.38","4.22B","1.09%"
"11/30/2018","2,760.17","2,737.76","2,760.88","2,732.76","4.67B","0.82%"
"11/29/2018","2,737.80","2,736.97","2,753.75","2,722.94","3.60B","-0.22%"
"11/28/2018","2,743.79","2,691.45","2,744.00","2,684.38","3.98B","2.30%"
"11/27/2018","2,682.17","2,663.75","2,682.53","2,655.89","3.49B","0.33%"
"11/26/2018","2,673.45","2,649.97","2,674.35","2,649.97","3.52B","1.55%"
"11/23/2018","2,632.56","2,633.36","2,647.55","2,631.09","1.65B","-0.66%"
"11/21/2018","2,649.93","2,657.74","2,670.73","2,649.82","3.24B","0.30%"
"11/20/2018","2,641.89","2,654.60","2,669.44","2,631.52","4.37B","-1.82%"
"11/19/2018","2,690.73","2,730.74","2,733.16","2,681.09","3.81B","-1.66%"
"11/16/2018","2,736.27","2,718.54","2,746.75","2,712.16","4.00B","0.22%"
"11/15/2018","2,730.20","2,693.52","2,735.38","2,670.75","4.20B","1.06%"
"11/14/2018","2,701.58","2,737.90","2,746.80","2,685.75","4.45B","-0.76%"
"11/13/2018","2,722.18","2,730.05","2,754.60","2,714.98","4.11B","-0.15%"
"11/12/2018","2,726.22","2,773.93","2,775.99","2,722.00","3.70B","-1.97%"
"11/09/2018","2,781.01","2,794.10","2,794.10","2,764.24","4.03B","-0.92%"
"11/08/2018","2,806.83","2,806.38","2,814.75","2,794.99","3.67B","-0.25%"
"11/07/2018","2,813.89","2,774.13","2,815.15","2,774.13","3.93B","2.12%"
"11/06/2018","2,755.45","2,738.40","2,756.82","2,737.08","3.54B","0.63%"
"11/05/2018","2,738.31","2,726.37","2,744.27","2,717.94","3.65B","0.56%"
"11/02/2018","2,723.06","2,745.45","2,756.55","2,700.44","4.26B","-0.63%"
"11/01/2018","2,740.37","2,717.58","2,741.67","2,708.85","4.73B","1.06%"
"10/31/2018","2,711.74","2,705.60","2,736.69","2,705.60","5.13B","1.09%"
"10/30/2018","2,682.63","2,640.68","2,685.43","2,635.34","5.13B","1.57%"
"10/29/2018","2,641.25","2,682.65","2,706.85","2,603.54","4.70B","-0.66%"
"10/26/2018","2,658.69","2,667.86","2,692.38","2,628.16","4.80B","-1.73%"
"10/25/2018","2,705.57","2,674.88","2,722.70","2,667.84","4.66B","1.86%"
"10/24/2018","2,656.10","2,737.87","2,742.59","2,651.89","4.74B","-3.09%"
"10/23/2018","2,740.69","2,721.03","2,753.59","2,691.43","4.37B","-0.55%"
"10/22/2018","2,755.88","2,773.94","2,778.94","2,749.22","3.33B","-0.43%"
"10/19/2018","2,767.78","2,775.66","2,797.77","2,760.27","3.59B","-0.04%"
"10/18/2018","2,768.78","2,802.00","2,806.04","2,755.18","3.64B","-1.44%"
"10/17/2018","2,809.21","2,811.67","2,816.94","2,781.81","3.35B","-0.03%"
"10/16/2018","2,809.92","2,767.05","2,813.46","2,766.91","3.46B","2.15%"
"10/15/2018","2,750.79","2,763.83","2,775.99","2,749.03","3.33B","-0.59%"
"10/12/2018","2,767.13","2,770.54","2,775.77","2,729.44","4.02B","1.42%"
"10/11/2018","2,728.37","2,776.87","2,795.14","2,710.51","4.91B","-2.06%"
"10/10/2018","2,785.68","2,873.90","2,874.02","2,784.86","4.55B","-3.29%"
"10/09/2018","2,880.34","2,882.51","2,894.83","2,874.27","3.53B","-0.14%"
"10/08/2018","2,884.43","2,877.53","2,889.45","2,862.08","3.38B","-0.04%"
"10/05/2018","2,885.57","2,902.54","2,909.64","2,869.29","3.34B","-0.55%"
"10/04/2018","2,901.61","2,919.35","2,919.78","2,883.92","3.51B","-0.82%"
"10/03/2018","2,925.51","2,931.69","2,939.86","2,921.36","3.63B","0.07%"
"10/02/2018","2,923.43","2,923.80","2,931.42","2,919.37","3.43B","-0.04%"
"10/01/2018","2,924.59","2,926.29","2,937.06","2,917.91","3.38B","0.36%"
"09/28/2018","2,913.98","2,910.03","2,920.53","2,907.50","3.46B","-0.00%"
"09/27/2018","2,914.00","2,911.65","2,927.22","2,909.27","3.10B","0.28%"
"09/26/2018","2,905.97","2,916.98","2,931.15","2,903.28","3.42B","-0.33%"
"09/25/2018","2,915.56","2,921.75","2,923.95","2,913.70","3.33B","-0.13%"
"09/24/2018","2,919.37","2,921.83","2,923.79","2,912.63","3.39B","-0.35%"
"09/21/2018","2,929.67","2,936.76","2,940.91","2,927.11","5.65B","-0.04%"
"09/20/2018","2,930.75","2,919.73","2,934.80","2,919.73","3.41B","0.78%"
"09/19/2018","2,907.95","2,906.60","2,912.36","2,903.82","3.30B","0.13%"
"09/18/2018","2,904.31","2,890.74","2,911.17","2,890.43","3.09B","0.54%"
"09/17/2018","2,888.80","2,903.83","2,904.65","2,886.16","2.97B","-0.56%"
"09/14/2018","2,904.98","2,906.38","2,908.30","2,895.77","3.18B","0.03%"
"09/13/2018","2,904.18","2,896.85","2,906.76","2,896.39","3.27B","0.53%"
"09/12/2018","2,888.92","2,888.29","2,894.65","2,879.20","3.34B","0.04%"
"09/11/2018","2,887.89","2,871.57","2,892.52","2,866.78","2.90B","0.37%"
"09/10/2018","2,877.13","2,881.39","2,886.93","2,875.94","2.75B","0.19%"
"09/07/2018","2,871.68","2,868.26","2,883.81","2,864.12","2.98B","-0.22%"
"09/06/2018","2,878.05","2,888.64","2,892.05","2,867.29","3.14B","-0.37%"
"09/05/2018","2,888.60","2,891.59","2,894.21","2,876.92","3.25B","-0.28%"
"09/04/2018","2,896.72","2,896.96","2,900.18","2,885.13","3.09B","-0.17%"
"08/31/2018","2,901.52","2,898.37","2,906.32","2,891.73","2.89B","0.01%"
"08/30/2018","2,901.13","2,908.94","2,912.46","2,895.22","2.81B","-0.44%"
"08/29/2018","2,914.04","2,900.62","2,916.50","2,898.40","2.81B","0.57%"
"08/28/2018","2,897.52","2,901.45","2,903.77","2,893.50","2.69B","0.03%"
"08/27/2018","2,896.74","2,884.69","2,898.25","2,884.69","2.87B","0.77%"
"08/24/2018","2,874.69","2,862.35","2,876.16","2,862.35","2.60B","0.62%"
"08/23/2018","2,856.98","2,860.29","2,868.78","2,854.03","2.72B","-0.17%"
"08/22/2018","2,861.82","2,860.99","2,867.54","2,856.05","2.70B","-0.04%"
"08/21/2018","2,862.96","2,861.51","2,873.23","2,861.32","3.17B","0.21%"
"08/20/2018","2,857.05","2,853.93","2,859.76","2,850.62","2.76B","0.24%"
"08/17/2018","2,850.13","2,838.32","2,855.63","2,833.73","3.04B","0.33%"
"08/16/2018","2,840.69","2,831.44","2,850.49","2,831.44","3.23B","0.79%"
"08/15/2018","2,818.37","2,827.95","2,827.95","2,802.49","3.66B","-0.76%"
"08/14/2018","2,839.96","2,827.88","2,843.11","2,826.58","2.99B","0.64%"
"08/13/2018","2,821.93","2,835.46","2,843.40","2,819.88","3.17B","-0.40%"
"08/10/2018","2,833.28","2,838.90","2,842.20","2,825.81","3.27B","-0.71%"
"08/09/2018","2,853.58","2,857.19","2,862.48","2,851.98","3.07B","-0.14%"
"08/08/2018","2,857.70","2,856.79","2,862.44","2,853.09","2.98B","-0.03%"
"08/07/2018","2,858.45","2,855.92","2,863.43","2,855.92","3.19B","0.28%"
"08/06/2018","2,850.40","2,840.29","2,853.29","2,835.98","2.88B","0.35%"
"08/03/2018","2,840.35","2,829.62","2,840.38","2,827.37","3.04B","0.46%"
"08/02/2018","2,827.22","2,800.48","2,829.91","2,796.34","3.50B","0.49%"
"08/01/2018","2,813.36","2,821.17","2,825.83","2,805.85","3.50B","-0.10%"
"07/31/2018","2,816.29","2,809.73","2,824.46","2,808.06","3.91B","0.49%"
"07/30/2018","2,802.60","2,819.00","2,821.74","2,798.11","3.26B","-0.58%"
"07/27/2018","2,818.82","2,842.35","2,843.17","2,808.34","3.43B","-0.66%"
"07/26/2018","2,837.44","2,835.49","2,845.57","2,835.26","3.67B","-0.30%"
"07/25/2018","2,846.07","2,817.73","2,848.03","2,817.73","3.58B","0.91%"
"07/24/2018","2,820.40","2,820.68","2,829.99","2,811.12","3.43B","0.48%"
"07/23/2018","2,806.98","2,799.17","2,808.61","2,795.14","2.93B","0.18%"
"07/20/2018","2,801.83","2,804.55","2,809.70","2,800.01","3.24B","-0.09%"
"07/19/2018","2,804.49","2,809.37","2,812.05","2,799.77","3.28B","-0.40%"
"07/18/2018","2,815.62","2,811.35","2,816.76","2,805.89","3.11B","0.22%"
"07/17/2018","2,809.55","2,789.34","2,814.19","2,789.24","3.06B","0.40%"
"07/16/2018","2,798.43","2,797.36","2,801.19","2,793.39","2.82B","-0.10%"
"07/13/2018","2,801.31","2,796.93","2,804.53","2,791.69","2.62B","0.11%"
"07/12/2018","2,798.29","2,783.14","2,799.22","2,781.53","2.83B","0.87%"
"07/11/2018","2,774.02","2,779.82","2,785.91","2,770.77","2.99B","-0.71%"
"07/10/2018","2,793.84","2,788.56","2,795.58","2,786.24","3.08B","0.35%"
"07/09/2018","2,784.17","2,775.62","2,784.65","2,770.73","3.07B","0.88%"
"07/06/2018","2,759.82","2,737.68","2,764.41","2,733.52","2.59B","0.85%"
"07/05/2018","2,736.61","2,724.19","2,737.83","2,716.02","2.98B","0.86%"
"07/03/2018","2,713.22","2,733.27","2,736.58","2,711.16","1.91B","-0.49%"
"07/02/2018","2,726.71","2,704.95","2,727.26","2,698.95","3.10B","0.31%"
"06/29/2018","2,718.37","2,727.13","2,743.26","2,718.03","3.59B","0.08%"
"06/28/2018","2,716.31","2,698.69","2,724.34","2,691.99","3.46B","0.62%"
"06/27/2018","2,699.63","2,728.45","2,746.09","2,699.38","3.80B","-0.86%"
"06/26/2018","2,723.06","2,722.12","2,732.91","2,715.60","3.57B","0.22%"
"06/25/2018","2,717.07","2,742.94","2,742.94","2,698.67","3.66B","-1.37%"
"06/22/2018","2,754.88","2,760.79","2,764.17","2,752.68","5.47B","0.19%"
"06/21/2018","2,749.76","2,769.28","2,769.28","2,744.39","3.34B","-0.63%"
"06/20/2018","2,767.32","2,769.73","2,774.86","2,763.91","3.33B","0.17%"
"06/19/2018","2,762.59","2,752.01","2,765.05","2,743.19","3.67B","-0.40%"
"06/18/2018","2,773.75","2,765.79","2,774.99","2,757.12","3.32B","-0.21%"
"06/15/2018","2,779.66","2,777.78","2,782.81","2,761.73","5.45B","-0.10%"
"06/14/2018","2,782.49","2,783.21","2,789.06","2,776.52","3.54B","0.25%"
"06/13/2018","2,775.63","2,787.94","2,791.47","2,774.65","3.82B","-0.40%"
"06/12/2018","2,786.85","2,785.60","2,789.80","2,778.78","3.44B","0.17%"
"06/11/2018","2,782.00","2,780.18","2,790.21","2,780.17","3.26B","0.11%"
"06/08/2018","2,779.03","2,765.84","2,779.39","2,763.59","3.14B","0.31%"
"06/07/2018","2,770.37","2,774.84","2,779.90","2,760.16","3.74B","-0.07%"
"06/06/2018","2,772.35","2,753.25","2,772.39","2,748.46","3.66B","0.86%"
"06/05/2018","2,748.80","2,748.46","2,752.61","2,739.51","3.52B","0.07%"
"06/04/2018","2,746.87","2,741.67","2,749.16","2,740.54","3.41B","0.45%"
"06/01/2018","2,734.62","2,718.70","2,736.93","2,718.70","3.69B","1.08%"
"05/31/2018","2,705.27","2,720.98","2,722.50","2,700.68","4.24B","-0.69%"
"05/30/2018","2,724.01","2,702.43","2,729.34","2,702.43","3.57B","1.27%"
"05/29/2018","2,689.86","2,705.11","2,710.67","2,676.81","3.74B","-1.16%"
"05/25/2018","2,721.33","2,723.60","2,727.36","2,714.99","3.02B","-0.24%"
"05/24/2018","2,727.76","2,730.94","2,731.97","2,707.38","3.29B","-0.20%"
"05/23/2018","2,733.29","2,713.98","2,733.33","2,709.54","3.33B","0.32%"
"05/22/2018","2,724.44","2,738.34","2,742.24","2,721.88","3.38B","-0.31%"
"05/21/2018","2,733.01","2,735.39","2,739.19","2,725.70","3.05B","0.74%"
"05/18/2018","2,712.97","2,717.35","2,719.50","2,709.18","3.38B","-0.26%"
"05/17/2018","2,720.13","2,719.71","2,731.96","2,711.36","3.48B","-0.09%"
"05/16/2018","2,722.46","2,712.62","2,727.76","2,712.17","3.25B","0.41%"
"05/15/2018","2,711.45","2,718.59","2,718.59","2,701.91","3.29B","-0.68%"
"05/14/2018","2,730.13","2,738.47","2,742.10","2,725.47","2.99B","0.09%"
"05/11/2018","2,727.72","2,722.70","2,732.86","2,717.45","2.87B","0.17%"
"05/10/2018","2,723.07","2,705.02","2,726.11","2,704.54","3.38B","0.94%"
"05/09/2018","2,697.79","2,678.12","2,701.27","2,674.14","3.91B","0.97%"
"05/08/2018","2,671.92","2,670.26","2,676.34","2,655.20","3.75B","-0.03%"
"05/07/2018","2,672.63","2,680.34","2,683.35","2,664.70","3.27B","0.35%"
"05/04/2018","2,663.42","2,621.45","2,670.93","2,615.32","3.34B","1.28%"
"05/03/2018","2,629.73","2,628.08","2,637.14","2,594.62","3.87B","-0.23%"
"05/02/2018","2,635.67","2,654.24","2,660.87","2,631.70","4.05B","-0.72%"
"05/01/2018","2,654.80","2,642.96","2,655.27","2,625.41","3.56B","0.25%"
"04/30/2018","2,648.05","2,682.51","2,682.87","2,648.04","3.75B","-0.82%"
"04/27/2018","2,669.91","2,675.47","2,677.35","2,659.01","3.23B","0.11%"
"04/26/2018","2,666.94","2,651.65","2,676.48","2,647.16","3.69B","1.04%"
"04/25/2018","2,639.40","2,634.92","2,645.30","2,612.67","3.56B","0.18%"
"04/24/2018","2,634.56","2,680.80","2,683.55","2,617.32","3.72B","-1.34%"
"04/23/2018","2,670.29","2,675.40","2,682.86","2,657.99","3.03B","0.01%"
"04/20/2018","2,670.14","2,692.56","2,693.94","2,660.61","3.43B","-0.85%"
"04/19/2018","2,693.13","2,701.16","2,702.84","2,681.90","3.38B","-0.57%"
"04/18/2018","2,708.64","2,710.11","2,717.49","2,703.63","3.41B","0.08%"
"04/17/2018","2,706.39","2,692.74","2,713.34","2,692.05","3.29B","1.07%"
"04/16/2018","2,677.84","2,670.10","2,686.49","2,665.16","3.02B","0.81%"
"04/13/2018","2,656.30","2,676.90","2,680.26","2,645.05","2.99B","-0.29%"
"04/12/2018","2,663.99","2,653.83","2,674.72","2,653.83","3.05B","0.83%"
"04/11/2018","2,642.19","2,643.89","2,661.43","2,639.25","3.05B","-0.55%"
"04/10/2018","2,656.87","2,638.41","2,665.45","2,635.78","3.58B","1.67%"
"04/09/2018","2,613.16","2,617.18","2,653.55","2,610.79","3.08B","0.33%"
"04/06/2018","2,604.47","2,645.82","2,656.88","2,586.27","3.31B","-2.19%"
"04/05/2018","2,662.84","2,657.36","2,672.08","2,649.58","3.23B","0.69%"
"04/04/2018","2,644.69","2,584.04","2,649.86","2,573.61","3.37B","1.16%"
"04/03/2018","2,614.45","2,592.17","2,619.14","2,575.49","3.40B","1.26%"
"04/02/2018","2,581.88","2,633.45","2,638.30","2,553.80","3.64B","-2.23%"
"03/29/2018","2,640.87","2,614.41","2,659.07","2,609.72","3.57B","1.38%"
"03/28/2018","2,605.00","2,611.30","2,632.65","2,593.06","3.88B","-0.29%"
"03/27/2018","2,612.62","2,667.57","2,674.78","2,596.12","3.76B","-1.73%"
"03/26/2018","2,658.55","2,619.35","2,661.36","2,601.81","3.54B","2.72%"
"03/23/2018","2,588.26","2,646.71","2,657.67","2,585.89","3.83B","-2.10%"
"03/22/2018","2,643.69","2,691.36","2,695.68","2,641.59","3.77B","-2.52%"
"03/21/2018","2,711.93","2,714.99","2,739.14","2,709.79","3.43B","-0.18%"
"03/20/2018","2,716.94","2,715.05","2,724.22","2,710.05","3.27B","0.15%"
"03/19/2018","2,712.92","2,741.38","2,741.38","2,694.59","3.33B","-1.42%"
"03/16/2018","2,752.01","2,750.57","2,761.85","2,749.97","5.43B","0.17%"
"03/15/2018","2,747.33","2,754.27","2,763.03","2,741.47","3.54B","-0.08%"
"03/14/2018","2,749.48","2,774.06","2,777.11","2,744.38","3.39B","-0.57%"
"03/13/2018","2,765.31","2,792.31","2,801.90","2,758.68","3.32B","-0.64%"
"03/12/2018","2,783.02","2,790.54","2,796.98","2,779.26","3.22B","-0.13%"
"03/09/2018","2,786.57","2,752.91","2,786.57","2,751.54","3.38B","1.74%"
"03/08/2018","2,738.97","2,732.75","2,740.45","2,722.65","3.21B","0.45%"
"03/07/2018","2,726.80","2,710.18","2,730.60","2,701.74","3.41B","-0.05%"
"03/06/2018","2,728.12","2,730.18","2,732.08","2,711.26","3.39B","0.26%"
"03/05/2018","2,720.94","2,681.06","2,728.09","2,675.75","3.73B","1.10%"
"03/02/2018","2,691.25","2,658.89","2,696.25","2,647.32","3.89B","0.51%"
"03/01/2018","2,677.67","2,715.22","2,730.89","2,659.65","4.51B","-1.33%"
"02/28/2018","2,713.83","2,753.78","2,761.52","2,713.54","4.24B","-1.11%"
"02/27/2018","2,744.28","2,780.45","2,789.15","2,744.22","3.75B","-1.27%"
"02/26/2018","2,779.60","2,757.37","2,780.64","2,753.78","3.44B","1.18%"
"02/23/2018","2,747.30","2,715.80","2,747.76","2,713.74","3.20B","1.60%"
"02/22/2018","2,703.96","2,710.42","2,731.26","2,697.77","3.72B","0.10%"
"02/21/2018","2,701.33","2,720.53","2,747.75","2,701.29","3.79B","-0.55%"
"02/20/2018","2,716.26","2,722.99","2,737.60","2,706.76","3.65B","-0.58%"
"02/16/2018","2,732.22","2,727.14","2,754.42","2,725.11","3.65B","0.04%"
"02/15/2018","2,731.20","2,713.46","2,731.51","2,689.82","3.70B","1.21%"
"02/14/2018","2,698.63","2,651.21","2,702.10","2,648.87","4.01B","1.34%"
"02/13/2018","2,662.94","2,646.27","2,668.84","2,637.08","3.50B","0.26%"
"02/12/2018","2,656.00","2,636.75","2,672.61","2,622.45","4.07B","1.39%"
"02/09/2018","2,619.55","2,601.78","2,638.67","2,532.69","5.69B","1.49%"
"02/08/2018","2,581.00","2,685.01","2,685.27","2,580.56","5.33B","-3.75%"
"02/07/2018","2,681.66","2,690.95","2,727.67","2,681.33","4.65B","-0.50%"
"02/06/2018","2,695.14","2,614.78","2,701.04","2,593.07","5.92B","1.74%"
"02/05/2018","2,648.94","2,741.06","2,763.39","2,638.17","5.31B","-4.10%"
"02/02/2018","2,762.13","2,808.92","2,808.92","2,759.97","4.34B","-2.12%"
"02/01/2018","2,821.98","2,816.45","2,835.96","2,812.70","3.98B","-0.06%"
"01/31/2018","2,823.81","2,832.41","2,839.26","2,813.04","4.28B","0.05%"
"01/30/2018","2,822.43","2,832.74","2,837.75","2,818.27","4.01B","-1.09%"
"01/29/2018","2,853.53","2,867.23","2,870.62","2,851.48","3.59B","-0.67%"
"01/26/2018","2,872.87","2,847.48","2,872.87","2,846.18","3.47B","1.18%"
"01/25/2018","2,839.25","2,846.24","2,848.56","2,830.94","3.87B","0.06%"
"01/24/2018","2,837.54","2,845.42","2,852.97","2,824.81","4.08B","-0.06%"
"01/23/2018","2,839.13","2,835.05","2,842.24","2,830.59","3.54B","0.22%"
"01/22/2018","2,832.97","2,809.16","2,833.03","2,808.12","3.49B","0.81%"
"01/19/2018","2,810.30","2,802.60","2,810.33","2,798.08","3.72B","0.44%"
"01/18/2018","2,798.03","2,802.40","2,805.83","2,792.56","3.70B","-0.16%"
"01/17/2018","2,802.56","2,784.99","2,807.04","2,778.38","3.79B","0.94%"
"01/16/2018","2,776.42","2,798.96","2,807.54","2,768.64","4.36B","-0.35%"
"01/12/2018","2,786.24","2,770.18","2,787.85","2,769.64","3.59B","0.67%"
"01/11/2018","2,767.56","2,752.97","2,767.56","2,752.78","3.65B","0.70%"
"01/10/2018","2,748.23","2,745.55","2,750.80","2,736.06","3.58B","-0.11%"
"01/09/2018","2,751.29","2,751.15","2,759.14","2,747.86","3.47B","0.13%"
"01/08/2018","2,747.71","2,742.67","2,748.51","2,737.60","3.25B","0.17%"
"01/05/2018","2,743.15","2,731.33","2,743.45","2,727.92","3.24B","0.70%"
"01/04/2018","2,723.99","2,719.31","2,729.29","2,719.07","3.70B","0.40%"
"01/03/2018","2,713.06","2,697.85","2,714.37","2,697.77","3.54B","0.64%"
"01/02/2018","2,695.81","2,683.73","2,695.89","2,682.36","3.40B","0.83%"
"12/29/2017","2,673.61","2,689.15","2,692.12","2,673.61","2.45B","-0.52%"
"12/28/2017","2,687.54","2,686.10","2,687.66","2,682.69","2.17B","0.18%"
"12/27/2017","2,682.62","2,682.10","2,685.64","2,678.91","2.20B","0.08%"
"12/26/2017","2,680.50","2,679.09","2,682.74","2,677.96","1.97B","-0.11%"
"12/22/2017","2,683.34","2,684.22","2,685.35","2,678.13","2.40B","-0.05%"
"12/21/2017","2,684.57","2,683.02","2,692.64","2,682.40","3.29B","0.20%"
"12/20/2017","2,679.25","2,688.18","2,691.01","2,676.11","3.25B","-0.08%"
"12/19/2017","2,681.47","2,692.71","2,694.44","2,680.74","3.41B","-0.32%"
"12/18/2017","2,690.16","2,685.92","2,694.97","2,685.92","3.73B","0.54%"
"12/15/2017","2,675.81","2,660.63","2,679.63","2,659.14","5.74B","0.90%"
"12/14/2017","2,652.01","2,665.87","2,668.09","2,652.01","3.44B","-0.41%"
"12/13/2017","2,662.85","2,667.59","2,671.88","2,662.85","3.57B","-0.05%"
"12/12/2017","2,664.11","2,661.73","2,669.72","2,659.78","3.57B","0.15%"
"12/11/2017","2,659.99","2,652.19","2,660.33","2,651.47","3.14B","0.32%"
"12/08/2017","2,651.50","2,646.21","2,651.65","2,644.10","3.13B","0.55%"
"12/07/2017","2,636.98","2,628.38","2,640.99","2,626.53","3.30B","0.29%"
"12/06/2017","2,629.27","2,626.24","2,634.41","2,624.75","3.25B","-0.01%"
"12/05/2017","2,629.57","2,639.78","2,648.72","2,627.73","3.55B","-0.37%"
"12/04/2017","2,639.44","2,657.19","2,665.19","2,639.03","4.03B","-0.11%"
"12/01/2017","2,642.22","2,645.10","2,650.62","2,605.52","3.95B","-0.20%"
"11/30/2017","2,647.58","2,633.93","2,657.74","2,633.93","4.97B","0.82%"
"11/29/2017","2,626.07","2,627.82","2,634.89","2,620.32","4.09B","-0.04%"
"11/28/2017","2,627.04","2,605.94","2,627.69","2,605.44","3.49B","0.98%"
"11/27/2017","2,601.42","2,602.66","2,606.41","2,598.87","3.02B","-0.04%"
"11/24/2017","2,602.42","2,600.42","2,604.21","2,600.42","1.39B","0.21%"
"11/22/2017","2,597.08","2,600.31","2,600.94","2,595.23","2.76B","-0.08%"
"11/21/2017","2,599.03","2,589.17","2,601.19","2,589.17","3.35B","0.65%"
"11/20/2017","2,582.14","2,579.49","2,584.64","2,578.24","3.02B","0.13%"
"11/17/2017","2,578.85","2,582.94","2,583.96","2,577.62","3.31B","-0.26%"
"11/16/2017","2,585.64","2,572.95","2,590.09","2,572.95","3.33B","0.82%"
"11/15/2017","2,564.62","2,569.45","2,572.84","2,557.45","3.59B","-0.55%"
"11/14/2017","2,578.87","2,577.75","2,579.66","2,566.56","3.64B","-0.23%"
"11/13/2017","2,584.84","2,576.53","2,587.66","2,574.48","3.41B","0.10%"
"11/10/2017","2,582.30","2,580.18","2,583.81","2,575.57","3.49B","-0.09%"
"11/09/2017","2,584.62","2,584.00","2,586.50","2,566.33","3.84B","-0.38%"
"11/08/2017","2,594.38","2,588.71","2,595.47","2,585.02","3.90B","0.14%"
"11/07/2017","2,590.64","2,592.11","2,597.02","2,584.35","3.82B","-0.02%"
"11/06/2017","2,591.13","2,587.47","2,593.38","2,585.66","3.54B","0.13%"
"11/03/2017","2,587.84","2,581.93","2,588.42","2,576.77","3.57B","0.31%"
"11/02/2017","2,579.85","2,579.46","2,581.11","2,566.17","4.05B","0.02%"
"11/01/2017","2,579.36","2,583.21","2,588.40","2,574.92","3.84B","0.16%"
"10/31/2017","2,575.26","2,575.99","2,578.29","2,572.15","3.84B","0.09%"
"10/30/2017","2,572.83","2,577.75","2,580.03","2,568.25","3.66B","-0.32%"
"10/27/2017","2,581.07","2,570.26","2,582.98","2,565.94","3.90B","0.81%"
"10/26/2017","2,560.40","2,560.08","2,567.07","2,559.80","3.89B","0.13%"
"10/25/2017","2,557.15","2,566.52","2,567.40","2,544.00","3.89B","-0.47%"
"10/24/2017","2,569.13","2,568.66","2,572.18","2,565.58","3.44B","0.16%"
"10/23/2017","2,564.98","2,578.08","2,578.29","2,564.33","3.21B","-0.40%"
"10/20/2017","2,575.21","2,567.56","2,575.44","2,567.56","3.39B","0.51%"
"10/19/2017","2,562.10","2,553.39","2,562.36","2,547.92","3.02B","0.03%"
"10/18/2017","2,561.26","2,562.87","2,564.11","2,559.67","3.00B","0.07%"
"10/17/2017","2,559.36","2,557.17","2,559.71","2,554.69","2.90B","0.07%"
"10/16/2017","2,557.64","2,555.57","2,559.47","2,552.64","2.92B","0.18%"
"10/13/2017","2,553.17","2,555.66","2,557.65","2,552.09","3.15B","0.09%"
"10/12/2017","2,550.93","2,552.88","2,555.33","2,548.31","3.16B","-0.17%"
"10/11/2017","2,555.24","2,550.62","2,555.24","2,547.95","2.99B","0.18%"
"10/10/2017","2,550.64","2,549.99","2,555.23","2,544.86","2.96B","0.23%"
"10/09/2017","2,544.73","2,551.39","2,551.82","2,541.60","2.49B","-0.18%"
"10/06/2017","2,549.33","2,547.44","2,549.41","2,543.79","2.90B","-0.11%"
"10/05/2017","2,552.07","2,540.86","2,552.51","2,540.02","3.06B","0.56%"
"10/04/2017","2,537.74","2,533.48","2,540.53","2,531.80","3.02B","0.12%"
"10/03/2017","2,534.58","2,530.34","2,535.13","2,528.85","3.07B","0.22%"
"10/02/2017","2,529.12","2,521.20","2,529.23","2,520.40","3.23B","0.39%"
"09/29/2017","2,519.36","2,509.96","2,519.44","2,507.99","3.22B","0.37%"
"09/28/2017","2,510.06","2,503.41","2,510.81","2,502.93","3.17B","0.12%"
"09/27/2017","2,507.04","2,503.30","2,511.75","2,495.91","3.49B","0.41%"
"09/26/2017","2,496.84","2,501.04","2,503.51","2,495.12","3.07B","0.01%"
"09/25/2017","2,496.66","2,499.39","2,502.54","2,488.03","3.31B","-0.22%"
"09/22/2017","2,502.22","2,497.26","2,503.47","2,496.54","2.88B","0.06%"
"09/21/2017","2,500.60","2,507.16","2,507.16","2,499.00","2.97B","-0.30%"
"09/20/2017","2,508.24","2,506.84","2,508.85","2,496.67","3.58B","0.06%"
"09/19/2017","2,506.65","2,506.29","2,507.84","2,503.19","3.25B","0.11%"
"09/18/2017","2,503.87","2,502.51","2,508.32","2,499.92","3.20B","0.15%"
"09/15/2017","2,500.23","2,495.67","2,500.23","2,493.16","4.86B","0.18%"
"09/14/2017","2,495.62","2,494.56","2,498.43","2,491.35","3.42B","-0.11%"
"09/13/2017","2,498.37","2,493.89","2,498.37","2,492.14","3.37B","0.08%"
"09/12/2017","2,496.48","2,491.94","2,496.77","2,490.37","3.23B","0.34%"
"09/11/2017","2,488.11","2,474.52","2,488.95","2,474.52","3.29B","1.08%"
"09/08/2017","2,461.43","2,462.25","2,467.11","2,459.40","3.31B","-0.15%"
"09/07/2017","2,465.10","2,468.06","2,468.62","2,460.29","3.37B","-0.02%"
"09/06/2017","2,465.54","2,463.83","2,469.64","2,459.20","3.40B","0.31%"
"09/05/2017","2,457.85","2,470.35","2,471.97","2,446.55","3.50B","-0.76%"
"09/01/2017","2,476.55","2,474.42","2,480.38","2,473.85","2.71B","0.20%"
"08/31/2017","2,471.65","2,462.65","2,475.01","2,462.65","3.35B","0.57%"
"08/30/2017","2,457.59","2,446.06","2,460.31","2,443.77","2.64B","0.46%"
"08/29/2017","2,446.30","2,431.94","2,449.19","2,428.20","2.74B","0.08%"
"08/28/2017","2,444.24","2,447.35","2,449.12","2,439.03","2.68B","0.05%"
"08/25/2017","2,443.05","2,444.72","2,453.96","2,442.22","2.59B","0.17%"
"08/24/2017","2,438.97","2,447.91","2,450.39","2,436.19","2.85B","-0.21%"
"08/23/2017","2,444.04","2,444.88","2,448.91","2,441.42","2.80B","-0.35%"
"08/22/2017","2,452.51","2,433.75","2,454.77","2,433.67","2.78B","0.99%"
"08/21/2017","2,428.37","2,425.50","2,430.58","2,417.35","2.80B","0.12%"
"08/18/2017","2,425.55","2,427.64","2,440.27","2,420.69","3.43B","-0.18%"
"08/17/2017","2,430.01","2,462.95","2,465.02","2,430.01","3.16B","-1.54%"
"08/16/2017","2,468.11","2,468.63","2,474.93","2,463.86","2.96B","0.14%"
"08/15/2017","2,464.61","2,468.66","2,468.90","2,461.61","2.92B","-0.05%"
"08/14/2017","2,465.84","2,454.96","2,468.22","2,454.96","2.82B","1.00%"
"08/11/2017","2,441.32","2,441.04","2,448.09","2,437.85","3.16B","0.13%"
"08/10/2017","2,438.21","2,465.38","2,465.38","2,437.75","3.64B","-1.45%"
"08/09/2017","2,474.02","2,465.35","2,474.41","2,462.08","3.31B","-0.04%"
"08/08/2017","2,474.92","2,478.35","2,490.87","2,470.32","3.35B","-0.24%"
"08/07/2017","2,480.91","2,477.14","2,480.95","2,475.88","2.94B","0.16%"
"08/04/2017","2,476.83","2,476.88","2,480.00","2,472.08","3.24B","0.19%"
"08/03/2017","2,472.16","2,476.03","2,476.03","2,468.85","3.66B","-0.22%"
"08/02/2017","2,477.57","2,480.38","2,480.38","2,466.48","3.49B","0.05%"
"08/01/2017","2,476.35","2,477.10","2,478.51","2,471.14","3.47B","0.24%"
"07/31/2017","2,470.30","2,475.94","2,477.96","2,468.53","3.48B","-0.07%"
"07/28/2017","2,472.10","2,469.12","2,473.53","2,464.66","3.30B","-0.13%"
"07/27/2017","2,475.42","2,482.76","2,484.04","2,459.93","4.04B","-0.10%"
"07/26/2017","2,477.83","2,479.97","2,481.69","2,474.94","3.60B","0.03%"
"07/25/2017","2,477.13","2,477.88","2,481.24","2,474.91","4.12B","0.29%"
"07/24/2017","2,469.91","2,472.04","2,473.10","2,466.32","3.02B","-0.11%"
"07/21/2017","2,472.54","2,467.40","2,472.54","2,465.06","3.07B","-0.04%"
"07/20/2017","2,473.45","2,475.56","2,477.62","2,468.43","3.22B","-0.02%"
"07/19/2017","2,473.83","2,463.85","2,473.83","2,463.85","3.06B","0.54%"
"07/18/2017","2,460.61","2,455.88","2,460.92","2,450.34","2.97B","0.06%"
"07/17/2017","2,459.14","2,459.50","2,462.82","2,457.16","2.80B","-0.01%"
"07/14/2017","2,459.27","2,449.16","2,463.54","2,446.69","2.74B","0.47%"
"07/13/2017","2,447.83","2,444.99","2,449.32","2,441.69","3.07B","0.19%"
"07/12/2017","2,443.25","2,435.75","2,445.76","2,435.75","3.18B","0.73%"
"07/11/2017","2,425.53","2,427.35","2,429.30","2,412.79","3.11B","-0.08%"
"07/10/2017","2,427.43","2,424.51","2,432.00","2,422.27","3.01B","0.09%"
"07/07/2017","2,425.18","2,413.52","2,426.92","2,413.52","2.93B","0.64%"
"07/06/2017","2,409.75","2,423.44","2,424.28","2,407.70","3.37B","-0.94%"
"07/05/2017","2,432.54","2,430.78","2,434.90","2,422.05","3.37B","0.15%"
"07/03/2017","2,429.01","2,431.39","2,439.17","2,428.69","1.90B","0.23%"
"06/30/2017","2,423.41","2,429.20","2,432.71","2,421.65","3.37B","0.15%"
"06/29/2017","2,419.70","2,442.38","2,442.73","2,405.70","3.87B","-0.86%"
"06/28/2017","2,440.69","2,428.70","2,442.97","2,428.02","3.48B","0.88%"
"06/27/2017","2,419.38","2,436.34","2,440.15","2,419.38","3.56B","-0.81%"
"06/26/2017","2,439.07","2,443.32","2,450.42","2,437.03","3.24B","0.03%"
"06/23/2017","2,438.30","2,434.65","2,441.40","2,431.11","5.28B","0.16%"
"06/22/2017","2,434.50","2,437.40","2,441.62","2,433.27","3.48B","-0.05%"
"06/21/2017","2,435.61","2,439.31","2,442.23","2,430.74","3.60B","-0.06%"
"06/20/2017","2,437.03","2,450.66","2,450.66","2,436.60","3.42B","-0.67%"
"06/19/2017","2,453.46","2,442.55","2,453.82","2,441.79","3.27B","0.83%"
"06/16/2017","2,433.15","2,431.24","2,433.15","2,422.88","5.30B","0.03%"
"06/15/2017","2,432.46","2,424.14","2,433.95","2,418.53","3.37B","-0.22%"
"06/14/2017","2,437.92","2,443.75","2,443.75","2,428.34","3.56B","-0.10%"
"06/13/2017","2,440.35","2,434.15","2,441.49","2,431.28","3.28B","0.45%"
"06/12/2017","2,429.39","2,425.88","2,430.38","2,419.97","4.03B","-0.10%"
"06/09/2017","2,431.77","2,436.39","2,446.20","2,415.70","4.03B","-0.08%"
"06/08/2017","2,433.79","2,434.27","2,439.27","2,427.94","3.74B","0.03%"
"06/07/2017","2,433.14","2,432.03","2,435.28","2,424.75","3.58B","0.16%"
"06/06/2017","2,429.33","2,431.92","2,436.21","2,428.12","3.38B","-0.28%"
"06/05/2017","2,436.10","2,437.83","2,439.55","2,434.32","2.92B","-0.12%"
"06/02/2017","2,439.07","2,431.28","2,440.23","2,427.71","3.47B","0.37%"
"06/01/2017","2,430.06","2,415.65","2,430.06","2,413.54","3.86B","0.76%"
"05/31/2017","2,411.80","2,415.63","2,415.99","2,403.59","4.52B","-0.05%"
"05/30/2017","2,412.91","2,411.67","2,415.26","2,409.43","3.21B","-0.12%"
"05/26/2017","2,415.82","2,414.50","2,416.68","2,412.20","2.81B","0.03%"
"05/25/2017","2,415.07","2,409.54","2,418.71","2,408.01","3.54B","0.44%"
"05/24/2017","2,404.39","2,401.41","2,405.58","2,397.99","3.39B","0.25%"
"05/23/2017","2,398.42","2,397.04","2,400.85","2,393.88","3.22B","0.18%"
"05/22/2017","2,394.02","2,387.21","2,395.46","2,386.92","3.18B","0.52%"
"05/19/2017","2,381.73","2,371.37","2,389.06","2,370.43","3.83B","0.68%"
"05/18/2017","2,365.72","2,354.69","2,375.74","2,352.72","4.32B","0.37%"
"05/17/2017","2,357.03","2,382.95","2,384.87","2,356.21","4.16B","-1.82%"
"05/16/2017","2,400.67","2,404.55","2,405.77","2,396.05","3.42B","-0.07%"
"05/15/2017","2,402.32","2,393.98","2,404.05","2,393.94","3.49B","0.48%"
"05/12/2017","2,390.90","2,392.44","2,392.44","2,387.19","3.30B","-0.15%"
"05/11/2017","2,394.44","2,394.84","2,395.72","2,381.74","3.73B","-0.22%"
"05/10/2017","2,399.63","2,396.79","2,399.74","2,392.79","3.65B","0.11%"
"05/09/2017","2,396.92","2,401.58","2,403.87","2,392.44","3.66B","-0.10%"
"05/08/2017","2,399.38","2,399.94","2,401.36","2,393.92","3.43B","0.00%"
"05/05/2017","2,399.29","2,392.37","2,399.29","2,389.38","3.54B","0.41%"
"05/04/2017","2,389.52","2,389.79","2,391.43","2,380.35","4.37B","0.06%"
"05/03/2017","2,388.13","2,386.50","2,389.82","2,379.75","3.90B","-0.13%"
"05/02/2017","2,391.17","2,391.05","2,392.93","2,385.82","3.86B","0.12%"
"05/01/2017","2,388.33","2,388.50","2,394.49","2,384.83","3.20B","0.17%"
"04/28/2017","2,384.20","2,393.68","2,393.68","2,382.36","3.72B","-0.19%"
"04/27/2017","2,388.77","2,389.70","2,392.10","2,382.68","4.10B","0.06%"
"04/26/2017","2,387.45","2,388.98","2,398.16","2,386.78","4.11B","-0.05%"
"04/25/2017","2,388.61","2,381.51","2,392.48","2,381.15","4.01B","0.61%"
"04/24/2017","2,374.15","2,370.33","2,376.98","2,369.19","3.71B","1.08%"
"04/21/2017","2,348.69","2,354.74","2,356.18","2,344.51","3.52B","-0.30%"
"04/20/2017","2,355.84","2,342.69","2,361.37","2,340.91","3.65B","0.76%"
"04/19/2017","2,338.17","2,346.79","2,352.63","2,335.05","3.52B","-0.17%"
"04/18/2017","2,342.19","2,342.53","2,348.35","2,334.54","3.27B","-0.29%"
"04/17/2017","2,349.01","2,332.62","2,349.14","2,332.51","2.83B","0.86%"
"04/13/2017","2,328.95","2,341.98","2,348.26","2,328.95","3.15B","-0.68%"
"04/12/2017","2,344.93","2,352.15","2,352.72","2,341.18","3.20B","-0.38%"
"04/11/2017","2,353.78","2,353.92","2,355.22","2,337.25","3.12B","-0.14%"
"04/10/2017","2,357.16","2,357.16","2,366.37","2,351.50","2.79B","0.07%"
"04/07/2017","2,355.54","2,356.59","2,363.76","2,350.74","3.05B","-0.08%"
"04/06/2017","2,357.49","2,353.79","2,364.16","2,348.90","3.20B","0.19%"
"04/05/2017","2,352.95","2,366.59","2,378.36","2,350.52","3.78B","-0.31%"
"04/04/2017","2,360.16","2,354.76","2,360.53","2,350.72","3.21B","0.06%"
"04/03/2017","2,358.84","2,362.34","2,365.87","2,344.73","3.42B","-0.16%"
"03/31/2017","2,362.72","2,364.82","2,370.35","2,362.60","3.36B","-0.23%"
"03/30/2017","2,368.06","2,361.31","2,370.42","2,358.58","3.16B","0.29%"
"03/29/2017","2,361.13","2,356.54","2,363.36","2,352.94","3.11B","0.11%"
"03/28/2017","2,358.57","2,339.79","2,363.78","2,337.63","3.37B","0.73%"
"03/27/2017","2,341.59","2,329.11","2,344.90","2,322.25","3.24B","-0.10%"
"03/24/2017","2,343.98","2,350.42","2,356.22","2,335.74","2.98B","-0.08%"
"03/23/2017","2,345.96","2,345.97","2,358.92","2,342.13","3.26B","-0.11%"
"03/22/2017","2,348.45","2,343.00","2,351.81","2,336.45","3.58B","0.19%"
"03/21/2017","2,344.02","2,379.32","2,381.93","2,341.90","4.28B","-1.24%"
"03/20/2017","2,373.47","2,378.24","2,379.55","2,369.66","3.06B","-0.20%"
"03/17/2017","2,378.25","2,383.71","2,385.71","2,377.64","5.18B","-0.13%"
"03/16/2017","2,381.38","2,387.71","2,388.10","2,377.18","3.37B","-0.16%"
"03/15/2017","2,385.26","2,370.34","2,390.01","2,368.94","3.91B","0.84%"
"03/14/2017","2,365.45","2,368.55","2,368.55","2,358.18","3.17B","-0.34%"
"03/13/2017","2,373.47","2,371.56","2,374.42","2,368.52","3.17B","0.04%"
"03/10/2017","2,372.60","2,372.52","2,376.86","2,363.04","3.43B","0.33%"
"03/09/2017","2,364.87","2,363.49","2,369.08","2,354.54","3.72B","0.08%"
"03/08/2017","2,362.98","2,369.81","2,373.09","2,361.01","3.81B","-0.23%"
"03/07/2017","2,368.39","2,370.74","2,375.12","2,365.51","3.53B","-0.29%"
"03/06/2017","2,375.31","2,375.23","2,378.80","2,367.98","3.25B","-0.33%"
"03/03/2017","2,383.12","2,380.92","2,383.89","2,375.39","3.56B","0.05%"
"03/02/2017","2,381.92","2,394.75","2,394.75","2,380.17","3.82B","-0.59%"
"03/01/2017","2,395.96","2,380.13","2,400.98","2,380.13","4.35B","1.37%"
"02/28/2017","2,363.64","2,366.08","2,367.79","2,358.96","4.21B","-0.26%"
"02/27/2017","2,369.75","2,365.23","2,371.54","2,361.87","3.58B","0.10%"
"02/24/2017","2,367.34","2,355.73","2,367.34","2,352.87","3.83B","0.15%"
"02/23/2017","2,363.81","2,367.50","2,368.26","2,355.09","4.02B","0.04%"
"02/22/2017","2,362.82","2,361.11","2,365.13","2,358.34","3.47B","-0.11%"
"02/21/2017","2,365.38","2,354.91","2,366.71","2,354.91","3.59B","0.60%"
"02/17/2017","2,351.16","2,343.01","2,351.16","2,339.58","3.52B","0.17%"
"02/16/2017","2,347.22","2,349.64","2,351.31","2,338.87","3.68B","-0.09%"
"02/15/2017","2,349.25","2,335.58","2,351.30","2,334.81","3.79B","0.50%"
"02/14/2017","2,337.58","2,326.12","2,337.58","2,322.17","3.53B","0.40%"
"02/13/2017","2,328.25","2,321.72","2,331.58","2,321.42","3.35B","0.52%"
"02/10/2017","2,316.10","2,312.27","2,319.23","2,311.10","3.50B","0.36%"
"02/09/2017","2,307.87","2,296.70","2,311.08","2,296.61","3.68B","0.58%"
"02/08/2017","2,294.67","2,289.55","2,295.91","2,285.38","3.61B","0.07%"
"02/07/2017","2,293.08","2,295.87","2,299.40","2,290.16","3.45B","0.02%"
"02/06/2017","2,292.56","2,294.28","2,296.18","2,288.57","3.11B","-0.21%"
"02/03/2017","2,297.42","2,288.54","2,298.31","2,287.88","3.61B","0.73%"
"02/02/2017","2,280.85","2,276.69","2,283.97","2,271.65","3.81B","0.06%"
"02/01/2017","2,279.55","2,285.59","2,289.14","2,272.44","3.92B","0.03%"
"01/31/2017","2,278.87","2,274.02","2,279.09","2,267.21","4.09B","-0.09%"
"01/30/2017","2,280.90","2,286.01","2,286.01","2,268.04","3.60B","-0.60%"
"01/27/2017","2,294.69","2,299.02","2,299.02","2,291.62","3.14B","-0.09%"
"01/26/2017","2,296.68","2,298.63","2,300.99","2,294.08","3.61B","-0.07%"
"01/25/2017","2,298.37","2,288.88","2,299.55","2,288.88","3.85B","0.80%"
"01/24/2017","2,280.07","2,267.88","2,284.63","2,266.68","3.82B","0.66%"
"01/23/2017","2,265.20","2,267.78","2,271.78","2,257.02","3.16B","-0.27%"
"01/20/2017","2,271.31","2,269.96","2,276.96","2,265.01","3.54B","0.34%"
"01/19/2017","2,263.69","2,271.90","2,274.33","2,258.41","3.17B","-0.36%"
"01/18/2017","2,271.89","2,269.14","2,272.01","2,263.35","3.32B","0.18%"
"01/17/2017","2,267.89","2,269.14","2,272.08","2,262.81","3.59B","-0.30%"
"01/13/2017","2,274.64","2,272.74","2,278.68","2,271.51","3.09B","0.18%"
"01/12/2017","2,270.44","2,271.14","2,271.78","2,254.25","3.47B","-0.21%"
"01/11/2017","2,275.32","2,268.60","2,275.32","2,260.83","3.63B","0.28%"
"01/10/2017","2,268.90","2,269.72","2,279.27","2,265.27","3.64B","0.00%"
"01/09/2017","2,268.90","2,273.59","2,275.49","2,268.90","3.22B","-0.35%"
"01/06/2017","2,276.98","2,271.14","2,282.10","2,264.06","3.34B","0.35%"
"01/05/2017","2,269.00","2,268.18","2,271.50","2,260.45","3.79B","-0.08%"
"01/04/2017","2,270.75","2,261.60","2,272.82","2,261.60","3.77B","0.57%"
"01/03/2017","2,257.83","2,251.57","2,263.88","2,245.13","3.77B","0.85%"
"12/30/2016","2,238.83","2,251.61","2,253.58","2,233.62","2.67B","-0.46%"
"12/29/2016","2,249.26","2,249.50","2,254.51","2,244.56","2.34B","-0.03%"
"12/28/2016","2,249.92","2,270.23","2,271.31","2,249.11","2.40B","-0.84%"
"12/27/2016","2,268.88","2,266.23","2,273.82","2,266.15","1.99B","0.22%"
"12/23/2016","2,263.79","2,260.25","2,263.79","2,258.84","2.02B","0.13%"
"12/22/2016","2,260.96","2,262.93","2,263.18","2,256.08","2.88B","-0.19%"
"12/21/2016","2,265.18","2,270.54","2,271.23","2,265.15","2.85B","-0.25%"
"12/20/2016","2,270.76","2,266.50","2,272.56","2,266.14","3.31B","0.36%"
"12/19/2016","2,262.53","2,259.24","2,267.47","2,258.21","3.25B","0.20%"
"12/16/2016","2,258.07","2,266.81","2,268.05","2,254.24","5.93B","-0.18%"
"12/15/2016","2,262.03","2,253.77","2,272.12","2,253.77","4.17B","0.39%"
"12/14/2016","2,253.28","2,268.35","2,276.20","2,248.44","4.41B","-0.81%"
"12/13/2016","2,271.72","2,263.32","2,277.53","2,263.32","3.88B","0.65%"
"12/12/2016","2,256.96","2,258.83","2,264.03","2,252.37","4.04B","-0.11%"
"12/09/2016","2,259.53","2,249.73","2,259.80","2,249.23","3.89B","0.59%"
"12/08/2016","2,246.19","2,241.13","2,251.69","2,237.57","4.20B","0.22%"
"12/07/2016","2,241.35","2,210.72","2,241.63","2,208.93","4.50B","1.32%"
"12/06/2016","2,212.23","2,207.26","2,212.78","2,202.21","3.86B","0.34%"
"12/05/2016","2,204.71","2,200.65","2,209.42","2,199.97","3.90B","0.58%"
"12/02/2016","2,191.95","2,191.12","2,197.95","2,188.37","3.78B","0.04%"
"12/01/2016","2,191.08","2,200.17","2,202.60","2,187.44","5.07B","-0.35%"
"11/30/2016","2,198.81","2,204.97","2,214.10","2,198.81","5.54B","-0.27%"
"11/29/2016","2,204.66","2,200.76","2,210.46","2,198.15","3.71B","0.13%"
"11/28/2016","2,201.72","2,210.21","2,211.14","2,200.36","3.52B","-0.53%"
"11/25/2016","2,213.35","2,206.27","2,213.35","2,206.27","1.58B","0.39%"
"11/23/2016","2,204.72","2,198.55","2,204.72","2,194.51","3.42B","0.08%"
"11/22/2016","2,202.94","2,201.56","2,204.80","2,194.51","3.96B","0.22%"
"11/21/2016","2,198.18","2,186.43","2,198.70","2,186.43","3.61B","0.75%"
"11/18/2016","2,181.90","2,186.85","2,189.89","2,180.38","3.58B","-0.24%"
"11/17/2016","2,187.12","2,178.61","2,188.06","2,176.65","3.81B","0.47%"
"11/16/2016","2,176.94","2,177.53","2,179.22","2,172.20","3.85B","-0.16%"
"11/15/2016","2,180.39","2,168.29","2,180.84","2,166.38","4.55B","0.75%"
"11/14/2016","2,164.20","2,165.64","2,171.36","2,156.08","5.37B","-0.01%"
"11/11/2016","2,164.45","2,162.71","2,165.92","2,152.49","4.99B","-0.14%"
"11/10/2016","2,167.48","2,167.49","2,182.30","2,151.17","6.46B","0.20%"
"11/09/2016","2,163.26","2,131.56","2,170.10","2,125.35","6.27B","1.11%"
"11/08/2016","2,139.56","2,129.92","2,146.87","2,123.56","3.92B","0.38%"
"11/07/2016","2,131.52","2,100.59","2,132.00","2,100.59","3.74B","2.22%"
"11/04/2016","2,085.18","2,083.79","2,099.07","2,083.79","3.84B","-0.17%"
"11/03/2016","2,088.70","2,098.80","2,102.60","2,085.20","-","-0.44%"
"11/02/2016","2,097.90","2,109.40","2,111.80","2,094.00","-","-0.65%"
"11/01/2016","2,111.70","2,128.70","2,131.40","2,097.80","-","-0.68%"
"10/31/2016","2,126.20","2,129.80","2,133.20","2,125.50","-","-0.01%"
"10/28/2016","2,126.40","2,132.20","2,140.70","2,119.40","-","-0.31%"
"10/27/2016","2,133.00","2,144.10","2,147.10","2,132.50","-","-0.30%"
"10/26/2016","2,139.40","2,137.00","2,145.70","2,131.60","-","-0.18%"
"10/25/2016","2,143.20","2,149.70","2,151.40","2,141.90","-","-0.38%"
"10/24/2016","2,151.30","2,148.50","2,154.80","2,146.90","-","0.47%"
"10/21/2016","2,141.20","2,139.40","2,142.60","2,130.10","-","-0.00%"
"10/20/2016","2,141.30","2,142.50","2,147.20","2,133.40","-","-0.14%"
"10/19/2016","2,144.30","2,140.80","2,148.40","2,138.20","-","0.22%"
"10/18/2016","2,139.60","2,138.30","2,144.40","2,135.50","-","0.62%"
"10/17/2016","2,126.50","2,132.90","2,135.60","2,124.40","-","-0.30%"
"10/14/2016","2,133.00","2,139.70","2,149.20","2,133.00","-","0.02%"
"10/13/2016","2,132.60","2,130.30","2,138.20","2,114.70","-","-0.31%"
"10/12/2016","2,139.20","2,137.70","2,145.40","2,132.80","-","0.12%"
"10/11/2016","2,136.70","2,161.30","2,161.60","2,128.80","-","-1.25%"
"10/10/2016","2,163.70","2,160.40","2,169.60","2,160.40","-","0.46%"
"10/07/2016","2,153.70","2,164.20","2,165.90","2,144.80","-","-0.33%"
"10/06/2016","2,160.80","2,158.20","2,162.90","2,150.30","-","0.05%"
"10/05/2016","2,159.70","2,155.20","2,163.90","2,155.20","-","0.43%"
"10/04/2016","2,150.50","2,163.40","2,165.50","2,144.00","-","-0.50%"
"10/03/2016","2,161.20","2,164.30","2,164.40","2,154.80","-","-0.33%"
"09/30/2016","2,168.30","2,156.50","2,175.30","2,156.50","-","0.80%"
"09/29/2016","2,151.10","2,168.90","2,172.70","2,145.20","-","-0.93%"
"09/28/2016","2,171.40","2,161.80","2,172.40","2,151.80","-","0.53%"
"09/27/2016","2,159.90","2,146.00","2,161.10","2,141.60","-","0.64%"
"09/26/2016","2,146.10","2,158.50","2,158.50","2,145.00","-","-0.86%"
"09/23/2016","2,164.70","2,173.30","2,173.80","2,164.00","-","-0.57%"
"09/22/2016","2,177.20","2,170.90","2,180.00","2,170.90","-","0.65%"
"09/21/2016","2,163.10","2,144.60","2,165.10","2,139.60","-","1.09%"
"09/20/2016","2,139.80","2,145.90","2,150.80","2,139.20","-","0.03%"
"09/19/2016","2,139.10","2,144.00","2,153.60","2,135.90","-","-0.00%"
"09/16/2016","2,139.20","2,146.50","2,146.50","2,131.20","-","-0.38%"
"09/15/2016","2,147.30","2,125.40","2,151.30","2,122.40","-","1.01%"
"09/14/2016","2,125.80","2,127.90","2,141.30","2,119.90","-","-0.06%"
"09/13/2016","2,127.00","2,150.50","2,150.50","2,120.30","-","-1.48%"
"09/12/2016","2,159.00","2,120.90","2,163.30","2,119.10","-","1.47%"
"09/09/2016","2,127.80","2,169.10","2,169.10","2,127.80","-","-2.45%"
"09/08/2016","2,181.30","2,182.80","2,184.90","2,177.50","-","-0.22%"
"09/07/2016","2,186.20","2,185.20","2,187.90","2,179.10","-","-0.01%"
"09/06/2016","2,186.50","2,181.60","2,186.60","2,175.10","-","0.30%"
"09/02/2016","2,180.00","2,177.50","2,184.90","2,173.60","-","0.42%"
"09/01/2016","2,170.90","2,171.30","2,173.60","2,157.10","-","0.00%"
"08/31/2016","2,170.90","2,173.60","2,173.80","2,161.30","-","-0.24%"
"08/30/2016","2,176.10","2,179.40","2,182.30","2,170.40","-","-0.20%"
"08/29/2016","2,180.40","2,170.20","2,183.50","2,170.20","-","0.53%"
"08/26/2016","2,169.00","2,175.10","2,187.90","2,160.40","-","-0.16%"
"08/25/2016","2,172.50","2,173.30","2,179.00","2,169.70","-","-0.13%"
"08/24/2016","2,175.40","2,185.10","2,186.70","2,171.20","-","-0.53%"
"08/23/2016","2,186.90","2,187.80","2,193.40","2,186.80","-","0.20%"
"08/22/2016","2,182.60","2,181.60","2,185.20","2,176.00","-","-0.06%"
"08/19/2016","2,183.90","2,184.20","2,185.00","2,175.10","-","-0.14%"
"08/18/2016","2,187.00","2,181.90","2,187.00","2,180.50","-","0.22%"
"08/17/2016","2,182.20","2,177.80","2,183.10","2,168.50","-","0.18%"
"08/16/2016","2,178.20","2,186.20","2,186.20","2,178.10","-","-0.55%"
"08/15/2016","2,190.20","2,186.10","2,193.80","2,186.10","-","0.28%"
"08/12/2016","2,184.10","2,183.70","2,186.30","2,179.40","-","-0.08%"
"08/11/2016","2,185.80","2,178.00","2,188.40","2,178.00","-","0.47%"
"08/10/2016","2,175.50","2,182.80","2,183.40","2,172.00","-","-0.28%"
"08/09/2016","2,181.70","2,182.20","2,187.70","2,178.60","-","0.04%"
"08/08/2016","2,180.90","2,183.80","2,185.40","2,177.80","-","-0.09%"
"08/05/2016","2,182.90","2,168.80","2,182.90","2,168.80","-","0.86%"
"08/04/2016","2,164.20","2,163.50","2,168.20","2,159.10","-","0.02%"
"08/03/2016","2,163.80","2,156.80","2,163.80","2,152.60","-","0.32%"
"08/02/2016","2,157.00","2,169.90","2,170.20","2,147.60","-","-0.64%"
"08/01/2016","2,170.80","2,173.20","2,178.30","2,166.20","-","-0.13%"
"07/29/2016","2,173.60","2,168.80","2,177.10","2,163.50","-","0.16%"
"07/28/2016","2,170.10","2,166.10","2,172.80","2,159.70","-","0.16%"
"07/27/2016","2,166.60","2,169.80","2,175.00","2,159.10","-","-0.12%"
"07/26/2016","2,169.20","2,169.00","2,173.50","2,160.20","-","0.03%"
"07/25/2016","2,168.50","2,173.70","2,173.70","2,161.90","-","-0.30%"
"07/22/2016","2,175.00","2,166.50","2,175.10","2,163.20","-","0.45%"
"07/21/2016","2,165.20","2,172.90","2,174.60","2,159.80","-","-0.36%"
"07/20/2016","2,173.00","2,166.10","2,175.60","2,164.90","-","0.43%"
"07/19/2016","2,163.80","2,163.80","2,164.60","2,159.00","-","-0.14%"
"07/18/2016","2,166.90","2,162.00","2,168.30","2,159.60","-","0.24%"
"07/15/2016","2,161.70","2,165.10","2,169.10","2,155.80","-","-0.10%"
"07/14/2016","2,163.80","2,157.90","2,169.00","2,157.90","-","0.53%"
"07/13/2016","2,152.40","2,153.80","2,156.40","2,146.20","-","0.01%"
"07/12/2016","2,152.10","2,139.50","2,155.40","2,139.50","-","0.70%"
"07/11/2016","2,137.20","2,131.70","2,143.20","2,131.70","-","0.34%"
"07/08/2016","2,129.90","2,107.00","2,131.70","2,107.00","-","1.53%"
"07/07/2016","2,097.90","2,100.40","2,109.10","2,089.40","-","-0.09%"
"07/06/2016","2,099.70","2,084.40","2,100.70","2,074.00","-","0.53%"
"07/05/2016","2,088.60","2,095.10","2,095.10","2,080.90","-","-0.68%"
"07/01/2016","2,102.90","2,099.30","2,108.70","2,097.90","-","0.19%"
"06/30/2016","2,098.90","2,073.20","2,098.90","2,070.00","-","1.36%"
"06/29/2016","2,070.80","2,042.70","2,073.10","2,042.70","-","1.70%"
"06/28/2016","2,036.10","2,006.70","2,036.10","2,006.70","-","1.78%"
"06/27/2016","2,000.50","2,031.50","2,031.50","1,991.70","-","-1.81%"
"06/24/2016","2,037.40","2,103.80","2,103.80","2,032.60","-","-3.59%"
"06/23/2016","2,113.30","2,092.80","2,113.30","2,092.80","-","1.34%"
"06/22/2016","2,085.40","2,089.80","2,099.70","2,084.40","-","-0.17%"
"06/21/2016","2,088.90","2,085.20","2,093.70","2,083.00","-","0.27%"
"06/20/2016","2,083.20","2,075.60","2,100.70","2,075.60","-","0.58%"
"06/17/2016","2,071.20","2,078.20","2,078.20","2,062.80","-","-0.33%"
"06/16/2016","2,078.00","2,066.40","2,079.60","2,050.40","-","0.31%"
"06/15/2016","2,071.50","2,077.60","2,085.70","2,069.80","-","-0.18%"
"06/14/2016","2,075.30","2,076.70","2,081.30","2,064.10","-","-0.18%"
"06/13/2016","2,079.10","2,091.80","2,098.10","2,078.50","-","-0.81%"
"06/10/2016","2,096.10","2,109.60","2,109.60","2,090.00","-","-0.92%"
"06/09/2016","2,115.50","2,115.70","2,117.60","2,107.70","-","-0.17%"
"06/08/2016","2,119.10","2,112.70","2,120.60","2,112.70","-","0.33%"
"06/07/2016","2,112.10","2,110.20","2,119.20","2,110.20","-","0.13%"
"06/06/2016","2,109.40","2,100.80","2,113.40","2,100.80","-","0.49%"
"06/03/2016","2,099.10","2,104.10","2,104.10","2,085.40","-","-0.29%"
"06/02/2016","2,105.30","2,097.70","2,105.30","2,088.60","-","0.29%"
"06/01/2016","2,099.30","2,093.90","2,101.00","2,085.10","-","0.11%"
"05/31/2016","2,097.00","2,100.10","2,103.50","2,088.70","-","-0.10%"
"05/27/2016","2,099.10","2,090.10","2,099.10","2,090.10","-","0.43%"
"05/26/2016","2,090.10","2,091.40","2,094.30","2,087.10","-","-0.02%"
"05/25/2016","2,090.50","2,078.90","2,094.70","2,078.90","-","0.69%"
"05/24/2016","2,076.10","2,052.70","2,079.70","2,052.70","-","1.37%"
"05/23/2016","2,048.00","2,052.20","2,055.60","2,047.30","-","-0.21%"
"05/20/2016","2,052.30","2,041.90","2,058.30","2,041.90","-","0.60%"
"05/19/2016","2,040.00","2,044.20","2,044.20","2,025.90","-","-0.37%"
"05/18/2016","2,047.60","2,044.40","2,060.60","2,034.50","-","0.02%"
"05/17/2016","2,047.20","2,065.00","2,065.70","2,040.80","-","-0.94%"
"05/16/2016","2,066.70","2,046.50","2,071.90","2,046.50","-","0.98%"
"05/13/2016","2,046.60","2,062.50","2,066.80","2,043.10","-","-0.85%"
"05/12/2016","2,064.10","2,067.20","2,074.00","2,053.10","-","-0.02%"
"05/11/2016","2,064.50","2,083.30","2,083.30","2,064.50","-","-0.95%"
"05/10/2016","2,084.40","2,062.60","2,084.90","2,062.60","-","1.25%"
"05/09/2016","2,058.70","2,057.60","2,064.20","2,054.30","-","0.08%"
"05/06/2016","2,057.10","2,047.80","2,057.70","2,039.50","-","0.32%"
"05/05/2016","2,050.60","2,052.90","2,060.20","2,045.80","-","-0.02%"
"05/04/2016","2,051.10","2,060.30","2,060.30","2,045.50","-","-0.60%"
"05/03/2016","2,063.40","2,077.20","2,077.20","2,054.90","-","-0.86%"
"05/02/2016","2,081.40","2,067.20","2,083.40","2,066.10","-","0.78%"
"04/29/2016","2,065.30","2,071.80","2,073.80","2,052.30","-","-0.51%"
"04/28/2016","2,075.80","2,090.90","2,099.30","2,071.60","-","-0.93%"
"04/27/2016","2,095.20","2,092.30","2,099.90","2,082.30","-","0.17%"
"04/26/2016","2,091.70","2,089.80","2,096.90","2,085.80","-","0.19%"
"04/25/2016","2,087.80","2,089.40","2,089.40","2,077.50","-","-0.18%"
"04/22/2016","2,091.60","2,091.50","2,094.30","2,081.20","-","0.00%"
"04/21/2016","2,091.50","2,102.10","2,103.80","2,088.50","-","-0.52%"
"04/20/2016","2,102.40","2,101.50","2,111.10","2,096.30","-","0.08%"
"04/19/2016","2,100.80","2,096.10","2,104.10","2,091.70","-","0.31%"
"04/18/2016","2,094.30","2,078.80","2,094.70","2,073.70","-","0.65%"
"04/15/2016","2,080.70","2,083.10","2,083.20","2,076.30","-","-0.10%"
"04/14/2016","2,082.80","2,082.90","2,087.80","2,078.10","-","0.02%"
"04/13/2016","2,082.40","2,065.90","2,083.20","2,065.90","-","1.00%"
"04/12/2016","2,061.70","2,043.70","2,065.10","2,039.70","-","0.96%"
"04/11/2016","2,042.00","2,050.20","2,062.90","2,041.90","-","-0.27%"
"04/08/2016","2,047.60","2,045.50","2,060.60","2,041.70","-","0.28%"
"04/07/2016","2,041.90","2,063.00","2,063.00","2,033.80","-","-1.20%"
"04/06/2016","2,066.70","2,045.60","2,067.30","2,043.10","-","1.05%"
"04/05/2016","2,045.20","2,062.50","2,062.50","2,042.60","-","-1.01%"
"04/04/2016","2,066.10","2,073.20","2,074.00","2,062.60","-","-0.32%"
"04/01/2016","2,072.80","2,056.60","2,075.10","2,044.00","-","0.64%"
"03/31/2016","2,059.70","2,063.80","2,067.90","2,057.50","-","-0.20%"
"03/30/2016","2,063.90","2,058.30","2,072.20","2,058.30","-","0.43%"
"03/29/2016","2,055.00","2,035.80","2,055.90","2,028.30","-","0.88%"
"03/28/2016","2,037.00","2,037.90","2,042.70","2,032.00","-","0.05%"
"03/24/2016","2,035.90","2,032.50","2,036.00","2,022.50","-","-0.04%"
"03/23/2016","2,036.70","2,048.60","2,048.60","2,034.90","-","-0.64%"
"03/22/2016","2,049.80","2,048.60","2,056.60","2,040.60","-","-0.09%"
"03/21/2016","2,051.60","2,047.90","2,053.90","2,043.10","-","0.10%"
"03/18/2016","2,049.60","2,041.20","2,052.40","2,041.20","-","0.44%"
"03/17/2016","2,040.60","2,026.90","2,046.20","2,022.20","-","0.66%"
"03/16/2016","2,027.20","2,014.20","2,032.00","2,010.00","-","0.56%"
"03/15/2016","2,015.90","2,015.30","2,015.90","2,005.20","-","-0.18%"
"03/14/2016","2,019.60","2,019.30","2,024.60","2,012.00","-","-0.13%"
"03/11/2016","2,022.20","1,994.70","2,022.40","1,994.70","-","1.64%"
"03/10/2016","1,989.60","1,991.00","2,005.10","1,969.20","-","0.02%"
"03/09/2016","1,989.30","1,981.40","1,992.70","1,979.80","-","0.51%"
"03/08/2016","1,979.30","1,996.90","1,996.90","1,977.40","-","-1.12%"
"03/07/2016","2,001.80","1,996.10","2,006.10","1,989.40","-","0.09%"
"03/04/2016","2,000.00","1,994.00","2,009.10","1,986.80","-","0.33%"
"03/03/2016","1,993.40","1,985.60","1,993.70","1,977.40","-","0.35%"
"03/02/2016","1,986.50","1,976.60","1,986.50","1,968.80","-","0.41%"
"03/01/2016","1,978.30","1,937.10","1,978.30","1,937.10","-","2.39%"
"02/29/2016","1,932.20","1,947.10","1,958.30","1,931.80","-","-0.81%"
"02/26/2016","1,948.00","1,955.00","1,963.00","1,945.80","-","-0.19%"
"02/25/2016","1,951.70","1,931.90","1,951.80","1,925.40","-","1.13%"
"02/24/2016","1,929.80","1,917.60","1,932.10","1,891.00","-","0.44%"
"02/23/2016","1,921.30","1,942.40","1,942.40","1,919.40","-","-1.24%"
"02/22/2016","1,945.50","1,924.40","1,946.70","1,924.40","-","1.44%"
"02/19/2016","1,917.80","1,916.70","1,918.80","1,902.20","-","0.00%"
"02/18/2016","1,917.80","1,927.60","1,930.00","1,915.10","-","-0.47%"
"02/17/2016","1,926.80","1,898.80","1,930.70","1,898.80","-","1.65%"
"02/16/2016","1,895.60","1,871.40","1,895.80","1,871.40","-","1.65%"
"02/12/2016","1,864.80","1,833.40","1,864.80","1,833.40","-","1.95%"
"02/11/2016","1,829.10","1,847.00","1,847.00","1,810.10","-","-1.23%"
"02/10/2016","1,851.90","1,857.10","1,881.60","1,850.30","-","-0.02%"
"02/09/2016","1,852.20","1,848.50","1,868.20","1,834.90","-","-0.06%"
"02/08/2016","1,853.40","1,873.20","1,873.20","1,828.50","-","-1.41%"
"02/05/2016","1,880.00","1,913.10","1,913.10","1,872.70","-","-1.85%"
"02/04/2016","1,915.50","1,911.70","1,927.30","1,900.50","-","0.16%"
"02/03/2016","1,912.50","1,907.10","1,918.00","1,872.20","-","0.50%"
"02/02/2016","1,903.00","1,935.30","1,935.30","1,897.30","-","-1.88%"
"02/01/2016","1,939.40","1,936.90","1,947.20","1,920.30","-","-0.04%"
"01/29/2016","1,940.20","1,894.00","1,940.20","1,894.00","-","2.47%"
"01/28/2016","1,893.40","1,885.20","1,903.00","1,873.70","-","0.55%"
"01/27/2016","1,883.00","1,902.50","1,917.00","1,872.70","-","-1.08%"
"01/26/2016","1,903.60","1,878.80","1,906.70","1,878.80","-","1.41%"
"01/25/2016","1,877.10","1,906.30","1,906.30","1,876.00","-","-1.56%"
"01/22/2016","1,906.90","1,877.40","1,908.80","1,877.40","-","2.03%"
"01/21/2016","1,869.00","1,861.50","1,889.80","1,849.00","-","0.52%"
"01/20/2016","1,859.30","1,876.20","1,876.20","1,812.30","-","-1.17%"
"01/19/2016","1,881.30","1,888.70","1,901.40","1,864.60","-","0.05%"
"01/15/2016","1,880.30","1,916.70","1,916.70","1,857.80","-","-2.16%"
"01/14/2016","1,921.80","1,891.70","1,934.50","1,878.90","-","1.67%"
"01/13/2016","1,890.30","1,940.30","1,950.30","1,886.40","-","-2.50%"
"01/12/2016","1,938.70","1,927.80","1,947.40","1,914.30","-","0.78%"
"01/11/2016","1,923.70","1,926.10","1,935.70","1,901.10","-","0.09%"
"01/08/2016","1,922.00","1,946.00","1,960.40","1,918.50","-","-1.09%"
"01/07/2016","1,943.10","1,985.30","1,985.30","1,938.80","-","-2.37%"
"01/06/2016","1,990.30","2,011.70","2,011.70","1,979.00","-","-1.31%"
"01/05/2016","2,016.70","2,013.80","2,021.90","2,004.20","-","0.20%"
"01/04/2016","2,012.70","2,038.20","2,038.20","1,989.70","-","-1.53%"
"12/31/2015","2,043.90","2,060.60","2,062.50","2,043.60","-","-0.95%"
"12/30/2015","2,063.40","2,077.30","2,077.30","2,062.00","-","-0.72%"
"12/29/2015","2,078.40","2,060.50","2,081.60","2,060.50","-","1.06%"
"12/28/2015","2,056.50","2,057.80","2,057.80","2,044.20","-","-0.22%"
"12/24/2015","2,061.00","2,063.50","2,067.40","2,058.70","-","-0.16%"
"12/23/2015","2,064.30","2,042.20","2,064.70","2,042.20","-","1.24%"
"12/22/2015","2,039.00","2,023.20","2,042.70","2,020.50","-","0.88%"
"12/21/2015","2,021.20","2,010.30","2,022.90","2,005.90","-","0.78%"
"12/18/2015","2,005.50","2,040.80","2,040.80","2,005.30","-","-1.78%"
"12/17/2015","2,041.90","2,073.80","2,076.40","2,041.70","-","-1.50%"
"12/16/2015","2,073.10","2,046.50","2,076.70","2,042.40","-","1.45%"
"12/15/2015","2,043.40","2,025.50","2,053.90","2,025.50","-","1.06%"
"12/14/2015","2,021.90","2,013.40","2,022.90","1,993.30","-","0.47%"
"12/11/2015","2,012.40","2,047.30","2,047.30","2,008.80","-","-1.94%"
"12/10/2015","2,052.20","2,047.90","2,067.70","2,045.70","-","0.22%"
"12/09/2015","2,047.60","2,061.20","2,080.30","2,036.50","-","-0.78%"
"12/08/2015","2,063.60","2,073.40","2,073.80","2,052.30","-","-0.65%"
"12/07/2015","2,077.10","2,090.40","2,090.40","2,066.80","-","-0.70%"
"12/04/2015","2,091.70","2,051.20","2,093.80","2,051.20","-","2.05%"
"12/03/2015","2,049.60","2,080.70","2,085.00","2,042.30","-","-1.44%"
"12/02/2015","2,079.50","2,101.70","2,104.30","2,077.10","-","-1.10%"
"12/01/2015","2,102.60","2,082.90","2,103.40","2,082.90","-","1.07%"
"11/30/2015","2,080.40","2,090.90","2,093.80","2,080.40","-","-0.46%"
"11/27/2015","2,090.10","2,088.80","2,093.30","2,084.10","-","0.06%"
"11/25/2015","2,088.90","2,089.30","2,093.00","2,086.30","-","-0.01%"
"11/24/2015","2,089.10","2,084.40","2,094.10","2,070.30","-","0.12%"
"11/23/2015","2,086.60","2,089.40","2,095.60","2,081.40","-","-0.12%"
"11/20/2015","2,089.20","2,082.80","2,097.10","2,082.80","-","0.38%"
"11/19/2015","2,081.20","2,083.70","2,086.70","2,078.80","-","-0.12%"
"11/18/2015","2,083.60","2,052.00","2,085.30","2,052.00","-","1.62%"
"11/17/2015","2,050.40","2,053.70","2,066.70","2,045.90","-","-0.14%"
"11/16/2015","2,053.20","2,022.10","2,053.20","2,019.40","-","1.49%"
"11/13/2015","2,023.00","2,044.60","2,044.60","2,022.00","-","-1.12%"
"11/12/2015","2,046.00","2,072.30","2,072.30","2,045.70","-","-1.40%"
"11/11/2015","2,075.00","2,083.40","2,086.90","2,074.80","-","-0.32%"
"11/10/2015","2,081.70","2,077.20","2,083.70","2,069.90","-","0.15%"
"11/09/2015","2,078.60","2,096.60","2,096.60","2,068.20","-","-0.98%"
"11/06/2015","2,099.20","2,098.60","2,101.90","2,083.70","-","-0.03%"
"11/05/2015","2,099.90","2,101.70","2,108.80","2,090.40","-","-0.11%"
"11/04/2015","2,102.30","2,110.60","2,114.60","2,097.00","-","-0.36%"
"11/03/2015","2,109.80","2,102.60","2,116.50","2,097.50","-","0.27%"
"11/02/2015","2,104.10","2,080.80","2,106.20","2,080.80","-","1.19%"
"10/30/2015","2,079.40","2,090.00","2,094.30","2,079.30","-","-0.48%"
"10/29/2015","2,089.40","2,088.30","2,092.50","2,082.60","-","-0.04%"
"10/28/2015","2,090.30","2,066.50","2,090.30","2,063.10","-","1.18%"
"10/27/2015","2,065.90","2,068.80","2,070.40","2,058.80","-","-0.26%"
"10/26/2015","2,071.20","2,075.10","2,075.10","2,066.50","-","-0.19%"
"10/23/2015","2,075.20","2,058.20","2,079.70","2,058.20","-","1.11%"
"10/22/2015","2,052.50","2,021.90","2,055.20","2,021.90","-","1.66%"
"10/21/2015","2,018.90","2,033.50","2,038.00","2,017.20","-","-0.59%"
"10/20/2015","2,030.80","2,033.10","2,039.10","2,026.60","-","-0.14%"
"10/19/2015","2,033.70","2,031.70","2,034.50","2,022.30","-","0.03%"
"10/16/2015","2,033.10","2,024.40","2,033.50","2,020.50","-","0.45%"
"10/15/2015","2,023.90","1,996.50","2,024.20","1,996.50","-","1.49%"
"10/14/2015","1,994.20","2,003.70","2,009.60","1,990.70","-","-0.47%"
"10/13/2015","2,003.70","2,015.00","2,022.30","2,001.80","-","-0.68%"
"10/12/2015","2,017.50","2,015.70","2,018.70","2,010.50","-","0.13%"
"10/09/2015","2,014.90","2,013.70","2,020.10","2,007.60","-","0.07%"
"10/08/2015","2,013.40","1,994.00","2,016.50","1,987.50","-","0.88%"
"10/07/2015","1,995.80","1,982.30","1,999.30","1,976.40","-","0.80%"
"10/06/2015","1,979.90","1,986.60","1,991.60","1,972.00","-","-0.36%"
"10/05/2015","1,987.00","1,954.30","1,989.20","1,954.30","-","1.82%"
"10/02/2015","1,951.40","1,921.80","1,951.40","1,893.70","-","1.43%"
"10/01/2015","1,923.80","1,919.70","1,927.20","1,900.70","-","0.20%"
"09/30/2015","1,920.00","1,887.10","1,920.50","1,887.10","-","1.91%"
"09/29/2015","1,884.10","1,881.90","1,899.50","1,871.90","-","0.12%"
"09/28/2015","1,881.80","1,929.20","1,929.20","1,879.20","-","-2.56%"
"09/25/2015","1,931.30","1,935.90","1,952.90","1,921.50","-","-0.05%"
"09/24/2015","1,932.20","1,934.80","1,937.20","1,908.90","-","-0.34%"
"09/23/2015","1,938.80","1,943.20","1,949.50","1,932.60","-","-0.20%"
"09/22/2015","1,942.70","1,961.40","1,961.40","1,929.20","-","-1.24%"
"09/21/2015","1,967.00","1,960.80","1,979.60","1,955.80","-","0.46%"
"09/18/2015","1,958.00","1,989.70","1,989.70","1,953.50","-","-1.62%"
"09/17/2015","1,990.20","1,995.30","2,020.90","1,986.70","-","-0.26%"
"09/16/2015","1,995.30","1,978.00","1,997.30","1,977.90","-","0.87%"
"09/15/2015","1,978.10","1,955.10","1,983.20","1,954.30","-","1.29%"
"09/14/2015","1,953.00","1,963.10","1,963.10","1,948.30","-","-0.41%"
"09/11/2015","1,961.00","1,951.50","1,961.00","1,939.20","-","0.45%"
"09/10/2015","1,952.30","1,941.60","1,965.30","1,937.20","-","0.53%"
"09/09/2015","1,942.00","1,971.50","1,988.60","1,937.90","-","-1.39%"
"09/08/2015","1,969.40","1,927.30","1,970.40","1,927.30","-","2.51%"
"09/04/2015","1,921.20","1,947.80","1,947.80","1,911.20","-","-1.53%"
"09/03/2015","1,951.10","1,950.80","1,975.00","1,944.70","-","0.11%"
"09/02/2015","1,948.90","1,916.50","1,948.90","1,916.50","-","1.83%"
"09/01/2015","1,913.80","1,970.10","1,970.10","1,903.10","-","-2.96%"
"08/31/2015","1,972.20","1,986.70","1,986.70","1,966.00","-","-0.84%"
"08/28/2015","1,988.90","1,986.10","1,993.50","1,975.20","-","0.06%"
"08/27/2015","1,987.70","1,942.80","1,989.60","1,942.80","-","2.43%"
"08/26/2015","1,940.50","1,872.80","1,943.10","1,872.80","-","3.90%"
"08/25/2015","1,867.60","1,898.10","1,948.00","1,867.10","-","-1.35%"
"08/24/2015","1,893.20","1,965.20","1,965.20","1,867.00","-","-3.94%"
"08/21/2015","1,970.90","2,034.10","2,034.10","1,970.90","-","-3.18%"
"08/20/2015","2,035.70","2,076.60","2,076.60","2,035.70","-","-2.11%"
"08/19/2015","2,079.60","2,095.70","2,096.20","2,070.50","-","-0.83%"
"08/18/2015","2,096.90","2,102.00","2,103.50","2,094.10","-","-0.26%"
"08/17/2015","2,102.40","2,089.70","2,102.90","2,079.30","-","0.52%"
"08/14/2015","2,091.50","2,083.20","2,092.40","2,080.60","-","0.39%"
"08/13/2015","2,083.40","2,086.20","2,092.90","2,078.30","-","-0.13%"
"08/12/2015","2,086.10","2,081.10","2,089.10","2,052.10","-","0.10%"
"08/11/2015","2,084.10","2,102.70","2,102.70","2,076.50","-","-0.96%"
"08/10/2015","2,104.20","2,081.00","2,105.30","2,081.00","-","1.28%"
"08/07/2015","2,077.60","2,082.60","2,082.60","2,067.90","-","-0.29%"
"08/06/2015","2,083.60","2,100.80","2,103.30","2,075.50","-","-0.77%"
"08/05/2015","2,099.80","2,095.30","2,112.70","2,095.30","-","0.31%"
"08/04/2015","2,093.30","2,097.70","2,102.50","2,088.60","-","-0.22%"
"08/03/2015","2,098.00","2,104.50","2,105.70","2,087.30","-","-0.28%"
"07/31/2015","2,103.80","2,111.60","2,114.20","2,102.10","-","-0.23%"
"07/30/2015","2,108.60","2,106.80","2,110.50","2,095.00","-","0.00%"
"07/29/2015","2,108.60","2,094.70","2,110.60","2,094.10","-","0.74%"
"07/28/2015","2,093.20","2,070.80","2,095.60","2,069.10","-","1.24%"
"07/27/2015","2,067.60","2,078.20","2,078.20","2,063.50","-","-0.58%"
"07/24/2015","2,079.70","2,102.20","2,106.00","2,077.10","-","-1.07%"
"07/23/2015","2,102.20","2,114.20","2,116.90","2,098.60","-","-0.57%"
"07/22/2015","2,114.20","2,118.20","2,118.50","2,110.00","-","-0.24%"
"07/21/2015","2,119.20","2,127.60","2,128.50","2,115.40","-","-0.43%"
"07/20/2015","2,128.30","2,126.80","2,132.80","2,123.70","-","0.08%"
"07/17/2015","2,126.60","2,126.80","2,128.90","2,119.90","-","0.11%"
"07/16/2015","2,124.30","2,110.60","2,124.40","2,110.60","-","0.80%"
"07/15/2015","2,107.40","2,109.00","2,114.10","2,102.50","-","-0.07%"
"07/14/2015","2,108.90","2,099.70","2,112.00","2,098.20","-","0.44%"
"07/13/2015","2,099.60","2,080.00","2,100.70","2,080.00","-","1.11%"
"07/10/2015","2,076.60","2,052.70","2,081.30","2,052.70","-","1.23%"
"07/09/2015","2,051.30","2,049.70","2,074.30","2,049.70","-","0.22%"
"07/08/2015","2,046.70","2,077.70","2,077.70","2,044.70","-","-1.66%"
"07/07/2015","2,081.30","2,069.50","2,083.70","2,044.00","-","0.60%"
"07/06/2015","2,068.80","2,073.90","2,078.60","2,058.40","-","-0.39%"
"07/02/2015","2,076.80","2,078.00","2,085.10","2,071.00","-","-0.03%"
"07/01/2015","2,077.40","2,067.00","2,082.80","2,067.00","-","0.69%"
"06/30/2015","2,063.10","2,061.20","2,074.30","2,056.30","-","0.27%"
"06/29/2015","2,057.60","2,098.60","2,098.60","2,056.60","-","-2.09%"
"06/26/2015","2,101.50","2,102.60","2,108.90","2,095.40","-","-0.04%"
"06/25/2015","2,102.30","2,110.00","2,116.00","2,101.80","-","-0.30%"
"06/24/2015","2,108.60","2,123.70","2,125.10","2,108.60","-","-0.73%"
"06/23/2015","2,124.20","2,123.20","2,128.00","2,119.90","-","0.07%"
"06/22/2015","2,122.80","2,112.50","2,129.90","2,112.50","-","0.61%"
"06/19/2015","2,110.00","2,121.10","2,121.60","2,109.40","-","-0.53%"
"06/18/2015","2,121.20","2,101.60","2,126.70","2,101.60","-","0.99%"
"06/17/2015","2,100.40","2,097.40","2,106.80","2,088.90","-","0.20%"
"06/16/2015","2,096.30","2,084.30","2,097.40","2,082.10","-","0.57%"
"06/15/2015","2,084.40","2,091.30","2,091.30","2,072.50","-","-0.46%"
"06/12/2015","2,094.10","2,107.40","2,107.40","2,091.30","-","-0.70%"
"06/11/2015","2,108.90","2,106.20","2,115.00","2,106.20","-","0.18%"
"06/10/2015","2,105.20","2,081.10","2,108.50","2,081.10","-","1.20%"
"06/09/2015","2,080.20","2,079.10","2,085.60","2,072.10","-","0.04%"
"06/08/2015","2,079.30","2,092.30","2,093.00","2,079.10","-","-0.65%"
"06/05/2015","2,092.80","2,095.10","2,101.00","2,085.70","-","-0.14%"
"06/04/2015","2,095.80","2,112.30","2,112.90","2,093.20","-","-0.87%"
"06/03/2015","2,114.10","2,110.60","2,121.90","2,109.60","-","0.21%"
"06/02/2015","2,109.60","2,110.40","2,117.60","2,099.10","-","-0.10%"
"06/01/2015","2,111.70","2,108.60","2,119.20","2,102.50","-","0.20%"
"05/29/2015","2,107.40","2,120.70","2,120.70","2,104.90","-","-0.63%"
"05/28/2015","2,120.80","2,122.30","2,122.30","2,112.90","-","-0.13%"
"05/27/2015","2,123.50","2,105.10","2,126.20","2,105.10","-","0.92%"
"05/26/2015","2,104.20","2,125.30","2,125.30","2,099.20","-","-1.03%"
"05/22/2015","2,126.10","2,130.40","2,132.20","2,126.10","-","-0.22%"
"05/21/2015","2,130.80","2,125.60","2,134.30","2,122.90","-","0.24%"
"05/20/2015","2,125.80","2,127.80","2,134.70","2,122.60","-","-0.09%"
"05/19/2015","2,127.80","2,129.40","2,133.00","2,124.50","-","-0.07%"
"05/18/2015","2,129.20","2,121.30","2,131.80","2,120.00","-","0.31%"
"05/15/2015","2,122.70","2,122.10","2,123.90","2,116.80","-","0.08%"
"05/14/2015","2,121.10","2,100.40","2,121.40","2,100.40","-","1.08%"
"05/13/2015","2,098.50","2,099.60","2,110.20","2,096.00","-","-0.03%"
"05/12/2015","2,099.10","2,102.90","2,105.10","2,085.60","-","-0.29%"
"05/11/2015","2,105.30","2,115.60","2,117.70","2,104.60","-","-0.51%"
"05/08/2015","2,116.10","2,092.10","2,117.70","2,092.10","-","1.35%"
"05/07/2015","2,088.00","2,080.00","2,092.90","2,075.00","-","0.37%"
"05/06/2015","2,080.20","2,091.30","2,098.40","2,067.90","-","-0.45%"
"05/05/2015","2,089.50","2,112.60","2,115.20","2,088.50","-","-1.18%"
"05/04/2015","2,114.50","2,110.20","2,120.90","2,110.20","-","0.29%"
"05/01/2015","2,108.30","2,087.40","2,108.40","2,087.40","-","1.09%"
"04/30/2015","2,085.50","2,105.50","2,105.50","2,077.60","-","-1.01%"
"04/29/2015","2,106.80","2,112.50","2,113.70","2,097.40","-","-0.38%"
"04/28/2015","2,114.80","2,108.30","2,116.10","2,094.90","-","0.28%"
"04/27/2015","2,108.90","2,119.30","2,125.90","2,107.00","-","-0.42%"
"04/24/2015","2,117.70","2,112.80","2,120.90","2,112.80","-","0.23%"
"04/23/2015","2,112.90","2,107.20","2,120.50","2,103.20","-","0.23%"
"04/22/2015","2,108.00","2,098.30","2,110.00","2,091.10","-","0.51%"
"04/21/2015","2,097.30","2,102.80","2,109.60","2,094.40","-","-0.15%"
"04/20/2015","2,100.40","2,084.10","2,103.90","2,084.10","-","0.92%"
"04/17/2015","2,081.20","2,102.60","2,102.60","2,072.40","-","-1.13%"
"04/16/2015","2,105.00","2,106.00","2,111.30","2,100.00","-","-0.08%"
"04/15/2015","2,106.60","2,097.80","2,111.90","2,097.80","-","0.52%"
"04/14/2015","2,095.80","2,092.30","2,098.60","2,083.20","-","0.16%"
"04/13/2015","2,092.40","2,102.00","2,107.70","2,092.30","-","-0.46%"
"04/10/2015","2,102.10","2,091.50","2,102.60","2,091.50","-","0.52%"
"04/09/2015","2,091.20","2,081.30","2,093.30","2,074.30","-","0.45%"
"04/08/2015","2,081.90","2,076.90","2,086.70","2,073.30","-","0.27%"
"04/07/2015","2,076.30","2,080.80","2,089.80","2,076.10","-","-0.21%"
"04/06/2015","2,080.60","2,064.90","2,087.00","2,056.50","-","0.66%"
"04/02/2015","2,067.00","2,060.00","2,072.20","2,057.30","-","0.35%"
"04/01/2015","2,059.70","2,067.60","2,067.60","2,048.40","-","-0.40%"
"03/31/2015","2,067.90","2,084.10","2,084.10","2,067.00","-","-0.88%"
"03/30/2015","2,086.20","2,064.10","2,089.00","2,064.10","-","1.22%"
"03/27/2015","2,061.00","2,055.80","2,062.80","2,053.00","-","0.23%"
"03/26/2015","2,056.20","2,059.90","2,067.20","2,045.50","-","-0.24%"
"03/25/2015","2,061.10","2,093.10","2,097.40","2,061.10","-","-1.45%"
"03/24/2015","2,091.50","2,103.90","2,107.60","2,091.50","-","-0.61%"
"03/23/2015","2,104.40","2,108.00","2,114.90","2,104.40","-","-0.18%"
"03/20/2015","2,108.10","2,090.30","2,113.90","2,090.30","-","0.90%"
"03/19/2015","2,089.30","2,098.70","2,098.70","2,085.60","-","-0.49%"
"03/18/2015","2,099.50","2,072.80","2,106.80","2,061.20","-","1.21%"
"03/17/2015","2,074.30","2,080.60","2,080.60","2,065.10","-","-0.33%"
"03/16/2015","2,081.20","2,055.30","2,081.40","2,055.30","-","1.35%"
"03/13/2015","2,053.40","2,064.60","2,064.60","2,041.20","-","-0.61%"
"03/12/2015","2,065.90","2,041.10","2,066.40","2,041.10","-","1.26%"
"03/11/2015","2,040.20","2,044.70","2,050.10","2,039.70","-","-0.20%"
"03/10/2015","2,044.20","2,076.10","2,076.10","2,044.20","-","-1.69%"
"03/09/2015","2,079.40","2,072.20","2,083.50","2,072.20","-","0.39%"
"03/06/2015","2,071.30","2,100.90","2,100.90","2,067.30","-","-1.41%"
"03/05/2015","2,101.00","2,098.50","2,104.20","2,095.20","-","0.12%"
"03/04/2015","2,098.50","2,107.70","2,107.70","2,087.60","-","-0.44%"
"03/03/2015","2,107.80","2,115.80","2,115.80","2,098.30","-","-0.45%"
"03/02/2015","2,117.40","2,105.20","2,117.50","2,104.50","-","0.61%"
"02/27/2015","2,104.50","2,110.90","2,112.70","2,103.80","-","-0.29%"
"02/26/2015","2,110.70","2,113.90","2,113.90","2,103.80","-","-0.15%"
"02/25/2015","2,113.90","2,115.30","2,119.60","2,109.90","-","-0.08%"
"02/24/2015","2,115.50","2,109.10","2,117.90","2,105.90","-","0.27%"
"02/23/2015","2,109.70","2,109.80","2,110.10","2,103.00","-","-0.03%"
"02/20/2015","2,110.30","2,097.70","2,110.60","2,085.40","-","0.62%"
"02/19/2015","2,097.40","2,099.20","2,102.10","2,090.80","-","-0.11%"
"02/18/2015","2,099.70","2,099.20","2,100.20","2,092.20","-","-0.03%"
"02/17/2015","2,100.30","2,096.50","2,101.30","2,089.80","-","0.16%"
"02/13/2015","2,097.00","2,088.80","2,097.00","2,086.70","-","0.41%"
"02/12/2015","2,088.50","2,070.00","2,088.50","2,070.00","-","0.97%"
"02/11/2015","2,068.50","2,068.60","2,073.50","2,058.00","-","-0.00%"
"02/10/2015","2,068.60","2,049.40","2,070.90","2,048.60","-","1.07%"
"02/09/2015","2,046.70","2,053.50","2,056.20","2,041.90","-","-0.43%"
"02/06/2015","2,055.50","2,062.30","2,072.40","2,050.00","-","-0.34%"
"02/05/2015","2,062.50","2,043.50","2,063.60","2,043.50","-","1.03%"
"02/04/2015","2,041.50","2,048.90","2,054.70","2,036.70","-","-0.41%"
"02/03/2015","2,050.00","2,022.70","2,050.30","2,022.70","-","1.44%"
"02/02/2015","2,020.80","1,996.70","2,021.70","1,980.90","-","1.29%"
"01/30/2015","1,995.00","2,019.30","2,023.30","1,993.40","-","-1.30%"
"01/29/2015","2,021.20","2,002.50","2,024.60","1,989.20","-","0.95%"
"01/28/2015","2,002.20","2,032.30","2,042.50","2,001.50","-","-1.35%"
"01/27/2015","2,029.50","2,047.90","2,047.90","2,019.90","-","-1.34%"
"01/26/2015","2,057.10","2,050.40","2,057.60","2,041.00","-","0.26%"
"01/23/2015","2,051.80","2,063.00","2,063.00","2,050.50","-","-0.55%"
"01/22/2015","2,063.20","2,034.30","2,064.60","2,026.40","-","1.53%"
"01/21/2015","2,032.10","2,020.20","2,038.30","2,012.00","-","0.47%"
"01/20/2015","2,022.50","2,020.80","2,028.90","2,004.50","-","0.15%"
"01/16/2015","2,019.40","1,992.20","2,020.50","1,988.10","-","1.34%"
"01/15/2015","1,992.70","2,013.80","2,021.30","1,991.50","-","-0.92%"
"01/14/2015","2,011.30","2,018.40","2,018.40","1,988.40","-","-0.58%"
"01/13/2015","2,023.00","2,031.60","2,056.90","2,008.20","-","-0.26%"
"01/12/2015","2,028.30","2,046.10","2,049.30","2,022.60","-","-0.81%"
"01/09/2015","2,044.80","2,063.40","2,064.40","2,038.30","-","-0.84%"
"01/08/2015","2,062.10","2,030.60","2,064.10","2,030.60","-","1.79%"
"01/07/2015","2,025.90","2,005.50","2,029.60","2,005.50","-","1.16%"
"01/06/2015","2,002.60","2,022.20","2,030.20","1,992.40","-","-0.89%"
"01/05/2015","2,020.60","2,054.40","2,054.40","2,017.30","-","-1.83%"
"01/02/2015","2,058.20","2,058.90","2,072.40","2,046.00","-","-0.03%"
"12/31/2014","2,058.90","2,082.10","2,085.60","2,057.90","-","-1.03%"
"12/30/2014","2,080.30","2,088.50","2,088.50","2,079.50","-","-0.49%"
"12/29/2014","2,090.60","2,087.60","2,093.60","2,085.80","-","0.09%"
"12/26/2014","2,088.80","2,084.30","2,092.70","2,084.30","-","0.33%"
"12/24/2014","2,081.90","2,083.20","2,087.60","2,081.90","-","-0.01%"
"12/23/2014","2,082.20","2,081.50","2,086.70","2,079.80","-","0.18%"
"12/22/2014","2,078.50","2,069.30","2,078.80","2,069.30","-","0.38%"
"12/19/2014","2,070.70","2,061.00","2,077.80","2,061.00","-","0.46%"
"12/18/2014","2,061.20","2,019.00","2,061.20","2,019.00","-","2.40%"
"12/17/2014","2,012.90","1,973.80","2,016.80","1,973.80","-","2.04%"
"12/16/2014","1,972.70","1,986.70","2,016.90","1,972.60","-","-0.85%"
"12/15/2014","1,989.60","2,005.00","2,018.70","1,982.30","-","-0.63%"
"12/12/2014","2,002.30","2,030.40","2,032.20","2,002.30","-","-1.62%"
"12/11/2014","2,035.30","2,027.90","2,055.50","2,027.90","-","0.45%"
"12/10/2014","2,026.10","2,058.90","2,058.90","2,024.30","-","-1.64%"
"12/09/2014","2,059.80","2,056.60","2,060.60","2,034.20","-","-0.02%"
"12/08/2014","2,060.30","2,074.80","2,075.80","2,054.30","-","-0.73%"
"12/05/2014","2,075.40","2,072.80","2,079.50","2,070.80","-","0.17%"
"12/04/2014","2,071.90","2,073.60","2,077.30","2,062.30","-","-0.12%"
"12/03/2014","2,074.30","2,067.40","2,076.30","2,066.70","-","0.37%"
"12/02/2014","2,066.60","2,053.80","2,068.80","2,053.80","-","0.64%"
"12/01/2014","2,053.40","2,065.80","2,065.80","2,049.60","-","-0.69%"
"11/28/2014","2,067.60","2,074.80","2,075.80","2,065.10","-","-0.25%"
"11/26/2014","2,072.80","2,067.40","2,073.30","2,066.60","-","0.28%"
"11/25/2014","2,067.00","2,070.20","2,074.20","2,064.80","-","-0.12%"
"11/24/2014","2,069.40","2,065.10","2,070.20","2,065.10","-","0.29%"
"11/21/2014","2,063.50","2,057.50","2,071.50","2,056.80","-","0.52%"
"11/20/2014","2,052.80","2,045.90","2,053.80","2,040.50","-","0.20%"
"11/19/2014","2,048.70","2,051.20","2,052.10","2,040.40","-","-0.15%"
"11/18/2014","2,051.80","2,041.50","2,056.10","2,041.50","-","0.51%"
"11/17/2014","2,041.30","2,038.30","2,043.10","2,034.50","-","0.07%"
"11/14/2014","2,039.80","2,039.70","2,042.20","2,035.20","-","0.02%"
"11/13/2014","2,039.30","2,039.20","2,046.20","2,030.40","-","0.05%"
"11/12/2014","2,038.20","2,037.80","2,040.30","2,032.00","-","-0.07%"
"11/11/2014","2,039.70","2,038.20","2,041.30","2,035.30","-","0.07%"
"11/10/2014","2,038.30","2,032.00","2,038.70","2,030.20","-","0.31%"
"11/07/2014","2,031.90","2,032.40","2,034.30","2,025.10","-","0.03%"
"11/06/2014","2,031.20","2,023.30","2,031.60","2,015.90","-","0.38%"
"11/05/2014","2,023.60","2,015.30","2,023.80","2,014.40","-","0.57%"
"11/04/2014","2,012.10","2,015.80","2,016.00","2,001.00","-","-0.28%"
"11/03/2014","2,017.80","2,018.20","2,024.50","2,013.70","-","-0.01%"
"10/31/2014","2,018.00","2,001.20","2,018.20","2,001.20","-","1.17%"
"10/30/2014","1,994.70","1,979.50","1,999.40","1,974.80","-","0.63%"
"10/29/2014","1,982.30","1,983.30","1,991.40","1,969.00","-","-0.14%"
"10/28/2014","1,985.00","1,964.10","1,985.00","1,964.10","-","1.19%"
"10/27/2014","1,961.60","1,963.00","1,964.60","1,951.40","-","-0.15%"
"10/24/2014","1,964.60","1,951.60","1,965.30","1,946.30","-","0.71%"
"10/23/2014","1,950.80","1,931.00","1,962.00","1,931.00","-","1.23%"
"10/22/2014","1,927.10","1,941.30","1,949.30","1,926.80","-","-0.73%"
"10/21/2014","1,941.30","1,909.40","1,942.50","1,909.40","-","1.96%"
"10/20/2014","1,904.00","1,885.60","1,905.00","1,882.30","-","0.91%"
"10/17/2014","1,886.80","1,864.90","1,898.20","1,864.90","-","1.29%"
"10/16/2014","1,862.80","1,856.00","1,876.00","1,835.00","-","0.02%"
"10/15/2014","1,862.50","1,874.20","1,874.20","1,820.70","-","-0.81%"
"10/14/2014","1,877.70","1,877.10","1,898.70","1,871.80","-","0.16%"
"10/13/2014","1,874.70","1,905.70","1,912.10","1,874.10","-","-1.65%"
"10/10/2014","1,906.10","1,925.60","1,937.00","1,906.00","-","-1.15%"
"10/09/2014","1,928.20","1,967.70","1,967.70","1,927.60","-","-2.07%"
"10/08/2014","1,968.90","1,935.50","1,970.40","1,925.20","-","1.75%"
"10/07/2014","1,935.10","1,962.40","1,962.40","1,934.90","-","-1.51%"
"10/06/2014","1,964.80","1,970.00","1,977.80","1,958.40","-","-0.16%"
"10/03/2014","1,967.90","1,948.10","1,971.20","1,948.10","-","1.11%"
"10/02/2014","1,946.20","1,945.80","1,952.30","1,926.00","-","0.00%"
"10/01/2014","1,946.20","1,971.40","1,971.40","1,941.70","-","-1.32%"
"09/30/2014","1,972.30","1,978.20","1,985.20","1,969.00","-","-0.28%"
"09/29/2014","1,977.80","1,979.00","1,981.30","1,964.00","-","-0.25%"
"09/26/2014","1,982.80","1,966.20","1,986.40","1,966.20","-","0.85%"
"09/25/2014","1,966.00","1,997.30","1,997.30","1,966.00","-","-1.62%"
"09/24/2014","1,998.30","1,983.30","1,999.80","1,978.60","-","0.78%"
"09/23/2014","1,982.80","1,992.80","1,995.40","1,982.80","-","-0.58%"
"09/22/2014","1,994.30","2,009.10","2,009.10","1,991.00","-","-0.80%"
"09/19/2014","2,010.40","2,012.70","2,019.30","2,006.60","-","-0.05%"
"09/18/2014","2,011.40","2,003.10","2,012.30","2,003.10","-","0.49%"
"09/17/2014","2,001.60","1,999.30","2,010.70","1,993.30","-","0.13%"
"09/16/2014","1,999.00","1,981.90","2,002.30","1,979.10","-","0.75%"
"09/15/2014","1,984.10","1,986.00","1,987.20","1,978.50","-","-0.07%"
"09/12/2014","1,985.50","1,996.70","1,996.70","1,980.30","-","-0.60%"
"09/11/2014","1,997.50","1,992.80","1,997.70","1,985.90","-","0.09%"
"09/10/2014","1,995.70","1,988.40","1,996.70","1,983.00","-","0.37%"
"09/09/2014","1,988.40","2,000.70","2,001.00","1,984.60","-","-0.65%"
"09/08/2014","2,001.50","2,007.20","2,007.20","1,995.60","-","-0.31%"
"09/05/2014","2,007.70","1,998.00","2,007.70","1,990.10","-","0.50%"
"09/04/2014","1,997.70","2,001.70","2,011.20","1,992.50","-","-0.15%"
"09/03/2014","2,000.70","2,003.60","2,009.30","1,998.10","-","-0.08%"
"09/02/2014","2,002.30","2,004.10","2,006.10","1,994.80","-","-0.05%"
"08/29/2014","2,003.40","1,998.50","2,003.40","1,994.70","-","0.34%"
"08/28/2014","1,996.70","1,997.40","1,998.50","1,990.50","-","-0.17%"
"08/27/2014","2,000.10","2,000.50","2,002.10","1,996.20","-","0.00%"
"08/26/2014","2,000.00","1,998.60","2,005.00","1,998.60","-","0.11%"
"08/25/2014","1,997.90","1,991.70","2,002.00","1,991.70","-","0.48%"
"08/22/2014","1,988.40","1,992.60","1,993.50","1,984.80","-","-0.20%"
"08/21/2014","1,992.40","1,986.80","1,994.80","1,986.80","-","0.30%"
"08/20/2014","1,986.50","1,980.50","1,988.60","1,977.70","-","0.25%"
"08/19/2014","1,981.60","1,972.70","1,982.60","1,972.70","-","0.50%"
"08/18/2014","1,971.70","1,958.40","1,972.00","1,958.40","-","0.85%"
"08/15/2014","1,955.10","1,958.90","1,964.00","1,941.50","-","-0.01%"
"08/14/2014","1,955.20","1,947.40","1,955.20","1,947.40","-","0.44%"
"08/13/2014","1,946.70","1,935.60","1,948.40","1,935.60","-","0.67%"
"08/12/2014","1,933.80","1,935.70","1,939.70","1,928.30","-","-0.16%"
"08/11/2014","1,936.90","1,933.40","1,944.90","1,933.40","-","0.27%"
"08/08/2014","1,931.60","1,910.30","1,932.40","1,909.00","-","1.15%"
"08/07/2014","1,909.60","1,923.00","1,928.90","1,904.80","-","-0.55%"
"08/06/2014","1,920.20","1,917.30","1,927.90","1,911.50","-","0.00%"
"08/05/2014","1,920.20","1,936.30","1,936.30","1,913.80","-","-0.97%"
"08/04/2014","1,939.00","1,926.60","1,942.90","1,921.20","-","0.72%"
"08/01/2014","1,925.20","1,929.80","1,937.30","1,916.40","-","-0.28%"
"07/31/2014","1,930.70","1,965.10","1,965.10","1,930.70","-","-2.00%"
"07/30/2014","1,970.10","1,973.20","1,978.90","1,962.40","-","0.01%"
"07/29/2014","1,970.00","1,980.00","1,984.80","1,970.00","-","-0.45%"
"07/28/2014","1,978.90","1,978.20","1,981.50","1,967.30","-","0.03%"
"07/25/2014","1,978.30","1,984.60","1,984.60","1,974.40","-","-0.49%"
"07/24/2014","1,988.00","1,988.10","1,991.40","1,985.80","-","0.05%"
"07/23/2014","1,987.00","1,985.30","1,989.20","1,982.40","-","0.18%"
"07/22/2014","1,983.50","1,975.70","1,986.20","1,975.70","-","0.50%"
"07/21/2014","1,973.60","1,976.90","1,976.90","1,965.80","-","-0.23%"
"07/18/2014","1,978.20","1,961.50","1,979.90","1,960.80","-","1.03%"
"07/17/2014","1,958.10","1,979.80","1,981.80","1,955.60","-","-1.19%"
"07/16/2014","1,981.60","1,976.30","1,983.90","1,975.70","-","0.42%"
"07/15/2014","1,973.30","1,977.40","1,982.50","1,965.30","-","-0.19%"
"07/14/2014","1,977.10","1,969.90","1,979.80","1,969.90","-","0.48%"
"07/11/2014","1,967.60","1,965.80","1,968.70","1,959.60","-","0.15%"
"07/10/2014","1,964.70","1,966.70","1,969.80","1,952.90","-","-0.41%"
"07/09/2014","1,972.80","1,965.10","1,974.20","1,965.10","-","0.46%"
"07/08/2014","1,963.70","1,976.40","1,976.40","1,959.50","-","-0.71%"
"07/07/2014","1,977.70","1,984.20","1,984.20","1,974.90","-","-0.39%"
"07/03/2014","1,985.40","1,975.90","1,985.60","1,975.90","-","0.55%"
"07/02/2014","1,974.60","1,973.10","1,976.70","1,972.60","-","0.07%"
"07/01/2014","1,973.30","1,962.30","1,978.60","1,962.30","-","0.67%"
"06/30/2014","1,960.20","1,960.80","1,964.20","1,958.20","-","-0.04%"
"06/27/2014","1,961.00","1,956.60","1,961.50","1,952.20","-","0.19%"
"06/26/2014","1,957.20","1,959.90","1,959.90","1,944.70","-","-0.12%"
"06/25/2014","1,959.50","1,949.30","1,960.80","1,947.50","-","0.49%"
"06/24/2014","1,950.00","1,962.00","1,968.20","1,948.30","-","-0.64%"
"06/23/2014","1,962.60","1,962.90","1,963.70","1,958.90","-","-0.02%"
"06/20/2014","1,962.90","1,960.50","1,963.90","1,959.20","-","0.17%"
"06/19/2014","1,959.50","1,957.50","1,959.90","1,952.30","-","0.13%"
"06/18/2014","1,957.00","1,942.70","1,957.70","1,939.30","-","0.77%"
"06/17/2014","1,942.00","1,937.20","1,943.70","1,933.50","-","0.22%"
"06/16/2014","1,937.80","1,934.80","1,941.20","1,930.90","-","0.08%"
"06/13/2014","1,936.20","1,930.80","1,937.30","1,927.70","-","0.32%"
"06/12/2014","1,930.10","1,943.30","1,943.30","1,925.80","-","-0.71%"
"06/11/2014","1,943.90","1,949.40","1,949.40","1,940.10","-","-0.35%"
"06/10/2014","1,950.80","1,950.30","1,950.90","1,944.60","-","-0.03%"
"06/09/2014","1,951.30","1,949.00","1,955.50","1,947.20","-","0.10%"
"06/06/2014","1,949.40","1,942.40","1,949.40","1,942.40","-","0.46%"
"06/05/2014","1,940.50","1,928.50","1,941.70","1,922.90","-","0.65%"
"06/04/2014","1,927.90","1,923.10","1,928.60","1,918.60","-","0.19%"
"06/03/2014","1,924.20","1,923.10","1,925.10","1,918.80","-","-0.04%"
"06/02/2014","1,925.00","1,923.90","1,925.90","1,916.00","-","0.07%"
"05/30/2014","1,923.60","1,920.30","1,924.00","1,916.60","-","0.19%"
"05/29/2014","1,920.00","1,910.60","1,920.00","1,909.80","-","0.53%"
"05/28/2014","1,909.80","1,911.80","1,914.50","1,907.30","-","-0.11%"
"05/27/2014","1,911.90","1,902.00","1,912.30","1,902.00","-","0.60%"
"05/23/2014","1,900.50","1,893.30","1,901.30","1,893.30","-","0.42%"
"05/22/2014","1,892.50","1,888.20","1,896.30","1,885.40","-","0.24%"
"05/21/2014","1,888.00","1,873.30","1,888.80","1,873.30","-","0.81%"
"05/20/2014","1,872.80","1,884.90","1,884.90","1,868.10","-","-0.65%"
"05/19/2014","1,885.10","1,876.70","1,886.00","1,872.40","-","0.38%"
"05/16/2014","1,877.90","1,871.20","1,878.30","1,864.80","-","0.38%"
"05/15/2014","1,870.80","1,888.20","1,888.20","1,862.40","-","-0.94%"
"05/14/2014","1,888.50","1,897.10","1,897.10","1,885.80","-","-0.47%"
"05/13/2014","1,897.50","1,896.80","1,902.20","1,896.10","-","0.04%"
"05/12/2014","1,896.70","1,880.00","1,897.10","1,880.00","-","0.97%"
"05/09/2014","1,878.50","1,875.30","1,878.60","1,867.00","-","0.15%"
"05/08/2014","1,875.60","1,877.40","1,889.10","1,870.00","-","-0.14%"
"05/07/2014","1,878.20","1,868.50","1,878.80","1,859.80","-","0.56%"
"05/06/2014","1,867.70","1,883.70","1,883.70","1,867.70","-","-0.90%"
"05/05/2014","1,884.70","1,879.50","1,885.50","1,866.80","-","0.19%"
"05/02/2014","1,881.10","1,885.30","1,891.30","1,878.50","-","-0.14%"
"05/01/2014","1,883.70","1,884.40","1,888.60","1,878.00","-","-0.02%"
"04/30/2014","1,884.00","1,877.10","1,885.20","1,872.70","-","0.30%"
"04/29/2014","1,878.30","1,870.80","1,880.60","1,870.80","-","0.48%"
"04/28/2014","1,869.40","1,865.00","1,877.00","1,850.60","-","0.32%"
"04/25/2014","1,863.40","1,877.70","1,877.70","1,859.70","-","-0.81%"
"04/24/2014","1,878.60","1,882.00","1,884.10","1,870.20","-","0.17%"
"04/23/2014","1,875.40","1,879.30","1,879.80","1,873.90","-","-0.22%"
"04/22/2014","1,879.50","1,872.60","1,884.90","1,872.60","-","0.41%"
"04/21/2014","1,871.90","1,865.80","1,871.90","1,863.20","-","0.38%"
"04/17/2014","1,864.80","1,861.70","1,869.60","1,856.70","-","0.13%"
"04/16/2014","1,862.30","1,846.00","1,862.30","1,846.00","-","1.05%"
"04/15/2014","1,843.00","1,831.50","1,844.00","1,816.30","-","0.68%"
"04/14/2014","1,830.60","1,818.20","1,834.20","1,815.80","-","0.82%"
"04/11/2014","1,815.70","1,830.70","1,835.10","1,814.40","-","-0.95%"
"04/10/2014","1,833.10","1,872.30","1,872.50","1,830.90","-","-2.09%"
"04/09/2014","1,872.20","1,852.60","1,872.40","1,852.40","-","1.09%"
"04/08/2014","1,852.00","1,845.50","1,855.00","1,837.50","-","0.38%"
"04/07/2014","1,845.00","1,863.90","1,864.00","1,841.50","-","-1.08%"
"04/04/2014","1,865.10","1,890.20","1,897.30","1,863.30","-","-1.25%"
"04/03/2014","1,888.80","1,891.40","1,893.80","1,882.70","-","-0.11%"
"04/02/2014","1,890.90","1,886.60","1,893.20","1,883.80","-","0.29%"
"04/01/2014","1,885.50","1,874.00","1,885.80","1,874.00","-","0.71%"
"03/31/2014","1,872.30","1,859.20","1,875.20","1,859.20","-","0.79%"
"03/28/2014","1,857.60","1,850.10","1,866.60","1,850.10","-","0.47%"
"03/27/2014","1,849.00","1,852.10","1,855.50","1,842.10","-","-0.19%"
"03/26/2014","1,852.60","1,867.10","1,875.90","1,852.60","-","-0.70%"
"03/25/2014","1,865.60","1,859.50","1,871.90","1,856.00","-","0.44%"
"03/24/2014","1,857.40","1,867.70","1,873.30","1,849.70","-","-0.49%"
"03/21/2014","1,866.50","1,874.50","1,884.00","1,863.50","-","-0.29%"
"03/20/2014","1,872.00","1,860.10","1,873.50","1,854.60","-","0.60%"
"03/19/2014","1,860.80","1,872.20","1,874.10","1,850.30","-","-0.61%"
"03/18/2014","1,872.20","1,858.90","1,873.80","1,858.90","-","0.72%"
"03/17/2014","1,858.80","1,842.80","1,862.30","1,842.80","-","0.96%"
"03/14/2014","1,841.10","1,845.10","1,852.40","1,839.60","-","-0.28%"
"03/13/2014","1,846.30","1,869.10","1,874.40","1,841.90","-","-1.17%"
"03/12/2014","1,868.20","1,866.20","1,868.40","1,854.40","-","0.03%"
"03/11/2014","1,867.60","1,878.30","1,882.30","1,863.90","-","-0.51%"
"03/10/2014","1,877.20","1,877.90","1,877.90","1,867.00","-","-0.04%"
"03/07/2014","1,878.00","1,878.50","1,883.60","1,870.60","-","0.05%"
"03/06/2014","1,877.00","1,874.20","1,881.90","1,874.20","-","0.17%"
"03/05/2014","1,873.80","1,874.00","1,876.50","1,871.10","-","-0.01%"
"03/04/2014","1,873.90","1,849.20","1,876.20","1,849.20","-","1.53%"
"03/03/2014","1,845.70","1,857.70","1,857.70","1,834.40","-","-0.74%"
"02/28/2014","1,859.50","1,855.10","1,867.90","1,847.70","-","0.28%"
"02/27/2014","1,854.30","1,844.90","1,854.50","1,841.10","-","0.49%"
"02/26/2014","1,845.20","1,845.80","1,852.70","1,840.70","-","0.01%"
"02/25/2014","1,845.10","1,847.70","1,852.90","1,840.20","-","-0.14%"
"02/24/2014","1,847.60","1,836.80","1,858.70","1,836.80","-","0.62%"
"02/21/2014","1,836.20","1,841.10","1,846.10","1,835.60","-","-0.20%"
"02/20/2014","1,839.80","1,829.20","1,842.80","1,824.60","-","0.60%"
"02/19/2014","1,828.80","1,838.90","1,847.50","1,827.00","-","-0.65%"
"02/18/2014","1,840.80","1,839.00","1,842.90","1,835.00","-","0.12%"
"02/14/2014","1,838.60","1,828.50","1,841.70","1,825.60","-","0.48%"
"02/13/2014","1,829.80","1,814.80","1,830.20","1,809.20","-","0.58%"
"02/12/2014","1,819.30","1,820.10","1,826.50","1,816.00","-","-0.03%"
"02/11/2014","1,819.80","1,800.50","1,823.50","1,800.40","-","1.11%"
"02/10/2014","1,799.80","1,796.20","1,799.90","1,791.80","-","0.16%"
"02/07/2014","1,797.00","1,776.00","1,798.00","1,776.00","-","1.33%"
"02/06/2014","1,773.40","1,753.00","1,774.10","1,753.00","-","1.24%"
"02/05/2014","1,751.60","1,753.40","1,755.80","1,737.90","-","-0.21%"
"02/04/2014","1,755.20","1,743.80","1,758.70","1,743.80","-","0.76%"
"02/03/2014","1,741.90","1,782.70","1,784.80","1,739.70","-","-2.28%"
"01/31/2014","1,782.60","1,790.90","1,793.90","1,772.30","-","-0.65%"
"01/30/2014","1,794.20","1,777.20","1,798.80","1,777.20","-","1.13%"
"01/29/2014","1,774.20","1,790.20","1,790.20","1,770.50","-","-1.02%"
"01/28/2014","1,792.50","1,783.00","1,793.90","1,779.50","-","0.61%"
"01/27/2014","1,781.60","1,791.00","1,796.00","1,772.90","-","-0.49%"
"01/24/2014","1,790.30","1,827.00","1,827.00","1,790.30","-","-2.09%"
"01/23/2014","1,828.50","1,842.30","1,842.30","1,820.10","-","-0.89%"
"01/22/2014","1,844.90","1,844.70","1,846.90","1,840.90","-","0.06%"
"01/21/2014","1,843.80","1,841.00","1,849.30","1,832.40","-","0.28%"
"01/17/2014","1,838.70","1,844.20","1,846.00","1,835.20","-","-0.39%"
"01/16/2014","1,845.90","1,848.00","1,848.00","1,840.30","-","-0.14%"
"01/15/2014","1,848.40","1,840.50","1,850.80","1,840.50","-","0.52%"
"01/14/2014","1,838.90","1,821.40","1,839.30","1,821.40","-","1.08%"
"01/13/2014","1,819.20","1,841.30","1,843.50","1,815.50","-","-1.26%"
"01/10/2014","1,842.40","1,840.10","1,843.20","1,832.40","-","0.23%"
"01/09/2014","1,838.10","1,839.00","1,843.20","1,830.40","-","0.03%"
"01/08/2014","1,837.50","1,837.90","1,840.00","1,831.40","-","-0.02%"
"01/07/2014","1,837.90","1,828.70","1,840.10","1,828.70","-","0.61%"
"01/06/2014","1,826.80","1,832.30","1,837.20","1,823.70","-","-0.25%"
"01/03/2014","1,831.40","1,833.20","1,838.20","1,829.10","-","-0.03%"
"01/02/2014","1,832.00","1,845.90","1,845.90","1,827.70","-","-0.89%"
"12/31/2013","1,848.40","1,842.60","1,849.40","1,842.40","-","0.40%"
"12/30/2013","1,841.10","1,841.50","1,842.50","1,838.80","-","-0.02%"
"12/27/2013","1,841.40","1,843.00","1,844.90","1,839.80","-","-0.03%"
"12/26/2013","1,842.00","1,835.00","1,842.80","1,835.00","-","0.47%"
"12/24/2013","1,833.30","1,828.00","1,833.30","1,828.00","-","0.29%"
"12/23/2013","1,828.00","1,822.90","1,829.80","1,822.90","-","0.53%"
"12/20/2013","1,818.30","1,810.40","1,823.80","1,810.20","-","0.48%"
"12/19/2013","1,809.60","1,809.00","1,810.90","1,801.30","-","-0.06%"
"12/18/2013","1,810.70","1,781.50","1,811.10","1,768.00","-","1.67%"
"12/17/2013","1,781.00","1,786.50","1,786.80","1,777.00","-","-0.31%"
"12/16/2013","1,786.50","1,777.50","1,792.20","1,777.50","-","0.63%"
"12/13/2013","1,775.30","1,778.00","1,780.90","1,772.50","-","-0.01%"
"12/12/2013","1,775.50","1,781.70","1,783.00","1,772.30","-","-0.38%"
"12/11/2013","1,782.20","1,802.80","1,803.00","1,780.10","-","-1.13%"
"12/10/2013","1,802.60","1,807.60","1,808.50","1,801.80","-","-0.32%"
"12/09/2013","1,808.40","1,806.20","1,811.50","1,806.20","-","0.18%"
"12/06/2013","1,805.10","1,788.40","1,806.00","1,788.40","-","1.13%"
"12/05/2013","1,785.00","1,792.80","1,792.80","1,783.40","-","-0.44%"
"12/04/2013","1,792.80","1,793.20","1,799.80","1,779.10","-","-0.13%"
"12/03/2013","1,795.20","1,800.10","1,800.10","1,787.80","-","-0.32%"
"12/02/2013","1,800.90","1,806.50","1,810.00","1,798.60","-","-0.27%"
"11/29/2013","1,805.80","1,808.70","1,813.50","1,804.00","-","-0.08%"
"11/27/2013","1,807.20","1,803.50","1,808.30","1,802.80","-","0.24%"
"11/26/2013","1,802.80","1,802.90","1,808.40","1,800.80","-","0.02%"
"11/25/2013","1,802.50","1,806.30","1,808.10","1,800.60","-","-0.13%"
"11/22/2013","1,804.80","1,797.20","1,804.80","1,794.70","-","0.50%"
"11/21/2013","1,795.80","1,783.50","1,797.20","1,783.50","-","0.81%"
"11/20/2013","1,781.40","1,789.60","1,795.70","1,777.20","-","-0.36%"
"11/19/2013","1,787.90","1,790.80","1,795.50","1,784.70","-","-0.20%"
"11/18/2013","1,791.50","1,798.80","1,802.30","1,788.00","-","-0.37%"
"11/15/2013","1,798.20","1,790.70","1,798.20","1,790.70","-","0.42%"
"11/14/2013","1,790.60","1,782.80","1,791.50","1,780.20","-","0.48%"
"11/13/2013","1,782.00","1,764.40","1,782.00","1,760.60","-","0.81%"
"11/12/2013","1,767.70","1,769.50","1,771.80","1,762.30","-","-0.24%"
"11/11/2013","1,771.90","1,770.00","1,773.40","1,767.80","-","0.07%"
"11/08/2013","1,770.60","1,748.40","1,770.80","1,747.60","-","1.34%"
"11/07/2013","1,747.20","1,770.70","1,774.50","1,746.20","-","-1.32%"
"11/06/2013","1,770.50","1,765.00","1,773.70","1,764.40","-","0.43%"
"11/05/2013","1,763.00","1,765.70","1,767.00","1,755.80","-","-0.28%"
"11/04/2013","1,767.90","1,763.40","1,768.80","1,761.60","-","0.36%"
"11/01/2013","1,761.60","1,758.70","1,765.70","1,752.70","-","0.29%"
"10/31/2013","1,756.50","1,763.20","1,768.50","1,755.70","-","-0.39%"
"10/30/2013","1,763.30","1,772.30","1,775.20","1,757.20","-","-0.49%"
"10/29/2013","1,772.00","1,762.90","1,772.10","1,762.90","-","0.56%"
"10/28/2013","1,762.10","1,759.40","1,765.00","1,757.70","-","0.13%"
"10/25/2013","1,759.80","1,756.00","1,759.80","1,752.50","-","0.44%"
"10/24/2013","1,752.10","1,747.50","1,753.90","1,745.50","-","0.33%"
"10/23/2013","1,746.40","1,752.30","1,752.30","1,740.50","-","-0.47%"
"10/22/2013","1,754.70","1,746.50","1,759.30","1,746.50","-","0.57%"
"10/21/2013","1,744.70","1,745.20","1,747.80","1,740.70","-","0.01%"
"10/18/2013","1,744.50","1,736.70","1,745.30","1,735.70","-","0.65%"
"10/17/2013","1,733.20","1,720.20","1,733.50","1,714.10","-","0.68%"
"10/16/2013","1,721.50","1,700.50","1,721.80","1,700.50","-","1.38%"
"10/15/2013","1,698.10","1,709.20","1,711.60","1,695.90","-","-0.70%"
"10/14/2013","1,710.10","1,699.90","1,711.00","1,692.10","-","0.41%"
"10/11/2013","1,703.20","1,691.10","1,703.40","1,688.50","-","0.63%"
"10/10/2013","1,692.60","1,660.90","1,692.60","1,660.90","-","2.19%"
"10/09/2013","1,656.40","1,657.00","1,662.50","1,646.50","-","0.05%"
"10/08/2013","1,655.50","1,676.20","1,676.80","1,655.00","-","-1.23%"
"10/07/2013","1,676.10","1,687.20","1,687.20","1,674.70","-","-0.85%"
"10/04/2013","1,690.50","1,678.80","1,691.90","1,677.30","-","0.70%"
"10/03/2013","1,678.70","1,692.30","1,692.30","1,670.40","-","-0.90%"
"10/02/2013","1,693.90","1,691.90","1,693.90","1,680.30","-","-0.06%"
"10/01/2013","1,695.00","1,682.40","1,696.50","1,682.10","-","0.80%"
"09/30/2013","1,681.50","1,687.30","1,687.30","1,675.00","-","-0.61%"
"09/27/2013","1,691.80","1,695.50","1,695.50","1,687.10","-","-0.41%"
"09/26/2013","1,698.70","1,694.00","1,703.80","1,693.10","-","0.35%"
"09/25/2013","1,692.80","1,698.00","1,701.70","1,691.90","-","-0.27%"
"09/24/2013","1,697.40","1,702.60","1,707.60","1,694.90","-","-0.26%"
"09/23/2013","1,701.80","1,711.40","1,711.40","1,697.10","-","-0.47%"
"09/20/2013","1,709.90","1,722.40","1,725.20","1,708.90","-","-0.72%"
"09/19/2013","1,722.30","1,727.30","1,729.90","1,720.20","-","-0.19%"
"09/18/2013","1,725.50","1,705.70","1,729.40","1,700.30","-","1.21%"
"09/17/2013","1,704.80","1,697.70","1,705.50","1,697.70","-","0.42%"
"09/16/2013","1,697.60","1,691.70","1,705.00","1,691.70","-","0.57%"
"09/13/2013","1,688.00","1,685.00","1,688.70","1,682.20","-","0.27%"
"09/12/2013","1,683.40","1,689.20","1,690.00","1,682.00","-","-0.34%"
"09/11/2013","1,689.10","1,681.00","1,689.10","1,678.70","-","0.30%"
"09/10/2013","1,684.00","1,674.30","1,684.10","1,674.30","-","0.74%"
"09/09/2013","1,671.70","1,656.80","1,672.40","1,656.80","-","1.00%"
"09/06/2013","1,655.20","1,657.40","1,664.80","1,640.60","-","0.01%"
"09/05/2013","1,655.10","1,653.30","1,659.20","1,653.10","-","0.12%"
"09/04/2013","1,653.10","1,640.70","1,655.70","1,637.40","-","0.81%"
"09/03/2013","1,639.80","1,636.00","1,651.30","1,633.40","-","0.42%"
"08/30/2013","1,633.00","1,638.90","1,640.10","1,628.00","-","-0.32%"
"08/29/2013","1,638.20","1,633.50","1,646.40","1,630.90","-","0.20%"
"08/28/2013","1,635.00","1,630.20","1,641.20","1,627.50","-","0.28%"
"08/27/2013","1,630.50","1,652.50","1,652.50","1,629.00","-","-1.59%"
"08/26/2013","1,656.80","1,664.30","1,669.50","1,656.00","-","-0.40%"
"08/23/2013","1,663.50","1,659.90","1,664.80","1,654.80","-","0.39%"
"08/22/2013","1,657.00","1,645.00","1,659.50","1,645.00","-","0.86%"
"08/21/2013","1,642.80","1,650.70","1,657.00","1,639.40","-","-0.57%"
"08/20/2013","1,652.30","1,646.80","1,658.90","1,646.10","-","0.38%"
"08/19/2013","1,646.10","1,655.20","1,659.20","1,645.80","-","-0.59%"
"08/16/2013","1,655.80","1,661.20","1,663.60","1,652.60","-","-0.33%"
"08/15/2013","1,661.30","1,679.60","1,679.60","1,658.60","-","-1.43%"
"08/14/2013","1,685.40","1,693.90","1,695.50","1,684.80","-","-0.52%"
"08/13/2013","1,694.20","1,690.70","1,696.80","1,682.60","-","0.28%"
"08/12/2013","1,689.50","1,688.40","1,691.50","1,683.30","-","-0.11%"
"08/09/2013","1,691.40","1,696.10","1,699.40","1,686.00","-","-0.36%"
"08/08/2013","1,697.50","1,693.30","1,700.20","1,688.40","-","0.39%"
"08/07/2013","1,690.90","1,695.30","1,695.30","1,684.90","-","-0.38%"
"08/06/2013","1,697.40","1,705.80","1,705.80","1,693.30","-","-0.57%"
"08/05/2013","1,707.10","1,708.00","1,709.20","1,703.50","-","-0.15%"
"08/02/2013","1,709.70","1,706.10","1,709.70","1,700.70","-","0.16%"
"08/01/2013","1,706.90","1,689.40","1,707.80","1,689.40","-","1.26%"
"07/31/2013","1,685.70","1,687.80","1,698.40","1,684.90","-","-0.02%"
"07/30/2013","1,686.00","1,687.90","1,693.20","1,682.40","-","0.04%"
"07/29/2013","1,685.30","1,690.30","1,690.90","1,681.90","-","-0.38%"
"07/26/2013","1,691.70","1,687.30","1,691.80","1,676.00","-","0.09%"
"07/25/2013","1,690.20","1,685.20","1,690.90","1,680.10","-","0.26%"
"07/24/2013","1,685.90","1,696.10","1,698.40","1,682.60","-","-0.38%"
"07/23/2013","1,692.40","1,696.60","1,698.80","1,691.10","-","-0.18%"
"07/22/2013","1,695.50","1,694.40","1,697.60","1,690.70","-","0.20%"
"07/19/2013","1,692.10","1,686.20","1,692.10","1,684.10","-","0.16%"
"07/18/2013","1,689.40","1,681.00","1,693.10","1,681.00","-","0.51%"
"07/17/2013","1,680.90","1,677.90","1,684.80","1,677.90","-","0.27%"
"07/16/2013","1,676.30","1,682.70","1,683.70","1,671.80","-","-0.37%"
"07/15/2013","1,682.50","1,679.60","1,684.50","1,677.90","-","0.14%"
"07/12/2013","1,680.20","1,675.30","1,680.20","1,672.30","-","0.31%"
"07/11/2013","1,675.00","1,657.40","1,676.60","1,657.40","-","1.36%"
"07/10/2013","1,652.60","1,651.60","1,657.90","1,647.70","-","0.02%"
"07/09/2013","1,652.30","1,642.90","1,654.20","1,642.90","-","0.72%"
"07/08/2013","1,640.50","1,634.20","1,644.70","1,634.20","-","0.53%"
"07/05/2013","1,631.90","1,618.70","1,632.10","1,614.70","-","1.02%"
"07/03/2013","1,615.40","1,611.50","1,619.00","1,604.60","-","0.08%"
"07/02/2013","1,614.10","1,614.30","1,624.30","1,606.80","-","-0.06%"
"07/01/2013","1,615.00","1,609.80","1,626.60","1,609.80","-","0.54%"
"06/28/2013","1,606.30","1,611.10","1,615.90","1,601.10","-","-0.43%"
"06/27/2013","1,613.20","1,606.40","1,620.10","1,606.40","-","0.62%"
"06/26/2013","1,603.30","1,592.30","1,606.80","1,592.30","-","0.96%"
"06/25/2013","1,588.00","1,577.50","1,593.80","1,577.10","-","0.95%"
"06/24/2013","1,573.10","1,588.80","1,588.80","1,560.30","-","-1.21%"
"06/21/2013","1,592.40","1,588.60","1,599.20","1,577.70","-","0.26%"
"06/20/2013","1,588.20","1,624.60","1,624.60","1,584.30","-","-2.50%"
"06/19/2013","1,628.90","1,651.80","1,652.50","1,628.90","-","-1.39%"
"06/18/2013","1,651.80","1,639.80","1,654.20","1,639.80","-","0.78%"
"06/17/2013","1,639.00","1,630.60","1,646.50","1,630.30","-","0.76%"
"06/14/2013","1,626.70","1,635.50","1,640.80","1,624.00","-","-0.59%"
"06/13/2013","1,636.40","1,612.20","1,639.20","1,608.10","-","1.48%"
"06/12/2013","1,612.50","1,629.90","1,637.70","1,610.90","-","-0.84%"
"06/11/2013","1,626.10","1,638.60","1,640.10","1,622.90","-","-1.02%"
"06/10/2013","1,642.80","1,644.70","1,648.70","1,639.30","-","-0.04%"
"06/07/2013","1,643.40","1,625.30","1,644.40","1,625.30","-","1.28%"
"06/06/2013","1,622.60","1,609.30","1,622.60","1,598.20","-","0.85%"
"06/05/2013","1,608.90","1,629.00","1,629.30","1,607.10","-","-1.38%"
"06/04/2013","1,631.40","1,640.70","1,646.50","1,623.60","-","-0.55%"
"06/03/2013","1,640.40","1,631.70","1,640.40","1,622.70","-","0.59%"
"05/31/2013","1,630.70","1,652.10","1,659.00","1,630.70","-","-1.43%"
"05/30/2013","1,654.40","1,649.10","1,661.90","1,648.60","-","0.36%"
"05/29/2013","1,648.40","1,656.60","1,656.60","1,640.00","-","-0.70%"
"05/28/2013","1,660.10","1,652.60","1,674.20","1,652.60","-","0.64%"
"05/24/2013","1,649.60","1,646.70","1,649.80","1,636.90","-","-0.05%"
"05/23/2013","1,650.50","1,651.60","1,655.50","1,635.50","-","-0.29%"
"05/22/2013","1,655.30","1,669.40","1,687.20","1,648.90","-","-0.83%"
"05/21/2013","1,669.20","1,666.20","1,674.90","1,662.70","-","0.17%"
"05/20/2013","1,666.30","1,665.70","1,672.80","1,663.50","-","-0.07%"
"05/17/2013","1,667.50","1,652.50","1,667.50","1,652.50","-","1.03%"
"05/16/2013","1,650.50","1,658.10","1,660.50","1,648.60","-","-0.50%"
"05/15/2013","1,658.80","1,649.10","1,661.50","1,646.70","-","0.52%"
"05/14/2013","1,650.30","1,633.80","1,651.10","1,633.80","-","1.01%"
"05/13/2013","1,633.80","1,632.10","1,636.00","1,626.70","-","0.01%"
"05/10/2013","1,633.70","1,626.70","1,633.70","1,623.70","-","0.43%"
"05/09/2013","1,626.70","1,632.70","1,635.00","1,623.10","-","-0.37%"
"05/08/2013","1,632.70","1,626.00","1,632.80","1,622.70","-","0.41%"
"05/07/2013","1,626.00","1,617.50","1,626.00","1,616.60","-","0.53%"
"05/06/2013","1,617.50","1,614.40","1,619.80","1,614.20","-","0.19%"
"05/03/2013","1,614.40","1,597.60","1,618.50","1,597.60","-","1.05%"
"05/02/2013","1,597.60","1,582.80","1,598.60","1,582.80","-","0.94%"
"05/01/2013","1,582.70","1,597.50","1,597.50","1,581.30","-","-0.93%"
"04/30/2013","1,597.60","1,593.60","1,597.60","1,586.50","-","0.25%"
"04/29/2013","1,593.60","1,582.30","1,596.70","1,582.30","-","0.72%"
"04/26/2013","1,582.20","1,585.20","1,585.80","1,577.60","-","-0.19%"
"04/25/2013","1,585.20","1,578.90","1,592.60","1,578.90","-","0.41%"
"04/24/2013","1,578.80","1,578.80","1,583.00","1,575.80","-","0.00%"
"04/23/2013","1,578.80","1,562.50","1,579.60","1,562.50","-","1.04%"
"04/22/2013","1,562.50","1,555.20","1,565.50","1,548.20","-","0.47%"
"04/19/2013","1,555.20","1,541.60","1,555.90","1,539.40","-","0.88%"
"04/18/2013","1,541.60","1,552.00","1,554.40","1,536.00","-","-0.67%"
"04/17/2013","1,552.00","1,574.60","1,574.60","1,543.70","-","-1.44%"
"04/16/2013","1,574.60","1,552.40","1,575.30","1,552.40","-","1.43%"
"04/15/2013","1,552.40","1,588.80","1,588.80","1,552.30","-","-2.29%"
"04/12/2013","1,588.80","1,593.30","1,593.30","1,580.00","-","-0.29%"
"04/11/2013","1,593.40","1,587.70","1,597.30","1,586.20","-","0.36%"
"04/10/2013","1,587.70","1,568.60","1,589.10","1,568.60","-","1.22%"
"04/09/2013","1,568.60","1,563.10","1,573.90","1,560.90","-","0.35%"
"04/08/2013","1,563.10","1,553.30","1,563.10","1,548.60","-","0.63%"
"04/05/2013","1,553.30","1,560.00","1,560.00","1,539.50","-","-0.43%"
"04/04/2013","1,560.00","1,553.70","1,562.60","1,552.50","-","0.41%"
"04/03/2013","1,553.70","1,570.20","1,571.50","1,549.80","-","-1.05%"
"04/02/2013","1,570.20","1,562.20","1,573.70","1,562.20","-","0.51%"
"04/01/2013","1,562.20","1,569.20","1,570.60","1,558.50","-","-0.45%"
"03/28/2013","1,569.20","1,562.90","1,570.30","1,561.10","-","0.41%"
"03/27/2013","1,562.80","1,563.80","1,564.10","1,551.90","-","-0.06%"
"03/26/2013","1,563.80","1,551.70","1,564.00","1,551.70","-","0.78%"
"03/25/2013","1,551.70","1,556.90","1,564.90","1,546.20","-","-0.33%"
"03/22/2013","1,556.90","1,545.90","1,557.70","1,545.90","-","0.72%"
"03/21/2013","1,545.80","1,558.70","1,558.70","1,543.50","-","-0.83%"
"03/20/2013","1,558.70","1,548.30","1,561.60","1,548.30","-","0.67%"
"03/19/2013","1,548.30","1,552.10","1,557.20","1,538.60","-","-0.24%"
"03/18/2013","1,552.10","1,560.70","1,560.70","1,545.10","-","-0.55%"
"03/15/2013","1,560.70","1,563.20","1,563.60","1,555.70","-","-0.16%"
"03/14/2013","1,563.20","1,554.50","1,563.30","1,554.50","-","0.56%"
"03/13/2013","1,554.50","1,552.50","1,556.40","1,548.20","-","0.13%"
"03/12/2013","1,552.50","1,556.20","1,556.80","1,548.20","-","-0.24%"
"03/11/2013","1,556.20","1,551.20","1,556.30","1,547.40","-","0.32%"
"03/08/2013","1,551.20","1,544.30","1,552.50","1,542.90","-","0.45%"
"03/07/2013","1,544.30","1,541.50","1,545.80","1,541.50","-","0.18%"
"03/06/2013","1,541.50","1,539.80","1,545.20","1,538.10","-","0.11%"
"03/05/2013","1,539.80","1,525.20","1,543.50","1,525.20","-","0.96%"
"03/04/2013","1,525.20","1,518.20","1,525.30","1,512.30","-","0.46%"
"03/01/2013","1,518.20","1,514.70","1,520.00","1,501.50","-","0.23%"
"02/28/2013","1,514.70","1,516.00","1,525.30","1,514.50","-","-0.09%"
"02/27/2013","1,516.00","1,496.90","1,520.10","1,494.90","-","1.28%"
"02/26/2013","1,496.90","1,487.80","1,499.00","1,485.00","-","0.61%"
"02/25/2013","1,487.80","1,515.60","1,525.80","1,487.80","-","-1.83%"
"02/22/2013","1,515.60","1,502.40","1,515.60","1,502.40","-","0.88%"
"02/21/2013","1,502.40","1,512.00","1,512.00","1,497.30","-","-0.63%"
"02/20/2013","1,512.00","1,530.90","1,530.90","1,511.40","-","-1.23%"
"02/19/2013","1,530.90","1,519.80","1,530.90","1,519.80","-","0.73%"
"02/15/2013","1,519.80","1,521.40","1,524.20","1,514.10","-","-0.11%"
"02/14/2013","1,521.40","1,520.30","1,523.10","1,514.00","-","0.07%"
"02/13/2013","1,520.30","1,519.40","1,524.70","1,515.90","-","0.06%"
"02/12/2013","1,519.40","1,517.00","1,522.30","1,515.60","-","0.16%"
"02/11/2013","1,517.00","1,517.90","1,518.30","1,513.60","-","-0.06%"
"02/08/2013","1,517.90","1,509.40","1,518.30","1,509.40","-","0.56%"
"02/07/2013","1,509.40","1,512.10","1,512.90","1,498.50","-","-0.18%"
"02/06/2013","1,512.10","1,511.30","1,512.50","1,504.70","-","0.05%"
"02/05/2013","1,511.30","1,495.70","1,515.00","1,495.70","-","1.04%"
"02/04/2013","1,495.70","1,513.20","1,513.20","1,495.00","-","-1.16%"
"02/01/2013","1,513.20","1,498.10","1,514.40","1,498.10","-","1.01%"
"01/31/2013","1,498.10","1,502.00","1,504.20","1,496.80","-","-0.26%"
"01/30/2013","1,502.00","1,507.80","1,509.90","1,500.10","-","-0.38%"
"01/29/2013","1,507.80","1,500.20","1,509.30","1,498.10","-","0.51%"
"01/28/2013","1,500.20","1,503.00","1,503.20","1,496.30","-","-0.19%"
"01/25/2013","1,503.00","1,494.80","1,503.30","1,494.80","-","0.55%"
"01/24/2013","1,494.80","1,494.80","1,502.30","1,489.50","-","0.00%"
"01/23/2013","1,494.80","1,492.60","1,496.10","1,489.90","-","0.15%"
"01/22/2013","1,492.60","1,486.00","1,492.60","1,481.20","-","0.44%"
"01/18/2013","1,486.00","1,481.00","1,486.00","1,475.80","-","0.34%"
"01/17/2013","1,480.90","1,472.60","1,485.20","1,472.60","-","0.56%"
"01/16/2013","1,472.60","1,472.30","1,474.00","1,467.60","-","0.02%"
"01/15/2013","1,472.30","1,470.70","1,473.30","1,463.80","-","0.11%"
"01/14/2013","1,470.70","1,472.00","1,472.00","1,465.70","-","-0.09%"
"01/11/2013","1,472.00","1,472.10","1,472.80","1,467.60","-","-0.01%"
"01/10/2013","1,472.10","1,464.60","1,472.30","1,461.00","-","0.76%"
"01/09/2013","1,461.00","1,457.20","1,464.70","1,457.20","-","0.26%"
"01/08/2013","1,457.20","1,461.90","1,461.90","1,451.60","-","-0.32%"
"01/07/2013","1,461.90","1,466.50","1,466.50","1,456.60","-","-0.31%"
"01/04/2013","1,466.50","1,459.40","1,467.90","1,459.00","-","0.49%"
"01/03/2013","1,459.40","1,462.40","1,465.50","1,455.50","-","-0.21%"
"01/02/2013","1,462.40","1,426.20","1,462.40","1,426.20","-","2.54%"
"12/31/2012","1,426.20","1,402.40","1,426.70","1,398.10","-","1.70%"
"12/28/2012","1,402.40","1,418.10","1,418.10","1,401.60","-","-1.11%"
"12/27/2012","1,418.10","1,419.80","1,422.80","1,401.80","-","-0.12%"
"12/26/2012","1,419.80","1,426.70","1,429.40","1,416.40","-","-0.48%"
"12/24/2012","1,426.70","1,430.20","1,430.20","1,424.70","-","-0.24%"
"12/21/2012","1,430.20","1,443.70","1,443.70","1,422.60","-","-0.94%"
"12/20/2012","1,443.70","1,435.80","1,443.70","1,432.80","-","0.55%"
"12/19/2012","1,435.80","1,446.80","1,447.80","1,435.80","-","-0.76%"
"12/18/2012","1,446.80","1,430.50","1,448.00","1,430.50","-","1.15%"
"12/17/2012","1,430.40","1,413.50","1,430.70","1,413.50","-","1.19%"
"12/14/2012","1,413.60","1,419.50","1,419.50","1,411.90","-","-0.42%"
"12/13/2012","1,419.50","1,428.50","1,431.40","1,416.00","-","-0.63%"
"12/12/2012","1,428.50","1,427.80","1,438.60","1,426.80","-","0.05%"
"12/11/2012","1,427.80","1,418.50","1,434.30","1,418.50","-","0.66%"
"12/10/2012","1,418.50","1,418.10","1,421.60","1,415.60","-","0.03%"
"12/07/2012","1,418.10","1,414.00","1,420.30","1,410.90","-","0.30%"
"12/06/2012","1,413.90","1,409.40","1,414.00","1,405.90","-","0.33%"
"12/05/2012","1,409.30","1,407.00","1,415.60","1,398.20","-","0.16%"
"12/04/2012","1,407.00","1,409.50","1,413.10","1,403.70","-","-0.18%"
"12/03/2012","1,409.50","1,416.30","1,423.70","1,408.50","-","-0.47%"
"11/30/2012","1,416.20","1,416.00","1,418.90","1,411.60","-","0.01%"
"11/29/2012","1,416.00","1,410.00","1,419.70","1,409.00","-","0.43%"
"11/28/2012","1,409.90","1,398.80","1,410.30","1,385.40","-","0.79%"
"11/27/2012","1,398.90","1,406.30","1,409.00","1,398.00","-","-0.53%"
"11/26/2012","1,406.30","1,409.20","1,409.20","1,397.70","-","-0.21%"
"11/23/2012","1,409.20","1,391.00","1,409.20","1,391.00","-","1.31%"
"11/21/2012","1,391.00","1,387.80","1,391.20","1,386.40","-","0.23%"
"11/20/2012","1,387.80","1,386.80","1,389.80","1,377.00","-","0.06%"
"11/19/2012","1,386.90","1,359.90","1,386.90","1,359.90","-","1.99%"
"11/16/2012","1,359.90","1,353.40","1,362.00","1,343.30","-","0.49%"
"11/15/2012","1,353.30","1,355.40","1,360.60","1,348.00","-","-0.16%"
"11/14/2012","1,355.50","1,374.60","1,380.10","1,352.50","-","-1.38%"
"11/13/2012","1,374.50","1,380.00","1,388.80","1,371.40","-","-0.40%"
"11/12/2012","1,380.00","1,379.90","1,384.90","1,377.20","-","0.01%"
"11/09/2012","1,379.80","1,377.50","1,391.40","1,373.00","-","0.17%"
"11/08/2012","1,377.50","1,394.50","1,401.20","1,377.50","-","-1.22%"
"11/07/2012","1,394.50","1,428.30","1,428.30","1,388.10","-","-2.37%"
"11/06/2012","1,428.40","1,417.30","1,433.40","1,417.30","-","0.78%"
"11/05/2012","1,417.30","1,414.00","1,419.90","1,408.10","-","0.22%"
"11/02/2012","1,414.20","1,427.60","1,434.30","1,412.90","-","-0.94%"
"11/01/2012","1,427.60","1,412.20","1,428.30","1,412.20","-","1.09%"
"10/31/2012","1,412.20","1,411.00","1,418.80","1,406.00","-","0.02%"
"10/26/2012","1,411.90","1,413.00","1,417.10","1,403.30","-","-0.08%"
"10/25/2012","1,413.00","1,409.70","1,421.10","1,405.10","-","0.30%"
"10/24/2012","1,408.80","1,413.20","1,420.00","1,407.10","-","-0.30%"
"10/23/2012","1,413.10","1,433.70","1,433.70","1,407.60","-","-1.44%"
"10/22/2012","1,433.80","1,433.20","1,435.50","1,422.10","-","0.04%"
"10/19/2012","1,433.20","1,457.30","1,457.30","1,429.80","-","-1.65%"
"10/18/2012","1,457.30","1,460.90","1,464.00","1,452.60","-","-0.25%"
"10/17/2012","1,460.90","1,454.20","1,462.20","1,453.30","-","0.41%"
"10/16/2012","1,454.90","1,440.30","1,455.50","1,440.30","-","1.03%"
"10/15/2012","1,440.10","1,428.80","1,441.30","1,427.20","-","0.80%"
"10/12/2012","1,428.60","1,432.80","1,438.40","1,425.50","-","-0.29%"
"10/11/2012","1,432.80","1,432.80","1,443.90","1,432.80","-","0.01%"
"10/10/2012","1,432.60","1,441.50","1,442.50","1,430.60","-","-0.62%"
"10/09/2012","1,441.50","1,455.90","1,455.90","1,441.20","-","-0.99%"
"10/08/2012","1,455.90","1,460.90","1,460.90","1,453.10","-","-0.34%"
"10/05/2012","1,460.90","1,461.40","1,471.00","1,456.90","-","-0.03%"
"10/04/2012","1,461.40","1,451.10","1,463.10","1,451.10","-","0.72%"
"10/03/2012","1,451.00","1,446.00","1,454.30","1,442.00","-","0.36%"
"10/02/2012","1,445.80","1,445.00","1,451.50","1,439.00","-","0.09%"
"10/01/2012","1,444.50","1,440.90","1,457.10","1,440.90","-","0.26%"
"09/28/2012","1,440.70","1,447.10","1,447.10","1,435.60","-","-0.45%"
"09/27/2012","1,447.20","1,433.40","1,450.20","1,433.40","-","0.97%"
"09/26/2012","1,433.30","1,441.60","1,441.60","1,430.50","-","-0.58%"
"09/25/2012","1,441.60","1,456.90","1,463.20","1,441.60","-","-1.05%"
"09/24/2012","1,456.90","1,459.80","1,460.70","1,452.10","-","-0.23%"
"09/21/2012","1,460.20","1,460.30","1,467.10","1,459.50","-","-0.01%"
"09/20/2012","1,460.30","1,461.00","1,461.20","1,450.00","-","-0.05%"
"09/19/2012","1,461.00","1,459.50","1,465.20","1,457.90","-","0.12%"
"09/18/2012","1,459.30","1,461.20","1,461.50","1,456.10","-","-0.13%"
"09/17/2012","1,461.20","1,465.40","1,465.60","1,457.50","-","-0.31%"
"09/14/2012","1,465.80","1,460.10","1,474.50","1,460.10","-","0.40%"
"09/13/2012","1,460.00","1,436.60","1,463.80","1,435.30","-","1.63%"
"09/12/2012","1,436.60","1,433.60","1,439.20","1,433.00","-","0.21%"
"09/11/2012","1,433.60","1,429.10","1,437.80","1,429.10","-","0.31%"
"09/10/2012","1,429.10","1,437.90","1,438.70","1,429.00","-","-0.61%"
"09/07/2012","1,437.90","1,432.10","1,437.90","1,431.50","-","0.40%"
"09/06/2012","1,432.10","1,403.40","1,432.10","1,403.40","-","2.05%"
"09/05/2012","1,403.40","1,404.90","1,408.80","1,401.20","-","-0.11%"
"09/04/2012","1,404.90","1,406.50","1,409.30","1,396.60","-","-0.12%"
"08/31/2012","1,406.60","1,400.10","1,413.10","1,399.00","-","0.51%"
"08/30/2012","1,399.50","1,410.10","1,410.10","1,397.00","-","-0.78%"
"08/29/2012","1,410.50","1,409.30","1,414.00","1,406.60","-","0.09%"
"08/28/2012","1,409.30","1,410.40","1,413.60","1,405.60","-","-0.08%"
"08/27/2012","1,410.40","1,411.10","1,416.20","1,409.10","-","-0.05%"
"08/24/2012","1,411.10","1,402.00","1,413.50","1,398.00","-","0.64%"
"08/23/2012","1,402.10","1,413.50","1,413.50","1,400.50","-","-0.81%"
"08/22/2012","1,413.50","1,413.10","1,416.10","1,406.80","-","0.02%"
"08/21/2012","1,413.20","1,418.10","1,426.70","1,410.90","-","-0.35%"
"08/20/2012","1,418.10","1,417.80","1,418.10","1,412.10","-","-0.01%"
"08/17/2012","1,418.20","1,415.80","1,418.70","1,414.70","-","0.19%"
"08/16/2012","1,415.50","1,406.60","1,417.40","1,404.20","-","0.71%"
"08/15/2012","1,405.50","1,403.90","1,407.70","1,401.80","-","0.11%"
"08/14/2012","1,403.90","1,404.40","1,410.00","1,400.60","-","-0.01%"
"08/13/2012","1,404.10","1,405.90","1,405.90","1,397.30","-","-0.13%"
"08/10/2012","1,405.90","1,402.60","1,406.00","1,395.60","-","0.22%"
"08/09/2012","1,402.80","1,402.30","1,406.00","1,398.80","-","0.04%"
"08/08/2012","1,402.20","1,401.20","1,404.10","1,396.10","-","0.06%"
"08/07/2012","1,401.30","1,394.50","1,407.10","1,394.50","-","0.51%"
"08/06/2012","1,394.20","1,391.00","1,399.60","1,391.00","-","0.23%"
"08/03/2012","1,391.00","1,365.50","1,394.20","1,365.50","-","1.90%"
"08/02/2012","1,365.00","1,375.10","1,375.10","1,354.70","-","-0.73%"
"08/01/2012","1,375.10","1,379.30","1,385.00","1,373.30","-","-0.30%"
"07/31/2012","1,379.30","1,385.30","1,387.20","1,379.20","-","-0.43%"
"07/30/2012","1,385.30","1,385.90","1,391.70","1,381.40","-","-0.05%"
"07/27/2012","1,386.00","1,360.00","1,389.20","1,360.00","-","1.91%"
"07/26/2012","1,360.00","1,338.20","1,363.10","1,338.20","-","1.65%"
"07/25/2012","1,337.90","1,338.30","1,344.00","1,331.50","-","-0.03%"
"07/24/2012","1,338.30","1,350.50","1,351.50","1,329.20","-","-0.90%"
"07/23/2012","1,350.50","1,362.30","1,362.30","1,337.60","-","-0.90%"
"07/20/2012","1,362.70","1,376.50","1,376.50","1,362.20","-","-1.00%"
"07/19/2012","1,376.50","1,373.00","1,380.40","1,371.20","-","0.27%"
"07/18/2012","1,372.80","1,363.60","1,375.30","1,359.00","-","0.67%"
"07/17/2012","1,363.70","1,353.70","1,365.40","1,345.10","-","0.75%"
"07/16/2012","1,353.60","1,356.50","1,357.30","1,348.50","-","-0.24%"
"07/13/2012","1,356.80","1,334.80","1,357.70","1,334.80","-","1.65%"
"07/12/2012","1,334.80","1,341.30","1,341.30","1,325.40","-","-0.50%"
"07/11/2012","1,341.50","1,341.40","1,345.00","1,333.20","-","0.00%"
"07/10/2012","1,341.50","1,353.00","1,361.50","1,336.30","-","-0.81%"
"07/09/2012","1,352.50","1,354.70","1,354.90","1,346.70","-","-0.16%"
"07/06/2012","1,354.70","1,367.10","1,367.10","1,348.00","-","-0.94%"
"07/05/2012","1,367.60","1,373.70","1,373.80","1,363.00","-","-0.47%"
"07/03/2012","1,374.00","1,365.80","1,374.80","1,363.50","-","0.62%"
"07/02/2012","1,365.50","1,362.30","1,366.30","1,355.70","-","0.24%"
"06/29/2012","1,362.20","1,330.10","1,362.20","1,330.10","-","2.50%"
"06/28/2012","1,329.00","1,331.50","1,331.50","1,313.30","-","-0.21%"
"06/27/2012","1,331.80","1,320.70","1,334.40","1,320.70","-","0.89%"
"06/26/2012","1,320.00","1,314.10","1,324.20","1,310.30","-","0.48%"
"06/25/2012","1,313.70","1,334.90","1,334.90","1,309.30","-","-1.60%"
"06/22/2012","1,335.00","1,325.90","1,337.80","1,325.90","-","0.72%"
"06/21/2012","1,325.50","1,355.40","1,358.30","1,324.40","-","-2.23%"
"06/20/2012","1,355.70","1,358.00","1,361.60","1,346.50","-","-0.17%"
"06/19/2012","1,358.00","1,344.80","1,363.50","1,344.80","-","0.98%"
"06/18/2012","1,344.80","1,342.40","1,348.20","1,334.50","-","0.15%"
"06/15/2012","1,342.80","1,329.20","1,343.30","1,329.20","-","1.03%"
"06/14/2012","1,329.10","1,314.90","1,333.70","1,314.10","-","1.08%"
"06/13/2012","1,314.90","1,324.00","1,327.30","1,310.50","-","-0.70%"
"06/12/2012","1,324.20","1,309.40","1,324.30","1,306.60","-","1.17%"
"06/11/2012","1,308.90","1,325.70","1,335.50","1,307.70","-","-1.27%"
"06/08/2012","1,325.70","1,315.00","1,325.80","1,307.80","-","0.81%"
"06/07/2012","1,315.00","1,316.20","1,329.00","1,312.70","-","-0.01%"
"06/06/2012","1,315.10","1,285.60","1,315.10","1,285.60","-","2.30%"
"06/05/2012","1,285.50","1,277.80","1,287.60","1,274.20","-","0.57%"
"06/04/2012","1,278.20","1,278.30","1,282.50","1,266.70","-","0.02%"
"06/01/2012","1,278.00","1,309.90","1,309.90","1,277.20","-","-2.47%"
"05/31/2012","1,310.30","1,313.10","1,319.70","1,298.90","-","-0.23%"
"05/30/2012","1,313.30","1,331.20","1,331.20","1,310.80","-","-1.43%"
"05/29/2012","1,332.40","1,318.90","1,334.90","1,318.90","-","1.11%"
"05/25/2012","1,317.80","1,320.80","1,324.20","1,314.20","-","-0.22%"
"05/24/2012","1,320.70","1,318.70","1,324.10","1,310.50","-","0.14%"
"05/23/2012","1,318.90","1,316.00","1,320.70","1,296.50","-","0.17%"
"05/22/2012","1,316.60","1,316.10","1,328.50","1,310.00","-","0.05%"
"05/21/2012","1,316.00","1,295.70","1,316.40","1,295.70","-","1.61%"
"05/18/2012","1,295.20","1,305.00","1,312.20","1,292.00","-","-0.74%"
"05/17/2012","1,304.90","1,324.80","1,326.40","1,304.90","-","-1.50%"
"05/16/2012","1,324.80","1,330.80","1,341.80","1,324.80","-","-0.44%"
"05/15/2012","1,330.70","1,338.40","1,344.90","1,328.40","-","-0.57%"
"05/14/2012","1,338.30","1,351.90","1,351.90","1,336.60","-","-1.12%"
"05/11/2012","1,353.40","1,358.10","1,365.70","1,348.90","-","-0.34%"
"05/10/2012","1,358.00","1,354.60","1,365.90","1,354.60","-","0.25%"
"05/09/2012","1,354.60","1,363.20","1,363.70","1,343.10","-","-0.67%"
"05/08/2012","1,363.70","1,369.20","1,369.20","1,347.80","-","-0.43%"
"05/07/2012","1,369.60","1,368.80","1,373.90","1,363.90","-","0.04%"
"05/04/2012","1,369.10","1,391.50","1,391.50","1,368.00","-","-1.62%"
"05/03/2012","1,391.60","1,402.30","1,403.10","1,388.70","-","-0.76%"
"05/02/2012","1,402.30","1,405.50","1,405.50","1,393.90","-","-0.25%"
"05/01/2012","1,405.80","1,397.90","1,415.30","1,395.70","-","0.57%"
"04/30/2012","1,397.90","1,403.30","1,403.30","1,394.00","-","-0.39%"
"04/27/2012","1,403.40","1,400.20","1,406.60","1,397.30","-","0.24%"
"04/26/2012","1,400.00","1,390.60","1,402.10","1,387.30","-","0.67%"
"04/25/2012","1,390.70","1,372.10","1,391.40","1,372.10","-","1.36%"
"04/24/2012","1,372.00","1,367.00","1,375.60","1,366.80","-","0.37%"
"04/23/2012","1,366.90","1,378.50","1,378.50","1,358.80","-","-0.84%"
"04/20/2012","1,378.50","1,377.00","1,387.40","1,377.00","-","0.12%"
"04/19/2012","1,376.90","1,385.10","1,390.50","1,370.30","-","-0.59%"
"04/18/2012","1,385.10","1,390.80","1,390.80","1,383.30","-","-0.41%"
"04/17/2012","1,390.80","1,369.60","1,392.80","1,369.60","-","1.55%"
"04/16/2012","1,369.60","1,370.30","1,379.70","1,365.40","-","-0.05%"
"04/13/2012","1,370.30","1,387.60","1,387.60","1,369.80","-","-1.25%"
"04/12/2012","1,387.60","1,368.80","1,388.10","1,368.80","-","1.38%"
"04/11/2012","1,368.70","1,359.00","1,374.70","1,359.00","-","0.74%"
"04/10/2012","1,358.60","1,382.20","1,383.00","1,357.40","-","-1.71%"
"04/09/2012","1,382.20","1,397.50","1,397.50","1,378.20","-","-1.14%"
"04/05/2012","1,398.10","1,398.80","1,401.60","1,392.90","-","-0.06%"
"04/04/2012","1,399.00","1,413.10","1,413.10","1,394.10","-","-1.02%"
"04/03/2012","1,413.40","1,419.00","1,419.00","1,404.60","-","-0.39%"
"04/02/2012","1,419.00","1,408.50","1,422.40","1,404.50","-","0.75%"
"03/30/2012","1,408.50","1,403.30","1,410.90","1,401.40","-","0.37%"
"03/29/2012","1,403.30","1,405.40","1,405.40","1,391.60","-","-0.16%"
"03/28/2012","1,405.50","1,412.50","1,413.70","1,397.20","-","-0.50%"
"03/27/2012","1,412.50","1,416.50","1,419.20","1,412.00","-","-0.28%"
"03/26/2012","1,416.50","1,397.10","1,416.60","1,397.10","-","1.39%"
"03/23/2012","1,397.10","1,392.80","1,399.20","1,386.90","-","0.31%"
"03/22/2012","1,392.80","1,402.90","1,402.90","1,388.70","-","-0.72%"
"03/21/2012","1,402.90","1,405.50","1,407.80","1,400.60","-","-0.18%"
"03/20/2012","1,405.50","1,409.60","1,409.60","1,397.70","-","-0.31%"
"03/19/2012","1,409.80","1,404.20","1,414.00","1,402.40","-","0.40%"
"03/16/2012","1,404.20","1,402.50","1,405.90","1,401.50","-","0.11%"
"03/15/2012","1,402.60","1,394.20","1,402.60","1,392.80","-","0.60%"
"03/14/2012","1,394.30","1,396.00","1,399.40","1,390.00","-","-0.12%"
"03/13/2012","1,396.00","1,371.90","1,396.10","1,371.90","-","1.82%"
"03/12/2012","1,371.10","1,370.80","1,373.00","1,366.70","-","0.01%"
"03/09/2012","1,370.90","1,366.00","1,374.80","1,366.00","-","0.37%"
"03/08/2012","1,365.90","1,352.70","1,368.70","1,352.70","-","0.98%"
"03/07/2012","1,352.60","1,343.40","1,354.80","1,343.40","-","0.68%"
"03/06/2012","1,343.40","1,363.60","1,363.60","1,340.00","-","-1.53%"
"03/05/2012","1,364.30","1,369.60","1,369.60","1,359.10","-","-0.39%"
"03/02/2012","1,369.60","1,374.10","1,374.50","1,366.40","-","-0.33%"
"03/01/2012","1,374.10","1,365.90","1,376.20","1,365.90","-","0.62%"
"02/29/2012","1,365.70","1,372.20","1,378.00","1,363.80","-","-0.47%"
"02/28/2012","1,372.20","1,367.60","1,373.10","1,366.00","-","0.34%"
"02/27/2012","1,367.60","1,365.20","1,371.90","1,354.90","-","0.14%"
"02/24/2012","1,365.70","1,363.50","1,368.90","1,363.50","-","0.16%"
"02/23/2012","1,363.50","1,357.50","1,364.20","1,352.30","-","0.43%"
"02/22/2012","1,357.70","1,362.10","1,362.70","1,355.50","-","-0.33%"
"02/21/2012","1,362.20","1,361.20","1,367.80","1,358.10","-","0.07%"
"02/17/2012","1,361.20","1,358.10","1,363.40","1,357.20","-","0.24%"
"02/16/2012","1,358.00","1,342.60","1,359.00","1,341.20","-","1.10%"
"02/15/2012","1,343.20","1,350.50","1,355.90","1,340.80","-","-0.54%"
"02/14/2012","1,350.50","1,351.30","1,351.30","1,340.80","-","-0.10%"
"02/13/2012","1,351.80","1,343.10","1,353.30","1,343.10","-","0.69%"
"02/10/2012","1,342.60","1,351.20","1,351.20","1,337.30","-","-0.70%"
"02/09/2012","1,352.00","1,350.00","1,354.30","1,344.60","-","0.15%"
"02/08/2012","1,350.00","1,347.00","1,351.00","1,342.00","-","0.22%"
"02/07/2012","1,347.00","1,344.30","1,349.20","1,335.90","-","0.20%"
"02/06/2012","1,344.30","1,344.30","1,344.40","1,337.50","-","-0.04%"
"02/03/2012","1,344.90","1,326.20","1,345.30","1,326.20","-","1.46%"
"02/02/2012","1,325.50","1,324.20","1,329.20","1,321.60","-","0.11%"
"02/01/2012","1,324.10","1,312.50","1,330.50","1,312.50","-","0.89%"
"01/31/2012","1,312.40","1,313.50","1,321.40","1,306.70","-","-0.05%"
"01/30/2012","1,313.00","1,316.20","1,316.20","1,300.50","-","-0.25%"
"01/27/2012","1,316.30","1,318.20","1,320.10","1,311.70","-","-0.16%"
"01/26/2012","1,318.40","1,326.30","1,333.50","1,313.60","-","-0.57%"
"01/25/2012","1,326.00","1,314.40","1,328.30","1,307.70","-","0.86%"
"01/24/2012","1,314.70","1,316.00","1,316.00","1,306.10","-","-0.10%"
"01/23/2012","1,316.00","1,315.30","1,322.30","1,309.90","-","0.05%"
"01/20/2012","1,315.40","1,314.50","1,315.40","1,309.20","-","0.07%"
"01/19/2012","1,314.50","1,308.10","1,315.50","1,308.10","-","0.50%"
"01/18/2012","1,308.00","1,293.70","1,308.10","1,291.00","-","1.11%"
"01/17/2012","1,293.70","1,290.20","1,303.00","1,290.20","-","0.36%"
"01/13/2012","1,289.10","1,294.80","1,294.80","1,277.60","-","-0.49%"
"01/12/2012","1,295.50","1,292.50","1,296.80","1,285.80","-","0.23%"
"01/11/2012","1,292.50","1,292.00","1,293.80","1,285.40","-","0.03%"
"01/10/2012","1,292.10","1,280.80","1,296.50","1,280.80","-","0.89%"
"01/09/2012","1,280.70","1,277.80","1,282.00","1,274.50","-","0.23%"
"01/06/2012","1,277.80","1,280.90","1,281.80","1,273.30","-","-0.26%"
"01/05/2012","1,281.10","1,277.30","1,283.00","1,265.30","-","0.30%"
"01/04/2012","1,277.30","1,277.00","1,278.70","1,268.10","-","0.02%"
"01/03/2012","1,277.10","1,258.90","1,284.60","1,258.90","-","1.55%"
"12/30/2011","1,257.60","1,262.80","1,264.10","1,257.50","-","-0.43%"
"12/29/2011","1,263.00","1,249.80","1,263.50","1,249.80","-","1.07%"
"12/28/2011","1,249.60","1,265.40","1,265.80","1,248.60","-","-1.25%"
"12/27/2011","1,265.40","1,265.00","1,269.40","1,262.30","-","0.01%"
"12/23/2011","1,265.30","1,254.00","1,265.40","1,254.00","-","0.90%"
"12/22/2011","1,254.00","1,243.70","1,255.20","1,243.70","-","0.83%"
"12/21/2011","1,243.70","1,241.20","1,245.10","1,229.50","-","0.19%"
"12/20/2011","1,241.30","1,205.70","1,242.80","1,205.70","-","2.99%"
"12/19/2011","1,205.30","1,219.70","1,224.60","1,202.40","-","-1.18%"
"12/16/2011","1,219.70","1,216.10","1,231.00","1,215.20","-","0.32%"
"12/15/2011","1,215.80","1,212.10","1,225.60","1,212.10","-","0.33%"
"12/14/2011","1,211.80","1,225.70","1,225.70","1,209.50","-","-1.13%"
"12/13/2011","1,225.70","1,236.80","1,249.90","1,219.40","-","-0.87%"
"12/12/2011","1,236.50","1,255.00","1,255.00","1,227.20","-","-1.49%"
"12/09/2011","1,255.20","1,234.50","1,258.20","1,234.50","-","1.69%"
"12/08/2011","1,234.30","1,260.90","1,260.90","1,231.50","-","-2.12%"
"12/07/2011","1,261.00","1,258.10","1,267.10","1,244.80","-","0.20%"
"12/06/2011","1,258.50","1,257.20","1,266.00","1,253.00","-","0.11%"
"12/05/2011","1,257.10","1,244.30","1,266.70","1,244.30","-","1.03%"
"12/02/2011","1,244.30","1,246.00","1,260.10","1,243.30","-","-0.02%"
"12/01/2011","1,244.60","1,246.90","1,251.10","1,239.70","-","-0.19%"
"11/30/2011","1,247.00","1,196.70","1,247.10","1,196.70","-","4.33%"
"11/29/2011","1,195.20","1,192.60","1,203.70","1,191.80","-","0.23%"
"11/28/2011","1,192.50","1,158.70","1,197.30","1,158.70","-","2.92%"
"11/25/2011","1,158.70","1,161.40","1,172.70","1,158.70","-","-0.27%"
"11/23/2011","1,161.80","1,187.50","1,187.50","1,161.80","-","-2.21%"
"11/22/2011","1,188.00","1,193.00","1,196.80","1,181.70","-","-0.42%"
"11/21/2011","1,193.00","1,215.60","1,215.60","1,183.20","-","-1.87%"
"11/18/2011","1,215.70","1,216.20","1,223.50","1,211.40","-","-0.03%"
"11/17/2011","1,216.10","1,236.60","1,237.70","1,209.40","-","-1.68%"
"11/16/2011","1,236.90","1,257.80","1,259.60","1,235.70","-","-1.66%"
"11/15/2011","1,257.80","1,251.70","1,264.20","1,244.30","-","0.48%"
"11/14/2011","1,251.80","1,263.80","1,263.80","1,246.70","-","-0.95%"
"11/11/2011","1,263.80","1,240.10","1,267.00","1,240.10","-","1.94%"
"11/10/2011","1,239.70","1,229.60","1,246.20","1,227.70","-","0.86%"
"11/09/2011","1,229.10","1,275.20","1,275.20","1,226.60","-","-3.67%"
"11/08/2011","1,275.90","1,261.10","1,277.50","1,255.00","-","1.17%"
"11/07/2011","1,261.10","1,253.20","1,261.70","1,240.80","-","0.63%"
"11/04/2011","1,253.20","1,260.80","1,260.80","1,238.90","-","-0.63%"
"11/03/2011","1,261.20","1,238.20","1,263.20","1,234.80","-","1.88%"
"11/02/2011","1,237.90","1,219.60","1,242.50","1,219.60","-","1.61%"
"11/01/2011","1,218.30","1,251.00","1,251.00","1,215.40","-","-2.79%"
"10/31/2011","1,253.30","1,285.00","1,285.00","1,253.20","-","-2.47%"
"10/28/2011","1,285.10","1,284.40","1,287.10","1,277.00","-","0.04%"
"10/27/2011","1,284.60","1,244.00","1,292.70","1,244.00","-","3.43%"
"10/26/2011","1,242.00","1,229.20","1,246.30","1,221.10","-","1.06%"
"10/25/2011","1,229.00","1,254.20","1,254.20","1,226.80","-","-2.01%"
"10/24/2011","1,254.20","1,238.70","1,256.50","1,238.70","-","1.29%"
"10/21/2011","1,238.20","1,215.40","1,239.00","1,215.40","-","1.88%"
"10/20/2011","1,215.40","1,211.10","1,219.50","1,197.30","-","0.45%"
"10/19/2011","1,209.90","1,223.50","1,229.60","1,206.30","-","-1.26%"
"10/18/2011","1,225.40","1,200.80","1,233.10","1,191.50","-","2.04%"
"10/17/2011","1,200.90","1,224.50","1,224.50","1,198.50","-","-1.94%"
"10/14/2011","1,224.60","1,205.70","1,224.60","1,205.70","-","1.74%"
"10/13/2011","1,203.70","1,207.00","1,207.50","1,190.60","-","-0.29%"
"10/12/2011","1,207.20","1,196.20","1,220.20","1,196.20","-","0.98%"
"10/11/2011","1,195.50","1,194.60","1,199.20","1,187.30","-","0.05%"
"10/10/2011","1,194.90","1,158.20","1,194.90","1,158.20","-","3.41%"
"10/07/2011","1,155.50","1,165.00","1,171.40","1,150.30","-","-0.82%"
"10/06/2011","1,165.00","1,144.10","1,165.50","1,135.00","-","1.84%"
"10/05/2011","1,144.00","1,124.00","1,146.10","1,115.70","-","1.78%"
"10/04/2011","1,124.00","1,097.40","1,125.10","1,074.80","-","2.26%"
"10/03/2011","1,099.20","1,131.20","1,139.00","1,098.90","-","-2.85%"
"09/30/2011","1,131.40","1,159.90","1,159.90","1,131.30","-","-2.50%"
"09/29/2011","1,160.40","1,151.70","1,175.90","1,139.90","-","0.81%"
"09/28/2011","1,151.10","1,175.40","1,184.70","1,150.40","-","-2.07%"
"09/27/2011","1,175.40","1,163.30","1,195.90","1,163.30","-","1.07%"
"09/26/2011","1,163.00","1,136.90","1,164.20","1,131.10","-","2.34%"
"09/23/2011","1,136.40","1,128.80","1,141.70","1,121.40","-","0.60%"
"09/22/2011","1,129.60","1,164.50","1,164.50","1,114.20","-","-3.19%"
"09/21/2011","1,166.80","1,203.60","1,206.30","1,166.20","-","-2.94%"
"09/20/2011","1,202.10","1,204.50","1,220.40","1,201.30","-","-0.17%"
"09/19/2011","1,204.10","1,215.00","1,215.00","1,188.40","-","-0.98%"
"09/16/2011","1,216.00","1,209.20","1,220.10","1,204.50","-","0.57%"
"09/15/2011","1,209.10","1,189.40","1,209.10","1,189.40","-","1.72%"
"09/14/2011","1,188.70","1,173.30","1,202.40","1,162.70","-","1.35%"
"09/13/2011","1,172.90","1,162.60","1,176.40","1,157.40","-","0.91%"
"09/12/2011","1,162.30","1,153.50","1,162.50","1,136.10","-","0.70%"
"09/09/2011","1,154.20","1,185.40","1,185.40","1,148.40","-","-2.67%"
"09/08/2011","1,185.90","1,198.00","1,204.40","1,183.30","-","-1.06%"
"09/07/2011","1,198.60","1,165.80","1,198.60","1,165.80","-","2.87%"
"09/06/2011","1,165.20","1,174.00","1,174.00","1,140.10","-","-0.75%"
"09/02/2011","1,174.00","1,203.90","1,203.90","1,170.60","-","-2.52%"
"09/01/2011","1,204.40","1,219.10","1,229.30","1,203.80","-","-1.19%"
"08/31/2011","1,218.90","1,213.00","1,230.70","1,209.30","-","0.49%"
"08/30/2011","1,212.90","1,209.80","1,220.10","1,195.80","-","0.23%"
"08/29/2011","1,210.10","1,177.90","1,210.30","1,177.90","-","2.83%"
"08/26/2011","1,176.80","1,158.80","1,181.20","1,135.90","-","1.51%"
"08/25/2011","1,159.30","1,176.70","1,190.70","1,155.50","-","-1.55%"
"08/24/2011","1,177.60","1,162.20","1,178.60","1,156.30","-","1.32%"
"08/23/2011","1,162.30","1,124.40","1,162.30","1,122.90","-","3.43%"
"08/22/2011","1,123.80","1,123.50","1,145.50","1,121.10","-","0.03%"
"08/19/2011","1,123.50","1,140.50","1,154.50","1,122.00","-","-1.51%"
"08/18/2011","1,140.70","1,189.60","1,189.60","1,131.00","-","-4.46%"
"08/17/2011","1,193.90","1,192.90","1,208.50","1,184.40","-","0.09%"
"08/16/2011","1,192.80","1,204.20","1,204.20","1,180.50","-","-0.97%"
"08/15/2011","1,204.50","1,178.90","1,204.50","1,178.90","-","2.18%"
"08/12/2011","1,178.80","1,172.90","1,189.00","1,170.70","-","0.53%"
"08/11/2011","1,172.60","1,121.30","1,186.30","1,121.30","-","4.62%"
"08/10/2011","1,120.80","1,171.80","1,171.80","1,118.00","-","-4.41%"
"08/09/2011","1,172.50","1,120.20","1,172.90","1,101.50","-","4.73%"
"08/08/2011","1,119.50","1,198.50","1,198.50","1,119.30","-","-6.66%"
"08/05/2011","1,199.40","1,200.30","1,218.10","1,168.10","-","-0.06%"
"08/04/2011","1,200.10","1,260.20","1,260.20","1,199.50","-","-4.78%"
"08/03/2011","1,260.30","1,254.20","1,261.20","1,234.60","-","0.50%"
"08/02/2011","1,254.00","1,286.60","1,286.60","1,254.00","-","-2.56%"
"08/01/2011","1,286.90","1,292.60","1,307.40","1,274.70","-","-0.42%"
"07/29/2011","1,292.30","1,300.10","1,304.20","1,282.90","-","-0.65%"
"07/28/2011","1,300.70","1,304.80","1,316.30","1,299.20","-","-0.32%"
"07/27/2011","1,304.90","1,331.90","1,331.90","1,303.50","-","-2.03%"
"07/26/2011","1,331.90","1,337.40","1,338.50","1,329.60","-","-0.41%"
"07/25/2011","1,337.40","1,344.30","1,344.30","1,331.10","-","-0.57%"
"07/22/2011","1,345.00","1,343.80","1,346.10","1,337.00","-","0.09%"
"07/21/2011","1,343.80","1,325.70","1,347.00","1,325.70","-","1.36%"
"07/20/2011","1,325.80","1,328.70","1,330.40","1,323.70","-","-0.07%"
"07/19/2011","1,326.70","1,307.10","1,328.10","1,307.10","-","1.63%"
"07/18/2011","1,305.40","1,315.90","1,315.90","1,295.90","-","-0.81%"
"07/15/2011","1,316.10","1,308.90","1,317.70","1,307.50","-","0.55%"
"07/14/2011","1,308.90","1,317.70","1,326.90","1,306.50","-","-0.67%"
"07/13/2011","1,317.70","1,314.50","1,331.50","1,314.50","-","0.31%"
"07/12/2011","1,313.60","1,319.60","1,327.20","1,313.30","-","-0.45%"
"07/11/2011","1,319.50","1,343.30","1,343.30","1,316.40","-","-1.81%"
"07/08/2011","1,343.80","1,352.40","1,352.40","1,333.70","-","-0.69%"
"07/07/2011","1,353.20","1,339.60","1,356.50","1,339.60","-","1.05%"
"07/06/2011","1,339.20","1,337.60","1,340.90","1,330.90","-","0.10%"
"07/05/2011","1,337.90","1,339.60","1,340.90","1,334.30","-","-0.13%"
"07/01/2011","1,339.70","1,320.60","1,341.00","1,318.20","-","1.45%"
"06/30/2011","1,320.60","1,307.60","1,322.00","1,307.60","-","1.01%"
"06/29/2011","1,307.40","1,296.80","1,309.20","1,296.80","-","0.83%"
"06/28/2011","1,296.70","1,280.20","1,296.80","1,280.20","-","1.30%"
"06/27/2011","1,280.10","1,268.40","1,284.90","1,267.50","-","0.91%"
"06/24/2011","1,268.50","1,283.00","1,283.90","1,267.20","-","-1.17%"
"06/23/2011","1,283.50","1,286.60","1,286.60","1,262.90","-","-0.28%"
"06/22/2011","1,287.10","1,295.50","1,298.60","1,286.80","-","-0.65%"
"06/21/2011","1,295.50","1,278.40","1,297.60","1,278.40","-","1.34%"
"06/20/2011","1,278.40","1,271.50","1,280.40","1,267.60","-","0.54%"
"06/17/2011","1,271.50","1,268.60","1,279.80","1,267.40","-","0.31%"
"06/16/2011","1,267.60","1,265.50","1,274.10","1,258.10","-","0.17%"
"06/15/2011","1,265.40","1,287.90","1,287.90","1,261.90","-","-1.75%"
"06/14/2011","1,287.90","1,272.20","1,292.50","1,272.20","-","1.27%"
"06/13/2011","1,271.80","1,271.30","1,277.00","1,265.60","-","0.06%"
"06/10/2011","1,271.00","1,288.60","1,288.60","1,268.30","-","-1.40%"
"06/09/2011","1,289.00","1,279.60","1,294.50","1,279.60","-","0.73%"
"06/08/2011","1,279.60","1,284.60","1,287.00","1,277.40","-","-0.41%"
"06/07/2011","1,284.90","1,286.30","1,296.20","1,284.70","-","-0.10%"
"06/06/2011","1,286.20","1,300.30","1,300.30","1,284.70","-","-1.08%"
"06/03/2011","1,300.20","1,312.90","1,312.90","1,297.90","-","-0.97%"
"06/02/2011","1,312.90","1,314.50","1,318.00","1,305.60","-","-0.12%"
"06/01/2011","1,314.50","1,345.20","1,345.20","1,313.70","-","-2.28%"
"05/31/2011","1,345.20","1,331.10","1,345.20","1,331.10","-","1.06%"
"05/27/2011","1,331.10","1,325.70","1,334.60","1,325.70","-","0.41%"
"05/26/2011","1,325.70","1,320.60","1,328.50","1,314.40","-","0.39%"
"05/25/2011","1,320.50","1,316.40","1,325.90","1,311.80","-","0.32%"
"05/24/2011","1,316.30","1,317.70","1,323.70","1,313.90","-","-0.08%"
"05/23/2011","1,317.40","1,333.10","1,333.10","1,312.90","-","-1.19%"
"05/20/2011","1,333.30","1,342.00","1,342.00","1,330.70","-","-0.77%"
"05/19/2011","1,343.60","1,342.40","1,346.80","1,336.40","-","0.22%"
"05/18/2011","1,340.70","1,328.50","1,341.80","1,326.60","-","0.88%"
"05/17/2011","1,329.00","1,326.10","1,330.40","1,318.50","-","-0.04%"
"05/16/2011","1,329.50","1,334.80","1,343.30","1,327.30","-","-0.62%"
"05/13/2011","1,337.80","1,348.70","1,350.50","1,333.40","-","-0.81%"
"05/12/2011","1,348.70","1,339.40","1,351.00","1,332.00","-","0.49%"
"05/11/2011","1,342.10","1,354.50","1,354.50","1,336.40","-","-1.11%"
"05/10/2011","1,357.20","1,348.30","1,359.40","1,348.30","-","0.81%"
"05/09/2011","1,346.30","1,340.20","1,349.40","1,338.60","-","0.46%"
"05/06/2011","1,340.20","1,340.20","1,354.40","1,335.60","-","0.38%"
"05/05/2011","1,335.10","1,344.20","1,348.00","1,329.20","-","-0.91%"
"05/04/2011","1,347.30","1,355.90","1,355.90","1,341.50","-","-0.69%"
"05/03/2011","1,356.60","1,359.80","1,360.80","1,349.50","-","-0.34%"
"05/02/2011","1,361.20","1,365.20","1,370.60","1,358.60","-","-0.18%"
"04/29/2011","1,363.60","1,360.10","1,364.60","1,358.70","-","0.23%"
"04/28/2011","1,360.50","1,353.90","1,361.70","1,353.60","-","0.35%"
"04/27/2011","1,355.70","1,348.40","1,357.50","1,344.20","-","0.63%"
"04/26/2011","1,347.20","1,336.80","1,349.50","1,336.80","-","0.90%"
"04/25/2011","1,335.20","1,337.10","1,337.50","1,331.50","-","-0.16%"
"04/21/2011","1,337.40","1,333.20","1,337.50","1,332.80","-","0.53%"
"04/20/2011","1,330.40","1,319.10","1,332.70","1,319.10","-","1.36%"
"04/19/2011","1,312.60","1,306.00","1,312.70","1,304.00","-","0.57%"
"04/18/2011","1,305.10","1,313.30","1,313.30","1,294.70","-","-1.11%"
"04/15/2011","1,319.70","1,314.50","1,322.90","1,313.70","-","0.40%"
"04/14/2011","1,314.50","1,311.10","1,316.80","1,302.40","-","0.01%"
"04/13/2011","1,314.40","1,314.00","1,321.30","1,309.20","-","0.02%"
"04/12/2011","1,314.20","1,322.00","1,322.00","1,309.50","-","-0.78%"
"04/11/2011","1,324.50","1,329.00","1,333.80","1,321.10","-","-0.28%"
"04/08/2011","1,328.20","1,336.20","1,339.50","1,322.90","-","-0.40%"
"04/07/2011","1,333.50","1,334.80","1,338.80","1,326.60","-","-0.15%"
"04/06/2011","1,335.50","1,335.90","1,339.40","1,331.10","-","0.22%"
"04/05/2011","1,332.60","1,332.00","1,338.20","1,330.00","-","-0.02%"
"04/04/2011","1,332.90","1,333.60","1,336.70","1,329.10","-","0.04%"
"04/01/2011","1,332.40","1,329.50","1,337.80","1,328.90","-","0.50%"
"03/31/2011","1,325.80","1,327.40","1,329.80","1,325.00","-","-0.19%"
"03/30/2011","1,328.30","1,321.90","1,331.70","1,321.90","-","0.67%"
"03/29/2011","1,319.40","1,309.40","1,319.50","1,305.30","-","0.70%"
"03/28/2011","1,310.20","1,315.50","1,319.70","1,310.20","-","-0.27%"
"03/25/2011","1,313.80","1,311.80","1,319.20","1,310.20","-","0.31%"
"03/24/2011","1,309.70","1,300.60","1,311.30","1,297.70","-","0.94%"
"03/23/2011","1,297.50","1,292.20","1,300.50","1,284.00","-","0.29%"
"03/22/2011","1,293.80","1,298.30","1,299.30","1,292.70","-","-0.35%"
"03/21/2011","1,298.40","1,281.70","1,300.60","1,281.70","-","1.50%"
"03/18/2011","1,279.20","1,276.70","1,288.90","1,276.20","-","0.43%"
"03/17/2011","1,273.70","1,261.60","1,278.90","1,261.60","-","1.34%"
"03/16/2011","1,256.90","1,279.50","1,280.90","1,249.00","-","-1.95%"
"03/15/2011","1,281.90","1,288.50","1,288.50","1,261.10","-","-1.12%"
"03/14/2011","1,296.40","1,301.20","1,301.20","1,286.40","-","-0.61%"
"03/11/2011","1,304.30","1,293.40","1,308.30","1,292.00","-","0.71%"
"03/10/2011","1,295.10","1,315.70","1,315.70","1,294.20","-","-1.89%"
"03/09/2011","1,320.00","1,319.90","1,323.20","1,312.30","-","-0.14%"
"03/08/2011","1,321.80","1,311.00","1,325.70","1,306.90","-","0.89%"
"03/07/2011","1,310.10","1,322.70","1,327.70","1,304.00","-","-0.84%"
"03/04/2011","1,321.20","1,330.70","1,331.10","1,312.60","-","-0.74%"
"03/03/2011","1,331.00","1,312.40","1,332.30","1,312.40","-","1.73%"
"03/02/2011","1,308.40","1,305.50","1,314.20","1,302.60","-","0.16%"
"03/01/2011","1,306.30","1,328.60","1,332.10","1,306.10","-","-1.57%"
"02/28/2011","1,327.20","1,321.60","1,329.40","1,320.50","-","0.55%"
"02/25/2011","1,319.90","1,307.30","1,320.60","1,307.30","-","1.06%"
"02/24/2011","1,306.10","1,307.10","1,310.90","1,294.30","-","-0.10%"
"02/23/2011","1,307.40","1,315.40","1,317.90","1,299.50","-","-0.61%"
"02/22/2011","1,315.40","1,338.90","1,338.90","1,312.30","-","-2.06%"
"02/18/2011","1,343.00","1,340.40","1,344.10","1,338.10","-","0.19%"
"02/17/2011","1,340.40","1,334.40","1,341.50","1,331.00","-","0.31%"
"02/16/2011","1,336.30","1,329.50","1,337.60","1,329.50","-","0.62%"
"02/15/2011","1,328.00","1,330.40","1,330.40","1,324.60","-","-0.32%"
"02/14/2011","1,332.30","1,328.70","1,333.00","1,326.90","-","0.23%"
"02/11/2011","1,329.20","1,318.70","1,330.80","1,316.10","-","0.55%"
"02/10/2011","1,321.90","1,318.10","1,322.80","1,311.70","-","0.08%"
"02/09/2011","1,320.90","1,322.50","1,324.50","1,314.90","-","-0.28%"
"02/08/2011","1,324.60","1,318.80","1,324.90","1,316.00","-","0.42%"
"02/07/2011","1,319.00","1,311.80","1,322.80","1,311.80","-","0.62%"
"02/04/2011","1,310.90","1,307.00","1,311.00","1,301.70","-","0.29%"
"02/03/2011","1,307.10","1,302.80","1,308.60","1,294.80","-","0.24%"
"02/02/2011","1,304.00","1,305.90","1,307.60","1,302.60","-","-0.28%"
"02/01/2011","1,307.60","1,289.10","1,308.90","1,289.10","-","1.67%"
"01/31/2011","1,286.10","1,276.50","1,287.20","1,276.50","-","0.77%"
"01/28/2011","1,276.30","1,299.60","1,302.70","1,275.10","-","-1.79%"
"01/27/2011","1,299.50","1,297.50","1,301.30","1,294.40","-","0.22%"
"01/26/2011","1,296.60","1,292.00","1,299.70","1,292.00","-","0.42%"
"01/25/2011","1,291.20","1,288.20","1,291.30","1,281.10","-","0.03%"
"01/24/2011","1,290.80","1,283.30","1,291.90","1,282.50","-","0.58%"
"01/21/2011","1,283.30","1,283.60","1,291.20","1,282.10","-","0.23%"
"01/20/2011","1,280.30","1,280.80","1,283.30","1,271.30","-","-0.12%"
"01/19/2011","1,281.90","1,294.50","1,294.60","1,278.90","-","-1.01%"
"01/18/2011","1,295.00","1,293.20","1,296.10","1,290.20","-","0.14%"
"01/14/2011","1,293.20","1,282.90","1,293.20","1,281.20","-","0.73%"
"01/13/2011","1,283.80","1,285.80","1,286.70","1,280.50","-","-0.17%"
"01/12/2011","1,286.00","1,275.70","1,286.90","1,275.70","-","0.90%"
"01/11/2011","1,274.50","1,272.60","1,277.20","1,269.60","-","0.37%"
"01/10/2011","1,269.80","1,270.80","1,271.50","1,262.20","-","-0.13%"
"01/07/2011","1,271.50","1,274.40","1,276.80","1,261.70","-","-0.18%"
"01/06/2011","1,273.80","1,276.30","1,278.20","1,270.40","-","-0.22%"
"01/05/2011","1,276.60","1,268.80","1,277.60","1,265.40","-","0.50%"
"01/04/2011","1,270.20","1,273.00","1,274.10","1,262.70","-","-0.13%"
"01/03/2011","1,271.90","1,257.60","1,276.20","1,257.60","-","1.14%"
"12/31/2010","1,257.60","1,256.80","1,259.30","1,254.20","-","-0.02%"
"12/30/2010","1,257.90","1,259.40","1,261.10","1,256.30","-","-0.15%"
"12/29/2010","1,259.80","1,258.80","1,262.60","1,258.80","-","0.10%"
"12/28/2010","1,258.50","1,259.10","1,259.90","1,256.20","-","0.08%"
"12/27/2010","1,257.50","1,254.70","1,258.40","1,251.50","-","0.06%"
"12/23/2010","1,256.80","1,257.50","1,258.60","1,254.00","-","-0.16%"
"12/22/2010","1,258.80","1,254.90","1,259.40","1,254.90","-","0.33%"
"12/21/2010","1,254.60","1,249.40","1,255.80","1,249.40","-","0.60%"
"12/20/2010","1,247.10","1,245.80","1,250.20","1,241.50","-","0.26%"
"12/17/2010","1,243.90","1,243.60","1,245.80","1,239.90","-","0.08%"
"12/16/2010","1,242.90","1,236.30","1,243.80","1,232.80","-","0.62%"
"12/15/2010","1,235.20","1,241.60","1,244.20","1,234.00","-","-0.52%"
"12/14/2010","1,241.60","1,241.80","1,246.60","1,238.20","-","0.09%"
"12/13/2010","1,240.50","1,242.50","1,246.70","1,240.30","-","0.01%"
"12/10/2010","1,240.40","1,233.80","1,240.40","1,232.60","-","0.60%"
"12/09/2010","1,233.00","1,230.10","1,234.70","1,226.80","-","0.38%"
"12/08/2010","1,228.30","1,225.00","1,228.90","1,219.50","-","0.37%"
"12/07/2010","1,223.80","1,227.20","1,235.00","1,223.20","-","0.06%"
"12/06/2010","1,223.10","1,223.90","1,225.80","1,220.70","-","-0.13%"
"12/03/2010","1,224.70","1,219.90","1,225.60","1,216.80","-","0.26%"
"12/02/2010","1,221.50","1,206.80","1,221.90","1,206.80","-","1.28%"
"12/01/2010","1,206.10","1,186.60","1,207.60","1,186.60","-","2.17%"
"11/30/2010","1,180.50","1,183.00","1,187.40","1,174.10","-","-0.61%"
"11/29/2010","1,187.80","1,189.10","1,190.30","1,173.60","-","-0.13%"
"11/26/2010","1,189.40","1,194.20","1,194.20","1,186.90","-","-0.74%"
"11/24/2010","1,198.30","1,183.70","1,198.60","1,183.70","-","1.49%"
"11/23/2010","1,180.70","1,192.50","1,192.50","1,176.90","-","-1.43%"
"11/22/2010","1,197.80","1,198.10","1,198.90","1,184.60","-","-0.16%"
"11/19/2010","1,199.70","1,196.10","1,200.00","1,189.40","-","0.25%"
"11/18/2010","1,196.70","1,183.80","1,200.30","1,183.80","-","1.54%"
"11/17/2010","1,178.60","1,178.30","1,183.60","1,175.80","-","0.03%"
"11/16/2010","1,178.30","1,194.80","1,194.80","1,173.00","-","-1.63%"
"11/15/2010","1,197.80","1,200.40","1,207.40","1,197.20","-","-0.12%"
"11/12/2010","1,199.20","1,209.10","1,210.50","1,194.10","-","-1.18%"
"11/11/2010","1,213.50","1,213.00","1,215.50","1,204.50","-","-0.43%"
"11/10/2010","1,218.70","1,213.10","1,218.80","1,204.30","-","0.44%"
"11/09/2010","1,213.40","1,223.60","1,226.80","1,208.90","-","-0.80%"
"11/08/2010","1,223.20","1,223.20","1,224.60","1,217.50","-","-0.21%"
"11/05/2010","1,225.80","1,221.20","1,227.10","1,220.30","-","0.38%"
"11/04/2010","1,221.10","1,198.30","1,221.20","1,198.30","-","1.93%"
"11/03/2010","1,198.00","1,193.80","1,198.30","1,183.60","-","0.37%"
"11/02/2010","1,193.60","1,187.90","1,195.90","1,187.90","-","0.78%"
"11/01/2010","1,184.40","1,185.70","1,195.80","1,177.70","-","0.09%"
"10/29/2010","1,183.30","1,183.90","1,185.50","1,179.70","-","-0.04%"
"10/28/2010","1,183.80","1,184.50","1,189.50","1,177.10","-","0.11%"
"10/27/2010","1,182.50","1,183.80","1,183.80","1,171.70","-","-0.26%"
"10/26/2010","1,185.60","1,184.90","1,187.10","1,177.70","-","0.00%"
"10/25/2010","1,185.60","1,184.70","1,196.10","1,184.70","-","0.21%"
"10/22/2010","1,183.10","1,180.50","1,183.90","1,179.00","-","0.24%"
"10/21/2010","1,180.30","1,179.80","1,189.40","1,171.20","-","0.18%"
"10/20/2010","1,178.20","1,166.70","1,182.90","1,166.70","-","1.05%"
"10/19/2010","1,165.90","1,178.60","1,178.60","1,159.70","-","-1.59%"
"10/18/2010","1,184.70","1,176.80","1,185.50","1,174.50","-","0.72%"
"10/15/2010","1,176.20","1,177.50","1,181.20","1,167.10","-","0.20%"
"10/14/2010","1,173.80","1,177.80","1,178.90","1,166.70","-","-0.36%"
"10/13/2010","1,178.10","1,171.30","1,184.40","1,171.30","-","0.71%"
"10/12/2010","1,169.80","1,164.30","1,172.60","1,155.70","-","0.39%"
"10/11/2010","1,165.30","1,165.30","1,168.70","1,162.00","-","0.01%"
"10/08/2010","1,165.20","1,158.40","1,167.70","1,155.60","-","0.61%"
"10/07/2010","1,158.10","1,161.60","1,163.90","1,151.40","-","-0.16%"
"10/06/2010","1,160.00","1,159.80","1,162.30","1,154.80","-","-0.07%"
"10/05/2010","1,160.80","1,140.70","1,162.80","1,140.70","-","2.09%"
"10/04/2010","1,137.00","1,145.00","1,148.20","1,131.90","-","-0.80%"
"10/01/2010","1,146.20","1,143.50","1,150.30","1,139.40","-","0.44%"
"09/30/2010","1,141.20","1,146.00","1,157.20","1,136.10","-","-0.31%"
"09/29/2010","1,144.70","1,146.80","1,148.60","1,140.30","-","-0.26%"
"09/28/2010","1,147.70","1,142.30","1,150.00","1,132.10","-","0.48%"
"09/27/2010","1,142.20","1,148.60","1,149.90","1,142.00","-","-0.57%"
"09/24/2010","1,148.70","1,131.70","1,148.90","1,131.70","-","2.12%"
"09/23/2010","1,124.80","1,131.10","1,136.80","1,122.80","-","-0.84%"
"09/22/2010","1,134.30","1,139.50","1,144.40","1,131.60","-","-0.48%"
"09/21/2010","1,139.80","1,142.80","1,148.60","1,136.20","-","-0.25%"
"09/20/2010","1,142.70","1,126.60","1,144.90","1,126.60","-","1.52%"
"09/17/2010","1,125.60","1,126.40","1,131.50","1,122.40","-","0.08%"
"09/16/2010","1,124.70","1,123.90","1,125.40","1,118.90","-","-0.04%"
"09/15/2010","1,125.10","1,119.40","1,126.50","1,114.60","-","0.36%"
"09/14/2010","1,121.10","1,121.20","1,127.40","1,115.60","-","-0.07%"
"09/13/2010","1,121.90","1,113.40","1,123.90","1,113.40","-","1.12%"
"09/10/2010","1,109.50","1,104.60","1,110.90","1,103.90","-","0.48%"
"09/09/2010","1,104.20","1,101.20","1,110.30","1,101.20","-","0.48%"
"09/08/2010","1,098.90","1,092.40","1,103.30","1,092.40","-","0.65%"
"09/07/2010","1,091.80","1,102.60","1,102.60","1,091.20","-","-1.15%"
"09/03/2010","1,104.50","1,093.60","1,105.10","1,093.60","-","1.32%"
"09/02/2010","1,090.10","1,080.70","1,090.10","1,080.40","-","0.91%"
"09/01/2010","1,080.30","1,049.70","1,081.30","1,049.70","-","2.95%"
"08/31/2010","1,049.30","1,046.90","1,055.10","1,040.90","-","0.04%"
"08/30/2010","1,048.90","1,062.90","1,064.40","1,048.80","-","-1.47%"
"08/27/2010","1,064.60","1,049.30","1,065.20","1,039.70","-","1.66%"
"08/26/2010","1,047.20","1,056.30","1,061.50","1,045.40","-","-0.77%"
"08/25/2010","1,055.30","1,049.00","1,059.40","1,039.80","-","0.32%"
"08/24/2010","1,051.90","1,063.20","1,063.20","1,046.70","-","-1.45%"
"08/23/2010","1,067.40","1,073.40","1,081.60","1,067.10","-","-0.40%"
"08/20/2010","1,071.70","1,075.60","1,075.60","1,063.90","-","-0.36%"
"08/19/2010","1,075.60","1,092.40","1,092.40","1,070.70","-","-1.70%"
"08/18/2010","1,094.20","1,092.10","1,099.80","1,085.80","-","0.16%"
"08/17/2010","1,092.50","1,081.20","1,100.10","1,081.20","-","1.21%"
"08/16/2010","1,079.40","1,077.50","1,082.60","1,069.50","-","0.02%"
"08/13/2010","1,079.20","1,082.20","1,086.20","1,079.00","-","-0.41%"
"08/12/2010","1,083.60","1,081.50","1,086.70","1,076.70","-","-0.54%"
"08/11/2010","1,089.50","1,116.90","1,116.90","1,088.50","-","-2.82%"
"08/10/2010","1,121.10","1,122.90","1,127.20","1,111.60","-","-0.59%"
"08/09/2010","1,127.80","1,122.80","1,129.20","1,120.90","-","0.55%"
"08/06/2010","1,121.60","1,122.10","1,123.10","1,107.20","-","-0.37%"
"08/05/2010","1,125.80","1,125.80","1,126.60","1,118.80","-","-0.12%"
"08/04/2010","1,127.20","1,121.10","1,128.80","1,119.50","-","0.60%"
"08/03/2010","1,120.50","1,125.30","1,125.40","1,116.80","-","-0.48%"
"08/02/2010","1,125.90","1,107.50","1,127.30","1,107.50","-","2.21%"
"07/30/2010","1,101.60","1,098.40","1,106.40","1,088.00","-","0.01%"
"07/29/2010","1,101.50","1,108.10","1,115.90","1,092.80","-","-0.42%"
"07/28/2010","1,106.10","1,112.80","1,114.70","1,103.10","-","-0.69%"
"07/27/2010","1,113.80","1,117.40","1,121.00","1,109.80","-","-0.11%"
"07/26/2010","1,115.00","1,102.90","1,115.00","1,101.30","-","1.12%"
"07/23/2010","1,102.70","1,092.20","1,103.70","1,087.90","-","0.82%"
"07/22/2010","1,093.70","1,072.10","1,097.50","1,072.10","-","2.25%"
"07/21/2010","1,069.60","1,086.70","1,089.00","1,065.20","-","-1.28%"
"07/20/2010","1,083.50","1,064.50","1,083.90","1,056.90","-","1.15%"
"07/19/2010","1,071.20","1,066.80","1,074.70","1,061.10","-","0.59%"
"07/16/2010","1,064.90","1,093.80","1,093.80","1,063.30","-","-2.88%"
"07/15/2010","1,096.50","1,094.50","1,098.70","1,080.50","-","0.12%"
"07/14/2010","1,095.20","1,095.60","1,099.10","1,087.70","-","-0.01%"
"07/13/2010","1,095.30","1,080.70","1,099.50","1,080.70","-","1.53%"
"07/12/2010","1,078.80","1,077.20","1,080.80","1,070.50","-","0.07%"
"07/09/2010","1,078.00","1,070.50","1,078.20","1,068.10","-","0.73%"
"07/08/2010","1,070.20","1,062.90","1,071.20","1,058.20","-","0.93%"
"07/07/2010","1,060.30","1,028.50","1,060.90","1,028.50","-","3.13%"
"07/06/2010","1,028.10","1,028.10","1,042.50","1,018.40","-","0.54%"
"07/02/2010","1,022.60","1,027.70","1,033.00","1,015.90","-","-0.47%"
"07/01/2010","1,027.40","1,031.10","1,033.60","1,010.90","-","-0.32%"
"06/30/2010","1,030.70","1,040.60","1,048.10","1,028.30","-","-1.01%"
"06/29/2010","1,041.20","1,071.10","1,071.10","1,035.20","-","-3.11%"
"06/28/2010","1,074.60","1,077.50","1,082.60","1,071.50","-","-0.20%"
"06/25/2010","1,076.80","1,075.10","1,083.60","1,067.90","-","0.29%"
"06/24/2010","1,073.70","1,090.90","1,090.90","1,071.60","-","-1.68%"
"06/23/2010","1,092.00","1,095.60","1,099.60","1,085.30","-","-0.30%"
"06/22/2010","1,095.30","1,113.90","1,118.50","1,094.20","-","-1.61%"
"06/21/2010","1,113.20","1,122.80","1,131.20","1,108.20","-","-0.38%"
"06/18/2010","1,117.50","1,116.20","1,121.00","1,113.90","-","0.13%"
"06/17/2010","1,116.00","1,116.00","1,117.70","1,105.90","-","0.13%"
"06/16/2010","1,114.60","1,114.00","1,118.70","1,107.10","-","-0.05%"
"06/15/2010","1,115.20","1,091.20","1,115.60","1,091.20","-","2.35%"
"06/14/2010","1,089.60","1,095.00","1,105.90","1,089.00","-","-0.18%"
"06/11/2010","1,091.60","1,082.70","1,092.20","1,077.10","-","0.44%"
"06/10/2010","1,086.80","1,058.80","1,087.80","1,058.80","-","2.95%"
"06/09/2010","1,055.70","1,062.80","1,077.70","1,052.20","-","-0.59%"
"06/08/2010","1,062.00","1,050.80","1,063.20","1,042.20","-","1.09%"
"06/07/2010","1,050.50","1,065.80","1,071.40","1,049.90","-","-1.35%"
"06/04/2010","1,064.90","1,098.40","1,098.40","1,060.50","-","-3.44%"
"06/03/2010","1,102.80","1,098.80","1,105.70","1,091.80","-","0.40%"
"06/02/2010","1,098.40","1,073.00","1,098.60","1,072.00","-","2.59%"
"06/01/2010","1,070.70","1,087.30","1,094.80","1,069.90","-","-1.72%"
"05/28/2010","1,089.40","1,102.60","1,102.60","1,084.80","-","-1.24%"
"05/27/2010","1,103.10","1,074.30","1,103.50","1,074.30","-","3.29%"
"05/26/2010","1,068.00","1,075.50","1,090.80","1,065.60","-","-0.56%"
"05/25/2010","1,074.00","1,067.40","1,074.80","1,040.80","-","0.03%"
"05/24/2010","1,073.70","1,084.80","1,090.00","1,072.70","-","-1.29%"
"05/21/2010","1,087.70","1,067.30","1,090.20","1,055.90","-","1.50%"
"05/20/2010","1,071.60","1,107.30","1,107.30","1,071.60","-","-3.89%"
"05/19/2010","1,115.00","1,119.60","1,124.30","1,100.70","-","-0.52%"
"05/18/2010","1,120.80","1,138.80","1,148.70","1,117.20","-","-1.42%"
"05/17/2010","1,136.90","1,136.50","1,141.90","1,115.00","-","0.11%"
"05/14/2010","1,135.70","1,157.20","1,157.20","1,126.10","-","-1.87%"
"05/13/2010","1,157.40","1,170.00","1,173.60","1,156.10","-","-1.22%"
"05/12/2010","1,171.70","1,155.40","1,172.90","1,155.40","-","1.38%"
"05/11/2010","1,155.80","1,156.40","1,170.50","1,147.70","-","-0.34%"
"05/10/2010","1,159.70","1,122.30","1,163.80","1,122.30","-","4.39%"
"05/07/2010","1,110.90","1,127.00","1,135.10","1,094.20","-","-1.53%"
"05/06/2010","1,128.20","1,164.40","1,167.60","1,065.80","-","-3.23%"
"05/05/2010","1,165.90","1,169.20","1,176.00","1,158.20","-","-0.66%"
"05/04/2010","1,173.60","1,197.50","1,197.50","1,168.10","-","-2.39%"
"05/03/2010","1,202.30","1,188.60","1,205.10","1,188.60","-","1.31%"
"04/30/2010","1,186.70","1,206.80","1,208.00","1,186.30","-","-1.67%"
"04/29/2010","1,206.80","1,193.30","1,209.40","1,193.30","-","1.29%"
"04/28/2010","1,191.40","1,184.60","1,195.00","1,181.80","-","0.65%"
"04/27/2010","1,183.70","1,209.90","1,211.40","1,181.60","-","-2.33%"
"04/26/2010","1,212.00","1,217.10","1,219.80","1,211.10","-","-0.44%"
"04/23/2010","1,217.30","1,207.90","1,217.30","1,205.10","-","0.71%"
"04/22/2010","1,208.70","1,202.50","1,210.30","1,190.20","-","0.23%"
"04/21/2010","1,205.90","1,207.20","1,211.00","1,198.80","-","-0.11%"
"04/20/2010","1,207.20","1,199.00","1,208.60","1,199.00","-","0.81%"
"04/19/2010","1,197.50","1,192.10","1,197.90","1,183.70","-","0.45%"
"04/16/2010","1,192.10","1,210.20","1,210.20","1,186.80","-","-1.62%"
"04/15/2010","1,211.70","1,210.80","1,213.90","1,208.50","-","0.08%"
"04/14/2010","1,210.70","1,198.70","1,210.70","1,198.70","-","1.12%"
"04/13/2010","1,197.30","1,195.90","1,199.00","1,188.80","-","0.07%"
"04/12/2010","1,196.50","1,194.90","1,199.20","1,194.70","-","0.18%"
"04/09/2010","1,194.40","1,187.50","1,194.70","1,187.20","-","0.67%"
"04/08/2010","1,186.40","1,181.80","1,188.50","1,175.10","-","0.33%"
"04/07/2010","1,182.50","1,188.20","1,189.60","1,177.20","-","-0.58%"
"04/06/2010","1,189.40","1,186.00","1,191.80","1,182.80","-","0.17%"
"04/05/2010","1,187.40","1,178.70","1,187.70","1,178.70","-","0.79%"
"04/01/2010","1,178.10","1,171.20","1,181.40","1,170.70","-","0.74%"
"03/31/2010","1,169.40","1,171.80","1,174.60","1,165.80","-","-0.33%"
"03/30/2010","1,173.30","1,173.80","1,177.80","1,168.90","-","0.01%"
"03/29/2010","1,173.20","1,167.70","1,174.80","1,167.70","-","0.57%"
"03/26/2010","1,166.60","1,167.60","1,173.90","1,161.50","-","0.08%"
"03/25/2010","1,165.70","1,170.00","1,180.70","1,165.10","-","-0.17%"
"03/24/2010","1,167.70","1,172.70","1,173.00","1,166.00","-","-0.55%"
"03/23/2010","1,174.20","1,166.50","1,174.70","1,163.80","-","0.72%"
"03/22/2010","1,165.80","1,157.20","1,167.80","1,152.90","-","0.51%"
"03/19/2010","1,159.90","1,166.70","1,169.20","1,155.30","-","-0.51%"
"03/18/2010","1,165.80","1,166.10","1,167.80","1,161.20","-","-0.03%"
"03/17/2010","1,166.20","1,159.90","1,169.80","1,159.90","-","0.58%"
"03/16/2010","1,159.50","1,150.80","1,160.30","1,150.30","-","0.78%"
"03/15/2010","1,150.50","1,148.50","1,151.00","1,141.50","-","0.04%"
"03/12/2010","1,150.00","1,151.70","1,153.40","1,147.00","-","-0.02%"
"03/11/2010","1,150.20","1,144.00","1,150.20","1,139.00","-","0.40%"
"03/10/2010","1,145.60","1,140.20","1,148.30","1,140.10","-","0.45%"
"03/09/2010","1,140.50","1,137.60","1,145.40","1,134.90","-","0.18%"
"03/08/2010","1,138.50","1,138.40","1,141.00","1,136.80","-","-0.02%"
"03/05/2010","1,138.70","1,125.10","1,139.40","1,125.10","-","1.40%"
"03/04/2010","1,123.00","1,119.10","1,123.70","1,116.70","-","0.38%"
"03/03/2010","1,118.80","1,119.40","1,125.60","1,116.60","-","0.04%"
"03/02/2010","1,118.30","1,117.00","1,123.50","1,116.50","-","0.23%"
"03/01/2010","1,115.70","1,105.40","1,116.10","1,105.40","-","1.01%"
"02/26/2010","1,104.50","1,103.10","1,107.20","1,097.60","-","0.15%"
"02/25/2010","1,102.90","1,101.20","1,103.50","1,086.00","-","-0.21%"
"02/24/2010","1,105.20","1,095.90","1,106.40","1,095.50","-","0.97%"
"02/23/2010","1,094.60","1,107.50","1,108.60","1,092.20","-","-1.21%"
"02/22/2010","1,108.00","1,110.00","1,112.30","1,105.40","-","-0.11%"
"02/19/2010","1,109.20","1,105.50","1,112.40","1,100.80","-","0.22%"
"02/18/2010","1,106.80","1,099.00","1,108.20","1,097.50","-","0.66%"
"02/17/2010","1,099.50","1,096.10","1,101.00","1,094.70","-","0.42%"
"02/16/2010","1,094.90","1,079.10","1,095.70","1,079.10","-","1.80%"
"02/12/2010","1,075.50","1,076.00","1,077.80","1,063.00","-","-0.28%"
"02/11/2010","1,078.50","1,067.10","1,080.00","1,060.60","-","0.97%"
"02/10/2010","1,068.10","1,069.70","1,073.70","1,059.30","-","-0.22%"
"02/09/2010","1,070.50","1,060.10","1,079.30","1,060.10","-","1.31%"
"02/08/2010","1,056.70","1,065.50","1,071.20","1,056.50","-","-0.89%"
"02/05/2010","1,066.20","1,064.10","1,067.10","1,044.50","-","0.29%"
"02/04/2010","1,063.10","1,097.20","1,097.20","1,062.80","-","-3.12%"
"02/03/2010","1,097.30","1,100.70","1,102.70","1,094.00","-","-0.54%"
"02/02/2010","1,103.30","1,090.00","1,104.70","1,088.00","-","1.29%"
"02/01/2010","1,089.20","1,073.90","1,089.40","1,073.90","-","1.42%"
"01/29/2010","1,073.90","1,087.60","1,096.50","1,071.60","-","-0.98%"
"01/28/2010","1,084.50","1,096.90","1,100.20","1,078.50","-","-1.18%"
"01/27/2010","1,097.50","1,091.90","1,099.50","1,083.10","-","0.49%"
"01/26/2010","1,092.20","1,095.80","1,103.70","1,089.90","-","-0.42%"
"01/25/2010","1,096.80","1,092.40","1,103.00","1,092.40","-","0.46%"
"01/22/2010","1,091.80","1,115.50","1,115.50","1,090.20","-","-2.21%"
"01/21/2010","1,116.50","1,138.70","1,141.60","1,114.80","-","-1.89%"
"01/20/2010","1,138.00","1,148.00","1,148.00","1,129.20","-","-1.06%"
"01/19/2010","1,150.20","1,136.00","1,150.50","1,135.80","-","1.25%"
"01/15/2010","1,136.00","1,147.70","1,147.80","1,131.40","-","-1.09%"
"01/14/2010","1,148.50","1,145.70","1,150.40","1,143.80","-","0.24%"
"01/13/2010","1,145.70","1,137.30","1,148.40","1,133.20","-","0.84%"
"01/12/2010","1,136.20","1,143.80","1,143.80","1,131.80","-","-0.94%"
"01/11/2010","1,147.00","1,146.00","1,149.70","1,142.00","-","0.17%"
"01/08/2010","1,145.00","1,140.50","1,145.40","1,136.20","-","0.29%"
"01/07/2010","1,141.70","1,136.30","1,142.50","1,131.30","-","0.40%"
"01/06/2010","1,137.10","1,135.70","1,139.20","1,134.00","-","0.05%"
"01/05/2010","1,136.50","1,132.70","1,136.60","1,129.70","-","0.31%"
"01/04/2010","1,133.00","1,116.60","1,133.90","1,116.60","-","1.61%"
"12/31/2009","1,115.10","1,126.60","1,127.60","1,114.80","-","-1.00%"
"12/30/2009","1,126.40","1,125.50","1,126.40","1,121.90","-","0.02%"
"12/29/2009","1,126.20","1,128.50","1,130.40","1,126.10","-","-0.14%"
"12/28/2009","1,127.80","1,127.50","1,130.40","1,123.50","-","0.12%"
"12/24/2009","1,126.50","1,121.10","1,126.50","1,121.10","-","0.53%"
"12/23/2009","1,120.60","1,118.80","1,121.60","1,116.00","-","0.23%"
"12/22/2009","1,118.00","1,114.50","1,120.30","1,114.50","-","0.36%"
"12/21/2009","1,114.00","1,105.30","1,117.70","1,105.30","-","1.04%"
"12/18/2009","1,102.50","1,097.90","1,103.70","1,093.90","-","0.58%"
"12/17/2009","1,096.10","1,106.40","1,106.40","1,095.90","-","-1.18%"
"12/16/2009","1,109.20","1,108.60","1,116.20","1,108.00","-","0.12%"
"12/15/2009","1,107.90","1,114.10","1,114.10","1,105.30","-","-0.56%"
"12/14/2009","1,114.10","1,107.80","1,114.80","1,107.80","-","0.70%"
"12/11/2009","1,106.40","1,104.00","1,108.50","1,101.30","-","0.37%"
"12/10/2009","1,102.30","1,098.70","1,106.20","1,098.70","-","0.57%"
"12/09/2009","1,096.00","1,091.10","1,097.00","1,085.90","-","0.38%"
"12/08/2009","1,091.90","1,103.00","1,103.00","1,088.60","-","-1.02%"
"12/07/2009","1,103.20","1,105.50","1,110.70","1,100.80","-","-0.25%"
"12/04/2009","1,106.00","1,100.40","1,119.10","1,096.50","-","0.55%"
"12/03/2009","1,099.90","1,110.60","1,117.30","1,098.70","-","-0.84%"
"12/02/2009","1,109.20","1,109.00","1,115.60","1,105.30","-","0.03%"
"12/01/2009","1,108.90","1,098.90","1,112.30","1,098.90","-","1.21%"
"11/30/2009","1,095.60","1,091.10","1,097.20","1,086.20","-","0.38%"
"11/27/2009","1,091.50","1,105.50","1,105.50","1,083.70","-","-1.72%"
"11/25/2009","1,110.60","1,106.50","1,111.20","1,104.80","-","0.44%"
"11/24/2009","1,105.70","1,105.80","1,107.60","1,097.60","-","-0.05%"
"11/23/2009","1,106.20","1,094.90","1,112.40","1,094.90","-","1.36%"
"11/20/2009","1,091.40","1,094.70","1,094.70","1,086.80","-","-0.32%"
"11/19/2009","1,094.90","1,106.40","1,106.40","1,088.40","-","-1.34%"
"11/18/2009","1,109.80","1,109.40","1,111.10","1,102.70","-","-0.05%"
"11/17/2009","1,110.30","1,109.20","1,110.50","1,102.20","-","0.09%"
"11/16/2009","1,109.30","1,094.10","1,113.70","1,094.10","-","1.44%"
"11/13/2009","1,093.50","1,087.60","1,097.80","1,085.30","-","0.58%"
"11/12/2009","1,087.20","1,098.30","1,102.00","1,084.90","-","-1.03%"
"11/11/2009","1,098.50","1,096.00","1,105.40","1,093.80","-","0.50%"
"11/10/2009","1,093.00","1,091.90","1,096.40","1,087.40","-","-0.01%"
"11/09/2009","1,093.10","1,072.30","1,093.20","1,072.30","-","2.23%"
"11/06/2009","1,069.30","1,065.00","1,071.50","1,059.30","-","0.25%"
"11/05/2009","1,066.60","1,047.30","1,066.70","1,047.30","-","1.92%"
"11/04/2009","1,046.50","1,047.10","1,061.00","1,045.20","-","0.11%"
"11/03/2009","1,045.40","1,040.90","1,046.40","1,033.90","-","0.24%"
"11/02/2009","1,042.90","1,036.20","1,052.20","1,029.40","-","0.65%"
"10/30/2009","1,036.20","1,065.40","1,065.40","1,033.40","-","-2.80%"
"10/29/2009","1,066.10","1,043.70","1,066.80","1,043.70","-","2.25%"
"10/28/2009","1,042.60","1,061.50","1,063.30","1,042.20","-","-1.96%"
"10/27/2009","1,063.40","1,067.50","1,072.50","1,060.60","-","-0.34%"
"10/26/2009","1,067.00","1,080.40","1,091.80","1,065.20","-","-1.17%"
"10/23/2009","1,079.60","1,095.60","1,095.80","1,075.50","-","-1.22%"
"10/22/2009","1,092.90","1,081.00","1,095.20","1,074.30","-","1.06%"
"10/21/2009","1,081.40","1,090.40","1,101.40","1,080.80","-","-0.89%"
"10/20/2009","1,091.10","1,098.60","1,098.60","1,086.20","-","-0.62%"
"10/19/2009","1,097.90","1,088.20","1,100.20","1,086.50","-","0.94%"
"10/16/2009","1,087.70","1,094.70","1,094.70","1,081.50","-","-0.81%"
"10/15/2009","1,096.60","1,090.40","1,096.60","1,086.40","-","0.42%"
"10/14/2009","1,092.00","1,078.70","1,093.20","1,078.70","-","1.75%"
"10/13/2009","1,073.20","1,075.00","1,075.30","1,066.70","-","-0.28%"
"10/12/2009","1,076.20","1,071.60","1,079.50","1,071.60","-","0.44%"
"10/09/2009","1,071.50","1,065.30","1,071.50","1,063.00","-","0.56%"
"10/08/2009","1,065.50","1,060.00","1,070.70","1,060.00","-","0.75%"
"10/07/2009","1,057.60","1,053.70","1,058.00","1,050.10","-","0.27%"
"10/06/2009","1,054.70","1,042.00","1,060.50","1,042.00","-","1.36%"
"10/05/2009","1,040.50","1,026.90","1,042.60","1,025.90","-","1.49%"
"10/02/2009","1,025.20","1,029.70","1,030.60","1,020.00","-","-0.45%"
"10/01/2009","1,029.80","1,054.90","1,054.90","1,029.50","-","-2.58%"
"09/30/2009","1,057.10","1,061.00","1,063.40","1,046.50","-","-0.33%"
"09/29/2009","1,060.60","1,063.70","1,069.60","1,057.80","-","-0.23%"
"09/28/2009","1,063.00","1,045.40","1,065.10","1,045.40","-","1.78%"
"09/25/2009","1,044.40","1,049.50","1,053.50","1,041.20","-","-0.61%"
"09/24/2009","1,050.80","1,062.60","1,066.30","1,045.80","-","-0.95%"
"09/23/2009","1,060.90","1,072.70","1,080.20","1,060.40","-","-1.01%"
"09/22/2009","1,071.70","1,066.30","1,073.80","1,066.30","-","0.66%"
"09/21/2009","1,064.70","1,067.10","1,067.30","1,057.50","-","-0.34%"
"09/18/2009","1,068.30","1,066.60","1,071.50","1,064.30","-","0.26%"
"09/17/2009","1,065.50","1,067.90","1,074.80","1,061.20","-","-0.31%"
"09/16/2009","1,068.80","1,054.00","1,068.80","1,052.90","-","1.54%"
"09/15/2009","1,052.60","1,049.00","1,056.00","1,043.40","-","0.31%"
"09/14/2009","1,049.30","1,040.20","1,049.70","1,035.00","-","0.63%"
"09/11/2009","1,042.70","1,043.90","1,048.20","1,038.40","-","-0.13%"
"09/10/2009","1,044.10","1,033.00","1,044.10","1,028.00","-","1.04%"
"09/09/2009","1,033.40","1,025.40","1,036.30","1,024.00","-","0.78%"
"09/08/2009","1,025.40","1,018.70","1,026.10","1,018.70","-","0.89%"
"09/04/2009","1,016.40","1,003.80","1,016.50","1,001.60","-","1.32%"
"09/03/2009","1,003.20","996.10","1,003.40","992.20","-","0.84%"
"09/02/2009","994.80","996.10","1,000.30","992.00","-","-0.32%"
"09/01/2009","998.00","1,019.50","1,028.50","996.30","-","-2.21%"
"08/31/2009","1,020.60","1,025.20","1,025.20","1,014.60","-","-0.81%"
"08/28/2009","1,028.90","1,031.60","1,039.50","1,023.10","-","-0.20%"
"08/27/2009","1,031.00","1,027.80","1,033.30","1,016.20","-","0.28%"
"08/26/2009","1,028.10","1,027.30","1,032.50","1,021.60","-","0.01%"
"08/25/2009","1,028.00","1,026.60","1,037.80","1,026.20","-","0.23%"
"08/24/2009","1,025.60","1,026.60","1,035.80","1,022.50","-","-0.05%"
"08/21/2009","1,026.10","1,009.10","1,027.60","1,009.10","-","1.86%"
"08/20/2009","1,007.40","996.40","1,008.90","996.40","-","1.09%"
"08/19/2009","996.50","986.90","999.60","980.60","-","0.69%"
"08/18/2009","989.70","980.60","991.20","980.60","-","1.02%"
"08/17/2009","979.70","998.20","998.20","978.50","-","-2.43%"
"08/14/2009","1,004.10","1,012.20","1,012.60","994.60","-","-0.85%"
"08/13/2009","1,012.70","1,005.90","1,013.10","1,000.80","-","0.69%"
"08/12/2009","1,005.80","994.00","1,012.80","993.40","-","1.15%"
"08/11/2009","994.40","1,005.80","1,005.80","992.40","-","-1.26%"
"08/10/2009","1,007.10","1,008.90","1,010.10","1,001.00","-","-0.34%"
"08/07/2009","1,010.50","999.80","1,018.00","999.80","-","1.34%"
"08/06/2009","997.10","1,004.10","1,008.00","992.50","-","-0.56%"
"08/05/2009","1,002.70","1,005.40","1,006.60","994.30","-","-0.29%"
"08/04/2009","1,005.60","1,001.40","1,007.10","996.70","-","0.30%"
"08/03/2009","1,002.60","990.20","1,003.60","990.20","-","1.53%"
"07/31/2009","987.50","986.80","993.20","982.90","-","0.07%"
"07/30/2009","986.80","976.00","996.70","976.00","-","1.20%"
"07/29/2009","975.10","977.70","977.80","968.60","-","-0.46%"
"07/28/2009","979.60","981.50","982.40","969.40","-","-0.26%"
"07/27/2009","982.20","978.60","982.50","972.30","-","0.30%"
"07/24/2009","979.30","972.20","979.80","966.00","-","0.31%"
"07/23/2009","976.30","954.10","979.40","953.30","-","2.33%"
"07/22/2009","954.10","953.40","959.80","947.80","-","-0.05%"
"07/21/2009","954.60","952.00","956.50","943.20","-","0.37%"
"07/20/2009","951.10","942.10","951.60","941.00","-","1.14%"
"07/17/2009","940.40","940.60","941.90","934.60","-","-0.03%"
"07/16/2009","940.70","930.20","944.00","927.50","-","0.86%"
"07/15/2009","932.70","910.10","934.00","910.10","-","2.97%"
"07/14/2009","905.80","900.80","905.80","896.50","-","0.53%"
"07/13/2009","901.00","879.60","901.00","875.30","-","2.49%"
"07/10/2009","879.10","880.00","883.60","872.80","-","-0.41%"
"07/09/2009","882.70","881.30","887.90","878.50","-","0.35%"
"07/08/2009","879.60","881.90","886.80","869.30","-","-0.16%"
"07/07/2009","881.00","898.60","898.60","879.90","-","-1.97%"
"07/06/2009","898.70","894.30","898.70","886.40","-","0.26%"
"07/02/2009","896.40","921.20","921.20","896.40","-","-2.91%"
"07/01/2009","923.30","920.80","931.90","920.80","-","0.44%"
"06/30/2009","919.30","927.10","930.00","912.90","-","-0.85%"
"06/29/2009","927.20","919.90","928.00","916.20","-","0.90%"
"06/26/2009","918.90","918.80","922.00","913.00","-","-0.15%"
"06/25/2009","920.30","899.50","921.40","896.30","-","2.15%"
"06/24/2009","900.90","896.30","910.90","896.30","-","0.65%"
"06/23/2009","895.10","893.50","898.70","888.90","-","0.24%"
"06/22/2009","893.00","918.10","918.10","893.00","-","-3.06%"
"06/19/2009","921.20","920.00","927.10","915.80","-","0.30%"
"06/18/2009","918.40","910.90","921.90","907.90","-","0.85%"
"06/17/2009","910.70","911.90","918.40","903.80","-","-0.14%"
"06/16/2009","912.00","925.60","928.00","911.60","-","-1.27%"
"06/15/2009","923.70","942.50","942.50","919.60","-","-2.38%"
"06/12/2009","946.20","943.40","946.30","935.70","-","0.14%"
"06/11/2009","944.90","939.00","956.20","939.00","-","0.62%"
"06/10/2009","939.10","942.70","949.80","928.00","-","-0.35%"
"06/09/2009","942.40","940.40","946.90","936.10","-","0.35%"
"06/08/2009","939.10","938.10","946.30","926.40","-","-0.11%"
"06/05/2009","940.10","945.70","951.70","934.10","-","-0.25%"
"06/04/2009","942.50","932.50","942.50","929.30","-","1.15%"
"06/03/2009","931.80","942.50","942.50","923.90","-","-1.37%"
"06/02/2009","944.70","942.90","949.40","938.50","-","0.19%"
"06/01/2009","942.90","923.30","947.80","923.30","-","2.59%"
"05/29/2009","919.10","907.00","920.00","903.60","-","1.36%"
"05/28/2009","906.80","893.00","909.50","887.60","-","1.53%"
"05/27/2009","893.10","910.00","913.80","891.90","-","-1.89%"
"05/26/2009","910.30","887.00","911.80","881.50","-","2.63%"
"05/22/2009","887.00","888.70","896.60","883.80","-","-0.15%"
"05/21/2009","888.30","900.40","900.40","879.60","-","-1.68%"
"05/20/2009","903.50","908.60","924.60","901.40","-","-0.51%"
"05/19/2009","908.10","909.70","916.40","905.20","-","-0.18%"
"05/18/2009","909.70","886.10","910.00","886.10","-","3.04%"
"05/15/2009","882.90","892.80","897.00","878.90","-","-1.14%"
"05/14/2009","893.10","884.20","898.40","882.50","-","1.04%"
"05/13/2009","883.90","905.40","905.40","882.80","-","-2.70%"
"05/12/2009","908.40","910.50","915.60","896.50","-","-0.09%"
"05/11/2009","909.20","923.00","923.00","908.70","-","-2.15%"
"05/08/2009","929.20","909.00","930.20","909.00","-","2.40%"
"05/07/2009","907.40","919.60","929.60","901.40","-","-1.32%"
"05/06/2009","919.50","904.00","920.30","904.00","-","1.74%"
"05/05/2009","903.80","906.10","907.70","897.30","-","-0.37%"
"05/04/2009","907.20","879.20","907.90","879.20","-","3.38%"
"05/01/2009","877.50","872.70","880.50","866.10","-","0.54%"
"04/30/2009","872.80","876.60","888.70","868.50","-","-0.09%"
"04/29/2009","873.60","856.90","882.10","856.90","-","2.15%"
"04/28/2009","855.20","854.50","864.50","847.10","-","-0.27%"
"04/27/2009","857.50","862.80","868.80","854.60","-","-1.00%"
"04/24/2009","866.20","853.90","871.80","853.90","-","1.68%"
"04/23/2009","851.90","844.60","852.90","835.50","-","1.00%"
"04/22/2009","843.50","847.30","861.80","840.60","-","-0.78%"
"04/21/2009","850.10","831.20","850.10","826.80","-","2.13%"
"04/20/2009","832.40","868.30","868.30","832.40","-","-4.28%"
"04/17/2009","869.60","865.20","875.60","860.90","-","0.50%"
"04/16/2009","865.30","854.50","870.40","847.00","-","1.55%"
"04/15/2009","852.10","839.40","852.90","835.60","-","1.26%"
"04/14/2009","841.50","856.90","856.90","840.20","-","-2.00%"
"04/13/2009","858.70","855.30","864.30","845.40","-","0.25%"
"04/09/2009","856.60","829.30","856.90","829.30","-","3.81%"
"04/08/2009","825.20","816.80","828.40","814.80","-","1.19%"
"04/07/2009","815.50","834.10","834.10","814.50","-","-2.39%"
"04/06/2009","835.50","839.80","839.80","822.80","-","-0.83%"
"04/03/2009","842.50","835.10","842.50","826.70","-","0.97%"
"04/02/2009","834.40","814.50","845.60","814.50","-","2.87%"
"04/01/2009","811.10","793.60","813.60","783.30","-","1.65%"
"03/31/2009","797.90","790.90","810.50","790.90","-","1.32%"
"03/30/2009","787.50","809.10","809.10","779.80","-","-3.48%"
"03/27/2009","815.90","828.70","828.70","813.40","-","-2.04%"
"03/26/2009","832.90","814.10","833.00","814.10","-","2.33%"
"03/25/2009","813.90","806.80","826.80","791.40","-","0.97%"
"03/24/2009","806.10","820.60","823.60","805.50","-","-2.04%"
"03/23/2009","822.90","772.30","823.40","772.30","-","7.08%"
"03/20/2009","768.50","784.60","788.90","766.20","-","-1.98%"
"03/19/2009","784.00","797.90","803.20","781.80","-","-1.31%"
"03/18/2009","794.40","776.00","803.00","765.60","-","2.09%"
"03/17/2009","778.10","753.90","778.10","749.90","-","3.21%"
"03/16/2009","753.90","758.80","774.50","753.40","-","-0.34%"
"03/13/2009","756.50","752.00","758.30","742.50","-","0.77%"
"03/12/2009","750.70","720.90","752.60","714.80","-","4.06%"
"03/11/2009","721.40","719.60","731.90","713.90","-","0.25%"
"03/10/2009","719.60","679.30","719.60","679.30","-","6.37%"
"03/09/2009","676.50","680.80","695.30","672.90","-","-1.01%"
"03/06/2009","683.40","684.00","699.10","666.80","-","0.13%"
"03/05/2009","682.50","708.30","708.30","677.90","-","-4.26%"
"03/04/2009","712.90","698.60","724.10","698.60","-","2.38%"
"03/03/2009","696.30","704.40","711.70","692.30","-","-0.64%"
"03/02/2009","700.80","729.60","729.60","699.70","-","-4.67%"
"02/27/2009","735.10","749.90","751.30","734.50","-","-2.35%"
"02/26/2009","752.80","765.80","779.40","751.80","-","-1.58%"
"02/25/2009","764.90","770.60","780.10","752.90","-","-1.06%"
"02/24/2009","773.10","744.70","775.50","744.70","-","4.01%"
"02/23/2009","743.30","773.20","777.90","742.40","-","-3.47%"
"02/20/2009","770.00","775.90","778.70","754.20","-","-1.14%"
"02/19/2009","778.90","787.90","797.60","777.00","-","-1.20%"
"02/18/2009","788.40","791.10","796.20","780.40","-","-0.10%"
"02/17/2009","789.20","818.60","818.60","789.20","-","-4.55%"
"02/13/2009","826.80","834.00","839.40","825.20","-","-1.01%"
"02/12/2009","835.20","829.90","835.50","808.10","-","0.18%"
"02/11/2009","833.70","827.40","838.20","822.30","-","0.79%"
"02/10/2009","827.20","866.90","868.00","823.00","-","-4.91%"
"02/09/2009","869.90","868.20","875.00","861.60","-","0.15%"
"02/06/2009","868.60","846.10","870.80","845.40","-","2.68%"
"02/05/2009","845.90","831.80","850.50","819.90","-","1.65%"
"02/04/2009","832.20","837.80","851.90","829.20","-","-0.75%"
"02/03/2009","838.50","825.70","842.60","822.00","-","1.59%"
"02/02/2009","825.40","823.10","830.80","812.90","-","-0.06%"
"01/30/2009","825.90","845.70","851.70","821.70","-","-2.27%"
"01/29/2009","845.10","868.90","868.90","844.10","-","-3.32%"
"01/28/2009","874.10","845.70","877.90","845.70","-","3.36%"
"01/27/2009","845.70","837.30","850.50","835.40","-","1.09%"
"01/26/2009","836.60","832.50","852.50","827.70","-","0.55%"
"01/23/2009","832.00","822.20","838.60","806.10","-","0.54%"
"01/22/2009","827.50","839.70","839.70","811.30","-","-1.51%"
"01/21/2009","840.20","806.80","841.70","804.30","-","4.35%"
"01/20/2009","805.20","849.60","849.60","804.50","-","-5.28%"
"01/16/2009","850.10","844.50","858.10","830.70","-","0.76%"
"01/15/2009","843.70","842.00","851.60","817.00","-","0.13%"
"01/14/2009","842.60","867.30","867.30","836.90","-","-3.35%"
"01/13/2009","871.80","869.80","877.00","862.00","-","0.17%"
"01/12/2009","870.30","890.40","890.40","864.30","-","-2.26%"
"01/09/2009","890.40","909.90","911.90","888.30","-","-2.12%"
"01/08/2009","909.70","905.70","910.00","896.80","-","0.34%"
"01/07/2009","906.60","927.50","927.50","902.40","-","-3.01%"
"01/06/2009","934.70","931.20","943.90","927.30","-","0.78%"
"01/05/2009","927.50","929.20","936.60","919.50","-","-0.46%"
"01/02/2009","931.80","903.00","934.70","899.40","-","3.17%"
"12/31/2008","903.20","890.60","910.30","889.70","-","1.41%"
"12/30/2008","890.60","870.60","891.10","870.60","-","2.44%"
"12/29/2008","869.40","872.40","873.70","857.10","-","-0.39%"
"12/26/2008","872.80","869.50","873.70","866.50","-","0.54%"
"12/24/2008","868.10","863.90","869.80","861.40","-","0.57%"
"12/23/2008","863.20","874.30","880.40","860.10","-","-0.96%"
"12/22/2008","871.60","887.20","887.40","857.10","-","-1.84%"
"12/19/2008","887.90","887.00","905.50","883.00","-","0.29%"
"12/18/2008","885.30","906.00","911.00","877.40","-","-2.11%"
"12/17/2008","904.40","908.20","918.90","895.90","-","-0.96%"
"12/16/2008","913.20","871.50","914.70","871.50","-","5.13%"
"12/15/2008","868.60","881.10","884.60","857.70","-","-1.26%"
"12/12/2008","879.70","871.80","883.20","851.40","-","0.70%"
"12/11/2008","873.60","898.40","904.60","868.70","-","-2.85%"
"12/10/2008","899.20","892.20","908.30","885.50","-","1.18%"
"12/09/2008","888.70","906.50","916.30","885.40","-","-2.31%"
"12/08/2008","909.70","882.70","918.60","882.70","-","3.84%"
"12/05/2008","876.10","844.40","879.40","818.40","-","3.66%"
"12/04/2008","845.20","869.80","875.60","833.60","-","-2.93%"
"12/03/2008","870.70","843.60","873.10","827.60","-","2.58%"
"12/02/2008","848.80","817.90","850.50","817.90","-","3.99%"
"12/01/2008","816.20","888.60","888.60","815.70","-","-8.93%"
"11/28/2008","896.20","886.90","896.20","881.20","-","0.96%"
"11/26/2008","887.70","852.90","887.70","841.40","-","3.53%"
"11/25/2008","857.40","853.40","868.90","835.00","-","0.66%"
"11/24/2008","851.80","801.20","865.60","801.20","-","6.47%"
"11/21/2008","800.00","755.80","801.20","741.00","-","6.33%"
"11/20/2008","752.40","805.90","820.50","747.80","-","-6.72%"
"11/19/2008","806.60","859.00","864.60","806.20","-","-6.11%"
"11/18/2008","859.10","852.30","865.90","826.80","-","0.98%"
"11/17/2008","850.80","873.20","882.30","849.00","-","-2.58%"
"11/14/2008","873.30","904.40","916.90","869.90","-","-4.17%"
"11/13/2008","911.30","853.10","913.00","818.70","-","6.92%"
"11/12/2008","852.30","893.40","893.40","850.50","-","-5.19%"
"11/11/2008","899.00","917.10","917.10","884.90","-","-2.20%"
"11/10/2008","919.20","936.80","952.00","907.50","-","-1.27%"
"11/07/2008","931.00","907.40","931.50","906.90","-","2.88%"
"11/06/2008","904.90","952.40","952.40","899.70","-","-5.03%"
"11/05/2008","952.80","1,001.80","1,001.80","949.90","-","-5.27%"
"11/04/2008","1,005.80","971.30","1,007.50","971.30","-","4.09%"
"11/03/2008","966.30","968.70","975.60","958.80","-","-0.26%"
"10/31/2008","968.80","953.10","984.40","944.60","-","1.54%"
"10/30/2008","954.10","939.40","963.20","928.50","-","2.58%"
"10/29/2008","930.10","939.50","970.00","922.30","-","-1.11%"
"10/28/2008","940.50","848.90","940.50","845.30","-","10.79%"
"10/27/2008","848.90","874.30","893.80","846.80","-","-3.18%"
"10/24/2008","876.80","895.20","896.30","852.90","-","-3.45%"
"10/23/2008","908.10","899.10","922.80","858.40","-","1.26%"
"10/22/2008","896.80","951.70","951.70","875.80","-","-6.09%"
"10/21/2008","955.00","980.40","985.40","952.50","-","-3.09%"
"10/20/2008","985.40","943.50","985.40","943.50","-","4.77%"
"10/17/2008","940.50","942.30","984.60","918.70","-","-0.62%"
"10/16/2008","946.40","909.50","947.70","865.80","-","4.25%"
"10/15/2008","907.80","994.60","994.60","904.00","-","-9.04%"
"10/14/2008","998.00","1,010.00","1,044.30","972.10","-","-0.54%"
"10/13/2008","1,003.40","912.80","1,006.90","912.80","-","11.59%"
"10/10/2008","899.20","902.30","936.40","839.80","-","-1.18%"
"10/09/2008","909.90","988.40","1,005.20","909.20","-","-7.61%"
"10/08/2008","984.90","988.90","1,021.10","971.00","-","-1.13%"
"10/07/2008","996.20","1,057.60","1,072.90","996.20","-","-5.74%"
"10/06/2008","1,056.90","1,097.60","1,097.60","1,008.00","-","-3.85%"
"10/03/2008","1,099.20","1,115.20","1,153.80","1,098.10","-","-1.36%"
"10/02/2008","1,114.30","1,160.60","1,160.60","1,111.40","-","-4.03%"
"10/01/2008","1,161.10","1,164.20","1,167.00","1,140.80","-","-0.45%"
"09/30/2008","1,166.40","1,113.80","1,168.00","1,113.80","-","5.42%"
"09/29/2008","1,106.40","1,209.10","1,209.10","1,106.40","-","-8.79%"
"09/26/2008","1,213.00","1,204.50","1,215.80","1,187.50","-","0.31%"
"09/25/2008","1,209.20","1,187.90","1,220.00","1,187.90","-","1.96%"
"09/24/2008","1,185.90","1,188.80","1,197.40","1,179.80","-","-0.19%"
"09/23/2008","1,188.20","1,207.60","1,221.20","1,187.10","-","-1.57%"
"09/22/2008","1,207.10","1,255.40","1,255.40","1,205.60","-","-3.82%"
"09/19/2008","1,255.10","1,213.10","1,265.10","1,213.10","-","4.03%"
"09/18/2008","1,206.50","1,157.10","1,211.10","1,133.50","-","4.33%"
"09/17/2008","1,156.40","1,210.30","1,210.30","1,155.90","-","-4.71%"
"09/16/2008","1,213.60","1,188.30","1,214.80","1,169.30","-","1.75%"
"09/15/2008","1,192.70","1,250.90","1,250.90","1,192.70","-","-4.71%"
"09/12/2008","1,251.70","1,245.90","1,255.10","1,233.80","-","0.22%"
"09/11/2008","1,249.00","1,229.00","1,250.00","1,211.50","-","1.38%"
"09/10/2008","1,232.00","1,227.50","1,243.90","1,221.60","-","0.61%"
"09/09/2008","1,224.50","1,268.00","1,268.70","1,224.50","-","-3.42%"
"09/08/2008","1,267.80","1,249.50","1,274.40","1,247.10","-","2.05%"
"09/05/2008","1,242.30","1,233.20","1,244.90","1,217.20","-","0.44%"
"09/04/2008","1,236.80","1,271.80","1,271.80","1,232.80","-","-3.00%"
"09/03/2008","1,275.00","1,276.60","1,280.60","1,265.60","-","-0.20%"
"09/02/2008","1,277.60","1,287.80","1,303.00","1,272.20","-","-0.41%"
"08/29/2008","1,282.80","1,296.50","1,297.60","1,282.70","-","-1.38%"
"08/28/2008","1,300.70","1,283.80","1,300.70","1,283.80","-","1.48%"
"08/27/2008","1,281.70","1,271.30","1,285.00","1,270.00","-","0.80%"
"08/26/2008","1,271.50","1,267.00","1,275.70","1,263.20","-","0.37%"
"08/25/2008","1,266.80","1,290.50","1,290.50","1,264.90","-","-1.97%"
"08/22/2008","1,292.20","1,277.60","1,293.10","1,277.60","-","1.13%"
"08/21/2008","1,277.70","1,271.10","1,281.40","1,265.20","-","0.25%"
"08/20/2008","1,274.50","1,267.30","1,276.00","1,261.20","-","0.62%"
"08/19/2008","1,266.70","1,276.70","1,276.70","1,263.10","-","-0.93%"
"08/18/2008","1,278.60","1,298.10","1,300.20","1,274.50","-","-1.51%"
"08/15/2008","1,298.20","1,293.80","1,302.00","1,290.70","-","0.41%"
"08/14/2008","1,292.90","1,282.10","1,300.10","1,276.80","-","0.55%"
"08/13/2008","1,285.80","1,288.60","1,294.00","1,274.90","-","-0.29%"
"08/12/2008","1,289.60","1,304.80","1,304.80","1,285.60","-","-1.20%"
"08/11/2008","1,305.30","1,294.40","1,313.20","1,291.40","-","0.69%"
"08/08/2008","1,296.30","1,266.30","1,297.80","1,262.10","-","2.39%"
"08/07/2008","1,266.10","1,286.50","1,286.50","1,264.30","-","-1.79%"
"08/06/2008","1,289.20","1,284.00","1,291.70","1,276.00","-","0.33%"
"08/05/2008","1,284.90","1,254.90","1,284.90","1,254.70","-","2.87%"
"08/04/2008","1,249.00","1,260.20","1,260.50","1,247.50","-","-0.90%"
"08/01/2008","1,260.30","1,269.40","1,270.50","1,254.50","-","-0.56%"
"07/31/2008","1,267.40","1,281.40","1,284.90","1,266.00","-","-1.32%"
"07/30/2008","1,284.30","1,264.50","1,284.30","1,264.50","-","1.67%"
"07/29/2008","1,263.20","1,236.40","1,263.20","1,236.40","-","2.33%"
"07/28/2008","1,234.40","1,257.80","1,260.10","1,234.40","-","-1.86%"
"07/25/2008","1,257.80","1,253.50","1,263.20","1,251.80","-","0.42%"
"07/24/2008","1,252.50","1,283.20","1,283.20","1,251.50","-","-2.32%"
"07/23/2008","1,282.20","1,278.90","1,291.20","1,276.10","-","0.41%"
"07/22/2008","1,277.00","1,257.10","1,277.40","1,248.80","-","1.35%"
"07/21/2008","1,260.00","1,261.80","1,267.70","1,255.70","-","-0.06%"
"07/18/2008","1,260.70","1,258.20","1,262.20","1,251.80","-","0.03%"
"07/17/2008","1,260.30","1,246.30","1,262.30","1,241.50","-","1.20%"
"07/16/2008","1,245.40","1,214.70","1,245.50","1,211.40","-","2.51%"
"07/15/2008","1,214.90","1,226.80","1,234.30","1,200.40","-","-1.09%"
"07/14/2008","1,228.30","1,241.60","1,253.50","1,225.00","-","-0.90%"
"07/11/2008","1,239.50","1,248.70","1,257.30","1,225.30","-","-1.11%"
"07/10/2008","1,253.40","1,245.20","1,257.70","1,236.80","-","0.70%"
"07/09/2008","1,244.70","1,273.40","1,277.40","1,244.60","-","-2.28%"
"07/08/2008","1,273.70","1,251.80","1,274.20","1,242.80","-","1.71%"
"07/07/2008","1,252.30","1,262.90","1,274.00","1,240.70","-","-0.84%"
"07/03/2008","1,262.90","1,263.00","1,271.50","1,252.00","-","0.11%"
"07/02/2008","1,261.50","1,285.80","1,292.20","1,261.50","-","-1.82%"
"07/01/2008","1,284.90","1,276.70","1,285.30","1,260.70","-","0.38%"
"06/30/2008","1,280.00","1,278.10","1,290.30","1,274.90","-","0.13%"
"06/27/2008","1,278.40","1,283.60","1,289.50","1,272.00","-","-0.37%"
"06/26/2008","1,283.20","1,316.30","1,316.30","1,283.20","-","-2.93%"
"06/25/2008","1,322.00","1,314.50","1,335.60","1,314.50","-","0.59%"
"06/24/2008","1,314.30","1,317.20","1,326.00","1,304.40","-","-0.28%"
"06/23/2008","1,318.00","1,319.80","1,323.80","1,315.30","-","0.01%"
"06/20/2008","1,317.90","1,341.00","1,341.00","1,314.50","-","-1.85%"
"06/19/2008","1,342.80","1,336.90","1,347.70","1,330.50","-","0.37%"
"06/18/2008","1,337.80","1,349.60","1,349.60","1,333.40","-","-0.97%"
"06/17/2008","1,350.90","1,360.70","1,366.60","1,350.50","-","-0.68%"
"06/16/2008","1,360.10","1,358.80","1,364.70","1,352.10","-","0.01%"
"06/13/2008","1,360.00","1,341.80","1,360.00","1,341.70","-","1.50%"
"06/12/2008","1,339.90","1,335.80","1,353.00","1,331.30","-","0.33%"
"06/11/2008","1,335.50","1,357.10","1,357.10","1,335.50","-","-1.69%"
"06/10/2008","1,358.40","1,359.00","1,366.80","1,351.60","-","-0.25%"
"06/09/2008","1,361.80","1,360.80","1,370.60","1,350.60","-","0.08%"
"06/06/2008","1,360.70","1,400.10","1,400.10","1,359.90","-","-3.08%"
"06/05/2008","1,404.00","1,377.50","1,404.00","1,377.50","-","1.95%"
"06/04/2008","1,377.20","1,376.30","1,388.20","1,371.70","-","-0.04%"
"06/03/2008","1,377.70","1,386.40","1,393.10","1,370.10","-","-0.58%"
"06/02/2008","1,385.70","1,399.60","1,399.60","1,377.80","-","-1.05%"
"05/30/2008","1,400.40","1,398.40","1,404.50","1,398.10","-","0.15%"
"05/29/2008","1,398.30","1,390.50","1,406.30","1,388.60","-","0.54%"
"05/28/2008","1,390.80","1,386.50","1,391.20","1,378.20","-","0.40%"
"05/27/2008","1,385.30","1,376.00","1,387.40","1,373.10","-","0.68%"
"05/23/2008","1,375.90","1,392.20","1,392.20","1,373.70","-","-1.32%"
"05/22/2008","1,394.30","1,390.80","1,399.10","1,390.20","-","0.26%"
"05/21/2008","1,390.70","1,414.10","1,419.10","1,388.80","-","-1.61%"
"05/20/2008","1,413.40","1,424.50","1,424.50","1,409.10","-","-0.93%"
"05/19/2008","1,426.60","1,425.30","1,440.20","1,421.60","-","0.09%"
"05/16/2008","1,425.30","1,423.90","1,425.80","1,414.30","-","0.12%"
"05/15/2008","1,423.60","1,408.40","1,424.40","1,406.90","-","1.06%"
"05/14/2008","1,408.70","1,405.70","1,420.20","1,405.70","-","0.41%"
"05/13/2008","1,403.00","1,404.40","1,406.30","1,396.30","-","-0.04%"
"05/12/2008","1,403.60","1,389.40","1,404.10","1,386.20","-","1.10%"
"05/09/2008","1,388.30","1,394.90","1,394.90","1,384.10","-","-0.67%"
"05/08/2008","1,397.70","1,394.30","1,402.30","1,389.40","-","0.37%"
"05/07/2008","1,392.60","1,417.50","1,419.50","1,391.20","-","-1.81%"
"05/06/2008","1,418.30","1,405.60","1,421.60","1,397.10","-","0.77%"
"05/05/2008","1,407.50","1,412.80","1,415.70","1,404.40","-","-0.45%"
"05/02/2008","1,413.90","1,409.20","1,422.70","1,406.20","-","0.33%"
"05/01/2008","1,409.30","1,386.00","1,410.10","1,383.10","-","1.71%"
"04/30/2008","1,385.60","1,391.20","1,404.60","1,384.20","-","-0.38%"
"04/29/2008","1,390.90","1,395.60","1,397.00","1,386.70","-","-0.39%"
"04/28/2008","1,396.40","1,398.00","1,402.90","1,394.40","-","-0.10%"
"04/25/2008","1,397.80","1,387.90","1,399.10","1,380.00","-","0.65%"
"04/24/2008","1,388.80","1,380.50","1,397.70","1,371.10","-","0.64%"
"04/23/2008","1,379.90","1,378.40","1,387.90","1,372.20","-","0.29%"
"04/22/2008","1,375.90","1,386.40","1,386.40","1,369.80","-","-0.89%"
"04/21/2008","1,388.20","1,387.70","1,390.20","1,379.20","-","-0.15%"
"04/18/2008","1,390.30","1,369.00","1,395.90","1,369.00","-","1.81%"
"04/17/2008","1,365.60","1,363.40","1,368.60","1,357.20","-","0.07%"
"04/16/2008","1,364.70","1,337.00","1,365.50","1,337.00","-","2.27%"
"04/15/2008","1,334.40","1,331.70","1,337.70","1,324.30","-","0.46%"
"04/14/2008","1,328.30","1,332.20","1,335.60","1,326.20","-","-0.34%"
"04/11/2008","1,332.80","1,358.00","1,358.00","1,331.20","-","-2.04%"
"04/10/2008","1,360.50","1,355.40","1,367.20","1,350.10","-","0.44%"
"04/09/2008","1,354.50","1,365.50","1,368.40","1,350.00","-","-0.81%"
"04/08/2008","1,365.50","1,370.20","1,370.20","1,360.60","-","-0.51%"
"04/07/2008","1,372.50","1,373.70","1,386.70","1,369.00","-","0.15%"
"04/04/2008","1,370.40","1,369.80","1,380.90","1,362.80","-","0.08%"
"04/03/2008","1,369.30","1,365.70","1,375.70","1,358.70","-","0.13%"
"04/02/2008","1,367.50","1,370.00","1,378.00","1,361.50","-","-0.20%"
"04/01/2008","1,370.20","1,326.40","1,370.20","1,326.40","-","3.59%"
"03/31/2008","1,322.70","1,315.90","1,328.50","1,312.80","-","0.57%"
"03/28/2008","1,315.20","1,327.00","1,334.90","1,313.00","-","-0.80%"
"03/27/2008","1,325.80","1,340.30","1,345.60","1,325.70","-","-1.14%"
"03/26/2008","1,341.10","1,352.50","1,352.50","1,336.40","-","-0.88%"
"03/25/2008","1,353.00","1,349.10","1,357.50","1,341.20","-","0.23%"
"03/24/2008","1,349.90","1,330.30","1,359.70","1,330.30","-","1.53%"
"03/20/2008","1,329.50","1,299.70","1,330.70","1,295.20","-","2.40%"
"03/19/2008","1,298.40","1,331.00","1,341.50","1,298.40","-","-2.43%"
"03/18/2008","1,330.70","1,277.20","1,330.70","1,277.20","-","4.24%"
"03/17/2008","1,276.60","1,283.20","1,287.50","1,257.00","-","-0.89%"
"03/14/2008","1,288.10","1,316.00","1,321.50","1,274.90","-","-2.08%"
"03/13/2008","1,315.50","1,305.30","1,321.70","1,282.10","-","0.51%"
"03/12/2008","1,308.80","1,321.10","1,333.30","1,307.90","-","-0.90%"
"03/11/2008","1,320.70","1,274.40","1,320.70","1,274.40","-","3.71%"
"03/10/2008","1,273.40","1,293.20","1,295.00","1,272.70","-","-1.55%"
"03/07/2008","1,293.40","1,301.50","1,313.20","1,282.40","-","-0.84%"
"03/06/2008","1,304.30","1,332.20","1,332.20","1,303.40","-","-2.20%"
"03/05/2008","1,333.70","1,327.70","1,344.20","1,320.20","-","0.52%"
"03/04/2008","1,326.80","1,329.60","1,331.00","1,307.40","-","-0.34%"
"03/03/2008","1,331.30","1,330.50","1,335.10","1,320.00","-","0.05%"
"02/29/2008","1,330.60","1,364.10","1,364.10","1,325.40","-","-2.71%"
"02/28/2008","1,367.70","1,378.20","1,378.20","1,363.20","-","-0.89%"
"02/27/2008","1,380.00","1,379.00","1,388.30","1,372.00","-","-0.09%"
"02/26/2008","1,381.30","1,371.80","1,387.30","1,363.30","-","0.69%"
"02/25/2008","1,371.80","1,352.80","1,374.40","1,346.00","-","1.38%"
"02/22/2008","1,353.10","1,344.20","1,354.30","1,327.00","-","0.79%"
"02/21/2008","1,342.50","1,362.20","1,367.90","1,339.30","-","-1.29%"
"02/20/2008","1,360.00","1,348.40","1,363.70","1,336.50","-","0.83%"
"02/19/2008","1,348.80","1,355.90","1,367.30","1,345.00","-","-0.09%"
"02/15/2008","1,350.00","1,347.50","1,350.00","1,338.10","-","0.08%"
"02/14/2008","1,348.90","1,367.30","1,368.20","1,347.30","-","-1.34%"
"02/13/2008","1,367.20","1,353.10","1,369.20","1,350.80","-","1.36%"
"02/12/2008","1,348.90","1,340.50","1,362.10","1,339.40","-","0.73%"
"02/11/2008","1,339.10","1,331.90","1,341.40","1,320.30","-","0.59%"
"02/08/2008","1,331.30","1,336.90","1,341.20","1,321.10","-","-0.42%"
"02/07/2008","1,336.90","1,324.00","1,347.20","1,316.80","-","0.78%"
"02/06/2008","1,326.50","1,339.50","1,352.00","1,324.30","-","-0.76%"
"02/05/2008","1,336.60","1,380.30","1,380.30","1,336.60","-","-3.20%"
"02/04/2008","1,380.80","1,395.40","1,395.40","1,379.70","-","-1.05%"
"02/01/2008","1,395.40","1,378.60","1,396.00","1,375.90","-","1.23%"
"01/31/2008","1,378.50","1,352.00","1,385.60","1,334.10","-","1.67%"
"01/30/2008","1,355.80","1,362.20","1,385.90","1,353.00","-","-0.48%"
"01/29/2008","1,362.30","1,355.90","1,364.90","1,350.20","-","0.61%"
"01/28/2008","1,354.00","1,330.70","1,354.00","1,322.30","-","1.76%"
"01/25/2008","1,330.60","1,357.30","1,368.60","1,327.50","-","-1.59%"
"01/24/2008","1,352.10","1,340.10","1,355.20","1,334.30","-","1.01%"
"01/23/2008","1,338.60","1,310.40","1,339.10","1,270.00","-","2.14%"
"01/22/2008","1,310.50","1,312.90","1,322.10","1,274.30","-","-1.11%"
"01/18/2008","1,325.20","1,333.90","1,350.30","1,312.50","-","-0.60%"
"01/17/2008","1,333.20","1,374.80","1,377.70","1,330.70","-","-2.91%"
"01/16/2008","1,373.20","1,377.40","1,392.00","1,364.30","-","-0.56%"
"01/15/2008","1,381.00","1,411.90","1,411.90","1,380.60","-","-2.49%"
"01/14/2008","1,416.20","1,402.90","1,417.90","1,402.90","-","1.08%"
"01/11/2008","1,401.00","1,419.90","1,419.90","1,394.80","-","-1.36%"
"01/10/2008","1,420.30","1,406.80","1,429.10","1,395.30","-","0.79%"
"01/09/2008","1,409.10","1,390.20","1,409.20","1,378.70","-","1.36%"
"01/08/2008","1,390.20","1,415.70","1,430.30","1,388.30","-","-1.84%"
"01/07/2008","1,416.20","1,414.10","1,423.90","1,403.50","-","0.33%"
"01/04/2008","1,411.60","1,444.00","1,444.00","1,411.20","-","-2.46%"
"01/03/2008","1,447.20","1,447.50","1,456.80","1,443.70","-","0.00%"
"01/02/2008","1,447.20","1,468.00","1,471.80","1,442.10","-","-1.44%"
"12/31/2007","1,468.40","1,475.20","1,475.80","1,465.10","-","-0.68%"
"12/28/2007","1,478.50","1,479.80","1,488.00","1,471.70","-","0.14%"
"12/27/2007","1,476.40","1,495.00","1,495.00","1,475.90","-","-1.42%"
"12/26/2007","1,497.70","1,495.10","1,498.80","1,488.20","-","0.08%"
"12/24/2007","1,496.50","1,484.50","1,497.60","1,484.50","-","0.81%"
"12/21/2007","1,484.50","1,463.20","1,485.40","1,463.20","-","1.67%"
"12/20/2007","1,460.10","1,456.40","1,461.50","1,447.20","-","0.49%"
"12/19/2007","1,453.00","1,454.70","1,464.40","1,445.30","-","-0.14%"
"12/18/2007","1,455.00","1,445.90","1,460.20","1,435.70","-","0.63%"
"12/17/2007","1,445.90","1,465.00","1,465.00","1,445.40","-","-1.51%"
"12/14/2007","1,468.00","1,486.20","1,486.70","1,467.80","-","-1.37%"
"12/13/2007","1,488.40","1,483.30","1,489.40","1,469.20","-","0.12%"
"12/12/2007","1,486.60","1,487.60","1,512.00","1,468.20","-","0.60%"
"12/11/2007","1,477.70","1,516.70","1,523.60","1,476.00","-","-2.53%"
"12/10/2007","1,516.00","1,505.10","1,518.30","1,505.00","-","0.75%"
"12/07/2007","1,504.70","1,508.60","1,510.60","1,502.70","-","-0.17%"
"12/06/2007","1,507.30","1,484.60","1,508.00","1,482.20","-","1.50%"
"12/05/2007","1,485.00","1,465.20","1,486.10","1,465.20","-","1.52%"
"12/04/2007","1,462.80","1,471.30","1,471.30","1,460.70","-","-0.65%"
"12/03/2007","1,472.40","1,479.60","1,481.20","1,470.10","-","-0.59%"
"11/30/2007","1,481.10","1,471.80","1,488.90","1,470.90","-","0.78%"
"11/29/2007","1,469.70","1,467.40","1,473.80","1,458.40","-","0.05%"
"11/28/2007","1,469.00","1,433.00","1,471.60","1,433.00","-","2.86%"
"11/27/2007","1,428.20","1,409.60","1,429.50","1,407.40","-","1.49%"
"11/26/2007","1,407.20","1,440.70","1,446.10","1,406.10","-","-2.33%"
"11/23/2007","1,440.70","1,417.60","1,440.90","1,417.60","-","1.69%"
"11/21/2007","1,416.80","1,434.70","1,436.40","1,415.60","-","-1.59%"
"11/20/2007","1,439.70","1,434.50","1,452.60","1,419.30","-","0.45%"
"11/19/2007","1,433.30","1,456.70","1,456.70","1,430.40","-","-1.74%"
"11/16/2007","1,458.70","1,453.10","1,462.20","1,444.00","-","0.52%"
"11/15/2007","1,451.20","1,468.00","1,472.70","1,443.50","-","-1.32%"
"11/14/2007","1,470.60","1,483.40","1,492.10","1,466.50","-","-0.70%"
"11/13/2007","1,481.00","1,441.30","1,481.40","1,441.30","-","2.90%"
"11/12/2007","1,439.20","1,453.70","1,464.90","1,438.50","-","-1.00%"
"11/09/2007","1,453.70","1,467.60","1,474.10","1,448.50","-","-1.43%"
"11/08/2007","1,474.80","1,475.30","1,482.50","1,450.30","-","-0.05%"
"11/07/2007","1,475.60","1,515.50","1,515.50","1,475.00","-","-2.94%"
"11/06/2007","1,520.30","1,505.30","1,520.80","1,499.10","-","1.20%"
"11/05/2007","1,502.20","1,505.60","1,510.80","1,490.00","-","-0.50%"
"11/02/2007","1,509.70","1,511.10","1,513.20","1,492.50","-","0.09%"
"11/01/2007","1,508.40","1,545.80","1,545.80","1,506.70","-","-2.65%"
"10/31/2007","1,549.40","1,532.20","1,552.80","1,529.40","-","1.20%"
"10/30/2007","1,531.00","1,539.40","1,539.40","1,529.50","-","-0.65%"
"10/29/2007","1,541.00","1,536.90","1,544.70","1,536.40","-","0.37%"
"10/26/2007","1,535.30","1,522.20","1,535.50","1,520.20","-","1.38%"
"10/25/2007","1,514.40","1,516.20","1,523.20","1,500.50","-","-0.10%"
"10/24/2007","1,515.90","1,516.60","1,517.20","1,489.60","-","-0.24%"
"10/23/2007","1,519.60","1,509.30","1,520.00","1,503.60","-","0.88%"
"10/22/2007","1,506.30","1,497.80","1,508.10","1,490.40","-","0.38%"
"10/19/2007","1,500.60","1,540.00","1,540.00","1,500.30","-","-2.56%"
"10/18/2007","1,540.10","1,539.30","1,542.80","1,531.80","-","-0.07%"
"10/17/2007","1,541.20","1,544.40","1,550.70","1,526.00","-","0.18%"
"10/16/2007","1,538.50","1,547.80","1,547.80","1,536.30","-","-0.66%"
"10/15/2007","1,548.70","1,562.20","1,564.70","1,540.80","-","-0.84%"
"10/12/2007","1,561.80","1,555.40","1,563.00","1,554.10","-","0.48%"
"10/11/2007","1,554.40","1,564.70","1,576.10","1,546.70","-","-0.52%"
"10/10/2007","1,562.50","1,565.00","1,565.40","1,555.50","-","-0.17%"
"10/09/2007","1,565.20","1,553.20","1,565.30","1,551.80","-","0.81%"
"10/08/2007","1,552.60","1,556.50","1,556.50","1,549.00","-","-0.32%"
"10/05/2007","1,557.60","1,543.80","1,561.90","1,543.80","-","0.96%"
"10/04/2007","1,542.80","1,539.90","1,544.00","1,537.60","-","0.21%"
"10/03/2007","1,539.60","1,545.80","1,545.80","1,536.30","-","-0.45%"
"10/02/2007","1,546.60","1,547.00","1,548.00","1,540.40","-","-0.03%"
"10/01/2007","1,547.00","1,527.30","1,549.00","1,527.20","-","1.32%"
"09/28/2007","1,526.80","1,531.20","1,533.70","1,522.00","-","-0.30%"
"09/27/2007","1,531.40","1,527.30","1,532.50","1,525.80","-","0.39%"
"09/26/2007","1,525.40","1,518.60","1,529.40","1,518.60","-","0.54%"
"09/25/2007","1,517.20","1,516.30","1,518.30","1,507.10","-","-0.03%"
"09/24/2007","1,517.70","1,525.80","1,530.20","1,516.20","-","-0.53%"
"09/21/2007","1,525.80","1,518.80","1,530.90","1,518.80","-","0.46%"
"09/20/2007","1,518.80","1,528.70","1,529.10","1,516.40","-","-0.67%"
"09/19/2007","1,529.00","1,519.80","1,538.70","1,519.80","-","0.61%"
"09/18/2007","1,519.80","1,476.60","1,519.90","1,476.60","-","2.92%"
"09/17/2007","1,476.70","1,484.20","1,484.20","1,471.80","-","-0.51%"
"09/14/2007","1,484.20","1,484.00","1,486.00","1,473.20","-","0.01%"
"09/13/2007","1,484.00","1,471.50","1,489.60","1,471.50","-","0.84%"
"09/12/2007","1,471.60","1,471.10","1,479.50","1,465.80","-","0.01%"
"09/11/2007","1,471.50","1,451.70","1,472.50","1,451.70","-","1.36%"
"09/10/2007","1,451.70","1,453.50","1,462.20","1,439.30","-","-0.12%"
"09/07/2007","1,453.50","1,478.50","1,478.50","1,449.10","-","-1.69%"
"09/06/2007","1,478.50","1,472.00","1,481.50","1,467.40","-","0.42%"
"09/05/2007","1,472.30","1,488.80","1,488.80","1,466.30","-","-1.15%"
"09/04/2007","1,489.40","1,474.00","1,496.40","1,472.20","-","1.04%"
"08/31/2007","1,474.00","1,457.60","1,481.50","1,457.60","-","1.13%"
"08/30/2007","1,457.60","1,463.70","1,468.40","1,451.20","-","-0.42%"
"08/29/2007","1,463.80","1,432.00","1,463.80","1,432.00","-","2.19%"
"08/28/2007","1,432.40","1,466.70","1,466.70","1,432.00","-","-2.35%"
"08/27/2007","1,466.80","1,479.40","1,479.40","1,466.00","-","-0.85%"
"08/24/2007","1,479.40","1,462.30","1,479.40","1,460.50","-","1.16%"
"08/23/2007","1,462.50","1,464.00","1,472.10","1,453.90","-","-0.11%"
"08/22/2007","1,464.10","1,447.00","1,464.90","1,447.00","-","1.17%"
"08/21/2007","1,447.10","1,445.50","1,455.30","1,439.80","-","0.11%"
"08/20/2007","1,445.50","1,445.90","1,451.80","1,430.50","-","-0.03%"
"08/17/2007","1,445.90","1,411.30","1,450.30","1,411.30","-","2.45%"
"08/16/2007","1,411.30","1,406.60","1,416.00","1,370.60","-","0.33%"
"08/15/2007","1,406.70","1,426.20","1,440.80","1,404.40","-","-1.39%"
"08/14/2007","1,426.50","1,452.90","1,456.70","1,426.20","-","-1.82%"
"08/13/2007","1,452.90","1,453.40","1,466.30","1,451.50","-","-0.05%"
"08/10/2007","1,453.60","1,453.10","1,462.00","1,429.70","-","0.03%"
"08/09/2007","1,453.10","1,497.20","1,497.20","1,453.10","-","-2.96%"
"08/08/2007","1,497.50","1,476.20","1,503.90","1,476.20","-","1.41%"
"08/07/2007","1,476.70","1,467.60","1,488.30","1,455.80","-","0.61%"
"08/06/2007","1,467.70","1,433.00","1,467.70","1,427.40","-","2.41%"
"08/03/2007","1,433.10","1,472.20","1,473.20","1,432.80","-","-2.66%"
"08/02/2007","1,472.20","1,465.50","1,476.40","1,460.60","-","0.44%"
"08/01/2007","1,465.80","1,455.20","1,468.40","1,439.60","-","0.72%"
"07/31/2007","1,455.30","1,473.90","1,488.30","1,454.20","-","-1.26%"
"07/30/2007","1,473.90","1,458.90","1,477.90","1,454.30","-","1.02%"
"07/27/2007","1,459.00","1,482.40","1,488.50","1,459.00","-","-1.60%"
"07/26/2007","1,482.70","1,518.10","1,518.10","1,465.30","-","-2.33%"
"07/25/2007","1,518.10","1,511.00","1,524.30","1,503.70","-","0.47%"
"07/24/2007","1,511.00","1,541.60","1,541.60","1,508.60","-","-1.98%"
"07/23/2007","1,541.60","1,534.10","1,547.20","1,534.10","-","0.49%"
"07/20/2007","1,534.10","1,553.20","1,553.20","1,529.20","-","-1.22%"
"07/19/2007","1,553.10","1,546.10","1,555.20","1,546.10","-","0.45%"
"07/18/2007","1,546.20","1,549.20","1,549.20","1,533.70","-","-0.21%"
"07/17/2007","1,549.40","1,549.50","1,555.30","1,547.70","-","-0.01%"
"07/16/2007","1,549.50","1,552.50","1,555.90","1,546.70","-","-0.19%"
"07/13/2007","1,552.50","1,547.70","1,555.10","1,544.80","-","0.31%"
"07/12/2007","1,547.70","1,518.70","1,547.90","1,518.70","-","1.90%"
"07/11/2007","1,518.80","1,509.90","1,519.30","1,506.10","-","0.58%"
"07/10/2007","1,510.10","1,531.80","1,531.80","1,510.00","-","-1.42%"
"07/09/2007","1,531.80","1,530.40","1,534.30","1,527.50","-","0.09%"
"07/06/2007","1,530.40","1,525.00","1,532.40","1,520.50","-","0.33%"
"07/05/2007","1,525.40","1,524.90","1,526.60","1,517.70","-","0.03%"
"07/03/2007","1,524.90","1,519.10","1,526.00","1,519.10","-","0.36%"
"07/02/2007","1,519.40","1,504.70","1,519.50","1,504.70","-","1.07%"
"06/29/2007","1,503.30","1,505.70","1,517.50","1,493.60","-","-0.16%"
"06/28/2007","1,505.70","1,506.30","1,514.80","1,503.40","-","-0.04%"
"06/27/2007","1,506.30","1,492.60","1,506.80","1,484.20","-","0.90%"
"06/26/2007","1,492.90","1,497.70","1,506.10","1,490.50","-","-0.32%"
"06/25/2007","1,497.70","1,502.60","1,514.30","1,492.70","-","-0.33%"
"06/22/2007","1,502.60","1,522.20","1,522.20","1,500.70","-","-1.29%"
"06/21/2007","1,522.20","1,512.50","1,522.90","1,504.80","-","0.62%"
"06/20/2007","1,512.80","1,533.70","1,537.30","1,512.40","-","-1.36%"
"06/19/2007","1,533.70","1,531.00","1,535.80","1,525.70","-","0.18%"
"06/18/2007","1,531.00","1,532.90","1,535.40","1,529.30","-","-0.12%"
"06/15/2007","1,532.90","1,525.50","1,538.70","1,525.50","-","0.65%"
"06/14/2007","1,523.00","1,515.60","1,526.50","1,515.60","-","0.48%"
"06/13/2007","1,515.70","1,492.70","1,515.70","1,492.70","-","1.52%"
"06/12/2007","1,493.00","1,509.10","1,511.30","1,493.00","-","-1.07%"
"06/11/2007","1,509.10","1,507.60","1,515.50","1,503.30","-","0.09%"
"06/08/2007","1,507.70","1,490.70","1,507.80","1,487.40","-","1.14%"
"06/07/2007","1,490.70","1,517.40","1,517.40","1,490.40","-","-1.76%"
"06/06/2007","1,517.40","1,530.60","1,530.60","1,514.10","-","-0.89%"
"06/05/2007","1,531.00","1,539.10","1,539.10","1,525.60","-","-0.53%"
"06/04/2007","1,539.20","1,536.30","1,540.50","1,532.30","-","0.19%"
"06/01/2007","1,536.30","1,530.60","1,540.60","1,530.60","-","0.37%"
"05/31/2007","1,530.60","1,530.20","1,535.60","1,528.30","-","0.03%"
"05/30/2007","1,530.20","1,517.60","1,530.20","1,510.10","-","0.80%"
"05/29/2007","1,518.10","1,515.50","1,521.80","1,512.00","-","0.16%"
"05/25/2007","1,515.70","1,507.50","1,517.40","1,507.50","-","0.54%"
"05/24/2007","1,507.50","1,522.10","1,529.30","1,505.20","-","-0.97%"
"05/23/2007","1,522.30","1,524.10","1,532.40","1,521.90","-","-0.12%"
"05/22/2007","1,524.10","1,525.10","1,529.20","1,522.00","-","-0.07%"
"05/21/2007","1,525.10","1,522.80","1,529.90","1,522.70","-","0.15%"
"05/18/2007","1,522.80","1,512.70","1,522.80","1,512.70","-","0.66%"
"05/17/2007","1,512.80","1,514.00","1,517.10","1,509.30","-","-0.09%"
"05/16/2007","1,514.10","1,500.80","1,514.20","1,500.80","-","0.86%"
"05/15/2007","1,501.20","1,503.10","1,514.80","1,500.40","-","-0.13%"
"05/14/2007","1,503.20","1,505.80","1,510.90","1,498.30","-","-0.17%"
"05/11/2007","1,505.80","1,491.50","1,506.20","1,491.50","-","0.96%"
"05/10/2007","1,491.50","1,512.30","1,512.30","1,491.40","-","-1.39%"
"05/09/2007","1,512.60","1,507.30","1,513.80","1,503.80","-","0.32%"
"05/08/2007","1,507.70","1,509.40","1,509.40","1,500.70","-","-0.12%"
"05/07/2007","1,509.50","1,505.60","1,511.00","1,505.50","-","0.26%"
"05/04/2007","1,505.60","1,502.30","1,510.30","1,501.80","-","0.21%"
"05/03/2007","1,502.40","1,495.60","1,503.30","1,495.60","-","0.43%"
"05/02/2007","1,495.90","1,486.10","1,499.10","1,486.10","-","0.65%"
"05/01/2007","1,486.30","1,482.40","1,487.30","1,476.70","-","0.26%"
"04/30/2007","1,482.40","1,494.10","1,497.20","1,482.30","-","-0.78%"
"04/27/2007","1,494.10","1,494.20","1,497.30","1,488.70","-","-0.01%"
"04/26/2007","1,494.20","1,495.30","1,498.00","1,491.20","-","-0.08%"
"04/25/2007","1,495.40","1,480.30","1,496.60","1,480.30","-","1.01%"
"04/24/2007","1,480.40","1,480.90","1,483.80","1,473.70","-","-0.03%"
"04/23/2007","1,480.90","1,484.30","1,487.30","1,480.20","-","-0.23%"
"04/20/2007","1,484.30","1,470.70","1,484.70","1,470.70","-","0.92%"
"04/19/2007","1,470.70","1,472.50","1,474.20","1,464.50","-","-0.12%"
"04/18/2007","1,472.50","1,471.50","1,476.60","1,466.40","-","0.07%"
"04/17/2007","1,471.50","1,468.50","1,474.30","1,467.20","-","0.20%"
"04/16/2007","1,468.50","1,452.80","1,468.60","1,452.80","-","1.08%"
"04/13/2007","1,452.80","1,447.80","1,453.10","1,444.20","-","0.35%"
"04/12/2007","1,447.80","1,438.90","1,448.00","1,433.90","-","0.62%"
"04/11/2007","1,438.90","1,448.20","1,448.40","1,436.20","-","-0.66%"
"04/10/2007","1,448.40","1,444.60","1,448.70","1,444.00","-","0.26%"
"04/09/2007","1,444.60","1,443.80","1,448.10","1,443.30","-","0.06%"
"04/05/2007","1,443.80","1,438.90","1,444.90","1,436.70","-","0.31%"
"04/04/2007","1,439.40","1,437.80","1,440.20","1,435.10","-","0.11%"
"04/03/2007","1,437.80","1,424.30","1,440.60","1,424.30","-","0.93%"
"04/02/2007","1,424.50","1,420.80","1,425.50","1,416.40","-","0.25%"
"03/30/2007","1,420.90","1,422.50","1,429.20","1,408.90","-","-0.11%"
"03/29/2007","1,422.50","1,417.20","1,426.20","1,413.30","-","0.37%"
"03/28/2007","1,417.20","1,428.30","1,428.30","1,414.10","-","-0.80%"
"03/27/2007","1,428.60","1,437.50","1,437.50","1,425.50","-","-0.62%"
"03/26/2007","1,437.50","1,436.10","1,437.70","1,423.30","-","0.10%"
"03/23/2007","1,436.10","1,434.50","1,438.90","1,433.20","-","0.11%"
"03/22/2007","1,434.50","1,435.00","1,437.70","1,429.90","-","-0.03%"
"03/21/2007","1,435.00","1,410.90","1,437.80","1,409.80","-","1.71%"
"03/20/2007","1,410.90","1,402.00","1,411.50","1,400.70","-","0.63%"
"03/19/2007","1,402.10","1,387.00","1,403.20","1,387.00","-","1.09%"
"03/16/2007","1,387.00","1,392.30","1,397.50","1,383.60","-","-0.38%"
"03/15/2007","1,392.30","1,387.10","1,395.70","1,385.20","-","0.37%"
"03/14/2007","1,387.20","1,377.90","1,388.10","1,364.00","-","0.67%"
"03/13/2007","1,378.00","1,406.20","1,406.20","1,377.70","-","-2.03%"
"03/12/2007","1,406.60","1,402.80","1,409.30","1,398.40","-","0.27%"
"03/09/2007","1,402.80","1,401.90","1,410.20","1,397.30","-","0.06%"
"03/08/2007","1,401.90","1,391.90","1,407.90","1,391.90","-","0.71%"
"03/07/2007","1,392.00","1,395.00","1,401.20","1,390.60","-","-0.24%"
"03/06/2007","1,395.40","1,374.10","1,397.90","1,374.10","-","1.55%"
"03/05/2007","1,374.10","1,387.10","1,391.90","1,374.00","-","-0.94%"
"03/02/2007","1,387.20","1,403.20","1,403.40","1,386.90","-","-1.14%"
"03/01/2007","1,403.20","1,406.80","1,409.50","1,380.90","-","-0.26%"
"02/28/2007","1,406.80","1,398.60","1,415.90","1,396.70","-","0.56%"
"02/27/2007","1,399.00","1,449.20","1,449.20","1,389.40","-","-3.48%"
"02/26/2007","1,449.40","1,451.00","1,457.00","1,445.50","-","-0.12%"
"02/23/2007","1,451.20","1,456.20","1,456.20","1,448.40","-","-0.36%"
"02/22/2007","1,456.40","1,457.30","1,461.60","1,450.50","-","-0.08%"
"02/21/2007","1,457.60","1,459.60","1,459.60","1,452.00","-","-0.14%"
"02/20/2007","1,459.70","1,455.50","1,460.50","1,449.20","-","0.29%"
"02/16/2007","1,455.50","1,456.80","1,456.80","1,451.60","-","-0.09%"
"02/15/2007","1,456.80","1,455.20","1,458.00","1,453.20","-","0.10%"
"02/14/2007","1,455.30","1,443.90","1,457.70","1,443.90","-","0.76%"
"02/13/2007","1,444.30","1,433.20","1,444.40","1,433.20","-","0.76%"
"02/12/2007","1,433.40","1,438.00","1,439.10","1,431.40","-","-0.33%"
"02/09/2007","1,438.10","1,448.20","1,452.50","1,433.40","-","-0.70%"
"02/08/2007","1,448.30","1,450.00","1,450.50","1,442.80","-","-0.12%"
"02/07/2007","1,450.00","1,447.40","1,453.00","1,446.40","-","0.14%"
"02/06/2007","1,448.00","1,447.00","1,450.20","1,443.40","-","0.07%"
"02/05/2007","1,447.00","1,448.30","1,449.40","1,443.80","-","-0.10%"
"02/02/2007","1,448.40","1,445.90","1,449.30","1,444.50","-","0.17%"
"02/01/2007","1,445.90","1,437.90","1,446.60","1,437.90","-","0.54%"
"01/31/2007","1,438.20","1,428.70","1,441.60","1,424.80","-","0.66%"
"01/30/2007","1,428.80","1,420.60","1,428.80","1,420.60","-","0.58%"
"01/29/2007","1,420.60","1,422.00","1,426.90","1,418.50","-","-0.11%"
"01/26/2007","1,422.20","1,423.90","1,427.30","1,417.00","-","-0.12%"
"01/25/2007","1,423.90","1,440.10","1,440.70","1,422.30","-","-1.12%"
"01/24/2007","1,440.10","1,428.00","1,440.10","1,428.00","-","0.85%"
"01/23/2007","1,428.00","1,423.00","1,431.30","1,421.70","-","0.35%"
"01/22/2007","1,423.00","1,430.50","1,431.40","1,420.40","-","-0.52%"
"01/19/2007","1,430.50","1,426.30","1,431.60","1,425.20","-","0.29%"
"01/18/2007","1,426.40","1,430.60","1,433.30","1,424.20","-","-0.29%"
"01/17/2007","1,430.60","1,431.80","1,435.30","1,428.60","-","-0.09%"
"01/16/2007","1,431.90","1,430.70","1,433.90","1,428.60","-","0.08%"
"01/12/2007","1,430.70","1,423.80","1,431.20","1,422.60","-","0.48%"
"01/11/2007","1,423.80","1,414.80","1,427.10","1,414.80","-","0.64%"
"01/10/2007","1,414.80","1,411.90","1,416.00","1,404.30","-","0.19%"
"01/09/2007","1,412.10","1,412.80","1,415.60","1,405.40","-","-0.05%"
"01/08/2007","1,412.80","1,409.30","1,415.00","1,404.00","-","0.22%"
"01/05/2007","1,409.70","1,418.30","1,418.30","1,405.80","-","-0.61%"
"01/04/2007","1,418.30","1,416.60","1,421.80","1,408.20","-","0.12%"
"01/03/2007","1,416.60","1,418.00","1,429.40","1,407.90","-","-0.12%"
"12/29/2006","1,418.30","1,424.70","1,427.00","1,416.70","-","-0.45%"
"12/28/2006","1,424.70","1,426.80","1,427.30","1,422.00","-","-0.15%"
"12/27/2006","1,426.80","1,416.60","1,427.70","1,416.60","-","0.70%"
"12/26/2006","1,416.90","1,410.80","1,417.90","1,410.50","-","0.43%"
"12/22/2006","1,410.80","1,418.10","1,418.80","1,410.30","-","-0.53%"
"12/21/2006","1,418.30","1,423.20","1,426.40","1,415.90","-","-0.37%"
"12/20/2006","1,423.50","1,425.50","1,429.00","1,423.50","-","-0.14%"
"12/19/2006","1,425.50","1,422.40","1,428.30","1,414.90","-","0.21%"
"12/18/2006","1,422.50","1,427.10","1,431.80","1,420.70","-","-0.32%"
"12/15/2006","1,427.10","1,425.50","1,431.60","1,425.50","-","0.11%"
"12/14/2006","1,425.50","1,413.20","1,427.20","1,413.20","-","0.87%"
"12/13/2006","1,413.20","1,411.30","1,416.60","1,411.00","-","0.11%"
"12/12/2006","1,411.60","1,413.00","1,413.80","1,404.80","-","-0.10%"
"12/11/2006","1,413.00","1,409.80","1,415.60","1,408.60","-","0.23%"
"12/08/2006","1,409.80","1,407.30","1,414.10","1,403.70","-","0.18%"
"12/07/2006","1,407.30","1,412.90","1,418.30","1,406.80","-","-0.40%"
"12/06/2006","1,412.90","1,414.40","1,415.90","1,411.00","-","-0.13%"
"12/05/2006","1,414.80","1,409.10","1,415.30","1,408.80","-","0.40%"
"12/04/2006","1,409.10","1,396.70","1,411.20","1,396.70","-","0.89%"
"12/01/2006","1,396.70","1,400.60","1,402.50","1,385.90","-","-0.28%"
"11/30/2006","1,400.60","1,399.50","1,406.30","1,393.80","-","0.08%"
"11/29/2006","1,399.50","1,386.10","1,401.10","1,386.10","-","0.92%"
"11/28/2006","1,386.70","1,381.60","1,387.90","1,377.80","-","0.35%"
"11/27/2006","1,381.90","1,401.00","1,401.00","1,381.40","-","-1.36%"
"11/24/2006","1,401.00","1,405.90","1,405.90","1,399.20","-","-0.36%"
"11/22/2006","1,406.10","1,402.70","1,407.90","1,402.30","-","0.24%"
"11/21/2006","1,402.80","1,400.40","1,403.50","1,400.00","-","0.16%"
"11/20/2006","1,400.50","1,401.20","1,404.40","1,397.80","-","-0.05%"
"11/17/2006","1,401.20","1,399.80","1,401.20","1,394.50","-","0.10%"
"11/16/2006","1,399.80","1,396.50","1,403.80","1,396.50","-","0.23%"
"11/15/2006","1,396.60","1,392.90","1,401.30","1,392.10","-","0.24%"
"11/14/2006","1,393.20","1,384.40","1,394.50","1,379.10","-","0.64%"
"11/13/2006","1,384.40","1,380.60","1,387.60","1,378.80","-","0.25%"
"11/10/2006","1,380.90","1,378.30","1,381.00","1,375.60","-","0.19%"
"11/09/2006","1,378.30","1,385.40","1,388.90","1,377.30","-","-0.53%"
"11/08/2006","1,385.70","1,382.50","1,388.60","1,376.30","-","0.21%"
"11/07/2006","1,382.80","1,379.80","1,388.20","1,379.20","-","0.22%"
"11/06/2006","1,379.80","1,364.30","1,381.40","1,364.30","-","1.14%"
"11/03/2006","1,364.30","1,367.30","1,371.70","1,361.00","-","-0.22%"
"11/02/2006","1,367.30","1,367.40","1,368.40","1,362.20","-","-0.04%"
"11/01/2006","1,367.80","1,377.80","1,382.00","1,366.30","-","-0.73%"
"10/31/2006","1,377.90","1,377.90","1,381.20","1,372.20","-","0.00%"
"10/30/2006","1,377.90","1,377.30","1,381.20","1,373.50","-","0.04%"
"10/27/2006","1,377.30","1,388.90","1,388.90","1,375.80","-","-0.85%"
"10/26/2006","1,389.10","1,382.20","1,389.50","1,379.50","-","0.50%"
"10/25/2006","1,382.20","1,377.40","1,383.60","1,376.00","-","0.35%"
"10/24/2006","1,377.40","1,377.00","1,377.80","1,372.40","-","0.03%"
"10/23/2006","1,377.00","1,368.60","1,377.40","1,363.90","-","0.61%"
"10/20/2006","1,368.60","1,366.90","1,368.70","1,362.10","-","0.12%"
"10/19/2006","1,367.00","1,366.00","1,368.10","1,362.10","-","0.07%"
"10/18/2006","1,366.00","1,363.90","1,372.90","1,361.00","-","0.15%"
"10/17/2006","1,364.00","1,369.00","1,369.00","1,356.90","-","-0.37%"
"10/16/2006","1,369.00","1,365.60","1,370.20","1,364.50","-","0.25%"
"10/13/2006","1,365.60","1,362.80","1,366.60","1,360.50","-","0.21%"
"10/12/2006","1,362.80","1,349.90","1,363.80","1,349.90","-","0.95%"
"10/11/2006","1,350.00","1,353.30","1,354.00","1,343.60","-","-0.25%"
"10/10/2006","1,353.40","1,350.60","1,354.20","1,348.60","-","0.20%"
"10/09/2006","1,350.70","1,349.60","1,352.70","1,346.50","-","0.08%"
"10/06/2006","1,349.60","1,353.20","1,353.20","1,344.20","-","-0.27%"
"10/05/2006","1,353.20","1,349.80","1,353.80","1,347.80","-","0.22%"
"10/04/2006","1,350.20","1,333.80","1,350.20","1,331.50","-","1.21%"
"10/03/2006","1,334.10","1,331.30","1,338.30","1,327.10","-","0.21%"
"10/02/2006","1,331.30","1,335.80","1,338.50","1,330.30","-","-0.34%"
"09/29/2006","1,335.80","1,339.20","1,339.90","1,335.60","-","-0.25%"
"09/28/2006","1,339.20","1,336.60","1,340.30","1,333.80","-","0.19%"
"09/27/2006","1,336.60","1,336.10","1,340.10","1,333.50","-","0.02%"
"09/26/2006","1,336.30","1,326.30","1,336.60","1,325.30","-","0.75%"
"09/25/2006","1,326.40","1,314.80","1,329.30","1,311.60","-","0.88%"
"09/22/2006","1,314.80","1,318.00","1,318.00","1,310.90","-","-0.24%"
"09/21/2006","1,318.00","1,324.90","1,328.20","1,315.50","-","-0.54%"
"09/20/2006","1,325.20","1,318.30","1,328.50","1,318.30","-","0.52%"
"09/19/2006","1,318.30","1,321.20","1,322.00","1,312.20","-","-0.22%"
"09/18/2006","1,321.20","1,319.80","1,324.90","1,318.20","-","0.10%"
"09/15/2006","1,319.90","1,316.30","1,324.70","1,316.30","-","0.27%"
"09/14/2006","1,316.30","1,318.00","1,318.00","1,313.20","-","-0.14%"
"09/13/2006","1,318.10","1,312.70","1,319.90","1,311.10","-","0.38%"
"09/12/2006","1,313.10","1,299.50","1,314.30","1,299.50","-","1.05%"
"09/11/2006","1,299.50","1,298.90","1,302.40","1,290.90","-","0.05%"
"09/08/2006","1,298.90","1,294.00","1,300.10","1,294.00","-","0.38%"
"09/07/2006","1,294.00","1,300.20","1,301.20","1,292.10","-","-0.48%"
"09/06/2006","1,300.30","1,313.00","1,313.00","1,299.30","-","-0.98%"
"09/05/2006","1,313.20","1,310.90","1,314.70","1,308.80","-","0.17%"
"09/01/2006","1,311.00","1,303.80","1,312.00","1,303.80","-","0.55%"
"08/31/2006","1,303.80","1,304.20","1,306.10","1,302.50","-","-0.04%"
"08/30/2006","1,304.30","1,303.70","1,306.70","1,302.20","-","0.00%"
"08/29/2006","1,304.30","1,301.60","1,305.00","1,295.30","-","0.19%"
"08/28/2006","1,301.80","1,295.10","1,305.00","1,294.00","-","0.52%"
"08/25/2006","1,295.10","1,295.90","1,298.90","1,292.40","-","-0.08%"
"08/24/2006","1,296.10","1,293.00","1,297.20","1,291.40","-","0.24%"
"08/23/2006","1,293.00","1,298.70","1,301.50","1,289.50","-","-0.45%"
"08/22/2006","1,298.80","1,297.50","1,302.50","1,294.40","-","0.10%"
"08/21/2006","1,297.50","1,302.30","1,302.30","1,295.50","-","-0.37%"
"08/18/2006","1,302.30","1,297.50","1,302.30","1,293.60","-","0.37%"
"08/17/2006","1,297.50","1,295.40","1,300.80","1,292.70","-","0.16%"
"08/16/2006","1,295.40","1,285.30","1,296.20","1,285.30","-","0.76%"
"08/15/2006","1,285.60","1,268.20","1,286.20","1,268.20","-","1.37%"
"08/14/2006","1,268.20","1,266.70","1,278.90","1,266.70","-","0.12%"
"08/11/2006","1,266.70","1,271.60","1,271.60","1,262.10","-","-0.40%"
"08/10/2006","1,271.80","1,265.70","1,272.50","1,261.30","-","0.46%"
"08/09/2006","1,266.00","1,271.10","1,283.70","1,264.70","-","-0.43%"
"08/08/2006","1,271.50","1,275.70","1,282.80","1,268.40","-","-0.34%"
"08/07/2006","1,275.80","1,279.30","1,279.30","1,273.00","-","-0.28%"
"08/04/2006","1,279.40","1,280.30","1,292.90","1,273.80","-","-0.07%"
"08/03/2006","1,280.30","1,278.20","1,284.00","1,271.20","-","0.14%"
"08/02/2006","1,278.50","1,270.70","1,283.40","1,270.70","-","0.60%"
"08/01/2006","1,270.90","1,278.50","1,278.70","1,265.70","-","-0.45%"
"07/31/2006","1,276.70","1,278.50","1,278.70","1,274.30","-","-0.14%"
"07/28/2006","1,278.50","1,263.20","1,280.40","1,263.20","-","1.21%"
"07/27/2006","1,263.20","1,268.20","1,275.80","1,261.90","-","-0.41%"
"07/26/2006","1,268.40","1,268.90","1,273.90","1,261.90","-","-0.04%"
"07/25/2006","1,268.90","1,260.90","1,272.40","1,257.20","-","0.63%"
"07/24/2006","1,260.90","1,240.20","1,262.50","1,240.20","-","1.66%"
"07/21/2006","1,240.30","1,249.10","1,251.00","1,238.70","-","-0.70%"
"07/20/2006","1,249.10","1,259.80","1,262.60","1,249.10","-","-0.85%"
"07/19/2006","1,259.80","1,236.70","1,261.80","1,236.70","-","1.85%"
"07/18/2006","1,236.90","1,234.50","1,239.90","1,224.50","-","0.19%"
"07/17/2006","1,234.50","1,236.20","1,240.10","1,231.50","-","-0.14%"
"07/14/2006","1,236.20","1,242.30","1,242.70","1,228.50","-","-0.49%"
"07/13/2006","1,242.30","1,258.60","1,258.60","1,241.40","-","-1.30%"
"07/12/2006","1,258.60","1,272.40","1,273.30","1,257.30","-","-1.09%"
"07/11/2006","1,272.50","1,267.30","1,273.60","1,259.70","-","0.41%"
"07/10/2006","1,267.30","1,265.50","1,274.10","1,264.50","-","0.14%"
"07/07/2006","1,265.50","1,274.10","1,275.40","1,263.10","-","-0.67%"
"07/06/2006","1,274.10","1,270.60","1,278.30","1,270.60","-","0.25%"
"07/05/2006","1,270.90","1,280.00","1,280.00","1,265.90","-","-0.73%"
"07/03/2006","1,280.20","1,270.10","1,280.40","1,270.10","-","0.79%"
"06/30/2006","1,270.20","1,272.90","1,276.30","1,270.20","-","-0.21%"
"06/29/2006","1,272.90","1,245.90","1,272.90","1,245.90","-","2.16%"
"06/28/2006","1,246.00","1,239.00","1,247.10","1,237.60","-","0.55%"
"06/27/2006","1,239.20","1,250.50","1,253.40","1,238.90","-","-0.91%"
"06/26/2006","1,250.60","1,244.50","1,250.90","1,243.70","-","0.49%"
"06/23/2006","1,244.50","1,245.60","1,253.10","1,241.40","-","-0.09%"
"06/22/2006","1,245.60","1,251.90","1,251.90","1,241.50","-","-0.53%"
"06/21/2006","1,252.20","1,240.10","1,258.00","1,240.10","-","0.98%"
"06/20/2006","1,240.10","1,240.10","1,249.00","1,238.90","-","0.00%"
"06/19/2006","1,240.10","1,251.50","1,255.90","1,237.20","-","-0.91%"
"06/16/2006","1,251.50","1,256.20","1,256.30","1,246.30","-","-0.37%"
"06/15/2006","1,256.20","1,230.00","1,258.60","1,230.00","-","2.13%"
"06/14/2006","1,230.00","1,223.70","1,231.50","1,219.30","-","0.51%"
"06/13/2006","1,223.70","1,236.10","1,243.40","1,222.50","-","-1.03%"
"06/12/2006","1,236.40","1,252.30","1,255.20","1,236.20","-","-1.27%"
"06/09/2006","1,252.30","1,257.90","1,262.60","1,250.00","-","-0.45%"
"06/08/2006","1,257.90","1,256.10","1,259.80","1,235.20","-","0.14%"
"06/07/2006","1,256.20","1,263.60","1,272.50","1,255.80","-","-0.60%"
"06/06/2006","1,263.80","1,265.20","1,269.90","1,254.50","-","-0.12%"
"06/05/2006","1,265.30","1,288.20","1,288.20","1,264.70","-","-1.78%"
"06/02/2006","1,288.20","1,285.70","1,290.70","1,280.20","-","0.19%"
"06/01/2006","1,285.70","1,270.00","1,285.70","1,269.20","-","1.23%"
"05/31/2006","1,270.10","1,259.40","1,270.10","1,259.40","-","0.82%"
"05/30/2006","1,259.80","1,280.00","1,280.00","1,259.80","-","-1.59%"
"05/26/2006","1,280.20","1,272.70","1,280.50","1,272.50","-","0.57%"
"05/25/2006","1,272.90","1,258.40","1,273.30","1,258.40","-","1.14%"
"05/24/2006","1,258.60","1,256.60","1,264.50","1,245.30","-","0.16%"
"05/23/2006","1,256.60","1,262.10","1,273.70","1,256.20","-","-0.44%"
"05/22/2006","1,262.10","1,267.00","1,268.80","1,253.00","-","-0.39%"
"05/19/2006","1,267.00","1,261.80","1,272.20","1,256.30","-","0.41%"
"05/18/2006","1,261.80","1,270.20","1,274.90","1,261.80","-","-0.67%"
"05/17/2006","1,270.30","1,291.70","1,291.70","1,267.30","-","-1.69%"
"05/16/2006","1,292.10","1,294.50","1,297.90","1,288.50","-","-0.19%"
"05/15/2006","1,294.50","1,291.20","1,294.80","1,284.50","-","0.26%"
"05/12/2006","1,291.20","1,305.90","1,305.90","1,290.40","-","-1.13%"
"05/11/2006","1,305.90","1,322.60","1,322.60","1,303.50","-","-1.28%"
"05/10/2006","1,322.80","1,324.60","1,325.50","1,317.40","-","-0.17%"
"05/09/2006","1,325.10","1,324.70","1,326.60","1,322.50","-","0.03%"
"05/08/2006","1,324.70","1,325.80","1,326.70","1,322.90","-","-0.08%"
"05/05/2006","1,325.80","1,312.20","1,326.50","1,312.20","-","1.04%"
"05/04/2006","1,312.20","1,307.80","1,315.10","1,307.80","-","0.34%"
"05/03/2006","1,307.80","1,313.20","1,313.50","1,303.90","-","-0.41%"
"05/02/2006","1,313.20","1,305.20","1,313.70","1,305.20","-","0.61%"
"05/01/2006","1,305.20","1,310.60","1,317.20","1,303.50","-","-0.41%"
"04/28/2006","1,310.60","1,309.70","1,316.00","1,306.20","-","0.07%"
"04/27/2006","1,309.70","1,305.40","1,315.00","1,295.60","-","0.33%"
"04/26/2006","1,305.40","1,301.70","1,311.00","1,301.70","-","0.28%"
"04/25/2006","1,301.70","1,308.10","1,310.80","1,299.20","-","-0.49%"
"04/24/2006","1,308.10","1,311.30","1,311.30","1,303.80","-","-0.24%"
"04/21/2006","1,311.30","1,311.50","1,317.70","1,306.60","-","-0.02%"
"04/20/2006","1,311.50","1,309.90","1,318.20","1,306.40","-","0.12%"
"04/19/2006","1,309.90","1,307.70","1,310.40","1,302.80","-","0.17%"
"04/18/2006","1,307.70","1,285.30","1,309.00","1,285.30","-","1.74%"
"04/17/2006","1,285.30","1,289.10","1,292.50","1,280.70","-","-0.29%"
"04/13/2006","1,289.10","1,288.10","1,292.10","1,283.40","-","0.08%"
"04/12/2006","1,288.10","1,286.60","1,290.90","1,286.50","-","0.12%"
"04/11/2006","1,286.60","1,296.60","1,300.70","1,283.00","-","-0.77%"
"04/10/2006","1,296.60","1,295.50","1,300.70","1,293.20","-","0.08%"
"04/07/2006","1,295.50","1,309.00","1,314.10","1,294.20","-","-1.03%"
"04/06/2006","1,309.00","1,311.60","1,312.00","1,302.40","-","-0.20%"
"04/05/2006","1,311.60","1,305.90","1,312.80","1,304.80","-","0.44%"
"04/04/2006","1,305.90","1,297.80","1,307.50","1,294.70","-","0.62%"
"04/03/2006","1,297.80","1,302.90","1,309.20","1,296.70","-","0.23%"
"03/31/2006","1,294.80","1,300.20","1,303.00","1,294.80","-","-0.42%"
"03/30/2006","1,300.20","1,302.90","1,310.20","1,296.70","-","-0.21%"
"03/29/2006","1,302.90","1,293.20","1,305.60","1,293.20","-","0.75%"
"03/28/2006","1,293.20","1,301.60","1,306.20","1,291.80","-","-0.65%"
"03/27/2006","1,301.60","1,303.00","1,303.70","1,299.10","-","-0.11%"
"03/24/2006","1,303.00","1,301.70","1,306.50","1,298.90","-","0.10%"
"03/23/2006","1,301.70","1,305.00","1,305.00","1,298.10","-","-0.25%"
"03/22/2006","1,305.00","1,297.20","1,306.00","1,295.80","-","0.60%"
"03/21/2006","1,297.20","1,305.10","1,310.90","1,295.80","-","-0.61%"
"03/20/2006","1,305.10","1,307.20","1,310.00","1,303.60","-","-0.16%"
"03/17/2006","1,307.20","1,305.30","1,309.80","1,305.30","-","0.15%"
"03/16/2006","1,305.30","1,303.00","1,310.50","1,303.00","-","0.18%"
"03/15/2006","1,303.00","1,297.50","1,304.40","1,295.00","-","0.42%"
"03/14/2006","1,297.50","1,284.10","1,298.10","1,282.70","-","1.04%"
"03/13/2006","1,284.10","1,281.60","1,287.40","1,281.60","-","0.20%"
"03/10/2006","1,281.60","1,272.20","1,284.40","1,271.10","-","0.74%"
"03/09/2006","1,272.20","1,278.50","1,282.70","1,272.20","-","-0.49%"
"03/08/2006","1,278.50","1,275.90","1,280.30","1,268.40","-","0.20%"
"03/07/2006","1,275.90","1,278.30","1,278.30","1,271.10","-","-0.19%"
"03/06/2006","1,278.30","1,287.20","1,288.20","1,275.70","-","-0.69%"
"03/03/2006","1,287.20","1,289.10","1,297.30","1,284.20","-","-0.15%"
"03/02/2006","1,289.10","1,291.20","1,291.20","1,283.20","-","-0.16%"
"03/01/2006","1,291.20","1,280.70","1,291.80","1,280.70","-","0.82%"
"02/28/2006","1,280.70","1,294.10","1,294.10","1,278.70","-","-1.04%"
"02/27/2006","1,294.10","1,289.40","1,297.60","1,289.40","-","0.36%"
"02/24/2006","1,289.40","1,287.80","1,292.10","1,285.60","-","0.12%"
"02/23/2006","1,287.80","1,292.70","1,293.80","1,285.10","-","-0.38%"
"02/22/2006","1,292.70","1,283.00","1,294.20","1,283.00","-","0.76%"
"02/21/2006","1,283.00","1,287.20","1,291.90","1,281.30","-","-0.33%"
"02/17/2006","1,287.20","1,289.40","1,289.50","1,284.10","-","-0.17%"
"02/16/2006","1,289.40","1,280.00","1,289.40","1,280.00","-","0.73%"
"02/15/2006","1,280.00","1,275.50","1,281.00","1,271.10","-","0.35%"
"02/14/2006","1,275.50","1,262.90","1,278.20","1,260.80","-","1.00%"
"02/13/2006","1,262.90","1,267.00","1,267.00","1,258.30","-","-0.32%"
"02/10/2006","1,267.00","1,263.80","1,269.90","1,255.00","-","0.25%"
"02/09/2006","1,263.80","1,265.70","1,274.60","1,262.80","-","-0.15%"
"02/08/2006","1,265.70","1,254.80","1,266.50","1,254.80","-","0.87%"
"02/07/2006","1,254.80","1,265.00","1,265.80","1,253.60","-","-0.81%"
"02/06/2006","1,265.00","1,264.00","1,267.00","1,261.60","-","0.08%"
"02/03/2006","1,264.00","1,270.80","1,270.90","1,261.00","-","-0.54%"
"02/02/2006","1,270.80","1,282.50","1,282.50","1,267.70","-","-0.91%"
"02/01/2006","1,282.50","1,280.10","1,283.30","1,277.60","-","0.19%"
"01/31/2006","1,280.10","1,285.20","1,285.20","1,276.80","-","-0.40%"
"01/30/2006","1,285.20","1,283.70","1,287.90","1,283.50","-","0.12%"
"01/27/2006","1,283.70","1,273.80","1,286.40","1,273.80","-","0.78%"
"01/26/2006","1,273.80","1,264.70","1,276.40","1,264.70","-","0.72%"
"01/25/2006","1,264.70","1,266.90","1,271.90","1,259.40","-","-0.17%"
"01/24/2006","1,266.90","1,263.80","1,271.50","1,263.80","-","0.25%"
"01/23/2006","1,263.80","1,261.50","1,268.20","1,261.50","-","0.18%"
"01/20/2006","1,261.50","1,285.00","1,285.00","1,260.90","-","-1.83%"
"01/19/2006","1,285.00","1,277.90","1,287.80","1,277.90","-","0.56%"
"01/18/2006","1,277.90","1,282.90","1,282.90","1,272.10","-","-0.39%"
"01/17/2006","1,282.90","1,287.60","1,287.60","1,278.60","-","-0.37%"
"01/13/2006","1,287.60","1,286.10","1,289.00","1,282.80","-","0.12%"
"01/12/2006","1,286.10","1,294.20","1,294.20","1,285.00","-","-0.63%"
"01/11/2006","1,294.20","1,289.70","1,294.90","1,288.10","-","0.35%"
"01/10/2006","1,289.70","1,290.20","1,290.20","1,283.80","-","-0.04%"
"01/09/2006","1,290.20","1,285.50","1,290.80","1,284.80","-","0.37%"
"01/06/2006","1,285.50","1,273.50","1,286.10","1,273.50","-","0.94%"
"01/05/2006","1,273.50","1,273.50","1,276.90","1,270.30","-","0.00%"
"01/04/2006","1,273.50","1,268.80","1,275.40","1,267.70","-","0.37%"
"01/03/2006","1,268.80","1,248.30","1,270.20","1,245.70","-","1.64%"
"12/30/2005","1,248.30","1,254.40","1,254.40","1,246.60","-","-0.49%"
"12/29/2005","1,254.40","1,258.20","1,260.60","1,254.20","-","-0.30%"
"12/28/2005","1,258.20","1,256.50","1,261.10","1,256.50","-","0.14%"
"12/27/2005","1,256.50","1,268.70","1,271.80","1,256.50","-","-0.96%"
"12/23/2005","1,268.70","1,268.10","1,269.80","1,265.90","-","0.05%"
"12/22/2005","1,268.10","1,262.80","1,268.20","1,262.50","-","0.42%"
"12/21/2005","1,262.80","1,259.60","1,269.40","1,259.60","-","0.25%"
"12/20/2005","1,259.60","1,259.90","1,263.90","1,257.20","-","-0.02%"
"12/19/2005","1,259.90","1,267.30","1,270.50","1,259.30","-","-0.58%"
"12/16/2005","1,267.30","1,270.90","1,275.20","1,267.30","-","-0.28%"
"12/15/2005","1,270.90","1,272.70","1,275.20","1,267.70","-","-0.14%"
"12/14/2005","1,272.70","1,267.40","1,275.80","1,267.10","-","0.42%"
"12/13/2005","1,267.40","1,260.40","1,272.10","1,258.60","-","0.56%"
"12/12/2005","1,260.40","1,259.40","1,263.90","1,255.50","-","0.08%"
"12/09/2005","1,259.40","1,255.80","1,263.10","1,254.20","-","0.29%"
"12/08/2005","1,255.80","1,257.40","1,263.40","1,250.90","-","-0.13%"
"12/07/2005","1,257.40","1,263.70","1,264.80","1,253.00","-","-0.50%"
"12/06/2005","1,263.70","1,262.10","1,272.90","1,262.10","-","0.13%"
"12/05/2005","1,262.10","1,265.10","1,265.10","1,258.10","-","-0.24%"
"12/02/2005","1,265.10","1,264.70","1,266.80","1,261.40","-","0.03%"
"12/01/2005","1,264.70","1,249.50","1,266.20","1,249.50","-","1.22%"
"11/30/2005","1,249.50","1,257.50","1,260.90","1,249.40","-","-0.64%"
"11/29/2005","1,257.50","1,257.50","1,266.20","1,257.50","-","0.00%"
"11/28/2005","1,257.50","1,268.20","1,268.40","1,257.20","-","-0.84%"
"11/25/2005","1,268.20","1,265.60","1,268.80","1,265.50","-","0.21%"
"11/23/2005","1,265.60","1,261.20","1,270.60","1,259.50","-","0.35%"
"11/22/2005","1,261.20","1,254.80","1,261.90","1,251.40","-","0.51%"
"11/21/2005","1,254.80","1,248.30","1,255.90","1,246.90","-","0.52%"
"11/18/2005","1,248.30","1,242.80","1,249.60","1,240.70","-","0.44%"
"11/17/2005","1,242.80","1,231.20","1,243.00","1,231.20","-","0.94%"
"11/16/2005","1,231.20","1,229.00","1,232.20","1,227.20","-","0.18%"
"11/15/2005","1,229.00","1,233.80","1,237.90","1,226.40","-","-0.39%"
"11/14/2005","1,233.80","1,234.70","1,237.20","1,231.80","-","-0.07%"
"11/11/2005","1,234.70","1,231.00","1,235.70","1,230.70","-","0.30%"
"11/10/2005","1,231.00","1,220.70","1,232.40","1,215.00","-","0.84%"
"11/09/2005","1,220.70","1,218.60","1,226.60","1,216.50","-","0.17%"
"11/08/2005","1,218.60","1,222.80","1,222.80","1,216.10","-","-0.34%"
"11/07/2005","1,222.80","1,220.10","1,224.20","1,217.30","-","0.22%"
"11/04/2005","1,220.10","1,219.90","1,222.50","1,214.50","-","0.02%"
"11/03/2005","1,219.90","1,214.80","1,224.70","1,214.80","-","0.42%"
"11/02/2005","1,214.80","1,202.80","1,215.20","1,201.10","-","1.00%"
"11/01/2005","1,202.80","1,207.00","1,207.30","1,201.70","-","-0.35%"
"10/31/2005","1,207.00","1,198.40","1,211.40","1,198.40","-","0.72%"
"10/28/2005","1,198.40","1,178.90","1,198.40","1,178.90","-","1.65%"
"10/27/2005","1,178.90","1,191.40","1,192.70","1,178.90","-","-1.05%"
"10/26/2005","1,191.40","1,196.50","1,204.00","1,191.40","-","-0.43%"
"10/25/2005","1,196.50","1,199.40","1,201.30","1,189.30","-","-0.24%"
"10/24/2005","1,199.40","1,179.60","1,199.40","1,179.60","-","1.68%"
"10/21/2005","1,179.60","1,177.80","1,186.50","1,174.90","-","0.15%"
"10/20/2005","1,177.80","1,195.80","1,197.30","1,173.30","-","-1.51%"
"10/19/2005","1,195.80","1,178.10","1,195.80","1,170.50","-","1.50%"
"10/18/2005","1,178.10","1,190.10","1,190.10","1,178.10","-","-1.01%"
"10/17/2005","1,190.10","1,186.60","1,191.20","1,184.50","-","0.29%"
"10/14/2005","1,186.60","1,176.80","1,187.10","1,175.40","-","0.83%"
"10/13/2005","1,176.80","1,177.70","1,179.60","1,168.20","-","-0.08%"
"10/12/2005","1,177.70","1,184.90","1,190.00","1,173.70","-","-0.61%"
"10/11/2005","1,184.90","1,187.30","1,193.10","1,183.20","-","-0.20%"
"10/10/2005","1,187.30","1,195.90","1,196.50","1,186.10","-","-0.72%"
"10/07/2005","1,195.90","1,191.50","1,199.70","1,191.50","-","0.37%"
"10/06/2005","1,191.50","1,196.40","1,202.10","1,181.90","-","-0.41%"
"10/05/2005","1,196.40","1,214.50","1,214.50","1,196.20","-","-1.49%"
"10/04/2005","1,214.50","1,226.70","1,229.90","1,214.00","-","-0.99%"
"10/03/2005","1,226.70","1,228.80","1,233.30","1,225.20","-","-0.17%"
"09/30/2005","1,228.80","1,227.70","1,229.60","1,225.20","-","0.09%"
"09/29/2005","1,227.70","1,216.90","1,228.70","1,211.50","-","0.89%"
"09/28/2005","1,216.90","1,215.70","1,221.00","1,212.70","-","0.10%"
"09/27/2005","1,215.70","1,215.60","1,220.20","1,211.10","-","0.01%"
"09/26/2005","1,215.60","1,215.30","1,222.60","1,211.80","-","0.02%"
"09/23/2005","1,215.30","1,214.60","1,218.80","1,209.80","-","0.06%"
"09/22/2005","1,214.60","1,210.20","1,216.60","1,205.30","-","0.36%"
"09/21/2005","1,210.20","1,221.30","1,221.50","1,209.90","-","-0.91%"
"09/20/2005","1,221.30","1,231.00","1,236.50","1,220.10","-","-0.79%"
"09/19/2005","1,231.00","1,237.90","1,237.90","1,227.70","-","-0.56%"
"09/16/2005","1,237.90","1,228.40","1,238.00","1,228.40","-","0.83%"
"09/15/2005","1,227.70","1,227.20","1,231.90","1,224.80","-","0.04%"
"09/14/2005","1,227.20","1,231.20","1,234.70","1,226.20","-","-0.32%"
"09/13/2005","1,231.20","1,240.60","1,240.60","1,231.20","-","-0.76%"
"09/12/2005","1,240.60","1,241.50","1,242.60","1,239.20","-","-0.07%"
"09/09/2005","1,241.50","1,231.70","1,243.10","1,231.70","-","0.80%"
"09/08/2005","1,231.70","1,236.40","1,236.40","1,229.50","-","-0.38%"
"09/07/2005","1,236.40","1,233.40","1,237.10","1,230.90","-","0.24%"
"09/06/2005","1,233.40","1,218.00","1,233.60","1,218.00","-","1.26%"
"09/02/2005","1,218.00","1,221.60","1,224.50","1,217.80","-","-0.29%"
"09/01/2005","1,221.60","1,220.30","1,227.30","1,216.20","-","0.11%"
"08/31/2005","1,220.30","1,208.40","1,220.40","1,204.40","-","0.98%"
"08/30/2005","1,208.40","1,212.30","1,212.30","1,201.10","-","-0.32%"
"08/29/2005","1,212.30","1,205.10","1,214.30","1,201.50","-","0.60%"
"08/26/2005","1,205.10","1,212.40","1,212.40","1,204.20","-","-0.60%"
"08/25/2005","1,212.40","1,209.60","1,213.70","1,209.60","-","0.23%"
"08/24/2005","1,209.60","1,217.60","1,224.20","1,209.40","-","-0.66%"
"08/23/2005","1,217.60","1,221.70","1,223.00","1,214.40","-","-0.34%"
"08/22/2005","1,221.70","1,219.70","1,229.00","1,216.50","-","0.16%"
"08/19/2005","1,219.70","1,219.00","1,225.10","1,219.00","-","0.06%"
"08/18/2005","1,219.00","1,220.20","1,222.60","1,215.90","-","-0.10%"
"08/17/2005","1,220.20","1,219.30","1,225.60","1,218.10","-","0.07%"
"08/16/2005","1,219.30","1,233.90","1,233.90","1,219.00","-","-1.18%"
"08/15/2005","1,233.90","1,230.40","1,236.20","1,226.20","-","0.28%"
"08/12/2005","1,230.40","1,237.80","1,237.80","1,225.90","-","-0.60%"
"08/11/2005","1,237.80","1,229.10","1,237.80","1,228.30","-","0.71%"
"08/10/2005","1,229.10","1,231.40","1,242.70","1,226.60","-","-0.19%"
"08/09/2005","1,231.40","1,223.10","1,234.10","1,223.10","-","0.68%"
"08/08/2005","1,223.10","1,226.40","1,232.30","1,222.70","-","-0.27%"
"08/05/2005","1,226.40","1,235.90","1,235.90","1,225.60","-","-0.77%"
"08/04/2005","1,235.90","1,245.00","1,245.00","1,235.20","-","-0.73%"
"08/03/2005","1,245.00","1,244.10","1,245.90","1,240.60","-","0.07%"
"08/02/2005","1,244.10","1,235.30","1,244.70","1,235.30","-","0.71%"
"08/01/2005","1,235.30","1,234.20","1,239.10","1,233.80","-","0.09%"
"07/29/2005","1,234.20","1,243.70","1,245.00","1,234.20","-","-0.76%"
"07/28/2005","1,243.70","1,236.80","1,245.20","1,235.80","-","0.56%"
"07/27/2005","1,236.80","1,231.20","1,237.60","1,230.20","-","0.45%"
"07/26/2005","1,231.20","1,229.00","1,234.40","1,229.00","-","0.18%"
"07/25/2005","1,229.00","1,233.70","1,238.40","1,228.20","-","-0.38%"
"07/22/2005","1,233.70","1,227.00","1,234.20","1,226.20","-","0.55%"
"07/21/2005","1,227.00","1,235.20","1,235.80","1,224.70","-","-0.66%"
"07/20/2005","1,235.20","1,229.30","1,236.60","1,222.90","-","0.48%"
"07/19/2005","1,229.30","1,221.10","1,230.30","1,221.10","-","0.67%"
"07/18/2005","1,221.10","1,227.90","1,227.90","1,221.10","-","-0.55%"
"07/15/2005","1,227.90","1,226.50","1,229.50","1,223.50","-","0.11%"
"07/14/2005","1,226.50","1,223.30","1,233.20","1,223.30","-","0.26%"
"07/13/2005","1,223.30","1,222.20","1,224.50","1,219.60","-","0.09%"
"07/12/2005","1,222.20","1,219.40","1,225.50","1,216.60","-","0.23%"
"07/11/2005","1,219.40","1,211.90","1,220.00","1,211.90","-","0.62%"
"07/08/2005","1,211.90","1,197.90","1,212.70","1,197.20","-","1.17%"
"07/07/2005","1,197.90","1,194.90","1,198.50","1,183.50","-","0.25%"
"07/06/2005","1,194.90","1,205.00","1,206.10","1,194.80","-","-0.84%"
"07/05/2005","1,205.00","1,194.40","1,206.30","1,192.50","-","0.89%"
"07/01/2005","1,194.40","1,191.30","1,197.90","1,191.30","-","0.26%"
"06/30/2005","1,191.30","1,199.80","1,203.30","1,190.50","-","-0.71%"
"06/29/2005","1,199.80","1,201.60","1,204.10","1,198.70","-","-0.15%"
"06/28/2005","1,201.60","1,190.70","1,202.50","1,190.70","-","0.92%"
"06/27/2005","1,190.70","1,191.60","1,194.30","1,188.30","-","-0.08%"
"06/24/2005","1,191.60","1,200.70","1,200.90","1,191.50","-","-0.76%"
"06/23/2005","1,200.70","1,213.90","1,216.50","1,200.70","-","-1.09%"
"06/22/2005","1,213.90","1,213.60","1,219.60","1,211.70","-","0.02%"
"06/21/2005","1,213.60","1,216.10","1,217.10","1,211.90","-","-0.21%"
"06/20/2005","1,216.10","1,217.00","1,219.10","1,210.70","-","-0.07%"
"06/17/2005","1,217.00","1,210.90","1,219.50","1,210.90","-","0.50%"
"06/16/2005","1,211.00","1,206.50","1,212.10","1,205.50","-","0.36%"
"06/15/2005","1,206.60","1,203.90","1,208.10","1,198.70","-","0.22%"
"06/14/2005","1,203.90","1,200.80","1,207.50","1,200.20","-","0.26%"
"06/13/2005","1,200.80","1,198.10","1,206.00","1,194.50","-","0.23%"
"06/10/2005","1,198.10","1,200.90","1,202.80","1,192.60","-","-0.23%"
"06/09/2005","1,200.90","1,194.70","1,201.90","1,191.10","-","0.52%"
"06/08/2005","1,194.70","1,197.30","1,202.00","1,193.30","-","-0.22%"
"06/07/2005","1,197.30","1,197.50","1,208.80","1,197.30","-","-0.02%"
"06/06/2005","1,197.50","1,196.00","1,198.80","1,192.80","-","0.13%"
"06/03/2005","1,196.00","1,204.30","1,205.10","1,194.50","-","-0.69%"
"06/02/2005","1,204.30","1,202.30","1,204.70","1,198.40","-","0.17%"
"06/01/2005","1,202.30","1,191.50","1,205.60","1,191.00","-","0.91%"
"05/31/2005","1,191.50","1,198.80","1,198.80","1,191.50","-","-0.61%"
"05/27/2005","1,198.80","1,197.60","1,199.60","1,195.30","-","0.10%"
"05/26/2005","1,197.60","1,190.00","1,199.00","1,190.00","-","0.64%"
"05/25/2005","1,190.00","1,194.10","1,194.10","1,186.00","-","-0.34%"
"05/24/2005","1,194.10","1,193.90","1,195.30","1,189.90","-","0.02%"
"05/23/2005","1,193.90","1,189.30","1,197.40","1,188.80","-","0.39%"
"05/20/2005","1,189.30","1,191.10","1,191.20","1,185.20","-","-0.15%"
"05/19/2005","1,191.10","1,185.60","1,191.10","1,184.50","-","0.46%"
"05/18/2005","1,185.60","1,173.80","1,187.90","1,173.80","-","1.01%"
"05/17/2005","1,173.80","1,165.70","1,174.30","1,159.90","-","0.69%"
"05/16/2005","1,165.70","1,154.00","1,165.80","1,153.60","-","1.01%"
"05/13/2005","1,154.00","1,159.40","1,163.80","1,146.20","-","-0.47%"
"05/12/2005","1,159.40","1,171.10","1,173.40","1,157.80","-","-1.00%"
"05/11/2005","1,171.10","1,166.20","1,171.80","1,157.70","-","0.42%"
"05/10/2005","1,166.20","1,178.80","1,178.80","1,163.00","-","-1.07%"
"05/09/2005","1,178.80","1,171.30","1,178.90","1,169.40","-","0.64%"
"05/06/2005","1,171.30","1,172.60","1,177.80","1,170.50","-","-0.11%"
"05/05/2005","1,172.60","1,175.70","1,178.60","1,166.80","-","-0.26%"
"05/04/2005","1,175.70","1,161.20","1,176.00","1,161.20","-","1.25%"
"05/03/2005","1,161.20","1,162.20","1,166.90","1,156.70","-","-0.09%"
"05/02/2005","1,162.20","1,156.80","1,162.90","1,154.70","-","0.47%"
"04/29/2005","1,156.80","1,143.20","1,157.00","1,139.20","-","1.19%"
"04/28/2005","1,143.20","1,156.40","1,156.40","1,143.20","-","-1.14%"
"04/27/2005","1,156.40","1,151.70","1,159.90","1,144.40","-","0.41%"
"04/26/2005","1,151.70","1,162.10","1,164.80","1,151.70","-","-0.89%"
"04/25/2005","1,162.10","1,152.10","1,164.00","1,152.10","-","0.87%"
"04/22/2005","1,152.10","1,160.00","1,160.00","1,143.00","-","-0.68%"
"04/21/2005","1,160.00","1,137.50","1,160.00","1,137.50","-","1.98%"
"04/20/2005","1,137.50","1,152.80","1,155.50","1,136.20","-","-1.33%"
"04/19/2005","1,152.80","1,146.00","1,154.70","1,146.00","-","0.59%"
"04/18/2005","1,146.00","1,142.60","1,148.90","1,139.80","-","0.30%"
"04/15/2005","1,142.60","1,162.00","1,162.00","1,141.90","-","-1.67%"
"04/14/2005","1,162.00","1,173.80","1,174.70","1,161.70","-","-1.01%"
"04/13/2005","1,173.80","1,187.80","1,187.80","1,171.40","-","-1.18%"
"04/12/2005","1,187.80","1,181.20","1,190.20","1,170.80","-","0.56%"
"04/11/2005","1,181.20","1,181.20","1,184.10","1,178.70","-","0.00%"
"04/08/2005","1,181.20","1,191.10","1,191.80","1,181.10","-","-0.83%"
"04/07/2005","1,191.10","1,184.10","1,191.90","1,183.80","-","0.59%"
"04/06/2005","1,184.10","1,181.40","1,189.30","1,181.40","-","0.23%"
"04/05/2005","1,181.40","1,176.10","1,183.60","1,176.10","-","0.45%"
"04/04/2005","1,176.10","1,172.80","1,178.60","1,167.70","-","0.27%"
"04/01/2005","1,172.90","1,180.60","1,189.80","1,169.90","-","-0.65%"
"03/31/2005","1,180.60","1,181.40","1,184.50","1,179.50","-","-0.07%"
"03/30/2005","1,181.40","1,165.40","1,181.50","1,165.40","-","1.37%"
"03/29/2005","1,165.40","1,174.30","1,179.40","1,163.70","-","-0.76%"
"03/28/2005","1,174.30","1,171.40","1,179.90","1,171.40","-","0.25%"
"03/24/2005","1,171.40","1,172.50","1,180.10","1,171.40","-","-0.09%"
"03/23/2005","1,172.50","1,171.70","1,176.30","1,168.70","-","0.07%"
"03/22/2005","1,171.70","1,183.80","1,189.60","1,171.60","-","-1.02%"
"03/21/2005","1,183.80","1,189.70","1,189.70","1,178.80","-","-0.50%"
"03/18/2005","1,189.70","1,190.20","1,192.00","1,182.80","-","-0.04%"
"03/17/2005","1,190.20","1,188.10","1,193.30","1,186.30","-","0.18%"
"03/16/2005","1,188.10","1,197.80","1,197.80","1,185.60","-","-0.81%"
"03/15/2005","1,197.80","1,206.80","1,210.50","1,197.80","-","-0.75%"
"03/14/2005","1,206.80","1,200.10","1,206.80","1,199.50","-","0.56%"
"03/11/2005","1,200.10","1,209.20","1,213.00","1,198.20","-","-0.75%"
"03/10/2005","1,209.20","1,207.00","1,211.20","1,201.40","-","0.18%"
"03/09/2005","1,207.00","1,219.40","1,219.40","1,206.70","-","-1.02%"
"03/08/2005","1,219.40","1,225.30","1,225.70","1,218.60","-","-0.48%"
"03/07/2005","1,225.30","1,222.10","1,229.10","1,222.10","-","0.26%"
"03/04/2005","1,222.10","1,210.50","1,224.80","1,210.50","-","0.96%"
"03/03/2005","1,210.50","1,210.10","1,215.70","1,204.50","-","0.03%"
"03/02/2005","1,210.10","1,210.40","1,215.80","1,204.20","-","-0.02%"
"03/01/2005","1,210.40","1,203.60","1,212.20","1,203.60","-","0.56%"
"02/28/2005","1,203.60","1,211.40","1,211.40","1,198.10","-","-0.64%"
"02/25/2005","1,211.40","1,200.20","1,212.20","1,199.60","-","0.93%"
"02/24/2005","1,200.20","1,190.80","1,200.40","1,187.80","-","0.79%"
"02/23/2005","1,190.80","1,184.20","1,193.50","1,184.20","-","0.56%"
"02/22/2005","1,184.20","1,201.60","1,202.50","1,184.20","-","-1.45%"
"02/18/2005","1,201.60","1,200.80","1,202.90","1,197.30","-","0.07%"
"02/17/2005","1,200.80","1,210.30","1,211.30","1,200.70","-","-0.78%"
"02/16/2005","1,210.30","1,210.10","1,212.40","1,205.10","-","0.02%"
"02/15/2005","1,210.10","1,206.10","1,212.40","1,205.50","-","0.33%"
"02/14/2005","1,206.10","1,205.30","1,206.90","1,203.60","-","0.07%"
"02/11/2005","1,205.30","1,197.00","1,208.40","1,193.30","-","0.69%"
"02/10/2005","1,197.00","1,192.00","1,198.80","1,191.50","-","0.42%"
"02/09/2005","1,192.00","1,202.30","1,203.80","1,191.50","-","-0.86%"
"02/08/2005","1,202.30","1,201.70","1,205.10","1,200.20","-","0.05%"
"02/07/2005","1,201.70","1,203.00","1,204.20","1,199.30","-","-0.11%"
"02/04/2005","1,203.00","1,189.90","1,203.50","1,189.70","-","1.10%"
"02/03/2005","1,189.90","1,193.20","1,193.20","1,185.60","-","-0.28%"
"02/02/2005","1,193.20","1,189.40","1,195.20","1,188.90","-","0.32%"
"02/01/2005","1,189.40","1,181.30","1,190.40","1,181.00","-","0.69%"
"01/31/2005","1,181.30","1,171.40","1,182.10","1,171.40","-","0.85%"
"01/28/2005","1,171.40","1,174.50","1,175.60","1,166.30","-","-0.26%"
"01/27/2005","1,174.50","1,174.10","1,177.50","1,170.20","-","0.03%"
"01/26/2005","1,174.10","1,168.40","1,176.00","1,168.40","-","0.49%"
"01/25/2005","1,168.40","1,163.80","1,174.30","1,163.80","-","0.40%"
"01/24/2005","1,163.80","1,167.90","1,173.20","1,163.80","-","-0.35%"
"01/21/2005","1,167.90","1,175.40","1,179.50","1,167.80","-","-0.64%"
"01/20/2005","1,175.40","1,184.60","1,184.60","1,173.40","-","-0.78%"
"01/19/2005","1,184.60","1,196.00","1,196.00","1,184.40","-","-0.95%"
"01/18/2005","1,196.00","1,184.50","1,196.00","1,180.10","-","0.97%"
"01/14/2005","1,184.50","1,177.50","1,185.20","1,177.50","-","0.59%"
"01/13/2005","1,177.50","1,187.70","1,187.70","1,175.60","-","-0.86%"
"01/12/2005","1,187.70","1,183.00","1,188.00","1,175.60","-","0.40%"
"01/11/2005","1,183.00","1,190.20","1,190.20","1,180.40","-","-0.60%"
"01/10/2005","1,190.20","1,186.20","1,194.80","1,184.80","-","0.34%"
"01/07/2005","1,186.20","1,187.90","1,192.20","1,182.10","-","-0.14%"
"01/06/2005","1,187.90","1,183.70","1,191.60","1,183.20","-","0.35%"
"01/05/2005","1,183.70","1,188.00","1,192.80","1,183.70","-","-0.36%"
"01/04/2005","1,188.00","1,202.10","1,205.80","1,185.40","-","-1.17%"
"01/03/2005","1,202.10","1,211.90","1,217.90","1,200.30","-","-0.81%"
"12/31/2004","1,211.90","1,213.50","1,217.30","1,211.70","-","-0.13%"
"12/30/2004","1,213.50","1,213.50","1,216.50","1,213.40","-","0.00%"
"12/29/2004","1,213.50","1,213.50","1,214.00","1,211.00","-","0.00%"
"12/28/2004","1,213.50","1,204.90","1,213.50","1,204.90","-","0.71%"
"12/27/2004","1,204.90","1,210.10","1,214.20","1,204.90","-","-0.43%"
"12/23/2004","1,210.10","1,209.60","1,213.70","1,208.70","-","0.04%"
"12/22/2004","1,209.60","1,205.50","1,211.40","1,203.80","-","0.34%"
"12/21/2004","1,205.50","1,194.70","1,205.90","1,194.70","-","0.90%"
"12/20/2004","1,194.70","1,194.20","1,203.60","1,193.40","-","0.04%"
"12/17/2004","1,194.20","1,203.20","1,203.20","1,193.40","-","-0.75%"
"12/16/2004","1,203.20","1,205.70","1,208.00","1,198.40","-","-0.21%"
"12/15/2004","1,205.70","1,203.40","1,206.60","1,199.40","-","0.19%"
"12/14/2004","1,203.40","1,198.70","1,205.30","1,197.80","-","0.39%"
"12/13/2004","1,198.70","1,188.00","1,198.80","1,188.00","-","0.90%"
"12/10/2004","1,188.00","1,189.20","1,191.50","1,185.20","-","-0.10%"
"12/09/2004","1,189.20","1,182.80","1,190.50","1,173.80","-","0.54%"
"12/08/2004","1,182.80","1,177.10","1,184.00","1,176.80","-","0.48%"
"12/07/2004","1,177.10","1,190.20","1,192.20","1,177.10","-","-1.10%"
"12/06/2004","1,190.20","1,191.20","1,192.40","1,185.20","-","-0.08%"
"12/03/2004","1,191.20","1,190.30","1,197.50","1,187.70","-","0.08%"
"12/02/2004","1,190.30","1,191.40","1,194.80","1,186.70","-","-0.09%"
"12/01/2004","1,191.40","1,173.80","1,191.40","1,173.80","-","1.50%"
"11/30/2004","1,173.80","1,178.60","1,178.70","1,173.80","-","-0.41%"
"11/29/2004","1,178.60","1,182.70","1,186.90","1,172.40","-","-0.35%"
"11/26/2004","1,182.70","1,181.80","1,186.60","1,181.10","-","0.08%"
"11/24/2004","1,181.80","1,176.90","1,182.50","1,176.90","-","0.42%"
"11/23/2004","1,176.90","1,177.20","1,179.50","1,171.40","-","-0.03%"
"11/22/2004","1,177.20","1,170.30","1,178.20","1,167.90","-","0.59%"
"11/19/2004","1,170.30","1,183.50","1,184.00","1,169.20","-","-1.12%"
"11/18/2004","1,183.50","1,181.90","1,184.90","1,180.10","-","0.14%"
"11/17/2004","1,181.90","1,175.40","1,188.50","1,175.40","-","0.55%"
"11/16/2004","1,175.40","1,183.80","1,183.80","1,175.30","-","-0.71%"
"11/15/2004","1,183.80","1,184.20","1,184.50","1,179.80","-","-0.03%"
"11/12/2004","1,184.20","1,173.50","1,184.20","1,171.40","-","0.91%"
"11/11/2004","1,173.50","1,162.90","1,174.80","1,162.90","-","0.91%"
"11/10/2004","1,162.90","1,164.10","1,169.30","1,162.50","-","-0.10%"
"11/09/2004","1,164.10","1,164.90","1,169.00","1,162.50","-","-0.07%"
"11/08/2004","1,164.90","1,166.20","1,166.90","1,162.30","-","-0.11%"
"11/05/2004","1,166.20","1,161.70","1,170.90","1,160.40","-","0.39%"
"11/04/2004","1,161.70","1,143.20","1,161.70","1,142.30","-","1.62%"
"11/03/2004","1,143.20","1,130.50","1,147.60","1,130.50","-","1.12%"
"11/02/2004","1,130.50","1,130.50","1,140.50","1,128.10","-","0.00%"
"11/01/2004","1,130.50","1,130.20","1,133.40","1,127.50","-","0.03%"
"10/29/2004","1,130.20","1,127.40","1,131.40","1,124.60","-","0.25%"
"10/28/2004","1,127.40","1,125.30","1,130.70","1,120.60","-","0.18%"
"10/27/2004","1,125.40","1,111.10","1,126.30","1,107.40","-","1.29%"
"10/26/2004","1,111.10","1,094.80","1,111.10","1,094.80","-","1.49%"
"10/25/2004","1,094.80","1,095.70","1,096.80","1,090.20","-","-0.08%"
"10/22/2004","1,095.70","1,106.50","1,108.30","1,095.30","-","-0.98%"
"10/21/2004","1,106.50","1,103.70","1,109.00","1,098.50","-","0.25%"
"10/20/2004","1,103.70","1,103.20","1,104.10","1,094.20","-","0.05%"
"10/19/2004","1,103.20","1,114.00","1,118.00","1,103.20","-","-0.97%"
"10/18/2004","1,114.00","1,108.20","1,114.50","1,103.30","-","0.52%"
"10/15/2004","1,108.20","1,103.30","1,113.20","1,102.10","-","0.44%"
"10/14/2004","1,103.30","1,113.70","1,115.00","1,102.10","-","-0.93%"
"10/13/2004","1,113.70","1,121.80","1,127.00","1,109.60","-","-0.72%"
"10/12/2004","1,121.80","1,124.40","1,124.40","1,115.80","-","-0.23%"
"10/11/2004","1,124.40","1,122.10","1,126.20","1,122.10","-","0.20%"
"10/08/2004","1,122.10","1,130.70","1,132.90","1,120.20","-","-0.76%"
"10/07/2004","1,130.70","1,142.00","1,142.00","1,130.50","-","-0.99%"
"10/06/2004","1,142.00","1,134.50","1,142.00","1,132.90","-","0.66%"
"10/05/2004","1,134.50","1,135.20","1,137.90","1,132.00","-","-0.06%"
"10/04/2004","1,135.20","1,131.50","1,140.20","1,131.50","-","0.33%"
"10/01/2004","1,131.50","1,114.60","1,131.60","1,114.60","-","1.52%"
"09/30/2004","1,114.60","1,114.80","1,116.30","1,109.60","-","-0.02%"
"09/29/2004","1,114.80","1,110.10","1,114.80","1,107.40","-","0.42%"
"09/28/2004","1,110.10","1,103.50","1,111.80","1,101.30","-","0.60%"
"09/27/2004","1,103.50","1,110.10","1,110.10","1,103.20","-","-0.59%"
"09/24/2004","1,110.10","1,108.40","1,113.80","1,108.40","-","0.15%"
"09/23/2004","1,108.40","1,113.60","1,113.60","1,108.00","-","-0.47%"
"09/22/2004","1,113.60","1,129.30","1,129.30","1,112.70","-","-1.39%"
"09/21/2004","1,129.30","1,122.20","1,131.50","1,122.20","-","0.63%"
"09/20/2004","1,122.20","1,128.50","1,128.50","1,120.30","-","-0.56%"
"09/17/2004","1,128.50","1,123.50","1,130.50","1,123.50","-","0.45%"
"09/16/2004","1,123.50","1,120.40","1,126.10","1,120.40","-","0.28%"
"09/15/2004","1,120.40","1,128.30","1,128.30","1,119.70","-","-0.70%"
"09/14/2004","1,128.30","1,125.80","1,129.50","1,124.70","-","0.22%"
"09/13/2004","1,125.80","1,123.90","1,129.80","1,123.30","-","0.17%"
"09/10/2004","1,123.90","1,118.40","1,125.30","1,114.40","-","0.49%"
"09/09/2004","1,118.40","1,116.30","1,121.30","1,113.60","-","0.19%"
"09/08/2004","1,116.30","1,121.30","1,123.00","1,116.30","-","-0.45%"
"09/07/2004","1,121.30","1,113.60","1,124.10","1,113.60","-","0.69%"
"09/03/2004","1,113.60","1,118.30","1,120.80","1,113.60","-","-0.42%"
"09/02/2004","1,118.30","1,105.90","1,119.10","1,105.60","-","1.12%"
"09/01/2004","1,105.90","1,104.20","1,109.20","1,099.10","-","0.15%"
"08/31/2004","1,104.20","1,099.20","1,104.20","1,094.70","-","0.45%"
"08/30/2004","1,099.20","1,107.80","1,107.80","1,099.20","-","-0.78%"
"08/27/2004","1,107.80","1,105.10","1,109.70","1,104.60","-","0.24%"
"08/26/2004","1,105.10","1,105.00","1,106.80","1,102.40","-","0.01%"
"08/25/2004","1,105.00","1,096.20","1,106.30","1,093.20","-","0.80%"
"08/24/2004","1,096.20","1,095.70","1,100.90","1,092.80","-","0.05%"
"08/23/2004","1,095.70","1,098.30","1,101.40","1,094.70","-","-0.24%"
"08/20/2004","1,098.30","1,091.20","1,100.30","1,089.60","-","0.65%"
"08/19/2004","1,091.20","1,095.20","1,095.20","1,086.30","-","-0.37%"
"08/18/2004","1,095.20","1,081.70","1,095.20","1,078.90","-","1.25%"
"08/17/2004","1,081.70","1,079.30","1,087.00","1,079.30","-","0.22%"
"08/16/2004","1,079.30","1,064.80","1,080.70","1,064.80","-","1.36%"
"08/13/2004","1,064.80","1,063.20","1,067.60","1,060.70","-","0.15%"
"08/12/2004","1,063.20","1,075.80","1,075.80","1,062.80","-","-1.17%"
"08/11/2004","1,075.80","1,079.00","1,079.00","1,065.90","-","-0.30%"
"08/10/2004","1,079.00","1,065.20","1,079.00","1,065.20","-","1.30%"
"08/09/2004","1,065.20","1,064.00","1,069.50","1,064.00","-","0.11%"
"08/06/2004","1,064.00","1,080.70","1,080.70","1,062.20","-","-1.55%"
"08/05/2004","1,080.70","1,098.60","1,098.80","1,080.00","-","-1.63%"
"08/04/2004","1,098.60","1,099.70","1,102.50","1,092.40","-","-0.10%"
"08/03/2004","1,099.70","1,106.60","1,106.60","1,099.20","-","-0.62%"
"08/02/2004","1,106.60","1,101.70","1,108.60","1,097.30","-","0.44%"
"07/30/2004","1,101.70","1,100.40","1,103.70","1,097.00","-","0.12%"
"07/29/2004","1,100.40","1,095.40","1,103.70","1,095.40","-","0.46%"
"07/28/2004","1,095.40","1,094.80","1,098.80","1,082.20","-","0.05%"
"07/27/2004","1,094.80","1,084.10","1,096.70","1,084.10","-","0.99%"
"07/26/2004","1,084.10","1,086.20","1,089.80","1,078.80","-","-0.19%"
"07/23/2004","1,086.20","1,096.80","1,096.80","1,083.50","-","-0.97%"
"07/22/2004","1,096.80","1,093.90","1,099.70","1,084.20","-","0.27%"
"07/21/2004","1,093.90","1,108.70","1,116.30","1,093.90","-","-1.33%"
"07/20/2004","1,108.70","1,100.90","1,108.90","1,099.10","-","0.71%"
"07/19/2004","1,100.90","1,101.40","1,105.50","1,096.50","-","-0.05%"
"07/16/2004","1,101.40","1,106.70","1,112.20","1,101.10","-","-0.48%"
"07/15/2004","1,106.70","1,111.50","1,114.70","1,106.60","-","-0.43%"
"07/14/2004","1,111.50","1,115.10","1,119.60","1,107.80","-","-0.32%"
"07/13/2004","1,115.10","1,114.30","1,116.30","1,113.00","-","0.07%"
"07/12/2004","1,114.30","1,112.80","1,116.10","1,106.70","-","0.13%"
"07/09/2004","1,112.80","1,109.10","1,115.60","1,109.10","-","0.33%"
"07/08/2004","1,109.10","1,118.30","1,119.10","1,108.70","-","-0.82%"
"07/07/2004","1,118.30","1,116.20","1,122.40","1,114.90","-","0.19%"
"07/06/2004","1,116.20","1,125.40","1,125.40","1,113.20","-","-0.82%"
"07/02/2004","1,125.40","1,128.90","1,129.20","1,123.30","-","-0.31%"
"07/01/2004","1,128.90","1,140.80","1,140.80","1,123.10","-","-1.04%"
"06/30/2004","1,140.80","1,136.20","1,144.20","1,133.60","-","0.40%"
"06/29/2004","1,136.20","1,133.30","1,138.30","1,131.80","-","0.26%"
"06/28/2004","1,133.30","1,134.40","1,142.60","1,131.60","-","-0.10%"
"06/25/2004","1,134.40","1,140.70","1,146.00","1,134.20","-","-0.55%"
"06/24/2004","1,140.70","1,144.10","1,146.30","1,139.90","-","-0.30%"
"06/23/2004","1,144.10","1,134.40","1,145.20","1,131.70","-","0.86%"
"06/22/2004","1,134.40","1,130.30","1,135.00","1,124.40","-","0.36%"
"06/21/2004","1,130.30","1,135.00","1,138.00","1,129.60","-","-0.41%"
"06/18/2004","1,135.00","1,132.00","1,139.10","1,129.80","-","0.27%"
"06/17/2004","1,132.00","1,133.60","1,133.60","1,126.90","-","-0.14%"
"06/16/2004","1,133.60","1,132.00","1,135.30","1,130.50","-","0.14%"
"06/15/2004","1,132.00","1,125.30","1,137.40","1,125.30","-","0.60%"
"06/14/2004","1,125.30","1,136.50","1,136.50","1,122.20","-","-0.99%"
"06/10/2004","1,136.50","1,131.30","1,136.50","1,131.30","-","0.46%"
"06/09/2004","1,131.30","1,142.20","1,142.20","1,131.20","-","-0.95%"
"06/08/2004","1,142.20","1,140.40","1,142.20","1,135.50","-","0.16%"
"06/07/2004","1,140.40","1,122.50","1,140.50","1,122.50","-","1.59%"
"06/04/2004","1,122.50","1,116.60","1,129.20","1,116.60","-","0.53%"
"06/03/2004","1,116.60","1,125.00","1,125.30","1,116.60","-","-0.75%"
"06/02/2004","1,125.00","1,121.20","1,128.10","1,118.60","-","0.34%"
"06/01/2004","1,121.20","1,120.70","1,122.70","1,113.30","-","0.04%"
"05/28/2004","1,120.70","1,121.30","1,122.70","1,118.10","-","-0.05%"
"05/27/2004","1,121.30","1,114.90","1,124.00","1,114.90","-","0.57%"
"05/26/2004","1,114.90","1,113.00","1,116.70","1,109.90","-","0.17%"
"05/25/2004","1,113.00","1,095.40","1,113.80","1,090.70","-","1.61%"
"05/24/2004","1,095.40","1,093.60","1,101.70","1,091.80","-","0.16%"
"05/21/2004","1,093.60","1,089.20","1,099.70","1,089.20","-","0.40%"
"05/20/2004","1,089.20","1,088.70","1,092.60","1,085.40","-","0.05%"
"05/19/2004","1,088.70","1,091.50","1,105.90","1,088.50","-","-0.26%"
"05/18/2004","1,091.50","1,084.10","1,094.10","1,084.10","-","0.68%"
"05/17/2004","1,084.10","1,095.70","1,095.70","1,079.40","-","-1.06%"
"05/14/2004","1,095.70","1,096.40","1,102.40","1,088.20","-","-0.06%"
"05/13/2004","1,096.40","1,097.30","1,102.80","1,091.80","-","-0.08%"
"05/12/2004","1,097.30","1,095.50","1,097.50","1,076.30","-","0.16%"
"05/11/2004","1,095.50","1,087.10","1,095.70","1,087.10","-","0.77%"
"05/10/2004","1,087.10","1,098.70","1,098.70","1,079.60","-","-1.06%"
"05/07/2004","1,098.70","1,114.00","1,117.30","1,098.60","-","-1.37%"
"05/06/2004","1,114.00","1,121.50","1,121.50","1,106.30","-","-0.67%"
"05/05/2004","1,121.50","1,119.50","1,125.10","1,117.90","-","0.18%"
"05/04/2004","1,119.50","1,117.50","1,127.70","1,112.90","-","0.18%"
"05/03/2004","1,117.50","1,107.30","1,118.70","1,107.30","-","0.92%"
"04/30/2004","1,107.30","1,113.90","1,119.30","1,107.20","-","-0.59%"
"04/29/2004","1,113.90","1,122.40","1,128.80","1,108.00","-","-0.76%"
"04/28/2004","1,122.40","1,138.10","1,138.10","1,121.70","-","-1.38%"
"04/27/2004","1,138.10","1,135.50","1,146.80","1,135.50","-","0.23%"
"04/26/2004","1,135.50","1,140.60","1,145.10","1,132.90","-","-0.45%"
"04/23/2004","1,140.60","1,139.90","1,141.90","1,134.80","-","0.06%"
"04/22/2004","1,139.90","1,124.10","1,142.80","1,121.90","-","1.41%"
"04/21/2004","1,124.10","1,118.20","1,125.70","1,116.00","-","0.53%"
"04/20/2004","1,118.20","1,135.80","1,139.30","1,118.10","-","-1.55%"
"04/19/2004","1,135.80","1,134.60","1,136.20","1,129.80","-","0.11%"
"04/16/2004","1,134.60","1,128.80","1,136.80","1,126.80","-","0.51%"
"04/15/2004","1,128.80","1,128.20","1,134.10","1,120.80","-","0.05%"
"04/14/2004","1,128.20","1,129.40","1,132.50","1,122.20","-","-0.11%"
"04/13/2004","1,129.40","1,145.20","1,147.80","1,127.70","-","-1.38%"
"04/12/2004","1,145.20","1,139.30","1,147.30","1,139.30","-","0.52%"
"04/08/2004","1,139.30","1,140.50","1,149.00","1,134.50","-","-0.11%"
"04/07/2004","1,140.50","1,148.20","1,148.20","1,138.40","-","-0.67%"
"04/06/2004","1,148.20","1,150.60","1,150.60","1,143.30","-","-0.21%"
"04/05/2004","1,150.60","1,141.80","1,150.60","1,141.60","-","0.77%"
"04/02/2004","1,141.80","1,132.20","1,144.80","1,132.20","-","0.85%"
"04/01/2004","1,132.20","1,126.20","1,135.70","1,126.20","-","0.53%"
"03/31/2004","1,126.20","1,127.00","1,130.80","1,121.50","-","-0.07%"
"03/30/2004","1,127.00","1,122.50","1,127.60","1,119.70","-","0.40%"
"03/29/2004","1,122.50","1,108.10","1,124.40","1,108.10","-","1.30%"
"03/26/2004","1,108.10","1,109.20","1,115.30","1,106.10","-","-0.10%"
"03/25/2004","1,109.20","1,091.30","1,110.40","1,091.30","-","1.64%"
"03/24/2004","1,091.30","1,094.00","1,098.40","1,087.10","-","-0.25%"
"03/23/2004","1,094.00","1,095.40","1,101.50","1,091.60","-","-0.13%"
"03/22/2004","1,095.40","1,109.80","1,109.80","1,089.50","-","-1.30%"
"03/19/2004","1,109.80","1,122.30","1,122.70","1,109.70","-","-1.11%"
"03/18/2004","1,122.30","1,123.80","1,125.50","1,113.20","-","-0.13%"
"03/17/2004","1,123.80","1,110.70","1,125.80","1,110.70","-","1.18%"
"03/16/2004","1,110.70","1,104.50","1,113.80","1,102.60","-","0.56%"
"03/15/2004","1,104.50","1,120.60","1,120.60","1,103.40","-","-1.44%"
"03/12/2004","1,120.60","1,106.80","1,120.60","1,106.80","-","1.25%"
"03/11/2004","1,106.80","1,123.90","1,126.00","1,105.90","-","-1.52%"
"03/10/2004","1,123.90","1,140.60","1,141.50","1,122.50","-","-1.46%"
"03/09/2004","1,140.60","1,147.20","1,147.30","1,136.80","-","-0.58%"
"03/08/2004","1,147.20","1,156.90","1,159.90","1,147.00","-","-0.84%"
"03/05/2004","1,156.90","1,154.90","1,163.20","1,148.70","-","0.17%"
"03/04/2004","1,154.90","1,151.00","1,155.00","1,149.80","-","0.34%"
"03/03/2004","1,151.00","1,149.10","1,152.40","1,143.80","-","0.17%"
"03/02/2004","1,149.10","1,156.00","1,156.50","1,147.30","-","-0.60%"
"03/01/2004","1,156.00","1,144.90","1,157.50","1,144.90","-","0.97%"
"02/27/2004","1,144.90","1,145.80","1,151.70","1,141.80","-","0.00%"
"02/26/2004","1,144.90","1,143.70","1,147.20","1,138.60","-","0.10%"
"02/25/2004","1,143.70","1,139.10","1,145.20","1,138.70","-","0.40%"
"02/24/2004","1,139.10","1,141.00","1,144.50","1,134.40","-","-0.17%"
"02/23/2004","1,141.00","1,144.10","1,146.70","1,137.00","-","-0.27%"
"02/20/2004","1,144.10","1,147.10","1,149.80","1,139.00","-","-0.26%"
"02/19/2004","1,147.10","1,151.80","1,158.60","1,146.80","-","-0.41%"
"02/18/2004","1,151.80","1,157.00","1,157.40","1,149.40","-","-0.45%"
"02/17/2004","1,157.00","1,145.80","1,159.00","1,145.80","-","0.98%"
"02/13/2004","1,145.80","1,152.10","1,156.90","1,143.20","-","-0.55%"
"02/12/2004","1,152.10","1,157.80","1,157.80","1,151.40","-","-0.49%"
"02/11/2004","1,157.80","1,145.50","1,158.90","1,142.30","-","1.07%"
"02/10/2004","1,145.50","1,139.80","1,147.00","1,138.70","-","0.50%"
"02/09/2004","1,139.80","1,142.80","1,144.50","1,139.20","-","-0.26%"
"02/06/2004","1,142.80","1,128.60","1,142.80","1,128.40","-","1.26%"
"02/05/2004","1,128.60","1,126.50","1,131.20","1,124.40","-","0.19%"
"02/04/2004","1,126.50","1,136.00","1,136.00","1,124.70","-","-0.84%"
"02/03/2004","1,136.00","1,135.30","1,137.40","1,131.30","-","0.06%"
"02/02/2004","1,135.30","1,131.10","1,142.60","1,127.90","-","0.37%"
"01/30/2004","1,131.10","1,134.10","1,134.20","1,127.70","-","-0.26%"
"01/29/2004","1,134.10","1,128.50","1,134.40","1,122.40","-","0.50%"
"01/28/2004","1,128.50","1,144.00","1,149.10","1,126.50","-","-1.35%"
"01/27/2004","1,144.00","1,155.40","1,155.40","1,144.00","-","-0.99%"
"01/26/2004","1,155.40","1,141.50","1,155.40","1,141.00","-","1.22%"
"01/23/2004","1,141.50","1,143.90","1,150.30","1,136.80","-","-0.21%"
"01/22/2004","1,143.90","1,147.60","1,150.50","1,143.00","-","-0.32%"
"01/21/2004","1,147.60","1,138.80","1,149.20","1,134.60","-","0.77%"
"01/20/2004","1,138.80","1,139.80","1,142.90","1,135.40","-","-0.09%"
"01/16/2004","1,139.80","1,132.00","1,139.80","1,132.00","-","0.69%"
"01/15/2004","1,132.00","1,130.50","1,137.10","1,124.50","-","0.13%"
"01/14/2004","1,130.50","1,121.20","1,130.80","1,121.20","-","0.83%"
"01/13/2004","1,121.20","1,127.20","1,129.10","1,115.20","-","-0.53%"
"01/12/2004","1,127.20","1,121.90","1,127.80","1,120.90","-","0.47%"
"01/09/2004","1,121.90","1,131.90","1,131.90","1,120.90","-","-0.88%"
"01/08/2004","1,131.90","1,126.30","1,131.90","1,124.90","-","0.50%"
"01/07/2004","1,126.30","1,123.70","1,126.30","1,116.50","-","0.23%"
"01/06/2004","1,123.70","1,122.20","1,124.50","1,118.40","-","0.13%"
"01/05/2004","1,122.20","1,108.50","1,122.20","1,108.50","-","1.24%"
"01/02/2004","1,108.50","1,111.90","1,118.80","1,105.10","-","-0.31%"
"12/31/2003","1,111.90","1,109.60","1,112.60","1,106.20","-","0.21%"
"12/30/2003","1,109.60","1,109.50","1,109.80","1,106.40","-","0.01%"
"12/29/2003","1,109.50","1,095.90","1,109.50","1,095.90","-","1.24%"
"12/26/2003","1,095.90","1,094.00","1,098.50","1,094.00","-","0.17%"
"12/24/2003","1,094.00","1,096.00","1,096.40","1,092.70","-","-0.18%"
"12/23/2003","1,096.00","1,092.90","1,097.00","1,091.70","-","0.28%"
"12/22/2003","1,092.90","1,088.70","1,092.90","1,086.10","-","0.39%"
"12/19/2003","1,088.70","1,089.20","1,091.10","1,084.20","-","-0.05%"
"12/18/2003","1,089.20","1,076.50","1,089.50","1,076.50","-","1.18%"
"12/17/2003","1,076.50","1,075.10","1,076.50","1,071.10","-","0.13%"
"12/16/2003","1,075.10","1,068.00","1,075.90","1,068.00","-","0.66%"
"12/15/2003","1,068.00","1,074.10","1,082.80","1,068.00","-","-0.57%"
"12/12/2003","1,074.10","1,071.20","1,074.80","1,067.60","-","0.27%"
"12/11/2003","1,071.20","1,059.00","1,073.60","1,059.00","-","1.15%"
"12/10/2003","1,059.00","1,060.20","1,063.00","1,053.40","-","-0.11%"
"12/09/2003","1,060.20","1,069.30","1,071.90","1,059.20","-","-0.85%"
"12/08/2003","1,069.30","1,061.50","1,069.60","1,060.90","-","0.73%"
"12/05/2003","1,061.50","1,069.70","1,069.70","1,060.10","-","-0.77%"
"12/04/2003","1,069.70","1,064.70","1,070.40","1,063.20","-","0.47%"
"12/03/2003","1,064.70","1,066.60","1,074.30","1,064.60","-","-0.18%"
"12/02/2003","1,066.60","1,070.10","1,071.20","1,065.20","-","-0.33%"
"12/01/2003","1,070.10","1,058.20","1,070.50","1,058.20","-","1.12%"
"11/28/2003","1,058.20","1,058.50","1,060.60","1,056.80","-","-0.03%"
"11/26/2003","1,058.50","1,053.90","1,058.50","1,048.30","-","0.44%"
"11/25/2003","1,053.90","1,052.10","1,058.00","1,049.30","-","0.17%"
"11/24/2003","1,052.10","1,035.30","1,052.10","1,035.30","-","1.62%"
"11/21/2003","1,035.30","1,033.70","1,037.60","1,031.20","-","0.15%"
"11/20/2003","1,033.70","1,042.40","1,046.50","1,033.40","-","-0.83%"
"11/19/2003","1,042.40","1,034.20","1,044.00","1,034.20","-","0.79%"
"11/18/2003","1,034.20","1,043.60","1,048.80","1,034.00","-","-0.90%"
"11/17/2003","1,043.60","1,050.30","1,050.30","1,035.30","-","-0.64%"
"11/14/2003","1,050.30","1,058.40","1,063.70","1,048.10","-","-0.77%"
"11/13/2003","1,058.40","1,058.60","1,059.60","1,053.00","-","-0.02%"
"11/12/2003","1,058.60","1,046.60","1,059.10","1,046.60","-","1.15%"
"11/11/2003","1,046.60","1,047.10","1,048.20","1,043.50","-","-0.05%"
"11/10/2003","1,047.10","1,053.20","1,053.70","1,045.60","-","-0.58%"
"11/07/2003","1,053.20","1,058.00","1,062.40","1,052.20","-","-0.45%"
"11/06/2003","1,058.00","1,051.80","1,058.90","1,046.90","-","0.59%"
"11/05/2003","1,051.80","1,053.20","1,054.50","1,044.90","-","-0.13%"
"11/04/2003","1,053.20","1,059.00","1,059.00","1,051.70","-","-0.55%"
"11/03/2003","1,059.00","1,050.70","1,061.40","1,050.70","-","0.79%"
"10/31/2003","1,050.70","1,046.90","1,053.10","1,046.90","-","0.36%"
"10/30/2003","1,046.90","1,048.10","1,052.80","1,043.80","-","-0.11%"
"10/29/2003","1,048.10","1,046.80","1,049.80","1,043.30","-","0.12%"
"10/28/2003","1,046.80","1,031.10","1,046.80","1,031.10","-","1.52%"
"10/27/2003","1,031.10","1,028.90","1,037.80","1,028.90","-","0.21%"
"10/24/2003","1,028.90","1,033.80","1,033.80","1,018.30","-","-0.47%"
"10/23/2003","1,033.80","1,030.40","1,035.40","1,025.90","-","0.33%"
"10/22/2003","1,030.40","1,046.00","1,046.00","1,028.40","-","-1.49%"
"10/21/2003","1,046.00","1,044.70","1,048.60","1,042.50","-","0.12%"
"10/20/2003","1,044.70","1,039.30","1,044.70","1,036.10","-","0.52%"
"10/17/2003","1,039.30","1,050.10","1,051.90","1,036.60","-","-1.03%"
"10/16/2003","1,050.10","1,046.80","1,052.90","1,044.00","-","0.32%"
"10/15/2003","1,046.80","1,049.50","1,053.80","1,043.20","-","-0.26%"
"10/14/2003","1,049.50","1,045.30","1,049.50","1,040.80","-","0.40%"
"10/13/2003","1,045.30","1,038.10","1,048.90","1,038.10","-","0.69%"
"10/10/2003","1,038.10","1,038.70","1,040.80","1,035.70","-","-0.06%"
"10/09/2003","1,038.70","1,033.80","1,048.30","1,033.80","-","0.47%"
"10/08/2003","1,033.80","1,039.20","1,040.10","1,031.00","-","-0.52%"
"10/07/2003","1,039.20","1,034.30","1,039.20","1,026.20","-","0.47%"
"10/06/2003","1,034.30","1,029.80","1,036.50","1,029.20","-","0.44%"
"10/03/2003","1,029.80","1,020.20","1,039.30","1,020.20","-","0.94%"
"10/02/2003","1,020.20","1,018.20","1,021.90","1,013.40","-","0.20%"
"10/01/2003","1,018.20","996.00","1,018.20","996.00","-","2.23%"
"09/30/2003","996.00","1,006.60","1,006.60","990.40","-","-1.05%"
"09/29/2003","1,006.60","996.90","1,006.90","995.30","-","0.97%"
"09/26/2003","996.90","1,003.30","1,003.50","996.10","-","-0.64%"
"09/25/2003","1,003.30","1,009.40","1,016.00","1,003.30","-","-0.60%"
"09/24/2003","1,009.40","1,029.00","1,029.80","1,008.90","-","-1.90%"
"09/23/2003","1,029.00","1,022.80","1,030.10","1,021.50","-","0.61%"
"09/22/2003","1,022.80","1,036.30","1,036.30","1,018.30","-","-1.30%"
"09/19/2003","1,036.30","1,039.60","1,040.30","1,031.90","-","-0.32%"
"09/18/2003","1,039.60","1,026.00","1,040.20","1,025.80","-","1.33%"
"09/17/2003","1,026.00","1,029.30","1,031.30","1,024.50","-","-0.32%"
"09/16/2003","1,029.30","1,014.80","1,029.70","1,014.80","-","1.43%"
"09/15/2003","1,014.80","1,018.60","1,019.80","1,013.60","-","-0.37%"
"09/12/2003","1,018.60","1,016.40","1,019.60","1,007.70","-","0.22%"
"09/11/2003","1,016.40","1,010.90","1,020.90","1,010.90","-","0.54%"
"09/10/2003","1,010.90","1,023.20","1,023.20","1,009.70","-","-1.20%"
"09/09/2003","1,023.20","1,031.60","1,031.60","1,021.10","-","-0.81%"
"09/08/2003","1,031.60","1,021.40","1,032.40","1,021.40","-","1.00%"
"09/05/2003","1,021.40","1,028.00","1,029.20","1,018.20","-","-0.64%"
"09/04/2003","1,028.00","1,026.30","1,029.20","1,022.20","-","0.17%"
"09/03/2003","1,026.30","1,022.00","1,029.30","1,022.00","-","0.42%"
"09/02/2003","1,022.00","1,008.00","1,022.60","1,005.70","-","1.39%"
"08/29/2003","1,008.00","1,002.80","1,008.90","999.50","-","0.52%"
"08/28/2003","1,002.80","996.80","1,004.10","991.40","-","0.60%"
"08/27/2003","996.80","996.70","998.00","993.30","-","0.01%"
"08/26/2003","996.70","993.70","997.90","983.60","-","0.30%"
"08/25/2003","993.70","993.10","993.70","987.90","-","0.06%"
"08/22/2003","993.10","1,003.30","1,011.00","992.60","-","-1.02%"
"08/21/2003","1,003.30","1,000.30","1,009.50","999.30","-","0.30%"
"08/20/2003","1,000.30","1,002.40","1,003.50","996.60","-","-0.21%"
"08/19/2003","1,002.40","999.70","1,003.30","995.30","-","0.27%"
"08/18/2003","999.70","990.70","1,000.40","990.70","-","0.91%"
"08/15/2003","990.70","988.00","992.40","987.10","-","0.02%"
"08/14/2003","990.50","984.00","991.90","980.40","-","0.66%"
"08/13/2003","984.00","990.40","992.50","980.90","-","-0.65%"
"08/12/2003","990.40","980.60","990.40","979.90","-","1.00%"
"08/11/2003","980.60","977.60","985.50","974.20","-","0.31%"
"08/08/2003","977.60","974.10","980.60","973.80","-","0.36%"
"08/07/2003","974.10","967.10","974.90","963.80","-","0.72%"
"08/06/2003","967.10","965.50","975.70","960.80","-","0.17%"
"08/05/2003","965.50","982.80","982.80","965.00","-","-1.76%"
"08/04/2003","982.80","980.10","985.80","966.80","-","0.28%"
"08/01/2003","980.10","990.30","990.30","978.90","-","-1.03%"
"07/31/2003","990.30","987.50","1,004.60","987.50","-","0.28%"
"07/30/2003","987.50","989.30","992.60","986.00","-","-0.18%"
"07/29/2003","989.30","996.50","998.60","984.10","-","-0.72%"
"07/28/2003","996.50","998.70","1,000.70","993.60","-","-0.22%"
"07/25/2003","998.70","981.60","998.70","977.40","-","1.74%"
"07/24/2003","981.60","988.60","998.90","981.10","-","-0.71%"
"07/23/2003","988.60","988.10","989.90","979.80","-","0.05%"
"07/22/2003","988.10","978.80","990.30","976.10","-","0.95%"
"07/21/2003","978.80","993.30","993.30","975.60","-","-1.46%"
"07/18/2003","993.30","981.70","994.20","981.70","-","1.18%"
"07/17/2003","981.70","994.00","994.00","978.60","-","-1.24%"
"07/16/2003","994.00","1,000.40","1,003.50","989.30","-","-0.64%"
"07/15/2003","1,000.40","1,003.90","1,009.60","996.70","-","-0.35%"
"07/14/2003","1,003.90","998.10","1,015.40","998.10","-","0.58%"
"07/11/2003","998.10","988.70","1,000.90","988.70","-","0.95%"
"07/10/2003","988.70","1,002.20","1,002.20","983.60","-","-1.35%"
"07/09/2003","1,002.20","1,007.80","1,010.40","998.20","-","-0.56%"
"07/08/2003","1,007.80","1,004.40","1,008.90","998.70","-","0.34%"
"07/07/2003","1,004.40","985.70","1,005.60","985.70","-","1.90%"
"07/03/2003","985.70","993.80","995.00","983.30","-","-0.82%"
"07/02/2003","993.80","982.30","993.80","982.30","-","1.17%"
"07/01/2003","982.30","974.50","983.30","962.10","-","0.80%"
"06/30/2003","974.50","976.20","983.60","973.60","-","-0.17%"
"06/27/2003","976.20","985.80","988.90","974.30","-","-0.97%"
"06/26/2003","985.80","975.30","986.50","973.80","-","1.08%"
"06/25/2003","975.30","983.50","991.60","974.90","-","-0.83%"
"06/24/2003","983.50","981.60","987.80","979.10","-","0.19%"
"06/23/2003","981.60","995.70","995.70","977.40","-","-1.42%"
"06/20/2003","995.70","994.70","1,002.10","993.40","-","0.10%"
"06/19/2003","994.70","1,010.10","1,011.20","993.10","-","-1.52%"
"06/18/2003","1,010.10","1,011.70","1,015.10","1,004.60","-","-0.16%"
"06/17/2003","1,011.70","1,010.70","1,015.30","1,007.00","-","0.10%"
"06/16/2003","1,010.70","988.60","1,010.90","988.60","-","2.24%"
"06/13/2003","988.60","998.50","1,000.90","984.30","-","-0.99%"
"06/12/2003","998.50","997.50","1,002.70","991.30","-","0.10%"
"06/11/2003","997.50","984.80","997.50","981.60","-","1.29%"
"06/10/2003","984.80","975.90","984.80","975.90","-","0.91%"
"06/09/2003","975.90","987.80","987.80","972.60","-","-1.20%"
"06/06/2003","987.80","990.10","1,007.70","986.00","-","-0.23%"
"06/05/2003","990.10","986.20","990.10","978.10","-","0.40%"
"06/04/2003","986.20","971.60","987.90","970.70","-","1.50%"
"06/03/2003","971.60","967.00","973.00","964.50","-","0.48%"
"06/02/2003","967.00","963.60","979.10","963.60","-","0.35%"
"05/30/2003","963.60","949.60","965.40","949.60","-","1.47%"
"05/29/2003","949.60","953.20","962.10","946.20","-","-0.38%"
"05/28/2003","953.20","951.50","959.40","950.10","-","0.18%"
"05/27/2003","951.50","933.20","952.80","927.30","-","1.96%"
"05/23/2003","933.20","931.90","935.20","927.40","-","0.14%"
"05/22/2003","931.90","923.40","935.30","922.50","-","0.92%"
"05/21/2003","923.40","919.70","923.90","914.90","-","0.40%"
"05/20/2003","919.70","920.80","925.30","912.00","-","-0.12%"
"05/19/2003","920.80","944.30","944.30","920.20","-","-2.49%"
"05/16/2003","944.30","943.60","948.60","938.60","-","-0.25%"
"05/15/2003","946.70","939.30","948.20","938.80","-","0.79%"
"05/14/2003","939.30","942.30","947.30","935.20","-","-0.32%"
"05/13/2003","942.30","945.10","947.50","938.90","-","-0.30%"
"05/12/2003","945.10","933.40","946.80","929.30","-","1.25%"
"05/09/2003","933.40","920.30","933.80","920.30","-","1.42%"
"05/08/2003","920.30","929.60","929.60","919.70","-","-1.00%"
"05/07/2003","929.60","934.40","937.20","926.40","-","-0.51%"
"05/06/2003","934.40","926.50","939.60","926.40","-","0.85%"
"05/05/2003","926.50","930.10","933.90","924.50","-","-0.39%"
"05/02/2003","930.10","916.30","930.60","912.40","-","1.51%"
"05/01/2003","916.30","916.90","919.70","902.80","-","-0.07%"
"04/30/2003","916.90","917.80","922.00","911.70","-","-0.10%"
"04/29/2003","917.80","914.80","924.20","911.10","-","0.33%"
"04/28/2003","914.80","898.80","918.10","898.80","-","1.78%"
"04/25/2003","898.80","911.40","911.40","897.50","-","-1.38%"
"04/24/2003","911.40","919.00","919.00","906.70","-","-0.83%"
"04/23/2003","919.00","911.40","919.70","909.90","-","0.83%"
"04/22/2003","911.40","892.00","911.70","886.70","-","2.17%"
"04/21/2003","892.00","893.60","898.00","888.20","-","-0.18%"
"04/17/2003","893.60","879.90","893.80","879.20","-","1.56%"
"04/16/2003","879.90","890.80","896.80","877.90","-","-1.22%"
"04/15/2003","890.80","885.20","891.30","881.90","-","0.63%"
"04/14/2003","885.20","868.30","885.30","868.30","-","1.95%"
"04/11/2003","868.30","871.60","883.30","865.90","-","-0.38%"
"04/10/2003","871.60","866.00","871.80","862.80","-","0.65%"
"04/09/2003","866.00","878.30","887.40","865.70","-","-1.40%"
"04/08/2003","878.30","879.90","883.10","874.70","-","-0.18%"
"04/07/2003","879.90","878.90","904.90","878.90","-","0.11%"
"04/04/2003","878.90","876.50","882.70","874.20","-","0.27%"
"04/03/2003","876.50","880.90","885.90","876.10","-","-0.50%"
"04/02/2003","880.90","858.50","884.60","858.50","-","2.61%"
"04/01/2003","858.50","848.20","861.30","847.90","-","1.21%"
"03/31/2003","848.20","863.50","863.50","843.70","-","-1.77%"
"03/28/2003","863.50","868.50","869.90","860.80","-","-0.58%"
"03/27/2003","868.50","870.00","874.10","858.10","-","-0.17%"
"03/26/2003","870.00","874.70","875.80","866.50","-","-0.54%"
"03/25/2003","874.70","864.20","879.90","862.60","-","1.21%"
"03/24/2003","864.20","895.80","895.80","862.00","-","-3.53%"
"03/21/2003","895.80","875.80","895.90","875.80","-","2.30%"
"03/20/2003","875.70","874.00","879.60","859.00","-","0.19%"
"03/19/2003","874.00","866.50","875.00","861.20","-","0.87%"
"03/18/2003","866.50","862.80","866.90","857.40","-","0.43%"
"03/17/2003","862.80","833.30","862.80","827.20","-","3.54%"
"03/14/2003","833.30","831.90","841.40","828.30","-","0.17%"
"03/13/2003","831.90","804.20","832.00","804.20","-","3.44%"
"03/12/2003","804.20","800.70","804.20","788.90","-","0.44%"
"03/11/2003","800.70","807.50","814.20","800.30","-","-0.84%"
"03/10/2003","807.50","828.90","828.90","806.60","-","-2.58%"
"03/07/2003","828.90","822.10","829.50","811.20","-","0.83%"
"03/06/2003","822.10","829.90","829.90","819.90","-","-0.94%"
"03/05/2003","829.90","822.00","829.90","819.00","-","0.96%"
"03/04/2003","822.00","834.80","835.40","822.00","-","-1.53%"
"03/03/2003","834.80","841.10","852.30","832.70","-","-0.75%"
"02/28/2003","841.10","837.30","847.00","837.30","-","0.45%"
"02/27/2003","837.30","827.50","842.20","827.50","-","1.18%"
"02/26/2003","827.50","838.60","840.10","826.70","-","-1.32%"
"02/25/2003","838.60","832.60","839.50","818.50","-","0.72%"
"02/24/2003","832.60","848.20","848.20","832.20","-","-1.84%"
"02/21/2003","848.20","837.10","852.30","831.50","-","1.33%"
"02/20/2003","837.10","845.10","849.40","836.60","-","-0.95%"
"02/19/2003","845.10","851.20","851.20","838.80","-","-0.72%"
"02/18/2003","851.20","834.90","852.90","834.90","-","1.95%"
"02/14/2003","834.90","817.40","834.90","815.00","-","2.14%"
"02/13/2003","817.40","818.70","821.20","806.30","-","-0.16%"
"02/12/2003","818.70","829.20","832.10","818.50","-","-1.27%"
"02/11/2003","829.20","836.00","843.00","825.10","-","-0.81%"
"02/10/2003","836.00","829.70","837.20","823.50","-","0.76%"
"02/07/2003","829.70","838.10","845.70","826.70","-","-1.00%"
"02/06/2003","838.10","843.60","844.20","833.20","-","-0.65%"
"02/05/2003","843.60","848.20","861.60","842.10","-","-0.54%"
"02/04/2003","848.20","860.30","860.30","840.20","-","-1.41%"
"02/03/2003","860.30","855.70","864.60","855.70","-","0.54%"
"01/31/2003","855.70","844.60","858.30","840.30","-","1.31%"
"01/30/2003","844.60","864.40","865.50","843.70","-","-2.29%"
"01/29/2003","864.40","858.50","868.70","845.90","-","0.69%"
"01/28/2003","858.50","847.50","860.80","847.50","-","1.30%"
"01/27/2003","847.50","861.40","864.00","844.20","-","-1.61%"
"01/24/2003","861.40","887.30","887.30","859.70","-","-2.92%"
"01/23/2003","887.30","878.40","890.20","876.90","-","1.01%"
"01/22/2003","878.40","887.60","889.70","877.60","-","-1.04%"
"01/21/2003","887.60","901.80","906.00","887.60","-","-1.57%"
"01/17/2003","901.80","914.60","914.60","899.00","-","-1.40%"
"01/16/2003","914.60","918.20","926.00","912.00","-","-0.39%"
"01/15/2003","918.20","931.70","932.60","916.70","-","-1.45%"
"01/14/2003","931.70","926.30","931.70","921.70","-","0.58%"
"01/13/2003","926.30","927.60","935.00","922.00","-","-0.14%"
"01/10/2003","927.60","927.60","932.90","917.70","-","0.00%"
"01/09/2003","927.60","909.90","928.30","909.90","-","1.95%"
"01/08/2003","909.90","922.90","922.90","908.30","-","-1.41%"
"01/07/2003","922.90","929.00","930.80","919.90","-","-0.66%"
"01/06/2003","929.00","908.60","931.80","908.60","-","2.25%"
"01/03/2003","908.60","909.00","911.20","903.10","-","-0.04%"
"01/02/2003","909.00","879.80","909.00","879.80","-","3.32%"
"12/31/2002","879.80","879.40","881.90","869.50","-","0.05%"
"12/30/2002","879.40","875.40","882.10","870.20","-","0.46%"
"12/27/2002","875.40","889.70","890.50","873.60","-","-1.61%"
"12/26/2002","889.70","892.50","903.90","887.50","-","-0.31%"
"12/24/2002","892.50","897.40","897.40","892.30","-","-0.55%"
"12/23/2002","897.40","895.70","902.40","892.30","-","0.18%"
"12/20/2002","895.80","884.20","897.80","884.20","-","1.31%"
"12/19/2002","884.20","890.00","899.20","880.30","-","-0.77%"
"12/18/2002","891.10","903.00","903.00","887.80","-","-1.32%"
"12/17/2002","903.00","910.40","911.20","901.70","-","-0.81%"
"12/16/2002","910.40","889.50","910.40","889.50","-","2.35%"
"12/13/2002","889.50","901.60","901.60","888.50","-","-1.34%"
"12/12/2002","901.60","905.00","908.40","897.00","-","-0.38%"
"12/11/2002","905.00","904.50","909.90","896.50","-","0.06%"
"12/10/2002","904.50","892.00","905.00","892.00","-","1.40%"
"12/09/2002","892.00","912.20","912.20","892.00","-","-2.21%"
"12/06/2002","912.20","906.50","915.50","896.00","-","0.63%"
"12/05/2002","906.50","917.60","921.50","905.90","-","-1.21%"
"12/04/2002","917.60","920.80","925.20","909.50","-","-0.35%"
"12/03/2002","920.80","934.50","934.50","918.70","-","-1.47%"
"12/02/2002","934.50","936.30","954.30","927.70","-","-0.19%"
"11/29/2002","936.30","938.90","941.80","935.60","-","-0.28%"
"11/27/2002","938.90","913.30","940.40","913.30","-","2.80%"
"11/26/2002","913.30","932.90","932.90","912.10","-","-2.10%"
"11/25/2002","932.90","930.50","937.10","923.30","-","0.26%"
"11/22/2002","930.50","933.80","937.30","928.40","-","-0.35%"
"11/21/2002","933.80","914.10","935.10","914.10","-","2.16%"
"11/20/2002","914.10","896.70","915.00","894.90","-","1.94%"
"11/19/2002","896.70","900.40","905.50","893.10","-","-0.41%"
"11/18/2002","900.40","909.80","915.90","899.50","-","-1.03%"
"11/15/2002","909.80","904.30","910.20","895.40","-","0.61%"
"11/14/2002","904.30","882.50","904.30","882.50","-","2.47%"
"11/13/2002","882.50","883.00","892.50","872.00","-","-0.06%"
"11/12/2002","883.00","876.20","894.30","876.20","-","0.78%"
"11/11/2002","876.20","894.70","894.70","874.60","-","-2.07%"
"11/08/2002","894.70","902.60","910.10","891.60","-","-0.88%"
"11/07/2002","902.60","923.80","923.80","898.70","-","-2.29%"
"11/06/2002","923.80","915.40","925.70","905.00","-","0.92%"
"11/05/2002","915.40","908.40","915.80","904.90","-","0.77%"
"11/04/2002","908.40","901.00","924.60","901.00","-","0.82%"
"11/01/2002","901.00","885.80","903.40","877.70","-","1.72%"
"10/31/2002","885.80","890.70","898.80","879.80","-","-0.55%"
"10/30/2002","890.70","882.10","895.30","879.20","-","0.97%"
"10/29/2002","882.10","890.20","890.60","867.90","-","-0.91%"
"10/28/2002","890.20","897.60","907.40","886.10","-","-0.82%"
"10/25/2002","897.60","882.50","897.70","877.00","-","1.71%"
"10/24/2002","882.50","896.10","902.90","879.00","-","-1.52%"
"10/23/2002","896.10","890.20","896.10","873.80","-","0.66%"
"10/22/2002","890.20","899.70","899.70","882.40","-","-1.06%"
"10/21/2002","899.70","884.40","900.70","873.10","-","1.73%"
"10/18/2002","884.40","879.20","886.70","866.60","-","0.59%"
"10/17/2002","879.20","860.00","885.40","860.00","-","2.23%"
"10/16/2002","860.00","881.30","881.30","856.30","-","-2.42%"
"10/15/2002","881.30","841.40","881.30","841.40","-","4.74%"
"10/14/2002","841.40","835.30","844.40","828.40","-","0.73%"
"10/11/2002","835.30","803.90","843.30","803.90","-","3.91%"
"10/10/2002","803.90","776.80","806.50","768.60","-","3.49%"
"10/09/2002","776.80","798.50","798.50","775.80","-","-2.72%"
"10/08/2002","798.50","785.30","808.90","779.50","-","1.68%"
"10/07/2002","785.30","800.60","808.20","783.00","-","-1.91%"
"10/04/2002","800.60","819.00","825.90","794.10","-","-2.25%"
"10/03/2002","819.00","827.90","840.00","817.20","-","-1.08%"
"10/02/2002","827.90","843.80","851.90","826.50","-","-2.36%"
"10/01/2002","847.90","815.30","847.90","812.80","-","4.00%"
"09/30/2002","815.30","827.40","827.40","800.20","-","-1.46%"
"09/27/2002","827.40","855.00","855.00","826.80","-","-3.23%"
"09/26/2002","855.00","839.70","856.60","839.70","-","1.82%"
"09/25/2002","839.70","819.30","844.20","818.50","-","2.49%"
"09/24/2002","819.30","833.70","833.70","817.40","-","-1.73%"
"09/23/2002","833.70","845.40","845.40","825.80","-","-1.38%"
"09/20/2002","845.40","843.30","849.30","839.10","-","0.25%"
"09/19/2002","843.30","869.50","869.50","843.10","-","-3.01%"
"09/18/2002","869.50","873.50","878.50","857.40","-","-0.46%"
"09/17/2002","873.50","891.10","902.70","872.40","-","-1.98%"
"09/16/2002","891.10","889.80","891.80","878.90","-","0.15%"
"09/13/2002","889.80","886.90","892.80","877.00","-","0.33%"
"09/12/2002","886.90","909.50","909.50","884.80","-","-2.48%"
"09/11/2002","909.50","910.60","924.00","908.50","-","-0.01%"
"09/10/2002","909.60","903.00","909.90","900.50","-","0.73%"
"09/09/2002","903.00","893.90","907.30","882.90","-","1.02%"
"09/06/2002","893.90","879.10","899.10","879.10","-","1.68%"
"09/05/2002","879.10","893.40","893.40","870.50","-","-1.60%"
"09/04/2002","893.40","878.00","896.10","875.70","-","1.75%"
"09/03/2002","878.00","916.10","916.10","877.50","-","-4.16%"
"08/30/2002","916.10","917.80","928.10","910.20","-","-0.19%"
"08/29/2002","917.80","917.90","924.60","903.30","-","-0.01%"
"08/28/2002","917.90","934.80","934.80","913.20","-","-1.81%"
"08/27/2002","934.80","948.00","955.80","930.40","-","-1.39%"
"08/26/2002","948.00","940.90","950.80","930.40","-","0.75%"
"08/23/2002","940.90","962.70","962.70","937.20","-","-2.26%"
"08/22/2002","962.70","949.40","965.00","946.40","-","1.40%"
"08/21/2002","949.40","937.40","951.60","931.30","-","1.28%"
"08/20/2002","937.40","950.70","950.70","931.90","-","-1.40%"
"08/19/2002","950.70","928.80","951.20","927.20","-","2.36%"
"08/16/2002","928.80","930.20","935.40","916.20","-","-0.15%"
"08/15/2002","930.20","919.60","933.30","918.20","-","1.15%"
"08/14/2002","919.60","884.20","920.20","876.20","-","4.00%"
"08/13/2002","884.20","903.80","911.70","883.60","-","-2.17%"
"08/12/2002","903.80","908.60","908.60","892.40","-","-0.53%"
"08/09/2002","908.60","905.50","914.00","890.80","-","0.34%"
"08/08/2002","905.50","876.80","905.80","875.20","-","3.27%"
"08/07/2002","876.80","859.60","878.70","854.10","-","2.00%"
"08/06/2002","859.60","834.60","874.40","834.60","-","3.00%"
"08/05/2002","834.60","864.20","864.20","833.40","-","-3.43%"
"08/02/2002","864.20","884.70","884.70","854.00","-","-2.32%"
"08/01/2002","884.70","911.60","911.60","882.60","-","-2.95%"
"07/31/2002","911.60","902.80","911.60","889.90","-","0.97%"
"07/30/2002","902.80","899.00","909.80","884.70","-","0.42%"
"07/29/2002","899.00","852.80","899.00","852.80","-","5.42%"
"07/26/2002","852.80","838.70","852.90","835.90","-","1.68%"
"07/25/2002","838.70","843.40","853.80","816.10","-","-0.56%"
"07/24/2002","843.40","797.70","844.30","775.70","-","5.73%"
"07/23/2002","797.70","819.90","827.70","796.10","-","-2.71%"
"07/22/2002","819.90","847.80","854.10","813.30","-","-3.29%"
"07/19/2002","847.80","864.10","881.60","842.10","-","-3.83%"
"07/18/2002","881.60","906.00","907.80","880.60","-","-2.69%"
"07/17/2002","906.00","901.00","926.50","895.00","-","0.55%"
"07/16/2002","901.00","917.90","918.60","897.10","-","-1.84%"
"07/15/2002","917.90","921.40","921.40","876.50","-","-0.38%"
"07/12/2002","921.40","927.40","934.30","913.70","-","-0.65%"
"07/11/2002","927.40","920.50","929.20","900.90","-","0.75%"
"07/10/2002","920.50","952.80","956.30","920.30","-","-3.39%"
"07/09/2002","952.80","977.00","979.60","951.70","-","-2.48%"
"07/08/2002","977.00","989.00","993.60","972.90","-","-1.21%"
"07/05/2002","989.00","965.80","989.10","954.00","-","3.67%"
"07/03/2002","954.00","948.10","954.30","934.90","-","0.62%"
"07/02/2002","948.10","968.60","968.60","945.50","-","-2.12%"
"07/01/2002","968.60","989.80","994.50","967.40","-","-2.14%"
"06/28/2002","989.80","990.60","1,001.80","988.30","-","-0.08%"
"06/27/2002","990.60","973.50","990.70","963.70","-","1.76%"
"06/26/2002","973.50","976.10","977.40","952.90","-","-0.27%"
"06/25/2002","976.10","992.70","1,005.90","974.20","-","-1.67%"
"06/24/2002","992.70","989.10","1,002.10","970.90","-","0.36%"
"06/21/2002","989.10","1,006.30","1,006.30","985.60","-","-1.71%"
"06/20/2002","1,006.30","1,020.00","1,023.30","1,004.60","-","-1.34%"
"06/19/2002","1,020.00","1,037.10","1,037.60","1,017.90","-","-1.65%"
"06/18/2002","1,037.10","1,036.20","1,040.80","1,030.90","-","0.09%"
"06/17/2002","1,036.20","1,007.30","1,036.20","1,007.30","-","2.87%"
"06/14/2002","1,007.30","1,009.60","1,009.60","981.60","-","-0.23%"
"06/13/2002","1,009.60","1,020.30","1,023.50","1,008.10","-","-1.05%"
"06/12/2002","1,020.30","1,013.60","1,021.90","1,002.60","-","0.66%"
"06/11/2002","1,013.60","1,030.70","1,039.00","1,012.90","-","-1.66%"
"06/10/2002","1,030.70","1,027.50","1,038.20","1,025.50","-","0.31%"
"06/07/2002","1,027.50","1,029.20","1,033.00","1,012.50","-","-0.17%"
"06/06/2002","1,029.20","1,049.90","1,049.90","1,026.90","-","-1.97%"
"06/05/2002","1,049.90","1,040.70","1,050.10","1,038.80","-","0.88%"
"06/04/2002","1,040.70","1,040.70","1,046.10","1,030.50","-","0.00%"
"06/03/2002","1,040.70","1,067.10","1,070.70","1,039.90","-","-2.47%"
"05/31/2002","1,067.10","1,064.70","1,079.90","1,064.70","-","0.23%"
"05/30/2002","1,064.70","1,067.70","1,069.50","1,054.30","-","-0.28%"
"05/29/2002","1,067.70","1,074.50","1,074.80","1,067.70","-","-0.63%"
"05/28/2002","1,074.50","1,083.80","1,086.00","1,070.30","-","-0.86%"
"05/24/2002","1,083.80","1,097.10","1,097.10","1,082.20","-","-1.21%"
"05/23/2002","1,097.10","1,086.00","1,097.10","1,080.50","-","1.02%"
"05/22/2002","1,086.00","1,079.90","1,086.00","1,075.60","-","0.56%"
"05/21/2002","1,079.90","1,091.90","1,099.50","1,079.10","-","-1.10%"
"05/20/2002","1,091.90","1,106.60","1,106.60","1,090.60","-","-1.33%"
"05/17/2002","1,106.60","1,098.20","1,106.60","1,096.80","-","0.76%"
"05/16/2002","1,098.20","1,091.10","1,099.30","1,089.20","-","0.65%"
"05/15/2002","1,091.10","1,097.30","1,104.20","1,088.90","-","-0.57%"
"05/14/2002","1,097.30","1,074.60","1,097.70","1,074.60","-","2.11%"
"05/13/2002","1,074.60","1,055.00","1,074.80","1,053.90","-","1.86%"
"05/10/2002","1,055.00","1,073.00","1,075.40","1,053.90","-","-1.68%"
"05/09/2002","1,073.00","1,088.80","1,088.80","1,072.20","-","-1.45%"
"05/08/2002","1,088.80","1,049.50","1,088.90","1,049.50","-","3.74%"
"05/07/2002","1,049.50","1,052.70","1,058.70","1,049.00","-","-0.30%"
"05/06/2002","1,052.70","1,073.40","1,075.90","1,052.70","-","-1.93%"
"05/03/2002","1,073.40","1,084.60","1,084.60","1,068.90","-","-1.03%"
"05/02/2002","1,084.60","1,086.50","1,091.40","1,079.50","-","-0.17%"
"05/01/2002","1,086.50","1,076.90","1,088.30","1,065.30","-","0.89%"
"04/30/2002","1,076.90","1,065.50","1,082.60","1,063.50","-","1.07%"
"04/29/2002","1,065.50","1,076.30","1,079.00","1,063.60","-","-1.00%"
"04/26/2002","1,076.30","1,091.50","1,096.80","1,076.30","-","-1.39%"
"04/25/2002","1,091.50","1,093.10","1,094.40","1,084.80","-","-0.15%"
"04/24/2002","1,093.10","1,101.00","1,108.50","1,092.50","-","-0.72%"
"04/23/2002","1,101.00","1,107.80","1,111.20","1,098.90","-","-0.61%"
"04/22/2002","1,107.80","1,125.20","1,125.20","1,105.60","-","-1.55%"
"04/19/2002","1,125.20","1,124.50","1,128.80","1,122.70","-","0.06%"
"04/18/2002","1,124.50","1,126.10","1,130.50","1,109.50","-","-0.14%"
"04/17/2002","1,126.10","1,128.40","1,132.90","1,123.40","-","-0.20%"
"04/16/2002","1,128.40","1,102.50","1,129.40","1,102.50","-","2.35%"
"04/15/2002","1,102.50","1,111.00","1,114.90","1,099.40","-","-0.77%"
"04/12/2002","1,111.00","1,103.70","1,112.80","1,102.70","-","0.66%"
"04/11/2002","1,103.70","1,130.50","1,130.50","1,102.40","-","-2.37%"
"04/10/2002","1,130.50","1,119.10","1,131.80","1,118.40","-","1.14%"
"04/09/2002","1,117.80","1,125.50","1,128.30","1,116.70","-","-0.67%"
"04/08/2002","1,125.30","1,122.70","1,125.40","1,111.80","-","0.23%"
"04/05/2002","1,122.70","1,127.70","1,133.30","1,119.50","-","-0.32%"
"04/04/2002","1,126.30","1,125.00","1,130.50","1,120.10","-","0.08%"
"04/03/2002","1,125.40","1,137.50","1,138.80","1,119.70","-","-1.00%"
"04/02/2002","1,136.80","1,143.00","1,143.00","1,135.70","-","-0.85%"
"04/01/2002","1,146.50","1,146.00","1,147.80","1,132.90","-","-0.08%"
"03/28/2002","1,147.40","1,146.30","1,154.50","1,144.60","-","0.24%"
"03/27/2002","1,144.60","1,137.50","1,147.00","1,135.30","-","0.54%"
"03/26/2002","1,138.50","1,131.60","1,147.00","1,131.60","-","0.58%"
"03/25/2002","1,131.90","1,149.30","1,151.00","1,131.90","-","-1.46%"
"03/22/2002","1,148.70","1,153.30","1,156.50","1,144.60","-","-0.42%"
"03/21/2002","1,153.60","1,151.50","1,155.10","1,139.90","-","0.16%"
"03/20/2002","1,151.80","1,170.20","1,170.20","1,151.60","-","-1.58%"
"03/19/2002","1,170.30","1,165.50","1,173.90","1,165.50","-","0.41%"
"03/18/2002","1,165.50","1,166.20","1,172.70","1,159.10","-","-0.06%"
"03/15/2002","1,166.20","1,153.50","1,166.50","1,153.50","-","1.14%"
"03/14/2002","1,153.00","1,154.20","1,157.80","1,151.10","-","-0.10%"
"03/13/2002","1,154.10","1,163.00","1,164.30","1,151.00","-","-0.99%"
"03/12/2002","1,165.60","1,168.30","1,168.30","1,154.30","-","-0.23%"
"03/11/2002","1,168.30","1,164.00","1,173.00","1,159.60","-","0.34%"
"03/08/2002","1,164.30","1,161.10","1,172.80","1,159.80","-","0.59%"
"03/07/2002","1,157.50","1,164.70","1,167.90","1,150.70","-","-0.46%"
"03/06/2002","1,162.80","1,145.90","1,165.30","1,145.10","-","1.46%"
"03/05/2002","1,146.10","1,153.00","1,157.70","1,144.80","-","-0.67%"
"03/04/2002","1,153.80","1,130.90","1,153.80","1,130.90","-","1.94%"
"03/01/2002","1,131.80","1,108.70","1,131.80","1,108.70","-","2.27%"
"02/28/2002","1,106.70","1,110.80","1,121.60","1,106.70","-","-0.29%"
"02/27/2002","1,109.90","1,111.20","1,123.10","1,102.30","-","0.05%"
"02/26/2002","1,109.40","1,110.30","1,115.00","1,101.70","-","0.00%"
"02/25/2002","1,109.40","1,090.80","1,112.70","1,089.80","-","1.80%"
"02/22/2002","1,089.80","1,078.20","1,093.90","1,074.40","-","0.81%"
"02/21/2002","1,081.00","1,094.30","1,101.50","1,080.20","-","-1.55%"
"02/20/2002","1,098.00","1,084.70","1,098.30","1,074.40","-","1.36%"
"02/19/2002","1,083.30","1,102.20","1,102.20","1,082.20","-","-1.89%"
"02/15/2002","1,104.20","1,116.70","1,117.10","1,103.20","-","-1.10%"
"02/14/2002","1,116.50","1,118.50","1,124.70","1,112.30","-","-0.18%"
"02/13/2002","1,118.50","1,107.50","1,120.60","1,107.50","-","0.99%"
"02/12/2002","1,107.50","1,106.20","1,112.70","1,103.00","-","-0.40%"
"02/11/2002","1,111.90","1,095.40","1,112.00","1,094.70","-","1.43%"
"02/08/2002","1,096.20","1,082.40","1,096.30","1,079.90","-","1.48%"
"02/07/2002","1,080.20","1,083.30","1,094.00","1,078.40","-","-0.30%"
"02/06/2002","1,083.50","1,091.50","1,093.60","1,077.80","-","-0.60%"
"02/05/2002","1,090.00","1,088.70","1,101.00","1,082.60","-","-0.40%"
"02/04/2002","1,094.40","1,118.00","1,122.20","1,092.20","-","-2.48%"
"02/01/2002","1,122.20","1,127.40","1,130.20","1,118.50","-","-0.71%"
"01/31/2002","1,130.20","1,117.80","1,130.20","1,113.30","-","1.49%"
"01/30/2002","1,113.60","1,100.20","1,113.80","1,081.70","-","1.18%"
"01/29/2002","1,100.60","1,133.80","1,137.50","1,098.70","-","-2.87%"
"01/28/2002","1,133.10","1,136.30","1,138.60","1,126.70","-","-0.02%"
"01/25/2002","1,133.30","1,129.30","1,138.30","1,127.80","-","0.10%"
"01/24/2002","1,132.20","1,133.40","1,139.50","1,128.20","-","0.35%"
"01/23/2002","1,128.20","1,122.20","1,131.90","1,117.40","-","0.80%"
"01/22/2002","1,119.30","1,135.30","1,135.30","1,117.90","-","-0.74%"
"01/18/2002","1,127.60","1,127.50","1,138.90","1,124.50","-","-0.99%"
"01/17/2002","1,138.90","1,135.70","1,139.30","1,127.60","-","1.00%"
"01/16/2002","1,127.60","1,139.20","1,146.20","1,127.50","-","-1.62%"
"01/15/2002","1,146.20","1,140.80","1,148.80","1,136.90","-","0.69%"
"01/14/2002","1,138.40","1,143.00","1,145.60","1,138.20","-","-0.63%"
"01/11/2002","1,145.60","1,158.50","1,159.40","1,145.50","-","-0.94%"
"01/10/2002","1,156.50","1,154.30","1,159.90","1,150.80","-","0.12%"
"01/09/2002","1,155.10","1,163.80","1,174.30","1,151.90","-","-0.48%"
"01/08/2002","1,160.70","1,165.30","1,167.60","1,157.50","-","-0.36%"
"01/07/2002","1,164.90","1,174.70","1,177.00","1,163.50","-","-0.65%"
"01/04/2002","1,172.50","1,171.10","1,176.50","1,163.40","-","0.62%"
"01/03/2002","1,165.30","1,155.50","1,165.30","1,154.00","-","0.92%"
"01/02/2002","1,154.70","1,149.00","1,154.70","1,136.20","-","0.57%"
"12/31/2001","1,148.10","1,158.30","1,161.20","1,148.00","-","-1.11%"
"12/28/2001","1,161.00","1,157.10","1,164.60","1,157.10","-","0.34%"
"12/27/2001","1,157.10","1,149.40","1,157.10","1,149.40","-","0.67%"
"12/26/2001","1,149.40","1,144.70","1,159.20","1,144.70","-","0.41%"
"12/24/2001","1,144.70","1,145.00","1,147.80","1,144.60","-","-0.02%"
"12/21/2001","1,144.90","1,139.90","1,147.80","1,139.90","-","0.44%"
"12/20/2001","1,139.90","1,148.90","1,151.40","1,139.90","-","-0.84%"
"12/19/2001","1,149.60","1,136.30","1,152.40","1,134.80","-","0.59%"
"12/18/2001","1,142.90","1,134.40","1,145.10","1,134.40","-","0.75%"
"12/17/2001","1,134.40","1,123.10","1,137.40","1,122.30","-","1.01%"
"12/14/2001","1,123.10","1,117.90","1,128.30","1,114.50","-","0.33%"
"12/13/2001","1,119.40","1,127.60","1,137.10","1,117.80","-","-1.56%"
"12/12/2001","1,137.10","1,139.30","1,141.50","1,126.10","-","0.03%"
"12/11/2001","1,136.80","1,139.90","1,150.90","1,134.30","-","-0.27%"
"12/10/2001","1,139.90","1,152.40","1,158.30","1,139.70","-","-1.59%"
"12/07/2001","1,158.30","1,162.50","1,167.10","1,152.70","-","-0.75%"
"12/06/2001","1,167.10","1,168.10","1,173.30","1,164.40","-","-0.27%"
"12/05/2001","1,170.30","1,151.40","1,173.60","1,143.80","-","2.23%"
"12/04/2001","1,144.80","1,134.50","1,144.80","1,128.90","-","1.32%"
"12/03/2001","1,129.90","1,139.50","1,139.50","1,125.80","-","-0.84%"
"11/30/2001","1,139.50","1,140.00","1,143.60","1,135.90","-","-0.06%"
"11/29/2001","1,140.20","1,131.00","1,140.40","1,125.50","-","1.04%"
"11/28/2001","1,128.50","1,143.10","1,149.50","1,128.30","-","-1.83%"
"11/27/2001","1,149.50","1,152.10","1,163.40","1,140.80","-","-0.68%"
"11/26/2001","1,157.40","1,150.30","1,157.90","1,146.20","-","0.62%"
"11/23/2001","1,150.30","1,137.00","1,151.00","1,135.90","-","1.17%"
"11/21/2001","1,137.00","1,140.20","1,142.70","1,129.80","-","-0.50%"
"11/20/2001","1,142.70","1,149.00","1,152.50","1,142.20","-","-0.73%"
"11/19/2001","1,151.10","1,143.90","1,151.10","1,138.70","-","1.09%"
"11/16/2001","1,138.70","1,142.20","1,143.50","1,129.90","-","-0.31%"
"11/15/2001","1,142.20","1,141.20","1,146.50","1,135.10","-","0.09%"
"11/14/2001","1,141.20","1,146.30","1,148.30","1,132.90","-","0.18%"
"11/13/2001","1,139.10","1,118.30","1,139.10","1,118.30","-","1.86%"
"11/12/2001","1,118.30","1,112.70","1,121.70","1,098.30","-","-0.18%"
"11/09/2001","1,120.30","1,117.60","1,123.00","1,111.10","-","0.16%"
"11/08/2001","1,118.50","1,115.80","1,135.80","1,115.40","-","0.24%"
"11/07/2001","1,115.80","1,118.90","1,126.60","1,113.00","-","-0.28%"
"11/06/2001","1,118.90","1,102.80","1,119.70","1,095.40","-","1.46%"
"11/05/2001","1,102.80","1,087.20","1,106.70","1,087.20","-","1.43%"
"11/02/2001","1,087.20","1,080.50","1,089.60","1,075.60","-","0.29%"
"11/01/2001","1,084.10","1,063.10","1,085.60","1,054.30","-","2.29%"
"10/31/2001","1,059.80","1,066.40","1,074.80","1,057.50","-","0.00%"
"10/30/2001","1,059.80","1,078.30","1,078.30","1,053.60","-","-1.72%"
"10/29/2001","1,078.30","1,099.80","1,104.60","1,078.30","-","-2.38%"
"10/26/2001","1,104.60","1,096.20","1,110.60","1,094.20","-","0.41%"
"10/25/2001","1,100.10","1,072.70","1,100.10","1,065.60","-","1.37%"
"10/24/2001","1,085.20","1,085.20","1,090.30","1,080.00","-","0.04%"
"10/23/2001","1,084.80","1,093.90","1,099.00","1,081.50","-","-0.47%"
"10/22/2001","1,089.90","1,073.50","1,090.60","1,070.30","-","1.53%"
"10/19/2001","1,073.50","1,066.60","1,075.50","1,057.20","-","0.46%"
"10/18/2001","1,068.60","1,074.40","1,077.90","1,064.50","-","-0.79%"
"10/17/2001","1,077.10","1,107.60","1,107.10","1,076.60","-","-1.86%"
"10/16/2001","1,097.50","1,093.70","1,101.70","1,087.10","-","0.69%"
"10/15/2001","1,090.00","1,083.40","1,091.70","1,078.20","-","-0.16%"
"10/12/2001","1,091.70","1,088.40","1,097.40","1,072.20","-","-0.52%"
"10/11/2001","1,097.40","1,081.00","1,099.20","1,081.00","-","1.52%"
"10/10/2001","1,081.00","1,055.30","1,081.60","1,052.70","-","2.29%"
"10/09/2001","1,056.80","1,062.90","1,063.40","1,053.80","-","-0.53%"
"10/08/2001","1,062.40","1,060.30","1,071.40","1,056.90","-","-0.84%"
"10/05/2001","1,071.40","1,069.60","1,072.30","1,053.50","-","0.17%"
"10/04/2001","1,069.60","1,072.30","1,084.10","1,067.80","-","-0.25%"
"10/03/2001","1,072.30","1,042.90","1,075.40","1,041.50","-","2.00%"
"10/02/2001","1,051.30","1,037.60","1,051.30","1,034.50","-","1.23%"
"10/01/2001","1,038.50","1,037.90","1,040.90","1,026.80","-","-0.23%"
"09/28/2001","1,040.90","1,028.50","1,040.90","1,018.60","-","2.19%"
"09/27/2001","1,018.60","1,007.00","1,018.90","998.20","-","1.15%"
"09/26/2001","1,007.00","1,012.30","1,020.30","1,002.60","-","-0.52%"
"09/25/2001","1,012.30","1,003.50","1,017.10","998.30","-","0.88%"
"09/24/2001","1,003.50","965.80","1,008.40","965.80","-","3.90%"
"09/21/2001","965.80","984.50","984.50","944.80","-","-1.90%"
"09/20/2001","984.50","1,016.10","1,016.10","984.50","-","-3.11%"
"09/19/2001","1,016.10","1,032.70","1,038.90","984.60","-","-1.61%"
"09/18/2001","1,032.70","1,038.80","1,046.40","1,029.20","-","-0.59%"
"09/17/2001","1,038.80","1,092.50","1,092.50","1,037.50","-","-4.92%"
"09/10/2001","1,092.50","1,085.80","1,096.90","1,073.20","-","0.62%"
"09/07/2001","1,085.80","1,106.40","1,106.40","1,082.10","-","-1.86%"
"09/06/2001","1,106.40","1,131.70","1,131.70","1,105.80","-","-2.24%"
"09/05/2001","1,131.70","1,132.90","1,135.50","1,114.90","-","-0.11%"
"09/04/2001","1,132.90","1,133.60","1,155.40","1,129.10","-","-0.06%"
"08/31/2001","1,133.60","1,129.00","1,141.80","1,126.40","-","0.41%"
"08/30/2001","1,129.00","1,148.60","1,151.80","1,124.90","-","-1.71%"
"08/29/2001","1,148.60","1,161.50","1,167.00","1,147.40","-","-1.11%"
"08/28/2001","1,161.50","1,179.20","1,179.70","1,161.20","-","-1.50%"
"08/27/2001","1,179.20","1,184.90","1,186.80","1,178.10","-","-0.48%"
"08/24/2001","1,184.90","1,162.10","1,185.20","1,162.10","-","1.96%"
"08/23/2001","1,162.10","1,165.30","1,169.90","1,161.00","-","-0.27%"
"08/22/2001","1,165.30","1,157.30","1,168.60","1,153.30","-","0.69%"
"08/21/2001","1,157.30","1,171.40","1,179.80","1,156.60","-","-1.20%"
"08/20/2001","1,171.40","1,162.00","1,171.40","1,160.90","-","0.81%"
"08/17/2001","1,162.00","1,181.70","1,181.70","1,156.10","-","-1.67%"
"08/16/2001","1,181.70","1,178.00","1,181.80","1,166.10","-","0.31%"
"08/15/2001","1,178.00","1,186.70","1,191.20","1,177.60","-","-0.73%"
"08/14/2001","1,186.70","1,191.30","1,198.80","1,184.30","-","-0.39%"
"08/13/2001","1,191.30","1,190.20","1,193.80","1,185.10","-","0.09%"
"08/10/2001","1,190.20","1,183.40","1,193.30","1,169.50","-","0.57%"
"08/09/2001","1,183.40","1,183.50","1,184.70","1,174.70","-","-0.01%"
"08/08/2001","1,183.50","1,204.40","1,206.80","1,181.30","-","-1.74%"
"08/07/2001","1,204.40","1,200.50","1,207.60","1,195.60","-","0.32%"
"08/06/2001","1,200.50","1,214.30","1,214.30","1,197.30","-","-1.14%"
"08/03/2001","1,214.30","1,220.80","1,220.80","1,205.30","-","-0.53%"
"08/02/2001","1,220.80","1,215.90","1,226.30","1,215.30","-","0.40%"
"08/01/2001","1,215.90","1,211.20","1,223.00","1,211.20","-","0.39%"
"07/31/2001","1,211.20","1,204.50","1,222.70","1,204.50","-","0.56%"
"07/30/2001","1,204.50","1,205.80","1,209.00","1,200.40","-","-0.11%"
"07/27/2001","1,205.80","1,202.90","1,209.30","1,196.00","-","0.24%"
"07/26/2001","1,202.90","1,190.50","1,204.20","1,182.70","-","1.04%"
"07/25/2001","1,190.50","1,171.70","1,190.50","1,171.30","-","1.60%"
"07/24/2001","1,171.70","1,191.00","1,191.00","1,165.50","-","-1.62%"
"07/23/2001","1,191.00","1,210.80","1,215.20","1,190.50","-","-1.64%"
"07/20/2001","1,210.80","1,215.00","1,215.70","1,207.00","-","-0.35%"
"07/19/2001","1,215.00","1,207.70","1,225.00","1,205.80","-","0.60%"
"07/18/2001","1,207.70","1,214.40","1,214.40","1,198.30","-","-0.55%"
"07/17/2001","1,214.40","1,202.50","1,215.40","1,196.10","-","0.99%"
"07/16/2001","1,202.50","1,215.70","1,219.60","1,200.00","-","-1.09%"
"07/13/2001","1,215.70","1,208.10","1,218.50","1,203.60","-","0.63%"
"07/12/2001","1,208.10","1,180.20","1,210.20","1,180.20","-","2.36%"
"07/11/2001","1,180.20","1,181.50","1,184.90","1,168.50","-","-0.11%"
"07/10/2001","1,181.50","1,198.80","1,203.40","1,179.90","-","-1.44%"
"07/09/2001","1,198.80","1,190.60","1,201.80","1,189.80","-","0.69%"
"07/06/2001","1,190.60","1,219.20","1,219.20","1,188.70","-","-2.35%"
"07/05/2001","1,219.20","1,234.50","1,234.50","1,219.20","-","-1.24%"
"07/03/2001","1,234.50","1,236.70","1,236.70","1,229.40","-","-0.18%"
"07/02/2001","1,236.70","1,224.40","1,239.80","1,224.00","-","1.00%"
"06/29/2001","1,224.40","1,226.20","1,237.30","1,221.10","-","-0.15%"
"06/28/2001","1,226.20","1,211.10","1,234.40","1,211.10","-","1.25%"
"06/27/2001","1,211.10","1,216.80","1,219.90","1,207.30","-","-0.47%"
"06/26/2001","1,216.80","1,218.60","1,220.70","1,204.60","-","-0.15%"
"06/25/2001","1,218.60","1,225.30","1,231.50","1,213.60","-","-0.55%"
"06/22/2001","1,225.30","1,237.00","1,237.70","1,221.40","-","-0.95%"
"06/21/2001","1,237.00","1,223.10","1,240.20","1,220.20","-","1.14%"
"06/20/2001","1,223.10","1,212.60","1,225.60","1,210.10","-","0.87%"
"06/19/2001","1,212.60","1,208.40","1,226.10","1,207.70","-","0.35%"
"06/18/2001","1,208.40","1,214.40","1,221.20","1,208.30","-","-0.49%"
"06/15/2001","1,214.40","1,219.90","1,221.50","1,203.00","-","-0.45%"
"06/14/2001","1,219.90","1,241.60","1,241.60","1,218.90","-","-1.75%"
"06/13/2001","1,241.60","1,255.80","1,259.80","1,241.60","-","-1.13%"
"06/12/2001","1,255.80","1,254.40","1,261.00","1,235.80","-","0.11%"
"06/11/2001","1,254.40","1,265.00","1,265.00","1,249.20","-","-0.84%"
"06/08/2001","1,265.00","1,277.00","1,277.10","1,260.00","-","-0.94%"
"06/07/2001","1,277.00","1,270.00","1,277.10","1,265.10","-","0.55%"
"06/06/2001","1,270.00","1,283.60","1,283.80","1,269.00","-","-1.06%"
"06/05/2001","1,283.60","1,267.10","1,286.60","1,267.10","-","1.30%"
"06/04/2001","1,267.10","1,260.70","1,267.20","1,256.40","-","0.51%"
"06/01/2001","1,260.70","1,255.80","1,265.30","1,246.90","-","0.39%"
"05/31/2001","1,255.80","1,248.10","1,261.90","1,248.10","-","0.62%"
"05/30/2001","1,248.10","1,267.90","1,267.90","1,246.00","-","-1.56%"
"05/29/2001","1,267.90","1,277.90","1,278.40","1,265.40","-","-0.78%"
"05/25/2001","1,277.90","1,293.20","1,293.20","1,276.40","-","-1.18%"
"05/24/2001","1,293.20","1,289.00","1,295.00","1,281.20","-","0.33%"
"05/23/2001","1,289.00","1,309.40","1,309.40","1,288.70","-","-1.56%"
"05/22/2001","1,309.40","1,312.80","1,315.90","1,306.90","-","-0.26%"
"05/21/2001","1,312.80","1,292.00","1,313.00","1,287.90","-","1.61%"
"05/18/2001","1,292.00","1,288.50","1,292.10","1,281.20","-","0.27%"
"05/17/2001","1,288.50","1,285.00","1,296.50","1,282.70","-","0.27%"
"05/16/2001","1,285.00","1,249.40","1,286.40","1,243.00","-","2.85%"
"05/15/2001","1,249.40","1,248.90","1,257.50","1,245.40","-","0.04%"
"05/14/2001","1,248.90","1,245.70","1,249.70","1,241.00","-","0.26%"
"05/11/2001","1,245.70","1,255.20","1,259.80","1,240.80","-","-0.76%"
"05/10/2001","1,255.20","1,255.50","1,268.10","1,254.60","-","-0.02%"
"05/09/2001","1,255.50","1,261.20","1,261.70","1,247.80","-","-0.45%"
"05/08/2001","1,261.20","1,266.70","1,267.00","1,253.00","-","-0.18%"
"05/07/2001","1,263.50","1,266.60","1,270.00","1,259.20","-","-0.24%"
"05/04/2001","1,266.60","1,248.60","1,267.50","1,232.00","-","1.44%"
"05/03/2001","1,248.60","1,267.40","1,267.40","1,239.90","-","-1.48%"
"05/02/2001","1,267.40","1,266.40","1,272.90","1,257.70","-","0.08%"
"05/01/2001","1,266.40","1,249.50","1,266.50","1,243.50","-","1.35%"
"04/30/2001","1,249.50","1,253.00","1,269.30","1,244.00","-","-0.28%"
"04/27/2001","1,253.00","1,234.50","1,253.10","1,234.50","-","1.50%"
"04/26/2001","1,234.50","1,228.80","1,248.30","1,228.80","-","0.46%"
"04/25/2001","1,228.80","1,209.50","1,232.40","1,207.40","-","1.60%"
"04/24/2001","1,209.50","1,224.40","1,233.50","1,208.90","-","-1.22%"
"04/23/2001","1,224.40","1,243.00","1,243.00","1,217.50","-","-1.50%"
"04/20/2001","1,243.00","1,253.70","1,253.70","1,234.40","-","-0.85%"
"04/19/2001","1,253.70","1,238.20","1,253.70","1,233.40","-","1.25%"
"04/18/2001","1,238.20","1,191.80","1,248.40","1,191.80","-","3.89%"
"04/17/2001","1,191.80","1,179.70","1,192.20","1,168.90","-","1.03%"
"04/16/2001","1,179.70","1,183.50","1,184.60","1,167.40","-","-0.32%"
"04/12/2001","1,183.50","1,165.90","1,183.50","1,157.70","-","1.51%"
"04/11/2001","1,165.90","1,168.40","1,182.20","1,160.30","-","-0.21%"
"04/10/2001","1,168.40","1,137.60","1,173.90","1,137.60","-","2.71%"
"04/09/2001","1,137.60","1,128.40","1,146.10","1,126.40","-","0.82%"
"04/06/2001","1,128.40","1,151.40","1,151.40","1,119.30","-","-2.00%"
"04/05/2001","1,151.40","1,103.20","1,151.50","1,103.20","-","4.37%"
"04/04/2001","1,103.20","1,106.50","1,117.50","1,092.00","-","-0.30%"
"04/03/2001","1,106.50","1,145.90","1,145.90","1,100.20","-","-3.44%"
"04/02/2001","1,145.90","1,160.30","1,169.50","1,137.50","-","-1.24%"
"03/30/2001","1,160.30","1,148.00","1,162.80","1,143.80","-","1.07%"
"03/29/2001","1,148.00","1,153.30","1,161.70","1,136.30","-","-0.46%"
"03/28/2001","1,153.30","1,182.20","1,182.20","1,147.80","-","-2.44%"
"03/27/2001","1,182.20","1,152.70","1,183.40","1,151.00","-","2.56%"
"03/26/2001","1,152.70","1,139.80","1,160.00","1,139.80","-","1.13%"
"03/23/2001","1,139.80","1,117.60","1,141.80","1,117.60","-","1.99%"
"03/22/2001","1,117.60","1,122.10","1,124.30","1,081.20","-","-0.40%"
"03/21/2001","1,122.10","1,142.60","1,149.40","1,118.70","-","-1.79%"
"03/20/2001","1,142.60","1,170.80","1,180.60","1,142.20","-","-2.41%"
"03/19/2001","1,170.80","1,150.50","1,173.50","1,147.20","-","1.76%"
"03/16/2001","1,150.50","1,173.60","1,173.60","1,148.60","-","-1.97%"
"03/15/2001","1,173.60","1,166.70","1,182.00","1,166.70","-","0.59%"
"03/14/2001","1,166.70","1,197.70","1,197.70","1,155.30","-","-2.59%"
"03/13/2001","1,197.70","1,180.20","1,197.80","1,171.50","-","1.48%"
"03/12/2001","1,180.20","1,233.40","1,233.40","1,176.80","-","-4.31%"
"03/09/2001","1,233.40","1,264.70","1,264.70","1,228.40","-","-2.47%"
"03/08/2001","1,264.70","1,261.90","1,266.50","1,257.60","-","0.22%"
"03/07/2001","1,261.90","1,253.80","1,263.90","1,253.80","-","0.65%"
"03/06/2001","1,253.80","1,241.40","1,267.40","1,241.40","-","1.00%"
"03/05/2001","1,241.40","1,234.20","1,242.50","1,234.00","-","0.58%"
"03/02/2001","1,234.20","1,241.20","1,251.00","1,219.70","-","-0.56%"
"03/01/2001","1,241.20","1,239.90","1,241.40","1,214.50","-","0.10%"
"02/28/2001","1,239.90","1,257.90","1,263.50","1,229.70","-","-1.43%"
"02/27/2001","1,257.90","1,267.70","1,272.80","1,252.30","-","-0.77%"
"02/26/2001","1,267.70","1,245.90","1,267.70","1,241.70","-","1.75%"
"02/23/2001","1,245.90","1,252.80","1,252.80","1,215.40","-","-0.55%"
"02/22/2001","1,252.80","1,255.30","1,259.90","1,228.30","-","-0.20%"
"02/21/2001","1,255.30","1,278.90","1,283.00","1,253.20","-","-1.85%"
"02/20/2001","1,278.90","1,301.50","1,307.20","1,278.40","-","-1.74%"
"02/16/2001","1,301.50","1,326.60","1,326.60","1,293.20","-","-1.89%"
"02/15/2001","1,326.60","1,315.90","1,331.30","1,315.90","-","0.81%"
"02/14/2001","1,315.90","1,318.80","1,320.70","1,304.70","-","-0.22%"
"02/13/2001","1,318.80","1,330.30","1,336.60","1,317.50","-","-0.86%"
"02/12/2001","1,330.30","1,314.80","1,331.00","1,313.60","-","1.18%"
"02/09/2001","1,314.80","1,332.50","1,332.50","1,310.00","-","-1.33%"
"02/08/2001","1,332.50","1,341.10","1,350.30","1,332.40","-","-0.63%"
"02/07/2001","1,340.90","1,352.30","1,352.30","1,334.30","-","-0.84%"
"02/06/2001","1,352.30","1,354.30","1,363.50","1,350.00","-","-0.15%"
"02/05/2001","1,354.30","1,349.50","1,354.60","1,344.50","-","0.36%"
"02/02/2001","1,349.50","1,373.50","1,376.40","1,348.70","-","-1.75%"
"02/01/2001","1,373.50","1,366.00","1,373.50","1,359.30","-","0.55%"
"01/31/2001","1,366.00","1,373.70","1,383.40","1,364.70","-","-0.56%"
"01/30/2001","1,373.70","1,364.20","1,375.70","1,356.20","-","0.70%"
"01/29/2001","1,364.20","1,354.90","1,365.50","1,350.40","-","0.68%"
"01/26/2001","1,355.00","1,357.50","1,357.50","1,342.80","-","-0.18%"
"01/25/2001","1,357.50","1,364.30","1,367.30","1,354.60","-","-0.50%"
"01/24/2001","1,364.30","1,360.40","1,369.80","1,357.30","-","0.29%"
"01/23/2001","1,360.40","1,342.90","1,362.90","1,339.60","-","1.30%"
"01/22/2001","1,342.90","1,342.50","1,353.60","1,333.80","-","0.03%"
"01/19/2001","1,342.50","1,348.00","1,354.50","1,336.70","-","-0.41%"
"01/18/2001","1,348.00","1,329.90","1,352.70","1,327.40","-","1.39%"
"01/17/2001","1,329.50","1,326.70","1,346.90","1,325.40","-","0.21%"
"01/16/2001","1,326.70","1,318.30","1,327.80","1,313.30","-","0.64%"
"01/12/2001","1,318.30","1,326.80","1,333.20","1,311.60","-","-0.64%"
"01/11/2001","1,326.80","1,313.30","1,332.20","1,309.70","-","1.03%"
"01/10/2001","1,313.30","1,300.80","1,313.80","1,287.30","-","0.96%"
"01/09/2001","1,300.80","1,295.90","1,311.70","1,295.10","-","0.38%"
"01/08/2001","1,295.90","1,298.30","1,298.30","1,276.30","-","-0.18%"
"01/05/2001","1,298.30","1,333.30","1,334.80","1,295.00","-","-2.63%"
"01/04/2001","1,333.30","1,347.60","1,350.20","1,329.10","-","-1.06%"
"01/03/2001","1,347.60","1,283.30","1,347.80","1,274.60","-","5.01%"
"01/02/2001","1,283.30","1,320.30","1,320.30","1,276.00","-","-2.80%"
"12/29/2000","1,320.30","1,334.20","1,340.10","1,317.50","-","-1.04%"
"12/28/2000","1,334.20","1,328.90","1,335.90","1,325.80","-","0.40%"
"12/27/2000","1,328.90","1,315.20","1,332.00","1,311.00","-","1.04%"
"12/26/2000","1,315.20","1,306.00","1,315.90","1,301.60","-","0.70%"
"12/22/2000","1,306.00","1,274.90","1,306.00","1,274.90","-","2.44%"
"12/21/2000","1,274.90","1,264.70","1,285.30","1,254.10","-","0.81%"
"12/20/2000","1,264.70","1,305.60","1,305.60","1,261.20","-","-3.13%"
"12/19/2000","1,305.60","1,323.00","1,346.40","1,305.20","-","-1.29%"
"12/18/2000","1,322.70","1,312.20","1,332.30","1,312.20","-","0.80%"
"12/15/2000","1,312.20","1,340.90","1,340.90","1,305.40","-","-2.14%"
"12/14/2000","1,340.90","1,360.00","1,360.00","1,340.50","-","-1.40%"
"12/13/2000","1,360.00","1,371.20","1,385.80","1,358.50","-","-0.82%"
"12/12/2000","1,371.20","1,380.20","1,380.30","1,370.30","-","-0.65%"
"12/11/2000","1,380.20","1,369.90","1,389.00","1,364.10","-","0.75%"
"12/08/2000","1,369.90","1,343.50","1,380.30","1,343.50","-","1.97%"
"12/07/2000","1,343.50","1,351.50","1,353.50","1,339.30","-","-0.59%"
"12/06/2000","1,351.50","1,376.50","1,376.50","1,346.20","-","-1.82%"
"12/05/2000","1,376.50","1,325.00","1,376.60","1,325.00","-","3.89%"
"12/04/2000","1,325.00","1,315.20","1,332.10","1,310.20","-","0.75%"
"12/01/2000","1,315.20","1,315.00","1,334.70","1,307.00","-","0.02%"
"11/30/2000","1,315.00","1,341.90","1,341.90","1,294.90","-","-2.00%"
"11/29/2000","1,341.90","1,336.10","1,352.40","1,329.30","-","0.43%"
"11/28/2000","1,336.10","1,349.00","1,358.80","1,335.00","-","-0.96%"
"11/27/2000","1,349.00","1,341.80","1,362.50","1,341.80","-","0.54%"
"11/24/2000","1,341.80","1,322.40","1,343.80","1,322.40","-","1.47%"
"11/22/2000","1,322.40","1,347.30","1,347.30","1,321.90","-","-1.85%"
"11/21/2000","1,347.30","1,342.60","1,355.90","1,333.60","-","0.35%"
"11/20/2000","1,342.60","1,367.70","1,367.70","1,341.70","-","-1.84%"
"11/17/2000","1,367.70","1,372.30","1,384.80","1,355.50","-","-0.34%"
"11/16/2000","1,372.30","1,389.80","1,394.70","1,370.40","-","-1.26%"
"11/15/2000","1,389.80","1,383.00","1,396.00","1,374.80","-","0.49%"
"11/14/2000","1,383.00","1,351.30","1,390.10","1,351.30","-","2.35%"
"11/13/2000","1,351.30","1,366.00","1,366.00","1,328.60","-","-1.08%"
"11/10/2000","1,366.00","1,400.10","1,400.10","1,366.00","-","-2.44%"
"11/09/2000","1,400.10","1,409.30","1,409.30","1,369.70","-","-0.65%"
"11/08/2000","1,409.30","1,431.90","1,437.30","1,408.80","-","-1.58%"
"11/07/2000","1,431.90","1,432.20","1,436.20","1,423.30","-","-0.02%"
"11/06/2000","1,432.20","1,428.80","1,438.50","1,427.70","-","0.39%"
"11/03/2000","1,426.70","1,428.30","1,433.20","1,420.90","-","-0.11%"
"11/02/2000","1,428.30","1,421.20","1,433.30","1,421.10","-","0.50%"
"11/01/2000","1,421.20","1,429.40","1,429.60","1,410.50","-","-0.57%"
"10/31/2000","1,429.40","1,398.70","1,432.20","1,398.70","-","2.19%"
"10/30/2000","1,398.70","1,379.60","1,406.40","1,376.90","-","1.38%"
"10/27/2000","1,379.60","1,364.40","1,384.60","1,364.10","-","1.11%"
"10/26/2000","1,364.40","1,364.90","1,372.70","1,337.80","-","-0.04%"
"10/25/2000","1,364.90","1,398.10","1,398.10","1,362.20","-","-2.37%"
"10/24/2000","1,398.10","1,395.80","1,415.60","1,388.10","-","0.16%"
"10/23/2000","1,395.80","1,396.90","1,407.00","1,387.80","-","-0.08%"
"10/20/2000","1,396.90","1,388.80","1,408.50","1,382.20","-","0.58%"
"10/19/2000","1,388.80","1,342.10","1,389.90","1,342.10","-","3.48%"
"10/18/2000","1,342.10","1,350.00","1,356.70","1,305.80","-","-0.59%"
"10/17/2000","1,350.00","1,374.60","1,381.00","1,342.30","-","-1.79%"
"10/16/2000","1,374.60","1,374.20","1,379.50","1,365.10","-","0.03%"
"10/13/2000","1,374.20","1,329.80","1,374.20","1,326.80","-","3.34%"
"10/12/2000","1,329.80","1,364.60","1,374.90","1,328.10","-","-2.55%"
"10/11/2000","1,364.60","1,387.00","1,387.00","1,349.70","-","-1.61%"
"10/10/2000","1,387.00","1,402.00","1,408.80","1,383.80","-","-1.07%"
"10/09/2000","1,402.00","1,409.00","1,409.70","1,392.50","-","-0.50%"
"10/06/2000","1,409.00","1,436.30","1,443.30","1,397.10","-","-1.90%"
"10/05/2000","1,436.30","1,434.30","1,444.20","1,431.80","-","0.14%"
"10/04/2000","1,434.30","1,426.50","1,440.00","1,416.30","-","0.55%"
"10/03/2000","1,426.50","1,436.20","1,454.80","1,425.30","-","-0.68%"
"10/02/2000","1,436.20","1,436.50","1,445.50","1,429.80","-","-0.02%"
"09/29/2000","1,436.50","1,458.30","1,458.30","1,436.50","-","-1.49%"
"09/28/2000","1,458.30","1,426.60","1,461.70","1,425.80","-","2.22%"
"09/27/2000","1,426.60","1,427.20","1,436.70","1,419.50","-","-0.04%"
"09/26/2000","1,427.20","1,439.00","1,447.70","1,425.30","-","-0.82%"
"09/25/2000","1,439.00","1,448.70","1,457.40","1,436.10","-","-0.67%"
"09/22/2000","1,448.70","1,449.00","1,449.40","1,421.90","-","-0.02%"
"09/21/2000","1,449.00","1,451.30","1,452.90","1,436.20","-","-0.16%"
"09/20/2000","1,451.30","1,459.90","1,460.70","1,431.00","-","-0.59%"
"09/19/2000","1,459.90","1,444.50","1,461.00","1,444.50","-","1.07%"
"09/18/2000","1,444.50","1,465.80","1,467.90","1,441.80","-","-1.45%"
"09/15/2000","1,465.80","1,480.90","1,481.00","1,460.20","-","-1.02%"
"09/14/2000","1,480.90","1,484.90","1,494.30","1,476.80","-","-0.27%"
"09/13/2000","1,484.90","1,482.00","1,487.40","1,474.00","-","0.20%"
"09/12/2000","1,482.00","1,489.30","1,496.60","1,479.90","-","-0.49%"
"09/11/2000","1,489.30","1,494.50","1,506.60","1,483.00","-","-0.35%"
"09/08/2000","1,494.50","1,502.50","1,502.50","1,489.90","-","-0.53%"
"09/07/2000","1,502.50","1,492.20","1,505.20","1,492.20","-","0.69%"
"09/06/2000","1,492.20","1,507.10","1,512.40","1,492.20","-","-0.99%"
"09/05/2000","1,507.10","1,520.80","1,520.80","1,504.20","-","-0.90%"
"09/01/2000","1,520.80","1,517.70","1,530.00","1,515.60","-","0.20%"
"08/31/2000","1,517.70","1,502.60","1,525.30","1,502.60","-","1.00%"
"08/30/2000","1,502.60","1,509.80","1,510.40","1,500.10","-","-0.48%"
"08/29/2000","1,509.80","1,514.10","1,514.80","1,505.50","-","-0.28%"
"08/28/2000","1,514.10","1,507.00","1,523.90","1,506.50","-","0.50%"
"08/25/2000","1,506.50","1,508.30","1,513.40","1,505.20","-","-0.12%"
"08/24/2000","1,508.30","1,506.00","1,511.20","1,501.30","-","0.15%"
"08/23/2000","1,506.00","1,498.10","1,507.30","1,489.40","-","0.53%"
"08/22/2000","1,498.10","1,499.50","1,508.20","1,497.60","-","-0.09%"
"08/21/2000","1,499.50","1,491.70","1,503.00","1,491.10","-","0.52%"
"08/18/2000","1,491.70","1,496.10","1,499.50","1,488.90","-","-0.29%"
"08/17/2000","1,496.10","1,479.80","1,499.50","1,479.80","-","1.10%"
"08/16/2000","1,479.80","1,484.40","1,494.70","1,475.80","-","-0.31%"
"08/15/2000","1,484.40","1,491.60","1,493.00","1,482.80","-","-0.48%"
"08/14/2000","1,491.60","1,471.80","1,491.60","1,468.60","-","1.35%"
"08/11/2000","1,471.80","1,460.20","1,475.60","1,452.90","-","0.79%"
"08/10/2000","1,460.20","1,472.90","1,475.20","1,459.90","-","-0.86%"
"08/09/2000","1,472.90","1,482.80","1,490.30","1,471.20","-","-0.67%"
"08/08/2000","1,482.80","1,479.30","1,484.50","1,472.60","-","0.24%"
"08/07/2000","1,479.30","1,462.90","1,480.90","1,460.80","-","1.12%"
"08/04/2000","1,462.90","1,452.60","1,462.90","1,451.50","-","0.71%"
"08/03/2000","1,452.60","1,438.70","1,454.30","1,426.00","-","0.97%"
"08/02/2000","1,438.70","1,438.10","1,451.60","1,433.50","-","0.04%"
"08/01/2000","1,438.10","1,430.80","1,443.50","1,428.80","-","0.51%"
"07/31/2000","1,430.80","1,419.90","1,437.60","1,418.30","-","0.77%"
"07/28/2000","1,419.90","1,449.60","1,456.30","1,414.20","-","-2.05%"
"07/27/2000","1,449.60","1,452.40","1,464.80","1,445.30","-","-0.19%"
"07/26/2000","1,452.40","1,474.50","1,474.50","1,452.40","-","-1.50%"
"07/25/2000","1,474.50","1,464.30","1,476.30","1,464.30","-","0.70%"
"07/24/2000","1,464.30","1,480.20","1,485.80","1,463.80","-","-1.07%"
"07/21/2000","1,480.20","1,495.60","1,495.60","1,478.00","-","-1.03%"
"07/20/2000","1,495.60","1,482.00","1,501.90","1,482.00","-","0.92%"
"07/19/2000","1,482.00","1,493.70","1,495.50","1,479.80","-","-0.78%"
"07/18/2000","1,493.70","1,510.50","1,510.50","1,491.40","-","-1.11%"
"07/17/2000","1,510.50","1,510.00","1,517.20","1,505.30","-","0.03%"
"07/14/2000","1,510.00","1,495.80","1,510.00","1,494.70","-","0.95%"
"07/13/2000","1,495.80","1,492.90","1,501.40","1,489.70","-","0.19%"
"07/12/2000","1,492.90","1,480.90","1,497.50","1,480.90","-","0.81%"
"07/11/2000","1,480.90","1,475.60","1,488.90","1,470.50","-","0.36%"
"07/10/2000","1,475.60","1,478.90","1,486.50","1,474.70","-","-0.22%"
"07/07/2000","1,478.90","1,456.70","1,485.20","1,456.70","-","1.52%"
"07/06/2000","1,456.70","1,446.20","1,461.70","1,439.60","-","0.73%"
"07/05/2000","1,446.20","1,469.50","1,469.50","1,442.50","-","-1.59%"
"07/03/2000","1,469.50","1,454.60","1,469.80","1,450.80","-","1.02%"
"06/30/2000","1,454.60","1,442.40","1,454.70","1,438.80","-","0.85%"
"06/29/2000","1,442.40","1,454.80","1,455.20","1,434.60","-","-0.85%"
"06/28/2000","1,454.80","1,450.50","1,467.60","1,450.50","-","0.30%"
"06/27/2000","1,450.50","1,455.30","1,463.30","1,450.50","-","-0.33%"
"06/26/2000","1,455.30","1,441.50","1,462.30","1,441.50","-","0.96%"
"06/23/2000","1,441.50","1,452.20","1,459.80","1,438.30","-","-0.74%"
"06/22/2000","1,452.20","1,479.10","1,479.10","1,448.10","-","-1.82%"
"06/21/2000","1,479.10","1,476.00","1,482.20","1,468.50","-","0.21%"
"06/20/2000","1,476.00","1,486.00","1,487.20","1,470.20","-","-0.67%"
"06/19/2000","1,486.00","1,464.50","1,489.00","1,459.00","-","1.47%"
"06/16/2000","1,464.50","1,478.70","1,481.00","1,460.30","-","-0.96%"
"06/15/2000","1,478.70","1,470.50","1,482.00","1,464.50","-","0.56%"
"06/14/2000","1,470.50","1,469.40","1,483.60","1,467.80","-","0.07%"
"06/13/2000","1,469.40","1,446.00","1,470.40","1,442.50","-","1.62%"
"06/12/2000","1,446.00","1,457.00","1,463.00","1,446.00","-","-0.75%"
"06/09/2000","1,457.00","1,461.70","1,472.70","1,454.90","-","-0.32%"
"06/08/2000","1,461.70","1,471.40","1,475.60","1,456.50","-","-0.66%"
"06/07/2000","1,471.40","1,457.80","1,474.60","1,455.20","-","0.93%"
"06/06/2000","1,457.80","1,467.60","1,471.30","1,454.80","-","-0.67%"
"06/05/2000","1,467.60","1,477.30","1,477.30","1,464.70","-","-0.66%"
"06/02/2000","1,477.30","1,448.80","1,483.40","1,448.80","-","1.97%"
"06/01/2000","1,448.80","1,420.60","1,448.80","1,420.60","-","1.99%"
"05/31/2000","1,420.60","1,422.40","1,434.60","1,415.40","-","-0.13%"
"05/30/2000","1,422.50","1,378.00","1,422.50","1,377.80","-","3.23%"
"05/26/2000","1,378.00","1,381.50","1,391.50","1,369.80","-","-0.25%"
"05/25/2000","1,381.50","1,399.00","1,411.90","1,374.00","-","-1.25%"
"05/24/2000","1,399.00","1,373.90","1,401.40","1,361.20","-","1.83%"
"05/23/2000","1,373.90","1,400.70","1,403.80","1,373.40","-","-1.91%"
"05/22/2000","1,400.70","1,407.00","1,410.30","1,368.60","-","-0.45%"
"05/19/2000","1,407.00","1,437.20","1,437.20","1,401.70","-","-2.10%"
"05/18/2000","1,437.20","1,447.80","1,458.00","1,436.70","-","-0.73%"
"05/17/2000","1,447.80","1,466.00","1,466.00","1,441.60","-","-1.24%"
"05/16/2000","1,466.00","1,452.40","1,470.40","1,450.80","-","0.94%"
"05/15/2000","1,452.40","1,421.00","1,452.40","1,417.00","-","2.21%"
"05/12/2000","1,421.00","1,407.80","1,430.20","1,407.80","-","0.94%"
"05/11/2000","1,407.80","1,383.00","1,410.20","1,383.00","-","1.79%"
"05/10/2000","1,383.00","1,412.10","1,412.10","1,375.20","-","-2.06%"
"05/09/2000","1,412.10","1,424.20","1,429.80","1,401.90","-","-0.85%"
"05/08/2000","1,424.20","1,432.60","1,432.60","1,416.90","-","-0.59%"
"05/05/2000","1,432.60","1,409.60","1,435.90","1,405.20","-","1.63%"
"05/04/2000","1,409.60","1,415.10","1,420.50","1,405.00","-","-0.39%"
"05/03/2000","1,415.10","1,446.30","1,446.30","1,398.40","-","-2.16%"
"05/02/2000","1,446.30","1,468.20","1,468.20","1,445.10","-","-1.49%"
"05/01/2000","1,468.20","1,452.40","1,481.40","1,452.40","-","1.09%"
"04/28/2000","1,452.40","1,464.90","1,473.40","1,448.50","-","-0.85%"
"04/27/2000","1,464.90","1,461.00","1,469.10","1,434.80","-","0.27%"
"04/26/2000","1,461.00","1,477.40","1,482.80","1,457.30","-","-1.11%"
"04/25/2000","1,477.40","1,429.90","1,477.70","1,429.90","-","3.32%"
"04/24/2000","1,429.90","1,434.50","1,434.50","1,407.20","-","-0.32%"
"04/20/2000","1,434.50","1,427.50","1,435.40","1,422.00","-","0.49%"
"04/19/2000","1,427.50","1,441.60","1,447.70","1,425.30","-","-0.98%"
"04/18/2000","1,441.60","1,401.40","1,441.60","1,397.60","-","2.87%"
"04/17/2000","1,401.40","1,356.60","1,401.50","1,346.70","-","3.30%"
"04/14/2000","1,356.60","1,440.50","1,440.50","1,339.40","-","-5.82%"
"04/13/2000","1,440.50","1,467.20","1,477.40","1,440.30","-","-1.82%"
"04/12/2000","1,467.20","1,500.60","1,510.60","1,466.20","-","-2.23%"
"04/11/2000","1,500.60","1,504.50","1,512.80","1,486.80","-","-0.26%"
"04/10/2000","1,504.50","1,516.30","1,527.10","1,503.00","-","-0.78%"
"04/07/2000","1,516.30","1,501.30","1,518.70","1,501.30","-","1.00%"
"04/06/2000","1,501.30","1,487.40","1,511.80","1,487.40","-","0.93%"
"04/05/2000","1,487.40","1,494.70","1,506.50","1,478.10","-","-0.49%"
"04/04/2000","1,494.70","1,506.00","1,526.20","1,417.20","-","-0.75%"
"04/03/2000","1,506.00","1,498.60","1,507.10","1,487.10","-","0.49%"
"03/31/2000","1,498.60","1,487.90","1,519.80","1,484.50","-","0.72%"
"03/30/2000","1,487.90","1,508.50","1,517.40","1,474.60","-","-1.37%"
"03/29/2000","1,508.50","1,507.70","1,521.40","1,497.30","-","0.05%"
"03/28/2000","1,507.70","1,523.90","1,527.20","1,507.20","-","-1.06%"
"03/27/2000","1,523.90","1,527.50","1,534.70","1,518.60","-","-0.24%"
"03/24/2000","1,527.50","1,527.30","1,553.10","1,516.80","-","0.01%"
"03/23/2000","1,527.30","1,500.60","1,532.10","1,493.80","-","1.78%"
"03/22/2000","1,500.60","1,493.90","1,505.00","1,487.40","-","0.45%"
"03/21/2000","1,493.90","1,456.60","1,493.90","1,446.00","-","2.56%"
"03/20/2000","1,456.60","1,464.50","1,470.20","1,448.40","-","-0.54%"
"03/17/2000","1,464.50","1,458.50","1,476.60","1,453.20","-","0.41%"
"03/16/2000","1,458.50","1,392.20","1,458.50","1,392.20","-","4.76%"
"03/15/2000","1,392.20","1,359.20","1,398.00","1,357.00","-","2.43%"
"03/14/2000","1,359.20","1,383.60","1,395.30","1,359.10","-","-1.76%"
"03/13/2000","1,383.60","1,395.10","1,398.50","1,365.30","-","-0.82%"
"03/10/2000","1,395.10","1,401.70","1,413.40","1,392.10","-","-0.47%"
"03/09/2000","1,401.70","1,366.70","1,401.80","1,357.80","-","2.56%"
"03/08/2000","1,366.70","1,355.60","1,373.60","1,346.50","-","0.82%"
"03/07/2000","1,355.60","1,391.30","1,399.60","1,349.60","-","-2.57%"
"03/06/2000","1,391.30","1,409.20","1,409.80","1,384.80","-","-1.27%"
"03/03/2000","1,409.20","1,381.80","1,410.90","1,381.80","-","1.98%"
"03/02/2000","1,381.80","1,379.20","1,386.90","1,370.30","-","0.19%"
"03/01/2000","1,379.20","1,366.40","1,383.00","1,366.40","-","0.94%"
"02/29/2000","1,366.40","1,348.00","1,369.50","1,348.00","-","1.36%"
"02/28/2000","1,348.00","1,333.40","1,360.80","1,325.00","-","1.09%"
"02/25/2000","1,333.40","1,353.40","1,362.10","1,329.10","-","-1.48%"
"02/24/2000","1,353.40","1,360.70","1,364.50","1,329.90","-","-0.54%"
"02/23/2000","1,360.70","1,352.20","1,370.10","1,342.40","-","0.63%"
"02/22/2000","1,352.20","1,346.10","1,358.10","1,332.00","-","0.45%"
"02/18/2000","1,346.10","1,388.30","1,388.30","1,345.30","-","-3.04%"
"02/17/2000","1,388.30","1,387.70","1,399.80","1,380.10","-","0.04%"
"02/16/2000","1,387.70","1,402.00","1,404.70","1,385.60","-","-1.02%"
"02/15/2000","1,402.00","1,389.90","1,407.80","1,376.20","-","0.87%"
"02/14/2000","1,389.90","1,387.10","1,394.90","1,380.50","-","0.20%"
"02/11/2000","1,387.10","1,416.80","1,416.80","1,379.20","-","-2.10%"
"02/10/2000","1,416.80","1,411.70","1,422.00","1,406.40","-","0.36%"
"02/09/2000","1,411.70","1,443.30","1,444.40","1,411.60","-","-2.08%"
"02/08/2000","1,441.70","1,424.20","1,442.00","1,424.20","-","1.23%"
"02/07/2000","1,424.20","1,424.40","1,427.20","1,413.30","-","-0.01%"
"02/04/2000","1,424.40","1,425.00","1,436.00","1,420.50","-","-0.04%"
"02/03/2000","1,425.00","1,409.10","1,425.80","1,398.50","-","1.13%"
"02/02/2000","1,409.10","1,409.30","1,420.50","1,403.20","-","-0.01%"
"02/01/2000","1,409.30","1,394.50","1,412.60","1,384.80","-","1.06%"
"01/31/2000","1,394.50","1,360.20","1,394.50","1,350.00","-","2.52%"
"01/28/2000","1,360.20","1,398.60","1,398.60","1,356.10","-","-2.75%"
"01/27/2000","1,398.60","1,404.10","1,419.00","1,380.50","-","-0.39%"
"01/26/2000","1,404.10","1,410.00","1,412.50","1,400.10","-","-0.42%"
"01/25/2000","1,410.00","1,401.50","1,414.30","1,388.50","-","0.61%"
"01/24/2000","1,401.50","1,441.40","1,454.20","1,395.40","-","-2.77%"
"01/21/2000","1,441.40","1,445.60","1,452.80","1,439.50","-","-0.29%"
"01/20/2000","1,445.60","1,455.90","1,465.60","1,438.60","-","-0.71%"
"01/19/2000","1,455.90","1,455.10","1,462.20","1,448.70","-","0.05%"
"01/18/2000","1,455.10","1,465.20","1,465.20","1,451.20","-","-0.69%"
"01/14/2000","1,465.20","1,449.70","1,473.00","1,449.70","-","1.07%"
"01/13/2000","1,449.70","1,432.20","1,454.60","1,432.20","-","1.22%"
"01/12/2000","1,432.20","1,439.10","1,445.30","1,427.30","-","-0.44%"
"01/11/2000","1,438.60","1,457.60","1,458.80","1,434.40","-","-1.30%"
"01/10/2000","1,457.60","1,441.50","1,464.40","1,441.50","-","1.12%"
"01/07/2000","1,441.50","1,403.50","1,441.50","1,400.50","-","2.71%"
"01/06/2000","1,403.50","1,402.10","1,411.90","1,392.00","-","0.10%"
"01/05/2000","1,402.10","1,399.40","1,413.30","1,377.70","-","0.19%"
"01/04/2000","1,399.40","1,455.20","1,455.20","1,397.40","-","-3.83%"
"01/03/2000","1,455.20","1,469.20","1,478.00","1,438.40","-","-0.95%"
"12/31/1999","1,469.20","1,464.50","1,472.40","1,463.40","-","0.32%"
"12/30/1999","1,464.50","1,463.50","1,473.10","1,462.60","-","0.07%"
"12/29/1999","1,463.50","1,457.70","1,466.00","1,457.70","-","0.40%"
"12/28/1999","1,457.70","1,457.10","1,462.70","1,452.70","-","0.04%"
"12/27/1999","1,457.10","1,458.30","1,463.10","1,450.70","-","-0.08%"
"12/23/1999","1,458.30","1,436.10","1,461.40","1,436.10","-","1.55%"
"12/22/1999","1,436.10","1,433.40","1,440.20","1,429.20","-","0.19%"
"12/21/1999","1,433.40","1,418.10","1,436.50","1,414.90","-","1.08%"
"12/20/1999","1,418.10","1,421.00","1,429.20","1,411.00","-","-0.20%"
"12/17/1999","1,421.00","1,418.80","1,431.10","1,418.80","-","0.16%"
"12/16/1999","1,418.80","1,413.30","1,421.90","1,408.40","-","0.39%"
"12/15/1999","1,413.30","1,403.20","1,417.40","1,396.20","-","0.72%"
"12/14/1999","1,403.20","1,415.20","1,418.40","1,401.60","-","-0.85%"
"12/13/1999","1,415.20","1,417.00","1,421.50","1,410.10","-","-0.13%"
"12/10/1999","1,417.00","1,408.10","1,421.60","1,405.60","-","0.63%"
"12/09/1999","1,408.10","1,403.90","1,418.40","1,391.50","-","0.30%"
"12/08/1999","1,403.90","1,409.20","1,415.70","1,403.80","-","-0.38%"
"12/07/1999","1,409.20","1,423.30","1,426.60","1,409.20","-","-0.99%"
"12/06/1999","1,423.30","1,433.30","1,434.20","1,418.20","-","-0.70%"
"12/03/1999","1,433.30","1,409.00","1,447.40","1,409.00","-","1.72%"
"12/02/1999","1,409.00","1,397.70","1,409.00","1,397.70","-","0.81%"
"12/01/1999","1,397.70","1,388.90","1,400.00","1,387.50","-","0.63%"
"11/30/1999","1,388.90","1,407.80","1,410.60","1,387.00","-","-1.34%"
"11/29/1999","1,407.80","1,416.60","1,416.60","1,404.20","-","-0.62%"
"11/26/1999","1,416.60","1,417.10","1,425.20","1,416.10","-","-0.04%"
"11/24/1999","1,417.10","1,404.60","1,419.70","1,399.20","-","0.89%"
"11/23/1999","1,404.60","1,420.90","1,423.90","1,402.20","-","-1.15%"
"11/22/1999","1,420.90","1,422.00","1,425.00","1,412.40","-","-0.08%"
"11/19/1999","1,422.00","1,424.90","1,424.90","1,417.50","-","-0.20%"
"11/18/1999","1,424.90","1,410.70","1,425.30","1,410.70","-","1.01%"
"11/17/1999","1,410.70","1,420.10","1,423.40","1,410.50","-","-0.66%"
"11/16/1999","1,420.10","1,394.40","1,420.40","1,394.40","-","1.84%"
"11/15/1999","1,394.40","1,396.10","1,398.60","1,392.30","-","-0.12%"
"11/12/1999","1,396.10","1,381.50","1,396.10","1,368.50","-","1.06%"
"11/11/1999","1,381.50","1,373.50","1,382.10","1,372.20","-","0.58%"
"11/10/1999","1,373.50","1,365.30","1,379.20","1,360.00","-","0.60%"
"11/09/1999","1,365.30","1,377.00","1,383.80","1,361.50","-","-0.85%"
"11/08/1999","1,377.00","1,370.20","1,380.80","1,365.90","-","0.50%"
"11/05/1999","1,370.20","1,362.60","1,387.50","1,362.60","-","0.56%"
"11/04/1999","1,362.60","1,354.90","1,369.40","1,354.90","-","0.57%"
"11/03/1999","1,354.90","1,347.70","1,360.30","1,347.70","-","0.53%"
"11/02/1999","1,347.70","1,354.10","1,369.30","1,346.40","-","-0.47%"
"11/01/1999","1,354.10","1,362.90","1,367.30","1,354.00","-","-0.65%"
"10/29/1999","1,362.90","1,342.40","1,373.20","1,342.40","-","1.53%"
"10/28/1999","1,342.40","1,296.70","1,342.50","1,296.70","-","3.52%"
"10/27/1999","1,296.70","1,281.90","1,299.40","1,280.50","-","1.15%"
"10/26/1999","1,281.90","1,293.60","1,303.50","1,281.90","-","-0.90%"
"10/25/1999","1,293.60","1,301.70","1,301.70","1,286.10","-","-0.62%"
"10/22/1999","1,301.70","1,283.60","1,308.80","1,283.60","-","1.41%"
"10/21/1999","1,283.60","1,289.40","1,289.40","1,265.60","-","-0.45%"
"10/20/1999","1,289.40","1,261.30","1,289.40","1,261.30","-","2.23%"
"10/19/1999","1,261.30","1,254.10","1,279.30","1,254.10","-","0.57%"
"10/18/1999","1,254.10","1,247.40","1,254.20","1,233.70","-","0.54%"
"10/15/1999","1,247.40","1,283.40","1,283.40","1,245.40","-","-2.81%"
"10/14/1999","1,283.40","1,285.50","1,289.60","1,267.60","-","-0.16%"
"10/13/1999","1,285.50","1,313.00","1,313.00","1,282.80","-","-2.09%"
"10/12/1999","1,313.00","1,335.20","1,335.20","1,311.80","-","-1.66%"
"10/11/1999","1,335.20","1,336.00","1,344.30","1,324.40","-","-0.06%"
"10/08/1999","1,336.00","1,317.60","1,336.60","1,311.90","-","1.40%"
"10/07/1999","1,317.60","1,325.40","1,328.00","1,314.10","-","-0.59%"
"10/06/1999","1,325.40","1,301.30","1,325.50","1,300.40","-","1.85%"
"10/05/1999","1,301.30","1,304.60","1,316.40","1,286.40","-","-0.25%"
"10/04/1999","1,304.60","1,282.80","1,304.60","1,282.80","-","1.70%"
"10/01/1999","1,282.80","1,282.70","1,283.20","1,265.80","-","0.01%"
"09/30/1999","1,282.70","1,268.40","1,291.30","1,268.40","-","1.13%"
"09/29/1999","1,268.40","1,282.20","1,288.80","1,268.20","-","-1.08%"
"09/28/1999","1,282.20","1,283.30","1,285.50","1,256.30","-","-0.09%"
"09/27/1999","1,283.30","1,277.40","1,295.00","1,277.40","-","0.46%"
"09/24/1999","1,277.40","1,280.40","1,281.20","1,263.80","-","-0.23%"
"09/23/1999","1,280.40","1,310.50","1,315.20","1,277.30","-","-2.30%"
"09/22/1999","1,310.50","1,307.60","1,316.20","1,297.80","-","0.22%"
"09/21/1999","1,307.60","1,335.50","1,335.50","1,302.00","-","-2.09%"
"09/20/1999","1,335.50","1,335.40","1,338.40","1,330.60","-","0.01%"
"09/17/1999","1,335.40","1,318.50","1,337.60","1,318.50","-","1.28%"
"09/16/1999","1,318.50","1,318.00","1,322.50","1,300.00","-","0.04%"
"09/15/1999","1,318.00","1,336.30","1,347.20","1,318.00","-","-1.37%"
"09/14/1999","1,336.30","1,344.10","1,344.20","1,330.60","-","-0.58%"
"09/13/1999","1,344.10","1,351.70","1,351.70","1,341.70","-","-0.56%"
"09/10/1999","1,351.70","1,347.70","1,357.70","1,346.10","-","0.30%"
"09/09/1999","1,347.70","1,344.20","1,347.70","1,333.90","-","0.26%"
"09/08/1999","1,344.20","1,343.40","1,355.20","1,337.40","-","-0.47%"
"09/07/1999","1,350.50","1,357.20","1,361.30","1,349.60","-","-0.49%"
"09/03/1999","1,357.20","1,319.10","1,357.70","1,319.10","-","2.89%"
"09/02/1999","1,319.10","1,331.10","1,331.10","1,304.90","-","-0.90%"
"09/01/1999","1,331.10","1,320.40","1,331.20","1,320.40","-","0.81%"
"08/31/1999","1,320.40","1,324.00","1,333.30","1,307.00","-","-0.27%"
"08/30/1999","1,324.00","1,348.30","1,350.70","1,322.80","-","-1.80%"
"08/27/1999","1,348.30","1,362.00","1,365.60","1,347.30","-","-1.01%"
"08/26/1999","1,362.00","1,381.80","1,381.80","1,361.50","-","-1.43%"
"08/25/1999","1,381.80","1,363.50","1,382.80","1,359.20","-","1.34%"
"08/24/1999","1,363.50","1,360.20","1,373.30","1,353.60","-","0.24%"
"08/23/1999","1,360.20","1,336.60","1,360.20","1,336.60","-","1.77%"
"08/20/1999","1,336.60","1,323.60","1,336.60","1,323.60","-","0.98%"
"08/19/1999","1,323.60","1,332.80","1,332.80","1,315.30","-","-0.69%"
"08/18/1999","1,332.80","1,344.20","1,344.20","1,332.10","-","-0.85%"
"08/17/1999","1,344.20","1,330.80","1,344.20","1,328.80","-","1.01%"
"08/16/1999","1,330.80","1,327.70","1,331.00","1,320.50","-","0.23%"
"08/13/1999","1,327.70","1,298.20","1,327.70","1,298.20","-","2.27%"
"08/12/1999","1,298.20","1,301.90","1,313.60","1,298.10","-","-0.28%"
"08/11/1999","1,301.90","1,281.40","1,301.90","1,281.40","-","1.60%"
"08/10/1999","1,281.40","1,297.80","1,298.60","1,267.70","-","-1.26%"
"08/09/1999","1,297.80","1,300.30","1,306.70","1,296.00","-","-0.19%"
"08/06/1999","1,300.30","1,313.70","1,316.70","1,293.20","-","-1.02%"
"08/05/1999","1,313.70","1,305.30","1,313.70","1,287.20","-","0.64%"
"08/04/1999","1,305.30","1,322.20","1,330.20","1,304.50","-","-1.28%"
"08/03/1999","1,322.20","1,328.00","1,336.10","1,314.90","-","-0.44%"
"08/02/1999","1,328.00","1,328.70","1,344.70","1,325.20","-","-0.05%"
"07/30/1999","1,328.70","1,341.00","1,350.90","1,328.50","-","-0.92%"
"07/29/1999","1,341.00","1,365.40","1,365.40","1,332.60","-","-1.79%"
"07/28/1999","1,365.40","1,362.80","1,370.40","1,355.60","-","0.19%"
"07/27/1999","1,362.80","1,351.00","1,368.70","1,347.80","-","1.11%"
"07/26/1999","1,347.80","1,356.90","1,358.60","1,346.20","-","-0.67%"
"07/23/1999","1,356.90","1,361.00","1,367.40","1,349.90","-","-0.30%"
"07/22/1999","1,361.00","1,379.30","1,379.30","1,354.00","-","-1.33%"
"07/21/1999","1,379.30","1,377.10","1,386.70","1,372.60","-","0.16%"
"07/20/1999","1,377.10","1,407.70","1,407.70","1,375.20","-","-2.17%"
"07/19/1999","1,407.70","1,418.80","1,420.30","1,404.60","-","-0.78%"
"07/16/1999","1,418.80","1,409.60","1,418.80","1,407.10","-","0.65%"
"07/15/1999","1,409.60","1,398.20","1,409.80","1,398.20","-","0.82%"
"07/14/1999","1,398.20","1,393.60","1,400.00","1,386.50","-","0.33%"
"07/13/1999","1,393.60","1,399.10","1,399.10","1,386.80","-","-0.39%"
"07/12/1999","1,399.10","1,403.30","1,406.80","1,394.70","-","-0.30%"
"07/09/1999","1,403.30","1,394.40","1,403.30","1,394.40","-","0.64%"
"07/08/1999","1,394.40","1,395.90","1,403.20","1,386.70","-","-0.11%"
"07/07/1999","1,395.90","1,388.10","1,395.90","1,385.00","-","0.56%"
"07/06/1999","1,388.10","1,391.20","1,405.30","1,387.10","-","-0.22%"
"07/02/1999","1,391.20","1,381.00","1,391.20","1,379.60","-","0.74%"
"07/01/1999","1,381.00","1,372.70","1,382.80","1,360.80","-","0.60%"
"06/30/1999","1,372.70","1,351.50","1,372.90","1,338.80","-","1.57%"
"06/29/1999","1,351.50","1,331.30","1,351.50","1,328.40","-","1.52%"
"06/28/1999","1,331.30","1,315.30","1,338.70","1,315.30","-","1.22%"
"06/25/1999","1,315.30","1,315.80","1,329.10","1,312.60","-","-0.04%"
"06/24/1999","1,315.80","1,333.10","1,333.10","1,308.50","-","-1.30%"
"06/23/1999","1,333.10","1,335.90","1,335.90","1,322.50","-","-0.21%"
"06/22/1999","1,335.90","1,349.00","1,351.10","1,335.50","-","-0.97%"
"06/21/1999","1,349.00","1,342.80","1,349.10","1,337.60","-","0.46%"
"06/18/1999","1,342.80","1,339.90","1,344.50","1,333.50","-","0.22%"
"06/17/1999","1,339.90","1,330.40","1,343.50","1,322.80","-","0.71%"
"06/16/1999","1,330.40","1,301.20","1,332.80","1,301.20","-","2.24%"
"06/15/1999","1,301.20","1,294.00","1,310.80","1,294.00","-","0.56%"
"06/14/1999","1,294.00","1,293.60","1,302.00","1,292.20","-","0.03%"
"06/11/1999","1,293.60","1,302.80","1,312.00","1,287.90","-","-0.71%"
"06/10/1999","1,302.80","1,318.60","1,318.60","1,293.30","-","-1.20%"
"06/09/1999","1,318.60","1,317.30","1,326.00","1,314.70","-","0.10%"
"06/08/1999","1,317.30","1,334.50","1,334.50","1,312.80","-","-1.29%"
"06/07/1999","1,334.50","1,327.80","1,336.40","1,325.90","-","0.50%"
"06/04/1999","1,327.80","1,299.50","1,327.80","1,299.50","-","2.18%"
"06/03/1999","1,299.50","1,294.80","1,304.20","1,294.20","-","0.36%"
"06/02/1999","1,294.80","1,294.30","1,297.10","1,277.50","-","0.04%"
"06/01/1999","1,294.30","1,301.80","1,301.80","1,281.40","-","-0.58%"
"05/28/1999","1,301.80","1,281.40","1,304.00","1,281.40","-","1.59%"
"05/27/1999","1,281.40","1,304.80","1,304.80","1,277.30","-","-1.79%"
"05/26/1999","1,304.80","1,284.40","1,304.80","1,278.40","-","1.59%"
"05/25/1999","1,284.40","1,306.70","1,317.50","1,284.40","-","-1.71%"
"05/24/1999","1,306.70","1,330.30","1,333.00","1,303.50","-","-1.77%"
"05/21/1999","1,330.30","1,338.80","1,340.90","1,326.20","-","-0.63%"
"05/20/1999","1,338.80","1,344.20","1,350.50","1,338.80","-","-0.40%"
"05/19/1999","1,344.20","1,333.30","1,344.20","1,327.00","-","0.82%"
"05/18/1999","1,333.30","1,339.50","1,345.40","1,323.50","-","-0.46%"
"05/17/1999","1,339.50","1,337.80","1,340.00","1,321.20","-","0.13%"
"05/14/1999","1,337.80","1,367.60","1,367.60","1,332.60","-","-2.18%"
"05/13/1999","1,367.60","1,364.00","1,376.00","1,364.00","-","0.26%"
"05/12/1999","1,364.00","1,355.60","1,367.40","1,333.10","-","0.62%"
"05/11/1999","1,355.60","1,340.30","1,360.00","1,340.30","-","1.14%"
"05/10/1999","1,340.30","1,345.00","1,352.00","1,334.00","-","-0.35%"
"05/07/1999","1,345.00","1,332.00","1,346.00","1,332.00","-","0.98%"
"05/06/1999","1,332.00","1,347.30","1,348.40","1,322.60","-","-1.14%"
"05/05/1999","1,347.30","1,332.00","1,347.30","1,317.40","-","1.15%"
"05/04/1999","1,332.00","1,354.60","1,354.60","1,330.60","-","-1.67%"
"05/03/1999","1,354.60","1,335.20","1,354.60","1,329.00","-","1.45%"
"04/30/1999","1,335.20","1,342.80","1,351.80","1,314.60","-","-0.57%"
"04/29/1999","1,342.80","1,350.90","1,356.80","1,336.80","-","-0.60%"
"04/28/1999","1,350.90","1,362.80","1,368.60","1,348.30","-","-0.87%"
"04/27/1999","1,362.80","1,360.00","1,371.60","1,356.50","-","0.21%"
"04/26/1999","1,360.00","1,356.80","1,363.60","1,353.70","-","0.24%"
"04/23/1999","1,356.80","1,358.80","1,363.70","1,348.50","-","-0.15%"
"04/22/1999","1,358.80","1,336.10","1,358.80","1,336.10","-","1.70%"
"04/21/1999","1,336.10","1,306.20","1,336.10","1,301.80","-","2.29%"
"04/20/1999","1,306.20","1,289.50","1,306.30","1,284.20","-","1.30%"
"04/19/1999","1,289.50","1,319.00","1,340.10","1,284.50","-","-2.24%"
"04/16/1999","1,319.00","1,322.90","1,325.00","1,311.40","-","-0.29%"
"04/15/1999","1,322.90","1,328.40","1,332.40","1,308.40","-","-0.41%"
"04/14/1999","1,328.40","1,349.80","1,357.20","1,326.40","-","-1.59%"
"04/13/1999","1,349.80","1,358.60","1,362.10","1,344.20","-","-0.65%"
"04/12/1999","1,358.60","1,348.30","1,358.70","1,333.50","-","0.76%"
"04/09/1999","1,348.30","1,344.00","1,351.20","1,335.20","-","0.32%"
"04/08/1999","1,344.00","1,326.90","1,344.10","1,321.60","-","1.29%"
"04/07/1999","1,326.90","1,317.90","1,329.60","1,312.60","-","0.68%"
"04/06/1999","1,317.90","1,321.10","1,326.80","1,311.10","-","-0.24%"
"04/05/1999","1,321.10","1,293.70","1,321.20","1,293.70","-","2.12%"
"04/01/1999","1,293.70","1,286.40","1,294.50","1,282.60","-","0.57%"
"03/31/1999","1,286.40","1,300.80","1,313.60","1,285.90","-","-1.11%"
"03/30/1999","1,300.80","1,310.20","1,310.20","1,295.50","-","-0.72%"
"03/29/1999","1,310.20","1,282.80","1,311.80","1,282.80","-","2.14%"
"03/26/1999","1,282.80","1,290.00","1,290.00","1,277.20","-","-0.56%"
"03/25/1999","1,290.00","1,268.60","1,290.00","1,268.60","-","1.69%"
"03/24/1999","1,268.60","1,262.10","1,269.00","1,256.40","-","0.52%"
"03/23/1999","1,262.10","1,297.00","1,297.00","1,257.50","-","-2.69%"
"03/22/1999","1,297.00","1,299.30","1,303.80","1,294.30","-","-0.18%"
"03/19/1999","1,299.30","1,316.50","1,323.80","1,298.90","-","-1.31%"
"03/18/1999","1,316.50","1,297.80","1,317.60","1,294.80","-","1.44%"
"03/17/1999","1,297.80","1,306.40","1,306.50","1,292.60","-","-0.66%"
"03/16/1999","1,306.40","1,307.30","1,311.10","1,302.30","-","-0.07%"
"03/15/1999","1,307.30","1,294.60","1,307.50","1,291.00","-","0.98%"
"03/12/1999","1,294.60","1,297.70","1,304.40","1,289.20","-","-0.24%"
"03/11/1999","1,297.70","1,286.80","1,306.40","1,286.80","-","0.85%"
"03/10/1999","1,286.80","1,279.80","1,287.00","1,275.20","-","0.55%"
"03/09/1999","1,279.80","1,282.70","1,293.70","1,275.10","-","-0.23%"
"03/08/1999","1,282.70","1,275.50","1,282.70","1,271.60","-","0.56%"
"03/05/1999","1,275.50","1,246.60","1,275.70","1,246.60","-","2.32%"
"03/04/1999","1,246.60","1,227.70","1,247.70","1,227.70","-","1.54%"
"03/03/1999","1,227.70","1,225.50","1,231.60","1,216.00","-","0.18%"
"03/02/1999","1,225.50","1,236.20","1,248.30","1,221.90","-","-0.87%"
"03/01/1999","1,236.20","1,238.30","1,238.70","1,221.90","-","-0.17%"
"02/26/1999","1,238.30","1,245.00","1,246.70","1,226.20","-","-0.54%"
"02/25/1999","1,245.00","1,253.40","1,253.40","1,225.00","-","-0.67%"
"02/24/1999","1,253.40","1,271.20","1,283.80","1,251.90","-","-1.40%"
"02/23/1999","1,271.20","1,272.10","1,280.40","1,263.40","-","-0.07%"
"02/22/1999","1,272.10","1,239.20","1,272.20","1,239.20","-","2.65%"
"02/19/1999","1,239.20","1,237.30","1,247.90","1,232.00","-","0.15%"
"02/18/1999","1,237.30","1,224.00","1,239.10","1,220.70","-","1.09%"
"02/17/1999","1,224.00","1,241.90","1,249.30","1,220.90","-","-1.44%"
"02/16/1999","1,241.90","1,230.10","1,252.20","1,230.10","-","0.96%"
"02/12/1999","1,230.10","1,254.00","1,254.00","1,225.50","-","-1.91%"
"02/11/1999","1,254.00","1,223.50","1,254.00","1,223.20","-","2.49%"
"02/10/1999","1,223.50","1,216.10","1,226.80","1,211.90","-","0.61%"
"02/09/1999","1,216.10","1,243.80","1,244.00","1,215.60","-","-2.23%"
"02/08/1999","1,243.80","1,239.40","1,246.90","1,232.00","-","0.36%"
"02/05/1999","1,239.40","1,248.50","1,251.90","1,232.30","-","-0.73%"
"02/04/1999","1,248.50","1,272.10","1,272.20","1,248.40","-","-1.86%"
"02/03/1999","1,272.10","1,262.00","1,276.00","1,255.30","-","0.80%"
"02/02/1999","1,262.00","1,273.00","1,273.50","1,247.60","-","-0.86%"
"02/01/1999","1,273.00","1,279.60","1,283.80","1,271.30","-","-0.52%"
"01/29/1999","1,279.60","1,265.40","1,280.40","1,255.20","-","1.12%"
"01/28/1999","1,265.40","1,243.20","1,266.40","1,243.20","-","1.79%"
"01/27/1999","1,243.20","1,252.30","1,262.60","1,242.80","-","-0.73%"
"01/26/1999","1,252.30","1,234.00","1,253.20","1,234.00","-","1.48%"
"01/25/1999","1,234.00","1,225.20","1,234.00","1,219.40","-","0.72%"
"01/22/1999","1,225.20","1,235.20","1,236.40","1,218.00","-","-0.81%"
"01/21/1999","1,235.20","1,256.60","1,256.90","1,232.20","-","-1.70%"
"01/20/1999","1,256.60","1,252.00","1,274.10","1,251.50","-","0.37%"
"01/19/1999","1,252.00","1,243.30","1,253.30","1,234.90","-","0.70%"
"01/15/1999","1,243.30","1,212.20","1,243.30","1,212.20","-","2.57%"
"01/14/1999","1,212.20","1,234.40","1,236.80","1,209.50","-","-1.80%"
"01/13/1999","1,234.40","1,239.50","1,247.80","1,205.50","-","-0.41%"
"01/12/1999","1,239.50","1,263.90","1,264.50","1,238.20","-","-1.93%"
"01/11/1999","1,263.90","1,271.70","1,276.20","1,253.30","-","-0.88%"
"01/08/1999","1,275.10","1,269.70","1,278.20","1,261.80","-","0.43%"
"01/07/1999","1,269.70","1,272.30","1,272.30","1,257.70","-","-0.20%"
"01/06/1999","1,272.30","1,244.80","1,272.50","1,244.80","-","2.21%"
"01/05/1999","1,244.80","1,228.10","1,246.10","1,228.10","-","1.36%"
"01/04/1999","1,228.10","1,229.20","1,248.80","1,219.10","-","-0.09%"
"12/31/1998","1,229.20","1,231.90","1,237.20","1,225.00","-","-0.22%"
"12/30/1998","1,231.90","1,241.80","1,244.90","1,231.20","-","-0.80%"
"12/29/1998","1,241.80","1,225.50","1,241.90","1,220.80","-","1.33%"
"12/28/1998","1,225.50","1,226.30","1,231.50","1,221.20","-","-0.07%"
"12/24/1998","1,226.30","1,228.50","1,229.70","1,224.80","-","-0.18%"
"12/23/1998","1,228.50","1,203.60","1,229.90","1,203.60","-","2.07%"
"12/22/1998","1,203.60","1,202.80","1,209.20","1,192.70","-","0.07%"
"12/21/1998","1,202.80","1,188.00","1,210.90","1,188.00","-","1.25%"
"12/18/1998","1,188.00","1,180.00","1,188.90","1,178.30","-","0.68%"
"12/17/1998","1,180.00","1,161.90","1,180.00","1,161.90","-","1.56%"
"12/16/1998","1,161.90","1,162.80","1,166.30","1,154.70","-","-0.08%"
"12/15/1998","1,162.80","1,141.20","1,162.80","1,141.20","-","1.89%"
"12/14/1998","1,141.20","1,166.50","1,166.50","1,136.90","-","-2.17%"
"12/11/1998","1,166.50","1,165.00","1,167.90","1,153.20","-","0.13%"
"12/10/1998","1,165.00","1,183.50","1,183.80","1,163.80","-","-1.56%"
"12/09/1998","1,183.50","1,181.40","1,185.20","1,175.90","-","0.18%"
"12/08/1998","1,181.40","1,187.70","1,193.50","1,172.80","-","-0.53%"
"12/07/1998","1,187.70","1,176.70","1,189.00","1,176.70","-","0.93%"
"12/04/1998","1,176.70","1,150.10","1,176.70","1,150.10","-","2.31%"
"12/03/1998","1,150.10","1,171.20","1,177.00","1,149.60","-","-1.80%"
"12/02/1998","1,171.20","1,175.30","1,175.30","1,157.80","-","-0.35%"
"12/01/1998","1,175.30","1,163.60","1,175.90","1,150.30","-","1.01%"
"11/30/1998","1,163.60","1,192.30","1,192.70","1,163.60","-","-2.41%"
"11/27/1998","1,192.30","1,186.90","1,193.00","1,186.80","-","0.45%"
"11/25/1998","1,186.90","1,183.00","1,187.20","1,179.40","-","0.33%"
"11/24/1998","1,183.00","1,188.20","1,191.30","1,181.80","-","-0.44%"
"11/23/1998","1,188.20","1,163.50","1,188.20","1,163.50","-","2.12%"
"11/20/1998","1,163.50","1,152.60","1,163.50","1,152.60","-","0.95%"
"11/19/1998","1,152.60","1,144.50","1,155.10","1,144.40","-","0.71%"
"11/18/1998","1,144.50","1,139.30","1,144.50","1,133.10","-","0.46%"
"11/17/1998","1,139.30","1,135.90","1,151.70","1,129.70","-","0.30%"
"11/16/1998","1,135.90","1,125.70","1,138.70","1,125.70","-","0.91%"
"11/13/1998","1,125.70","1,117.70","1,126.30","1,116.80","-","0.72%"
"11/12/1998","1,117.70","1,121.00","1,126.60","1,115.50","-","-0.29%"
"11/11/1998","1,121.00","1,128.30","1,136.20","1,117.40","-","-0.65%"
"11/10/1998","1,128.30","1,130.20","1,135.40","1,122.80","-","-0.17%"
"11/09/1998","1,130.20","1,141.00","1,141.00","1,123.20","-","-0.95%"
"11/06/1998","1,141.00","1,133.80","1,141.30","1,131.20","-","0.64%"
"11/05/1998","1,133.80","1,118.70","1,133.90","1,109.50","-","1.35%"
"11/04/1998","1,118.70","1,110.80","1,127.20","1,110.60","-","0.71%"
"11/03/1998","1,110.80","1,111.60","1,115.00","1,106.40","-","-0.07%"
"11/02/1998","1,111.60","1,098.70","1,114.40","1,098.70","-","1.17%"
"10/30/1998","1,098.70","1,085.90","1,103.80","1,085.90","-","1.18%"
"10/29/1998","1,085.90","1,068.10","1,086.10","1,066.00","-","1.67%"
"10/28/1998","1,068.10","1,065.30","1,072.80","1,059.70","-","0.26%"
"10/27/1998","1,065.30","1,072.30","1,087.10","1,063.10","-","-0.65%"
"10/26/1998","1,072.30","1,070.70","1,081.20","1,068.20","-","0.15%"
"10/23/1998","1,070.70","1,078.50","1,078.50","1,067.40","-","-0.72%"
"10/22/1998","1,078.50","1,069.90","1,080.40","1,061.50","-","0.80%"
"10/21/1998","1,069.90","1,063.90","1,073.60","1,058.10","-","0.56%"
"10/20/1998","1,063.90","1,062.40","1,084.10","1,060.60","-","0.14%"
"10/19/1998","1,062.40","1,056.40","1,065.20","1,054.20","-","0.57%"
"10/16/1998","1,056.40","1,047.50","1,062.70","1,047.50","-","0.85%"
"10/15/1998","1,047.50","1,005.50","1,053.10","1,000.10","-","4.18%"
"10/14/1998","1,005.50","994.80","1,014.40","987.80","-","1.08%"
"10/13/1998","994.80","997.70","1,000.80","987.50","-","-0.29%"
"10/12/1998","997.70","985.30","1,010.70","984.40","-","1.35%"
"10/09/1998","984.40","959.40","984.40","953.00","-","2.61%"
"10/08/1998","959.40","970.70","970.70","923.30","-","-1.16%"
"10/07/1998","970.70","984.60","995.70","957.10","-","-1.41%"
"10/06/1998","984.60","988.60","1,008.80","974.80","-","-0.40%"
"10/05/1998","988.60","1,002.60","1,002.60","964.70","-","-1.40%"
"10/02/1998","1,002.60","986.40","1,005.40","971.60","-","1.64%"
"10/01/1998","986.40","1,017.00","1,017.00","981.20","-","-3.01%"
"09/30/1998","1,017.00","1,049.00","1,049.00","1,015.70","-","-3.05%"
"09/29/1998","1,049.00","1,048.70","1,056.30","1,039.90","-","0.03%"
"09/28/1998","1,048.70","1,044.80","1,061.50","1,042.20","-","0.37%"
"09/25/1998","1,044.80","1,042.70","1,051.90","1,028.50","-","0.20%"
"09/24/1998","1,042.70","1,066.10","1,066.10","1,033.00","-","-2.19%"
"09/23/1998","1,066.10","1,029.60","1,066.10","1,029.60","-","3.55%"
"09/22/1998","1,029.60","1,023.90","1,033.90","1,022.00","-","0.56%"
"09/21/1998","1,023.90","1,020.10","1,026.00","993.80","-","0.37%"
"09/18/1998","1,020.10","1,018.90","1,022.00","1,011.90","-","0.12%"
"09/17/1998","1,018.90","1,045.50","1,045.50","1,016.00","-","-2.54%"
"09/16/1998","1,045.50","1,037.70","1,046.10","1,029.30","-","0.75%"
"09/15/1998","1,037.70","1,029.70","1,037.90","1,021.40","-","0.78%"
"09/14/1998","1,029.70","1,009.10","1,038.40","1,009.10","-","2.04%"
"09/11/1998","1,009.10","980.20","1,009.10","969.70","-","2.95%"
"09/10/1998","980.20","1,006.20","1,006.20","968.60","-","-2.58%"
"09/09/1998","1,006.20","1,023.50","1,027.70","1,004.60","-","-1.69%"
"09/08/1998","1,023.50","973.90","1,023.50","973.90","-","5.09%"
"09/04/1998","973.90","982.30","991.40","956.50","-","-0.86%"
"09/03/1998","982.30","990.50","990.50","969.30","-","-0.83%"
"09/02/1998","990.50","994.30","1,013.20","988.40","-","-0.38%"
"09/01/1998","994.30","957.30","1,000.70","940.00","-","3.87%"
"08/31/1998","957.30","1,027.10","1,033.50","957.30","-","-6.80%"
"08/28/1998","1,027.10","1,042.60","1,051.80","1,021.00","-","-1.49%"
"08/27/1998","1,042.60","1,084.20","1,084.20","1,037.60","-","-3.84%"
"08/26/1998","1,084.20","1,092.80","1,092.80","1,075.90","-","-0.79%"
"08/25/1998","1,092.80","1,088.10","1,106.60","1,085.50","-","0.43%"
"08/24/1998","1,088.10","1,081.20","1,093.80","1,081.20","-","0.64%"
"08/21/1998","1,081.20","1,091.60","1,091.60","1,054.90","-","-0.95%"
"08/20/1998","1,091.60","1,098.10","1,098.80","1,089.50","-","-0.59%"
"08/19/1998","1,098.10","1,101.20","1,106.30","1,094.90","-","-0.28%"
"08/18/1998","1,101.20","1,083.70","1,101.70","1,083.70","-","1.61%"
"08/17/1998","1,083.70","1,062.80","1,083.70","1,055.10","-","1.97%"
"08/14/1998","1,062.80","1,074.90","1,083.90","1,057.20","-","-1.13%"
"08/13/1998","1,074.90","1,084.20","1,091.50","1,074.90","-","-0.86%"
"08/12/1998","1,084.20","1,069.00","1,084.70","1,069.00","-","1.42%"
"08/11/1998","1,069.00","1,083.10","1,083.10","1,054.00","-","-1.30%"
"08/10/1998","1,083.10","1,089.50","1,092.80","1,081.80","-","-0.59%"
"08/07/1998","1,089.50","1,089.60","1,102.50","1,084.70","-","-0.01%"
"08/06/1998","1,089.60","1,081.40","1,091.00","1,074.90","-","0.76%"
"08/05/1998","1,081.40","1,072.10","1,084.80","1,057.30","-","0.87%"
"08/04/1998","1,072.10","1,112.40","1,119.70","1,071.80","-","-3.62%"
"08/03/1998","1,112.40","1,120.70","1,121.80","1,110.40","-","-0.74%"
"07/31/1998","1,120.70","1,143.00","1,143.00","1,114.30","-","-1.95%"
"07/30/1998","1,143.00","1,125.20","1,143.10","1,125.20","-","1.58%"
"07/29/1998","1,125.20","1,130.20","1,138.60","1,122.00","-","-0.44%"
"07/28/1998","1,130.20","1,147.30","1,147.30","1,119.40","-","-1.49%"
"07/27/1998","1,147.30","1,140.80","1,147.30","1,128.20","-","0.57%"
"07/24/1998","1,140.80","1,139.80","1,150.10","1,129.10","-","0.09%"
"07/23/1998","1,139.80","1,164.10","1,164.30","1,139.80","-","-2.09%"
"07/22/1998","1,164.10","1,165.10","1,167.70","1,155.20","-","-0.09%"
"07/21/1998","1,165.10","1,184.10","1,187.40","1,163.00","-","-1.60%"
"07/20/1998","1,184.10","1,186.80","1,190.60","1,179.20","-","-0.23%"
"07/17/1998","1,186.80","1,184.00","1,188.10","1,182.40","-","0.24%"
"07/16/1998","1,184.00","1,174.80","1,184.00","1,170.40","-","0.78%"
"07/15/1998","1,174.80","1,177.60","1,181.50","1,174.70","-","-0.24%"
"07/14/1998","1,177.60","1,165.20","1,179.80","1,165.20","-","1.06%"
"07/13/1998","1,165.20","1,164.30","1,167.00","1,160.20","-","0.08%"
"07/10/1998","1,164.30","1,158.60","1,166.90","1,150.90","-","0.49%"
"07/09/1998","1,158.60","1,166.40","1,166.40","1,156.00","-","-0.67%"
"07/08/1998","1,166.40","1,154.70","1,166.90","1,154.70","-","1.01%"
"07/07/1998","1,154.70","1,157.30","1,159.80","1,152.80","-","-0.22%"
"07/06/1998","1,157.30","1,146.40","1,157.30","1,145.00","-","0.95%"
"07/02/1998","1,146.40","1,148.60","1,148.60","1,143.00","-","-0.19%"
"07/01/1998","1,148.60","1,133.80","1,148.60","1,133.80","-","1.31%"
"06/30/1998","1,133.80","1,138.50","1,140.80","1,132.00","-","-0.41%"
"06/29/1998","1,138.50","1,133.20","1,145.20","1,133.20","-","0.47%"
"06/26/1998","1,133.20","1,129.30","1,136.80","1,129.30","-","0.35%"
"06/25/1998","1,129.30","1,132.90","1,142.00","1,127.60","-","-0.32%"
"06/24/1998","1,132.90","1,119.50","1,134.40","1,115.10","-","1.20%"
"06/23/1998","1,119.50","1,103.20","1,119.50","1,103.20","-","1.48%"
"06/22/1998","1,103.20","1,100.70","1,109.00","1,099.40","-","0.23%"
"06/19/1998","1,100.70","1,106.40","1,111.20","1,097.10","-","-0.52%"
"06/18/1998","1,106.40","1,107.10","1,109.40","1,103.70","-","-0.06%"
"06/17/1998","1,107.10","1,087.60","1,112.90","1,087.60","-","1.79%"
"06/16/1998","1,087.60","1,077.00","1,087.60","1,074.70","-","0.98%"
"06/15/1998","1,077.00","1,098.80","1,098.80","1,077.00","-","-1.98%"
"06/12/1998","1,098.80","1,094.60","1,098.80","1,080.80","-","0.38%"
"06/11/1998","1,094.60","1,112.30","1,114.20","1,094.30","-","-1.59%"
"06/10/1998","1,112.30","1,118.40","1,126.00","1,110.30","-","-0.55%"
"06/09/1998","1,118.40","1,115.70","1,119.90","1,111.30","-","0.24%"
"06/08/1998","1,115.70","1,113.90","1,119.70","1,113.30","-","0.16%"
"06/05/1998","1,113.90","1,094.80","1,113.90","1,084.30","-","1.74%"
"06/04/1998","1,094.80","1,082.70","1,095.90","1,078.10","-","1.12%"
"06/03/1998","1,082.70","1,093.20","1,097.40","1,081.10","-","-0.96%"
"06/02/1998","1,093.20","1,091.00","1,098.70","1,089.70","-","0.20%"
"06/01/1998","1,091.00","1,090.80","1,097.80","1,084.20","-","0.02%"
"05/29/1998","1,090.80","1,097.60","1,104.20","1,090.80","-","-0.62%"
"05/28/1998","1,097.60","1,092.20","1,099.70","1,089.10","-","0.49%"
"05/27/1998","1,092.20","1,094.00","1,094.40","1,074.40","-","-0.16%"
"05/26/1998","1,094.00","1,110.50","1,116.80","1,094.00","-","-1.49%"
"05/22/1998","1,110.50","1,114.60","1,116.90","1,108.00","-","-0.37%"
"05/21/1998","1,114.60","1,119.10","1,124.50","1,111.90","-","-0.40%"
"05/20/1998","1,119.10","1,109.50","1,119.10","1,107.50","-","0.87%"
"05/19/1998","1,109.50","1,105.80","1,113.50","1,105.80","-","0.33%"
"05/18/1998","1,105.80","1,108.70","1,112.40","1,098.00","-","-0.26%"
"05/15/1998","1,108.70","1,117.40","1,118.70","1,107.10","-","-0.78%"
"05/14/1998","1,117.40","1,118.90","1,124.00","1,112.40","-","-0.13%"
"05/13/1998","1,118.90","1,115.80","1,122.20","1,114.90","-","0.28%"
"05/12/1998","1,115.80","1,106.60","1,116.00","1,102.80","-","0.83%"
"05/11/1998","1,106.60","1,108.10","1,119.10","1,103.70","-","-0.14%"
"05/08/1998","1,108.10","1,095.10","1,111.40","1,094.50","-","1.19%"
"05/07/1998","1,095.10","1,104.90","1,105.60","1,094.60","-","-0.89%"
"05/06/1998","1,104.90","1,115.50","1,118.40","1,104.60","-","-0.95%"
"05/05/1998","1,115.50","1,122.10","1,122.10","1,111.20","-","-0.59%"
"05/04/1998","1,122.10","1,121.00","1,130.50","1,121.00","-","0.10%"
"05/01/1998","1,121.00","1,111.80","1,121.00","1,111.80","-","0.83%"
"04/30/1998","1,111.80","1,094.60","1,117.00","1,094.60","-","1.57%"
"04/29/1998","1,094.60","1,085.10","1,098.20","1,084.70","-","0.88%"
"04/28/1998","1,085.10","1,086.50","1,095.90","1,081.50","-","-0.13%"
"04/27/1998","1,086.50","1,107.90","1,107.90","1,076.70","-","-1.93%"
"04/24/1998","1,107.90","1,119.60","1,122.80","1,104.80","-","-1.05%"
"04/23/1998","1,119.60","1,130.50","1,130.50","1,117.50","-","-0.96%"
"04/22/1998","1,130.50","1,126.70","1,133.00","1,126.30","-","0.34%"
"04/21/1998","1,126.70","1,123.70","1,129.70","1,119.50","-","0.27%"
"04/20/1998","1,123.70","1,122.70","1,124.90","1,118.40","-","0.09%"
"04/17/1998","1,122.70","1,108.20","1,122.70","1,105.00","-","1.31%"
"04/16/1998","1,108.20","1,119.30","1,119.30","1,105.30","-","-0.99%"
"04/15/1998","1,119.30","1,115.80","1,119.90","1,112.20","-","0.31%"
"04/14/1998","1,115.80","1,109.70","1,116.00","1,109.50","-","0.55%"
"04/13/1998","1,109.70","1,110.70","1,110.80","1,100.60","-","-0.09%"
"04/09/1998","1,110.70","1,101.70","1,111.50","1,101.70","-","0.82%"
"04/08/1998","1,101.70","1,109.50","1,111.60","1,098.20","-","-0.70%"
"04/07/1998","1,109.50","1,121.40","1,121.40","1,102.40","-","-1.06%"
"04/06/1998","1,121.40","1,122.70","1,132.00","1,121.40","-","-0.12%"
"04/03/1998","1,122.70","1,120.00","1,126.40","1,118.10","-","0.24%"
"04/02/1998","1,120.00","1,108.20","1,121.00","1,107.90","-","1.06%"
"04/01/1998","1,108.20","1,101.80","1,109.20","1,095.30","-","0.58%"
"03/31/1998","1,101.80","1,093.50","1,110.10","1,093.50","-","0.76%"
"03/30/1998","1,093.50","1,095.40","1,099.10","1,090.00","-","-0.17%"
"03/27/1998","1,095.40","1,100.80","1,107.20","1,091.10","-","-0.49%"
"03/26/1998","1,100.80","1,101.90","1,106.30","1,097.00","-","-0.10%"
"03/25/1998","1,101.90","1,105.70","1,113.10","1,092.80","-","-0.34%"
"03/24/1998","1,105.70","1,095.50","1,106.80","1,095.50","-","0.93%"
"03/23/1998","1,095.50","1,099.20","1,101.20","1,094.20","-","-0.34%"
"03/20/1998","1,099.20","1,089.70","1,101.00","1,089.40","-","0.87%"
"03/19/1998","1,089.70","1,085.50","1,089.70","1,084.30","-","0.39%"
"03/18/1998","1,085.50","1,080.50","1,085.50","1,077.80","-","0.46%"
"03/17/1998","1,080.50","1,079.30","1,080.50","1,073.30","-","0.11%"
"03/16/1998","1,079.30","1,068.60","1,079.50","1,068.60","-","1.00%"
"03/13/1998","1,068.60","1,069.90","1,075.90","1,066.60","-","-0.12%"
"03/12/1998","1,069.90","1,068.50","1,071.90","1,063.50","-","0.13%"
"03/11/1998","1,068.50","1,064.20","1,069.20","1,064.20","-","0.40%"
"03/10/1998","1,064.20","1,052.30","1,064.60","1,052.30","-","1.13%"
"03/09/1998","1,052.30","1,055.70","1,058.50","1,050.00","-","-0.32%"
"03/06/1998","1,055.70","1,035.00","1,055.70","1,035.00","-","2.00%"
"03/05/1998","1,035.00","1,047.30","1,047.30","1,030.90","-","-1.17%"
"03/04/1998","1,047.30","1,052.00","1,052.00","1,042.70","-","-0.45%"
"03/03/1998","1,052.00","1,047.70","1,052.00","1,043.40","-","0.41%"
"03/02/1998","1,047.70","1,049.30","1,054.00","1,044.70","-","-0.15%"
"02/27/1998","1,049.30","1,048.70","1,051.70","1,044.40","-","0.06%"
"02/26/1998","1,048.70","1,042.90","1,048.70","1,039.80","-","0.56%"
"02/25/1998","1,042.90","1,030.60","1,045.80","1,030.60","-","1.19%"
"02/24/1998","1,030.60","1,038.10","1,038.70","1,028.90","-","-0.72%"
"02/23/1998","1,038.10","1,034.20","1,038.70","1,031.80","-","0.38%"
"02/20/1998","1,034.20","1,028.30","1,034.20","1,022.70","-","0.57%"
"02/19/1998","1,028.30","1,032.10","1,032.90","1,026.60","-","-0.37%"
"02/18/1998","1,032.10","1,022.80","1,032.10","1,021.70","-","0.91%"
"02/17/1998","1,022.80","1,020.10","1,028.00","1,020.10","-","0.26%"
"02/13/1998","1,020.10","1,024.10","1,024.10","1,017.70","-","-0.39%"
"02/12/1998","1,024.10","1,020.00","1,026.30","1,008.50","-","0.40%"
"02/11/1998","1,020.00","1,019.00","1,020.70","1,016.40","-","0.10%"
"02/10/1998","1,019.00","1,010.70","1,022.10","1,010.70","-","0.82%"
"02/09/1998","1,010.70","1,012.50","1,015.30","1,006.30","-","-0.18%"
"02/06/1998","1,012.50","1,003.50","1,013.10","1,003.40","-","0.90%"
"02/05/1998","1,003.50","1,006.90","1,013.50","1,000.30","-","-0.34%"
"02/04/1998","1,006.90","1,006.00","1,009.50","999.40","-","0.09%"
"02/03/1998","1,006.00","1,001.30","1,006.10","996.90","-","0.47%"
"02/02/1998","1,001.30","980.30","1,002.50","980.30","-","2.14%"
"01/30/1998","980.30","985.50","987.40","979.60","-","-0.53%"
"01/29/1998","985.50","977.50","992.60","975.20","-","0.82%"
"01/28/1998","977.50","969.00","978.60","969.00","-","0.88%"
"01/27/1998","969.00","957.00","973.20","956.30","-","1.25%"
"01/26/1998","957.00","957.60","963.00","954.20","-","-0.06%"
"01/23/1998","957.60","963.00","966.40","950.90","-","-0.56%"
"01/22/1998","963.00","970.80","970.80","959.50","-","-0.80%"
"01/21/1998","970.80","978.60","978.60","963.30","-","-0.80%"
"01/20/1998","978.60","961.50","978.60","961.50","-","1.78%"
"01/16/1998","961.50","950.70","965.10","950.70","-","1.14%"
"01/15/1998","950.70","957.90","957.90","950.30","-","-0.75%"
"01/14/1998","957.90","952.10","958.10","948.00","-","0.61%"
"01/13/1998","952.10","939.20","952.10","939.20","-","1.37%"
"01/12/1998","939.20","927.70","939.20","912.80","-","1.24%"
"01/09/1998","927.70","956.00","956.00","921.70","-","-2.96%"
"01/08/1998","956.00","964.00","964.00","955.00","-","-0.83%"
"01/07/1998","964.00","966.60","966.60","952.70","-","-0.27%"
"01/06/1998","966.60","977.10","977.10","962.70","-","-1.07%"
"01/05/1998","977.10","975.00","982.60","969.00","-","0.22%"
"01/02/1998","975.00","970.40","975.00","965.70","-","0.47%"
"12/31/1997","970.40","970.80","975.00","967.40","-","-0.04%"
"12/30/1997","970.80","953.40","970.80","953.40","-","1.83%"
"12/29/1997","953.40","936.50","954.00","936.50","-","1.80%"
"12/26/1997","936.50","932.70","940.00","932.70","-","0.41%"
"12/24/1997","932.70","939.10","942.90","932.70","-","-0.68%"
"12/23/1997","939.10","953.70","954.50","938.90","-","-1.53%"
"12/22/1997","953.70","946.80","956.70","946.20","-","0.73%"
"12/19/1997","946.80","955.30","955.30","924.90","-","-0.89%"
"12/18/1997","955.30","965.50","965.50","950.50","-","-1.06%"
"12/17/1997","965.50","968.00","974.30","964.20","-","-0.26%"
"12/16/1997","968.00","963.40","973.00","963.40","-","0.48%"
"12/15/1997","963.40","953.40","966.00","953.40","-","1.05%"
"12/12/1997","953.40","954.90","961.30","947.00","-","-0.16%"
"12/11/1997","954.90","969.80","969.80","951.90","-","-1.54%"
"12/10/1997","969.80","975.80","975.80","962.70","-","-0.61%"
"12/09/1997","975.80","982.40","982.40","973.80","-","-0.67%"
"12/08/1997","982.40","983.80","985.70","979.60","-","-0.14%"
"12/05/1997","983.80","973.10","986.20","969.10","-","1.10%"
"12/04/1997","973.10","976.80","983.40","971.40","-","-0.38%"
"12/03/1997","976.80","971.70","980.80","966.20","-","0.52%"
"12/02/1997","971.70","974.80","976.20","969.80","-","-0.32%"
"12/01/1997","974.80","955.40","974.80","955.40","-","2.03%"
"11/28/1997","955.40","951.60","959.10","951.60","-","0.40%"
"11/26/1997","951.60","950.80","956.50","950.80","-","0.08%"
"11/25/1997","950.80","951.20","954.50","944.70","-","0.43%"
"11/24/1997","946.70","963.10","963.10","945.20","-","-1.70%"
"11/21/1997","963.10","959.00","964.50","954.60","-","0.43%"
"11/20/1997","959.00","944.60","961.80","944.60","-","1.52%"
"11/19/1997","944.60","938.20","947.30","934.80","-","0.68%"
"11/18/1997","938.20","946.20","947.60","937.40","-","-0.85%"
"11/17/1997","946.20","928.40","949.70","928.40","-","1.92%"
"11/14/1997","928.40","916.70","930.40","915.30","-","1.28%"
"11/13/1997","916.70","906.00","917.80","900.60","-","1.18%"
"11/12/1997","906.00","923.80","923.90","905.30","-","-1.93%"
"11/11/1997","923.80","921.10","928.30","919.60","-","0.29%"
"11/10/1997","921.10","927.50","935.90","920.30","-","-0.69%"
"11/07/1997","927.50","938.00","938.00","915.40","-","-1.12%"
"11/06/1997","938.00","942.80","942.90","934.20","-","-0.51%"
"11/05/1997","942.80","940.80","949.60","938.20","-","0.21%"
"11/04/1997","940.80","939.00","941.40","932.70","-","0.19%"
"11/03/1997","939.00","914.60","939.00","914.60","-","2.67%"
"10/31/1997","914.60","903.70","919.90","903.70","-","1.21%"
"10/30/1997","903.70","919.20","923.30","903.70","-","-1.69%"
"10/29/1997","919.20","921.90","935.20","913.90","-","-0.29%"
"10/28/1997","921.90","877.00","923.10","855.30","-","5.12%"
"10/27/1997","877.00","941.60","941.60","876.70","-","-6.86%"
"10/24/1997","941.60","950.70","960.00","937.50","-","-0.96%"
"10/23/1997","950.70","968.50","968.50","944.20","-","-1.84%"
"10/22/1997","968.50","972.30","972.60","965.70","-","-0.39%"
"10/21/1997","972.30","955.60","972.60","955.60","-","1.75%"
"10/20/1997","955.60","944.20","955.70","941.40","-","1.21%"
"10/17/1997","944.20","955.20","955.20","931.60","-","-1.15%"
"10/16/1997","955.20","965.70","973.40","950.80","-","-1.09%"
"10/15/1997","965.70","970.30","970.30","962.80","-","-0.47%"
"10/14/1997","970.30","968.10","972.90","961.90","-","0.23%"
"10/13/1997","968.10","967.00","973.50","967.00","-","0.11%"
"10/10/1997","967.00","970.60","970.60","963.40","-","-0.37%"
"10/09/1997","970.60","973.80","974.70","963.30","-","-0.33%"
"10/08/1997","973.80","983.10","983.10","968.60","-","-0.95%"
"10/07/1997","983.10","972.70","983.10","972.00","-","1.07%"
"10/06/1997","972.70","965.00","974.20","965.00","-","0.80%"
"10/03/1997","965.00","960.50","975.50","955.10","-","0.47%"
"10/02/1997","960.50","955.40","960.50","952.90","-","0.53%"
"10/01/1997","955.40","950.90","956.70","948.00","-","0.86%"
"09/30/1997","947.30","953.30","955.20","947.30","-","-0.63%"
"09/29/1997","953.30","945.20","954.00","941.90","-","0.86%"
"09/26/1997","945.20","937.90","946.40","937.90","-","0.78%"
"09/25/1997","937.90","944.50","947.00","937.40","-","-0.70%"
"09/24/1997","944.50","951.90","959.80","944.10","-","-0.78%"
"09/23/1997","951.90","955.40","955.80","948.10","-","-0.37%"
"09/22/1997","955.40","950.50","960.60","950.50","-","0.52%"
"09/19/1997","950.50","947.30","952.40","943.90","-","0.34%"
"09/18/1997","947.30","943.00","958.20","943.00","-","0.46%"
"09/17/1997","943.00","945.60","950.30","942.00","-","-0.27%"
"09/16/1997","945.60","919.80","947.70","919.80","-","2.80%"
"09/15/1997","919.80","923.90","928.90","919.40","-","-0.44%"
"09/12/1997","923.90","912.60","925.00","906.70","-","1.24%"
"09/11/1997","912.60","919.00","919.00","902.60","-","-0.70%"
"09/10/1997","919.00","933.60","933.60","918.80","-","-1.56%"
"09/09/1997","933.60","931.20","938.90","927.30","-","0.26%"
"09/08/1997","931.20","929.00","936.50","929.00","-","0.24%"
"09/05/1997","929.00","930.90","940.40","924.00","-","-0.20%"
"09/04/1997","930.90","927.90","933.40","925.60","-","0.32%"
"09/03/1997","927.90","927.60","935.90","926.90","-","0.03%"
"09/02/1997","927.60","899.50","927.60","899.50","-","3.12%"
"08/29/1997","899.50","903.70","907.30","896.80","-","-0.46%"
"08/28/1997","903.70","913.70","915.90","898.60","-","-1.09%"
"08/27/1997","913.70","913.00","916.20","903.80","-","0.08%"
"08/26/1997","913.00","920.20","922.50","911.70","-","-0.78%"
"08/25/1997","920.20","923.50","930.90","917.30","-","-0.36%"
"08/22/1997","923.50","925.00","925.00","905.40","-","-0.16%"
"08/21/1997","925.00","939.40","939.50","921.40","-","-1.53%"
"08/20/1997","939.40","926.00","939.40","924.60","-","1.45%"
"08/19/1997","926.00","912.50","926.00","912.50","-","1.48%"
"08/18/1997","912.50","900.80","912.60","893.30","-","1.30%"
"08/15/1997","900.80","924.80","924.80","900.80","-","-2.60%"
"08/14/1997","924.80","922.00","930.10","916.90","-","0.30%"
"08/13/1997","922.00","926.50","935.80","916.50","-","-0.49%"
"08/12/1997","926.50","937.00","943.00","925.70","-","-1.12%"
"08/11/1997","937.00","933.50","938.50","925.40","-","0.37%"
"08/08/1997","933.50","951.20","951.20","925.70","-","-1.86%"
"08/07/1997","951.20","960.30","964.20","950.90","-","-0.95%"
"08/06/1997","960.30","952.40","962.40","949.50","-","0.83%"
"08/05/1997","952.40","950.30","954.20","948.90","-","0.22%"
"08/04/1997","950.30","947.10","953.20","943.60","-","0.34%"
"08/01/1997","947.10","954.30","955.30","939.00","-","-0.75%"
"07/31/1997","954.30","952.30","957.70","948.90","-","0.21%"
"07/30/1997","952.30","942.30","954.00","942.00","-","1.06%"
"07/29/1997","942.30","936.50","943.00","932.60","-","0.62%"
"07/28/1997","936.50","938.80","943.00","935.20","-","-0.24%"
"07/25/1997","938.80","940.30","945.60","936.10","-","-0.16%"
"07/24/1997","940.30","936.60","941.50","926.90","-","0.40%"
"07/23/1997","936.60","934.00","941.80","934.00","-","0.28%"
"07/22/1997","934.00","912.90","934.40","912.90","-","2.31%"
"07/21/1997","912.90","915.30","915.40","907.10","-","-0.26%"
"07/18/1997","915.30","931.60","931.60","912.90","-","-1.75%"
"07/17/1997","931.60","936.60","937.00","927.90","-","-0.53%"
"07/16/1997","936.60","925.80","939.30","925.80","-","1.17%"
"07/15/1997","925.80","918.40","926.10","914.50","-","0.81%"
"07/14/1997","918.40","916.70","921.80","912.00","-","0.19%"
"07/11/1997","916.70","913.80","919.70","913.10","-","0.32%"
"07/10/1997","913.80","907.50","916.50","904.30","-","0.69%"
"07/09/1997","907.50","918.80","922.00","902.50","-","-1.23%"
"07/08/1997","918.80","912.20","918.80","911.60","-","0.72%"
"07/07/1997","912.20","916.90","923.30","909.70","-","-0.51%"
"07/03/1997","916.90","904.00","917.80","904.00","-","1.43%"
"07/02/1997","904.00","891.00","904.00","891.00","-","1.46%"
"07/01/1997","891.00","885.10","893.90","884.50","-","0.67%"
"06/30/1997","885.10","887.30","892.60","879.80","-","-0.25%"
"06/27/1997","887.30","883.70","894.70","883.70","-","0.41%"
"06/26/1997","883.70","889.00","893.20","879.30","-","-0.60%"
"06/25/1997","889.00","896.30","902.10","882.20","-","-0.81%"
"06/24/1997","896.30","878.60","896.80","878.60","-","2.01%"
"06/23/1997","878.60","898.70","898.70","878.40","-","-2.24%"
"06/20/1997","898.70","898.00","901.80","897.80","-","0.08%"
"06/19/1997","898.00","889.10","900.10","889.00","-","1.00%"
"06/18/1997","889.10","894.40","894.40","887.00","-","-0.59%"
"06/17/1997","894.40","893.90","897.60","886.20","-","0.06%"
"06/16/1997","893.90","893.30","895.20","891.20","-","0.07%"
"06/13/1997","893.30","883.50","894.70","883.50","-","1.11%"
"06/12/1997","883.50","869.60","884.30","869.00","-","1.60%"
"06/11/1997","869.60","865.30","870.70","865.10","-","0.50%"
"06/10/1997","865.30","862.90","870.00","862.20","-","0.28%"
"06/09/1997","862.90","858.00","865.10","858.00","-","0.57%"
"06/06/1997","858.00","843.40","859.20","843.40","-","1.73%"
"06/05/1997","843.40","840.10","848.90","840.10","-","0.39%"
"06/04/1997","840.10","845.50","845.50","838.80","-","-0.64%"
"06/03/1997","845.50","846.40","850.60","841.50","-","-0.11%"
"06/02/1997","846.40","848.30","851.30","844.60","-","-0.22%"
"05/30/1997","848.30","844.10","851.90","831.90","-","0.50%"
"05/29/1997","844.10","847.20","849.00","842.60","-","-0.37%"
"05/28/1997","847.20","849.70","851.00","843.20","-","-0.29%"
"05/27/1997","849.70","847.00","851.50","841.00","-","0.32%"
"05/23/1997","847.00","835.70","848.50","835.70","-","1.35%"
"05/22/1997","835.70","839.40","841.90","833.90","-","-0.44%"
"05/21/1997","839.40","841.70","846.90","835.20","-","-0.27%"
"05/20/1997","841.70","833.30","842.00","826.40","-","1.01%"
"05/19/1997","833.30","829.80","835.90","828.90","-","0.42%"
"05/16/1997","829.80","841.90","841.90","829.10","-","-1.44%"
"05/15/1997","841.90","836.00","842.50","833.30","-","0.71%"
"05/14/1997","836.00","833.10","841.30","833.10","-","0.35%"
"05/13/1997","833.10","837.70","838.50","829.10","-","-0.55%"
"05/12/1997","837.70","824.80","838.60","824.80","-","1.56%"
"05/09/1997","824.80","820.30","827.70","815.80","-","0.55%"
"05/08/1997","820.30","815.60","829.10","811.80","-","0.58%"
"05/07/1997","815.60","827.80","827.80","814.70","-","-1.47%"
"05/06/1997","827.80","830.20","832.30","824.70","-","-0.29%"
"05/05/1997","830.20","813.00","830.30","811.80","-","2.12%"
"05/02/1997","813.00","798.50","813.00","798.50","-","1.82%"
"05/01/1997","798.50","801.30","803.00","793.20","-","-0.35%"
"04/30/1997","801.30","794.00","804.10","791.20","-","0.92%"
"04/29/1997","794.00","773.00","794.40","773.00","-","2.72%"
"04/28/1997","773.00","765.40","773.90","763.30","-","0.99%"
"04/25/1997","765.40","771.20","771.20","764.60","-","-0.75%"
"04/24/1997","771.20","773.60","779.90","769.70","-","-0.31%"
"04/23/1997","773.60","774.60","778.20","771.90","-","-0.13%"
"04/22/1997","774.60","760.40","774.60","759.90","-","1.87%"
"04/21/1997","760.40","766.30","767.40","756.40","-","-0.77%"
"04/18/1997","766.30","761.80","767.90","761.80","-","0.59%"
"04/17/1997","761.80","763.50","768.50","760.50","-","-0.22%"
"04/16/1997","763.50","754.70","763.50","752.00","-","1.17%"
"04/15/1997","754.70","743.70","754.70","743.70","-","1.48%"
"04/14/1997","743.70","737.60","743.70","733.50","-","0.83%"
"04/11/1997","737.60","758.30","758.30","737.60","-","-2.73%"
"04/10/1997","758.30","760.60","763.70","757.60","-","-0.30%"
"04/09/1997","760.60","766.10","769.50","759.10","-","-0.72%"
"04/08/1997","766.10","762.10","766.20","758.40","-","0.52%"
"04/07/1997","762.10","757.90","764.80","757.90","-","0.55%"
"04/04/1997","757.90","750.30","757.90","744.00","-","1.01%"
"04/03/1997","750.30","750.10","751.00","744.40","-","0.03%"
"04/02/1997","750.10","759.60","759.60","747.60","-","-1.25%"
"04/01/1997","759.60","757.10","761.50","751.30","-","0.33%"
"03/31/1997","757.10","773.90","773.90","756.10","-","-2.17%"
"03/27/1997","773.90","790.50","792.60","767.30","-","-2.10%"
"03/26/1997","790.50","789.10","794.90","786.80","-","0.18%"
"03/25/1997","789.10","790.90","798.10","788.40","-","-0.23%"
"03/24/1997","790.90","784.10","791.00","780.80","-","0.87%"
"03/21/1997","784.10","782.60","786.40","782.60","-","0.19%"
"03/20/1997","782.60","785.80","786.30","778.00","-","-0.41%"
"03/19/1997","785.80","789.70","791.60","780.00","-","-0.49%"
"03/18/1997","789.70","795.70","797.20","785.50","-","-0.75%"
"03/17/1997","795.70","793.20","796.30","783.00","-","0.32%"
"03/14/1997","793.20","789.60","796.90","789.60","-","0.46%"
"03/13/1997","789.60","804.30","804.30","789.40","-","-1.83%"
"03/12/1997","804.30","811.30","811.30","801.10","-","-0.86%"
"03/11/1997","811.30","813.60","814.90","810.80","-","-0.28%"
"03/10/1997","813.60","805.00","813.70","803.70","-","1.07%"
"03/07/1997","805.00","798.60","808.20","798.60","-","0.80%"
"03/06/1997","798.60","802.00","804.10","797.50","-","-0.42%"
"03/05/1997","802.00","791.00","802.00","791.00","-","1.39%"
"03/04/1997","791.00","795.30","798.90","790.00","-","-0.54%"
"03/03/1997","795.30","790.80","795.30","785.70","-","0.57%"
"02/28/1997","790.80","795.10","795.70","788.50","-","-0.54%"
"02/27/1997","795.10","805.70","805.70","795.10","-","-1.32%"
"02/26/1997","805.70","812.10","812.70","798.10","-","-0.79%"
"02/25/1997","812.10","810.30","812.90","807.60","-","0.22%"
"02/24/1997","810.30","801.80","810.60","798.40","-","1.06%"
"02/21/1997","801.80","802.80","804.90","800.00","-","-0.12%"
"02/20/1997","802.80","812.50","812.50","800.40","-","-1.19%"
"02/19/1997","812.50","816.30","817.70","811.20","-","-0.47%"
"02/18/1997","816.30","808.50","816.30","806.30","-","0.96%"
"02/14/1997","808.50","811.80","812.20","808.10","-","-0.41%"
"02/13/1997","811.80","802.80","812.90","802.80","-","1.12%"
"02/12/1997","802.80","789.60","802.80","789.60","-","1.67%"
"02/11/1997","789.60","785.40","789.60","781.00","-","0.53%"
"02/10/1997","785.40","789.60","793.50","784.70","-","-0.53%"
"02/07/1997","789.60","780.10","789.70","778.20","-","1.22%"
"02/06/1997","780.10","778.30","780.40","774.50","-","0.23%"
"02/05/1997","778.30","789.30","792.70","773.40","-","-1.39%"
"02/04/1997","789.30","786.70","789.30","783.70","-","0.33%"
"02/03/1997","786.70","786.20","787.10","783.10","-","0.06%"
"01/31/1997","786.20","784.20","791.90","784.20","-","0.26%"
"01/30/1997","784.20","772.50","784.20","772.50","-","1.51%"
"01/29/1997","772.50","765.00","772.70","765.00","-","0.98%"
"01/28/1997","765.00","765.00","776.30","761.80","-","0.00%"
"01/27/1997","765.00","770.50","771.40","764.20","-","-0.71%"
"01/24/1997","770.50","777.60","778.20","768.20","-","-0.91%"
"01/23/1997","777.60","786.20","794.70","776.60","-","-1.09%"
"01/22/1997","786.20","782.70","786.20","779.60","-","0.45%"
"01/21/1997","782.70","776.70","783.70","772.00","-","0.77%"
"01/20/1997","776.70","776.20","780.10","774.20","-","0.06%"
"01/17/1997","776.20","769.80","776.40","769.70","-","0.83%"
"01/16/1997","769.80","767.20","772.00","765.20","-","0.34%"
"01/15/1997","767.20","768.90","771.00","763.70","-","-0.22%"
"01/14/1997","768.90","759.50","772.00","759.50","-","1.24%"
"01/13/1997","759.50","759.50","762.90","756.70","-","0.00%"
"01/10/1997","759.50","754.90","759.60","746.90","-","0.61%"
"01/09/1997","754.90","748.40","757.70","748.40","-","0.87%"
"01/08/1997","748.40","753.20","755.70","747.70","-","-0.64%"
"01/07/1997","753.20","747.60","753.30","742.20","-","0.75%"
"01/06/1997","747.60","748.00","753.30","743.80","-","-0.05%"
"01/03/1997","748.00","737.00","748.20","737.00","-","1.49%"
"01/02/1997","737.00","740.70","742.80","729.50","-","-0.50%"
