"Date","Price","Open","High","Low","Vol.","Change %"
"06/11/2026","3,987.01","3,979.71","3,997.48","3,958.44","1.02B","-0.16%"
"06/10/2026","3,993.23","3,985.12","4,006.31","3,963.44","598.70K","-0.42%"
"06/09/2026","4,010.03","3,977.54","4,010.87","3,955.91","576.60K","1.28%"
"06/08/2026","3,959.34","3,938.71","4,007.49","3,927.85","659.30K","-1.70%"
"06/05/2026","4,027.74","4,044.83","4,078.93","4,015.06","662.90K","-0.74%"
"06/04/2026","4,057.78","4,053.67","4,080.72","4,043.43","621.20K","-0.64%"
"06/03/2026","4,083.97","4,068.34","4,107.05","4,059.91","668.50K","0.22%"
"06/02/2026","4,075.10","4,061.46","4,089.57","4,032.58","642.20K","0.43%"
"06/01/2026","4,057.74","4,067.16","4,093.04","4,045.69","676.00K","-0.27%"
"05/29/2026","4,068.57","4,110.52","4,112.96","4,055.89","731.60K","-0.73%"
"05/28/2026","4,098.64","4,080.30","4,110.78","4,055.83","621.20K","0.12%"
"05/27/2026","4,093.73","4,138.81","4,153.56","4,077.62","660.50K","-1.25%"
"05/26/2026","4,145.37","4,137.32","4,150.29","4,104.46","654.80K","-0.17%"
"05/25/2026","4,152.57","4,126.34","4,153.88","4,119.80","615.90K","0.96%"
"05/22/2026","4,112.90","4,096.17","4,120.09","4,067.75","589.50K","0.87%"
"05/21/2026","4,077.28","4,174.38","4,199.53","4,074.22","727.20K","-2.04%"
"05/20/2026","4,162.19","4,152.70","4,169.85","4,139.98","624.20K","-0.18%"
"05/19/2026","4,169.54","4,122.96","4,170.29","4,108.00","617.60K","0.92%"
"05/18/2026","4,131.53","4,120.14","4,145.66","4,108.60","627.20K","-0.09%"
"05/15/2026","4,135.39","4,174.17","4,191.81","4,114.08","733.20K","-1.02%"
"05/14/2026","4,177.92","4,256.16","4,258.86","4,177.92","764.20K","-1.52%"
"05/13/2026","4,242.57","4,192.31","4,245.07","4,192.31","705.00K","0.67%"
"05/12/2026","4,214.49","4,229.28","4,230.18","4,199.34","719.00K","-0.25%"
"05/11/2026","4,225.02","4,201.35","4,229.58","4,186.08","762.70K","1.08%"
"05/08/2026","4,179.95","4,163.85","4,183.06","4,154.25","697.00K","-0.00%"
"05/07/2026","4,180.09","4,168.45","4,180.21","4,163.14","685.60K","0.48%"
"05/06/2026","4,160.17","4,135.45","4,166.15","4,129.91","701.20K","1.17%"
"04/30/2026","4,112.16","4,107.30","4,118.75","4,100.97","656.90K","0.11%"
"04/29/2026","4,107.51","4,061.82","4,112.15","4,061.82","614.20K","0.71%"
"04/28/2026","4,078.64","4,076.14","4,090.20","4,062.87","600.50K","-0.19%"
"04/27/2026","4,086.34","4,074.81","4,092.83","4,071.08","590.00K","0.16%"
"04/24/2026","4,079.90","4,081.03","4,092.61","4,061.15","605.00K","-0.33%"
"04/23/2026","4,093.25","4,110.79","4,114.84","4,070.46","671.20K","-0.32%"
"04/22/2026","4,106.26","4,074.81","4,106.84","4,074.68","582.50K","0.52%"
"04/21/2026","4,085.08","4,075.84","4,086.64","4,062.13","576.70K","0.07%"
"04/20/2026","4,082.13","4,053.38","4,083.19","4,051.69","589.80K","0.76%"
"04/17/2026","4,051.43","4,043.38","4,058.60","4,038.43","548.80K","-0.10%"
"04/16/2026","4,055.55","4,030.14","4,057.83","4,028.91","545.90K","0.70%"
"04/15/2026","4,027.21","4,039.47","4,050.62","4,020.90","569.50K","0.01%"
"04/14/2026","4,026.62","4,006.73","4,026.62","3,992.41","570.30K","0.95%"
"04/13/2026","3,988.56","3,971.20","3,991.26","3,966.20","545.80K","0.06%"
"04/10/2026","3,986.23","3,985.46","4,011.02","3,979.81","546.40K","0.51%"
"04/09/2026","3,966.17","3,967.63","3,979.13","3,955.25","541.60K","-0.72%"
"04/08/2026","3,995.00","3,930.25","3,995.00","3,926.25","644.10K","2.69%"
"04/07/2026","3,890.17","3,884.15","3,902.61","3,875.68","473.60K","0.26%"
"04/03/2026","3,880.10","3,927.59","3,929.53","3,871.30","492.70K","-1.00%"
"04/02/2026","3,919.28","3,940.80","3,952.58","3,900.12","544.20K","-0.74%"
"04/01/2026","3,948.55","3,939.57","3,955.94","3,929.92","564.60K","1.46%"
"03/31/2026","3,891.86","3,924.07","3,948.81","3,891.86","606.70K","-0.80%"
"03/30/2026","3,923.29","3,884.28","3,924.29","3,872.78","595.60K","0.24%"
"03/27/2026","3,913.72","3,852.09","3,924.11","3,852.09","561.30K","0.63%"
"03/26/2026","3,889.08","3,924.96","3,937.10","3,880.57","616.00K","-1.09%"
"03/25/2026","3,931.84","3,892.27","3,933.06","3,891.82","688.30K","1.30%"
"03/24/2026","3,881.28","3,849.63","3,881.42","3,807.99","680.60K","1.78%"
"03/23/2026","3,813.28","3,904.95","3,906.62","3,794.68","804.70K","-3.63%"
"03/20/2026","3,957.05","4,004.57","4,022.70","3,955.71","666.80K","-1.24%"
"03/19/2026","4,006.55","4,028.54","4,042.02","3,994.17","667.30K","-1.39%"
"03/18/2026","4,062.98","4,053.30","4,065.37","4,023.03","623.90K","0.32%"
"03/17/2026","4,049.91","4,086.29","4,108.40","4,049.58","678.80K","-0.85%"
"03/16/2026","4,084.79","4,092.25","4,096.13","4,048.09","732.20K","-0.26%"
"03/13/2026","4,095.45","4,117.57","4,134.08","4,086.85","792.10K","-0.81%"
"03/12/2026","4,129.10","4,133.20","4,141.65","4,103.16","786.20K","-0.10%"
"03/11/2026","4,133.43","4,123.67","4,135.84","4,112.80","707.70K","0.25%"
"03/10/2026","4,123.14","4,098.59","4,123.96","4,098.59","674.90K","0.65%"
"03/09/2026","4,096.60","4,098.70","4,106.53","4,052.54","797.80K","-0.67%"
"03/06/2026","4,124.19","4,085.90","4,129.46","4,085.90","646.80K","0.38%"
"03/05/2026","4,108.57","4,109.78","4,125.62","4,090.62","689.70K","0.64%"
"03/04/2026","4,082.47","4,087.63","4,106.04","4,055.41","765.20K","-0.98%"
"03/03/2026","4,122.68","4,189.41","4,197.23","4,116.01","921.10K","-1.43%"
"03/02/2026","4,182.59","4,151.80","4,188.77","4,131.37","861.60K","0.47%"
"02/27/2026","4,162.88","4,128.90","4,166.23","4,128.36","682.00K","0.39%"
"02/26/2026","4,146.63","4,151.07","4,152.19","4,127.15","651.70K","-0.01%"
"02/25/2026","4,147.23","4,123.78","4,167.84","4,122.70","724.80K","0.72%"
"02/24/2026","4,117.41","4,129.13","4,131.55","4,105.94","566.30K","0.87%"
"02/13/2026","4,082.07","4,115.92","4,123.84","4,079.77","500.80K","-1.26%"
"02/12/2026","4,134.02","4,136.99","4,140.59","4,124.13","529.40K","0.05%"
"02/11/2026","4,131.98","4,124.43","4,142.56","4,122.43","500.70K","0.09%"
"02/10/2026","4,128.37","4,127.77","4,134.34","4,117.56","524.60K","0.13%"
"02/09/2026","4,123.09","4,103.54","4,123.16","4,093.06","572.60K","1.41%"
"02/06/2026","4,065.58","4,040.30","4,095.03","4,029.97","556.70K","-0.25%"
"02/05/2026","4,075.92","4,075.02","4,088.90","4,048.94","596.70K","-0.64%"
"02/04/2026","4,102.20","4,064.68","4,104.62","4,062.68","674.30K","0.85%"
"02/03/2026","4,067.74","4,043.91","4,069.42","4,002.78","637.70K","1.29%"
"02/02/2026","4,015.75","4,079.71","4,103.41","4,013.66","733.00K","-2.48%"
"01/30/2026","4,117.95","4,131.99","4,152.85","4,064.78","804.30K","-0.96%"
"01/29/2026","4,157.98","4,155.92","4,170.21","4,138.30","905.90K","0.16%"
"01/28/2026","4,151.24","4,150.21","4,170.15","4,138.02","823.00K","0.27%"
"01/27/2026","4,139.90","4,125.21","4,158.80","4,101.83","755.00K","0.18%"
"01/26/2026","4,132.60","4,144.78","4,160.98","4,124.70","887.40K","-0.09%"
"01/23/2026","4,136.16","4,130.11","4,143.75","4,120.20","782.10K","0.33%"
"01/22/2026","4,122.58","4,126.07","4,140.84","4,109.92","709.70K","0.14%"
"01/21/2026","4,116.94","4,103.53","4,135.96","4,103.53","667.00K","0.08%"
"01/20/2026","4,113.65","4,116.37","4,128.93","4,080.29","734.40K","-0.01%"
"01/19/2026","4,114.00","4,090.72","4,126.52","4,090.06","688.90K","0.29%"
"01/16/2026","4,101.91","4,127.06","4,140.23","4,091.81","763.60K","-0.26%"
"01/15/2026","4,112.60","4,106.22","4,133.07","4,096.85","680.30K","-0.33%"
"01/14/2026","4,126.09","4,138.65","4,190.87","4,103.62","952.60K","-0.31%"
"01/13/2026","4,138.76","4,169.70","4,179.70","4,126.23","868.40K","-0.64%"
"01/12/2026","4,165.29","4,134.89","4,168.36","4,119.88","839.50K","1.09%"
"01/09/2026","4,120.43","4,086.76","4,121.72","4,083.61","729.80K","0.92%"
"01/08/2026","4,082.98","4,077.72","4,093.87","4,067.12","666.10K","-0.07%"
"01/07/2026","4,085.77","4,083.84","4,098.78","4,069.44","683.40K","0.05%"
"01/06/2026","4,083.67","4,026.02","4,083.67","4,025.09","702.50K","1.50%"
"01/05/2026","4,023.42","3,986.97","4,025.26","3,983.58","597.00K","1.38%"
"12/31/2025","3,968.84","3,968.73","3,977.54","3,955.49","490.80K","0.09%"
"12/30/2025","3,965.12","3,947.87","3,979.99","3,947.42","525.90K","-0.00%"
"12/29/2025","3,965.28","3,964.65","3,983.98","3,956.95","563.70K","0.04%"
"12/26/2025","3,963.68","3,957.83","3,977.71","3,945.52","555.50K","0.10%"
"12/25/2025","3,959.62","3,937.72","3,964.07","3,936.08","469.30K","0.47%"
"12/24/2025","3,940.95","3,920.35","3,947.04","3,912.31","474.90K","0.53%"
"12/23/2025","3,919.98","3,919.11","3,937.13","3,910.75","521.20K","0.07%"
"12/22/2025","3,917.36","3,900.53","3,920.01","3,900.51","522.90K","0.69%"
"12/19/2025","3,890.45","3,878.23","3,902.67","3,871.78","513.50K","0.36%"
"12/18/2025","3,876.37","3,857.26","3,888.28","3,856.42","461.20K","0.16%"
"12/17/2025","3,870.28","3,822.51","3,881.75","3,818.00","512.30K","1.19%"
"12/16/2025","3,824.81","3,861.51","3,862.43","3,815.84","512.50K","-1.11%"
"12/15/2025","3,867.92","3,865.40","3,896.98","3,863.63","500.90K","-0.55%"
"12/12/2025","3,889.35","3,869.41","3,891.81","3,850.60","573.90K","0.41%"
"12/11/2025","3,873.32","3,903.90","3,904.96","3,862.82","525.70K","-0.70%"
"12/10/2025","3,900.50","3,901.13","3,906.12","3,876.48","497.30K","-0.23%"
"12/09/2025","3,909.52","3,916.51","3,923.90","3,902.13","524.50K","-0.37%"
"12/08/2025","3,924.08","3,909.23","3,936.31","3,904.74","547.30K","0.54%"
"12/05/2025","3,902.81","3,873.12","3,907.78","3,863.31","500.40K","0.70%"
"12/04/2025","3,875.79","3,879.74","3,888.86","3,859.05","445.00K","-0.06%"
"12/03/2025","3,878.00","3,894.16","3,901.70","3,869.95","485.60K","-0.51%"
"12/02/2025","3,897.71","3,908.46","3,908.77","3,888.33","455.60K","-0.42%"
"12/01/2025","3,914.01","3,894.21","3,914.46","3,890.95","537.60K","0.65%"
"11/28/2025","3,888.60","3,870.94","3,888.89","3,856.25","449.90K","0.34%"
"11/27/2025","3,875.26","3,867.20","3,895.59","3,864.13","444.00K","0.29%"
"11/26/2025","3,864.18","3,867.43","3,879.92","3,861.18","457.60K","-0.15%"
"11/25/2025","3,870.02","3,850.57","3,882.03","3,845.14","478.70K","0.87%"
"11/24/2025","3,836.76","3,848.66","3,854.33","3,816.58","504.60K","0.05%"
"11/21/2025","3,834.89","3,896.67","3,912.01","3,834.75","631.60K","-2.45%"
"11/20/2025","3,931.05","3,960.70","3,967.97","3,927.51","534.70K","-0.40%"
"11/19/2025","3,946.74","3,937.92","3,960.05","3,930.07","531.10K","0.18%"
"11/18/2025","3,939.81","3,962.44","3,966.89","3,926.59","594.40K","-0.81%"
"11/17/2025","3,972.03","3,988.56","3,992.40","3,958.95","592.00K","-0.46%"
"11/14/2025","3,990.49","4,007.13","4,034.08","3,990.31","622.00K","-0.97%"
"11/13/2025","4,029.50","3,996.51","4,030.40","3,994.77","613.00K","0.73%"
"11/12/2025","4,000.14","3,996.56","4,020.38","3,980.68","586.20K","-0.07%"
"11/11/2025","4,002.76","4,023.88","4,024.94","3,991.52","582.00K","-0.39%"
"11/10/2025","4,018.60","4,001.79","4,018.70","3,990.84","634.00K","0.53%"
"11/07/2025","3,997.56","3,994.32","4,012.00","3,993.69","596.50K","-0.25%"
"11/06/2025","4,007.76","3,973.35","4,008.80","3,973.35","627.40K","0.97%"
"11/05/2025","3,969.25","3,922.58","3,979.75","3,922.58","615.00K","0.23%"
"11/04/2025","3,960.19","3,973.46","3,985.88","3,938.52","615.50K","-0.41%"
"11/03/2025","3,976.52","3,954.08","3,977.30","3,937.02","641.20K","0.55%"
"10/31/2025","3,954.79","3,985.06","3,986.74","3,951.73","675.60K","-0.81%"
"10/30/2025","3,986.90","4,007.82","4,025.71","3,984.83","668.50K","-0.73%"
"10/29/2025","4,016.33","3,990.26","4,016.33","3,986.94","612.90K","0.70%"
"10/28/2025","3,988.22","3,986.89","4,010.73","3,976.83","577.40K","-0.22%"
"10/27/2025","3,996.95","3,969.22","3,999.07","3,963.10","637.60K","1.18%"
"10/24/2025","3,950.31","3,929.11","3,950.31","3,928.96","567.90K","0.71%"
"10/23/2025","3,922.41","3,904.16","3,926.22","3,877.53","565.20K","0.22%"
"10/22/2025","3,913.76","3,896.07","3,918.59","3,893.32","543.10K","-0.07%"
"10/21/2025","3,916.33","3,870.75","3,919.32","3,868.15","599.40K","1.36%"
"10/20/2025","3,863.89","3,865.55","3,877.72","3,850.37","549.30K","0.63%"
"10/17/2025","3,839.75","3,912.04","3,921.06","3,835.36","617.60K","-1.95%"
"10/16/2025","3,916.23","3,900.68","3,931.05","3,899.17","595.50K","0.10%"
"10/15/2025","3,912.21","3,867.54","3,912.29","3,857.67","645.00K","1.22%"
"10/14/2025","3,865.23","3,910.78","3,918.44","3,851.12","800.80K","-0.62%"
"10/13/2025","3,889.50","3,800.10","3,895.83","3,800.10","709.50K","-0.19%"
"10/10/2025","3,897.03","3,915.48","3,933.00","3,886.30","718.90K","-0.94%"
"10/09/2025","3,933.97","3,898.31","3,936.58","3,885.74","725.20K","1.32%"
"09/30/2025","3,882.78","3,869.71","3,887.57","3,866.28","569.70K","0.52%"
"09/29/2025","3,862.53","3,828.17","3,881.00","3,809.53","608.50K","0.90%"
"09/26/2025","3,828.11","3,839.85","3,856.61","3,828.11","551.30K","-0.65%"
"09/25/2025","3,853.30","3,852.43","3,866.11","3,840.46","590.00K","-0.01%"
"09/24/2025","3,853.64","3,804.48","3,854.92","3,804.33","602.10K","0.83%"
"09/23/2025","3,821.83","3,830.14","3,838.61","3,774.53","701.90K","-0.18%"
"09/22/2025","3,828.58","3,822.01","3,831.74","3,806.20","568.30K","0.22%"
"09/19/2025","3,820.09","3,830.44","3,843.17","3,811.90","682.30K","-0.30%"
"09/18/2025","3,831.66","3,876.06","3,899.96","3,801.00","876.00K","-1.15%"
"09/17/2025","3,876.34","3,854.07","3,882.67","3,848.95","663.40K","0.37%"
"09/16/2025","3,861.86","3,865.98","3,876.69","3,838.65","673.40K","0.04%"
"09/15/2025","3,860.50","3,876.10","3,879.74","3,855.97","644.80K","-0.26%"
"09/12/2025","3,870.60","3,875.51","3,892.74","3,866.54","700.60K","-0.12%"
"09/11/2025","3,875.31","3,806.06","3,875.31","3,796.44","617.00K","1.65%"
"09/10/2025","3,812.22","3,806.58","3,827.00","3,794.06","534.50K","0.13%"
"09/09/2025","3,807.29","3,816.66","3,834.67","3,791.72","600.20K","-0.51%"
"09/08/2025","3,826.84","3,811.67","3,833.14","3,803.60","660.10K","0.38%"
"09/05/2025","3,812.51","3,761.88","3,817.16","3,745.31","626.20K","1.24%"
"09/04/2025","3,765.88","3,807.76","3,808.40","3,732.84","710.20K","-1.25%"
"09/03/2025","3,813.56","3,865.29","3,868.39","3,794.88","645.70K","-1.16%"
"09/02/2025","3,858.13","3,877.09","3,885.31","3,828.68","762.60K","-0.45%"
"09/01/2025","3,875.53","3,869.75","3,879.04","3,853.66","747.70K","0.46%"
"08/29/2025","3,857.93","3,842.82","3,867.61","3,839.21","739.50K","0.37%"
"08/28/2025","3,843.60","3,796.71","3,845.09","3,761.42","788.40K","1.14%"
"08/27/2025","3,800.35","3,869.61","3,887.20","3,800.35","858.60K","-1.76%"
"08/26/2025","3,868.38","3,871.47","3,888.60","3,859.76","734.60K","-0.39%"
"08/25/2025","3,883.56","3,848.16","3,883.56","3,839.97","885.50K","1.51%"
"08/22/2025","3,825.76","3,772.28","3,825.76","3,772.28","698.10K","1.45%"
"08/21/2025","3,771.10","3,770.68","3,787.98","3,757.99","691.60K","0.13%"
"08/20/2025","3,766.21","3,716.69","3,767.43","3,704.99","679.80K","1.04%"
"08/19/2025","3,727.29","3,728.49","3,746.67","3,718.15","696.10K","-0.02%"
"08/18/2025","3,728.03","3,712.50","3,745.94","3,702.38","776.00K","0.85%"
"08/15/2025","3,696.77","3,659.81","3,702.25","3,658.38","678.50K","0.83%"
"08/14/2025","3,666.44","3,685.52","3,704.77","3,662.57","647.80K","-0.46%"
"08/13/2025","3,683.47","3,668.66","3,688.63","3,666.55","613.50K","0.48%"
"08/12/2025","3,665.92","3,647.96","3,669.04","3,647.96","536.60K","0.50%"
"08/11/2025","3,647.55","3,637.05","3,656.85","3,629.63","551.40K","0.34%"
"08/08/2025","3,635.13","3,634.85","3,645.37","3,625.45","526.40K","-0.12%"
"08/07/2025","3,639.67","3,637.78","3,645.12","3,622.52","535.50K","0.16%"
"08/06/2025","3,634.00","3,615.81","3,634.31","3,613.99","512.50K","0.45%"
"08/05/2025","3,617.60","3,588.81","3,617.60","3,586.97","499.80K","0.96%"
"08/04/2025","3,583.31","3,547.16","3,583.31","3,547.16","458.60K","0.66%"
"08/01/2025","3,559.95","3,568.26","3,581.75","3,550.04","509.60K","-0.37%"
"07/31/2025","3,573.21","3,604.70","3,606.38","3,562.61","654.50K","-1.18%"
"07/30/2025","3,615.72","3,608.35","3,636.17","3,593.73","637.20K","0.17%"
"07/29/2025","3,609.71","3,595.81","3,611.35","3,585.94","610.60K","0.33%"
"07/28/2025","3,597.94","3,594.23","3,606.27","3,582.15","594.20K","0.12%"
"07/25/2025","3,593.66","3,604.45","3,610.03","3,586.22","697.20K","-0.33%"
"07/24/2025","3,605.73","3,578.91","3,608.73","3,577.11","773.30K","0.65%"
"07/23/2025","3,582.30","3,588.88","3,613.02","3,577.59","767.70K","0.01%"
"07/22/2025","3,581.86","3,561.63","3,584.72","3,547.25","716.20K","0.62%"
"07/21/2025","3,559.79","3,542.82","3,560.63","3,542.57","633.60K","0.72%"
"07/18/2025","3,534.48","3,519.48","3,536.01","3,518.23","493.50K","0.50%"
"07/17/2025","3,516.82","3,500.37","3,517.28","3,499.19","472.20K","0.37%"
"07/16/2025","3,503.78","3,502.90","3,511.81","3,489.14","470.90K","-0.03%"
"07/15/2025","3,505.00","3,519.80","3,527.04","3,483.38","572.10K","-0.42%"
"07/14/2025","3,519.65","3,513.25","3,532.12","3,513.25","572.10K","0.27%"
"07/11/2025","3,510.18","3,511.36","3,555.22","3,506.80","664.20K","0.01%"
"07/10/2025","3,509.68","3,491.50","3,526.59","3,491.50","564.20K","0.48%"
"07/09/2025","3,493.05","3,498.72","3,512.67","3,491.20","523.90K","-0.13%"
"07/08/2025","3,497.48","3,474.63","3,499.89","3,474.63","493.50K","0.70%"
"07/07/2025","3,473.13","3,467.99","3,474.80","3,462.79","436.60K","0.02%"
"07/04/2025","3,472.32","3,459.59","3,497.23","3,455.49","500.20K","0.32%"
"07/03/2025","3,461.15","3,456.15","3,463.62","3,446.97","438.50K","0.18%"
"07/02/2025","3,454.79","3,458.17","3,461.33","3,447.96","498.10K","-0.09%"
"07/01/2025","3,457.75","3,445.85","3,459.59","3,441.04","444.40K","0.39%"
"06/30/2025","3,444.43","3,423.47","3,447.46","3,420.11","457.30K","0.59%"
"06/27/2025","3,424.23","3,450.69","3,462.63","3,421.04","523.10K","-0.70%"
"06/26/2025","3,448.45","3,451.72","3,462.75","3,446.19","496.50K","-0.22%"
"06/25/2025","3,455.97","3,419.09","3,459.01","3,417.41","509.40K","1.03%"
"06/24/2025","3,420.57","3,380.08","3,423.78","3,380.08","461.00K","1.15%"
"06/23/2025","3,381.58","3,349.46","3,389.45","3,347.65","384.60K","0.65%"
"06/20/2025","3,359.90","3,358.91","3,370.80","3,357.71","350.20K","-0.07%"
"06/19/2025","3,362.11","3,384.29","3,386.92","3,353.94","415.30K","-0.79%"
"06/18/2025","3,388.81","3,386.14","3,391.71","3,369.99","378.70K","0.04%"
"06/17/2025","3,387.41","3,388.18","3,393.31","3,376.42","390.00K","-0.04%"
"06/16/2025","3,388.73","3,369.37","3,389.76","3,368.88","405.40K","0.35%"
"06/13/2025","3,377.00","3,397.48","3,401.55","3,370.59","510.10K","-0.75%"
"06/12/2025","3,402.66","3,397.97","3,408.21","3,388.87","409.50K","0.01%"
"06/11/2025","3,402.32","3,385.46","3,413.51","3,385.46","424.10K","0.52%"
"06/10/2025","3,384.82","3,402.01","3,406.45","3,365.67","481.60K","-0.44%"
"06/09/2025","3,399.77","3,388.78","3,402.05","3,383.07","427.30K","0.43%"
"06/06/2025","3,385.36","3,384.29","3,391.45","3,379.76","380.10K","0.04%"
"06/05/2025","3,384.10","3,378.22","3,387.76","3,371.15","406.30K","0.23%"
"06/04/2025","3,376.20","3,363.39","3,379.64","3,363.39","386.50K","0.42%"
"06/03/2025","3,361.98","3,340.07","3,367.00","3,340.07","398.10K","0.43%"
"05/30/2025","3,347.49","3,358.81","3,361.27","3,341.65","385.60K","-0.47%"
"05/29/2025","3,363.45","3,340.40","3,368.63","3,337.42","393.20K","0.70%"
"05/28/2025","3,339.93","3,341.85","3,348.23","3,336.73","341.60K","-0.02%"
"05/27/2025","3,340.69","3,346.50","3,351.57","3,332.49","344.10K","-0.18%"
"05/26/2025","3,346.84","3,346.56","3,362.31","3,336.35","347.60K","-0.05%"
"05/23/2025","3,348.37","3,376.87","3,389.47","3,348.37","400.20K","-0.94%"
"05/22/2025","3,380.19","3,381.86","3,390.59","3,376.23","394.20K","-0.22%"
"05/21/2025","3,387.57","3,380.21","3,394.75","3,380.21","412.50K","0.21%"
"05/20/2025","3,380.48","3,371.69","3,387.80","3,369.96","405.50K","0.38%"
"05/19/2025","3,367.58","3,365.88","3,373.60","3,356.65","403.10K","0.00%"
"05/16/2025","3,367.46","3,374.71","3,380.29","3,356.66","395.40K","-0.40%"
"05/15/2025","3,380.82","3,398.43","3,402.87","3,378.02","424.10K","-0.68%"
"05/14/2025","3,403.95","3,374.24","3,417.31","3,368.08","464.90K","0.86%"
"05/13/2025","3,374.87","3,386.23","3,386.23","3,370.25","426.20K","0.17%"
"05/12/2025","3,369.25","3,352.97","3,372.47","3,344.27","418.20K","0.82%"
"05/09/2025","3,342.00","3,350.41","3,351.22","3,335.13","398.90K","-0.30%"
"05/08/2025","3,352.00","3,331.21","3,359.73","3,327.90","428.40K","0.28%"
"05/07/2025","3,342.67","3,354.97","3,356.69","3,324.81","511.20K","0.80%"
"05/06/2025","3,316.11","3,295.25","3,316.45","3,286.99","474.40K","1.13%"
"04/30/2025","3,279.03","3,284.08","3,292.20","3,277.55","435.80K","-0.23%"
"04/29/2025","3,286.66","3,281.45","3,294.98","3,277.63","389.00K","-0.05%"
"04/28/2025","3,288.42","3,292.06","3,296.93","3,279.88","410.70K","-0.20%"
"04/25/2025","3,295.06","3,300.39","3,305.26","3,288.75","411.00K","-0.07%"
"04/24/2025","3,297.29","3,295.15","3,313.51","3,286.24","392.80K","0.03%"
"04/23/2025","3,296.35","3,308.15","3,312.19","3,293.06","411.60K","-0.10%"
"04/22/2025","3,299.76","3,289.17","3,311.15","3,288.33","403.20K","0.25%"
"04/21/2025","3,291.43","3,273.14","3,298.64","3,270.01","379.30K","0.45%"
"04/18/2025","3,276.73","3,270.35","3,283.09","3,262.39","358.80K","-0.11%"
"04/17/2025","3,280.34","3,261.72","3,285.92","3,258.15","382.00K","0.13%"
"04/16/2025","3,276.00","3,267.67","3,276.00","3,233.79","429.50K","0.26%"
"04/15/2025","3,267.66","3,260.69","3,268.99","3,246.34","396.70K","0.15%"
"04/14/2025","3,262.81","3,251.98","3,272.72","3,244.73","471.40K","0.76%"
"04/11/2025","3,238.23","3,219.50","3,249.85","3,211.35","475.50K","0.45%"
"04/10/2025","3,223.64","3,227.84","3,239.94","3,201.57","591.20K","1.16%"
"04/09/2025","3,186.81","3,110.01","3,186.81","3,070.08","684.80K","1.31%"
"04/08/2025","3,145.55","3,094.26","3,145.55","3,085.12","662.20K","1.58%"
"04/07/2025","3,096.58","3,193.10","3,217.78","3,040.69","662.20K","-7.34%"
"04/03/2025","3,342.01","3,319.61","3,358.43","3,319.61","400.50K","-0.24%"
"04/02/2025","3,350.13","3,344.17","3,361.13","3,343.12","350.10K","0.05%"
"04/01/2025","3,348.44","3,340.71","3,357.62","3,338.78","422.60K","0.38%"
"03/31/2025","3,335.75","3,343.34","3,361.74","3,317.74","472.60K","-0.46%"
"03/28/2025","3,351.31","3,372.04","3,375.05","3,346.08","412.30K","-0.67%"
"03/27/2025","3,373.75","3,362.71","3,394.03","3,351.17","414.80K","0.15%"
"03/26/2025","3,368.70","3,365.67","3,382.34","3,365.67","428.50K","-0.04%"
"03/25/2025","3,369.98","3,370.00","3,379.99","3,361.05","456.40K","-0.00%"
"03/24/2025","3,370.03","3,364.83","3,373.69","3,340.24","513.30K","0.15%"
"03/21/2025","3,364.83","3,401.76","3,414.71","3,355.84","520.90K","-1.29%"
"03/20/2025","3,408.95","3,425.22","3,427.04","3,404.66","451.60K","-0.51%"
"03/19/2025","3,426.43","3,424.17","3,439.05","3,414.59","440.30K","-0.10%"
"03/18/2025","3,429.76","3,434.56","3,437.06","3,423.30","454.90K","0.11%"
"03/17/2025","3,426.13","3,430.81","3,436.35","3,422.46","515.70K","0.19%"
"03/14/2025","3,419.56","3,361.69","3,421.23","3,360.61","582.70K","1.81%"
"03/13/2025","3,358.73","3,371.09","3,377.12","3,341.12","519.00K","-0.39%"
"03/12/2025","3,371.92","3,385.69","3,392.41","3,370.22","502.20K","-0.23%"
"03/11/2025","3,379.83","3,335.44","3,379.83","3,334.83","448.50K","0.41%"
"03/10/2025","3,366.16","3,373.26","3,375.80","3,347.19","450.40K","-0.19%"
"03/07/2025","3,372.55","3,373.18","3,390.94","3,363.93","517.70K","-0.25%"
"03/06/2025","3,381.10","3,353.57","3,387.05","3,348.68","540.00K","1.17%"
"03/05/2025","3,341.97","3,324.70","3,342.71","3,314.15","461.00K","0.53%"
"03/04/2025","3,324.21","3,300.50","3,327.82","3,297.53","430.00K","0.22%"
"03/03/2025","3,316.93","3,328.40","3,349.02","3,304.59","502.40K","-0.12%"
"02/28/2025","3,320.90","3,374.66","3,383.19","3,318.72","568.30K","-1.98%"
"02/27/2025","3,388.06","3,378.45","3,388.78","3,353.57","575.80K","0.23%"
"02/26/2025","3,380.21","3,351.21","3,380.21","3,351.21","554.00K","1.02%"
"02/25/2025","3,346.04","3,345.65","3,369.56","3,337.84","527.60K","-0.80%"
"02/24/2025","3,373.03","3,374.08","3,384.81","3,355.87","598.20K","-0.18%"
"02/21/2025","3,379.11","3,356.70","3,381.06","3,339.03","608.20K","0.85%"
"02/20/2025","3,350.78","3,347.59","3,355.56","3,338.03","504.40K","-0.02%"
"02/19/2025","3,351.54","3,320.78","3,352.09","3,320.58","502.90K","0.81%"
"02/18/2025","3,324.49","3,348.98","3,366.01","3,314.30","562.70K","-0.93%"
"02/17/2025","3,355.83","3,355.42","3,357.12","3,333.20","589.50K","0.27%"
"02/14/2025","3,346.72","3,328.48","3,349.08","3,322.53","532.30K","0.43%"
"02/13/2025","3,332.48","3,343.24","3,359.18","3,332.48","568.60K","-0.42%"
"02/12/2025","3,346.39","3,312.26","3,346.39","3,310.39","513.40K","0.85%"
"02/11/2025","3,318.06","3,323.67","3,324.17","3,304.44","511.90K","-0.12%"
"02/10/2025","3,322.17","3,308.04","3,325.36","3,299.24","546.60K","0.56%"
"02/07/2025","3,303.67","3,269.23","3,324.43","3,262.51","600.60K","1.01%"
"02/06/2025","3,270.66","3,226.57","3,271.43","3,225.85","460.80K","1.27%"
"02/05/2025","3,229.49","3,270.16","3,271.02","3,220.28","406.40K","-0.65%"
"01/27/2025","3,250.60","3,256.61","3,274.39","3,250.60","387.50K","-0.06%"
"01/24/2025","3,252.63","3,222.88","3,260.01","3,221.71","398.70K","0.70%"
"01/23/2025","3,230.16","3,237.60","3,273.52","3,229.57","458.20K","0.51%"
"01/22/2025","3,213.62","3,235.49","3,235.50","3,203.38","364.80K","-0.89%"
"01/21/2025","3,242.62","3,256.83","3,258.61","3,229.07","384.60K","-0.05%"
"01/20/2025","3,244.38","3,256.15","3,268.26","3,238.12","403.30K","0.08%"
"01/17/2025","3,241.82","3,226.76","3,256.51","3,219.77","383.60K","0.18%"
"01/16/2025","3,236.03","3,239.03","3,265.28","3,217.10","430.70K","0.28%"
"01/15/2025","3,227.12","3,234.72","3,245.90","3,222.24","404.70K","-0.43%"
"01/14/2025","3,240.94","3,165.16","3,245.22","3,159.43","469.20K","2.54%"
"01/13/2025","3,160.75","3,148.83","3,172.70","3,140.98","372.70K","-0.25%"
"01/10/2025","3,168.52","3,211.71","3,220.11","3,168.52","403.70K","-1.33%"
"01/09/2025","3,211.39","3,220.72","3,228.97","3,205.91","382.90K","-0.58%"
"01/08/2025","3,230.17","3,218.86","3,246.29","3,175.73","472.90K","0.02%"
"01/07/2025","3,229.64","3,203.31","3,230.85","3,190.46","409.70K","0.71%"
"01/06/2025","3,206.92","3,209.78","3,219.49","3,185.46","431.00K","-0.14%"
"01/03/2025","3,211.43","3,267.08","3,273.57","3,205.78","517.60K","-1.57%"
"01/02/2025","3,262.56","3,347.94","3,351.72","3,242.09","561.40K","-2.66%"
"12/31/2024","3,351.76","3,406.97","3,413.46","3,351.76","502.70K","-1.63%"
"12/30/2024","3,407.33","3,395.40","3,412.84","3,394.97","455.30K","0.21%"
"12/27/2024","3,400.14","3,397.29","3,418.95","3,388.32","500.50K","0.06%"
"12/26/2024","3,398.08","3,389.34","3,401.09","3,380.25","422.20K","0.14%"
"12/25/2024","3,393.35","3,395.11","3,406.21","3,374.01","471.30K","-0.01%"
"12/24/2024","3,393.53","3,353.53","3,394.90","3,352.95","472.00K","1.26%"
"12/23/2024","3,351.26","3,367.90","3,384.99","3,348.28","556.70K","-0.50%"
"12/20/2024","3,368.07","3,364.48","3,390.62","3,362.82","491.00K","-0.06%"
"12/19/2024","3,370.03","3,355.90","3,377.53","3,346.47","513.90K","-0.36%"
"12/18/2024","3,382.21","3,371.30","3,396.46","3,371.30","512.50K","0.62%"
"12/17/2024","3,361.49","3,381.81","3,396.21","3,357.77","568.90K","-0.73%"
"12/16/2024","3,386.33","3,390.08","3,401.93","3,376.54","625.60K","-0.16%"
"12/13/2024","3,391.88","3,442.93","3,442.93","3,390.75","777.50K","-2.01%"
"12/12/2024","3,461.50","3,432.28","3,464.12","3,425.98","700.10K","0.85%"
"12/11/2024","3,432.49","3,416.09","3,437.81","3,416.09","681.50K","0.29%"
"12/10/2024","3,422.66","3,490.29","3,494.87","3,417.76","794.70K","0.59%"
"12/09/2024","3,402.53","3,402.63","3,426.65","3,385.96","694.90K","-0.05%"
"12/06/2024","3,404.08","3,370.94","3,418.26","3,364.21","698.20K","1.05%"
"12/05/2024","3,368.85","3,353.06","3,377.05","3,353.06","543.90K","0.12%"
"12/04/2024","3,364.65","3,376.57","3,388.02","3,352.94","621.00K","-0.42%"
"12/03/2024","3,378.81","3,366.28","3,386.62","3,348.37","663.00K","0.44%"
"12/02/2024","3,363.98","3,328.48","3,369.30","3,323.01","668.50K","1.13%"
"11/29/2024","3,326.46","3,295.21","3,357.50","3,293.69","580.20K","0.93%"
"11/28/2024","3,295.70","3,308.28","3,319.26","3,290.36","512.00K","-0.43%"
"11/27/2024","3,309.78","3,250.59","3,309.88","3,227.35","511.20K","1.53%"
"11/26/2024","3,259.76","3,256.86","3,285.33","3,252.87","472.20K","-0.12%"
"11/25/2024","3,263.76","3,274.88","3,285.46","3,232.92","538.90K","-0.10%"
"11/22/2024","3,267.19","3,368.04","3,372.00","3,267.19","630.70K","-3.06%"
"11/21/2024","3,370.40","3,362.94","3,378.52","3,348.85","530.30K","0.07%"
"11/20/2024","3,367.99","3,337.68","3,375.25","3,333.00","566.20K","0.66%"
"11/19/2024","3,346.01","3,324.88","3,346.76","3,284.13","625.00K","0.67%"
"11/18/2024","3,323.85","3,344.69","3,386.90","3,309.01","744.00K","-0.21%"
"11/15/2024","3,330.73","3,369.81","3,391.32","3,330.73","630.30K","-1.45%"
"11/14/2024","3,379.84","3,429.50","3,441.77","3,376.15","631.60K","-1.73%"
"11/13/2024","3,439.28","3,406.92","3,442.30","3,404.52","673.70K","0.51%"
"11/12/2024","3,421.97","3,469.89","3,489.42","3,402.04","817.90K","-1.39%"
"11/11/2024","3,470.07","3,432.37","3,471.12","3,416.73","818.00K","0.51%"
"11/08/2024","3,452.30","3,502.13","3,509.82","3,443.19","964.00K","-0.53%"
"11/07/2024","3,470.66","3,359.99","3,470.66","3,356.26","959.60K","2.57%"
"11/06/2024","3,383.81","3,395.22","3,421.00","3,367.08","895.90K","-0.09%"
"11/05/2024","3,386.99","3,306.81","3,386.99","3,302.05","821.10K","2.32%"
"11/04/2024","3,310.21","3,275.68","3,310.21","3,263.84","665.10K","1.17%"
"11/01/2024","3,272.01","3,275.58","3,305.32","3,258.74","852.10K","-0.24%"
"10/31/2024","3,279.82","3,267.98","3,295.74","3,252.39","784.60K","0.42%"
"10/30/2024","3,266.24","3,273.64","3,291.68","3,244.81","669.00K","-0.61%"
"10/29/2024","3,286.41","3,328.09","3,340.46","3,284.21","725.30K","-1.08%"
"10/28/2024","3,322.20","3,300.46","3,322.20","3,279.72","672.40K","0.68%"
"10/25/2024","3,299.70","3,280.76","3,319.36","3,276.13","595.70K","0.59%"
"10/24/2024","3,280.26","3,287.82","3,292.95","3,266.88","519.80K","-0.68%"
"10/23/2024","3,302.80","3,285.25","3,331.08","3,277.07","650.40K","0.52%"
"10/22/2024","3,285.87","3,263.82","3,294.96","3,255.14","574.90K","0.54%"
"10/21/2024","3,268.11","3,276.06","3,300.66","3,239.10","668.20K","0.20%"
"10/18/2024","3,261.56","3,165.98","3,313.98","3,152.82","693.00K","2.91%"
"10/17/2024","3,169.38","3,220.73","3,241.57","3,169.38","528.60K","-1.05%"
"10/16/2024","3,202.95","3,169.17","3,236.85","3,167.74","515.80K","0.05%"
"10/15/2024","3,201.29","3,265.75","3,285.22","3,201.29","566.10K","-2.53%"
"10/14/2024","3,284.32","3,241.43","3,294.62","3,203.90","631.50K","2.07%"
"10/11/2024","3,217.74","3,287.87","3,297.75","3,187.99","606.00K","-2.55%"
"10/10/2024","3,301.93","3,277.69","3,379.80","3,228.12","834.50K","1.32%"
"10/09/2024","3,258.86","3,427.22","3,437.16","3,249.16","992.80K","-6.62%"
"10/08/2024","3,489.77","3,674.41","3,674.41","3,372.19","1.31M","4.59%"
"09/30/2024","3,336.50","3,194.72","3,358.59","3,153.70","1.10M","8.06%"
"09/27/2024","3,087.53","3,049.10","3,087.53","3,017.45","492.30K","2.89%"
"09/26/2024","3,000.95","2,893.75","3,000.95","2,889.01","576.30K","3.61%"
"09/25/2024","2,896.31","2,901.42","2,952.45","2,889.05","568.30K","1.16%"
"09/24/2024","2,863.13","2,770.75","2,863.15","2,761.37","477.60K","4.15%"
"09/23/2024","2,748.92","2,735.39","2,760.48","2,731.36","257.60K","0.44%"
"09/20/2024","2,736.81","2,734.23","2,741.16","2,717.95","285.60K","0.03%"
"09/19/2024","2,736.02","2,723.21","2,747.74","2,697.78","315.20K","0.69%"
"09/18/2024","2,717.28","2,705.34","2,724.11","2,689.70","247.80K","0.49%"
"09/13/2024","2,704.09","2,718.99","2,728.78","2,703.37","251.30K","-0.48%"
"09/12/2024","2,717.12","2,722.14","2,734.68","2,716.55","240.10K","-0.17%"
"09/11/2024","2,721.79","2,732.73","2,732.73","2,710.62","242.30K","-0.82%"
"09/10/2024","2,744.19","2,737.88","2,750.12","2,718.63","262.20K","0.28%"
"09/09/2024","2,736.49","2,754.72","2,756.56","2,726.97","261.50K","-1.06%"
"09/06/2024","2,765.81","2,791.76","2,804.09","2,765.64","253.60K","-0.81%"
"09/05/2024","2,788.31","2,785.26","2,796.02","2,777.47","242.00K","0.14%"
"09/04/2024","2,784.28","2,786.50","2,800.61","2,781.94","257.50K","-0.67%"
"09/03/2024","2,802.98","2,809.17","2,814.90","2,794.91","275.70K","-0.29%"
"09/02/2024","2,811.03","2,832.35","2,839.28","2,810.37","340.70K","-1.10%"
"08/30/2024","2,842.21","2,819.65","2,867.97","2,817.01","397.50K","0.68%"
"08/29/2024","2,823.11","2,829.45","2,831.43","2,815.38","277.50K","-0.50%"
"08/28/2024","2,837.43","2,844.33","2,852.56","2,830.96","228.70K","-0.40%"
"08/27/2024","2,848.73","2,850.88","2,853.78","2,843.16","230.70K","-0.24%"
"08/26/2024","2,855.52","2,855.47","2,860.66","2,844.38","227.40K","0.04%"
"08/23/2024","2,854.37","2,844.77","2,860.73","2,839.34","226.70K","0.20%"
"08/22/2024","2,848.77","2,856.20","2,861.61","2,845.50","245.40K","-0.27%"
"08/21/2024","2,856.58","2,858.94","2,863.89","2,848.15","229.20K","-0.35%"
"08/20/2024","2,866.66","2,895.55","2,896.52","2,855.33","263.70K","-0.93%"
"08/19/2024","2,893.67","2,877.95","2,905.16","2,877.77","261.70K","0.49%"
"08/16/2024","2,879.43","2,877.94","2,888.68","2,873.06","263.70K","0.07%"
"08/15/2024","2,877.36","2,844.20","2,889.09","2,839.39","271.90K","0.94%"
"08/14/2024","2,850.65","2,866.24","2,866.24","2,850.40","217.90K","-0.60%"
"08/13/2024","2,867.95","2,860.41","2,867.95","2,845.31","231.70K","0.34%"
"08/12/2024","2,858.21","2,858.90","2,869.27","2,851.29","244.20K","-0.14%"
"08/09/2024","2,862.19","2,879.87","2,887.85","2,862.19","284.30K","-0.27%"
"08/08/2024","2,869.90","2,864.76","2,886.40","2,850.88","289.10K","0.00%"
"08/07/2024","2,869.83","2,864.01","2,886.94","2,857.73","263.10K","0.09%"
"08/06/2024","2,867.28","2,878.65","2,888.20","2,845.33","297.30K","0.23%"
"08/05/2024","2,860.70","2,889.36","2,919.02","2,860.70","355.50K","-1.54%"
"08/02/2024","2,905.34","2,913.02","2,931.26","2,902.72","312.20K","-0.92%"
"08/01/2024","2,932.39","2,940.12","2,947.88","2,928.83","346.60K","-0.22%"
"07/31/2024","2,938.75","2,877.54","2,940.59","2,876.30","412.70K","2.06%"
"07/30/2024","2,879.30","2,885.22","2,885.22","2,865.15","262.50K","-0.43%"
"07/29/2024","2,891.84","2,889.47","2,898.95","2,878.58","256.90K","0.03%"
"07/26/2024","2,890.90","2,886.00","2,899.12","2,875.40","278.40K","0.14%"
"07/25/2024","2,886.74","2,891.89","2,897.77","2,872.85","274.60K","-0.52%"
"07/24/2024","2,901.95","2,909.15","2,922.03","2,894.29","306.10K","-0.46%"
"07/23/2024","2,915.37","2,960.50","2,960.50","2,915.37","296.30K","-1.65%"
"07/22/2024","2,964.22","2,978.19","2,978.60","2,946.56","278.70K","-0.61%"
"07/19/2024","2,982.31","2,963.51","2,986.24","2,955.12","280.90K","0.17%"
"07/18/2024","2,977.13","2,951.14","2,978.09","2,937.91","278.00K","0.48%"
"07/17/2024","2,962.85","2,970.81","2,972.79","2,957.95","282.30K","-0.45%"
"07/16/2024","2,976.30","2,963.90","2,977.36","2,959.67","260.80K","0.08%"
"07/15/2024","2,974.01","2,963.85","2,977.31","2,959.13","269.00K","0.09%"
"07/12/2024","2,971.29","2,965.61","2,977.14","2,963.30","303.70K","0.03%"
"07/11/2024","2,970.39","2,957.25","2,971.36","2,947.40","328.40K","1.06%"
"07/10/2024","2,939.36","2,949.03","2,958.86","2,935.33","301.50K","-0.68%"
"07/09/2024","2,959.37","2,919.57","2,963.78","2,904.04","315.10K","1.26%"
"07/08/2024","2,922.45","2,939.84","2,947.61","2,917.23","277.50K","-0.93%"
"07/05/2024","2,949.93","2,954.37","2,957.11","2,920.21","272.30K","-0.26%"
"07/04/2024","2,957.57","2,984.83","2,995.57","2,955.29","274.30K","-0.83%"
"07/03/2024","2,982.38","2,995.66","2,998.54","2,978.07","246.30K","-0.49%"
"07/02/2024","2,997.01","2,992.86","3,004.99","2,989.47","281.40K","0.08%"
"07/01/2024","2,994.73","2,965.25","2,996.41","2,961.86","297.80K","0.92%"
"06/28/2024","2,967.40","2,940.30","2,985.47","2,939.98","315.20K","0.73%"
"06/27/2024","2,945.85","2,962.70","2,963.06","2,944.90","270.50K","-0.90%"
"06/26/2024","2,972.52","2,943.45","2,976.67","2,933.33","282.40K","0.76%"
"06/25/2024","2,950.00","2,962.76","2,971.65","2,935.54","273.20K","-0.44%"
"06/24/2024","2,963.10","2,982.83","2,990.64","2,960.13","298.70K","-1.17%"
"06/21/2024","2,998.14","2,998.24","3,011.91","2,985.93","255.00K","-0.24%"
"06/20/2024","3,005.44","3,015.72","3,028.51","3,001.77","295.50K","-0.42%"
"06/19/2024","3,018.05","3,029.10","3,030.23","3,015.33","261.30K","-0.40%"
"06/18/2024","3,030.25","3,015.07","3,031.98","3,012.52","273.60K","0.48%"
"06/17/2024","3,015.89","3,017.72","3,026.62","3,012.04","295.80K","-0.55%"
"06/14/2024","3,032.63","3,020.96","3,037.91","3,011.58","348.70K","0.12%"
"06/13/2024","3,028.92","3,038.09","3,040.40","3,022.82","297.90K","-0.28%"
"06/12/2024","3,037.47","3,025.30","3,042.04","3,021.31","279.50K","0.31%"
"06/11/2024","3,028.04","3,042.13","3,043.20","3,013.86","310.50K","-0.76%"
"06/07/2024","3,051.28","3,053.92","3,065.02","3,031.04","316.30K","0.08%"
"06/06/2024","3,048.79","3,069.44","3,077.67","3,040.83","369.90K","-0.54%"
"06/05/2024","3,065.40","3,086.05","3,092.35","3,064.74","290.50K","-0.83%"
"06/04/2024","3,091.20","3,071.32","3,095.32","3,063.59","309.30K","0.41%"
"06/03/2024","3,078.49","3,085.98","3,097.20","3,061.28","357.60K","-0.27%"
"05/31/2024","3,086.81","3,094.76","3,107.60","3,086.81","276.10K","-0.16%"
"05/30/2024","3,091.68","3,103.71","3,121.22","3,085.38","302.40K","-0.62%"
"05/29/2024","3,111.02","3,108.03","3,128.14","3,100.98","290.00K","0.05%"
"05/28/2024","3,109.57","3,122.39","3,130.31","3,106.36","310.10K","-0.46%"
"05/27/2024","3,124.04","3,094.14","3,125.51","3,091.99","319.40K","1.14%"
"05/24/2024","3,088.87","3,110.75","3,130.43","3,087.79","306.50K","-0.88%"
"05/23/2024","3,116.39","3,149.88","3,150.63","3,110.28","353.90K","-1.33%"
"05/22/2024","3,158.54","3,157.19","3,166.92","3,152.46","354.10K","0.02%"
"05/21/2024","3,157.97","3,164.68","3,165.22","3,148.34","335.80K","-0.42%"
"05/20/2024","3,171.15","3,156.15","3,174.27","3,155.99","426.90K","0.54%"
"05/17/2024","3,154.03","3,121.71","3,154.03","3,116.78","383.90K","1.01%"
"05/16/2024","3,122.40","3,127.18","3,137.88","3,116.16","367.40K","0.08%"
"05/15/2024","3,119.90","3,141.25","3,142.97","3,117.93","321.00K","-0.82%"
"05/14/2024","3,145.77","3,148.85","3,155.81","3,137.61","343.50K","-0.07%"
"05/13/2024","3,148.02","3,139.48","3,157.37","3,126.17","397.00K","-0.21%"
"05/10/2024","3,154.55","3,158.59","3,163.14","3,137.15","384.30K","0.01%"
"05/09/2024","3,154.32","3,128.16","3,158.47","3,128.16","360.90K","0.83%"
"05/08/2024","3,128.48","3,141.49","3,144.99","3,126.17","334.00K","-0.61%"
"05/07/2024","3,147.74","3,139.66","3,151.22","3,133.69","379.10K","0.22%"
"05/06/2024","3,140.72","3,132.51","3,142.38","3,126.77","450.70K","1.16%"
"04/30/2024","3,104.82","3,110.16","3,123.29","3,104.29","440.20K","-0.26%"
"04/29/2024","3,113.04","3,086.68","3,119.69","3,080.59","506.90K","0.79%"
"04/26/2024","3,088.64","3,054.98","3,092.43","3,054.98","439.40K","1.17%"
"04/25/2024","3,052.90","3,037.93","3,060.26","3,034.65","292.30K","0.27%"
"04/24/2024","3,044.82","3,029.40","3,045.64","3,019.12","305.30K","0.76%"
"04/23/2024","3,021.98","3,038.61","3,044.94","3,016.52","325.60K","-0.74%"
"04/22/2024","3,044.59","3,059.06","3,078.42","3,042.54","357.20K","-0.67%"
"04/19/2024","3,065.26","3,060.30","3,080.32","3,055.06","375.50K","-0.29%"
"04/18/2024","3,074.23","3,060.03","3,102.55","3,057.76","416.30K","0.09%"
"04/17/2024","3,071.38","3,008.06","3,071.38","3,002.06","413.40K","2.14%"
"04/16/2024","3,007.07","3,043.55","3,052.44","3,005.34","448.10K","-1.65%"
"04/15/2024","3,057.38","3,013.67","3,066.94","2,995.54","461.20K","1.26%"
"04/12/2024","3,019.47","3,035.58","3,043.56","3,014.83","334.20K","-0.49%"
"04/11/2024","3,034.25","3,013.57","3,050.34","3,009.90","340.90K","0.23%"
"04/10/2024","3,027.33","3,045.96","3,049.61","3,013.59","349.00K","-0.70%"
"04/09/2024","3,048.54","3,044.61","3,051.58","3,033.21","333.50K","0.05%"
"04/08/2024","3,047.05","3,057.33","3,077.35","3,045.47","402.90K","-0.72%"
"04/03/2024","3,069.30","3,074.89","3,079.02","3,057.40","363.20K","-0.18%"
"04/02/2024","3,074.96","3,076.88","3,085.54","3,063.98","367.30K","-0.08%"
"04/01/2024","3,077.38","3,049.02","3,078.49","3,049.02","375.40K","1.19%"
"03/29/2024","3,041.17","3,008.38","3,041.30","3,008.17","334.80K","1.01%"
"03/28/2024","3,010.66","2,988.59","3,033.37","2,984.12","353.20K","0.59%"
"03/27/2024","2,993.14","3,026.81","3,030.45","2,993.14","343.20K","-1.26%"
"03/26/2024","3,031.48","3,026.92","3,036.49","3,006.26","345.90K","0.17%"
"03/25/2024","3,026.31","3,040.50","3,065.26","3,026.31","387.50K","-0.71%"
"03/22/2024","3,048.03","3,070.55","3,073.21","3,027.76","394.70K","-0.95%"
"03/21/2024","3,077.11","3,084.41","3,090.05","3,069.27","366.90K","-0.08%"
"03/20/2024","3,079.69","3,058.65","3,081.75","3,056.65","349.20K","0.55%"
"03/19/2024","3,062.76","3,077.98","3,090.05","3,062.63","384.10K","-0.72%"
"03/18/2024","3,084.93","3,057.21","3,085.31","3,055.92","406.70K","0.99%"
"03/15/2024","3,054.64","3,031.52","3,056.45","3,023.22","360.30K","0.54%"
"03/14/2024","3,038.23","3,042.41","3,060.00","3,020.64","364.10K","-0.18%"
"03/13/2024","3,043.83","3,053.34","3,061.95","3,031.90","365.00K","-0.40%"
"03/12/2024","3,055.94","3,068.18","3,075.13","3,044.86","415.70K","-0.41%"
"03/11/2024","3,068.46","3,042.62","3,068.46","3,035.45","356.50K","0.74%"
"03/08/2024","3,046.02","3,026.17","3,049.19","3,016.90","319.20K","0.62%"
"03/07/2024","3,027.40","3,040.21","3,063.69","3,023.12","377.20K","-0.41%"
"03/06/2024","3,039.93","3,041.75","3,060.56","3,034.35","341.00K","-0.26%"
"03/05/2024","3,047.79","3,027.10","3,052.54","3,022.18","383.50K","0.28%"
"03/04/2024","3,039.31","3,026.61","3,040.34","3,007.68","387.80K","0.41%"
"03/01/2024","3,027.02","3,013.82","3,032.23","3,003.76","379.10K","0.39%"
"02/29/2024","3,015.17","2,943.62","3,015.17","2,943.62","409.70K","1.94%"
"02/28/2024","2,957.85","3,016.26","3,031.49","2,957.85","544.10K","-1.91%"
"02/27/2024","3,015.48","2,966.42","3,015.48","2,961.15","373.00K","1.29%"
"02/26/2024","2,977.02","3,002.12","3,009.48","2,967.06","409.00K","-0.93%"
"02/23/2024","3,004.88","2,992.91","3,009.14","2,979.97","380.10K","0.55%"
"02/22/2024","2,988.36","2,945.45","2,988.36","2,944.50","354.10K","1.27%"
"02/21/2024","2,950.96","2,906.02","2,994.61","2,898.05","444.20K","0.97%"
"02/20/2024","2,922.73","2,902.88","2,927.31","2,887.47","350.10K","0.42%"
"02/19/2024","2,910.54","2,886.59","2,910.54","2,867.71","459.00K","1.56%"
"02/08/2024","2,865.90","2,832.49","2,867.47","2,827.90","531.10K","1.28%"
"02/07/2024","2,829.70","2,791.51","2,829.70","2,770.53","547.10K","1.44%"
"02/06/2024","2,789.49","2,680.49","2,802.93","2,669.67","502.80K","3.23%"
"02/05/2024","2,702.19","2,716.08","2,739.74","2,635.09","479.00K","-1.02%"
"02/02/2024","2,730.15","2,773.29","2,791.68","2,666.33","426.20K","-1.46%"
"02/01/2024","2,770.74","2,773.42","2,805.01","2,752.78","352.90K","-0.64%"
"01/31/2024","2,788.55","2,815.50","2,834.01","2,782.59","377.10K","-1.48%"
"01/30/2024","2,830.53","2,866.28","2,881.35","2,829.25","335.70K","-1.83%"
"01/29/2024","2,883.36","2,910.61","2,923.90","2,883.33","410.60K","-0.92%"
"01/26/2024","2,910.22","2,897.92","2,924.31","2,890.48","421.10K","0.14%"
"01/25/2024","2,906.11","2,823.83","2,906.79","2,821.71","442.00K","3.03%"
"01/24/2024","2,820.77","2,782.14","2,823.70","2,743.40","369.10K","1.80%"
"01/23/2024","2,770.98","2,746.89","2,784.84","2,724.16","308.70K","0.53%"
"01/22/2024","2,756.34","2,826.50","2,828.32","2,735.37","350.20K","-2.68%"
"01/19/2024","2,832.28","2,836.98","2,849.88","2,822.84","266.70K","-0.47%"
"01/18/2024","2,845.78","2,822.67","2,849.26","2,760.98","390.40K","0.43%"
"01/17/2024","2,833.61","2,887.29","2,887.49","2,833.61","261.30K","-2.09%"
"01/16/2024","2,893.99","2,881.56","2,896.68","2,861.13","286.30K","0.27%"
"01/15/2024","2,886.29","2,872.56","2,904.46","2,869.22","244.60K","0.15%"
"01/12/2024","2,881.98","2,880.04","2,904.17","2,878.88","261.60K","-0.16%"
"01/11/2024","2,886.65","2,873.80","2,896.18","2,867.72","267.10K","0.31%"
"01/10/2024","2,877.70","2,886.98","2,903.16","2,870.42","244.00K","-0.54%"
"01/09/2024","2,893.25","2,887.11","2,900.73","2,878.41","263.00K","0.20%"
"01/08/2024","2,887.54","2,923.46","2,924.46","2,887.54","270.30K","-1.42%"
"01/05/2024","2,929.18","2,949.82","2,967.97","2,916.72","301.00K","-0.85%"
"01/04/2024","2,954.35","2,965.51","2,966.68","2,936.64","265.00K","-0.43%"
"01/03/2024","2,967.25","2,957.11","2,971.28","2,953.29","285.50K","0.17%"
"01/02/2024","2,962.28","2,972.77","2,976.27","2,962.28","304.10K","-0.43%"
"12/29/2023","2,974.94","2,950.84","2,975.03","2,950.02","290.70K","0.69%"
"12/28/2023","2,954.70","2,913.11","2,961.65","2,909.39","339.20K","1.38%"
"12/27/2023","2,914.61","2,900.15","2,917.96","2,890.17","247.90K","0.54%"
"12/26/2023","2,898.88","2,917.97","2,917.97","2,892.84","228.10K","-0.68%"
"12/25/2023","2,918.81","2,909.88","2,920.63","2,903.99","229.80K","0.14%"
"12/22/2023","2,914.77","2,919.29","2,935.70","2,906.51","296.60K","-0.14%"
"12/21/2023","2,918.72","2,892.02","2,924.26","2,882.02","282.50K","0.57%"
"12/20/2023","2,902.11","2,932.12","2,937.10","2,902.04","265.60K","-1.03%"
"12/19/2023","2,932.39","2,928.76","2,940.50","2,914.12","265.90K","0.05%"
"12/18/2023","2,930.80","2,936.58","2,951.15","2,924.33","293.10K","-0.40%"
"12/15/2023","2,942.56","2,966.30","2,976.31","2,940.03","289.30K","-0.56%"
"12/14/2023","2,958.99","2,979.70","2,986.18","2,958.07","271.50K","-0.33%"
"12/13/2023","2,968.76","2,997.34","2,997.34","2,968.76","282.80K","-1.15%"
"12/12/2023","3,003.44","2,986.33","3,003.75","2,980.45","287.60K","0.40%"
"12/11/2023","2,991.44","2,956.29","2,995.67","2,930.42","360.20K","0.74%"
"12/08/2023","2,969.56","2,965.39","2,980.83","2,962.33","369.10K","0.11%"
"12/07/2023","2,966.21","2,965.65","2,976.01","2,949.14","296.20K","-0.09%"
"12/06/2023","2,968.93","2,966.95","2,985.31","2,959.60","294.10K","-0.11%"
"12/05/2023","2,972.30","3,017.01","3,017.01","2,972.30","293.90K","-1.67%"
"12/04/2023","3,022.91","3,033.30","3,038.98","3,022.35","288.20K","-0.29%"
"12/01/2023","3,031.64","3,027.35","3,035.76","3,010.23","286.10K","0.07%"
"11/30/2023","3,029.67","3,021.10","3,030.91","3,013.77","282.90K","0.26%"
"11/29/2023","3,021.69","3,038.46","3,038.98","3,017.66","278.00K","-0.55%"
"11/28/2023","3,038.55","3,028.60","3,039.69","3,020.23","268.90K","0.23%"
"11/27/2023","3,031.70","3,038.19","3,038.36","3,015.01","310.50K","-0.30%"
"11/24/2023","3,040.97","3,060.33","3,060.33","3,037.20","287.80K","-0.68%"
"11/23/2023","3,061.86","3,041.68","3,062.87","3,034.30","276.60K","0.60%"
"11/22/2023","3,043.61","3,060.50","3,067.96","3,043.61","289.10K","-0.79%"
"11/21/2023","3,067.93","3,074.83","3,089.77","3,063.34","330.70K","-0.01%"
"11/20/2023","3,068.32","3,056.93","3,072.51","3,043.51","287.60K","0.46%"
"11/17/2023","3,054.37","3,043.62","3,055.86","3,033.75","267.60K","0.11%"
"11/16/2023","3,050.93","3,066.85","3,071.45","3,050.93","271.10K","-0.71%"
"11/15/2023","3,072.83","3,077.03","3,080.13","3,064.35","304.30K","0.55%"
"11/14/2023","3,056.07","3,046.82","3,059.53","3,044.43","294.80K","0.31%"
"11/13/2023","3,046.53","3,044.03","3,048.62","3,028.17","290.40K","0.25%"
"11/10/2023","3,038.97","3,043.56","3,044.00","3,027.09","285.50K","-0.47%"
"11/09/2023","3,053.28","3,047.65","3,063.47","3,045.83","315.60K","0.03%"
"11/08/2023","3,052.37","3,051.15","3,062.99","3,037.29","335.70K","-0.16%"
"11/07/2023","3,057.27","3,052.92","3,064.58","3,042.47","326.90K","-0.04%"
"11/06/2023","3,058.41","3,047.13","3,058.99","3,037.69","372.90K","0.91%"
"11/03/2023","3,030.80","3,012.47","3,040.98","3,012.47","268.50K","0.71%"
"11/02/2023","3,009.41","3,028.67","3,038.64","3,009.12","268.80K","-0.45%"
"11/01/2023","3,023.08","3,038.18","3,038.33","3,013.93","280.10K","0.14%"
"10/31/2023","3,018.77","3,019.65","3,023.00","3,006.61","319.90K","-0.09%"
"10/30/2023","3,021.55","3,009.61","3,028.26","3,002.35","360.60K","0.12%"
"10/27/2023","3,017.78","2,978.40","3,029.21","2,974.88","321.80K","0.99%"
"10/26/2023","2,988.30","2,960.10","2,990.33","2,956.01","291.80K","0.48%"
"10/25/2023","2,974.11","2,986.41","2,993.29","2,972.42","332.40K","0.40%"
"10/24/2023","2,962.24","2,944.31","2,964.76","2,929.09","311.00K","0.78%"
"10/23/2023","2,939.29","2,969.79","2,973.66","2,923.51","278.90K","-1.47%"
"10/20/2023","2,983.06","2,995.36","3,006.27","2,977.17","267.10K","-0.74%"
"10/19/2023","3,005.39","3,043.20","3,043.20","3,004.77","304.00K","-1.74%"
"10/18/2023","3,058.71","3,076.58","3,076.58","3,057.06","268.60K","-0.80%"
"10/17/2023","3,083.50","3,076.43","3,084.07","3,064.89","259.00K","0.32%"
"10/16/2023","3,073.81","3,091.06","3,091.13","3,063.69","263.90K","-0.46%"
"10/13/2023","3,088.10","3,092.00","3,094.92","3,080.55","255.10K","-0.64%"
"10/12/2023","3,107.90","3,101.71","3,109.99","3,092.18","274.80K","0.94%"
"10/11/2023","3,078.96","3,085.70","3,095.66","3,071.94","259.90K","0.12%"
"10/10/2023","3,075.24","3,104.37","3,109.98","3,073.19","255.30K","-0.70%"
"10/09/2023","3,096.92","3,100.00","3,103.36","3,072.64","264.40K","-0.44%"
"09/28/2023","3,110.48","3,117.75","3,121.83","3,105.94","236.30K","0.10%"
"09/27/2023","3,107.32","3,104.04","3,125.45","3,103.84","240.50K","0.16%"
"09/26/2023","3,102.27","3,114.02","3,120.29","3,102.27","222.60K","-0.43%"
"09/25/2023","3,115.61","3,131.21","3,131.21","3,112.15","258.10K","-0.54%"
"09/22/2023","3,132.43","3,084.76","3,132.56","3,078.80","286.00K","1.55%"
"09/21/2023","3,084.70","3,103.18","3,113.49","3,084.70","228.70K","-0.77%"
"09/20/2023","3,108.57","3,118.67","3,122.13","3,108.16","228.10K","-0.52%"
"09/19/2023","3,124.96","3,123.99","3,131.13","3,113.53","253.70K","-0.03%"
"09/18/2023","3,125.93","3,110.44","3,128.70","3,098.50","259.40K","0.26%"
"09/15/2023","3,117.74","3,133.59","3,141.96","3,107.45","292.00K","-0.28%"
"09/14/2023","3,126.55","3,124.85","3,135.03","3,111.86","264.00K","0.11%"
"09/13/2023","3,123.07","3,137.77","3,143.76","3,106.97","249.70K","-0.45%"
"09/12/2023","3,137.06","3,140.34","3,147.51","3,134.32","234.70K","-0.18%"
"09/11/2023","3,142.78","3,119.61","3,155.10","3,113.82","290.40K","0.84%"
"09/08/2023","3,116.72","3,114.23","3,126.04","3,104.67","228.10K","-0.18%"
"09/07/2023","3,122.35","3,152.20","3,152.27","3,120.82","269.30K","-1.13%"
"09/06/2023","3,158.08","3,147.14","3,162.15","3,136.90","267.00K","0.12%"
"09/05/2023","3,154.37","3,169.74","3,169.74","3,150.08","294.10K","-0.71%"
"09/04/2023","3,177.06","3,145.94","3,177.06","3,143.38","366.40K","1.40%"
"09/01/2023","3,133.25","3,126.02","3,143.85","3,123.19","292.30K","0.43%"
"08/31/2023","3,119.88","3,134.55","3,139.98","3,113.95","313.40K","-0.55%"
"08/30/2023","3,137.14","3,144.41","3,153.69","3,126.90","347.50K","0.04%"
"08/29/2023","3,135.89","3,091.94","3,145.76","3,090.44","398.90K","1.20%"
"08/28/2023","3,098.64","3,219.04","3,219.04","3,089.12","485.60K","1.13%"
"08/25/2023","3,064.07","3,068.62","3,085.05","3,053.04","225.20K","-0.59%"
"08/24/2023","3,082.24","3,085.91","3,106.18","3,072.95","300.00K","0.12%"
"08/23/2023","3,078.40","3,116.27","3,116.38","3,077.61","272.20K","-1.34%"
"08/22/2023","3,120.33","3,103.78","3,126.78","3,074.53","309.30K","0.88%"
"08/21/2023","3,092.98","3,125.99","3,134.96","3,092.98","265.80K","-1.24%"
"08/18/2023","3,131.95","3,165.10","3,179.12","3,131.95","294.40K","-1.00%"
"08/17/2023","3,163.74","3,137.35","3,167.45","3,123.25","294.70K","0.43%"
"08/16/2023","3,150.13","3,164.70","3,176.63","3,149.72","281.70K","-0.82%"
"08/15/2023","3,176.18","3,180.56","3,186.23","3,147.35","273.30K","-0.07%"
"08/14/2023","3,178.43","3,159.71","3,180.51","3,141.66","299.80K","-0.34%"
"08/11/2023","3,189.25","3,254.48","3,254.48","3,189.25","330.10K","-2.01%"
"08/10/2023","3,254.56","3,242.21","3,257.03","3,234.12","287.40K","0.31%"
"08/09/2023","3,244.49","3,251.15","3,257.08","3,240.29","271.20K","-0.49%"
"08/08/2023","3,260.62","3,260.72","3,274.52","3,246.67","316.50K","-0.25%"
"08/07/2023","3,268.83","3,276.78","3,276.78","3,258.54","360.30K","-0.59%"
"08/04/2023","3,288.08","3,296.09","3,315.05","3,281.73","470.90K","0.23%"
"08/03/2023","3,280.46","3,254.56","3,280.86","3,247.27","384.70K","0.58%"
"08/02/2023","3,261.69","3,281.86","3,290.82","3,252.30","405.30K","-0.89%"
"08/01/2023","3,290.95","3,288.76","3,305.34","3,279.57","459.90K","-0.00%"
"07/31/2023","3,291.04","3,287.21","3,322.13","3,281.01","459.00K","0.46%"
"07/28/2023","3,275.93","3,206.74","3,280.28","3,200.99","411.10K","1.84%"
"07/27/2023","3,216.67","3,225.48","3,245.60","3,210.47","327.10K","-0.20%"
"07/26/2023","3,223.03","3,228.09","3,229.89","3,212.88","317.20K","-0.26%"
"07/25/2023","3,231.52","3,201.46","3,231.75","3,201.46","348.60K","2.13%"
"07/24/2023","3,164.16","3,157.47","3,178.73","3,151.13","216.60K","-0.11%"
"07/21/2023","3,167.75","3,163.42","3,185.64","3,157.33","225.30K","-0.06%"
"07/20/2023","3,169.52","3,201.91","3,209.06","3,165.67","238.90K","-0.92%"
"07/19/2023","3,198.84","3,195.01","3,204.36","3,181.56","217.40K","0.03%"
"07/18/2023","3,197.82","3,206.79","3,210.25","3,190.00","235.00K","-0.37%"
"07/17/2023","3,209.63","3,219.02","3,219.02","3,195.89","250.20K","-0.87%"
"07/14/2023","3,237.70","3,240.97","3,248.38","3,234.00","273.30K","0.04%"
"07/13/2023","3,236.48","3,202.70","3,238.47","3,202.70","276.60K","1.26%"
"07/12/2023","3,196.13","3,220.38","3,224.33","3,193.44","271.40K","-0.78%"
"07/11/2023","3,221.37","3,211.12","3,221.68","3,200.38","227.60K","0.55%"
"07/10/2023","3,203.70","3,208.73","3,216.53","3,192.66","236.60K","0.22%"
"07/07/2023","3,196.61","3,197.47","3,212.05","3,189.21","255.70K","-0.28%"
"07/06/2023","3,205.57","3,215.86","3,229.48","3,199.72","246.10K","-0.54%"
"07/05/2023","3,222.95","3,240.05","3,241.84","3,218.60","264.00K","-0.69%"
"07/04/2023","3,245.35","3,241.23","3,246.96","3,233.99","279.20K","0.04%"
"07/03/2023","3,243.98","3,209.16","3,246.86","3,209.16","312.40K","1.31%"
"06/30/2023","3,202.06","3,178.92","3,212.99","3,177.99","265.40K","0.62%"
"06/29/2023","3,182.38","3,185.42","3,196.50","3,179.53","250.30K","-0.22%"
"06/28/2023","3,189.38","3,183.49","3,192.66","3,157.12","276.20K","-0.00%"
"06/27/2023","3,189.44","3,153.31","3,194.41","3,148.27","287.60K","1.23%"
"06/26/2023","3,150.62","3,177.23","3,181.08","3,144.25","308.10K","-1.48%"
"06/21/2023","3,197.90","3,230.11","3,236.36","3,197.90","294.40K","-1.31%"
"06/20/2023","3,240.36","3,252.54","3,252.84","3,237.79","298.30K","-0.47%"
"06/19/2023","3,255.81","3,271.16","3,271.16","3,251.78","327.80K","-0.54%"
"06/16/2023","3,273.33","3,256.30","3,276.55","3,255.50","326.30K","0.63%"
"06/15/2023","3,252.98","3,230.45","3,252.98","3,229.15","313.30K","0.74%"
"06/14/2023","3,228.99","3,238.12","3,248.46","3,226.77","303.50K","-0.14%"
"06/13/2023","3,233.67","3,223.90","3,235.09","3,215.50","280.60K","0.15%"
"06/12/2023","3,228.83","3,225.30","3,239.44","3,210.71","313.80K","-0.08%"
"06/09/2023","3,231.41","3,213.03","3,231.41","3,206.10","314.20K","0.55%"
"06/08/2023","3,213.59","3,194.83","3,225.53","3,180.54","293.50K","0.50%"
"06/07/2023","3,197.76","3,197.47","3,210.33","3,188.01","258.10K","0.08%"
"06/06/2023","3,195.34","3,228.41","3,247.35","3,189.27","308.30K","-1.15%"
"06/05/2023","3,232.44","3,231.81","3,244.18","3,221.63","278.10K","0.07%"
"06/02/2023","3,230.07","3,212.45","3,233.99","3,211.74","294.70K","0.79%"
"06/01/2023","3,204.63","3,196.15","3,225.09","3,189.52","312.30K","0.00%"
"05/31/2023","3,204.56","3,214.66","3,216.36","3,190.27","294.60K","-0.61%"
"05/30/2023","3,224.21","3,214.67","3,230.63","3,186.63","303.50K","0.09%"
"05/29/2023","3,221.45","3,219.76","3,230.97","3,208.96","297.40K","0.28%"
"05/26/2023","3,212.50","3,198.88","3,220.77","3,179.82","261.70K","0.35%"
"05/25/2023","3,201.26","3,197.36","3,207.02","3,168.57","283.60K","-0.11%"
"05/24/2023","3,204.75","3,237.70","3,237.70","3,204.38","288.70K","-1.28%"
"05/23/2023","3,246.24","3,294.79","3,298.23","3,246.24","275.30K","-1.52%"
"05/22/2023","3,296.47","3,278.60","3,308.53","3,276.54","273.90K","0.39%"
"05/19/2023","3,283.54","3,288.89","3,302.34","3,268.22","285.40K","-0.42%"
"05/18/2023","3,297.32","3,288.41","3,313.86","3,284.17","310.00K","0.40%"
"05/17/2023","3,284.23","3,281.97","3,298.52","3,269.89","285.70K","-0.21%"
"05/16/2023","3,290.99","3,310.16","3,317.90","3,282.49","322.50K","-0.60%"
"05/15/2023","3,310.74","3,269.88","3,310.74","3,235.87","388.00K","1.17%"
"05/12/2023","3,272.36","3,304.46","3,319.13","3,271.43","347.30K","-1.12%"
"05/11/2023","3,309.55","3,323.66","3,333.25","3,307.29","354.30K","-0.29%"
"05/10/2023","3,319.15","3,347.70","3,349.72","3,305.25","451.70K","-1.15%"
"05/09/2023","3,357.67","3,402.39","3,418.95","3,356.12","573.00K","-1.10%"
"05/08/2023","3,395.00","3,340.99","3,400.18","3,340.99","534.10K","1.81%"
"05/05/2023","3,334.50","3,350.65","3,364.14","3,321.19","436.50K","-0.48%"
"05/04/2023","3,350.46","3,306.48","3,352.75","3,302.03","483.40K","0.82%"
"04/28/2023","3,323.27","3,283.12","3,324.88","3,283.12","401.60K","1.14%"
"04/27/2023","3,285.88","3,256.23","3,299.30","3,253.11","341.60K","0.67%"
"04/26/2023","3,264.10","3,255.22","3,277.98","3,239.99","357.90K","-0.02%"
"04/25/2023","3,264.87","3,276.40","3,288.57","3,229.45","380.90K","-0.32%"
"04/24/2023","3,275.41","3,300.81","3,303.09","3,264.93","354.30K","-0.78%"
"04/21/2023","3,301.26","3,364.00","3,367.61","3,301.26","387.40K","-1.95%"
"04/20/2023","3,367.03","3,367.05","3,371.37","3,344.02","350.40K","-0.09%"
"04/19/2023","3,370.13","3,391.35","3,394.96","3,364.64","346.10K","-0.68%"
"04/18/2023","3,393.33","3,379.23","3,396.17","3,375.78","348.40K","0.23%"
"04/17/2023","3,385.61","3,337.06","3,385.61","3,336.39","402.80K","1.42%"
"04/14/2023","3,338.15","3,326.37","3,340.08","3,316.81","338.30K","0.60%"
"04/13/2023","3,318.36","3,321.27","3,334.47","3,309.25","347.90K","-0.27%"
"04/12/2023","3,327.18","3,316.86","3,330.71","3,315.40","343.00K","0.41%"
"04/11/2023","3,313.57","3,317.08","3,317.45","3,298.25","320.60K","-0.05%"
"04/10/2023","3,315.36","3,331.51","3,332.72","3,309.92","340.80K","-0.37%"
"04/07/2023","3,327.65","3,312.48","3,328.85","3,308.06","283.00K","0.45%"
"04/06/2023","3,312.63","3,302.75","3,314.53","3,296.06","327.20K","0.00%"
"04/04/2023","3,312.56","3,297.18","3,312.56","3,290.99","385.90K","0.49%"
"04/03/2023","3,296.40","3,277.34","3,299.73","3,276.42","357.70K","0.72%"
"03/31/2023","3,272.86","3,263.41","3,278.42","3,260.04","283.60K","0.36%"
"03/30/2023","3,261.25","3,243.07","3,263.74","3,220.98","299.90K","0.65%"
"03/29/2023","3,240.06","3,253.62","3,254.56","3,229.58","296.90K","-0.16%"
"03/28/2023","3,245.38","3,256.60","3,264.10","3,241.74","295.70K","-0.19%"
"03/27/2023","3,251.40","3,261.82","3,261.82","3,229.70","337.90K","-0.44%"
"03/24/2023","3,265.65","3,282.74","3,282.74","3,260.84","324.50K","-0.64%"
"03/23/2023","3,286.65","3,258.78","3,286.65","3,252.99","306.10K","0.64%"
"03/22/2023","3,265.75","3,263.41","3,279.39","3,255.74","290.80K","0.31%"
"03/21/2023","3,255.65","3,240.84","3,256.00","3,237.89","301.80K","0.64%"
"03/20/2023","3,234.91","3,253.93","3,267.99","3,231.65","392.50K","-0.48%"
"03/17/2023","3,250.55","3,245.26","3,279.92","3,240.16","343.00K","0.73%"
"03/16/2023","3,226.89","3,244.47","3,257.43","3,224.72","327.40K","-1.12%"
"03/15/2023","3,263.31","3,261.03","3,273.12","3,256.86","305.20K","0.55%"
"03/14/2023","3,245.31","3,261.92","3,262.00","3,216.99","319.90K","-0.72%"
"03/13/2023","3,268.70","3,228.12","3,268.70","3,228.12","294.90K","1.20%"
"03/10/2023","3,230.08","3,255.51","3,262.15","3,229.50","281.10K","-1.40%"
"03/09/2023","3,276.09","3,285.94","3,289.06","3,260.00","264.00K","-0.22%"
"03/08/2023","3,283.25","3,271.88","3,283.25","3,263.69","260.40K","-0.06%"
"03/07/2023","3,285.10","3,320.21","3,342.86","3,284.41","390.00K","-1.11%"
"03/06/2023","3,322.03","3,332.02","3,333.06","3,308.73","340.50K","-0.19%"
"03/03/2023","3,328.39","3,314.77","3,330.60","3,302.62","344.00K","0.54%"
"03/02/2023","3,310.65","3,308.01","3,320.74","3,306.46","328.50K","-0.05%"
"03/01/2023","3,312.35","3,279.14","3,315.16","3,272.04","318.40K","1.00%"
"02/28/2023","3,279.61","3,265.74","3,280.42","3,246.14","251.60K","0.66%"
"02/27/2023","3,258.03","3,257.00","3,276.58","3,251.72","242.90K","-0.28%"
"02/24/2023","3,267.16","3,287.26","3,288.39","3,253.97","234.20K","-0.62%"
"02/23/2023","3,287.48","3,293.52","3,307.44","3,275.36","262.30K","-0.11%"
"02/22/2023","3,291.15","3,292.05","3,307.03","3,286.72","255.40K","-0.46%"
"02/21/2023","3,306.52","3,291.63","3,308.79","3,282.44","324.40K","0.49%"
"02/20/2023","3,290.34","3,230.47","3,291.04","3,225.84","325.00K","2.06%"
"02/17/2023","3,224.02","3,244.73","3,262.47","3,223.26","278.50K","-0.77%"
"02/16/2023","3,249.03","3,281.74","3,308.83","3,231.34","380.90K","-0.96%"
"02/15/2023","3,280.49","3,294.02","3,296.20","3,274.55","269.90K","-0.39%"
"02/14/2023","3,293.28","3,288.97","3,293.73","3,279.19","271.00K","0.28%"
"02/13/2023","3,284.16","3,256.99","3,285.09","3,252.63","297.20K","0.72%"
"02/10/2023","3,260.67","3,266.44","3,269.99","3,247.23","260.60K","-0.30%"
"02/09/2023","3,270.38","3,227.73","3,270.38","3,225.77","254.80K","1.18%"
"02/08/2023","3,232.11","3,251.50","3,257.11","3,230.44","234.50K","-0.49%"
"02/07/2023","3,248.09","3,245.23","3,250.03","3,233.83","250.90K","0.29%"
"02/06/2023","3,238.70","3,244.70","3,250.35","3,226.21","267.10K","-0.76%"
"02/03/2023","3,263.41","3,275.66","3,275.66","3,235.35","293.30K","-0.68%"
"02/02/2023","3,285.67","3,291.78","3,295.76","3,272.41","333.40K","0.02%"
"02/01/2023","3,284.92","3,262.20","3,284.92","3,245.41","339.50K","0.90%"
"01/31/2023","3,255.67","3,266.14","3,277.25","3,252.01","300.20K","-0.42%"
"01/30/2023","3,269.32","3,308.87","3,310.49","3,266.76","353.30K","0.14%"
"01/20/2023","3,264.81","3,247.20","3,267.06","3,247.20","273.20K","0.76%"
"01/19/2023","3,240.28","3,221.52","3,240.28","3,210.38","226.50K","0.49%"
"01/18/2023","3,224.41","3,227.59","3,234.82","3,220.37","212.10K","0.01%"
"01/17/2023","3,224.24","3,229.44","3,231.26","3,211.76","226.60K","-0.10%"
"01/16/2023","3,227.59","3,198.52","3,251.37","3,197.32","306.70K","1.01%"
"01/13/2023","3,195.31","3,170.35","3,195.31","3,167.51","220.20K","1.01%"
"01/12/2023","3,163.45","3,167.27","3,171.59","3,153.40","216.70K","0.05%"
"01/11/2023","3,161.84","3,172.38","3,184.76","3,160.89","237.70K","-0.24%"
"01/10/2023","3,169.51","3,178.02","3,178.16","3,165.14","233.00K","-0.21%"
"01/09/2023","3,176.08","3,169.37","3,183.58","3,165.43","258.10K","0.58%"
"01/06/2023","3,157.64","3,155.07","3,170.74","3,151.84","257.40K","0.08%"
"01/05/2023","3,155.22","3,132.76","3,159.43","3,130.23","257.00K","1.01%"
"01/04/2023","3,123.52","3,117.57","3,129.09","3,109.45","273.30K","0.22%"
"01/03/2023","3,116.51","3,087.51","3,119.86","3,073.05","281.40K","0.88%"
"12/30/2022","3,089.26","3,084.52","3,096.31","3,082.20","217.50K","0.51%"
"12/29/2022","3,073.70","3,076.73","3,086.00","3,064.46","215.60K","-0.44%"
"12/28/2022","3,087.40","3,088.62","3,098.65","3,079.43","224.60K","-0.26%"
"12/27/2022","3,095.57","3,077.75","3,098.08","3,074.31","222.20K","0.98%"
"12/26/2022","3,065.56","3,048.20","3,071.84","3,047.35","206.50K","0.65%"
"12/23/2022","3,045.87","3,038.84","3,061.87","3,031.54","192.00K","-0.28%"
"12/22/2022","3,054.43","3,085.80","3,096.24","3,044.60","223.60K","-0.46%"
"12/21/2022","3,068.41","3,078.33","3,085.80","3,060.55","189.10K","-0.17%"
"12/20/2022","3,073.77","3,098.95","3,100.75","3,061.51","218.80K","-1.07%"
"12/19/2022","3,107.12","3,165.31","3,170.26","3,096.10","278.50K","-1.92%"
"12/16/2022","3,167.86","3,156.14","3,175.35","3,151.61","259.80K","-0.02%"
"12/15/2022","3,168.65","3,177.20","3,179.10","3,158.45","243.00K","-0.25%"
"12/14/2022","3,176.53","3,178.55","3,189.84","3,168.59","265.60K","0.01%"
"12/13/2022","3,176.33","3,179.44","3,187.20","3,171.48","285.80K","-0.09%"
"12/12/2022","3,179.04","3,195.87","3,196.72","3,176.58","333.40K","-0.87%"
"12/09/2022","3,206.95","3,197.12","3,212.11","3,182.91","373.30K","0.30%"
"12/08/2022","3,197.35","3,196.02","3,206.72","3,187.26","321.00K","-0.07%"
"12/07/2022","3,199.62","3,204.94","3,226.08","3,188.67","354.10K","-0.40%"
"12/06/2022","3,212.53","3,200.28","3,224.82","3,195.08","373.60K","0.02%"
"12/05/2022","3,211.81","3,181.92","3,213.44","3,177.06","447.40K","1.76%"
"12/02/2022","3,156.14","3,160.58","3,170.90","3,149.84","307.80K","-0.29%"
"12/01/2022","3,165.47","3,187.99","3,198.41","3,164.53","387.00K","0.45%"
"11/30/2022","3,151.34","3,141.40","3,158.57","3,137.37","372.70K","0.05%"
"11/29/2022","3,149.75","3,096.11","3,152.00","3,096.11","391.40K","2.31%"
"11/28/2022","3,078.55","3,055.29","3,080.18","3,034.70","305.80K","-0.75%"
"11/25/2022","3,101.69","3,085.46","3,111.42","3,077.97","311.40K","0.40%"
"11/24/2022","3,089.31","3,104.10","3,113.24","3,084.85","267.50K","-0.25%"
"11/23/2022","3,096.91","3,084.74","3,108.24","3,075.32","326.20K","0.26%"
"11/22/2022","3,088.94","3,084.23","3,118.12","3,076.32","327.60K","0.13%"
"11/21/2022","3,085.04","3,078.06","3,085.24","3,056.17","256.00K","-0.39%"
"11/18/2022","3,097.24","3,116.73","3,126.71","3,096.89","300.00K","-0.58%"
"11/17/2022","3,115.43","3,110.96","3,115.44","3,087.17","287.00K","-0.15%"
"11/16/2022","3,119.98","3,133.65","3,145.75","3,115.35","303.40K","-0.45%"
"11/15/2022","3,134.08","3,081.13","3,135.59","3,074.50","331.50K","1.64%"
"11/14/2022","3,083.40","3,100.87","3,121.41","3,075.22","361.80K","-0.13%"
"11/11/2022","3,087.29","3,099.65","3,117.74","3,070.30","409.60K","1.69%"
"11/10/2022","3,036.13","3,031.69","3,047.98","3,022.85","270.40K","-0.39%"
"11/09/2022","3,048.17","3,064.46","3,073.92","3,046.19","235.60K","-0.53%"
"11/08/2022","3,064.49","3,077.31","3,078.28","3,047.46","256.50K","-0.43%"
"11/07/2022","3,077.82","3,062.86","3,088.19","3,054.46","320.60K","0.23%"
"11/04/2022","3,070.80","2,997.00","3,081.59","2,997.00","329.80K","2.43%"
"11/03/2022","2,997.81","2,981.20","3,003.72","2,977.72","259.30K","-0.19%"
"11/02/2022","3,003.37","2,960.65","3,019.05","2,954.95","325.10K","1.15%"
"11/01/2022","2,969.20","2,899.50","2,969.20","2,896.76","319.80K","2.62%"
"10/31/2022","2,893.48","2,893.20","2,926.02","2,885.09","302.00K","-0.77%"
"10/28/2022","2,915.93","2,967.02","2,974.24","2,908.98","292.50K","-2.25%"
"10/27/2022","2,982.90","3,005.04","3,017.26","2,981.69","265.60K","-0.55%"
"10/26/2022","2,999.50","2,977.56","3,028.35","2,977.56","268.70K","0.78%"
"10/25/2022","2,976.28","2,969.16","3,001.72","2,944.26","255.60K","-0.04%"
"10/24/2022","2,977.56","3,034.75","3,064.42","2,965.17","298.10K","-2.02%"
"10/21/2022","3,038.93","3,038.04","3,055.42","3,026.96","245.30K","0.13%"
"10/20/2022","3,035.05","3,029.30","3,070.26","3,013.69","244.70K","-0.31%"
"10/19/2022","3,044.38","3,073.26","3,081.39","3,044.38","230.90K","-1.19%"
"10/18/2022","3,080.96","3,094.93","3,099.92","3,074.22","245.60K","-0.13%"
"10/17/2022","3,084.94","3,060.52","3,087.19","3,052.71","262.60K","0.42%"
"10/14/2022","3,071.99","3,035.03","3,084.27","3,035.03","277.30K","1.84%"
"10/13/2022","3,016.36","3,008.30","3,036.25","3,004.50","249.70K","-0.30%"
"10/12/2022","3,025.51","2,976.72","3,025.51","2,934.09","248.00K","1.53%"
"10/11/2022","2,979.79","2,978.06","2,986.91","2,953.50","208.60K","0.19%"
"10/10/2022","2,974.15","3,026.94","3,029.45","2,968.28","243.40K","-1.66%"
"09/30/2022","3,024.39","3,042.17","3,054.61","3,021.93","204.10K","-0.55%"
"09/29/2022","3,041.20","3,067.47","3,076.76","3,026.08","230.00K","-0.13%"
"09/28/2022","3,045.07","3,089.10","3,089.10","3,044.86","230.10K","-1.58%"
"09/27/2022","3,093.86","3,056.39","3,094.04","3,048.37","232.70K","1.40%"
"09/26/2022","3,051.23","3,067.57","3,102.65","3,048.51","262.70K","-1.20%"
"09/23/2022","3,088.37","3,106.81","3,124.66","3,072.24","243.10K","-0.66%"
"09/22/2022","3,108.91","3,098.77","3,125.68","3,092.82","221.10K","-0.27%"
"09/21/2022","3,117.18","3,116.01","3,129.82","3,091.30","233.00K","-0.17%"
"09/20/2022","3,122.41","3,127.84","3,140.03","3,114.04","219.90K","0.22%"
"09/19/2022","3,115.60","3,122.75","3,135.56","3,101.22","249.10K","-0.35%"
"09/16/2022","3,126.40","3,189.83","3,191.83","3,126.40","316.50K","-2.30%"
"09/15/2022","3,199.92","3,248.97","3,254.18","3,174.39","325.20K","-1.16%"
"09/14/2022","3,237.54","3,224.68","3,250.80","3,221.96","255.20K","-0.80%"
"09/13/2022","3,263.80","3,272.05","3,278.17","3,259.66","276.20K","0.05%"
"09/09/2022","3,262.05","3,241.18","3,266.20","3,236.51","283.80K","0.82%"
"09/08/2022","3,235.59","3,245.56","3,253.70","3,233.80","281.70K","-0.33%"
"09/07/2022","3,246.29","3,232.14","3,253.77","3,227.82","301.00K","0.09%"
"09/06/2022","3,243.45","3,207.93","3,244.64","3,203.82","318.90K","1.36%"
"09/05/2022","3,199.91","3,183.95","3,199.91","3,172.04","280.70K","0.42%"
"09/02/2022","3,186.48","3,189.64","3,198.28","3,173.79","250.50K","0.05%"
"09/01/2022","3,184.98","3,196.54","3,214.56","3,181.63","274.70K","-0.54%"
"08/31/2022","3,202.14","3,216.53","3,232.02","3,184.39","344.40K","-0.78%"
"08/30/2022","3,227.22","3,240.18","3,243.75","3,212.63","294.30K","-0.42%"
"08/29/2022","3,240.73","3,203.10","3,240.73","3,199.00","297.00K","0.14%"
"08/26/2022","3,236.22","3,250.63","3,266.27","3,232.28","309.90K","-0.31%"
"08/25/2022","3,246.25","3,223.46","3,248.35","3,199.12","336.20K","0.97%"
"08/24/2022","3,215.20","3,279.17","3,281.88","3,212.39","366.10K","-1.86%"
"08/23/2022","3,276.22","3,274.43","3,284.60","3,262.63","316.60K","-0.05%"
"08/22/2022","3,277.79","3,249.70","3,278.17","3,247.19","314.50K","0.60%"
"08/19/2022","3,258.08","3,275.62","3,286.49","3,258.06","333.50K","-0.59%"
"08/18/2022","3,277.54","3,286.37","3,289.14","3,270.56","301.70K","-0.46%"
"08/17/2022","3,292.53","3,282.10","3,296.00","3,263.35","326.10K","0.45%"
"08/16/2022","3,277.88","3,278.68","3,295.02","3,271.57","303.60K","0.05%"
"08/15/2022","3,276.09","3,268.37","3,286.89","3,261.82","287.10K","-0.02%"
"08/12/2022","3,276.89","3,275.77","3,288.22","3,272.84","299.90K","-0.15%"
"08/11/2022","3,281.67","3,243.47","3,281.67","3,237.90","300.60K","1.60%"
"08/10/2022","3,230.02","3,242.36","3,253.17","3,217.81","257.60K","-0.54%"
"08/09/2022","3,247.43","3,235.74","3,248.77","3,227.54","259.60K","0.32%"
"08/08/2022","3,236.93","3,218.85","3,237.97","3,214.08","254.30K","0.31%"
"08/05/2022","3,227.03","3,195.23","3,228.89","3,184.45","274.70K","1.19%"
"08/04/2022","3,189.04","3,179.43","3,191.00","3,155.70","260.90K","0.80%"
"08/03/2022","3,163.67","3,188.89","3,217.55","3,159.46","324.90K","-0.71%"
"08/02/2022","3,186.27","3,231.26","3,231.26","3,155.19","394.20K","-2.26%"
"08/01/2022","3,259.96","3,246.62","3,264.30","3,225.55","292.20K","0.21%"
"07/29/2022","3,253.24","3,282.81","3,294.80","3,246.37","307.30K","-0.89%"
"07/28/2022","3,282.58","3,287.50","3,305.71","3,277.11","288.10K","0.21%"
"07/27/2022","3,275.76","3,271.78","3,282.57","3,265.73","249.10K","-0.05%"
"07/26/2022","3,277.44","3,254.19","3,282.41","3,246.04","259.50K","0.83%"
"07/25/2022","3,250.39","3,269.71","3,273.18","3,243.03","271.20K","-0.60%"
"07/22/2022","3,269.97","3,276.20","3,293.64","3,246.73","300.70K","-0.06%"
"07/21/2022","3,272.00","3,297.66","3,300.53","3,272.00","332.40K","-0.99%"
"07/20/2022","3,304.72","3,291.55","3,308.35","3,287.74","301.50K","0.77%"
"07/19/2022","3,279.43","3,278.72","3,283.93","3,256.02","315.70K","0.04%"
"07/18/2022","3,278.10","3,235.09","3,278.47","3,226.23","348.30K","1.55%"
"07/15/2022","3,228.06","3,261.38","3,288.92","3,228.06","380.20K","-1.64%"
"07/14/2022","3,281.74","3,277.45","3,299.25","3,261.49","355.90K","-0.08%"
"07/13/2022","3,284.29","3,279.60","3,297.02","3,266.48","331.80K","0.09%"
"07/12/2022","3,281.47","3,307.22","3,319.25","3,277.08","334.60K","-0.97%"
"07/11/2022","3,313.58","3,341.10","3,341.10","3,297.01","342.70K","-1.27%"
"07/08/2022","3,356.08","3,380.37","3,386.31","3,354.12","322.90K","-0.25%"
"07/07/2022","3,364.40","3,353.13","3,375.86","3,332.31","334.40K","0.27%"
"07/06/2022","3,355.35","3,391.03","3,391.03","3,333.10","384.60K","-1.43%"
"07/05/2022","3,404.03","3,411.13","3,424.84","3,372.06","411.70K","-0.04%"
"07/04/2022","3,405.43","3,381.82","3,405.62","3,364.09","357.70K","0.53%"
"07/01/2022","3,387.64","3,400.26","3,404.05","3,378.36","350.50K","-0.32%"
"06/30/2022","3,398.62","3,358.93","3,417.01","3,358.93","381.20K","1.10%"
"06/29/2022","3,361.52","3,399.68","3,414.65","3,358.47","440.60K","-1.40%"
"06/28/2022","3,409.21","3,377.68","3,412.10","3,358.87","412.10K","0.89%"
"06/27/2022","3,379.19","3,364.00","3,393.31","3,364.00","414.10K","0.88%"
"06/24/2022","3,349.75","3,324.74","3,356.71","3,322.95","390.80K","0.89%"
"06/23/2022","3,320.15","3,269.05","3,320.15","3,262.29","400.60K","1.62%"
"06/22/2022","3,267.20","3,309.12","3,311.02","3,266.54","375.50K","-1.20%"
"06/21/2022","3,306.72","3,313.79","3,329.39","3,279.83","394.50K","-0.26%"
"06/20/2022","3,315.43","3,315.78","3,333.90","3,292.93","413.50K","-0.04%"
"06/17/2022","3,316.79","3,265.51","3,323.28","3,262.89","395.30K","0.96%"
"06/16/2022","3,285.38","3,306.84","3,319.69","3,277.53","433.20K","-0.61%"
"06/15/2022","3,305.41","3,289.10","3,358.55","3,288.85","550.60K","0.50%"
"06/14/2022","3,288.91","3,224.21","3,289.13","3,195.82","450.40K","1.02%"
"06/13/2022","3,255.55","3,256.28","3,272.99","3,229.31","438.60K","-0.89%"
"06/10/2022","3,284.83","3,214.18","3,286.62","3,210.81","439.90K","1.42%"
"06/09/2022","3,238.95","3,259.49","3,270.56","3,223.48","422.70K","-0.76%"
"06/08/2022","3,263.79","3,245.02","3,266.63","3,216.01","434.20K","0.68%"
"06/07/2022","3,241.76","3,235.42","3,253.09","3,222.64","402.20K","0.17%"
"06/06/2022","3,236.37","3,196.96","3,237.07","3,181.65","422.00K","1.28%"
"06/02/2022","3,195.46","3,170.31","3,197.28","3,163.76","361.80K","0.42%"
"06/01/2022","3,182.16","3,179.69","3,190.61","3,160.04","365.70K","-0.13%"
"05/31/2022","3,186.43","3,149.94","3,188.60","3,142.00","374.50K","1.19%"
"05/30/2022","3,149.06","3,141.96","3,150.89","3,123.15","349.40K","0.60%"
"05/27/2022","3,130.24","3,135.03","3,151.05","3,112.54","359.50K","0.23%"
"05/26/2022","3,123.11","3,111.48","3,133.28","3,079.48","370.30K","0.50%"
"05/25/2022","3,107.46","3,070.17","3,107.63","3,069.95","342.30K","1.19%"
"05/24/2022","3,070.93","3,149.06","3,153.13","3,070.93","416.30K","-2.41%"
"05/23/2022","3,146.86","3,150.49","3,150.51","3,127.90","353.40K","0.01%"
"05/20/2022","3,146.57","3,107.09","3,146.57","3,107.09","372.30K","1.60%"
"05/19/2022","3,096.96","3,046.71","3,096.96","3,042.67","336.60K","0.36%"
"05/18/2022","3,085.98","3,095.89","3,105.84","3,071.31","315.00K","-0.25%"
"05/17/2022","3,093.70","3,076.50","3,093.70","3,057.64","330.40K","0.65%"
"05/16/2022","3,073.75","3,100.55","3,102.58","3,063.40","338.10K","-0.34%"
"05/13/2022","3,084.28","3,068.03","3,086.10","3,059.25","331.70K","0.96%"
"05/12/2022","3,054.99","3,044.80","3,072.16","3,032.95","344.40K","-0.12%"
"05/11/2022","3,058.70","3,035.39","3,100.90","3,034.67","424.00K","0.75%"
"05/10/2022","3,035.84","2,965.78","3,043.78","2,957.40","370.70K","1.06%"
"05/09/2022","3,004.14","2,990.20","3,015.94","2,983.61","292.10K","0.09%"
"05/06/2022","3,001.56","3,011.32","3,030.69","2,992.72","343.30K","-2.16%"
"05/05/2022","3,067.76","3,044.85","3,082.23","3,042.12","383.10K","0.68%"
"04/29/2022","3,047.06","2,986.06","3,048.49","2,968.33","423.90K","2.41%"
"04/28/2022","2,975.48","2,945.81","2,991.51","2,936.79","100","0.58%"
"04/27/2022","2,958.28","2,866.82","2,959.18","2,863.65","423.10K","2.49%"
"04/26/2022","2,886.43","2,930.45","2,957.68","2,878.26","401.60K","-1.44%"
"04/25/2022","2,928.51","3,034.27","3,043.82","2,928.51","433.60K","-5.13%"
"04/22/2022","3,086.92","3,058.40","3,105.66","3,049.36","342.00K","0.23%"
"04/21/2022","3,079.81","3,138.43","3,160.90","3,069.68","391.90K","-2.26%"
"04/20/2022","3,151.05","3,189.89","3,191.83","3,142.05","362.00K","-1.35%"
"04/19/2022","3,194.03","3,192.09","3,207.83","3,174.71","339.90K","-0.05%"
"04/18/2022","3,195.52","3,185.94","3,204.03","3,166.98","347.40K","-0.49%"
"04/15/2022","3,211.25","3,210.70","3,229.87","3,200.13","407.80K","-0.45%"
"04/14/2022","3,225.64","3,203.63","3,240.00","3,200.23","371.20K","1.22%"
"04/13/2022","3,186.82","3,199.80","3,225.47","3,183.53","391.20K","-0.83%"
"04/12/2022","3,213.33","3,165.12","3,214.54","3,140.90","418.30K","1.46%"
"04/11/2022","3,167.13","3,239.86","3,239.86","3,156.51","424.20K","-2.61%"
"04/08/2022","3,251.85","3,239.88","3,257.09","3,208.35","413.80K","0.47%"
"04/07/2022","3,236.70","3,267.81","3,290.26","3,236.48","402.60K","-1.42%"
"04/06/2022","3,283.43","3,269.43","3,288.11","3,255.69","429.60K","0.02%"
"04/01/2022","3,282.72","3,234.67","3,287.23","3,226.30","378.20K","0.94%"
"03/31/2022","3,252.20","3,256.14","3,272.04","3,246.06","398.40K","-0.44%"
"03/30/2022","3,266.60","3,217.59","3,266.60","3,216.30","366.80K","1.96%"
"03/29/2022","3,203.94","3,216.01","3,229.18","3,196.46","316.30K","-0.33%"
"03/28/2022","3,214.50","3,185.17","3,230.22","3,159.83","345.00K","0.07%"
"03/25/2022","3,212.24","3,247.16","3,257.11","3,211.64","340.00K","-1.17%"
"03/24/2022","3,250.26","3,256.06","3,266.89","3,236.66","329.00K","-0.63%"
"03/23/2022","3,271.03","3,264.79","3,279.89","3,251.98","349.90K","0.34%"
"03/22/2022","3,259.86","3,249.54","3,279.11","3,239.53","361.20K","0.19%"
"03/21/2022","3,253.69","3,255.62","3,267.50","3,223.39","354.20K","0.08%"
"03/18/2022","3,251.07","3,207.15","3,260.78","3,197.36","373.00K","1.12%"
"03/17/2022","3,215.04","3,215.01","3,260.17","3,202.93","420.80K","1.40%"
"03/16/2022","3,170.71","3,107.67","3,177.79","3,023.30","444.70K","3.48%"
"03/15/2022","3,063.97","3,192.36","3,196.92","3,063.97","465.00K","-4.95%"
"03/14/2022","3,223.53","3,271.89","3,297.80","3,223.53","338.00K","-2.61%"
"03/11/2022","3,309.75","3,259.32","3,315.66","3,217.42","384.10K","0.41%"
"03/10/2022","3,296.09","3,312.18","3,326.58","3,291.24","378.30K","1.22%"
"03/09/2022","3,256.39","3,303.71","3,321.48","3,147.68","466.30K","-1.13%"
"03/08/2022","3,293.53","3,372.55","3,383.63","3,287.34","415.90K","-2.35%"
"03/07/2022","3,372.86","3,438.56","3,438.56","3,360.74","393.60K","-2.17%"
"03/04/2022","3,447.65","3,459.98","3,474.88","3,437.70","393.50K","-0.96%"
"03/03/2022","3,481.11","3,495.93","3,500.29","3,473.34","412.60K","-0.09%"
"03/02/2022","3,484.19","3,478.29","3,486.62","3,467.00","329.40K","-0.13%"
"03/01/2022","3,488.83","3,471.36","3,491.13","3,465.72","326.00K","0.77%"
"02/28/2022","3,462.31","3,450.32","3,462.31","3,425.52","345.80K","0.32%"
"02/25/2022","3,451.41","3,445.34","3,480.18","3,440.93","377.50K","0.63%"
"02/24/2022","3,429.96","3,474.37","3,486.98","3,400.21","488.40K","-1.70%"
"02/23/2022","3,489.15","3,458.51","3,490.76","3,458.18","325.60K","0.93%"
"02/22/2022","3,457.15","3,473.29","3,473.39","3,437.67","326.30K","-0.96%"
"02/21/2022","3,490.61","3,488.41","3,492.20","3,471.69","301.50K","-0.00%"
"02/18/2022","3,490.76","3,451.63","3,490.76","3,447.03","295.10K","0.66%"
"02/17/2022","3,468.04","3,464.21","3,480.97","3,454.28","297.30K","0.06%"
"02/16/2022","3,465.83","3,457.07","3,475.06","3,453.80","275.00K","0.57%"
"02/15/2022","3,446.09","3,428.04","3,447.49","3,421.64","275.60K","0.50%"
"02/14/2022","3,428.88","3,451.85","3,457.26","3,415.45","315.30K","-0.98%"
"02/11/2022","3,462.95","3,472.28","3,500.15","3,459.33","361.40K","-0.66%"
"02/10/2022","3,485.91","3,481.91","3,488.86","3,464.22","355.70K","0.17%"
"02/09/2022","3,479.95","3,450.82","3,484.74","3,444.08","350.20K","0.79%"
"02/08/2022","3,452.63","3,428.54","3,453.19","3,390.46","366.10K","0.67%"
"02/07/2022","3,429.58","3,407.76","3,434.03","3,407.76","320.50K","2.03%"
"01/28/2022","3,361.44","3,407.59","3,417.05","3,356.56","290.90K","-0.97%"
"01/27/2022","3,394.25","3,456.10","3,456.36","3,392.02","280.60K","-1.78%"
"01/26/2022","3,455.67","3,442.69","3,462.12","3,417.76","275.10K","0.66%"
"01/25/2022","3,433.06","3,509.28","3,519.83","3,433.06","327.40K","-2.58%"
"01/24/2022","3,524.11","3,508.24","3,531.61","3,500.14","280.30K","0.04%"
"01/21/2022","3,522.57","3,546.75","3,547.00","3,514.89","326.50K","-0.91%"
"01/20/2022","3,555.06","3,556.23","3,576.26","3,540.55","379.50K","-0.09%"
"01/19/2022","3,558.18","3,567.63","3,578.73","3,541.66","333.20K","-0.33%"
"01/18/2022","3,569.91","3,541.89","3,579.31","3,531.33","377.10K","0.80%"
"01/17/2022","3,541.67","3,522.09","3,546.09","3,519.43","312.90K","0.58%"
"01/14/2022","3,521.26","3,544.07","3,548.42","3,519.32","376.90K","-0.96%"
"01/13/2022","3,555.26","3,601.03","3,601.07","3,555.16","369.40K","-1.17%"
"01/12/2022","3,597.43","3,578.16","3,599.50","3,572.10","343.10K","0.84%"
"01/11/2022","3,567.44","3,589.90","3,602.15","3,562.75","359.80K","-0.73%"
"01/10/2022","3,593.52","3,572.74","3,593.52","3,555.13","356.20K","0.39%"
"01/07/2022","3,579.54","3,588.99","3,607.23","3,577.10","436.30K","-0.18%"
"01/06/2022","3,586.08","3,581.22","3,594.49","3,559.88","371.50K","-0.25%"
"01/05/2022","3,595.18","3,628.26","3,628.26","3,583.47","423.90K","-1.02%"
"01/04/2022","3,632.33","3,649.15","3,651.89","3,610.09","405.00K","-0.20%"
"12/31/2021","3,639.78","3,626.24","3,642.84","3,624.94","329.70K","0.57%"
"12/30/2021","3,619.19","3,596.49","3,628.92","3,595.50","307.80K","0.62%"
"12/29/2021","3,597.00","3,630.92","3,630.92","3,596.32","305.10K","-0.91%"
"12/28/2021","3,630.11","3,619.64","3,631.08","3,607.36","316.20K","0.39%"
"12/27/2021","3,615.97","3,613.05","3,632.19","3,601.94","329.20K","-0.06%"
"12/24/2021","3,618.05","3,645.40","3,648.96","3,612.07","390.30K","-0.69%"
"12/23/2021","3,643.34","3,625.47","3,643.55","3,618.05","382.90K","0.57%"
"12/22/2021","3,622.62","3,632.68","3,635.90","3,616.55","394.80K","-0.07%"
"12/21/2021","3,625.13","3,591.45","3,627.09","3,591.45","408.20K","0.88%"
"12/20/2021","3,593.60","3,620.04","3,643.95","3,589.36","423.90K","-1.07%"
"12/17/2021","3,632.36","3,670.26","3,673.65","3,631.66","408.50K","-1.16%"
"12/16/2021","3,675.02","3,648.93","3,675.02","3,644.66","381.30K","0.75%"
"12/15/2021","3,647.63","3,655.05","3,668.40","3,645.24","377.50K","-0.38%"
"12/14/2021","3,661.53","3,669.81","3,671.68","3,654.66","362.20K","-0.53%"
"12/13/2021","3,681.08","3,686.94","3,708.94","3,678.06","424.10K","0.40%"
"12/10/2021","3,666.35","3,654.37","3,667.85","3,651.35","420.00K","-0.18%"
"12/09/2021","3,673.04","3,641.16","3,688.40","3,638.70","431.90K","0.98%"
"12/08/2021","3,637.57","3,602.82","3,637.72","3,591.99","361.00K","1.18%"
"12/07/2021","3,595.09","3,611.22","3,614.22","3,572.57","403.80K","0.16%"
"12/06/2021","3,589.31","3,615.24","3,626.13","3,586.81","418.70K","-0.50%"
"12/03/2021","3,607.43","3,576.45","3,608.47","3,573.21","377.60K","0.94%"
"12/02/2021","3,573.84","3,573.25","3,586.87","3,567.14","354.00K","-0.09%"
"12/01/2021","3,576.89","3,561.89","3,576.89","3,558.69","329.90K","0.36%"
"11/30/2021","3,563.89","3,570.75","3,582.12","3,546.36","349.20K","0.03%"
"11/29/2021","3,562.70","3,528.67","3,563.68","3,526.36","333.60K","-0.04%"
"11/26/2021","3,564.09","3,576.11","3,576.11","3,554.88","301.00K","-0.56%"
"11/25/2021","3,584.18","3,593.39","3,597.15","3,579.53","306.50K","-0.24%"
"11/24/2021","3,592.70","3,590.02","3,602.74","3,575.29","336.80K","0.10%"
"11/23/2021","3,589.09","3,580.51","3,598.38","3,577.36","360.00K","0.20%"
"11/22/2021","3,582.08","3,562.76","3,585.19","3,562.75","330.00K","0.61%"
"11/19/2021","3,560.37","3,519.28","3,561.91","3,517.65","318.00K","1.13%"
"11/18/2021","3,520.71","3,531.49","3,537.98","3,513.11","312.40K","-0.47%"
"11/17/2021","3,537.37","3,518.56","3,537.51","3,513.52","276.70K","0.44%"
"11/16/2021","3,521.79","3,530.46","3,549.77","3,517.81","310.40K","-0.33%"
"11/15/2021","3,533.30","3,542.90","3,550.44","3,521.29","313.00K","-0.16%"
"11/12/2021","3,539.10","3,534.15","3,543.65","3,527.39","308.70K","0.18%"
"11/11/2021","3,532.79","3,486.45","3,534.20","3,482.83","322.10K","1.15%"
"11/10/2021","3,492.46","3,498.94","3,498.94","3,448.44","307.00K","-0.41%"
"11/09/2021","3,507.00","3,507.11","3,514.95","3,489.04","287.30K","0.24%"
"11/08/2021","3,498.63","3,491.97","3,507.27","3,484.24","298.20K","0.20%"
"11/05/2021","3,491.57","3,520.21","3,525.87","3,491.46","354.50K","-1.00%"
"11/04/2021","3,526.87","3,505.89","3,527.95","3,503.01","319.40K","0.81%"
"11/03/2021","3,498.54","3,501.11","3,512.61","3,480.49","306.60K","-0.20%"
"11/02/2021","3,505.63","3,543.38","3,559.05","3,477.66","417.60K","-1.10%"
"11/01/2021","3,544.48","3,530.40","3,556.59","3,519.29","382.30K","-0.08%"
"10/29/2021","3,547.34","3,519.33","3,547.34","3,502.80","358.80K","0.82%"
"10/28/2021","3,518.42","3,548.70","3,552.04","3,509.49","378.20K","-1.23%"
"10/27/2021","3,562.31","3,589.86","3,589.86","3,553.13","350.60K","-0.98%"
"10/26/2021","3,597.64","3,612.83","3,625.02","3,589.71","337.30K","-0.34%"
"10/25/2021","3,609.86","3,574.26","3,611.09","3,564.21","321.20K","0.76%"
"10/22/2021","3,582.60","3,594.75","3,607.58","3,578.76","353.20K","-0.34%"
"10/21/2021","3,594.78","3,590.05","3,610.96","3,576.35","352.30K","0.22%"
"10/20/2021","3,587.00","3,583.24","3,596.05","3,574.30","344.20K","-0.17%"
"10/19/2021","3,593.15","3,562.30","3,596.79","3,560.62","334.20K","0.70%"
"10/18/2021","3,568.14","3,571.05","3,571.05","3,539.48","341.00K","-0.12%"
"10/15/2021","3,572.37","3,551.99","3,578.77","3,542.69","320.30K","0.40%"
"10/14/2021","3,558.28","3,555.11","3,569.69","3,547.18","295.00K","-0.10%"
"10/13/2021","3,561.76","3,543.49","3,569.13","3,515.65","325.10K","0.42%"
"10/12/2021","3,546.94","3,581.30","3,583.64","3,515.14","405.40K","-1.25%"
"10/11/2021","3,591.71","3,600.36","3,614.70","3,586.75","394.40K","-0.01%"
"10/08/2021","3,592.17","3,609.09","3,612.55","3,571.73","407.20K","0.67%"
"09/30/2021","3,568.17","3,541.93","3,572.43","3,541.93","395.60K","0.90%"
"09/29/2021","3,536.29","3,573.52","3,573.52","3,518.05","452.50K","-1.83%"
"09/28/2021","3,602.22","3,577.89","3,610.92","3,568.82","444.20K","0.54%"
"09/27/2021","3,582.83","3,625.96","3,640.81","3,559.92","510.80K","-0.84%"
"09/24/2021","3,613.07","3,637.87","3,651.43","3,607.79","507.30K","-0.80%"
"09/23/2021","3,642.22","3,651.27","3,670.95","3,632.28","535.00K","0.38%"
"09/22/2021","3,628.49","3,563.21","3,629.45","3,560.50","472.30K","0.40%"
"09/17/2021","3,613.97","3,595.27","3,620.96","3,569.27","516.90K","0.19%"
"09/16/2021","3,607.09","3,664.84","3,677.92","3,606.73","546.70K","-1.34%"
"09/15/2021","3,656.22","3,651.16","3,677.53","3,638.32","475.00K","-0.17%"
"09/14/2021","3,662.60","3,709.63","3,723.85","3,655.63","565.00K","-1.42%"
"09/13/2021","3,715.37","3,699.25","3,716.83","3,692.82","557.50K","0.33%"
"09/10/2021","3,703.11","3,691.19","3,722.87","3,681.64","635.20K","0.27%"
"09/09/2021","3,693.13","3,666.82","3,693.45","3,662.16","604.80K","0.49%"
"09/08/2021","3,675.19","3,673.40","3,695.32","3,661.00","586.40K","-0.04%"
"09/07/2021","3,676.59","3,621.71","3,681.93","3,615.14","547.70K","1.51%"
"09/06/2021","3,621.86","3,580.14","3,626.29","3,580.14","521.70K","1.12%"
"09/03/2021","3,581.73","3,602.74","3,613.95","3,569.40","614.50K","-0.43%"
"09/02/2021","3,597.04","3,559.90","3,597.37","3,557.68","572.70K","0.84%"
"09/01/2021","3,567.10","3,543.87","3,582.32","3,514.67","667.30K","0.65%"
"08/31/2021","3,543.94","3,519.02","3,543.94","3,496.39","524.20K","0.45%"
"08/30/2021","3,528.15","3,535.07","3,539.49","3,512.99","512.80K","0.17%"
"08/27/2021","3,522.16","3,494.42","3,530.19","3,493.38","455.30K","0.59%"
"08/26/2021","3,501.66","3,537.31","3,537.32","3,499.45","502.90K","-1.09%"
"08/25/2021","3,540.38","3,517.92","3,540.39","3,510.07","450.00K","0.74%"
"08/24/2021","3,514.47","3,482.27","3,522.70","3,481.14","430.20K","1.07%"
"08/23/2021","3,477.13","3,436.80","3,481.25","3,436.67","384.70K","1.45%"
"08/20/2021","3,427.33","3,442.51","3,453.15","3,394.97","391.10K","-1.10%"
"08/19/2021","3,465.55","3,475.30","3,480.46","3,446.01","382.40K","-0.57%"
"08/18/2021","3,485.29","3,442.35","3,487.44","3,437.69","389.20K","1.11%"
"08/17/2021","3,446.98","3,512.11","3,531.73","3,438.12","422.90K","-2.00%"
"08/16/2021","3,517.34","3,514.34","3,537.85","3,510.90","391.10K","0.03%"
"08/13/2021","3,516.30","3,514.47","3,540.08","3,500.80","378.20K","-0.24%"
"08/12/2021","3,524.74","3,522.72","3,538.40","3,513.45","381.10K","-0.22%"
"08/11/2021","3,532.62","3,527.11","3,544.09","3,524.04","383.80K","0.08%"
"08/10/2021","3,529.93","3,488.66","3,529.93","3,477.06","345.10K","1.01%"
"08/09/2021","3,494.63","3,441.75","3,502.84","3,438.70","349.90K","1.05%"
"08/06/2021","3,458.23","3,465.48","3,466.39","3,436.93","336.80K","-0.24%"
"08/05/2021","3,466.55","3,461.72","3,486.16","3,449.39","348.40K","-0.31%"
"08/04/2021","3,477.22","3,442.94","3,477.60","3,440.78","348.70K","0.85%"
"08/03/2021","3,447.99","3,446.78","3,470.66","3,435.46","400.70K","-0.47%"
"08/02/2021","3,464.29","3,385.69","3,464.29","3,367.64","432.90K","1.97%"
"07/30/2021","3,397.36","3,398.20","3,404.88","3,370.45","381.40K","-0.42%"
"07/29/2021","3,411.72","3,403.84","3,416.61","3,382.57","344.60K","1.49%"
"07/28/2021","3,361.59","3,355.82","3,385.54","3,312.72","395.80K","-0.58%"
"07/27/2021","3,381.18","3,467.45","3,483.87","3,380.28","469.10K","-2.49%"
"07/26/2021","3,467.44","3,538.01","3,538.01","3,424.74","442.90K","-2.34%"
"07/23/2021","3,550.40","3,571.72","3,571.85","3,541.51","446.40K","-0.68%"
"07/22/2021","3,574.73","3,563.66","3,576.47","3,558.29","381.10K","0.34%"
"07/21/2021","3,562.66","3,543.05","3,569.09","3,543.05","339.00K","0.73%"
"07/20/2021","3,536.79","3,515.07","3,538.64","3,509.19","293.80K","-0.07%"
"07/19/2021","3,539.12","3,530.49","3,544.88","3,506.34","336.80K","-0.01%"
"07/16/2021","3,539.30","3,559.53","3,566.00","3,537.73","366.00K","-0.71%"
"07/15/2021","3,564.59","3,519.06","3,565.93","3,514.26","363.30K","1.02%"
"07/14/2021","3,528.50","3,560.83","3,560.83","3,525.49","372.20K","-1.07%"
"07/13/2021","3,566.52","3,547.59","3,567.48","3,542.82","362.40K","0.53%"
"07/12/2021","3,547.84","3,545.20","3,565.03","3,527.39","403.60K","0.67%"
"07/09/2021","3,524.09","3,512.23","3,529.31","3,485.05","349.90K","-0.04%"
"07/08/2021","3,525.50","3,557.22","3,558.68","3,521.06","350.90K","-0.79%"
"07/07/2021","3,553.72","3,508.59","3,557.88","3,504.47","318.80K","0.66%"
"07/06/2021","3,530.26","3,533.13","3,538.35","3,496.93","314.10K","-0.11%"
"07/05/2021","3,534.32","3,516.92","3,534.32","3,510.58","288.10K","0.44%"
"07/02/2021","3,518.76","3,569.89","3,569.89","3,514.34","291.90K","-1.95%"
"07/01/2021","3,588.78","3,600.55","3,607.70","3,573.94","291.90K","-0.07%"
"06/30/2021","3,591.20","3,572.62","3,594.12","3,569.50","268.20K","0.50%"
"06/29/2021","3,573.18","3,601.68","3,601.83","3,570.53","306.10K","-0.92%"
"06/28/2021","3,606.37","3,612.25","3,614.36","3,594.22","321.30K","-0.03%"
"06/25/2021","3,607.56","3,567.38","3,614.30","3,564.52","346.10K","1.15%"
"06/24/2021","3,566.65","3,568.58","3,570.49","3,548.82","335.40K","0.01%"
"06/23/2021","3,566.22","3,559.40","3,577.47","3,549.85","310.70K","0.25%"
"06/22/2021","3,557.41","3,539.79","3,560.19","3,536.81","307.50K","0.80%"
"06/21/2021","3,529.18","3,515.50","3,540.30","3,504.01","280.90K","0.12%"
"06/18/2021","3,525.10","3,520.50","3,535.62","3,503.18","296.70K","-0.01%"
"06/17/2021","3,525.60","3,508.32","3,534.20","3,507.35","277.20K","0.21%"
"06/16/2021","3,518.33","3,556.71","3,561.09","3,513.56","312.60K","-1.07%"
"06/15/2021","3,556.56","3,587.47","3,592.95","3,547.19","349.20K","-0.92%"
"06/11/2021","3,589.75","3,614.11","3,614.40","3,587.15","360.60K","-0.58%"
"06/10/2021","3,610.86","3,587.53","3,624.34","3,584.13","318.20K","0.54%"
"06/09/2021","3,591.40","3,576.80","3,598.71","3,572.64","298.30K","0.32%"
"06/08/2021","3,580.11","3,598.75","3,621.52","3,563.25","304.50K","-0.54%"
"06/07/2021","3,599.54","3,597.14","3,600.38","3,581.90","303.70K","0.21%"
"06/04/2021","3,591.84","3,565.47","3,618.80","3,561.89","330.90K","0.21%"
"06/03/2021","3,584.21","3,595.42","3,618.51","3,584.21","354.20K","-0.36%"
"06/02/2021","3,597.14","3,626.33","3,629.29","3,584.60","348.60K","-0.76%"
"06/01/2021","3,624.71","3,608.60","3,626.07","3,581.91","352.80K","0.26%"
"05/31/2021","3,615.48","3,600.07","3,615.66","3,580.65","331.50K","0.41%"
"05/28/2021","3,600.78","3,610.77","3,622.18","3,582.36","349.20K","-0.22%"
"05/27/2021","3,608.85","3,585.73","3,626.36","3,579.26","309.60K","0.43%"
"05/26/2021","3,593.36","3,586.84","3,603.49","3,585.37","342.00K","0.34%"
"05/25/2021","3,581.34","3,502.54","3,584.58","3,502.44","341.20K","2.40%"
"05/24/2021","3,497.28","3,486.27","3,498.30","3,469.87","289.50K","0.31%"
"05/21/2021","3,486.56","3,510.84","3,518.38","3,479.67","283.80K","-0.58%"
"05/20/2021","3,506.94","3,500.88","3,517.74","3,486.07","326.00K","-0.11%"
"05/19/2021","3,510.96","3,521.11","3,521.11","3,503.82","278.30K","-0.51%"
"05/18/2021","3,529.01","3,520.65","3,529.01","3,510.86","271.30K","0.32%"
"05/17/2021","3,517.62","3,490.41","3,530.51","3,490.14","322.10K","0.78%"
"05/14/2021","3,490.38","3,436.09","3,490.64","3,422.56","337.00K","1.77%"
"05/13/2021","3,429.54","3,432.14","3,448.02","3,418.38","319.30K","-0.96%"
"05/12/2021","3,462.75","3,429.75","3,466.37","3,428.39","311.40K","0.61%"
"05/11/2021","3,441.85","3,406.60","3,448.10","3,384.70","350.90K","0.40%"
"05/10/2021","3,427.99","3,423.59","3,429.74","3,401.93","374.20K","0.27%"
"05/07/2021","3,418.87","3,446.41","3,457.89","3,416.78","353.80K","-0.65%"
"05/06/2021","3,441.28","3,446.07","3,471.24","3,426.85","310.40K","-0.16%"
"04/30/2021","3,446.86","3,468.30","3,469.09","3,426.90","312.70K","-0.81%"
"04/29/2021","3,474.90","3,458.08","3,478.23","3,447.59","276.60K","0.52%"
"04/28/2021","3,457.07","3,432.16","3,457.07","3,423.33","247.40K","0.42%"
"04/27/2021","3,442.61","3,440.09","3,443.85","3,417.26","253.00K","0.04%"
"04/26/2021","3,441.17","3,484.11","3,497.12","3,438.57","277.00K","-0.95%"
"04/23/2021","3,474.17","3,462.09","3,482.36","3,456.33","249.40K","0.26%"
"04/22/2021","3,465.11","3,482.83","3,485.36","3,456.32","251.10K","-0.23%"
"04/21/2021","3,472.93","3,456.30","3,481.25","3,450.11","253.80K","-0.00%"
"04/20/2021","3,472.94","3,467.15","3,494.30","3,463.46","285.30K","-0.13%"
"04/19/2021","3,477.55","3,427.55","3,479.01","3,414.36","302.70K","1.49%"
"04/16/2021","3,426.62","3,407.19","3,432.63","3,394.13","258.60K","0.81%"
"04/15/2021","3,398.99","3,409.61","3,409.61","3,373.09","234.00K","-0.52%"
"04/14/2021","3,416.72","3,397.02","3,420.03","3,392.98","233.20K","0.60%"
"04/13/2021","3,396.47","3,411.29","3,425.39","3,387.90","270.60K","-0.48%"
"04/12/2021","3,412.95","3,445.97","3,456.16","3,403.90","309.60K","-1.09%"
"04/09/2021","3,450.68","3,475.44","3,475.45","3,442.14","280.10K","-0.92%"
"04/08/2021","3,482.55","3,467.49","3,495.91","3,459.32","331.80K","0.08%"
"04/07/2021","3,479.63","3,483.42","3,483.42","3,453.19","295.80K","-0.10%"
"04/06/2021","3,482.97","3,491.63","3,493.28","3,471.76","234.70K","-0.04%"
"04/02/2021","3,484.39","3,472.63","3,487.59","3,462.83","262.70K","0.52%"
"04/01/2021","3,466.33","3,444.81","3,470.03","3,438.83","275.20K","0.71%"
"03/31/2021","3,441.91","3,452.21","3,452.21","3,420.83","283.00K","-0.43%"
"03/30/2021","3,456.68","3,432.53","3,457.63","3,423.32","285.40K","0.62%"
"03/29/2021","3,435.30","3,429.63","3,449.83","3,409.89","284.80K","0.50%"
"03/26/2021","3,418.33","3,373.32","3,423.22","3,373.32","274.60K","1.63%"
"03/25/2021","3,363.59","3,355.07","3,382.23","3,344.97","270.70K","-0.10%"
"03/24/2021","3,367.06","3,394.13","3,415.29","3,362.18","317.40K","-1.30%"
"03/23/2021","3,411.51","3,445.34","3,445.42","3,390.05","326.40K","-0.93%"
"03/22/2021","3,443.44","3,406.12","3,443.66","3,404.23","312.60K","1.14%"
"03/19/2021","3,404.66","3,423.87","3,439.52","3,389.29","309.20K","-1.69%"
"03/18/2021","3,463.07","3,449.64","3,478.15","3,449.38","284.40K","0.51%"
"03/17/2021","3,445.55","3,435.73","3,454.06","3,410.28","280.10K","-0.03%"
"03/16/2021","3,446.73","3,424.65","3,448.88","3,406.18","316.70K","0.78%"
"03/15/2021","3,419.95","3,441.88","3,457.49","3,392.51","367.80K","-0.96%"
"03/12/2021","3,453.08","3,447.20","3,454.51","3,417.24","358.00K","0.47%"
"03/11/2021","3,436.83","3,369.90","3,436.83","3,369.90","322.10K","2.36%"
"03/10/2021","3,357.74","3,389.84","3,397.03","3,354.82","299.70K","-0.05%"
"03/09/2021","3,359.29","3,415.34","3,429.15","3,328.31","407.70K","-1.82%"
"03/08/2021","3,421.41","3,524.98","3,542.30","3,421.22","387.00K","-2.30%"
"03/05/2021","3,501.99","3,463.31","3,523.57","3,456.67","356.40K","-0.04%"
"03/04/2021","3,503.49","3,546.64","3,552.20","3,487.38","393.60K","-2.05%"
"03/03/2021","3,576.90","3,500.16","3,577.62","3,498.72","347.70K","1.95%"
"03/02/2021","3,508.59","3,566.85","3,566.85","3,485.36","339.80K","-1.21%"
"03/01/2021","3,551.40","3,531.48","3,552.57","3,511.99","315.50K","1.21%"
"02/26/2021","3,509.08","3,514.56","3,550.41","3,500.70","333.30K","-2.12%"
"02/25/2021","3,585.05","3,595.54","3,608.56","3,568.47","366.20K","0.59%"
"02/24/2021","3,564.08","3,638.94","3,645.65","3,531.59","362.20K","-1.99%"
"02/23/2021","3,636.36","3,617.70","3,672.15","3,617.70","398.90K","-0.17%"
"02/22/2021","3,642.44","3,707.19","3,717.27","3,642.44","488.80K","-1.45%"
"02/19/2021","3,696.17","3,661.78","3,699.65","3,634.01","361.10K","0.57%"
"02/18/2021","3,675.36","3,721.09","3,731.69","3,663.66","340.30K","0.55%"
"02/10/2021","3,655.09","3,612.61","3,662.77","3,612.50","257.90K","1.43%"
"02/09/2021","3,603.49","3,539.77","3,604.01","3,528.68","253.80K","2.01%"
"02/08/2021","3,532.45","3,504.56","3,542.21","3,492.13","249.80K","1.03%"
"02/05/2021","3,496.33","3,509.49","3,536.54","3,492.96","290.10K","-0.16%"
"02/04/2021","3,501.86","3,503.78","3,524.72","3,465.77","298.80K","-0.44%"
"02/03/2021","3,517.31","3,531.15","3,544.01","3,508.51","297.40K","-0.46%"
"02/02/2021","3,533.69","3,510.81","3,535.50","3,495.57","264.50K","0.81%"
"02/01/2021","3,505.28","3,477.17","3,506.39","3,469.88","277.60K","0.64%"
"01/29/2021","3,483.07","3,521.72","3,531.60","3,446.55","293.70K","-0.63%"
"01/28/2021","3,505.18","3,534.67","3,549.54","3,496.88","270.90K","-1.91%"
"01/27/2021","3,573.34","3,567.55","3,578.80","3,546.49","264.10K","0.11%"
"01/26/2021","3,569.43","3,610.97","3,610.97","3,564.74","278.10K","-1.51%"
"01/25/2021","3,624.24","3,605.36","3,637.10","3,591.02","327.30K","0.48%"
"01/22/2021","3,606.75","3,616.54","3,616.54","3,585.03","324.50K","-0.40%"
"01/21/2021","3,621.26","3,590.93","3,636.24","3,585.80","327.50K","1.07%"
"01/20/2021","3,583.09","3,564.12","3,589.96","3,556.44","272.30K","0.47%"
"01/19/2021","3,566.38","3,596.36","3,603.15","3,553.02","323.40K","-0.83%"
"01/18/2021","3,596.22","3,554.80","3,608.77","3,544.26","301.70K","0.84%"
"01/15/2021","3,566.38","3,566.28","3,589.27","3,533.79","324.60K","0.01%"
"01/14/2021","3,565.91","3,584.93","3,599.06","3,559.60","347.70K","-0.91%"
"01/13/2021","3,598.65","3,613.28","3,622.35","3,575.59","388.10K","-0.27%"
"01/12/2021","3,608.34","3,518.01","3,608.34","3,517.47","323.40K","2.18%"
"01/11/2021","3,531.50","3,571.32","3,597.70","3,516.99","362.50K","-1.08%"
"01/08/2021","3,570.11","3,577.69","3,588.06","3,544.89","345.60K","-0.17%"
"01/07/2021","3,576.21","3,552.91","3,576.21","3,526.62","405.30K","0.71%"
"01/06/2021","3,550.88","3,530.91","3,556.80","3,513.13","370.20K","0.63%"
"01/05/2021","3,528.68","3,492.19","3,528.68","3,484.72","408.00K","0.73%"
"01/04/2021","3,502.96","3,474.68","3,511.66","3,457.21","380.80K","0.86%"
"12/31/2020","3,473.07","3,419.73","3,474.92","3,419.73","335.70K","1.72%"
"12/30/2020","3,414.45","3,375.01","3,414.45","3,374.42","291.00K","1.05%"
"12/29/2020","3,379.04","3,399.29","3,407.09","3,376.09","311.80K","-0.54%"
"12/28/2020","3,397.28","3,396.36","3,412.52","3,383.65","316.20K","0.02%"
"12/25/2020","3,396.56","3,351.79","3,397.01","3,348.34","294.50K","0.99%"
"12/24/2020","3,363.11","3,382.19","3,394.07","3,354.02","275.00K","-0.57%"
"12/23/2020","3,382.32","3,362.47","3,394.21","3,360.20","299.50K","0.76%"
"12/22/2020","3,356.78","3,410.97","3,415.75","3,353.86","323.00K","-1.86%"
"12/21/2020","3,420.57","3,394.40","3,423.61","3,381.12","283.80K","0.76%"
"12/18/2020","3,394.90","3,400.49","3,413.81","3,382.75","281.00K","-0.29%"
"12/17/2020","3,404.87","3,367.28","3,406.16","3,354.01","275.50K","1.13%"
"12/16/2020","3,366.98","3,371.26","3,378.66","3,359.17","220.80K","-0.01%"
"12/15/2020","3,367.23","3,366.58","3,373.56","3,348.42","225.70K","-0.06%"
"12/14/2020","3,369.12","3,349.53","3,371.13","3,338.63","239.80K","0.66%"
"12/11/2020","3,347.19","3,381.01","3,383.18","3,325.17","298.60K","-0.77%"
"12/10/2020","3,373.28","3,365.73","3,384.89","3,357.75","247.30K","0.04%"
"12/09/2020","3,371.96","3,416.08","3,422.54","3,371.92","260.70K","-1.12%"
"12/08/2020","3,410.18","3,417.69","3,428.66","3,403.03","226.90K","-0.19%"
"12/07/2020","3,416.60","3,446.65","3,449.58","3,414.31","254.50K","-0.81%"
"12/04/2020","3,444.58","3,436.73","3,448.40","3,417.05","256.30K","0.07%"
"12/03/2020","3,442.14","3,448.54","3,452.16","3,428.80","298.50K","-0.21%"
"12/02/2020","3,449.38","3,453.52","3,465.73","3,435.87","312.80K","-0.07%"
"12/01/2020","3,451.94","3,388.99","3,457.64","3,386.91","316.20K","1.77%"
"11/30/2020","3,391.76","3,418.16","3,456.74","3,391.76","385.00K","-0.49%"
"11/27/2020","3,408.31","3,373.84","3,408.31","3,364.49","280.60K","1.14%"
"11/26/2020","3,369.73","3,360.06","3,371.45","3,344.28","255.90K","0.22%"
"11/25/2020","3,362.33","3,417.51","3,423.49","3,362.33","322.10K","-1.19%"
"11/24/2020","3,402.82","3,407.41","3,413.93","3,396.24","301.00K","-0.34%"
"11/23/2020","3,414.49","3,384.10","3,431.65","3,377.99","373.90K","1.09%"
"11/20/2020","3,377.73","3,359.60","3,380.15","3,356.31","261.30K","0.44%"
"11/19/2020","3,363.09","3,339.09","3,367.33","3,330.45","253.30K","0.47%"
"11/18/2020","3,347.30","3,337.33","3,358.89","3,333.99","287.50K","0.22%"
"11/17/2020","3,339.90","3,347.15","3,347.70","3,323.95","283.60K","-0.21%"
"11/16/2020","3,346.97","3,325.62","3,346.97","3,313.65","279.60K","1.11%"
"11/13/2020","3,310.10","3,327.23","3,327.23","3,291.64","227.90K","-0.86%"
"11/12/2020","3,338.68","3,344.46","3,350.28","3,329.49","216.50K","-0.11%"
"11/11/2020","3,342.20","3,354.02","3,365.84","3,339.04","271.20K","-0.53%"
"11/10/2020","3,360.15","3,387.62","3,387.62","3,346.17","278.70K","-0.40%"
"11/09/2020","3,373.73","3,329.43","3,380.82","3,329.43","310.20K","1.86%"
"11/06/2020","3,312.16","3,326.47","3,326.47","3,292.15","234.90K","-0.24%"
"11/05/2020","3,320.13","3,305.58","3,320.41","3,291.60","226.80K","1.30%"
"11/04/2020","3,277.44","3,273.43","3,286.62","3,254.11","188.50K","0.19%"
"11/03/2020","3,271.07","3,239.81","3,278.38","3,237.85","215.30K","1.42%"
"11/02/2020","3,225.12","3,228.72","3,242.80","3,209.91","226.80K","0.02%"
"10/30/2020","3,224.53","3,278.63","3,279.86","3,219.42","230.20K","-1.47%"
"10/29/2020","3,272.73","3,235.76","3,289.77","3,231.12","184.70K","0.11%"
"10/28/2020","3,269.24","3,256.22","3,275.87","3,238.38","173.20K","0.46%"
"10/27/2020","3,254.32","3,240.74","3,258.34","3,235.54","149.10K","0.10%"
"10/26/2020","3,251.12","3,258.70","3,264.45","3,226.60","167.70K","-0.82%"
"10/23/2020","3,278.00","3,308.16","3,326.05","3,276.62","174.20K","-1.04%"
"10/22/2020","3,312.50","3,315.82","3,320.88","3,281.37","165.90K","-0.38%"
"10/21/2020","3,325.02","3,332.15","3,332.15","3,304.17","177.60K","-0.09%"
"10/20/2020","3,328.10","3,307.15","3,328.10","3,293.77","165.10K","0.47%"
"10/19/2020","3,312.67","3,351.10","3,371.09","3,307.84","212.30K","-0.71%"
"10/16/2020","3,336.36","3,334.46","3,348.95","3,319.11","194.30K","0.13%"
"10/15/2020","3,332.18","3,342.92","3,354.58","3,330.00","191.00K","-0.26%"
"10/14/2020","3,340.78","3,353.62","3,353.62","3,332.96","198.70K","-0.56%"
"10/13/2020","3,359.75","3,353.12","3,361.83","3,334.50","204.90K","0.04%"
"10/12/2020","3,358.47","3,287.33","3,359.15","3,286.11","259.60K","2.64%"
"10/09/2020","3,272.08","3,262.61","3,280.51","3,260.19","188.30K","1.68%"
"09/30/2020","3,218.05","3,232.71","3,244.91","3,202.34","153.50K","-0.20%"
"09/29/2020","3,224.36","3,231.85","3,242.79","3,219.79","151.30K","0.21%"
"09/28/2020","3,217.53","3,224.98","3,238.18","3,210.89","156.00K","-0.06%"
"09/25/2020","3,219.42","3,234.37","3,239.47","3,208.03","164.80K","-0.12%"
"09/24/2020","3,223.18","3,262.88","3,265.34","3,221.24","206.70K","-1.72%"
"09/23/2020","3,279.71","3,278.84","3,289.76","3,264.89","169.20K","0.17%"
"09/22/2020","3,274.30","3,290.67","3,320.23","3,265.70","214.00K","-1.29%"
"09/21/2020","3,316.94","3,348.90","3,350.59","3,313.07","216.50K","-0.63%"
"09/18/2020","3,338.09","3,270.91","3,338.32","3,268.53","256.30K","2.07%"
"09/17/2020","3,270.44","3,277.32","3,290.41","3,248.50","202.90K","-0.41%"
"09/16/2020","3,283.92","3,293.17","3,302.46","3,271.07","200.40K","-0.36%"
"09/15/2020","3,295.68","3,277.13","3,297.69","3,263.75","197.70K","0.51%"
"09/14/2020","3,278.81","3,275.92","3,283.53","3,261.15","213.90K","0.57%"
"09/11/2020","3,260.35","3,225.78","3,262.50","3,220.54","221.70K","0.79%"
"09/10/2020","3,234.82","3,282.23","3,285.47","3,227.64","312.50K","-0.61%"
"09/09/2020","3,254.63","3,281.00","3,289.61","3,238.56","351.50K","-1.86%"
"09/08/2020","3,316.42","3,301.22","3,324.39","3,276.44","271.10K","0.72%"
"09/07/2020","3,292.59","3,349.92","3,368.25","3,285.63","260.60K","-1.87%"
"09/04/2020","3,355.37","3,336.41","3,360.11","3,328.55","221.60K","-0.87%"
"09/03/2020","3,384.98","3,404.03","3,425.63","3,374.26","255.30K","-0.58%"
"09/02/2020","3,404.80","3,420.47","3,421.40","3,377.21","261.50K","-0.17%"
"09/01/2020","3,410.61","3,389.74","3,410.61","3,381.71","247.00K","0.44%"
"08/31/2020","3,395.68","3,416.55","3,442.74","3,395.47","323.50K","-0.24%"
"08/28/2020","3,403.81","3,346.29","3,405.88","3,339.65","271.30K","1.60%"
"08/27/2020","3,350.11","3,333.49","3,351.83","3,312.99","237.10K","0.61%"
"08/26/2020","3,329.74","3,371.81","3,382.60","3,320.14","294.50K","-1.30%"
"08/25/2020","3,373.58","3,392.88","3,408.87","3,364.16","277.10K","-0.36%"
"08/24/2020","3,385.64","3,391.11","3,396.57","3,368.03","266.20K","0.15%"
"08/21/2020","3,380.68","3,380.23","3,393.92","3,358.00","287.50K","0.50%"
"08/20/2020","3,363.90","3,385.97","3,394.56","3,352.78","335.60K","-1.30%"
"08/19/2020","3,408.13","3,444.56","3,454.46","3,406.16","405.70K","-1.24%"
"08/18/2020","3,451.09","3,441.93","3,456.72","3,432.64","380.70K","0.36%"
"08/17/2020","3,438.80","3,373.90","3,450.90","3,369.37","434.60K","2.34%"
"08/14/2020","3,360.10","3,315.67","3,362.03","3,302.74","306.00K","1.19%"
"08/13/2020","3,320.73","3,328.18","3,338.15","3,309.46","324.30K","0.04%"
"08/12/2020","3,319.27","3,327.49","3,335.73","3,263.26","378.30K","-0.63%"
"08/11/2020","3,340.29","3,379.49","3,409.06","3,336.09","400.50K","-1.15%"
"08/10/2020","3,379.25","3,341.53","3,399.93","3,335.04","381.40K","0.75%"
"08/07/2020","3,354.03","3,370.59","3,374.13","3,307.71","403.90K","-0.96%"
"08/06/2020","3,386.46","3,380.76","3,392.70","3,334.33","415.30K","0.26%"
"08/05/2020","3,377.56","3,363.33","3,383.64","3,333.88","385.80K","0.17%"
"08/04/2020","3,371.69","3,376.44","3,391.07","3,352.50","442.30K","0.11%"
"08/03/2020","3,367.97","3,332.18","3,368.10","3,327.68","407.50K","1.75%"
"07/31/2020","3,310.01","3,280.80","3,333.79","3,261.61","353.80K","0.71%"
"07/30/2020","3,286.82","3,299.57","3,312.45","3,282.16","340.70K","-0.23%"
"07/29/2020","3,294.55","3,221.99","3,294.55","3,209.99","324.90K","2.06%"
"07/28/2020","3,227.96","3,226.13","3,245.30","3,208.49","289.40K","0.71%"
"07/27/2020","3,205.23","3,210.39","3,221.99","3,174.66","299.30K","0.26%"
"07/24/2020","3,196.77","3,310.65","3,319.13","3,184.97","427.10K","-3.86%"
"07/23/2020","3,325.11","3,306.15","3,336.30","3,257.83","407.00K","-0.24%"
"07/22/2020","3,333.16","3,315.18","3,381.98","3,311.79","393.30K","0.37%"
"07/21/2020","3,320.90","3,330.55","3,336.68","3,300.57","359.30K","0.20%"
"07/20/2020","3,314.15","3,243.91","3,314.15","3,220.68","418.60K","3.11%"
"07/17/2020","3,214.13","3,214.40","3,252.78","3,181.27","359.70K","0.13%"
"07/16/2020","3,210.10","3,356.36","3,373.53","3,209.73","490.60K","-4.50%"
"07/15/2020","3,361.30","3,422.08","3,432.45","3,345.75","492.00K","-1.56%"
"07/14/2020","3,414.62","3,435.02","3,451.22","3,366.08","543.20K","-0.83%"
"07/13/2020","3,443.29","3,379.39","3,458.79","3,369.04","558.00K","1.77%"
"07/10/2020","3,383.32","3,418.94","3,433.11","3,372.51","556.10K","-1.95%"
"07/09/2020","3,450.59","3,403.48","3,456.97","3,393.64","620.00K","1.39%"
"07/08/2020","3,403.44","3,337.55","3,421.53","3,327.71","587.10K","1.74%"
"07/07/2020","3,345.34","3,380.95","3,407.08","3,336.24","657.80K","0.37%"
"07/06/2020","3,332.88","3,187.84","3,337.27","3,187.84","643.90K","5.71%"
"07/03/2020","3,152.81","3,104.00","3,152.81","3,104.00","458.80K","2.01%"
"07/02/2020","3,090.57","3,023.72","3,092.44","3,021.67","391.10K","2.13%"
"07/01/2020","3,025.98","2,991.18","3,026.19","2,984.98","273.30K","1.38%"
"06/30/2020","2,984.67","2,965.10","2,990.82","2,965.10","215.00K","0.78%"
"06/29/2020","2,961.52","2,973.08","2,977.91","2,951.77","220.60K","-0.61%"
"06/24/2020","2,979.55","2,972.98","2,982.94","2,971.22","213.20K","0.30%"
"06/23/2020","2,970.62","2,960.89","2,972.40","2,949.85","225.20K","0.18%"
"06/22/2020","2,965.27","2,966.90","2,983.44","2,959.03","267.90K","-0.08%"
"06/19/2020","2,967.63","2,938.79","2,973.32","2,935.82","264.30K","0.96%"
"06/18/2020","2,939.32","2,929.88","2,942.90","2,920.11","258.70K","0.12%"
"06/17/2020","2,935.87","2,932.67","2,936.62","2,919.04","234.70K","0.14%"
"06/16/2020","2,931.75","2,912.83","2,931.78","2,909.13","223.30K","1.44%"
"06/15/2020","2,890.03","2,908.28","2,922.54","2,890.03","243.20K","-1.02%"
"06/12/2020","2,919.74","2,876.80","2,930.25","2,872.62","236.00K","-0.04%"
"06/11/2020","2,920.90","2,939.79","2,952.65","2,912.19","233.70K","-0.78%"
"06/10/2020","2,943.75","2,951.28","2,951.33","2,934.84","207.90K","-0.42%"
"06/09/2020","2,956.11","2,939.53","2,957.12","2,932.94","209.00K","0.62%"
"06/08/2020","2,937.77","2,941.98","2,950.07","2,934.21","231.10K","0.24%"
"06/05/2020","2,930.80","2,923.19","2,930.80","2,909.12","217.40K","0.40%"
"06/04/2020","2,919.25","2,931.84","2,932.97","2,910.75","226.60K","-0.14%"
"06/03/2020","2,923.37","2,930.39","2,942.76","2,922.66","255.70K","0.07%"
"06/02/2020","2,921.40","2,916.32","2,926.36","2,909.13","256.10K","0.20%"
"06/01/2020","2,915.43","2,871.96","2,917.15","2,871.96","260.20K","2.21%"
"05/29/2020","2,852.35","2,835.58","2,855.38","2,829.63","206.80K","0.22%"
"05/28/2020","2,846.22","2,838.21","2,861.92","2,820.15","207.50K","0.33%"
"05/27/2020","2,836.80","2,847.32","2,849.00","2,831.93","198.10K","-0.34%"
"05/26/2020","2,846.55","2,827.90","2,848.34","2,825.90","174.60K","1.01%"
"05/25/2020","2,817.97","2,816.24","2,821.50","2,802.47","172.90K","0.15%"
"05/22/2020","2,813.76","2,863.05","2,863.05","2,808.02","209.10K","-1.89%"
"05/21/2020","2,867.92","2,890.72","2,891.52","2,864.21","203.50K","-0.55%"
"05/20/2020","2,883.74","2,896.47","2,896.47","2,876.18","210.50K","-0.51%"
"05/19/2020","2,898.58","2,897.69","2,900.22","2,887.58","197.20K","0.81%"
"05/18/2020","2,875.42","2,872.52","2,889.98","2,862.27","226.00K","0.24%"
"05/15/2020","2,868.46","2,880.71","2,884.22","2,863.37","189.00K","-0.07%"
"05/14/2020","2,870.34","2,887.06","2,887.06","2,869.18","197.80K","-0.96%"
"05/13/2020","2,898.05","2,882.96","2,900.26","2,875.53","185.10K","0.22%"
"05/12/2020","2,891.56","2,894.62","2,897.90","2,871.23","197.10K","-0.11%"
"05/11/2020","2,894.80","2,901.57","2,914.28","2,884.38","225.10K","-0.02%"
"05/08/2020","2,895.34","2,882.71","2,903.80","2,879.20","226.80K","0.83%"
"05/07/2020","2,871.52","2,876.47","2,882.02","2,864.58","226.70K","-0.23%"
"05/06/2020","2,878.14","2,831.63","2,879.26","2,830.65","249.80K","0.63%"
"04/30/2020","2,860.08","2,832.38","2,865.59","2,832.38","242.50K","1.33%"
"04/29/2020","2,822.44","2,801.38","2,831.76","2,800.74","202.10K","0.44%"
"04/28/2020","2,810.02","2,819.99","2,821.75","2,758.25","253.90K","-0.19%"
"04/27/2020","2,815.50","2,812.24","2,832.67","2,802.96","210.10K","0.25%"
"04/24/2020","2,808.53","2,834.94","2,834.94","2,802.50","235.20K","-1.06%"
"04/23/2020","2,838.50","2,850.51","2,853.64","2,835.90","248.80K","-0.19%"
"04/22/2020","2,843.98","2,814.07","2,843.98","2,808.48","217.30K","0.60%"
"04/21/2020","2,827.01","2,842.24","2,842.24","2,808.02","233.20K","-0.90%"
"04/20/2020","2,852.55","2,840.41","2,852.99","2,833.26","211.80K","0.49%"
"04/17/2020","2,838.50","2,835.56","2,854.96","2,830.02","245.70K","0.66%"
"04/16/2020","2,819.94","2,798.43","2,823.34","2,796.84","203.00K","0.31%"
"04/15/2020","2,811.17","2,826.66","2,829.75","2,808.70","205.60K","-0.57%"
"04/14/2020","2,827.28","2,794.80","2,827.30","2,789.43","202.70K","1.59%"
"04/13/2020","2,783.05","2,784.60","2,792.89","2,774.08","177.10K","-0.49%"
"04/10/2020","2,796.63","2,827.19","2,833.01","2,789.98","233.50K","-1.04%"
"04/09/2020","2,825.90","2,825.84","2,832.40","2,820.43","238.20K","0.37%"
"04/08/2020","2,815.37","2,805.92","2,823.21","2,800.30","243.50K","-0.19%"
"04/07/2020","2,820.76","2,806.97","2,823.28","2,801.84","270.20K","2.05%"
"04/03/2020","2,763.99","2,773.58","2,780.59","2,754.07","200.80K","-0.60%"
"04/02/2020","2,780.64","2,720.23","2,780.64","2,719.90","217.90K","1.69%"
"04/01/2020","2,734.52","2,743.54","2,773.36","2,731.08","217.30K","-0.57%"
"03/31/2020","2,750.30","2,767.31","2,771.17","2,743.11","218.60K","0.11%"
"03/30/2020","2,747.21","2,739.72","2,759.10","2,723.05","239.70K","-0.90%"
"03/27/2020","2,772.20","2,792.98","2,805.55","2,771.76","240.80K","0.26%"
"03/26/2020","2,764.91","2,761.90","2,788.50","2,753.43","234.10K","-0.60%"
"03/25/2020","2,781.59","2,775.30","2,788.64","2,757.80","273.10K","2.17%"
"03/24/2020","2,722.44","2,703.02","2,723.41","2,667.13","257.00K","2.34%"
"03/23/2020","2,660.17","2,677.59","2,703.33","2,656.50","249.80K","-3.11%"
"03/20/2020","2,745.62","2,727.02","2,751.90","2,702.49","252.00K","1.61%"
"03/19/2020","2,702.13","2,719.41","2,736.82","2,646.80","302.30K","-0.98%"
"03/18/2020","2,728.76","2,792.32","2,815.87","2,728.76","291.20K","-1.83%"
"03/17/2020","2,779.64","2,796.28","2,826.91","2,715.22","306.10K","-0.34%"
"03/16/2020","2,789.25","2,897.30","2,898.03","2,784.66","351.90K","-3.40%"
"03/13/2020","2,887.43","2,804.23","2,910.88","2,799.98","366.50K","-1.23%"
"03/12/2020","2,923.49","2,936.02","2,944.47","2,906.28","307.80K","-1.52%"
"03/11/2020","2,968.52","3,001.76","3,010.03","2,968.52","352.50K","-0.94%"
"03/10/2020","2,996.76","2,918.94","3,000.30","2,904.80","393.30K","1.82%"
"03/09/2020","2,943.29","2,987.18","2,989.21","2,940.71","414.60K","-3.01%"
"03/06/2020","3,034.51","3,039.94","3,052.44","3,029.46","362.10K","-1.21%"
"03/05/2020","3,071.68","3,036.16","3,074.26","3,022.93","445.40K","1.99%"
"03/04/2020","3,011.67","2,981.81","3,012.00","2,974.36","353.30K","0.63%"
"03/03/2020","2,992.90","3,006.89","3,026.84","2,976.62","410.10K","0.74%"
"03/02/2020","2,970.93","2,899.31","2,982.51","2,899.31","367.30K","3.15%"
"02/28/2020","2,880.30","2,924.64","2,948.13","2,878.54","401.20K","-3.71%"
"02/27/2020","2,991.33","2,992.49","3,009.46","2,980.48","350.50K","0.11%"
"02/26/2020","2,987.93","2,978.42","3,028.78","2,974.94","469.00K","-0.83%"
"02/25/2020","3,013.05","2,982.07","3,016.95","2,943.72","441.60K","-0.60%"
"02/24/2020","3,031.23","3,027.89","3,042.18","3,007.36","370.40K","-0.28%"
"02/21/2020","3,039.67","3,022.25","3,058.90","3,020.14","364.60K","0.31%"
"02/20/2020","3,030.15","2,981.88","3,031.37","2,968.45","345.70K","1.84%"
"02/19/2020","2,975.40","2,979.52","2,998.27","2,971.82","315.10K","-0.32%"
"02/18/2020","2,984.97","2,981.41","2,990.60","2,960.77","311.70K","0.05%"
"02/17/2020","2,983.62","2,924.99","2,983.64","2,924.99","313.20K","2.28%"
"02/14/2020","2,917.01","2,899.87","2,926.94","2,899.57","250.70K","0.38%"
"02/13/2020","2,906.07","2,927.14","2,935.41","2,901.24","274.80K","-0.71%"
"02/12/2020","2,926.90","2,895.56","2,926.90","2,892.42","248.70K","0.87%"
"02/11/2020","2,901.67","2,894.54","2,913.82","2,882.24","269.20K","0.39%"
"02/10/2020","2,890.49","2,860.50","2,891.85","2,851.05","294.90K","0.51%"
"02/07/2020","2,875.96","2,858.93","2,875.96","2,838.77","309.50K","0.33%"
"02/06/2020","2,866.51","2,826.89","2,876.59","2,807.61","316.40K","1.72%"
"02/05/2020","2,818.09","2,792.37","2,842.74","2,778.86","309.80K","1.25%"
"02/04/2020","2,783.29","2,685.27","2,786.16","2,685.27","364.00K","1.34%"
"02/03/2020","2,746.61","2,716.70","2,766.58","2,716.70","215.90K","-7.72%"
"01/23/2020","2,976.53","3,037.95","3,045.04","2,955.35","272.80K","-2.75%"
"01/22/2020","3,060.75","3,038.49","3,069.25","3,006.27","223.90K","0.28%"
"01/21/2020","3,052.14","3,085.79","3,085.79","3,051.23","234.80K","-1.41%"
"01/20/2020","3,095.79","3,082.11","3,096.31","3,070.48","210.50K","0.66%"
"01/17/2020","3,075.50","3,081.46","3,091.95","3,067.25","190.30K","0.05%"
"01/16/2020","3,074.08","3,095.73","3,096.37","3,070.88","203.40K","-0.52%"
"01/15/2020","3,090.04","3,103.17","3,107.94","3,082.04","202.30K","-0.54%"
"01/14/2020","3,106.82","3,120.67","3,127.17","3,105.60","230.00K","-0.28%"
"01/13/2020","3,115.57","3,091.49","3,115.57","3,075.38","210.60K","0.75%"
"01/10/2020","3,092.29","3,102.29","3,105.23","3,081.40","210.40K","-0.08%"
"01/09/2020","3,094.88","3,082.64","3,097.33","3,080.13","243.40K","0.91%"
"01/08/2020","3,066.89","3,094.24","3,094.24","3,059.13","297.90K","-1.22%"
"01/07/2020","3,104.80","3,085.49","3,105.45","3,084.33","276.60K","0.69%"
"01/06/2020","3,083.41","3,070.91","3,107.20","3,065.31","312.60K","-0.01%"
"01/03/2020","3,083.79","3,089.02","3,093.82","3,074.52","261.50K","-0.05%"
"01/02/2020","3,085.20","3,066.34","3,098.10","3,066.34","292.50K","1.15%"
"12/31/2019","3,050.12","3,036.39","3,051.68","3,030.51","217.40K","0.33%"
"12/30/2019","3,040.02","2,998.17","3,041.40","2,983.34","248.10K","1.16%"
"12/27/2019","3,005.04","3,006.85","3,036.11","3,003.63","247.10K","-0.08%"
"12/26/2019","3,007.35","2,981.25","3,007.35","2,980.40","182.40K","0.85%"
"12/25/2019","2,981.88","2,980.43","2,988.29","2,970.66","175.70K","-0.03%"
"12/24/2019","2,982.68","2,965.83","2,983.82","2,960.68","163.00K","0.67%"
"12/23/2019","2,962.75","2,999.04","3,009.34","2,960.44","205.70K","-1.40%"
"12/20/2019","3,004.94","3,019.64","3,027.48","3,002.26","215.10K","-0.40%"
"12/19/2019","3,017.07","3,017.15","3,021.42","3,007.99","208.60K","0.00%"
"12/18/2019","3,017.04","3,021.47","3,033.23","3,011.72","244.10K","-0.18%"
"12/17/2019","3,022.42","2,985.26","3,039.38","2,982.50","293.00K","1.27%"
"12/16/2019","2,984.39","2,970.97","2,984.64","2,958.71","211.90K","0.56%"
"12/13/2019","2,967.68","2,937.78","2,969.98","2,935.85","212.00K","1.78%"
"12/12/2019","2,915.70","2,926.34","2,926.34","2,913.48","151.80K","-0.30%"
"12/11/2019","2,924.42","2,922.60","2,928.26","2,915.00","165.50K","0.24%"
"12/10/2019","2,917.32","2,908.94","2,919.20","2,902.79","170.10K","0.10%"
"12/09/2019","2,914.48","2,914.46","2,919.59","2,905.25","160.80K","0.08%"
"12/06/2019","2,912.01","2,902.28","2,912.01","2,894.75","134.10K","0.43%"
"12/05/2019","2,899.47","2,886.52","2,902.00","2,885.08","143.20K","0.74%"
"12/04/2019","2,878.12","2,876.91","2,882.50","2,869.42","125.50K","-0.23%"
"12/03/2019","2,884.70","2,869.88","2,884.86","2,857.32","123.80K","0.31%"
"12/02/2019","2,875.81","2,874.45","2,888.89","2,870.24","128.80K","0.13%"
"11/29/2019","2,871.98","2,885.97","2,892.39","2,858.58","122.60K","-0.61%"
"11/28/2019","2,889.69","2,902.36","2,909.84","2,883.43","119.50K","-0.47%"
"11/27/2019","2,903.19","2,905.40","2,914.49","2,893.42","133.90K","-0.13%"
"11/26/2019","2,907.06","2,912.52","2,915.04","2,897.93","170.00K","0.03%"
"11/25/2019","2,906.17","2,885.61","2,906.61","2,880.65","178.60K","0.72%"
"11/22/2019","2,885.29","2,906.24","2,925.02","2,873.99","158.60K","-0.63%"
"11/21/2019","2,903.64","2,902.55","2,910.36","2,891.53","123.50K","-0.25%"
"11/20/2019","2,911.05","2,928.11","2,930.49","2,907.42","137.40K","-0.78%"
"11/19/2019","2,933.99","2,904.28","2,933.99","2,902.86","135.40K","0.85%"
"11/18/2019","2,909.20","2,889.55","2,911.38","2,884.09","124.40K","0.62%"
"11/15/2019","2,891.34","2,911.35","2,917.83","2,891.20","135.50K","-0.64%"
"11/14/2019","2,909.87","2,907.74","2,917.37","2,899.62","129.10K","0.16%"
"11/13/2019","2,905.24","2,913.02","2,913.86","2,893.97","129.80K","-0.33%"
"11/12/2019","2,914.82","2,913.00","2,918.30","2,891.51","129.70K","0.17%"
"11/11/2019","2,909.97","2,949.96","2,949.96","2,906.77","157.90K","-1.83%"
"11/08/2019","2,964.18","2,993.98","2,998.76","2,962.84","149.70K","-0.49%"
"11/07/2019","2,978.71","2,978.15","2,988.96","2,969.12","137.00K","0.00%"
"11/06/2019","2,978.60","2,992.04","2,995.56","2,969.72","165.30K","-0.43%"
"11/05/2019","2,991.56","2,977.70","3,008.31","2,968.03","179.90K","0.54%"
"11/04/2019","2,975.49","2,964.58","2,983.06","2,964.58","167.20K","0.58%"
"11/01/2019","2,958.20","2,924.34","2,959.83","2,917.15","159.90K","0.99%"
"10/31/2019","2,929.06","2,944.84","2,946.75","2,923.52","161.60K","-0.35%"
"10/30/2019","2,939.32","2,949.46","2,953.30","2,934.83","158.80K","-0.50%"
"10/29/2019","2,954.18","2,979.04","2,979.04","2,954.18","166.10K","-0.87%"
"10/28/2019","2,980.05","2,958.69","2,980.13","2,956.96","173.70K","0.85%"
"10/25/2019","2,954.93","2,940.47","2,958.24","2,920.52","136.90K","0.48%"
"10/24/2019","2,940.92","2,944.01","2,953.04","2,927.06","126.50K","-0.02%"
"10/23/2019","2,941.62","2,952.97","2,957.30","2,934.63","123.80K","-0.43%"
"10/22/2019","2,954.38","2,945.60","2,954.64","2,934.39","117.50K","0.50%"
"10/21/2019","2,939.62","2,933.90","2,940.32","2,917.69","132.50K","0.05%"
"10/18/2019","2,938.14","2,982.34","2,987.20","2,933.24","150.00K","-1.32%"
"10/17/2019","2,977.33","2,979.99","2,986.72","2,969.57","122.50K","-0.05%"
"10/16/2019","2,978.71","2,992.61","3,010.42","2,975.92","149.90K","-0.41%"
"10/15/2019","2,991.05","3,005.66","3,005.66","2,986.30","155.40K","-0.56%"
"10/14/2019","3,007.88","2,993.96","3,026.38","2,989.81","208.60K","1.15%"
"10/11/2019","2,973.66","2,954.82","2,980.79","2,943.01","161.20K","0.88%"
"10/10/2019","2,947.71","2,923.71","2,949.24","2,918.23","134.20K","0.78%"
"10/09/2019","2,924.86","2,902.08","2,924.86","2,891.54","130.40K","0.39%"
"10/08/2019","2,913.57","2,905.76","2,933.02","2,905.76","125.50K","0.29%"
"09/30/2019","2,905.19","2,927.92","2,936.48","2,905.19","116.60K","-0.92%"
"09/27/2019","2,932.17","2,929.49","2,939.08","2,920.93","132.90K","0.11%"
"09/26/2019","2,929.09","2,964.48","2,970.04","2,928.26","188.90K","-0.89%"
"09/25/2019","2,955.43","2,977.67","2,977.67","2,955.43","168.50K","-1.00%"
"09/24/2019","2,985.34","2,979.48","3,002.90","2,973.76","163.90K","0.28%"
"09/23/2019","2,977.08","2,998.40","2,998.40","2,960.83","168.10K","-0.98%"
"09/20/2019","3,006.45","3,004.81","3,011.34","2,996.19","182.10K","0.24%"
"09/19/2019","2,999.28","2,992.92","2,999.28","2,975.40","162.70K","0.46%"
"09/18/2019","2,985.66","2,984.08","2,996.40","2,982.40","168.00K","0.25%"
"09/17/2019","2,978.12","3,023.71","3,023.71","2,970.57","223.30K","-1.74%"
"09/16/2019","3,030.75","3,041.92","3,042.93","3,020.05","221.90K","-0.02%"
"09/12/2019","3,031.24","3,016.63","3,033.47","3,005.19","197.00K","0.75%"
"09/11/2019","3,008.81","3,029.93","3,030.56","3,004.22","229.80K","-0.41%"
"09/10/2019","3,021.20","3,027.41","3,027.41","3,005.38","240.00K","-0.12%"
"09/09/2019","3,024.74","3,023.78","3,026.24","3,005.69","243.40K","0.84%"
"09/06/2019","2,999.60","2,996.62","2,999.94","2,981.60","216.80K","0.46%"
"09/05/2019","2,985.86","2,972.66","3,015.84","2,972.66","305.40K","0.96%"
"09/04/2019","2,957.41","2,927.75","2,957.41","2,925.88","225.50K","0.93%"
"09/03/2019","2,930.15","2,925.94","2,930.15","2,915.20","189.00K","0.21%"
"09/02/2019","2,924.11","2,886.94","2,928.48","2,883.68","202.80K","1.31%"
"08/30/2019","2,886.24","2,907.38","2,914.58","2,874.10","194.00K","-0.16%"
"08/29/2019","2,890.92","2,896.00","2,898.60","2,878.59","178.60K","-0.10%"
"08/28/2019","2,893.76","2,901.63","2,905.44","2,887.01","183.10K","-0.29%"
"08/27/2019","2,902.19","2,879.52","2,919.64","2,879.41","208.10K","1.35%"
"08/26/2019","2,863.57","2,851.02","2,870.49","2,849.24","169.90K","-1.17%"
"08/23/2019","2,897.43","2,885.15","2,902.46","2,878.74","159.20K","0.49%"
"08/22/2019","2,883.44","2,887.66","2,888.50","2,867.55","149.20K","0.11%"
"08/21/2019","2,880.33","2,875.47","2,885.59","2,872.56","159.00K","0.01%"
"08/20/2019","2,880.00","2,879.08","2,892.08","2,875.00","189.70K","-0.11%"
"08/19/2019","2,883.10","2,835.52","2,883.10","2,829.85","214.50K","2.10%"
"08/16/2019","2,823.82","2,817.57","2,840.32","2,811.80","148.60K","0.28%"
"08/15/2019","2,815.80","2,762.34","2,815.90","2,756.83","152.80K","0.25%"
"08/14/2019","2,808.91","2,824.49","2,829.89","2,807.72","144.00K","0.42%"
"08/13/2019","2,797.26","2,798.05","2,802.04","2,790.61","130.90K","-0.63%"
"08/12/2019","2,814.99","2,781.98","2,814.99","2,776.62","131.60K","1.45%"
"08/09/2019","2,774.75","2,805.59","2,808.33","2,770.48","143.80K","-0.71%"
"08/08/2019","2,794.55","2,784.18","2,799.69","2,782.25","145.00K","0.93%"
"08/07/2019","2,768.68","2,789.02","2,792.69","2,768.68","153.00K","-0.32%"
"08/06/2019","2,777.56","2,776.99","2,787.42","2,733.92","224.20K","-1.56%"
"08/05/2019","2,821.50","2,854.58","2,863.69","2,821.50","162.40K","-1.62%"
"08/02/2019","2,867.84","2,861.33","2,872.47","2,851.44","179.40K","-1.41%"
"08/01/2019","2,908.77","2,920.85","2,927.34","2,901.75","138.10K","-0.81%"
"07/31/2019","2,932.51","2,944.40","2,944.40","2,926.49","136.90K","-0.67%"
"07/30/2019","2,952.34","2,946.26","2,965.63","2,946.26","143.90K","0.39%"
"07/29/2019","2,941.01","2,943.92","2,948.47","2,932.98","124.20K","-0.12%"
"07/26/2019","2,944.54","2,928.06","2,948.33","2,924.45","135.10K","0.24%"
"07/25/2019","2,937.36","2,923.19","2,937.36","2,916.15","141.30K","0.48%"
"07/24/2019","2,923.28","2,907.93","2,936.45","2,907.79","150.50K","0.80%"
"07/23/2019","2,899.94","2,886.90","2,901.36","2,883.05","125.40K","0.45%"
"07/22/2019","2,886.97","2,925.79","2,927.16","2,879.69","175.30K","-1.27%"
"07/19/2019","2,924.20","2,909.68","2,939.60","2,909.68","145.00K","0.79%"
"07/18/2019","2,901.18","2,921.74","2,921.74","2,901.18","145.40K","-1.04%"
"07/17/2019","2,931.69","2,933.02","2,942.07","2,924.46","145.10K","-0.20%"
"07/16/2019","2,937.62","2,938.64","2,944.82","2,931.29","127.80K","-0.16%"
"07/15/2019","2,942.19","2,921.55","2,955.00","2,886.70","162.60K","0.40%"
"07/12/2019","2,930.55","2,915.34","2,938.53","2,905.81","133.70K","0.44%"
"07/11/2019","2,917.76","2,928.05","2,945.80","2,907.89","139.40K","0.08%"
"07/10/2019","2,915.30","2,935.19","2,936.75","2,908.16","131.40K","-0.44%"
"07/09/2019","2,928.23","2,928.82","2,937.76","2,912.81","140.70K","-0.17%"
"07/08/2019","2,933.36","2,997.81","2,997.81","2,918.72","205.20K","-2.58%"
"07/05/2019","3,011.06","3,004.74","3,014.85","2,990.93","152.10K","0.19%"
"07/04/2019","3,005.25","3,015.68","3,024.50","2,991.91","188.60K","-0.33%"
"07/03/2019","3,015.26","3,031.83","3,031.83","3,006.32","205.90K","-0.94%"
"07/02/2019","3,043.94","3,042.58","3,048.48","3,033.78","208.10K","-0.03%"
"07/01/2019","3,044.90","3,024.62","3,045.37","3,014.69","243.30K","2.22%"
"06/28/2019","2,978.88","2,992.24","2,992.24","2,961.22","181.40K","-0.60%"
"06/27/2019","2,996.79","2,982.61","3,011.54","2,981.04","195.40K","0.69%"
"06/26/2019","2,976.28","2,964.61","2,986.91","2,958.46","174.40K","-0.19%"
"06/25/2019","2,982.07","3,004.91","3,004.91","2,948.99","243.70K","-0.87%"
"06/24/2019","3,008.15","3,004.29","3,012.83","2,994.42","210.50K","0.21%"
"06/21/2019","3,001.98","2,990.37","3,010.35","2,989.25","287.00K","0.50%"
"06/20/2019","2,987.12","2,917.33","2,997.39","2,915.09","291.00K","2.38%"
"06/19/2019","2,917.80","2,944.11","2,953.34","2,916.22","230.80K","0.96%"
"06/18/2019","2,890.16","2,891.09","2,898.33","2,874.31","147.70K","0.09%"
"06/17/2019","2,887.62","2,880.42","2,902.48","2,877.39","154.00K","0.20%"
"06/14/2019","2,881.97","2,913.00","2,924.32","2,879.66","215.40K","-0.99%"
"06/13/2019","2,910.74","2,905.29","2,918.42","2,885.92","213.00K","0.05%"
"06/12/2019","2,909.38","2,917.22","2,924.70","2,903.88","240.30K","-0.56%"
"06/11/2019","2,925.72","2,854.07","2,927.43","2,854.07","260.50K","2.58%"
"06/10/2019","2,852.13","2,833.01","2,861.13","2,824.35","166.60K","0.86%"
"06/06/2019","2,827.80","2,862.33","2,862.33","2,822.19","177.10K","-1.17%"
"06/05/2019","2,861.42","2,882.94","2,888.77","2,858.57","181.60K","-0.03%"
"06/04/2019","2,862.28","2,887.64","2,888.39","2,851.97","188.50K","-0.96%"
"06/03/2019","2,890.08","2,901.74","2,920.83","2,875.90","215.90K","-0.30%"
"05/31/2019","2,898.70","2,904.50","2,922.91","2,895.58","195.20K","-0.24%"
"05/30/2019","2,905.80","2,903.43","2,907.85","2,881.38","205.80K","-0.31%"
"05/29/2019","2,914.70","2,894.83","2,934.98","2,890.67","199.00K","0.16%"
"05/28/2019","2,909.91","2,890.27","2,924.04","2,887.08","223.30K","0.61%"
"05/27/2019","2,892.38","2,851.28","2,898.13","2,833.04","196.70K","1.38%"
"05/24/2019","2,853.00","2,847.84","2,871.86","2,846.02","167.20K","0.02%"
"05/23/2019","2,852.51","2,880.84","2,885.14","2,846.96","197.30K","-1.36%"
"05/22/2019","2,891.71","2,905.52","2,912.40","2,879.64","200.00K","-0.49%"
"05/21/2019","2,905.97","2,867.71","2,919.24","2,862.50","211.40K","1.23%"
"05/20/2019","2,870.60","2,874.80","2,882.63","2,838.45","209.50K","-0.41%"
"05/17/2019","2,882.30","2,955.77","2,956.78","2,873.80","266.30K","-2.48%"
"05/16/2019","2,955.71","2,933.50","2,956.17","2,929.06","248.40K","0.58%"
"05/15/2019","2,938.68","2,902.64","2,945.40","2,902.64","230.50K","1.91%"
"05/14/2019","2,883.61","2,872.83","2,909.20","2,872.83","208.30K","-0.69%"
"05/13/2019","2,903.71","2,905.07","2,921.41","2,892.18","212.00K","-1.21%"
"05/10/2019","2,939.21","2,878.23","2,941.45","2,838.39","282.30K","3.10%"
"05/09/2019","2,850.95","2,871.20","2,888.86","2,845.04","200.00K","-1.48%"
"05/08/2019","2,893.76","2,873.14","2,929.43","2,866.70","231.50K","-1.12%"
"05/07/2019","2,926.39","2,914.29","2,937.28","2,889.07","253.30K","0.69%"
"05/06/2019","2,906.46","2,984.73","2,986.54","2,876.47","327.00K","-5.83%"
"04/26/2019","3,086.40","3,108.16","3,129.21","3,085.80","280.90K","-1.20%"
"04/25/2019","3,123.83","3,190.58","3,193.75","3,123.03","325.90K","-2.43%"
"04/24/2019","3,201.61","3,203.56","3,210.65","3,156.61","274.90K","0.09%"
"04/23/2019","3,198.59","3,211.87","3,231.58","3,186.76","328.40K","-0.51%"
"04/22/2019","3,215.04","3,278.49","3,279.49","3,206.88","353.20K","-1.70%"
"04/19/2019","3,270.80","3,250.15","3,274.33","3,226.81","305.70K","0.63%"
"04/18/2019","3,250.20","3,261.07","3,271.39","3,241.83","325.50K","-0.40%"
"04/17/2019","3,263.12","3,250.15","3,275.33","3,239.80","357.50K","0.29%"
"04/16/2019","3,253.60","3,164.40","3,253.60","3,153.21","357.90K","2.39%"
"04/15/2019","3,177.79","3,233.46","3,253.98","3,177.27","348.80K","-0.34%"
"04/12/2019","3,188.63","3,184.86","3,199.28","3,168.04","289.80K","-0.04%"
"04/11/2019","3,189.96","3,241.55","3,254.13","3,185.55","353.00K","-1.60%"
"04/10/2019","3,241.93","3,224.65","3,264.78","3,204.88","380.10K","0.07%"
"04/09/2019","3,239.66","3,240.39","3,251.65","3,215.71","364.20K","-0.16%"
"04/08/2019","3,244.81","3,271.27","3,288.45","3,210.51","504.50K","-0.05%"
"04/04/2019","3,246.57","3,233.69","3,254.14","3,216.85","469.10K","0.94%"
"04/03/2019","3,216.29","3,159.15","3,219.26","3,152.33","430.50K","1.24%"
"04/02/2019","3,176.82","3,183.27","3,193.27","3,164.91","447.10K","0.20%"
"04/01/2019","3,170.36","3,111.66","3,176.62","3,111.66","466.10K","2.58%"
"03/29/2019","3,090.76","3,000.68","3,093.03","2,999.99","375.10K","3.20%"
"03/28/2019","2,994.94","3,009.80","3,025.78","2,991.78","288.10K","-0.92%"
"03/27/2019","3,022.72","3,012.26","3,022.76","2,987.77","291.40K","0.86%"
"03/26/2019","2,997.09","3,057.56","3,062.69","2,988.49","353.50K","-1.51%"
"03/25/2019","3,043.03","3,058.80","3,087.00","3,041.95","380.30K","-1.97%"
"03/22/2019","3,104.15","3,100.73","3,107.27","3,064.88","364.80K","0.09%"
"03/21/2019","3,101.46","3,094.12","3,125.02","3,086.85","414.30K","0.35%"
"03/20/2019","3,090.64","3,084.17","3,102.52","3,053.45","358.60K","-0.01%"
"03/19/2019","3,090.98","3,099.90","3,113.43","3,076.36","350.90K","-0.18%"
"03/18/2019","3,096.42","3,027.80","3,096.42","3,009.51","397.80K","2.47%"
"03/15/2019","3,021.75","3,000.88","3,048.12","2,999.43","341.20K","1.04%"
"03/14/2019","2,990.69","3,013.60","3,041.16","2,968.82","373.10K","-1.20%"
"03/13/2019","3,026.95","3,062.33","3,065.29","3,013.93","453.20K","-1.09%"
"03/12/2019","3,060.31","3,049.08","3,093.39","3,029.90","511.20K","1.10%"
"03/11/2019","3,026.99","2,969.08","3,028.25","2,963.58","426.20K","1.92%"
"03/08/2019","2,969.86","3,038.34","3,075.05","2,969.58","577.90K","-4.40%"
"03/07/2019","3,106.42","3,103.67","3,129.94","3,074.98","583.80K","0.14%"
"03/06/2019","3,102.10","3,060.43","3,103.82","3,050.11","555.00K","1.57%"
"03/05/2019","3,054.25","3,019.88","3,054.96","3,009.45","424.10K","0.88%"
"03/04/2019","3,027.58","3,015.94","3,090.80","3,006.94","525.60K","1.12%"
"03/01/2019","2,994.00","2,954.40","2,994.00","2,930.83","345.80K","1.80%"
"02/28/2019","2,940.95","2,950.05","2,965.30","2,930.20","350.20K","-0.44%"
"02/27/2019","2,953.82","2,939.93","2,997.49","2,924.64","475.00K","0.42%"
"02/26/2019","2,941.52","2,969.10","2,995.68","2,938.62","565.60K","-0.67%"
"02/25/2019","2,961.28","2,838.39","2,961.79","2,838.39","528.70K","5.60%"
"02/22/2019","2,804.23","2,749.46","2,804.23","2,736.33","301.50K","1.91%"
"02/21/2019","2,751.80","2,759.94","2,794.01","2,744.98","298.60K","-0.34%"
"02/20/2019","2,761.22","2,761.06","2,767.41","2,739.98","246.00K","0.20%"
"02/19/2019","2,755.65","2,759.50","2,780.78","2,737.59","288.00K","0.05%"
"02/18/2019","2,754.36","2,699.82","2,754.36","2,699.82","260.40K","2.68%"
"02/15/2019","2,682.39","2,712.79","2,715.63","2,679.78","196.00K","-1.37%"
"02/14/2019","2,719.70","2,715.54","2,729.46","2,707.49","197.00K","-0.05%"
"02/13/2019","2,721.07","2,674.52","2,727.07","2,666.52","243.80K","1.84%"
"02/12/2019","2,671.89","2,654.03","2,674.48","2,648.83","184.10K","0.68%"
"02/11/2019","2,653.90","2,613.17","2,654.10","2,613.17","154.90K","1.36%"
"02/01/2019","2,618.23","2,597.78","2,618.48","2,590.55","132.00K","1.30%"
"01/31/2019","2,584.57","2,581.33","2,606.63","2,571.58","154.30K","0.35%"
"01/30/2019","2,575.58","2,584.75","2,598.81","2,575.41","120.50K","-0.72%"
"01/29/2019","2,594.25","2,592.35","2,601.74","2,559.98","155.60K","-0.11%"
"01/28/2019","2,596.98","2,615.71","2,630.32","2,591.10","147.00K","-0.18%"
"01/25/2019","2,601.72","2,596.26","2,617.00","2,595.63","159.40K","0.39%"
"01/24/2019","2,591.69","2,584.65","2,597.29","2,569.70","154.00K","0.41%"
"01/23/2019","2,581.00","2,575.26","2,589.51","2,572.41","131.40K","0.05%"
"01/22/2019","2,579.70","2,609.64","2,609.64","2,573.06","152.50K","-1.18%"
"01/21/2019","2,610.51","2,599.06","2,618.98","2,599.06","163.40K","0.56%"
"01/18/2019","2,596.01","2,567.74","2,598.88","2,565.90","190.80K","1.42%"
"01/17/2019","2,559.64","2,573.58","2,582.56","2,557.71","162.50K","-0.42%"
"01/16/2019","2,570.42","2,569.07","2,574.24","2,563.01","149.30K","0.00%"
"01/15/2019","2,570.34","2,537.37","2,571.50","2,532.43","160.30K","1.36%"
"01/14/2019","2,535.76","2,553.33","2,556.29","2,533.01","144.80K","-0.71%"
"01/11/2019","2,553.83","2,539.55","2,554.79","2,533.36","149.40K","0.74%"
"01/10/2019","2,535.10","2,543.85","2,551.83","2,531.66","159.90K","-0.36%"
"01/09/2019","2,544.34","2,536.42","2,574.41","2,536.16","191.90K","0.71%"
"01/08/2019","2,526.46","2,530.30","2,531.34","2,520.17","158.10K","-0.26%"
"01/07/2019","2,533.09","2,528.70","2,536.98","2,515.51","177.30K","0.72%"
"01/04/2019","2,514.87","2,446.02","2,515.32","2,440.91","168.90K","2.05%"
"01/03/2019","2,464.36","2,461.78","2,488.48","2,455.93","124.40K","-0.04%"
"01/02/2019","2,465.29","2,497.88","2,500.28","2,456.42","109.90K","-1.15%"
"12/28/2018","2,493.90","2,483.62","2,505.11","2,478.32","119.20K","0.44%"
"12/27/2018","2,483.09","2,527.72","2,532.00","2,483.09","135.40K","-0.61%"
"12/26/2018","2,498.29","2,501.12","2,513.83","2,492.08","108.80K","-0.26%"
"12/25/2018","2,504.82","2,503.95","2,513.96","2,462.84","136.50K","-0.88%"
"12/24/2018","2,527.01","2,506.74","2,529.44","2,500.44","97.30K","0.43%"
"12/21/2018","2,516.25","2,526.55","2,527.42","2,498.69","115.70K","-0.79%"
"12/20/2018","2,536.27","2,544.50","2,554.86","2,516.02","120.60K","-0.52%"
"12/19/2018","2,549.56","2,578.68","2,579.87","2,547.08","107.70K","-1.05%"
"12/18/2018","2,576.65","2,583.63","2,599.15","2,563.57","117.00K","-0.82%"
"12/17/2018","2,597.97","2,587.26","2,598.97","2,573.87","117.40K","0.16%"
"12/14/2018","2,593.74","2,627.28","2,629.16","2,593.74","145.90K","-1.53%"
"12/13/2018","2,634.05","2,607.14","2,645.84","2,599.46","150.70K","1.23%"
"12/12/2018","2,602.15","2,608.11","2,610.01","2,595.07","103.50K","0.31%"
"12/11/2018","2,594.09","2,587.01","2,596.15","2,583.20","101.30K","0.37%"
"12/10/2018","2,584.58","2,589.19","2,599.76","2,576.24","113.20K","-0.82%"
"12/07/2018","2,605.89","2,609.34","2,614.58","2,599.28","109.10K","0.03%"
"12/06/2018","2,605.18","2,629.82","2,633.68","2,603.13","141.70K","-1.68%"
"12/05/2018","2,649.80","2,629.83","2,660.39","2,625.91","154.50K","-0.61%"
"12/04/2018","2,665.96","2,651.56","2,666.08","2,644.90","167.90K","0.42%"
"12/03/2018","2,654.80","2,647.13","2,665.30","2,629.18","207.50K","2.57%"
"11/30/2018","2,588.19","2,564.56","2,590.21","2,555.32","139.30K","0.81%"
"11/29/2018","2,567.44","2,613.78","2,617.55","2,567.44","157.20K","-1.32%"
"11/28/2018","2,601.74","2,575.45","2,601.96","2,561.56","146.00K","1.05%"
"11/27/2018","2,574.68","2,585.83","2,592.53","2,566.17","123.70K","-0.04%"
"11/26/2018","2,575.81","2,580.84","2,595.00","2,568.03","134.30K","-0.14%"
"11/23/2018","2,579.48","2,640.67","2,642.04","2,577.35","191.50K","-2.49%"
"11/22/2018","2,645.43","2,655.90","2,658.00","2,634.48","149.30K","-0.23%"
"11/21/2018","2,651.50","2,619.82","2,653.80","2,617.78","182.60K","0.21%"
"11/20/2018","2,645.85","2,684.29","2,690.83","2,643.36","215.90K","-2.13%"
"11/19/2018","2,703.51","2,681.90","2,703.51","2,674.18","231.70K","0.91%"
"11/16/2018","2,679.11","2,669.78","2,695.57","2,657.03","242.20K","0.41%"
"11/15/2018","2,668.17","2,632.14","2,668.17","2,631.89","207.80K","1.36%"
"11/14/2018","2,632.24","2,648.31","2,658.31","2,627.96","238.40K","-0.85%"
"11/13/2018","2,654.88","2,600.50","2,666.49","2,597.35","249.30K","0.93%"
"11/12/2018","2,630.52","2,593.20","2,631.17","2,590.21","175.00K","1.22%"
"11/09/2018","2,598.87","2,621.24","2,621.24","2,598.16","152.40K","-1.39%"
"11/08/2018","2,635.63","2,660.09","2,662.37","2,632.30","159.60K","-0.22%"
"11/07/2018","2,641.34","2,659.84","2,675.68","2,639.25","173.20K","-0.68%"
"11/06/2018","2,659.36","2,660.72","2,660.86","2,635.32","163.70K","-0.23%"
"11/05/2018","2,665.43","2,665.43","2,673.19","2,639.27","193.80K","-0.41%"
"11/02/2018","2,676.48","2,649.25","2,676.48","2,628.87","225.00K","2.70%"
"11/01/2018","2,606.24","2,617.03","2,636.80","2,603.65","200.90K","0.13%"
"10/31/2018","2,602.78","2,573.01","2,612.92","2,567.03","180.60K","1.35%"
"10/30/2018","2,568.05","2,538.57","2,586.92","2,521.78","166.70K","1.02%"
"10/29/2018","2,542.10","2,593.59","2,595.54","2,529.19","134.20K","-2.18%"
"10/26/2018","2,598.85","2,610.90","2,626.12","2,580.84","158.90K","-0.19%"
"10/25/2018","2,603.80","2,540.94","2,606.10","2,531.53","162.00K","0.02%"
"10/24/2018","2,603.29","2,579.97","2,640.40","2,577.77","160.10K","0.33%"
"10/23/2018","2,594.83","2,652.65","2,659.81","2,583.26","178.30K","-2.26%"
"10/22/2018","2,654.88","2,565.64","2,675.41","2,565.64","211.90K","4.09%"
"10/19/2018","2,550.47","2,460.08","2,553.39","2,449.20","147.30K","2.58%"
"10/18/2018","2,486.42","2,544.91","2,544.91","2,485.62","125.40K","-2.94%"
"10/17/2018","2,561.61","2,574.31","2,582.55","2,517.57","130.00K","0.60%"
"10/16/2018","2,546.33","2,567.76","2,597.72","2,536.44","119.40K","-0.85%"
"10/15/2018","2,568.10","2,605.91","2,611.97","2,564.74","118.60K","-1.49%"
"10/12/2018","2,606.91","2,574.04","2,615.92","2,536.67","170.10K","0.91%"
"10/11/2018","2,583.46","2,643.07","2,661.29","2,560.32","197.20K","-5.22%"
"10/10/2018","2,725.84","2,723.72","2,743.55","2,703.06","113.50K","0.18%"
"10/09/2018","2,721.01","2,713.73","2,734.31","2,711.20","116.80K","0.17%"
"10/08/2018","2,716.51","2,768.21","2,771.94","2,710.18","149.50K","-3.72%"
"09/28/2018","2,821.35","2,794.26","2,821.75","2,791.84","134.30K","1.06%"
"09/27/2018","2,791.77","2,805.79","2,810.51","2,786.32","124.00K","-0.54%"
"09/26/2018","2,806.81","2,785.32","2,827.34","2,783.34","139.60K","0.92%"
"09/25/2018","2,781.14","2,775.07","2,790.03","2,771.16","112.00K","-0.58%"
"09/21/2018","2,797.49","2,733.87","2,797.49","2,722.03","158.00K","2.50%"
"09/20/2018","2,729.24","2,732.17","2,743.97","2,724.08","111.40K","-0.06%"
"09/19/2018","2,730.85","2,694.80","2,746.08","2,690.99","141.60K","1.14%"
"09/18/2018","2,699.95","2,644.30","2,700.19","2,644.30","115.80K","1.82%"
"09/17/2018","2,651.79","2,671.29","2,671.29","2,647.92","88.20K","-1.11%"
"09/14/2018","2,681.64","2,688.78","2,694.92","2,675.29","100.00K","-0.18%"
"09/13/2018","2,686.58","2,679.21","2,689.06","2,653.19","107.30K","1.15%"
"09/12/2018","2,656.11","2,659.74","2,672.07","2,647.17","90.00K","-0.33%"
"09/11/2018","2,664.80","2,668.49","2,680.57","2,652.70","99.90K","-0.18%"
"09/10/2018","2,669.49","2,698.01","2,703.43","2,667.32","103.60K","-1.21%"
"09/07/2018","2,702.30","2,696.68","2,728.55","2,683.72","107.50K","0.40%"
"09/06/2018","2,691.59","2,697.58","2,719.41","2,683.75","99.00K","-0.47%"
"09/05/2018","2,704.34","2,741.38","2,745.47","2,704.34","105.00K","-1.68%"
"09/04/2018","2,750.58","2,720.65","2,756.61","2,712.38","109.00K","1.10%"
"09/03/2018","2,720.73","2,716.40","2,722.85","2,692.36","102.20K","-0.17%"
"08/31/2018","2,725.25","2,730.11","2,744.63","2,710.54","109.80K","-0.46%"
"08/30/2018","2,737.74","2,769.33","2,780.53","2,736.35","106.10K","-1.14%"
"08/29/2018","2,769.29","2,774.86","2,778.54","2,762.35","100.20K","-0.31%"
"08/28/2018","2,777.98","2,782.29","2,791.39","2,769.40","118.70K","-0.11%"
"08/27/2018","2,780.90","2,736.32","2,780.90","2,736.32","132.80K","1.89%"
"08/24/2018","2,729.43","2,717.08","2,748.82","2,705.32","100.50K","0.18%"
"08/23/2018","2,724.62","2,714.87","2,736.01","2,700.80","98.40K","0.37%"
"08/22/2018","2,714.61","2,731.96","2,731.96","2,709.06","93.70K","-0.70%"
"08/21/2018","2,733.83","2,700.34","2,739.17","2,696.29","113.60K","1.31%"
"08/20/2018","2,698.47","2,673.07","2,698.47","2,653.11","110.80K","1.11%"
"08/17/2018","2,668.97","2,723.89","2,730.33","2,665.59","112.40K","-1.34%"
"08/16/2018","2,705.19","2,691.43","2,732.95","2,672.74","120.30K","-0.66%"
"08/15/2018","2,723.26","2,777.25","2,777.70","2,721.24","116.20K","-2.08%"
"08/14/2018","2,780.97","2,780.74","2,789.44","2,766.57","109.60K","-0.18%"
"08/13/2018","2,785.87","2,769.02","2,789.80","2,742.56","127.50K","-0.34%"
"08/10/2018","2,795.31","2,791.40","2,806.11","2,777.51","121.50K","0.03%"
"08/09/2018","2,794.38","2,729.58","2,801.66","2,726.22","151.70K","1.83%"
"08/08/2018","2,744.07","2,771.13","2,779.91","2,741.07","147.70K","-1.27%"
"08/07/2018","2,779.37","2,711.74","2,779.37","2,696.04","149.60K","2.74%"
"08/06/2018","2,705.16","2,736.53","2,760.47","2,692.32","129.80K","-1.29%"
"08/03/2018","2,740.44","2,763.40","2,777.66","2,740.43","127.00K","-1.00%"
"08/02/2018","2,768.02","2,815.34","2,815.34","2,726.48","174.20K","-2.00%"
"08/01/2018","2,824.53","2,882.51","2,897.40","2,823.93","149.50K","-1.80%"
"07/31/2018","2,876.40","2,866.90","2,884.68","2,854.32","118.90K","0.26%"
"07/30/2018","2,869.05","2,871.94","2,896.01","2,850.30","151.70K","-0.16%"
"07/27/2018","2,873.59","2,879.69","2,889.69","2,864.11","146.40K","-0.30%"
"07/26/2018","2,882.23","2,905.79","2,915.30","2,875.70","168.40K","-0.74%"
"07/25/2018","2,903.65","2,911.45","2,912.31","2,894.04","167.80K","-0.07%"
"07/24/2018","2,905.56","2,862.27","2,911.47","2,862.27","229.60K","1.61%"
"07/23/2018","2,859.54","2,815.20","2,863.57","2,809.62","173.40K","1.07%"
"07/20/2018","2,829.27","2,769.75","2,837.86","2,753.84","145.90K","2.05%"
"07/19/2018","2,772.54","2,791.02","2,805.01","2,764.49","114.50K","-0.53%"
"07/18/2018","2,787.26","2,801.78","2,818.40","2,786.04","121.00K","-0.39%"
"07/17/2018","2,798.13","2,806.89","2,806.92","2,774.76","105.40K","-0.57%"
"07/16/2018","2,814.04","2,827.08","2,837.51","2,804.49","107.80K","-0.61%"
"07/13/2018","2,831.18","2,831.43","2,835.46","2,818.85","117.70K","-0.23%"
"07/12/2018","2,837.66","2,771.04","2,844.19","2,771.04","147.00K","2.16%"
"07/11/2018","2,777.77","2,780.70","2,794.36","2,752.44","126.80K","-1.76%"
"07/10/2018","2,827.62","2,819.71","2,828.49","2,800.62","117.10K","0.44%"
"07/09/2018","2,815.11","2,752.45","2,815.79","2,752.45","121.50K","2.47%"
"07/06/2018","2,747.23","2,731.35","2,768.87","2,691.02","136.30K","0.49%"
"07/05/2018","2,733.88","2,755.34","2,777.52","2,727.94","129.20K","-0.92%"
"07/04/2018","2,759.13","2,776.63","2,793.18","2,754.16","123.30K","-1.00%"
"07/03/2018","2,786.89","2,774.57","2,786.89","2,722.45","142.50K","0.41%"
"07/02/2018","2,775.56","2,841.58","2,845.68","2,756.81","137.00K","-2.52%"
"06/29/2018","2,847.42","2,789.81","2,848.37","2,782.38","125.70K","2.17%"
"06/28/2018","2,786.90","2,799.90","2,825.99","2,782.45","118.40K","-0.93%"
"06/27/2018","2,813.18","2,842.40","2,854.26","2,798.80","129.40K","-1.10%"
"06/26/2018","2,844.51","2,830.00","2,850.24","2,803.78","125.90K","-0.52%"
"06/25/2018","2,859.34","2,903.45","2,908.62","2,857.87","121.90K","-1.05%"
"06/22/2018","2,889.76","2,855.58","2,891.97","2,837.14","126.10K","0.49%"
"06/21/2018","2,875.81","2,912.00","2,940.59","2,872.62","154.40K","-1.37%"
"06/20/2018","2,915.73","2,889.98","2,925.56","2,872.16","144.30K","0.27%"
"06/19/2018","2,907.82","2,982.65","2,984.97","2,871.35","230.60K","-3.78%"
"06/15/2018","3,021.90","3,037.45","3,048.80","3,008.73","144.50K","-0.73%"
"06/14/2018","3,044.16","3,038.07","3,066.05","3,032.41","115.50K","-0.18%"
"06/13/2018","3,049.80","3,071.46","3,071.46","3,044.12","119.60K","-0.97%"
"06/12/2018","3,079.80","3,053.03","3,081.45","3,034.10","113.30K","0.89%"
"06/11/2018","3,052.78","3,057.34","3,063.61","3,037.91","108.60K","-0.47%"
"06/08/2018","3,067.15","3,100.60","3,100.69","3,053.29","134.70K","-1.36%"
"06/07/2018","3,109.50","3,121.18","3,128.72","3,105.58","127.80K","-0.18%"
"06/06/2018","3,115.18","3,109.18","3,117.52","3,103.53","120.20K","0.03%"
"06/05/2018","3,114.21","3,088.01","3,114.77","3,080.05","118.70K","0.74%"
"06/04/2018","3,091.19","3,083.43","3,098.40","3,076.99","114.60K","0.52%"
"06/01/2018","3,075.14","3,084.75","3,102.09","3,059.79","129.90K","-0.66%"
"05/31/2018","3,095.47","3,061.83","3,098.08","3,054.27","140.50K","1.78%"
"05/30/2018","3,041.44","3,081.14","3,085.40","3,041.00","155.10K","-2.53%"
"05/29/2018","3,120.46","3,129.62","3,143.21","3,112.15","135.70K","-0.47%"
"05/28/2018","3,135.08","3,136.81","3,149.67","3,115.96","128.80K","-0.20%"
"05/25/2018","3,141.30","3,148.41","3,156.73","3,131.07","128.60K","-0.42%"
"05/24/2018","3,154.65","3,167.94","3,173.53","3,152.07","124.10K","-0.45%"
"05/23/2018","3,168.96","3,205.44","3,205.44","3,168.96","157.80K","-1.41%"
"05/22/2018","3,214.35","3,211.25","3,214.59","3,192.23","144.30K","0.02%"
"05/21/2018","3,213.84","3,206.18","3,219.74","3,203.34","164.50K","0.64%"
"05/18/2018","3,193.30","3,151.08","3,193.45","3,144.78","136.50K","1.24%"
"05/17/2018","3,154.28","3,170.01","3,172.77","3,148.62","114.00K","-0.48%"
"05/16/2018","3,169.56","3,180.23","3,191.95","3,166.81","130.50K","-0.71%"
"05/15/2018","3,192.12","3,180.43","3,192.81","3,164.52","124.50K","0.57%"
"05/14/2018","3,174.03","3,167.04","3,183.82","3,163.48","129.30K","0.34%"
"05/11/2018","3,163.26","3,179.80","3,180.76","3,162.21","130.70K","-0.35%"
"05/10/2018","3,174.41","3,169.05","3,176.14","3,155.53","133.00K","0.48%"
"05/09/2018","3,159.15","3,160.14","3,165.37","3,145.66","122.60K","-0.07%"
"05/08/2018","3,161.50","3,135.30","3,169.70","3,134.06","146.90K","0.79%"
"05/07/2018","3,136.65","3,094.90","3,136.84","3,091.66","138.90K","1.48%"
"05/04/2018","3,091.03","3,093.12","3,104.09","3,086.78","118.70K","-0.32%"
"05/03/2018","3,100.86","3,074.52","3,105.66","3,056.16","140.00K","0.64%"
"05/02/2018","3,081.18","3,087.41","3,097.60","3,064.76","134.20K","-0.03%"
"04/27/2018","3,082.23","3,082.42","3,088.03","3,049.91","131.20K","0.23%"
"04/26/2018","3,075.03","3,119.50","3,121.93","3,067.93","134.00K","-1.38%"
"04/25/2018","3,117.97","3,112.40","3,122.91","3,107.00","127.30K","-0.35%"
"04/24/2018","3,128.93","3,069.75","3,136.04","3,069.75","162.30K","1.99%"
"04/23/2018","3,068.01","3,063.44","3,085.06","3,045.94","131.70K","-0.11%"
"04/20/2018","3,071.54","3,105.46","3,111.17","3,065.92","155.10K","-1.47%"
"04/19/2018","3,117.38","3,094.27","3,127.44","3,090.29","160.10K","0.84%"
"04/18/2018","3,091.40","3,091.91","3,096.89","3,041.62","159.30K","0.80%"
"04/17/2018","3,066.80","3,112.98","3,118.76","3,064.03","147.20K","-1.41%"
"04/16/2018","3,110.65","3,152.89","3,153.11","3,096.10","154.40K","-1.53%"
"04/13/2018","3,159.05","3,192.04","3,197.90","3,155.51","127.60K","-0.66%"
"04/12/2018","3,180.16","3,203.28","3,205.25","3,177.05","148.20K","-0.87%"
"04/11/2018","3,208.08","3,197.37","3,220.84","3,191.59","175.90K","0.56%"
"04/10/2018","3,190.32","3,144.26","3,190.65","3,139.08","168.20K","1.66%"
"04/09/2018","3,138.29","3,125.44","3,146.09","3,110.30","139.60K","0.23%"
"04/04/2018","3,131.11","3,147.05","3,163.34","3,128.87","147.00K","-0.18%"
"04/03/2018","3,136.63","3,130.01","3,144.33","3,119.13","152.20K","-0.84%"
"04/02/2018","3,163.18","3,169.78","3,192.34","3,159.99","177.70K","-0.18%"
"03/30/2018","3,168.90","3,161.79","3,177.72","3,152.89","154.60K","0.26%"
"03/29/2018","3,160.53","3,127.26","3,174.51","3,098.25","170.30K","1.22%"
"03/28/2018","3,122.29","3,130.57","3,165.21","3,117.53","163.50K","-1.40%"
"03/27/2018","3,166.65","3,164.80","3,172.78","3,143.57","189.10K","1.05%"
"03/26/2018","3,133.72","3,117.32","3,134.28","3,091.46","186.40K","-0.60%"
"03/23/2018","3,152.76","3,172.77","3,188.24","3,110.66","275.50K","-3.39%"
"03/22/2018","3,263.48","3,281.26","3,288.80","3,242.76","150.40K","-0.53%"
"03/21/2018","3,280.95","3,299.73","3,314.21","3,268.88","168.40K","-0.29%"
"03/20/2018","3,290.64","3,257.22","3,292.57","3,252.43","139.90K","0.35%"
"03/19/2018","3,279.25","3,264.93","3,280.57","3,251.05","138.00K","0.29%"
"03/16/2018","3,269.88","3,290.21","3,300.56","3,269.28","141.20K","-0.65%"
"03/15/2018","3,291.11","3,277.51","3,297.10","3,273.20","148.60K","-0.01%"
"03/14/2018","3,291.38","3,298.67","3,304.98","3,287.36","157.50K","-0.57%"
"03/13/2018","3,310.24","3,324.12","3,333.88","3,307.38","177.10K","-0.49%"
"03/12/2018","3,326.70","3,319.21","3,333.56","3,313.55","206.50K","0.59%"
"03/09/2018","3,307.17","3,291.43","3,309.72","3,283.56","168.40K","0.57%"
"03/08/2018","3,288.41","3,268.35","3,289.50","3,261.55","149.80K","0.51%"
"03/07/2018","3,271.67","3,288.86","3,308.41","3,264.76","168.70K","-0.55%"
"03/06/2018","3,289.64","3,266.49","3,290.25","3,243.65","195.40K","1.00%"
"03/05/2018","3,256.93","3,255.87","3,269.40","3,236.72","144.80K","0.07%"
"03/02/2018","3,254.53","3,248.45","3,269.94","3,242.27","150.90K","-0.59%"
"03/01/2018","3,273.75","3,235.09","3,280.15","3,228.58","159.10K","0.44%"
"02/28/2018","3,259.41","3,264.06","3,277.83","3,239.84","151.00K","-0.99%"
"02/27/2018","3,292.07","3,328.67","3,328.67","3,284.63","174.20K","-1.13%"
"02/26/2018","3,329.57","3,307.29","3,335.99","3,281.61","188.60K","1.23%"
"02/23/2018","3,289.02","3,275.43","3,294.13","3,258.49","145.80K","0.63%"
"02/22/2018","3,268.56","3,237.57","3,269.92","3,234.11","138.70K","2.17%"
"02/14/2018","3,199.16","3,188.25","3,203.50","3,171.38","100.30K","0.45%"
"02/13/2018","3,184.96","3,176.11","3,219.22","3,176.11","151.50K","0.98%"
"02/12/2018","3,154.12","3,128.37","3,168.13","3,113.60","153.30K","0.78%"
"02/09/2018","3,129.85","3,172.85","3,180.11","3,062.74","256.40K","-4.05%"
"02/08/2018","3,262.05","3,281.05","3,307.16","3,225.71","201.30K","-1.43%"
"02/07/2018","3,309.26","3,412.74","3,425.54","3,304.01","260.90K","-1.82%"
"02/06/2018","3,370.65","3,418.01","3,440.12","3,364.22","280.60K","-3.35%"
"02/05/2018","3,487.50","3,411.67","3,487.72","3,406.24","217.70K","0.73%"
"02/02/2018","3,462.08","3,419.23","3,463.16","3,388.86","208.10K","0.44%"
"02/01/2018","3,446.98","3,478.67","3,495.09","3,424.42","260.50K","-0.97%"
"01/31/2018","3,480.83","3,470.51","3,495.45","3,454.73","207.30K","-0.21%"
"01/30/2018","3,488.01","3,511.50","3,523.05","3,484.66","186.40K","-0.99%"
"01/29/2018","3,523.00","3,563.64","3,587.03","3,510.27","236.00K","-0.99%"
"01/26/2018","3,558.13","3,535.49","3,574.91","3,534.20","222.70K","0.28%"
"01/25/2018","3,548.31","3,555.17","3,571.48","3,528.03","243.40K","-0.31%"
"01/24/2018","3,559.47","3,553.48","3,569.49","3,527.11","253.00K","0.37%"
"01/23/2018","3,546.50","3,504.34","3,547.22","3,504.34","238.70K","1.29%"
"01/22/2018","3,501.36","3,476.99","3,503.39","3,475.67","217.50K","0.39%"
"01/19/2018","3,487.86","3,481.62","3,498.43","3,474.29","247.50K","0.38%"
"01/18/2018","3,474.75","3,449.88","3,476.55","3,448.79","220.00K","0.87%"
"01/17/2018","3,444.67","3,438.58","3,465.21","3,430.51","261.00K","0.24%"
"01/16/2018","3,436.59","3,403.47","3,437.58","3,401.96","211.50K","0.77%"
"01/15/2018","3,410.49","3,428.95","3,442.50","3,402.31","232.00K","-0.54%"
"01/12/2018","3,428.94","3,423.88","3,435.42","3,417.98","174.10K","0.11%"
"01/11/2018","3,425.34","3,415.58","3,426.48","3,405.64","173.80K","0.10%"
"01/10/2018","3,421.83","3,414.11","3,430.21","3,398.84","209.10K","0.23%"
"01/09/2018","3,413.90","3,406.11","3,417.23","3,403.59","191.50K","0.13%"
"01/08/2018","3,409.48","3,391.55","3,412.73","3,384.56","236.20K","0.52%"
"01/05/2018","3,391.75","3,386.46","3,402.07","3,380.25","213.10K","0.18%"
"01/04/2018","3,385.71","3,371.00","3,392.83","3,365.29","207.00K","0.49%"
"01/03/2018","3,369.11","3,347.74","3,379.92","3,345.29","213.80K","0.62%"
"01/02/2018","3,348.33","3,314.03","3,349.05","3,314.03","202.30K","1.24%"
"12/29/2017","3,307.17","3,295.25","3,308.23","3,292.77","141.60K","0.33%"
"12/28/2017","3,296.39","3,272.29","3,304.10","3,263.73","175.40K","0.63%"
"12/27/2017","3,275.78","3,302.46","3,307.08","3,270.35","162.70K","-0.92%"
"12/26/2017","3,306.12","3,277.84","3,307.30","3,274.33","142.40K","0.77%"
"12/25/2017","3,280.84","3,296.21","3,312.30","3,270.44","142.50K","-0.49%"
"12/22/2017","3,297.06","3,297.69","3,307.33","3,293.44","124.00K","-0.09%"
"12/21/2017","3,300.06","3,281.12","3,309.22","3,267.40","142.10K","0.38%"
"12/20/2017","3,287.61","3,296.74","3,300.21","3,276.12","137.70K","-0.27%"
"12/19/2017","3,296.54","3,266.02","3,296.94","3,266.02","115.10K","0.88%"
"12/18/2017","3,267.92","3,268.03","3,280.54","3,254.18","120.70K","0.05%"
"12/15/2017","3,266.14","3,287.53","3,287.53","3,259.39","130.90K","-0.80%"
"12/14/2017","3,292.44","3,302.93","3,309.53","3,282.57","120.50K","-0.32%"
"12/13/2017","3,303.04","3,278.40","3,304.01","3,273.32","112.00K","0.68%"
"12/12/2017","3,280.81","3,320.31","3,320.31","3,280.33","124.60K","-1.25%"
"12/11/2017","3,322.20","3,290.49","3,322.67","3,288.29","132.00K","0.98%"
"12/08/2017","3,289.99","3,264.48","3,297.13","3,258.76","133.20K","0.55%"
"12/07/2017","3,272.05","3,283.28","3,291.28","3,259.16","132.10K","-0.67%"
"12/06/2017","3,293.97","3,291.31","3,296.20","3,254.61","151.60K","-0.29%"
"12/05/2017","3,303.68","3,301.69","3,315.74","3,300.51","208.30K","-0.18%"
"12/04/2017","3,309.62","3,310.38","3,324.00","3,304.10","148.10K","-0.24%"
"12/01/2017","3,317.62","3,315.10","3,324.52","3,302.44","139.20K","0.01%"
"11/30/2017","3,317.19","3,328.64","3,340.92","3,306.28","156.60K","-0.62%"
"11/29/2017","3,337.86","3,335.57","3,343.06","3,305.57","183.80K","0.13%"
"11/28/2017","3,333.66","3,311.23","3,333.80","3,300.78","138.20K","0.34%"
"11/27/2017","3,322.23","3,346.66","3,347.05","3,315.26","166.40K","-0.94%"
"11/24/2017","3,353.82","3,340.38","3,360.75","3,328.33","159.60K","0.02%"
"11/23/2017","3,352.99","3,425.01","3,429.42","3,342.33","208.80K","-2.26%"
"11/22/2017","3,430.46","3,417.33","3,442.18","3,404.29","213.60K","0.59%"
"11/21/2017","3,410.50","3,382.36","3,419.80","3,377.60","196.90K","0.53%"
"11/20/2017","3,392.40","3,361.36","3,393.11","3,337.12","176.50K","0.28%"
"11/17/2017","3,382.91","3,392.68","3,403.29","3,373.30","249.50K","-0.48%"
"11/16/2017","3,399.25","3,393.19","3,409.65","3,390.59","156.70K","-0.10%"
"11/15/2017","3,402.52","3,416.21","3,423.75","3,396.38","168.80K","-0.79%"
"11/14/2017","3,429.55","3,446.54","3,450.50","3,419.69","196.50K","-0.53%"
"11/13/2017","3,447.84","3,435.18","3,449.16","3,435.08","205.40K","0.44%"
"11/10/2017","3,432.67","3,423.19","3,438.79","3,414.33","189.30K","0.14%"
"11/09/2017","3,427.79","3,410.67","3,428.77","3,408.62","158.70K","0.36%"
"11/08/2017","3,415.46","3,409.15","3,434.49","3,404.88","185.40K","0.06%"
"11/07/2017","3,413.57","3,389.47","3,415.15","3,387.95","190.60K","0.75%"
"11/06/2017","3,388.17","3,369.69","3,389.38","3,356.53","154.60K","0.49%"
"11/03/2017","3,371.74","3,377.74","3,380.57","3,347.36","172.70K","-0.34%"
"11/02/2017","3,383.31","3,391.65","3,391.65","3,372.21","166.90K","-0.37%"
"11/01/2017","3,395.91","3,393.97","3,410.35","3,388.60","180.60K","0.08%"
"10/31/2017","3,393.34","3,381.00","3,397.10","3,376.12","153.50K","0.09%"
"10/30/2017","3,390.34","3,413.87","3,419.73","3,357.28","208.30K","-0.77%"
"10/27/2017","3,416.81","3,404.50","3,421.10","3,402.11","170.30K","0.27%"
"10/26/2017","3,407.57","3,397.52","3,414.24","3,391.46","183.80K","0.31%"
"10/25/2017","3,396.90","3,384.86","3,398.30","3,382.03","123.10K","0.26%"
"10/24/2017","3,388.25","3,376.60","3,388.69","3,374.12","139.90K","0.22%"
"10/23/2017","3,380.70","3,382.28","3,385.28","3,374.71","130.80K","0.06%"
"10/20/2017","3,378.65","3,363.51","3,379.76","3,360.10","127.20K","0.25%"
"10/19/2017","3,370.17","3,374.64","3,378.74","3,359.63","158.50K","-0.34%"
"10/18/2017","3,381.79","3,373.53","3,383.23","3,371.93","157.20K","0.29%"
"10/17/2017","3,372.04","3,373.23","3,382.41","3,365.56","125.40K","-0.19%"
"10/16/2017","3,378.47","3,393.21","3,400.51","3,374.77","174.30K","-0.36%"
"10/13/2017","3,390.52","3,384.49","3,395.75","3,383.24","140.00K","0.13%"
"10/12/2017","3,386.10","3,385.53","3,390.20","3,372.53","161.80K","-0.06%"
"10/11/2017","3,388.28","3,381.49","3,395.78","3,379.16","181.50K","0.16%"
"10/10/2017","3,382.99","3,373.34","3,384.03","3,358.79","179.40K","0.26%"
"10/09/2017","3,374.38","3,403.25","3,410.17","3,366.97","191.70K","0.76%"
"09/29/2017","3,348.94","3,340.31","3,357.01","3,340.31","144.90K","0.28%"
"09/28/2017","3,339.64","3,343.84","3,344.60","3,336.18","149.40K","-0.17%"
"09/27/2017","3,345.27","3,340.82","3,349.70","3,340.30","143.10K","0.05%"
"09/26/2017","3,343.58","3,336.35","3,347.16","3,332.60","132.60K","0.06%"
"09/25/2017","3,341.55","3,344.59","3,350.96","3,334.94","169.60K","-0.33%"
"09/22/2017","3,352.53","3,347.16","3,356.45","3,334.99","179.20K","-0.16%"
"09/21/2017","3,357.81","3,364.70","3,377.88","3,356.88","197.40K","-0.24%"
"09/20/2017","3,366.00","3,352.19","3,370.10","3,346.54","192.20K","0.27%"
"09/19/2017","3,356.84","3,365.53","3,370.40","3,344.71","191.10K","-0.18%"
"09/18/2017","3,362.86","3,352.51","3,371.75","3,352.51","190.30K","0.28%"
"09/15/2017","3,353.62","3,365.15","3,365.53","3,345.33","219.80K","-0.53%"
"09/14/2017","3,371.43","3,383.47","3,391.64","3,361.33","221.30K","-0.38%"
"09/13/2017","3,384.15","3,374.72","3,387.14","3,366.54","194.60K","0.14%"
"09/12/2017","3,379.49","3,381.49","3,391.07","3,370.85","272.90K","0.09%"
"09/11/2017","3,376.42","3,365.35","3,384.81","3,360.05","219.00K","0.33%"
"09/08/2017","3,365.24","3,364.43","3,380.89","3,353.69","198.40K","-0.01%"
"09/07/2017","3,365.50","3,383.63","3,387.80","3,363.18","221.10K","-0.59%"
"09/06/2017","3,385.39","3,372.43","3,391.01","3,364.76","229.10K","0.03%"
"09/05/2017","3,384.32","3,377.20","3,390.82","3,371.57","216.60K","0.13%"
"09/04/2017","3,379.84","3,369.72","3,381.40","3,359.13","259.40K","0.38%"
"09/01/2017","3,367.12","3,365.99","3,381.93","3,358.47","282.50K","0.19%"
"08/31/2017","3,360.81","3,361.46","3,367.36","3,340.69","234.40K","-0.08%"
"08/30/2017","3,363.63","3,361.82","3,376.65","3,357.08","246.90K","-0.05%"
"08/29/2017","3,365.23","3,362.06","3,374.59","3,354.46","219.50K","0.08%"
"08/28/2017","3,362.65","3,336.13","3,375.03","3,336.13","257.50K","0.93%"
"08/25/2017","3,331.52","3,271.46","3,331.92","3,271.46","205.80K","1.83%"
"08/24/2017","3,271.51","3,287.96","3,297.99","3,266.36","163.50K","-0.49%"
"08/23/2017","3,287.71","3,283.80","3,299.46","3,274.44","179.80K","-0.08%"
"08/22/2017","3,290.23","3,287.61","3,293.48","3,274.94","186.50K","0.10%"
"08/21/2017","3,286.91","3,274.58","3,287.52","3,270.48","186.10K","0.56%"
"08/18/2017","3,268.72","3,253.24","3,275.08","3,248.08","191.10K","0.01%"
"08/17/2017","3,268.43","3,253.85","3,269.14","3,251.46","203.60K","0.68%"
"08/16/2017","3,246.45","3,247.85","3,248.78","3,228.87","176.90K","-0.15%"
"08/15/2017","3,251.26","3,235.23","3,263.59","3,235.10","182.30K","0.43%"
"08/14/2017","3,237.36","3,206.04","3,240.05","3,206.04","190.30K","0.90%"
"08/11/2017","3,208.54","3,237.92","3,245.12","3,200.75","263.00K","-1.63%"
"08/10/2017","3,261.75","3,269.74","3,282.52","3,236.18","240.70K","-0.42%"
"08/09/2017","3,275.57","3,277.81","3,277.94","3,263.85","235.60K","-0.19%"
"08/08/2017","3,281.87","3,277.19","3,285.48","3,269.66","252.00K","0.07%"
"08/07/2017","3,279.46","3,257.67","3,280.10","3,243.72","231.20K","0.53%"
"08/04/2017","3,262.08","3,269.32","3,287.19","3,261.31","275.90K","-0.33%"
"08/03/2017","3,272.93","3,279.99","3,293.37","3,262.16","233.30K","-0.37%"
"08/02/2017","3,285.06","3,288.52","3,305.43","3,282.04","266.70K","-0.23%"
"08/01/2017","3,292.64","3,274.37","3,292.64","3,273.50","237.20K","0.60%"
"07/31/2017","3,273.03","3,252.75","3,276.95","3,251.19","246.00K","0.61%"
"07/28/2017","3,253.24","3,240.17","3,256.37","3,232.96","182.20K","0.11%"
"07/27/2017","3,249.78","3,243.76","3,251.93","3,220.64","228.50K","0.06%"
"07/26/2017","3,247.68","3,244.46","3,264.85","3,228.04","213.50K","0.12%"
"07/25/2017","3,243.69","3,249.14","3,261.65","3,233.14","205.60K","-0.21%"
"07/24/2017","3,250.60","3,230.90","3,261.10","3,230.07","233.10K","0.39%"
"07/21/2017","3,237.98","3,236.59","3,247.71","3,231.96","206.00K","-0.21%"
"07/20/2017","3,244.86","3,227.51","3,246.24","3,225.43","232.10K","0.43%"
"07/19/2017","3,230.98","3,181.40","3,232.94","3,179.73","272.40K","1.36%"
"07/18/2017","3,187.57","3,159.73","3,187.67","3,150.13","190.60K","0.35%"
"07/17/2017","3,176.47","3,219.79","3,230.35","3,139.50","266.20K","-1.43%"
"07/14/2017","3,222.42","3,212.03","3,222.98","3,204.85","160.10K","0.13%"
"07/13/2017","3,218.16","3,192.36","3,219.27","3,190.34","195.30K","0.64%"
"07/12/2017","3,197.54","3,201.93","3,215.20","3,177.94","186.90K","-0.17%"
"07/11/2017","3,203.04","3,201.52","3,226.91","3,199.22","187.80K","-0.30%"
"07/10/2017","3,212.63","3,208.46","3,223.34","3,203.21","198.90K","-0.17%"
"07/07/2017","3,217.96","3,203.82","3,219.52","3,195.29","176.70K","0.17%"
"07/06/2017","3,212.44","3,203.86","3,215.95","3,188.77","175.80K","0.17%"
"07/05/2017","3,207.13","3,179.22","3,207.31","3,174.71","148.30K","0.76%"
"07/04/2017","3,182.80","3,192.89","3,193.06","3,174.31","141.10K","-0.41%"
"07/03/2017","3,195.91","3,192.00","3,196.29","3,177.02","140.30K","0.11%"
"06/30/2017","3,192.43","3,176.95","3,193.24","3,171.57","121.50K","0.14%"
"06/29/2017","3,188.06","3,174.98","3,188.77","3,174.28","128.80K","0.47%"
"06/28/2017","3,173.20","3,183.63","3,193.44","3,170.79","146.50K","-0.56%"
"06/27/2017","3,191.20","3,183.42","3,193.46","3,172.46","148.20K","0.18%"
"06/26/2017","3,185.44","3,157.00","3,187.89","3,156.98","173.60K","0.87%"
"06/23/2017","3,157.87","3,138.44","3,158.05","3,118.09","154.80K","0.33%"
"06/22/2017","3,147.45","3,152.24","3,186.98","3,146.64","191.30K","-0.28%"
"06/21/2017","3,156.21","3,148.99","3,157.03","3,132.62","136.70K","0.52%"
"06/20/2017","3,140.01","3,148.02","3,150.47","3,134.61","141.20K","-0.14%"
"06/19/2017","3,144.37","3,122.16","3,146.77","3,121.78","134.90K","0.68%"
"06/16/2017","3,123.17","3,126.37","3,134.25","3,117.86","129.70K","-0.30%"
"06/15/2017","3,132.49","3,125.59","3,137.58","3,117.08","147.00K","0.06%"
"06/14/2017","3,130.67","3,146.75","3,149.17","3,125.35","138.30K","-0.73%"
"06/13/2017","3,153.74","3,134.01","3,155.99","3,131.04","128.30K","0.44%"
"06/12/2017","3,139.88","3,149.53","3,164.95","3,135.31","146.70K","-0.59%"
"06/09/2017","3,158.40","3,147.45","3,165.92","3,146.11","160.10K","0.26%"
"06/08/2017","3,150.33","3,136.47","3,153.26","3,132.83","152.30K","0.32%"
"06/07/2017","3,140.32","3,101.76","3,140.77","3,098.95","173.20K","1.23%"
"06/06/2017","3,102.13","3,084.54","3,102.86","3,078.79","113.40K","0.34%"
"06/05/2017","3,091.66","3,102.11","3,105.51","3,084.83","132.60K","-0.45%"
"06/02/2017","3,105.54","3,094.23","3,110.39","3,081.85","142.50K","0.09%"
"06/01/2017","3,102.62","3,108.42","3,113.52","3,097.68","163.00K","-0.47%"
"05/31/2017","3,117.18","3,125.32","3,143.28","3,111.56","153.00K","0.23%"
"05/26/2017","3,110.06","3,101.29","3,120.66","3,100.39","155.90K","0.07%"
"05/25/2017","3,107.83","3,055.34","3,114.66","3,052.83","191.40K","1.43%"
"05/24/2017","3,064.08","3,047.57","3,064.81","3,022.30","139.80K","0.07%"
"05/23/2017","3,061.95","3,069.39","3,084.24","3,050.84","178.30K","-0.45%"
"05/22/2017","3,075.68","3,087.17","3,103.94","3,063.15","153.70K","-0.48%"
"05/19/2017","3,090.63","3,086.71","3,095.48","3,081.28","129.60K","0.02%"
"05/18/2017","3,090.14","3,082.33","3,103.44","3,077.96","148.60K","-0.46%"
"05/17/2017","3,104.44","3,107.80","3,119.58","3,101.29","168.70K","-0.27%"
"05/16/2017","3,112.96","3,082.87","3,113.51","3,060.53","173.80K","0.74%"
"05/15/2017","3,090.23","3,085.93","3,098.91","3,085.93","135.70K","0.22%"
"05/12/2017","3,083.51","3,054.11","3,090.49","3,051.87","159.70K","0.72%"
"05/11/2017","3,061.50","3,036.79","3,063.56","3,016.53","191.30K","0.29%"
"05/10/2017","3,052.78","3,078.17","3,090.82","3,051.59","160.80K","-0.90%"
"05/09/2017","3,080.53","3,064.85","3,084.21","3,056.56","135.10K","0.06%"
"05/08/2017","3,078.61","3,090.06","3,093.45","3,067.69","180.50K","-0.79%"
"05/05/2017","3,103.04","3,114.77","3,117.61","3,092.09","176.20K","-0.78%"
"05/04/2017","3,127.37","3,127.11","3,143.82","3,111.39","178.00K","-0.25%"
"05/03/2017","3,135.35","3,138.31","3,148.29","3,123.75","163.80K","-0.27%"
"05/02/2017","3,143.71","3,147.23","3,154.78","3,136.54","154.20K","-0.35%"
"04/28/2017","3,154.66","3,144.02","3,154.73","3,136.58","162.90K","0.08%"
"04/27/2017","3,152.19","3,131.35","3,155.00","3,097.33","211.80K","0.36%"
"04/26/2017","3,140.85","3,132.92","3,152.95","3,131.42","169.90K","0.20%"
"04/25/2017","3,134.57","3,123.89","3,145.27","3,117.45","153.40K","0.16%"
"04/24/2017","3,129.53","3,164.25","3,164.25","3,111.22","186.30K","-1.37%"
"04/21/2017","3,173.15","3,170.29","3,180.79","3,158.63","164.80K","0.03%"
"04/20/2017","3,172.10","3,165.67","3,178.18","3,148.18","190.90K","0.04%"
"04/19/2017","3,170.69","3,184.67","3,189.44","3,147.07","213.20K","-0.81%"
"04/18/2017","3,196.71","3,215.40","3,225.05","3,196.49","188.70K","-0.79%"
"04/17/2017","3,222.17","3,229.95","3,229.95","3,199.91","212.70K","-0.69%"
"04/14/2017","3,244.48","3,276.14","3,276.71","3,238.90","208.10K","-0.96%"
"04/13/2017","3,275.96","3,265.22","3,281.14","3,261.49","207.30K","0.07%"
"04/12/2017","3,273.83","3,283.84","3,284.93","3,262.28","269.40K","-0.46%"
"04/11/2017","3,288.97","3,266.22","3,290.39","3,244.41","281.30K","0.60%"
"04/10/2017","3,269.39","3,285.46","3,285.46","3,265.01","232.70K","-0.52%"
"04/07/2017","3,286.62","3,280.62","3,295.19","3,275.05","236.10K","0.17%"
"04/06/2017","3,281.00","3,272.19","3,286.67","3,265.76","245.30K","0.33%"
"04/05/2017","3,270.30","3,235.66","3,270.65","3,233.24","248.30K","1.48%"
"03/31/2017","3,222.51","3,206.25","3,226.25","3,205.54","196.40K","0.38%"
"03/30/2017","3,210.24","3,235.14","3,240.02","3,195.85","247.10K","-0.96%"
"03/29/2017","3,241.31","3,252.86","3,262.10","3,233.28","216.10K","-0.36%"
"03/28/2017","3,252.95","3,265.63","3,265.63","3,246.09","161.70K","-0.43%"
"03/27/2017","3,266.96","3,268.92","3,283.24","3,262.12","201.90K","-0.08%"
"03/24/2017","3,269.45","3,247.35","3,275.21","3,241.12","219.80K","0.64%"
"03/23/2017","3,248.55","3,245.81","3,262.09","3,221.93","193.00K","0.10%"
"03/22/2017","3,245.22","3,246.22","3,255.78","3,229.13","189.70K","-0.50%"
"03/21/2017","3,261.61","3,250.25","3,262.22","3,246.70","162.70K","0.33%"
"03/20/2017","3,250.81","3,241.11","3,251.13","3,228.12","170.50K","0.41%"
"03/17/2017","3,237.45","3,271.87","3,274.19","3,232.28","200.60K","-0.96%"
"03/16/2017","3,268.94","3,247.16","3,269.77","3,247.16","189.40K","0.84%"
"03/15/2017","3,241.76","3,235.40","3,243.71","3,227.74","144.10K","0.08%"
"03/14/2017","3,239.33","3,235.25","3,246.33","3,231.52","146.90K","0.07%"
"03/13/2017","3,237.02","3,209.45","3,237.12","3,193.16","163.70K","0.76%"
"03/10/2017","3,212.76","3,213.73","3,222.32","3,208.45","136.70K","-0.12%"
"03/09/2017","3,216.75","3,233.70","3,233.88","3,205.28","167.40K","-0.74%"
"03/08/2017","3,240.67","3,240.53","3,245.30","3,230.61","160.70K","-0.05%"
"03/07/2017","3,242.41","3,233.09","3,242.66","3,226.82","164.10K","0.26%"
"03/06/2017","3,233.87","3,217.33","3,234.66","3,215.07","156.10K","0.48%"
"03/03/2017","3,218.31","3,219.20","3,221.16","3,206.61","157.10K","-0.36%"
"03/02/2017","3,230.03","3,250.52","3,256.81","3,228.67","181.20K","-0.52%"
"03/01/2017","3,246.93","3,240.07","3,259.98","3,237.87","190.70K","0.16%"
"02/28/2017","3,241.73","3,225.97","3,242.68","3,225.97","151.20K","0.40%"
"02/27/2017","3,228.66","3,249.20","3,251.65","3,224.09","182.60K","-0.76%"
"02/24/2017","3,253.43","3,246.86","3,253.96","3,233.53","186.40K","0.06%"
"02/23/2017","3,251.38","3,258.83","3,264.08","3,236.35","209.20K","-0.30%"
"02/22/2017","3,261.22","3,252.69","3,261.38","3,243.84","207.50K","0.24%"
"02/21/2017","3,253.33","3,242.22","3,254.34","3,239.88","211.70K","0.41%"
"02/20/2017","3,239.96","3,198.96","3,241.46","3,198.96","232.20K","1.18%"
"02/17/2017","3,202.08","3,227.71","3,238.40","3,199.43","226.20K","-0.85%"
"02/16/2017","3,229.62","3,210.36","3,230.27","3,207.78","217.00K","0.52%"
"02/15/2017","3,212.99","3,215.46","3,236.00","3,206.56","241.50K","-0.15%"
"02/14/2017","3,217.93","3,216.14","3,219.41","3,205.28","188.80K","0.03%"
"02/13/2017","3,216.84","3,199.00","3,219.41","3,199.00","220.20K","0.63%"
"02/10/2017","3,196.70","3,183.01","3,205.05","3,182.80","239.30K","0.42%"
"02/09/2017","3,183.18","3,164.69","3,186.84","3,162.57","191.60K","0.51%"
"02/08/2017","3,166.98","3,148.09","3,167.45","3,132.03","144.90K","0.44%"
"02/07/2017","3,153.09","3,154.41","3,159.54","3,140.04","128.30K","-0.12%"
"02/06/2017","3,156.98","3,143.09","3,158.84","3,135.39","127.20K","0.54%"
"02/03/2017","3,140.17","3,160.08","3,162.68","3,136.01","92.20K","-0.60%"
"01/26/2017","3,159.17","3,149.22","3,163.10","3,148.91","113.90K","0.31%"
"01/25/2017","3,149.55","3,137.65","3,151.47","3,133.19","112.10K","0.22%"
"01/24/2017","3,142.55","3,134.59","3,149.53","3,131.22","126.00K","0.18%"
"01/23/2017","3,136.77","3,125.42","3,145.84","3,125.42","132.70K","0.44%"
"01/20/2017","3,123.14","3,095.82","3,125.66","3,095.22","122.40K","0.70%"
"01/19/2017","3,101.30","3,104.97","3,115.78","3,094.01","123.90K","-0.38%"
"01/18/2017","3,113.01","3,104.77","3,123.72","3,098.59","131.80K","0.14%"
"01/17/2017","3,108.77","3,087.03","3,108.91","3,072.34","136.20K","0.17%"
"01/16/2017","3,103.43","3,104.49","3,105.14","3,044.29","257.90K","-0.30%"
"01/13/2017","3,112.76","3,116.08","3,130.51","3,102.16","156.30K","-0.21%"
"01/12/2017","3,119.29","3,133.60","3,144.97","3,115.98","148.90K","-0.56%"
"01/11/2017","3,136.75","3,156.69","3,167.03","3,136.27","178.40K","-0.79%"
"01/10/2017","3,161.67","3,167.57","3,174.58","3,157.33","179.80K","-0.30%"
"01/09/2017","3,171.24","3,148.53","3,173.14","3,147.74","171.70K","0.54%"
"01/06/2017","3,154.32","3,163.78","3,172.03","3,153.02","183.70K","-0.35%"
"01/05/2017","3,165.41","3,157.91","3,168.50","3,154.28","174.70K","0.21%"
"01/04/2017","3,158.79","3,133.79","3,160.10","3,130.11","167.90K","0.73%"
"01/03/2017","3,135.92","3,105.31","3,136.46","3,105.31","141.60K","1.04%"
"12/30/2016","3,103.64","3,097.34","3,108.84","3,089.99","133.30K","0.24%"
"12/29/2016","3,096.10","3,095.84","3,111.80","3,087.34","132.60K","-0.20%"
"12/28/2016","3,102.24","3,113.77","3,118.78","3,094.55","135.70K","-0.40%"
"12/27/2016","3,114.66","3,117.39","3,127.88","3,113.75","141.50K","-0.25%"
"12/26/2016","3,122.57","3,095.58","3,122.88","3,068.42","152.60K","0.40%"
"12/23/2016","3,110.15","3,134.93","3,138.40","3,103.75","166.20K","-0.94%"
"12/22/2016","3,139.56","3,132.16","3,143.17","3,126.89","167.80K","0.07%"
"12/21/2016","3,137.43","3,107.24","3,140.25","3,107.24","186.70K","1.11%"
"12/20/2016","3,102.88","3,115.90","3,117.01","3,084.80","157.40K","-0.49%"
"12/19/2016","3,118.08","3,120.70","3,125.28","3,110.08","154.20K","-0.16%"
"12/16/2016","3,122.98","3,111.51","3,128.87","3,106.35","165.00K","0.17%"
"12/15/2016","3,117.68","3,125.76","3,138.78","3,100.91","190.00K","-0.73%"
"12/14/2016","3,140.53","3,149.38","3,170.02","3,136.35","201.40K","-0.46%"
"12/13/2016","3,155.04","3,138.99","3,162.50","3,118.71","185.20K","0.07%"
"12/12/2016","3,152.97","3,233.67","3,245.09","3,149.90","274.70K","-2.47%"
"12/09/2016","3,232.88","3,209.34","3,244.80","3,207.04","204.00K","0.54%"
"12/08/2016","3,215.37","3,225.55","3,228.12","3,211.47","170.70K","-0.21%"
"12/07/2016","3,222.24","3,198.48","3,222.43","3,189.49","169.10K","0.71%"
"12/06/2016","3,199.65","3,202.03","3,215.31","3,196.52","157.60K","-0.16%"
"12/05/2016","3,204.71","3,203.78","3,219.52","3,194.88","223.00K","-1.21%"
"12/02/2016","3,243.84","3,270.12","3,279.71","3,235.28","259.60K","-0.90%"
"12/01/2016","3,273.31","3,257.03","3,279.67","3,256.26","237.80K","0.72%"
"11/30/2016","3,250.03","3,272.14","3,277.27","3,239.52","243.60K","-1.00%"
"11/29/2016","3,282.92","3,269.23","3,301.21","3,263.40","320.80K","0.18%"
"11/28/2016","3,277.00","3,270.05","3,288.34","3,267.67","281.60K","0.46%"
"11/25/2016","3,261.94","3,241.24","3,262.44","3,209.60","233.90K","0.62%"
"11/24/2016","3,241.74","3,237.43","3,257.86","3,232.87","232.30K","0.02%"
"11/23/2016","3,241.14","3,247.95","3,262.88","3,231.59","250.00K","-0.22%"
"11/22/2016","3,248.35","3,220.98","3,249.68","3,220.98","261.60K","0.94%"
"11/21/2016","3,218.15","3,188.50","3,229.76","3,188.28","230.70K","0.79%"
"11/18/2016","3,192.86","3,207.19","3,212.39","3,187.50","209.80K","-0.49%"
"11/17/2016","3,208.45","3,198.50","3,211.05","3,187.21","214.20K","0.11%"
"11/16/2016","3,205.06","3,208.50","3,210.89","3,195.41","221.80K","-0.06%"
"11/15/2016","3,206.99","3,209.96","3,214.29","3,195.03","240.90K","-0.11%"
"11/14/2016","3,210.37","3,187.71","3,221.46","3,186.80","329.60K","0.45%"
"11/11/2016","3,196.04","3,169.40","3,202.74","3,166.07","310.90K","0.78%"
"11/10/2016","3,171.28","3,148.54","3,172.31","3,148.54","244.20K","1.37%"
"11/09/2016","3,128.37","3,146.08","3,146.95","3,096.95","241.10K","-0.62%"
"11/08/2016","3,147.89","3,140.94","3,156.88","3,134.96","190.80K","0.46%"
"11/07/2016","3,133.33","3,124.89","3,139.20","3,117.10","179.40K","0.26%"
"11/04/2016","3,125.32","3,126.35","3,141.33","3,119.53","197.70K","-0.12%"
"11/03/2016","3,128.94","3,096.76","3,140.93","3,094.10","223.00K","0.84%"
"11/02/2016","3,102.73","3,115.73","3,118.98","3,099.82","182.70K","-0.63%"
"11/01/2016","3,122.44","3,101.66","3,122.61","3,097.04","160.20K","0.71%"
"10/31/2016","3,100.49","3,097.19","3,102.30","3,081.07","151.50K","-0.12%"
"10/28/2016","3,104.27","3,111.70","3,128.64","3,101.24","181.80K","-0.26%"
"10/27/2016","3,112.35","3,112.60","3,114.76","3,100.39","158.00K","-0.13%"
"10/26/2016","3,116.31","3,129.84","3,129.84","3,110.39","191.70K","-0.50%"
"10/25/2016","3,131.94","3,127.97","3,132.50","3,121.05","203.40K","0.12%"
"10/24/2016","3,128.25","3,092.05","3,137.03","3,090.79","240.50K","1.21%"
"10/21/2016","3,090.94","3,081.39","3,101.85","3,069.27","187.40K","0.21%"
"10/20/2016","3,084.46","3,084.91","3,089.68","3,076.29","160.70K","-0.01%"
"10/19/2016","3,084.72","3,085.75","3,096.22","3,076.77","182.50K","0.03%"
"10/18/2016","3,083.88","3,037.40","3,084.19","3,037.40","182.00K","1.40%"
"10/17/2016","3,041.17","3,064.69","3,068.81","3,033.75","163.70K","-0.74%"
"10/14/2016","3,063.81","3,056.99","3,064.79","3,043.18","155.40K","0.08%"
"10/13/2016","3,061.35","3,057.97","3,065.00","3,052.64","154.80K","0.09%"
"10/12/2016","3,058.50","3,057.32","3,060.51","3,048.89","142.50K","-0.22%"
"10/11/2016","3,065.25","3,051.62","3,066.10","3,048.02","167.30K","0.56%"
"10/10/2016","3,048.14","3,020.46","3,048.24","3,014.62","160.10K","1.45%"
"09/30/2016","3,004.70","2,994.25","3,009.20","2,993.06","101.30K","0.21%"
"09/29/2016","2,998.48","2,992.17","3,009.20","2,991.91","113.20K","0.36%"
"09/28/2016","2,987.86","3,000.70","3,000.70","2,984.32","104.60K","-0.34%"
"09/27/2016","2,998.17","2,974.59","2,998.23","2,969.13","121.70K","0.60%"
"09/26/2016","2,980.43","3,028.24","3,028.24","2,980.12","144.30K","-1.76%"
"09/23/2016","3,033.90","3,044.79","3,046.80","3,032.80","125.60K","-0.28%"
"09/22/2016","3,042.31","3,038.42","3,054.44","3,035.07","139.30K","0.54%"
"09/21/2016","3,025.87","3,021.58","3,032.45","3,017.54","115.70K","0.09%"
"09/20/2016","3,023.00","3,027.17","3,027.82","3,015.88","118.90K","-0.10%"
"09/19/2016","3,026.05","3,005.32","3,026.65","3,005.32","119.20K","0.77%"
"09/14/2016","3,002.85","3,008.90","3,017.95","2,995.42","133.40K","-0.68%"
"09/13/2016","3,023.51","3,025.03","3,029.72","3,008.74","135.40K","0.05%"
"09/12/2016","3,021.98","3,037.51","3,040.95","2,999.93","206.00K","-1.85%"
"09/09/2016","3,078.85","3,095.43","3,101.79","3,078.22","160.70K","-0.55%"
"09/08/2016","3,095.95","3,089.95","3,096.78","3,083.90","145.90K","0.13%"
"09/07/2016","3,091.93","3,091.33","3,105.68","3,087.88","187.00K","0.04%"
"09/06/2016","3,090.71","3,071.05","3,095.51","3,053.19","172.90K","0.61%"
"09/05/2016","3,072.09","3,070.71","3,085.49","3,065.33","145.00K","0.15%"
"09/02/2016","3,067.35","3,057.50","3,072.53","3,050.49","150.40K","0.13%"
"09/01/2016","3,063.30","3,083.96","3,088.70","3,062.88","155.20K","-0.72%"
"08/31/2016","3,085.49","3,072.92","3,087.70","3,063.40","141.40K","0.35%"
"08/30/2016","3,074.68","3,071.44","3,082.99","3,065.97","140.40K","0.15%"
"08/29/2016","3,070.03","3,068.46","3,074.94","3,058.78","144.50K","-0.01%"
"08/26/2016","3,070.31","3,069.85","3,087.65","3,063.89","149.70K","0.06%"
"08/25/2016","3,068.33","3,073.44","3,073.44","3,041.50","174.00K","-0.57%"
"08/24/2016","3,085.88","3,092.02","3,097.15","3,079.55","145.70K","-0.12%"
"08/23/2016","3,089.71","3,081.57","3,101.11","3,073.53","161.40K","0.16%"
"08/22/2016","3,084.80","3,107.38","3,112.74","3,083.59","185.40K","-0.75%"
"08/19/2016","3,108.10","3,100.39","3,113.34","3,082.77","194.30K","0.13%"
"08/18/2016","3,104.11","3,107.75","3,125.58","3,093.32","229.40K","-0.17%"
"08/17/2016","3,109.55","3,106.99","3,114.25","3,090.28","213.80K","-0.02%"
"08/16/2016","3,110.04","3,130.53","3,140.44","3,102.06","278.30K","-0.49%"
"08/15/2016","3,125.20","3,056.48","3,137.48","3,053.87","297.60K","2.44%"
"08/12/2016","3,050.67","3,000.27","3,051.05","2,999.04","168.20K","1.60%"
"08/11/2016","3,002.64","3,013.68","3,038.05","3,001.17","161.90K","-0.53%"
"08/10/2016","3,018.75","3,023.47","3,033.20","3,017.09","164.70K","-0.23%"
"08/09/2016","3,025.68","3,001.31","3,025.91","2,998.68","170.00K","0.71%"
"08/08/2016","3,004.28","2,972.62","3,004.72","2,959.05","155.70K","0.93%"
"08/05/2016","2,976.70","2,978.78","2,991.68","2,971.56","141.90K","-0.19%"
"08/04/2016","2,982.43","2,976.41","2,982.86","2,958.93","133.90K","0.13%"
"08/03/2016","2,978.46","2,963.22","2,981.16","2,956.79","141.10K","0.24%"
"08/02/2016","2,971.28","2,950.08","2,971.28","2,946.64","115.50K","0.61%"
"08/01/2016","2,953.39","2,971.95","2,972.88","2,931.96","147.40K","-0.87%"
"07/29/2016","2,979.34","2,992.54","3,000.05","2,972.92","150.10K","-0.50%"
"07/28/2016","2,994.32","2,980.50","3,003.36","2,968.18","190.60K","0.08%"
"07/27/2016","2,992.00","3,050.37","3,057.42","2,939.23","280.20K","-1.91%"
"07/26/2016","3,050.17","3,014.04","3,050.61","3,013.80","156.70K","1.14%"
"07/25/2016","3,015.83","3,008.09","3,027.12","3,003.29","144.20K","0.10%"
"07/22/2016","3,012.82","3,038.12","3,039.27","3,007.46","162.00K","-0.86%"
"07/21/2016","3,039.01","3,027.60","3,053.33","3,027.37","163.80K","0.37%"
"07/20/2016","3,027.90","3,034.71","3,043.00","3,022.63","138.20K","-0.29%"
"07/19/2016","3,036.60","3,040.23","3,043.60","3,014.29","155.40K","-0.23%"
"07/18/2016","3,043.56","3,047.64","3,058.32","3,031.64","177.50K","-0.35%"
"07/15/2016","3,054.30","3,056.68","3,062.68","3,044.54","172.90K","0.01%"
"07/14/2016","3,054.02","3,054.98","3,057.05","3,036.52","180.20K","-0.22%"
"07/13/2016","3,060.69","3,049.51","3,069.05","3,048.20","253.70K","0.37%"
"07/12/2016","3,049.38","2,992.52","3,049.68","2,984.42","259.50K","1.82%"
"07/11/2016","2,994.92","2,993.75","3,022.94","2,990.91","224.30K","0.23%"
"07/08/2016","2,988.09","3,000.33","3,001.55","2,983.88","169.00K","-0.95%"
"07/07/2016","3,016.85","3,009.35","3,024.11","2,994.64","222.70K","-0.01%"
"07/06/2016","3,017.29","2,998.52","3,017.65","2,984.83","212.40K","0.36%"
"07/05/2016","3,006.39","2,991.75","3,010.27","2,990.64","235.20K","0.60%"
"07/04/2016","2,988.60","2,924.29","2,992.50","2,922.52","222.00K","1.91%"
"07/01/2016","2,932.48","2,931.80","2,944.99","2,925.81","141.20K","0.10%"
"06/30/2016","2,929.61","2,931.48","2,938.14","2,922.31","154.50K","-0.07%"
"06/29/2016","2,931.59","2,918.53","2,934.00","2,915.06","193.20K","0.65%"
"06/28/2016","2,912.56","2,885.01","2,913.58","2,878.82","173.90K","0.58%"
"06/27/2016","2,895.70","2,840.56","2,895.73","2,840.28","156.70K","1.45%"
"06/24/2016","2,854.29","2,883.76","2,899.57","2,807.60","190.80K","-1.30%"
"06/23/2016","2,891.96","2,902.40","2,904.11","2,878.66","136.10K","-0.47%"
"06/22/2016","2,905.55","2,872.73","2,905.98","2,869.51","130.60K","0.94%"
"06/21/2016","2,878.56","2,898.38","2,919.30","2,869.18","164.40K","-0.35%"
"06/20/2016","2,888.81","2,887.64","2,891.66","2,864.02","136.60K","0.13%"
"06/17/2016","2,885.10","2,873.01","2,900.30","2,872.19","171.50K","0.43%"
"06/16/2016","2,872.82","2,878.40","2,887.74","2,865.39","173.90K","-0.50%"
"06/15/2016","2,887.21","2,814.69","2,894.26","2,811.78","166.70K","1.58%"
"06/14/2016","2,842.19","2,824.23","2,843.46","2,822.06","119.80K","0.32%"
"06/13/2016","2,833.07","2,897.27","2,911.16","2,832.51","169.30K","-3.21%"
"06/08/2016","2,927.16","2,932.38","2,937.99","2,908.37","143.00K","-0.30%"
"06/07/2016","2,936.04","2,936.28","2,938.44","2,923.50","133.00K","0.07%"
"06/06/2016","2,934.10","2,940.99","2,945.94","2,922.28","142.00K","-0.16%"
"06/03/2016","2,938.68","2,929.79","2,945.52","2,915.19","172.00K","0.46%"
"06/02/2016","2,925.23","2,911.22","2,925.67","2,906.52","159.70K","0.40%"
"06/01/2016","2,913.51","2,917.15","2,929.08","2,909.51","188.40K","-0.11%"
"05/31/2016","2,916.62","2,822.59","2,917.14","2,822.59","215.30K","3.34%"
"05/30/2016","2,822.45","2,814.65","2,830.97","2,794.66","106.30K","0.05%"
"05/27/2016","2,821.05","2,817.97","2,832.80","2,809.80","109.80K","-0.05%"
"05/26/2016","2,822.44","2,813.54","2,827.09","2,780.76","114.80K","0.26%"
"05/25/2016","2,815.09","2,835.03","2,843.17","2,807.75","103.50K","-0.23%"
"05/24/2016","2,821.67","2,839.68","2,839.70","2,807.19","111.50K","-0.77%"
"05/23/2016","2,843.65","2,826.31","2,848.07","2,826.26","120.50K","0.64%"
"05/20/2016","2,825.48","2,792.89","2,825.95","2,785.08","108.70K","0.66%"
"05/19/2016","2,806.91","2,802.31","2,829.40","2,801.55","111.60K","-0.02%"
"05/18/2016","2,807.51","2,828.18","2,828.25","2,781.42","140.50K","-1.27%"
"05/17/2016","2,843.68","2,850.93","2,860.32","2,832.46","123.40K","-0.25%"
"05/16/2016","2,850.86","2,816.77","2,851.23","2,804.99","114.70K","0.84%"
"05/13/2016","2,827.11","2,828.46","2,850.09","2,814.11","114.30K","-0.31%"
"05/12/2016","2,835.86","2,812.11","2,839.28","2,781.24","136.30K","-0.04%"
"05/11/2016","2,837.04","2,843.54","2,857.25","2,818.70","135.80K","0.16%"
"05/10/2016","2,832.59","2,822.33","2,845.24","2,820.16","120.80K","0.02%"
"05/09/2016","2,832.11","2,896.16","2,896.16","2,821.83","180.40K","-2.79%"
"05/06/2016","2,913.25","2,998.40","3,003.59","2,913.04","206.80K","-2.82%"
"05/05/2016","2,997.84","2,987.02","2,999.12","2,977.20","144.80K","0.22%"
"05/04/2016","2,991.27","2,983.03","3,004.42","2,978.33","165.40K","-0.05%"
"05/03/2016","2,992.64","2,940.39","2,993.53","2,929.81","168.70K","1.85%"
"04/29/2016","2,938.32","2,935.38","2,950.58","2,930.36","109.30K","-0.25%"
"04/28/2016","2,945.59","2,955.74","2,959.51","2,916.37","138.70K","-0.27%"
"04/27/2016","2,953.67","2,967.19","2,976.02","2,949.43","130.90K","-0.37%"
"04/26/2016","2,964.70","2,944.72","2,965.43","2,933.97","117.70K","0.61%"
"04/25/2016","2,946.67","2,949.97","2,954.09","2,917.02","125.90K","-0.42%"
"04/22/2016","2,959.24","2,933.03","2,960.21","2,926.78","137.20K","0.22%"
"04/21/2016","2,952.89","2,954.37","2,990.67","2,943.46","189.40K","-0.66%"
"04/20/2016","2,972.58","3,050.38","3,055.69","2,905.05","283.10K","-2.31%"
"04/19/2016","3,042.82","3,047.13","3,054.50","3,024.90","156.50K","0.30%"
"04/18/2016","3,033.66","3,058.46","3,058.46","3,022.97","183.30K","-1.44%"
"04/15/2016","3,078.12","3,085.03","3,089.95","3,066.87","189.60K","-0.14%"
"04/14/2016","3,082.36","3,080.09","3,086.70","3,056.99","208.20K","0.51%"
"04/13/2016","3,066.64","3,041.36","3,097.17","3,041.36","310.00K","1.42%"
"04/12/2016","3,023.65","3,031.30","3,036.82","3,001.31","182.70K","-0.34%"
"04/11/2016","3,033.96","3,006.91","3,048.98","3,006.91","220.00K","1.64%"
"04/08/2016","2,984.96","2,988.20","2,996.17","2,960.46","187.90K","-0.78%"
"04/07/2016","3,008.42","3,058.34","3,062.36","3,007.06","220.90K","-1.38%"
"04/06/2016","3,050.59","3,039.75","3,059.79","3,029.00","232.30K","-0.08%"
"04/05/2016","3,053.06","3,000.94","3,057.33","2,993.15","256.70K","1.45%"
"04/01/2016","3,009.53","2,997.09","3,009.67","2,956.25","206.50K","0.19%"
"03/31/2016","3,003.92","3,009.37","3,023.41","2,992.92","220.40K","0.11%"
"03/30/2016","3,000.65","2,941.22","3,001.11","2,941.22","210.40K","2.77%"
"03/29/2016","2,919.83","2,956.71","2,962.20","2,905.25","183.00K","-1.28%"
"03/28/2016","2,957.82","2,988.01","3,008.17","2,948.53","202.00K","-0.72%"
"03/25/2016","2,979.13","2,956.20","2,981.41","2,952.11","169.80K","0.61%"
"03/24/2016","2,960.97","2,986.80","2,998.15","2,960.54","237.00K","-1.63%"
"03/23/2016","3,009.96","2,991.17","3,012.56","2,980.85","217.00K","0.35%"
"03/22/2016","2,999.36","3,001.63","3,019.10","2,988.43","270.40K","-0.64%"
"03/21/2016","3,018.80","2,978.46","3,028.32","2,973.76","352.40K","2.15%"
"03/18/2016","2,955.15","2,915.52","2,971.55","2,908.74","313.30K","1.73%"
"03/17/2016","2,904.83","2,875.41","2,921.00","2,857.19","200.30K","1.20%"
"03/16/2016","2,870.43","2,858.71","2,881.53","2,854.19","186.50K","0.21%"
"03/15/2016","2,864.37","2,853.98","2,865.79","2,819.79","163.40K","0.17%"
"03/14/2016","2,859.50","2,830.08","2,889.82","2,823.03","194.80K","1.75%"
"03/11/2016","2,810.31","2,781.60","2,815.61","2,772.55","127.20K","0.20%"
"03/10/2016","2,804.73","2,847.57","2,863.18","2,803.48","139.00K","-2.02%"
"03/09/2016","2,862.56","2,839.41","2,863.01","2,811.72","183.40K","-1.34%"
"03/08/2016","2,901.39","2,895.67","2,902.62","2,802.56","233.50K","0.14%"
"03/07/2016","2,897.34","2,886.64","2,911.84","2,871.35","217.50K","0.81%"
"03/04/2016","2,874.15","2,848.54","2,880.37","2,808.85","312.50K","0.50%"
"03/03/2016","2,859.76","2,847.33","2,878.45","2,840.87","287.50K","0.35%"
"03/02/2016","2,849.68","2,733.77","2,852.70","2,732.54","271.00K","4.26%"
"03/01/2016","2,733.17","2,688.38","2,747.56","2,668.76","187.20K","1.68%"
"02/29/2016","2,687.98","2,754.81","2,755.89","2,638.96","207.40K","-2.86%"
"02/26/2016","2,767.21","2,760.06","2,784.75","2,715.87","191.10K","0.95%"
"02/25/2016","2,741.25","2,922.24","2,922.24","2,729.85","270.30K","-6.41%"
"02/24/2016","2,928.90","2,889.89","2,929.87","2,872.27","213.40K","0.88%"
"02/23/2016","2,903.33","2,925.71","2,928.05","2,872.28","199.70K","-0.81%"
"02/22/2016","2,927.18","2,888.60","2,933.96","2,880.35","232.20K","2.35%"
"02/19/2016","2,860.02","2,854.90","2,872.72","2,840.49","163.40K","-0.10%"
"02/18/2016","2,862.89","2,881.78","2,893.22","2,857.70","219.20K","-0.16%"
"02/17/2016","2,867.34","2,829.76","2,868.70","2,824.36","216.90K","1.08%"
"02/16/2016","2,836.57","2,758.58","2,840.62","2,758.58","196.00K","3.29%"
"02/15/2016","2,746.20","2,684.96","2,760.36","2,682.09","129.30K","-0.63%"
"02/05/2016","2,763.49","2,783.08","2,790.06","2,762.16","141.20K","-0.63%"
"02/04/2016","2,781.02","2,751.43","2,793.30","2,751.31","170.40K","1.52%"
"02/03/2016","2,739.25","2,719.57","2,746.07","2,696.88","148.40K","-0.38%"
"02/02/2016","2,749.57","2,687.98","2,755.16","2,687.98","158.10K","2.26%"
"02/01/2016","2,688.85","2,730.98","2,735.25","2,655.62","156.40K","-1.78%"
"01/29/2016","2,737.60","2,652.85","2,755.37","2,649.79","186.70K","3.09%"
"01/28/2016","2,655.66","2,711.16","2,740.54","2,647.49","171.10K","-2.92%"
"01/27/2016","2,735.56","2,756.08","2,768.77","2,638.30","215.70K","-0.52%"
"01/26/2016","2,749.78","2,907.72","2,911.99","2,743.84","210.80K","-6.42%"
"01/25/2016","2,938.51","2,934.08","2,955.78","2,911.83","153.00K","0.75%"
"01/22/2016","2,916.56","2,911.11","2,931.36","2,851.73","159.80K","1.25%"
"01/21/2016","2,880.48","2,934.39","2,998.79","2,880.08","191.70K","-3.23%"
"01/20/2016","2,976.69","2,993.01","3,016.28","2,951.92","216.50K","-1.03%"
"01/19/2016","3,007.74","2,914.41","3,012.07","2,906.40","205.30K","3.22%"
"01/18/2016","2,913.84","2,847.54","2,945.45","2,844.70","164.70K","0.44%"
"01/15/2016","2,900.97","2,988.05","3,001.71","2,883.87","198.70K","-3.55%"
"01/14/2016","3,007.65","2,874.05","3,012.29","2,867.55","212.90K","1.97%"
"01/13/2016","2,949.60","3,041.11","3,059.01","2,949.29","194.30K","-2.42%"
"01/12/2016","3,022.86","3,026.16","3,047.66","2,978.46","207.70K","0.20%"
"01/11/2016","3,016.70","3,131.85","3,166.22","3,016.70","271.60K","-5.33%"
"01/08/2016","3,186.41","3,194.62","3,235.45","3,056.88","286.40K","1.97%"
"01/07/2016","3,125.00","3,309.66","3,309.66","3,115.89","70.60K","-7.04%"
"01/06/2016","3,361.84","3,291.20","3,362.97","3,288.93","238.90K","2.25%"
"01/05/2016","3,287.71","3,196.65","3,328.14","3,189.60","266.90K","-0.26%"
"01/04/2016","3,296.26","3,536.59","3,538.69","3,295.74","184.40K","-6.86%"
"12/31/2015","3,539.18","3,570.47","3,580.60","3,538.35","177.00K","-0.94%"
"12/30/2015","3,572.88","3,566.73","3,573.68","3,538.11","187.90K","0.26%"
"12/29/2015","3,563.74","3,528.40","3,564.17","3,515.52","182.60K","0.85%"
"12/28/2015","3,533.78","3,635.77","3,641.59","3,533.78","270.00K","-2.60%"
"12/25/2015","3,628.00","3,614.05","3,635.26","3,601.74","192.50K","0.43%"
"12/24/2015","3,612.49","3,631.31","3,640.22","3,572.28","227.80K","-0.65%"
"12/23/2015","3,636.09","3,653.28","3,684.57","3,633.02","298.20K","-0.43%"
"12/22/2015","3,651.77","3,645.99","3,652.64","3,616.87","261.20K","0.26%"
"12/21/2015","3,642.47","3,568.58","3,651.06","3,565.75","299.80K","1.77%"
"12/18/2015","3,578.96","3,574.94","3,614.70","3,568.16","273.70K","-0.03%"
"12/17/2015","3,580.00","3,533.63","3,583.41","3,533.63","283.90K","1.81%"
"12/16/2015","3,516.19","3,522.09","3,538.69","3,506.29","193.50K","0.17%"
"12/15/2015","3,510.35","3,518.13","3,529.96","3,496.85","200.50K","-0.29%"
"12/14/2015","3,520.67","3,403.51","3,521.78","3,399.28","215.40K","2.51%"
"12/11/2015","3,434.58","3,441.60","3,455.55","3,410.92","182.90K","-0.61%"
"12/10/2015","3,455.50","3,469.81","3,503.65","3,446.27","200.40K","-0.49%"
"12/09/2015","3,472.44","3,462.58","3,495.70","3,454.88","195.70K","0.07%"
"12/08/2015","3,470.07","3,518.65","3,518.65","3,466.79","224.40K","-1.89%"
"12/07/2015","3,536.93","3,529.81","3,543.95","3,506.62","208.30K","0.34%"
"12/04/2015","3,524.99","3,558.15","3,568.97","3,510.41","251.70K","-1.67%"
"12/03/2015","3,584.82","3,525.73","3,591.73","3,517.23","281.10K","1.35%"
"12/02/2015","3,536.91","3,450.28","3,538.85","3,427.66","301.50K","2.33%"
"12/01/2015","3,456.31","3,442.44","3,483.41","3,417.54","252.40K","0.32%"
"11/30/2015","3,445.41","3,433.85","3,470.37","3,327.81","304.20K","0.27%"
"11/27/2015","3,436.30","3,616.54","3,621.90","3,412.43","354.30K","-5.48%"
"11/26/2015","3,635.55","3,659.57","3,668.38","3,629.86","306.80K","-0.34%"
"11/25/2015","3,647.93","3,614.07","3,648.37","3,607.52","273.00K","0.88%"
"11/24/2015","3,616.11","3,602.89","3,616.48","3,563.10","248.80K","0.16%"
"11/23/2015","3,610.31","3,630.87","3,654.75","3,598.87","316.00K","-0.56%"
"11/20/2015","3,630.50","3,620.79","3,640.53","3,607.92","310.80K","0.37%"
"11/19/2015","3,617.06","3,573.78","3,618.21","3,561.04","247.90K","1.36%"
"11/18/2015","3,568.47","3,605.06","3,617.07","3,558.70","297.60K","-1.01%"
"11/17/2015","3,604.79","3,629.98","3,678.27","3,598.07","383.60K","-0.06%"
"11/16/2015","3,606.96","3,522.46","3,607.61","3,519.42","276.20K","0.73%"
"11/13/2015","3,580.84","3,600.76","3,632.56","3,564.81","345.90K","-1.43%"
"11/12/2015","3,632.90","3,656.82","3,659.31","3,603.23","361.70K","-0.48%"
"11/11/2015","3,650.25","3,635.00","3,654.88","3,605.62","361.00K","0.27%"
"11/10/2015","3,640.49","3,617.40","3,669.53","3,607.89","429.70K","-0.18%"
"11/09/2015","3,646.88","3,588.50","3,673.76","3,588.50","503.00K","1.58%"
"11/06/2015","3,590.03","3,514.44","3,596.38","3,508.83","429.20K","1.91%"
"11/05/2015","3,522.82","3,459.22","3,585.66","3,455.52","553.30K","1.83%"
"11/04/2015","3,459.64","3,325.62","3,459.65","3,325.62","339.10K","4.31%"
"11/03/2015","3,316.70","3,330.32","3,346.27","3,302.18","192.90K","-0.25%"
"11/02/2015","3,325.08","3,337.58","3,391.06","3,322.31","231.00K","-1.70%"
"10/30/2015","3,382.56","3,380.28","3,417.20","3,346.59","243.60K","-0.14%"
"10/29/2015","3,387.31","3,387.77","3,411.71","3,362.51","235.70K","0.36%"
"10/28/2015","3,375.20","3,417.01","3,439.76","3,367.23","293.50K","-1.72%"
"10/27/2015","3,434.34","3,409.14","3,441.56","3,332.62","328.20K","0.14%"
"10/26/2015","3,429.58","3,448.65","3,457.52","3,402.00","365.60K","0.50%"
"10/23/2015","3,412.43","3,377.55","3,422.02","3,360.22","347.40K","1.30%"
"10/22/2015","3,368.74","3,292.29","3,373.78","3,282.99","323.70K","1.45%"
"10/21/2015","3,320.68","3,428.56","3,447.26","3,265.44","458.50K","-3.06%"
"10/20/2015","3,425.33","3,377.55","3,425.52","3,357.86","319.00K","1.14%"
"10/19/2015","3,386.70","3,401.63","3,423.40","3,355.57","378.10K","-0.14%"
"10/16/2015","3,391.35","3,358.30","3,393.02","3,334.85","395.50K","1.60%"
"10/15/2015","3,338.07","3,255.03","3,338.30","3,254.39","316.30K","2.32%"
"10/14/2015","3,262.44","3,280.02","3,307.31","3,256.25","295.10K","-0.93%"
"10/13/2015","3,293.23","3,262.16","3,298.63","3,253.25","297.20K","0.17%"
"10/12/2015","3,287.66","3,193.54","3,318.71","3,188.41","386.30K","3.28%"
"10/09/2015","3,183.15","3,146.64","3,192.72","3,137.79","234.90K","1.27%"
"10/08/2015","3,143.36","3,156.07","3,172.28","3,133.13","234.30K","2.97%"
"09/30/2015","3,052.78","3,052.84","3,073.30","3,039.74","146.60K","0.48%"
"09/29/2015","3,038.14","3,055.22","3,068.30","3,021.16","163.20K","-2.02%"
"09/28/2015","3,100.76","3,085.57","3,103.07","3,042.31","156.70K","0.27%"
"09/25/2015","3,092.35","3,130.85","3,149.95","3,063.00","236.30K","-1.60%"
"09/24/2015","3,142.69","3,126.49","3,151.17","3,109.69","212.90K","0.86%"
"09/23/2015","3,115.89","3,137.72","3,164.04","3,104.74","236.30K","-2.19%"
"09/22/2015","3,185.62","3,161.32","3,213.48","3,152.48","274.80K","0.92%"
"09/21/2015","3,156.54","3,072.09","3,159.88","3,060.86","239.90K","1.89%"
"09/18/2015","3,097.92","3,100.28","3,122.05","3,070.34","209.20K","0.38%"
"09/17/2015","3,086.06","3,131.98","3,204.70","3,085.31","317.60K","-2.10%"
"09/16/2015","3,152.26","2,998.04","3,182.93","2,983.53","277.50K","4.89%"
"09/15/2015","3,005.17","3,043.80","3,081.70","2,983.92","249.20K","-3.52%"
"09/14/2015","3,114.80","3,221.17","3,229.48","3,049.23","346.60K","-2.67%"
"09/11/2015","3,200.23","3,189.48","3,223.76","3,163.45","224.60K","0.07%"
"09/10/2015","3,197.89","3,190.55","3,243.28","3,178.90","273.30K","-1.39%"
"09/09/2015","3,243.09","3,182.55","3,256.74","3,165.70","375.30K","2.29%"
"09/08/2015","3,170.45","3,054.44","3,174.71","3,011.12","255.40K","2.92%"
"09/07/2015","3,080.42","3,149.38","3,217.58","3,066.30","296.50K","-2.52%"
"09/02/2015","3,160.17","3,027.68","3,194.49","3,019.09","438.20K","-0.20%"
"09/01/2015","3,166.62","3,157.83","3,180.33","3,053.74","432.40K","-1.23%"
"08/31/2015","3,205.99","3,203.56","3,207.86","3,109.16","397.40K","-0.82%"
"08/28/2015","3,232.35","3,125.26","3,235.84","3,102.95","443.10K","4.82%"
"08/27/2015","3,083.59","2,978.03","3,085.42","2,906.49","400.30K","5.34%"
"08/26/2015","2,927.29","2,980.79","3,092.04","2,850.71","466.70K","-1.27%"
"08/25/2015","2,964.97","3,004.13","3,123.03","2,947.94","352.30K","-7.63%"
"08/24/2015","3,209.91","3,373.48","3,388.36","3,191.88","334.70K","-8.49%"
"08/21/2015","3,507.74","3,609.96","3,652.84","3,490.54","369.90K","-4.27%"
"08/20/2015","3,664.29","3,754.57","3,788.00","3,663.61","390.10K","-3.42%"
"08/19/2015","3,794.11","3,646.80","3,811.43","3,558.38","475.40K","1.23%"
"08/18/2015","3,748.16","3,999.13","4,006.34","3,743.39","543.80K","-6.15%"
"08/17/2015","3,993.67","3,947.84","3,994.54","3,907.40","460.40K","0.71%"
"08/14/2015","3,965.33","3,976.41","4,000.68","3,939.83","468.00K","0.27%"
"08/13/2015","3,954.56","3,869.91","3,955.79","3,838.16","430.10K","1.76%"
"08/12/2015","3,886.32","3,881.23","3,937.77","3,871.14","442.70K","-1.06%"
"08/11/2015","3,927.91","3,928.81","3,970.34","3,891.18","538.90K","-0.01%"
"08/10/2015","3,928.42","3,786.03","3,943.62","3,775.85","497.30K","4.92%"
"08/07/2015","3,744.21","3,692.61","3,756.74","3,686.30","340.80K","2.26%"
"08/06/2015","3,661.54","3,625.50","3,710.57","3,614.74","274.10K","-0.89%"
"08/05/2015","3,694.57","3,745.65","3,782.35","3,676.39","366.40K","-1.65%"
"08/04/2015","3,756.54","3,621.85","3,757.03","3,601.29","362.90K","3.69%"
"08/03/2015","3,622.91","3,614.99","3,648.94","3,549.50","364.00K","-1.11%"
"07/31/2015","3,663.73","3,655.67","3,729.51","3,620.17","351.00K","-1.13%"
"07/30/2015","3,705.77","3,773.79","3,844.37","3,685.96","457.90K","-2.20%"
"07/29/2015","3,789.17","3,689.82","3,792.07","3,612.06","434.40K","3.44%"
"07/28/2015","3,663.00","3,573.14","3,762.53","3,537.36","563.30K","-1.68%"
"07/27/2015","3,725.56","3,985.57","4,051.16","3,720.44","556.00K","-8.48%"
"07/24/2015","4,070.91","4,124.75","4,184.45","4,044.83","627.40K","-1.29%"
"07/23/2015","4,123.92","4,022.27","4,132.61","4,019.04","563.60K","2.43%"
"07/22/2015","4,026.04","3,996.43","4,042.34","3,960.86","520.70K","0.21%"
"07/21/2015","4,017.68","3,939.90","4,041.82","3,912.80","504.30K","0.64%"
"07/20/2015","3,992.11","3,948.42","4,021.33","3,927.12","539.10K","0.88%"
"07/17/2015","3,957.35","3,831.42","3,994.48","3,814.15","481.70K","3.51%"
"07/16/2015","3,823.18","3,758.50","3,877.51","3,688.44","492.30K","0.46%"
"07/15/2015","3,805.70","3,874.97","3,914.27","3,741.25","601.30K","-3.03%"
"07/14/2015","3,924.49","3,958.37","4,035.44","3,855.56","670.60K","-1.16%"
"07/13/2015","3,970.39","3,918.99","4,030.20","3,858.64","643.50K","2.39%"
"07/10/2015","3,877.80","3,707.46","3,959.22","3,677.44","586.40K","4.54%"
"07/09/2015","3,709.33","3,432.45","3,748.48","3,373.54","656.90K","5.76%"
"07/08/2015","3,507.19","3,467.40","3,599.25","3,421.52","680.40K","-5.90%"
"07/07/2015","3,727.12","3,654.78","3,750.57","3,585.40","698.80K","-1.29%"
"07/06/2015","3,775.91","3,975.21","3,975.21","3,653.04","831.10K","2.41%"
"07/03/2015","3,686.92","3,793.71","3,927.13","3,629.56","548.20K","-5.77%"
"07/02/2015","3,912.77","4,058.62","4,080.39","3,795.25","586.00K","-3.48%"
"07/01/2015","4,053.70","4,214.15","4,317.05","4,043.37","598.80K","-5.23%"
"06/30/2015","4,277.22","4,006.75","4,279.97","3,847.88","709.20K","5.53%"
"06/29/2015","4,053.03","4,289.77","4,297.48","3,875.05","673.80K","-3.34%"
"06/26/2015","4,192.87","4,399.93","4,456.90","4,139.53","565.20K","-7.40%"
"06/25/2015","4,527.78","4,711.76","4,720.70","4,483.55","572.80K","-3.46%"
"06/24/2015","4,690.15","4,604.58","4,691.77","4,552.13","543.00K","2.48%"
"06/23/2015","4,576.49","4,471.61","4,577.94","4,264.77","473.50K","2.19%"
"06/19/2015","4,478.36","4,689.93","4,744.08","4,476.50","452.70K","-6.42%"
"06/18/2015","4,785.36","4,942.52","4,966.77","4,780.87","507.40K","-3.67%"
"06/17/2015","4,967.90","4,890.55","4,983.66","4,767.22","537.10K","1.65%"
"06/16/2015","4,887.43","5,004.41","5,029.68","4,842.10","550.80K","-3.47%"
"06/15/2015","5,062.99","5,174.42","5,176.79","5,048.74","637.80K","-2.00%"
"06/12/2015","5,166.35","5,143.34","5,178.19","5,103.40","625.60K","0.87%"
"06/11/2015","5,121.59","5,101.44","5,122.46","5,050.77","564.00K","0.30%"
"06/10/2015","5,106.04","5,049.20","5,164.16","5,001.49","597.00K","-0.15%"
"06/09/2015","5,113.53","5,145.98","5,147.45","5,042.96","729.90K","-0.36%"
"06/08/2015","5,131.88","5,045.69","5,146.95","4,997.48","855.00K","2.17%"
"06/05/2015","5,023.10","5,016.09","5,051.63","4,898.07","772.20K","1.54%"
"06/04/2015","4,947.10","4,912.94","4,947.96","4,647.41","675.00K","0.76%"
"06/03/2015","4,909.98","4,924.38","4,942.06","4,822.44","611.50K","-0.01%"
"06/02/2015","4,910.53","4,844.70","4,911.57","4,797.55","623.70K","1.69%"
"06/01/2015","4,828.74","4,633.10","4,829.50","4,615.23","593.40K","4.71%"
"05/29/2015","4,611.74","4,603.46","4,698.19","4,431.56","611.30K","-0.18%"
"05/28/2015","4,620.27","4,943.74","4,986.50","4,614.24","783.00K","-6.50%"
"05/27/2015","4,941.71","4,932.85","4,958.16","4,857.06","681.20K","0.63%"
"05/26/2015","4,910.90","4,854.85","4,911.69","4,779.08","704.90K","2.02%"
"05/25/2015","4,813.80","4,660.08","4,814.67","4,656.83","682.50K","3.35%"
"05/22/2015","4,657.60","4,584.98","4,658.27","4,562.99","655.60K","2.83%"
"05/21/2015","4,529.42","4,456.44","4,530.48","4,438.26","465.00K","1.87%"
"05/20/2015","4,446.29","4,434.98","4,520.54","4,432.28","514.10K","0.65%"
"05/19/2015","4,417.55","4,285.78","4,418.40","4,285.78","436.70K","3.13%"
"05/18/2015","4,283.49","4,277.90","4,324.83","4,260.51","380.10K","-0.58%"
"05/15/2015","4,308.69","4,366.82","4,366.82","4,278.55","439.70K","-1.59%"
"05/14/2015","4,378.31","4,372.82","4,397.75","4,329.04","449.10K","0.06%"
"05/13/2015","4,375.76","4,402.38","4,415.63","4,342.48","510.50K","-0.58%"
"05/12/2015","4,401.22","4,342.37","4,402.31","4,317.98","521.90K","1.56%"
"05/11/2015","4,333.58","4,231.27","4,334.88","4,187.82","488.80K","3.04%"
"05/08/2015","4,205.92","4,152.98","4,206.86","4,099.04","397.40K","2.28%"
"05/07/2015","4,112.21","4,197.90","4,213.76","4,108.01","394.60K","-2.77%"
"05/06/2015","4,229.27","4,311.64","4,376.35","4,187.37","481.70K","-1.62%"
"05/05/2015","4,298.71","4,479.85","4,488.87","4,282.24","572.90K","-4.06%"
"05/04/2015","4,480.46","4,441.34","4,487.57","4,387.43","494.20K","0.87%"
"04/30/2015","4,441.65","4,483.01","4,507.34","4,441.05","526.70K","-0.78%"
"04/29/2015","4,476.62","4,446.12","4,499.94","4,398.64","519.80K","0.01%"
"04/28/2015","4,476.21","4,527.63","4,572.39","4,432.90","767.70K","-1.13%"
"04/27/2015","4,527.40","4,441.93","4,529.73","4,441.93","671.10K","3.04%"
"04/24/2015","4,393.69","4,355.95","4,416.38","4,318.12","628.60K","-0.47%"
"04/23/2015","4,414.51","4,414.48","4,444.41","4,358.84","667.30K","0.36%"
"04/22/2015","4,398.49","4,304.60","4,400.19","4,297.95","680.30K","2.44%"
"04/21/2015","4,293.62","4,212.19","4,294.38","4,188.57","634.50K","1.81%"
"04/20/2015","4,217.08","4,301.35","4,356.00","4,190.68","857.10K","-1.64%"
"04/17/2015","4,287.30","4,254.72","4,317.22","4,238.91","701.70K","2.20%"
"04/16/2015","4,194.82","4,055.92","4,195.31","4,031.24","551.20K","2.71%"
"04/15/2015","4,084.16","4,135.65","4,175.49","4,069.01","613.00K","-1.24%"
"04/14/2015","4,135.56","4,125.78","4,168.35","4,091.26","610.70K","0.34%"
"04/13/2015","4,121.71","4,072.72","4,128.07","4,057.29","589.80K","2.17%"
"04/10/2015","4,034.31","3,947.49","4,040.35","3,929.32","484.30K","1.94%"
"04/09/2015","3,957.53","4,006.13","4,016.40","3,900.03","585.20K","-0.93%"
"04/08/2015","3,994.81","3,976.53","4,000.22","3,903.65","618.10K","0.84%"
"04/07/2015","3,961.38","3,899.42","3,961.67","3,891.73","570.40K","2.52%"
"04/03/2015","3,863.93","3,803.38","3,864.41","3,792.21","473.00K","1.00%"
"04/02/2015","3,825.78","3,827.69","3,835.45","3,775.89","479.30K","0.41%"
"04/01/2015","3,810.29","3,748.34","3,817.08","3,742.21","447.50K","1.66%"
"03/31/2015","3,747.90","3,822.99","3,835.57","3,737.04","561.70K","-1.02%"
"03/30/2015","3,786.57","3,710.61","3,795.94","3,710.61","564.70K","2.59%"
"03/27/2015","3,691.10","3,686.13","3,710.48","3,656.83","408.90K","0.24%"
"03/26/2015","3,682.09","3,641.94","3,707.32","3,615.01","488.60K","0.58%"
"03/25/2015","3,660.73","3,680.95","3,693.15","3,634.56","521.90K","-0.83%"
"03/24/2015","3,691.41","3,692.57","3,715.87","3,600.70","639.60K","0.10%"
"03/23/2015","3,687.73","3,640.10","3,688.25","3,635.49","536.10K","1.95%"
"03/20/2015","3,617.32","3,587.08","3,632.34","3,569.38","516.70K","0.98%"
"03/19/2015","3,582.27","3,576.02","3,600.68","3,546.84","537.30K","0.14%"
"03/18/2015","3,577.30","3,510.50","3,577.66","3,503.85","545.20K","2.13%"
"03/17/2015","3,502.85","3,469.60","3,504.12","3,459.69","520.90K","1.55%"
"03/16/2015","3,449.30","3,391.16","3,449.30","3,377.09","399.10K","2.26%"
"03/13/2015","3,372.91","3,359.49","3,391.25","3,352.15","328.40K","0.70%"
"03/12/2015","3,349.32","3,314.81","3,360.05","3,300.49","357.30K","1.78%"
"03/11/2015","3,290.90","3,289.59","3,325.05","3,278.47","283.00K","0.15%"
"03/10/2015","3,286.07","3,289.08","3,309.92","3,277.09","285.80K","-0.49%"
"03/09/2015","3,302.41","3,224.31","3,307.70","3,198.37","321.50K","1.89%"
"03/06/2015","3,241.19","3,248.04","3,266.93","3,234.53","282.90K","-0.22%"
"03/05/2015","3,248.48","3,264.08","3,266.64","3,221.67","320.70K","-0.95%"
"03/04/2015","3,279.53","3,264.18","3,286.59","3,250.48","293.60K","0.51%"
"03/03/2015","3,263.05","3,317.70","3,317.70","3,260.43","382.00K","-2.19%"
"03/02/2015","3,336.28","3,332.72","3,336.76","3,298.67","346.40K","0.78%"
"02/27/2015","3,310.30","3,296.83","3,324.55","3,291.01","299.20K","0.36%"
"02/26/2015","3,298.36","3,222.15","3,300.62","3,202.19","301.30K","2.15%"
"02/25/2015","3,228.84","3,256.48","3,257.22","3,215.55","233.30K","-0.56%"
"02/17/2015","3,246.91","3,230.88","3,255.73","3,230.77","228.30K","0.76%"
"02/16/2015","3,222.36","3,206.14","3,228.85","3,195.88","223.80K","0.58%"
"02/13/2015","3,203.83","3,186.81","3,237.16","3,182.79","261.30K","0.96%"
"02/12/2015","3,173.42","3,157.96","3,181.77","3,134.24","194.60K","0.50%"
"02/11/2015","3,157.70","3,145.76","3,166.42","3,139.05","172.80K","0.51%"
"02/10/2015","3,141.59","3,090.49","3,142.10","3,084.25","193.80K","1.50%"
"02/09/2015","3,095.12","3,063.51","3,119.03","3,049.11","206.10K","0.62%"
"02/06/2015","3,075.91","3,120.09","3,129.54","3,052.94","246.70K","-1.93%"
"02/05/2015","3,136.53","3,251.21","3,251.21","3,135.82","306.10K","-1.18%"
"02/04/2015","3,174.13","3,212.82","3,238.98","3,171.14","249.10K","-0.96%"
"02/03/2015","3,204.91","3,156.09","3,207.94","3,129.73","248.20K","2.45%"
"02/02/2015","3,128.30","3,148.14","3,175.13","3,122.57","250.90K","-2.56%"
"01/30/2015","3,210.36","3,273.75","3,288.50","3,210.31","258.30K","-1.59%"
"01/29/2015","3,262.30","3,259.00","3,286.79","3,234.24","274.70K","-1.31%"
"01/28/2015","3,305.74","3,325.72","3,354.80","3,294.66","301.90K","-1.41%"
"01/27/2015","3,352.96","3,389.85","3,390.22","3,290.22","374.50K","-0.89%"
"01/26/2015","3,383.18","3,347.26","3,384.80","3,321.31","317.50K","0.94%"
"01/23/2015","3,351.76","3,357.10","3,406.79","3,328.29","366.20K","0.25%"
"01/22/2015","3,343.34","3,327.32","3,352.38","3,293.98","353.40K","0.59%"
"01/21/2015","3,323.61","3,189.08","3,337.00","3,178.34","411.00K","4.74%"
"01/20/2015","3,173.05","3,114.56","3,190.25","3,100.48","357.10K","1.82%"
"01/19/2015","3,116.35","3,189.73","3,262.21","3,095.07","401.10K","-7.70%"
"01/16/2015","3,376.50","3,343.60","3,400.32","3,340.49","339.90K","1.20%"
"01/15/2015","3,336.46","3,224.07","3,337.08","3,207.54","282.50K","3.54%"
"01/14/2015","3,222.44","3,242.34","3,268.48","3,193.98","240.20K","-0.40%"
"01/13/2015","3,235.30","3,223.54","3,259.39","3,214.41","230.70K","0.19%"
"01/12/2015","3,229.32","3,258.21","3,275.19","3,191.58","322.10K","-1.71%"
"01/09/2015","3,285.41","3,276.97","3,404.83","3,267.51","410.20K","-0.24%"
"01/08/2015","3,293.46","3,371.96","3,381.57","3,285.09","371.10K","-2.39%"
"01/07/2015","3,373.95","3,326.65","3,374.90","3,312.21","391.90K","0.67%"
"01/06/2015","3,351.45","3,330.80","3,394.22","3,303.18","501.70K","0.03%"
"01/05/2015","3,350.52","3,258.63","3,369.28","3,253.88","531.40K","3.58%"
"12/31/2014","3,234.68","3,172.60","3,239.36","3,157.26","406.00K","2.18%"
"12/30/2014","3,165.81","3,160.80","3,190.30","3,130.35","397.70K","-0.07%"
"12/29/2014","3,168.02","3,212.56","3,223.86","3,126.94","510.10K","0.33%"
"12/26/2014","3,157.60","3,078.00","3,164.16","3,064.18","460.70K","6.23%"
"12/24/2014","2,972.53","3,039.21","3,050.51","2,934.91","376.80K","-1.98%"
"12/23/2014","3,032.61","3,085.08","3,136.84","3,025.67","437.80K","-3.03%"
"12/22/2014","3,127.45","3,129.27","3,189.87","3,090.51","679.40K","0.61%"
"12/19/2014","3,108.60","3,053.07","3,117.53","3,018.42","521.10K","1.67%"
"12/18/2014","3,057.52","3,062.80","3,089.79","3,030.32","435.90K","-0.11%"
"12/17/2014","3,061.02","3,031.95","3,076.60","2,993.33","542.50K","1.31%"
"12/16/2014","3,021.52","2,953.81","3,021.90","2,943.91","453.80K","2.31%"
"12/15/2014","2,953.42","2,921.45","2,960.23","2,890.90","400.40K","0.52%"
"12/12/2014","2,938.17","2,929.36","2,962.51","2,914.96","409.50K","0.42%"
"12/11/2014","2,925.74","2,912.35","2,965.68","2,892.61","482.60K","-0.51%"
"12/10/2014","2,940.88","2,855.94","2,946.71","2,807.68","512.90K","2.83%"
"12/09/2014","2,859.92","2,992.49","3,091.32","2,834.59","772.00K","-5.35%"
"12/08/2014","3,021.52","2,907.81","3,041.66","2,879.85","587.60K","2.82%"
"12/05/2014","2,938.78","2,926.57","2,978.03","2,813.05","640.50K","1.32%"
"12/04/2014","2,900.36","2,783.47","2,900.51","2,772.43","532.70K","4.34%"
"12/03/2014","2,779.74","2,768.68","2,824.18","2,733.87","562.10K","0.59%"
"12/02/2014","2,763.32","2,667.82","2,777.37","2,665.69","437.70K","3.08%"
"12/01/2014","2,680.74","2,691.73","2,720.74","2,668.84","446.80K","-0.08%"
"11/28/2014","2,682.92","2,629.63","2,683.18","2,622.06","465.90K","2.01%"
"11/27/2014","2,630.05","2,615.37","2,631.40","2,599.11","364.10K","0.97%"
"11/26/2014","2,604.89","2,572.65","2,605.07","2,570.40","337.10K","1.45%"
"11/25/2014","2,567.60","2,532.00","2,568.38","2,527.08","314.30K","1.33%"
"11/24/2014","2,533.89","2,505.53","2,546.75","2,495.52","363.50K","1.88%"
"11/21/2014","2,487.11","2,452.64","2,488.20","2,446.65","212.20K","1.41%"
"11/20/2014","2,452.62","2,443.28","2,458.32","2,437.48","165.50K","0.06%"
"11/19/2014","2,451.17","2,452.15","2,461.49","2,442.71","186.20K","-0.26%"
"11/18/2014","2,457.53","2,474.18","2,477.05","2,449.81","201.10K","-0.71%"
"11/17/2014","2,475.12","2,506.86","2,508.77","2,472.45","215.70K","-0.16%"
"11/14/2014","2,479.19","2,477.97","2,481.02","2,457.04","220.60K","-0.30%"
"11/13/2014","2,486.67","2,495.00","2,507.74","2,471.41","295.00K","-0.31%"
"11/12/2014","2,494.28","2,454.60","2,494.92","2,444.81","252.90K","0.96%"
"11/11/2014","2,470.59","2,483.65","2,508.62","2,445.96","411.90K","-0.10%"
"11/10/2014","2,473.18","2,436.63","2,474.16","2,428.19","300.60K","2.23%"
"11/07/2014","2,419.15","2,427.90","2,454.42","2,407.44","291.20K","-0.27%"
"11/06/2014","2,425.81","2,419.62","2,426.89","2,401.75","222.00K","0.22%"
"11/05/2014","2,420.40","2,432.17","2,434.36","2,415.50","263.60K","-0.43%"
"11/04/2014","2,430.74","2,428.27","2,435.22","2,417.22","309.00K","-0.01%"
"11/03/2014","2,430.97","2,425.23","2,436.78","2,418.17","298.80K","0.45%"
"10/31/2014","2,420.18","2,393.18","2,423.60","2,384.48","325.80K","1.22%"
"10/30/2014","2,391.08","2,371.89","2,397.26","2,365.92","294.60K","0.76%"
"10/29/2014","2,373.03","2,343.72","2,381.64","2,339.71","265.60K","1.50%"
"10/28/2014","2,337.87","2,294.01","2,338.28","2,294.01","178.60K","2.07%"
"10/27/2014","2,290.44","2,293.57","2,293.64","2,279.84","130.30K","-0.51%"
"10/24/2014","2,302.28","2,303.08","2,314.88","2,296.66","132.20K","-0.01%"
"10/23/2014","2,302.42","2,322.32","2,329.93","2,297.33","162.60K","-1.04%"
"10/22/2014","2,326.55","2,339.22","2,352.12","2,324.59","152.70K","-0.56%"
"10/21/2014","2,339.66","2,355.03","2,361.65","2,337.55","168.80K","-0.72%"
"10/20/2014","2,356.73","2,346.05","2,357.51","2,340.46","160.00K","0.66%"
"10/17/2014","2,341.18","2,352.78","2,360.60","2,312.83","212.30K","-0.65%"
"10/16/2014","2,356.50","2,361.13","2,389.68","2,353.41","248.20K","-0.72%"
"10/15/2014","2,373.67","2,358.23","2,374.81","2,344.37","202.80K","0.60%"
"10/14/2014","2,359.48","2,362.80","2,380.51","2,349.19","196.80K","-0.28%"
"10/13/2014","2,366.01","2,366.43","2,366.86","2,341.12","200.90K","-0.36%"
"10/10/2014","2,374.54","2,380.75","2,386.28","2,365.07","224.70K","-0.62%"
"10/09/2014","2,389.37","2,383.86","2,391.35","2,367.11","235.90K","0.28%"
"10/08/2014","2,382.79","2,368.58","2,382.79","2,354.29","204.40K","0.80%"
"09/30/2014","2,363.87","2,361.32","2,365.49","2,354.27","193.90K","0.26%"
"09/29/2014","2,357.71","2,353.71","2,363.06","2,346.58","200.10K","0.43%"
"09/26/2014","2,347.72","2,339.29","2,350.11","2,329.96","174.70K","0.11%"
"09/25/2014","2,345.10","2,352.86","2,365.15","2,336.80","225.70K","0.07%"
"09/24/2014","2,343.57","2,302.23","2,345.75","2,297.88","222.50K","1.47%"
"09/23/2014","2,309.72","2,289.09","2,311.52","2,289.02","156.90K","0.87%"
"09/22/2014","2,289.87","2,323.55","2,323.55","2,284.38","175.80K","-1.70%"
"09/19/2014","2,329.45","2,312.98","2,331.56","2,305.52","174.60K","0.58%"
"09/18/2014","2,315.93","2,303.85","2,319.88","2,297.93","189.10K","0.35%"
"09/17/2014","2,307.89","2,298.98","2,309.05","2,282.79","210.80K","0.49%"
"09/16/2014","2,296.55","2,341.03","2,347.94","2,293.87","302.70K","-1.82%"
"09/15/2014","2,339.14","2,330.19","2,340.45","2,321.59","215.10K","0.31%"
"09/12/2014","2,331.95","2,308.35","2,331.95","2,302.77","193.50K","0.88%"
"09/11/2014","2,311.68","2,315.73","2,343.59","2,304.60","222.20K","-0.29%"
"09/10/2014","2,318.30","2,318.50","2,321.91","2,306.42","189.80K","-0.35%"
"09/09/2014","2,326.53","2,328.43","2,331.92","2,315.89","197.00K","0.00%"
"09/05/2014","2,326.43","2,311.30","2,327.56","2,307.45","213.20K","0.85%"
"09/04/2014","2,306.86","2,290.03","2,307.70","2,283.28","199.50K","0.80%"
"09/03/2014","2,288.63","2,268.40","2,290.55","2,268.10","212.50K","1.00%"
"09/02/2014","2,266.05","2,239.68","2,267.51","2,234.38","192.10K","1.37%"
"09/01/2014","2,235.51","2,220.13","2,236.29","2,217.69","129.20K","0.83%"
"08/29/2014","2,217.20","2,198.95","2,218.70","2,193.26","105.20K","0.97%"
"08/28/2014","2,195.82","2,210.48","2,219.47","2,194.86","124.20K","-0.62%"
"08/27/2014","2,209.47","2,207.03","2,216.67","2,204.05","120.90K","0.11%"
"08/26/2014","2,207.11","2,225.29","2,232.78","2,200.62","163.50K","-0.99%"
"08/25/2014","2,229.27","2,241.10","2,241.55","2,222.01","162.10K","-0.51%"
"08/22/2014","2,240.81","2,228.97","2,243.30","2,225.27","160.10K","0.46%"
"08/21/2014","2,230.46","2,239.57","2,240.08","2,211.63","165.70K","-0.44%"
"08/20/2014","2,240.21","2,241.66","2,248.94","2,233.89","167.70K","-0.23%"
"08/19/2014","2,245.33","2,242.34","2,246.02","2,227.93","177.70K","0.26%"
"08/18/2014","2,239.47","2,229.80","2,242.03","2,228.13","163.90K","0.57%"
"08/15/2014","2,226.73","2,207.23","2,230.87","2,203.24","150.00K","0.92%"
"08/14/2014","2,206.47","2,221.54","2,230.89","2,204.38","170.10K","-0.74%"
"08/13/2014","2,222.88","2,223.05","2,230.99","2,202.44","178.10K","0.06%"
"08/12/2014","2,221.59","2,222.70","2,222.98","2,210.00","154.80K","-0.14%"
"08/11/2014","2,224.65","2,199.43","2,225.96","2,198.31","150.60K","1.38%"
"08/08/2014","2,194.43","2,188.71","2,199.58","2,180.60","135.20K","0.31%"
"08/07/2014","2,187.67","2,216.66","2,220.57","2,185.76","175.20K","-1.34%"
"08/06/2014","2,217.47","2,212.00","2,223.89","2,192.99","177.70K","-0.11%"
"08/05/2014","2,219.95","2,224.63","2,226.84","2,206.85","175.40K","-0.15%"
"08/04/2014","2,223.33","2,190.04","2,224.07","2,186.92","174.10K","1.74%"
"08/01/2014","2,185.30","2,194.17","2,218.79","2,184.64","191.50K","-0.74%"
"07/31/2014","2,201.56","2,179.54","2,202.13","2,173.90","164.70K","0.93%"
"07/30/2014","2,181.24","2,178.18","2,194.57","2,177.24","184.90K","-0.09%"
"07/29/2014","2,183.19","2,179.83","2,193.52","2,172.10","200.30K","0.24%"
"07/28/2014","2,177.95","2,135.25","2,181.50","2,135.25","236.20K","2.41%"
"07/25/2014","2,126.61","2,108.71","2,127.22","2,106.71","142.50K","1.02%"
"07/24/2014","2,105.06","2,079.63","2,107.95","2,079.63","165.70K","1.28%"
"07/23/2014","2,078.49","2,074.20","2,088.19","2,072.23","137.30K","0.15%"
"07/22/2014","2,075.48","2,050.50","2,078.08","2,049.81","123.20K","1.02%"
"07/21/2014","2,054.48","2,057.77","2,061.82","2,049.18","93.90K","-0.22%"
"07/18/2014","2,059.07","2,047.50","2,067.23","2,046.00","106.60K","0.17%"
"07/17/2014","2,055.59","2,062.89","2,062.89","2,046.19","104.50K","-0.57%"
"07/16/2014","2,067.28","2,068.34","2,075.49","2,061.57","137.10K","-0.15%"
"07/15/2014","2,070.36","2,065.90","2,070.36","2,059.68","124.50K","0.18%"
"07/14/2014","2,066.65","2,047.74","2,067.34","2,044.90","115.10K","0.96%"
"07/11/2014","2,046.96","2,033.87","2,051.74","2,033.00","105.10K","0.42%"
"07/10/2014","2,038.34","2,036.54","2,045.53","2,034.96","97.90K","-0.01%"
"07/09/2014","2,038.61","2,061.64","2,062.47","2,037.60","113.30K","-1.23%"
"07/08/2014","2,064.02","2,058.13","2,064.43","2,047.20","95.10K","0.20%"
"07/07/2014","2,059.93","2,058.13","2,064.04","2,050.89","97.20K","0.03%"
"07/04/2014","2,059.38","2,062.36","2,065.08","2,054.22","105.00K","-0.19%"
"07/03/2014","2,063.23","2,051.63","2,066.64","2,048.08","122.90K","0.19%"
"07/02/2014","2,059.42","2,049.49","2,060.59","2,044.04","109.60K","0.44%"
"07/01/2014","2,050.38","2,051.23","2,052.64","2,041.94","98.50K","0.10%"
"06/30/2014","2,048.33","2,038.61","2,052.34","2,038.53","96.70K","0.58%"
"06/27/2014","2,036.51","2,031.91","2,043.98","2,025.07","97.60K","-0.11%"
"06/26/2014","2,038.68","2,025.66","2,040.75","2,025.31","81.00K","0.65%"
"06/25/2014","2,025.50","2,030.43","2,030.62","2,018.36","67.50K","-0.41%"
"06/24/2014","2,033.93","2,023.70","2,034.71","2,021.75","71.20K","0.47%"
"06/23/2014","2,024.36","2,026.23","2,033.32","2,022.92","70.50K","-0.11%"
"06/20/2014","2,026.67","2,013.41","2,027.15","2,010.53","67.20K","0.15%"
"06/19/2014","2,023.73","2,054.62","2,059.25","2,017.65","92.90K","-1.55%"
"06/18/2014","2,055.52","2,064.38","2,066.91","2,051.75","87.20K","-0.54%"
"06/17/2014","2,066.70","2,080.48","2,080.48","2,064.67","87.80K","-0.92%"
"06/16/2014","2,085.98","2,070.70","2,087.32","2,069.44","95.90K","0.74%"
"06/13/2014","2,070.72","2,049.21","2,073.60","2,048.62","97.20K","0.93%"
"06/12/2014","2,051.71","2,051.58","2,057.10","2,045.96","81.70K","-0.16%"
"06/11/2014","2,054.95","2,049.13","2,056.63","2,045.41","74.40K","0.12%"
"06/10/2014","2,052.53","2,033.21","2,052.76","2,026.39","79.60K","1.08%"
"06/09/2014","2,030.50","2,024.94","2,045.26","2,023.20","64.80K","0.03%"
"06/06/2014","2,029.96","2,040.86","2,041.57","2,022.16","66.00K","-0.54%"
"06/05/2014","2,040.88","2,019.44","2,041.70","2,016.18","68.00K","0.79%"
"06/04/2014","2,024.83","2,037.99","2,038.48","2,012.91","72.40K","-0.66%"
"06/03/2014","2,038.31","2,039.20","2,049.58","2,037.30","71.60K","-0.04%"
"05/30/2014","2,039.21","2,040.39","2,046.96","2,031.37","75.10K","-0.07%"
"05/29/2014","2,040.59","2,051.84","2,057.08","2,039.24","81.20K","-0.47%"
"05/28/2014","2,050.23","2,034.56","2,052.66","2,029.34","81.30K","0.77%"
"05/27/2014","2,034.56","2,039.79","2,044.15","2,032.84","67.60K","-0.34%"
"05/26/2014","2,041.48","2,042.03","2,045.38","2,035.09","70.30K","0.34%"
"05/23/2014","2,034.57","2,020.11","2,034.57","2,017.74","63.50K","0.66%"
"05/22/2014","2,021.29","2,023.15","2,041.96","2,018.88","74.70K","-0.18%"
"05/21/2014","2,024.95","2,001.31","2,025.19","1,991.06","61.80K","0.84%"
"05/20/2014","2,008.12","2,011.85","2,018.16","2,002.76","61.30K","0.15%"
"05/19/2014","2,005.18","2,023.01","2,023.27","1,996.02","65.30K","-1.05%"
"05/16/2014","2,026.50","2,023.60","2,027.76","2,012.69","66.40K","0.08%"
"05/15/2014","2,024.97","2,044.38","2,047.32","2,022.86","75.80K","-1.12%"
"05/14/2014","2,047.91","2,049.27","2,056.57","2,042.74","72.00K","-0.14%"
"05/13/2014","2,050.73","2,055.08","2,061.06","2,043.55","97.20K","-0.10%"
"05/12/2014","2,052.87","2,022.93","2,055.51","2,016.64","115.70K","2.07%"
"05/09/2014","2,011.14","2,016.50","2,020.45","2,001.30","76.20K","-0.20%"
"05/08/2014","2,015.27","2,006.85","2,036.94","2,005.69","77.90K","0.26%"
"05/07/2014","2,010.08","2,023.15","2,024.63","2,008.45","74.40K","-0.89%"
"05/06/2014","2,028.04","2,024.26","2,038.70","2,021.48","74.60K","0.03%"
"05/05/2014","2,027.35","2,022.18","2,028.96","2,007.35","79.90K","0.05%"
"04/30/2014","2,026.36","2,020.44","2,029.54","2,016.58","74.50K","0.30%"
"04/29/2014","2,020.34","2,001.90","2,021.68","1,997.64","76.20K","0.84%"
"04/28/2014","2,003.49","2,033.34","2,035.99","2,000.14","89.80K","-1.62%"
"04/25/2014","2,036.52","2,060.54","2,065.64","2,035.57","93.00K","-1.00%"
"04/24/2014","2,057.03","2,064.16","2,075.76","2,056.19","78.20K","-0.50%"
"04/23/2014","2,067.38","2,068.08","2,076.35","2,059.11","78.50K","-0.26%"
"04/22/2014","2,072.83","2,062.79","2,073.66","2,047.33","98.70K","0.34%"
"04/21/2014","2,065.83","2,085.98","2,103.08","2,065.23","96.40K","-1.52%"
"04/18/2014","2,097.75","2,091.48","2,099.64","2,081.19","88.20K","-0.05%"
"04/17/2014","2,098.89","2,108.95","2,110.72","2,095.71","89.90K","-0.30%"
"04/16/2014","2,105.12","2,097.21","2,112.05","2,092.16","89.40K","0.17%"
"04/15/2014","2,101.60","2,125.90","2,125.90","2,098.15","107.50K","-1.40%"
"04/14/2014","2,131.54","2,127.41","2,134.43","2,116.61","102.10K","0.05%"
"04/11/2014","2,130.54","2,130.37","2,138.65","2,120.18","131.80K","-0.18%"
"04/10/2014","2,134.30","2,105.88","2,146.67","2,098.08","156.80K","1.38%"
"04/09/2014","2,105.24","2,100.65","2,108.75","2,095.64","105.30K","0.33%"
"04/08/2014","2,098.28","2,054.53","2,102.45","2,052.90","133.40K","1.92%"
"04/04/2014","2,058.83","2,037.55","2,060.10","2,035.22","83.20K","0.74%"
"04/03/2014","2,043.70","2,063.50","2,066.01","2,037.45","108.60K","-0.74%"
"04/02/2014","2,058.99","2,049.42","2,060.78","2,046.74","102.70K","0.56%"
"04/01/2014","2,047.46","2,031.01","2,050.68","2,028.10","83.30K","0.70%"
"03/31/2014","2,033.31","2,043.05","2,048.13","2,024.19","94.40K","-0.41%"
"03/28/2014","2,041.71","2,046.85","2,060.13","2,035.24","121.70K","-0.24%"
"03/27/2014","2,046.59","2,060.81","2,073.98","2,042.71","119.10K","-0.83%"
"03/26/2014","2,063.67","2,070.57","2,074.57","2,057.65","102.60K","-0.18%"
"03/25/2014","2,067.31","2,063.32","2,079.55","2,057.49","131.80K","0.05%"
"03/24/2014","2,066.28","2,050.83","2,074.06","2,043.33","147.70K","0.91%"
"03/21/2014","2,047.62","1,987.68","2,052.47","1,986.07","144.50K","2.72%"
"03/20/2014","1,993.48","2,017.22","2,030.85","1,993.00","110.30K","-1.40%"
"03/19/2014","2,021.73","2,019.98","2,022.18","2,002.44","95.20K","-0.17%"
"03/18/2014","2,025.20","2,026.22","2,034.92","2,020.41","96.80K","0.08%"
"03/17/2014","2,023.67","2,009.88","2,024.37","1,999.25","86.30K","0.96%"
"03/14/2014","2,004.34","2,008.82","2,017.91","1,990.98","87.80K","-0.73%"
"03/13/2014","2,019.11","2,000.69","2,029.12","1,996.53","101.00K","1.07%"
"03/12/2014","1,997.69","1,996.24","2,011.06","1,974.38","101.40K","-0.17%"
"03/11/2014","2,001.16","1,994.42","2,008.07","1,985.60","92.70K","0.11%"
"03/10/2014","1,999.06","2,042.35","2,042.63","1,995.55","115.70K","-2.86%"
"03/07/2014","2,057.91","2,058.38","2,079.49","2,050.47","103.70K","-0.08%"
"03/06/2014","2,059.58","2,050.03","2,065.79","2,030.95","109.30K","0.32%"
"03/05/2014","2,053.08","2,073.29","2,074.81","2,050.18","107.70K","-0.89%"
"03/04/2014","2,071.47","2,068.11","2,074.02","2,050.12","115.90K","-0.18%"
"03/03/2014","2,075.24","2,052.07","2,078.33","2,047.07","127.50K","0.92%"
"02/28/2014","2,056.30","2,040.62","2,058.49","2,020.94","111.60K","0.44%"
"02/27/2014","2,047.35","2,045.10","2,068.31","2,036.39","132.20K","0.30%"
"02/26/2014","2,041.25","2,026.61","2,041.63","2,014.38","110.10K","0.35%"
"02/25/2014","2,034.22","2,077.28","2,087.62","2,026.54","140.10K","-2.05%"
"02/24/2014","2,076.69","2,099.72","2,099.72","2,058.79","123.60K","-1.75%"
"02/21/2014","2,113.69","2,131.59","2,132.70","2,098.33","117.70K","-1.17%"
"02/20/2014","2,138.78","2,152.89","2,177.98","2,136.48","157.10K","-0.18%"
"02/19/2014","2,142.55","2,116.92","2,152.96","2,111.17","151.30K","1.11%"
"02/18/2014","2,119.07","2,134.14","2,134.14","2,113.13","142.90K","-0.77%"
"02/17/2014","2,135.42","2,124.88","2,136.45","2,117.69","140.20K","0.92%"
"02/14/2014","2,115.85","2,097.32","2,116.19","2,095.09","111.50K","0.83%"
"02/13/2014","2,098.40","2,106.93","2,122.83","2,096.97","146.50K","-0.55%"
"02/12/2014","2,109.96","2,103.83","2,110.90","2,096.51","126.30K","0.30%"
"02/11/2014","2,103.67","2,086.18","2,111.06","2,082.52","142.20K","0.84%"
"02/10/2014","2,086.07","2,049.98","2,087.98","2,049.98","124.30K","2.03%"
"02/07/2014","2,044.50","2,022.32","2,044.73","2,014.70","73.60K","0.56%"
"01/30/2014","2,033.08","2,045.93","2,045.93","2,031.47","62.60K","-0.82%"
"01/29/2014","2,049.91","2,042.18","2,051.58","2,039.77","73.90K","0.56%"
"01/28/2014","2,038.51","2,036.40","2,047.13","2,026.99","72.50K","0.26%"
"01/27/2014","2,033.30","2,044.27","2,044.85","2,029.63","88.80K","-1.03%"
"01/24/2014","2,054.39","2,037.67","2,060.99","2,034.45","92.90K","0.60%"
"01/23/2014","2,042.18","2,048.33","2,052.53","2,039.05","84.20K","-0.47%"
"01/22/2014","2,051.75","2,009.97","2,052.34","2,008.93","98.90K","2.16%"
"01/21/2014","2,008.31","1,992.02","2,014.15","1,992.02","59.80K","0.86%"
"01/20/2014","1,991.25","2,001.89","2,005.94","1,984.82","56.30K","-0.68%"
"01/17/2014","2,004.95","2,017.52","2,017.87","2,001.33","67.30K","-0.93%"
"01/16/2014","2,023.70","2,022.54","2,034.71","2,014.41","72.80K","0.02%"
"01/15/2014","2,023.35","2,024.23","2,027.41","2,010.20","67.40K","-0.17%"
"01/14/2014","2,026.84","2,007.16","2,027.43","2,001.14","70.40K","0.86%"
"01/13/2014","2,009.56","2,014.98","2,027.18","2,000.40","66.50K","-0.19%"
"01/10/2014","2,013.30","2,023.54","2,029.30","2,008.01","75.60K","-0.71%"
"01/09/2014","2,027.62","2,041.77","2,057.20","2,026.45","75.90K","-0.82%"
"01/08/2014","2,044.34","2,047.26","2,062.95","2,037.11","71.60K","-0.15%"
"01/07/2014","2,047.32","2,034.22","2,052.28","2,029.25","63.40K","0.08%"
"01/06/2014","2,045.71","2,078.68","2,078.68","2,034.01","89.60K","-1.80%"
"01/03/2014","2,083.14","2,101.54","2,102.17","2,075.90","84.50K","-1.24%"
"01/02/2014","2,109.39","2,112.13","2,113.11","2,101.02","68.50K","-0.31%"
"12/31/2013","2,115.98","2,090.68","2,120.27","2,087.42","80.50K","0.88%"
"12/30/2013","2,097.53","2,108.88","2,112.01","2,095.06","74.10K","-0.18%"
"12/27/2013","2,101.25","2,074.59","2,110.36","2,069.59","76.80K","1.36%"
"12/26/2013","2,073.10","2,102.66","2,102.66","2,070.55","78.50K","-1.58%"
"12/25/2013","2,106.35","2,095.02","2,107.23","2,088.30","65.20K","0.64%"
"12/24/2013","2,092.91","2,094.07","2,111.80","2,079.81","70.30K","0.15%"
"12/23/2013","2,089.71","2,089.54","2,099.52","2,068.54","68.10K","0.24%"
"12/20/2013","2,084.79","2,128.37","2,131.74","2,082.85","86.80K","-2.02%"
"12/19/2013","2,127.79","2,153.67","2,159.14","2,126.25","73.10K","-0.95%"
"12/18/2013","2,148.28","2,150.41","2,156.59","2,142.62","64.20K","-0.13%"
"12/17/2013","2,151.08","2,161.54","2,165.54","2,146.31","78.60K","-0.45%"
"12/16/2013","2,160.86","2,197.23","2,201.70","2,159.99","101.40K","-1.60%"
"12/13/2013","2,196.07","2,188.26","2,204.64","2,183.84","85.10K","-0.31%"
"12/12/2013","2,202.80","2,199.32","2,214.55","2,194.90","86.10K","-0.06%"
"12/11/2013","2,204.17","2,228.63","2,228.63","2,193.16","109.40K","-1.49%"
"12/10/2013","2,237.49","2,239.86","2,250.50","2,231.68","109.00K","-0.03%"
"12/09/2013","2,238.20","2,241.79","2,249.17","2,231.73","93.30K","0.05%"
"12/06/2013","2,237.11","2,242.56","2,248.15","2,228.63","103.70K","-0.44%"
"12/05/2013","2,247.06","2,252.72","2,255.26","2,239.14","122.00K","-0.21%"
"12/04/2013","2,251.76","2,219.97","2,260.87","2,215.92","157.30K","1.31%"
"12/03/2013","2,222.67","2,196.82","2,227.93","2,193.25","113.50K","0.69%"
"12/02/2013","2,207.37","2,203.12","2,231.92","2,172.63","174.30K","-0.59%"
"11/29/2013","2,220.50","2,221.62","2,224.94","2,212.26","107.00K","0.05%"
"11/28/2013","2,219.37","2,204.38","2,234.39","2,202.62","134.50K","0.83%"
"11/27/2013","2,201.07","2,181.73","2,207.62","2,176.85","115.40K","0.82%"
"11/26/2013","2,183.07","2,184.33","2,192.58","2,176.18","100.50K","-0.14%"
"11/25/2013","2,186.11","2,186.06","2,209.15","2,181.42","108.30K","-0.47%"
"11/22/2013","2,196.38","2,206.47","2,211.07","2,188.77","113.80K","-0.43%"
"11/21/2013","2,205.77","2,197.01","2,206.53","2,177.74","137.20K","-0.04%"
"11/20/2013","2,206.61","2,201.47","2,207.10","2,186.64","119.00K","0.62%"
"11/19/2013","2,193.12","2,198.32","2,203.30","2,186.11","125.00K","-0.19%"
"11/18/2013","2,197.22","2,147.37","2,198.32","2,143.77","157.50K","2.87%"
"11/15/2013","2,135.83","2,100.90","2,153.21","2,100.79","125.90K","1.68%"
"11/14/2013","2,100.51","2,087.12","2,102.38","2,078.99","83.80K","0.60%"
"11/13/2013","2,087.94","2,117.89","2,117.91","2,086.01","88.30K","-1.83%"
"11/12/2013","2,126.77","2,110.72","2,127.94","2,108.40","79.40K","0.82%"
"11/11/2013","2,109.47","2,103.30","2,117.28","2,093.63","69.70K","0.16%"
"11/08/2013","2,106.13","2,120.92","2,128.58","2,103.51","83.10K","-1.09%"
"11/07/2013","2,129.40","2,136.63","2,141.60","2,119.19","81.80K","-0.48%"
"11/06/2013","2,139.61","2,149.39","2,166.17","2,138.78","100.50K","-0.82%"
"11/05/2013","2,157.24","2,139.84","2,158.15","2,124.84","91.90K","0.35%"
"11/04/2013","2,149.63","2,156.09","2,160.58","2,143.21","76.10K","0.00%"
"11/01/2013","2,149.56","2,139.88","2,157.31","2,132.63","89.10K","0.37%"
"10/31/2013","2,141.61","2,155.51","2,155.51","2,137.47","108.10K","-0.87%"
"10/30/2013","2,160.46","2,126.69","2,161.94","2,121.84","119.60K","1.48%"
"10/29/2013","2,128.86","2,135.23","2,163.66","2,093.20","143.10K","-0.23%"
"10/28/2013","2,133.87","2,135.88","2,140.96","2,123.07","88.40K","0.04%"
"10/25/2013","2,132.96","2,163.69","2,170.61","2,122.68","113.90K","-1.45%"
"10/24/2013","2,164.32","2,178.82","2,183.41","2,159.87","103.00K","-0.86%"
"10/23/2013","2,183.11","2,213.27","2,226.85","2,177.73","146.30K","-1.25%"
"10/22/2013","2,210.65","2,227.34","2,227.34","2,204.24","149.10K","-0.83%"
"10/21/2013","2,229.24","2,198.11","2,230.28","2,190.39","136.70K","1.62%"
"10/18/2013","2,193.78","2,188.71","2,203.29","2,184.36","103.70K","0.24%"
"10/17/2013","2,188.54","2,201.71","2,211.03","2,183.25","126.80K","-0.21%"
"10/16/2013","2,193.07","2,228.11","2,228.11","2,183.40","154.60K","-1.81%"
"10/15/2013","2,233.41","2,237.93","2,240.25","2,221.14","153.70K","-0.19%"
"10/14/2013","2,237.77","2,232.22","2,242.98","2,226.40","166.00K","0.43%"
"10/11/2013","2,228.15","2,201.41","2,228.87","2,200.53","156.90K","1.70%"
"10/10/2013","2,190.93","2,214.41","2,214.59","2,186.48","149.80K","-0.94%"
"10/09/2013","2,211.77","2,191.39","2,212.35","2,185.18","130.90K","0.62%"
"10/08/2013","2,198.20","2,171.90","2,200.02","2,161.49","126.70K","1.08%"
"09/30/2013","2,174.67","2,167.73","2,176.30","2,165.16","92.80K","0.68%"
"09/27/2013","2,160.03","2,150.96","2,165.78","2,149.59","105.40K","0.20%"
"09/26/2013","2,155.81","2,192.23","2,192.23","2,154.72","140.40K","-1.94%"
"09/25/2013","2,198.51","2,206.23","2,217.97","2,193.72","160.20K","-0.41%"
"09/24/2013","2,207.53","2,219.47","2,219.54","2,187.24","160.40K","-0.61%"
"09/23/2013","2,221.04","2,199.36","2,223.07","2,198.34","133.20K","1.33%"
"09/18/2013","2,191.85","2,185.94","2,195.90","2,172.04","115.10K","0.29%"
"09/17/2013","2,185.56","2,230.39","2,230.93","2,184.92","154.50K","-2.05%"
"09/16/2013","2,231.40","2,244.46","2,248.47","2,226.17","154.80K","-0.22%"
"09/13/2013","2,236.22","2,251.46","2,259.42","2,228.48","172.00K","-0.86%"
"09/12/2013","2,255.60","2,236.17","2,270.27","2,226.29","209.70K","0.64%"
"09/11/2013","2,241.27","2,244.96","2,258.07","2,233.00","244.30K","0.15%"
"09/10/2013","2,237.98","2,214.81","2,238.55","2,202.82","237.20K","1.15%"
"09/09/2013","2,212.52","2,151.35","2,218.53","2,151.35","219.40K","3.39%"
"09/06/2013","2,139.99","2,119.33","2,143.24","2,119.02","143.20K","0.83%"
"09/05/2013","2,122.43","2,125.25","2,127.85","2,115.24","126.50K","-0.24%"
"09/04/2013","2,127.62","2,121.68","2,133.00","2,115.75","142.00K","0.21%"
"09/03/2013","2,123.11","2,100.45","2,123.85","2,095.46","138.80K","1.18%"
"09/02/2013","2,098.45","2,104.09","2,108.68","2,078.46","149.20K","0.00%"
"08/30/2013","2,098.38","2,097.22","2,114.39","2,089.09","170.00K","0.05%"
"08/29/2013","2,097.23","2,108.44","2,110.89","2,088.24","133.20K","-0.19%"
"08/28/2013","2,101.30","2,092.31","2,113.82","2,080.86","161.40K","-0.11%"
"08/27/2013","2,103.57","2,095.44","2,105.38","2,090.43","126.40K","0.34%"
"08/26/2013","2,096.47","2,061.42","2,097.34","2,056.13","119.90K","1.90%"
"08/23/2013","2,057.46","2,075.93","2,079.85","2,029.36","112.40K","-0.47%"
"08/22/2013","2,067.12","2,069.31","2,083.33","2,062.37","90.90K","-0.28%"
"08/21/2013","2,072.96","2,076.27","2,076.32","2,056.91","87.40K","0.02%"
"08/20/2013","2,072.59","2,081.97","2,098.98","2,066.07","107.40K","-0.62%"
"08/19/2013","2,085.60","2,055.13","2,091.13","2,052.70","97.40K","0.83%"
"08/16/2013","2,068.45","2,075.98","2,198.85","2,061.65","153.10K","-0.65%"
"08/15/2013","2,081.88","2,099.28","2,108.41","2,079.97","99.40K","-0.87%"
"08/14/2013","2,100.14","2,109.23","2,122.97","2,093.04","114.40K","-0.29%"
"08/13/2013","2,106.16","2,101.32","2,106.40","2,093.80","117.70K","0.23%"
"08/12/2013","2,101.28","2,058.42","2,102.35","2,055.72","135.10K","2.39%"
"08/09/2013","2,052.24","2,052.24","2,061.71","2,030.13","95.30K","0.36%"
"08/08/2013","2,044.90","2,044.44","2,058.56","2,037.25","84.10K","-0.09%"
"08/07/2013","2,046.78","2,056.37","2,069.56","2,043.75","107.70K","-0.67%"
"08/06/2013","2,060.50","2,043.65","2,066.74","2,034.96","105.60K","0.49%"
"08/05/2013","2,050.48","2,031.72","2,050.91","2,025.23","85.50K","1.04%"
"08/02/2013","2,029.42","2,039.51","2,047.08","2,025.65","93.60K","0.02%"
"08/01/2013","2,029.07","2,000.82","2,029.93","1,997.06","91.20K","1.77%"
"07/31/2013","1,993.80","2,000.79","2,015.47","1,987.88","70.20K","0.19%"
"07/30/2013","1,990.06","1,981.45","2,006.23","1,965.36","77.20K","0.70%"
"07/29/2013","1,976.31","1,997.84","1,997.84","1,969.85","78.70K","-1.72%"
"07/26/2013","2,010.85","2,013.19","2,021.57","2,000.80","73.80K","-0.51%"
"07/25/2013","2,021.17","2,037.34","2,045.36","2,016.43","98.60K","-0.60%"
"07/24/2013","2,033.33","2,035.69","2,042.77","2,010.42","106.60K","-0.52%"
"07/23/2013","2,043.88","2,008.95","2,051.53","2,005.09","109.60K","1.95%"
"07/22/2013","2,004.76","1,977.73","2,005.47","1,970.64","83.00K","0.61%"
"07/19/2013","1,992.65","2,025.32","2,035.22","1,990.25","104.60K","-1.52%"
"07/18/2013","2,023.40","2,038.40","2,043.37","2,016.90","92.20K","-1.05%"
"07/17/2013","2,044.92","2,061.19","2,075.81","2,043.23","103.20K","-1.01%"
"07/16/2013","2,065.72","2,054.60","2,066.36","2,038.54","96.80K","0.31%"
"07/15/2013","2,059.39","2,046.12","2,076.67","2,037.25","101.40K","0.98%"
"07/12/2013","2,039.49","2,068.04","2,074.86","2,036.05","121.20K","-1.62%"
"07/11/2013","2,072.99","2,011.02","2,092.87","2,010.40","160.00K","3.23%"
"07/10/2013","2,008.13","1,962.84","2,009.36","1,960.28","89.80K","2.17%"
"07/09/2013","1,965.45","1,953.60","1,969.15","1,946.37","64.60K","0.37%"
"07/08/2013","1,958.27","1,983.21","1,983.21","1,953.12","84.20K","-2.44%"
"07/05/2013","2,007.20","2,006.19","2,021.54","2,002.37","91.40K","0.05%"
"07/04/2013","2,006.10","1,982.87","2,022.14","1,974.10","100.40K","0.59%"
"07/03/2013","1,994.27","1,996.51","1,996.54","1,965.52","93.40K","-0.61%"
"07/02/2013","2,006.56","1,992.89","2,007.62","1,978.43","86.40K","0.57%"
"07/01/2013","1,995.24","1,965.99","1,995.92","1,957.57","78.00K","0.81%"
"06/28/2013","1,979.21","1,935.52","1,987.98","1,925.65","100.80K","1.50%"
"06/27/2013","1,950.01","1,955.13","1,980.54","1,942.37","105.80K","-0.08%"
"06/26/2013","1,951.49","1,954.47","1,959.16","1,922.82","101.20K","-0.41%"
"06/25/2013","1,959.51","1,948.31","1,963.57","1,849.65","138.20K","-0.19%"
"06/24/2013","1,963.23","2,068.86","2,068.86","1,958.40","109.20K","-5.30%"
"06/21/2013","2,073.09","2,058.98","2,085.86","2,042.88","79.60K","-0.52%"
"06/20/2013","2,084.02","2,132.81","2,132.81","2,082.82","77.80K","-2.77%"
"06/19/2013","2,143.45","2,150.82","2,150.82","2,115.79","75.40K","-0.73%"
"06/18/2013","2,159.29","2,158.55","2,161.68","2,138.35","69.60K","0.14%"
"06/17/2013","2,156.22","2,165.99","2,169.36","2,147.03","75.80K","-0.27%"
"06/14/2013","2,162.04","2,150.06","2,163.85","2,142.78","77.80K","0.64%"
"06/13/2013","2,148.35","2,190.10","2,190.10","2,126.22","94.40K","-2.83%"
"06/07/2013","2,210.90","2,242.26","2,250.63","2,205.07","90.00K","-1.39%"
"06/06/2013","2,242.11","2,264.43","2,266.69","2,240.07","81.60K","-1.27%"
"06/05/2013","2,270.93","2,270.71","2,276.86","2,260.87","76.40K","-0.07%"
"06/04/2013","2,272.42","2,297.10","2,297.10","2,264.76","101.80K","-1.17%"
"06/03/2013","2,299.25","2,300.21","2,313.43","2,294.11","96.80K","-0.06%"
"05/31/2013","2,300.59","2,320.74","2,325.53","2,299.37","108.20K","-0.74%"
"05/30/2013","2,317.75","2,316.25","2,325.72","2,310.49","112.00K","-0.27%"
"05/29/2013","2,324.02","2,323.54","2,334.33","2,321.17","125.20K","0.12%"
"05/28/2013","2,321.32","2,293.40","2,322.10","2,281.47","132.60K","1.23%"
"05/27/2013","2,293.08","2,286.66","2,301.70","2,283.94","107.40K","0.20%"
"05/24/2013","2,288.53","2,281.45","2,292.59","2,270.25","101.40K","0.57%"
"05/23/2013","2,275.67","2,293.81","2,304.95","2,274.10","124.00K","-1.16%"
"05/22/2013","2,302.40","2,303.75","2,314.18","2,292.43","128.40K","-0.12%"
"05/21/2013","2,305.11","2,297.11","2,305.30","2,290.12","124.20K","0.22%"
"05/20/2013","2,299.99","2,286.33","2,309.39","2,281.90","139.20K","0.75%"
"05/17/2013","2,282.87","2,249.81","2,288.09","2,248.41","126.20K","1.38%"
"05/16/2013","2,251.80","2,221.34","2,252.87","2,210.77","110.20K","1.21%"
"05/15/2013","2,224.80","2,217.09","2,225.19","2,213.58","71.80K","0.35%"
"05/14/2013","2,217.01","2,238.90","2,239.93","2,205.87","83.20K","-1.11%"
"05/13/2013","2,241.92","2,247.68","2,250.85","2,231.36","86.20K","-0.22%"
"05/10/2013","2,246.83","2,228.82","2,247.67","2,225.81","90.40K","0.62%"
"05/09/2013","2,232.97","2,246.96","2,247.86","2,221.38","98.60K","-0.59%"
"05/08/2013","2,246.30","2,242.39","2,255.21","2,235.42","90.40K","0.48%"
"05/07/2013","2,235.57","2,227.86","2,240.26","2,219.44","86.40K","0.20%"
"05/06/2013","2,231.17","2,212.50","2,236.07","2,212.50","92.20K","1.16%"
"05/03/2013","2,205.50","2,179.05","2,222.81","2,179.05","88.60K","1.44%"
"05/02/2013","2,174.12","2,170.78","2,179.65","2,161.14","68.40K","-0.17%"
"04/26/2013","2,177.91","2,203.89","2,210.58","2,173.86","76.60K","-0.97%"
"04/25/2013","2,199.31","2,213.19","2,224.63","2,191.85","96.80K","-0.86%"
"04/24/2013","2,218.32","2,187.35","2,226.12","2,184.11","91.60K","1.55%"
"04/23/2013","2,184.54","2,242.62","2,242.62","2,182.81","96.60K","-2.57%"
"04/22/2013","2,242.17","2,236.40","2,245.12","2,232.26","95.20K","-0.11%"
"04/19/2013","2,244.64","2,201.12","2,250.11","2,200.58","109.60K","2.14%"
"04/18/2013","2,197.60","2,181.82","2,206.03","2,175.44","71.60K","0.17%"
"04/17/2013","2,193.80","2,195.03","2,197.51","2,178.47","68.40K","-0.05%"
"04/16/2013","2,194.84","2,169.63","2,196.43","2,165.78","80.00K","0.59%"
"04/15/2013","2,181.94","2,199.91","2,204.99","2,177.39","71.60K","-1.13%"
"04/12/2013","2,206.78","2,218.09","2,226.26","2,204.44","66.80K","-0.58%"
"04/11/2013","2,219.55","2,236.98","2,242.48","2,217.26","73.60K","-0.30%"
"04/10/2013","2,226.13","2,224.93","2,233.04","2,212.56","80.60K","0.02%"
"04/09/2013","2,225.77","2,215.47","2,234.73","2,215.47","82.80K","0.64%"
"04/08/2013","2,211.59","2,196.24","2,212.59","2,180.67","86.20K","-0.62%"
"04/03/2013","2,225.29","2,232.69","2,241.34","2,217.25","81.80K","-0.11%"
"04/02/2013","2,227.74","2,234.90","2,253.42","2,220.44","89.80K","-0.30%"
"04/01/2013","2,234.40","2,229.46","2,243.95","2,227.31","77.40K","-0.10%"
"03/29/2013","2,236.62","2,238.49","2,246.87","2,228.81","85.60K","0.01%"
"03/28/2013","2,236.30","2,273.55","2,273.55","2,232.91","127.60K","-2.82%"
"03/27/2013","2,301.26","2,299.38","2,323.48","2,289.00","96.40K","0.16%"
"03/26/2013","2,297.67","2,318.58","2,319.99","2,281.12","104.40K","-1.25%"
"03/25/2013","2,326.72","2,334.74","2,344.89","2,319.91","97.00K","-0.07%"
"03/22/2013","2,328.28","2,321.40","2,332.00","2,314.97","101.20K","0.17%"
"03/21/2013","2,324.24","2,318.21","2,330.81","2,311.60","119.20K","0.30%"
"03/20/2013","2,317.38","2,257.74","2,317.86","2,257.42","131.20K","2.66%"
"03/19/2013","2,257.43","2,244.26","2,261.31","2,232.02","87.60K","0.78%"
"03/18/2013","2,240.02","2,267.29","2,276.05","2,239.21","93.20K","-1.68%"
"03/15/2013","2,278.40","2,269.31","2,312.08","2,250.00","116.40K","0.36%"
"03/14/2013","2,270.28","2,255.77","2,276.22","2,253.31","80.20K","0.28%"
"03/13/2013","2,263.97","2,282.17","2,286.33","2,253.25","91.00K","-0.99%"
"03/12/2013","2,286.60","2,309.16","2,333.29","2,264.83","117.60K","-1.04%"
"03/11/2013","2,310.59","2,314.68","2,320.96","2,296.58","84.20K","-0.35%"
"03/08/2013","2,318.61","2,326.42","2,333.67","2,314.59","98.80K","-0.24%"
"03/07/2013","2,324.29","2,340.44","2,352.02","2,304.27","139.80K","-0.98%"
"03/06/2013","2,347.18","2,333.61","2,351.44","2,321.60","141.40K","0.90%"
"03/05/2013","2,326.31","2,274.81","2,328.14","2,270.10","131.20K","2.33%"
"03/04/2013","2,273.40","2,332.08","2,333.54","2,259.25","161.80K","-3.65%"
"03/01/2013","2,359.51","2,364.54","2,369.65","2,330.86","120.40K","-0.26%"
"02/28/2013","2,365.59","2,322.32","2,366.16","2,308.92","127.00K","2.26%"
"02/27/2013","2,313.22","2,297.77","2,324.63","2,292.03","97.80K","0.87%"
"02/26/2013","2,293.34","2,313.74","2,340.71","2,289.89","117.60K","-1.40%"
"02/25/2013","2,325.82","2,320.62","2,338.78","2,315.01","88.40K","0.50%"
"02/22/2013","2,314.16","2,322.94","2,330.88","2,308.76","97.00K","-0.51%"
"02/21/2013","2,325.95","2,378.82","2,378.82","2,309.17","144.00K","-2.97%"
"02/20/2013","2,397.18","2,383.49","2,397.94","2,370.61","110.20K","0.60%"
"02/19/2013","2,382.91","2,420.26","2,427.07","2,373.53","123.40K","-1.60%"
"02/18/2013","2,421.56","2,441.91","2,444.80","2,415.43","116.20K","-0.45%"
"02/08/2013","2,432.40","2,416.62","2,443.03","2,414.40","109.00K","0.57%"
"02/07/2013","2,418.53","2,430.69","2,433.89","2,394.22","120.00K","-0.66%"
"02/06/2013","2,434.48","2,432.68","2,441.73","2,427.70","116.60K","0.06%"
"02/05/2013","2,433.13","2,411.00","2,437.42","2,403.30","150.80K","0.21%"
"02/04/2013","2,428.15","2,425.92","2,440.38","2,417.58","167.60K","0.38%"
"02/01/2013","2,419.02","2,377.41","2,421.15","2,369.57","140.80K","1.41%"
"01/31/2013","2,385.42","2,383.43","2,391.82","2,371.23","139.80K","0.12%"
"01/30/2013","2,382.48","2,360.75","2,383.76","2,347.89","149.80K","1.00%"
"01/29/2013","2,358.98","2,347.22","2,363.80","2,337.35","141.80K","0.53%"
"01/28/2013","2,346.50","2,295.35","2,346.92","2,295.35","128.40K","2.41%"
"01/25/2013","2,291.30","2,300.00","2,308.38","2,288.26","92.60K","-0.49%"
"01/24/2013","2,302.60","2,320.26","2,362.94","2,287.30","161.00K","-0.79%"
"01/23/2013","2,320.91","2,308.52","2,325.12","2,296.49","118.20K","0.25%"
"01/22/2013","2,315.14","2,326.49","2,335.81","2,301.30","149.40K","-0.56%"
"01/21/2013","2,328.22","2,321.49","2,329.58","2,305.10","134.60K","0.48%"
"01/18/2013","2,317.07","2,295.81","2,324.51","2,285.97","125.40K","1.41%"
"01/17/2013","2,284.91","2,305.14","2,305.60","2,275.88","119.20K","-1.06%"
"01/16/2013","2,309.50","2,322.16","2,326.76","2,279.51","153.60K","-0.70%"
"01/15/2013","2,325.68","2,312.47","2,332.78","2,309.32","165.60K","0.60%"
"01/14/2013","2,311.74","2,236.29","2,317.62","2,235.11","144.80K","3.06%"
"01/11/2013","2,243.00","2,285.19","2,290.21","2,234.95","125.00K","-1.78%"
"01/10/2013","2,283.66","2,274.38","2,295.48","2,268.65","120.00K","0.37%"
"01/09/2013","2,275.34","2,271.30","2,283.90","2,259.05","122.00K","-0.03%"
"01/08/2013","2,276.07","2,284.65","2,289.14","2,262.98","123.00K","-0.41%"
"01/07/2013","2,285.36","2,271.66","2,293.32","2,266.86","118.20K","0.37%"
"01/04/2013","2,276.99","2,289.51","2,296.11","2,256.56","139.40K","0.35%"
"12/31/2012","2,269.13","2,236.46","2,269.51","2,236.46","128.00K","1.61%"
"12/28/2012","2,233.25","2,207.91","2,234.87","2,204.00","116.00K","1.24%"
"12/27/2012","2,205.90","2,223.66","2,234.72","2,204.79","129.00K","-0.60%"
"12/26/2012","2,219.13","2,211.59","2,220.48","2,206.79","121.80K","0.25%"
"12/25/2012","2,213.61","2,154.32","2,220.26","2,146.86","143.40K","2.53%"
"12/24/2012","2,159.05","2,150.65","2,170.39","2,149.82","78.40K","0.27%"
"12/21/2012","2,153.31","2,169.57","2,190.40","2,148.17","103.40K","-0.69%"
"12/20/2012","2,168.35","2,156.19","2,174.82","2,142.95","99.40K","0.28%"
"12/19/2012","2,162.24","2,158.67","2,175.40","2,154.29","94.40K","-0.01%"
"12/18/2012","2,162.46","2,155.86","2,183.71","2,144.73","126.00K","0.10%"
"12/17/2012","2,160.34","2,152.10","2,169.57","2,151.94","144.20K","0.45%"
"12/14/2012","2,150.62","2,062.69","2,152.50","2,062.54","160.80K","4.32%"
"12/13/2012","2,061.48","2,077.42","2,081.36","2,059.47","72.20K","-1.02%"
"12/12/2012","2,082.73","2,073.27","2,085.93","2,066.39","78.60K","0.39%"
"12/11/2012","2,074.70","2,077.56","2,088.64","2,070.19","93.40K","-0.44%"
"12/10/2012","2,083.77","2,067.32","2,087.01","2,064.61","115.40K","1.07%"
"12/07/2012","2,061.79","2,028.77","2,065.74","2,023.96","115.20K","1.60%"
"12/06/2012","2,029.24","2,029.56","2,036.61","2,018.38","81.40K","-0.13%"
"12/05/2012","2,031.91","1,973.11","2,040.60","1,970.20","120.00K","2.87%"
"12/04/2012","1,975.14","1,956.62","1,980.12","1,949.46","62.40K","0.78%"
"12/03/2012","1,959.77","1,977.25","1,988.19","1,957.88","61.60K","-1.03%"
"11/30/2012","1,980.12","1,961.81","1,983.42","1,959.33","56.80K","0.85%"
"11/29/2012","1,963.49","1,972.93","1,980.56","1,961.82","49.60K","-0.51%"
"11/28/2012","1,973.52","1,984.48","1,984.86","1,968.21","50.60K","-0.89%"
"11/27/2012","1,991.17","2,012.07","2,014.21","1,990.34","56.60K","-1.30%"
"11/26/2012","2,017.46","2,023.34","2,027.27","2,014.03","44.80K","-0.49%"
"11/23/2012","2,027.38","2,020.02","2,034.88","2,017.00","51.60K","0.58%"
"11/22/2012","2,015.61","2,021.21","2,023.08","2,009.72","45.60K","-0.72%"
"11/21/2012","2,030.32","2,008.21","2,031.15","1,995.17","53.20K","1.07%"
"11/20/2012","2,008.92","2,020.43","2,023.61","2,004.17","42.60K","-0.40%"
"11/19/2012","2,016.98","2,013.25","2,018.38","1,995.72","45.40K","0.11%"
"11/16/2012","2,014.72","2,026.56","2,028.69","2,001.71","49.60K","-0.77%"
"11/15/2012","2,030.29","2,045.46","2,053.56","2,029.87","50.60K","-1.22%"
"11/14/2012","2,055.42","2,047.26","2,056.49","2,040.17","48.00K","0.37%"
"11/13/2012","2,047.89","2,078.13","2,078.13","2,044.04","61.00K","-1.51%"
"11/12/2012","2,079.27","2,069.21","2,079.57","2,061.84","56.60K","0.49%"
"11/09/2012","2,069.07","2,066.50","2,077.23","2,062.42","54.20K","-0.12%"
"11/08/2012","2,071.51","2,091.25","2,092.56","2,070.65","66.60K","-1.63%"
"11/07/2012","2,105.73","2,102.42","2,112.63","2,093.29","59.40K","-0.01%"
"11/06/2012","2,106.00","2,113.66","2,114.79","2,078.47","71.40K","-0.38%"
"11/05/2012","2,114.03","2,113.33","2,123.33","2,104.58","71.60K","-0.14%"
"11/02/2012","2,117.05","2,105.45","2,119.22","2,096.53","76.60K","0.60%"
"11/01/2012","2,104.43","2,070.02","2,109.50","2,069.95","82.80K","1.72%"
"10/31/2012","2,068.88","2,061.12","2,070.48","2,053.58","59.60K","0.32%"
"10/30/2012","2,062.35","2,059.20","2,075.91","2,054.26","60.60K","0.17%"
"10/29/2012","2,058.94","2,061.85","2,068.24","2,053.09","53.60K","-0.35%"
"10/26/2012","2,066.21","2,100.10","2,102.16","2,058.06","78.60K","-1.68%"
"10/25/2012","2,101.58","2,114.76","2,128.74","2,100.61","85.40K","-0.68%"
"10/24/2012","2,115.99","2,106.83","2,124.00","2,104.67","72.80K","0.07%"
"10/23/2012","2,114.45","2,132.11","2,136.22","2,111.92","72.60K","-0.86%"
"10/22/2012","2,132.76","2,118.52","2,138.03","2,112.75","60.20K","0.21%"
"10/19/2012","2,128.30","2,129.82","2,136.87","2,125.74","67.60K","-0.16%"
"10/18/2012","2,131.69","2,108.50","2,137.69","2,107.49","87.20K","1.24%"
"10/17/2012","2,105.62","2,104.28","2,113.16","2,088.04","59.80K","0.32%"
"10/16/2012","2,098.81","2,097.05","2,111.78","2,089.70","57.80K","0.01%"
"10/15/2012","2,098.70","2,105.02","2,107.20","2,085.11","54.00K","-0.30%"
"10/12/2012","2,104.93","2,109.07","2,127.31","2,092.51","68.20K","0.10%"
"10/11/2012","2,102.87","2,114.23","2,117.84","2,101.14","74.40K","-0.81%"
"10/10/2012","2,119.94","2,111.59","2,121.99","2,102.53","79.00K","0.22%"
"10/09/2012","2,115.23","2,081.59","2,119.34","2,081.59","84.60K","1.97%"
"10/08/2012","2,074.42","2,084.85","2,096.26","2,063.09","55.20K","-0.56%"
"09/28/2012","2,086.17","2,042.89","2,089.63","2,040.35","79.40K","1.45%"
"09/27/2012","2,056.32","2,003.10","2,068.07","2,002.32","76.60K","2.60%"
"09/26/2012","2,004.17","2,027.85","2,033.04","1,999.48","50.40K","-1.24%"
"09/25/2012","2,029.29","2,028.63","2,039.10","2,021.81","48.20K","-0.19%"
"09/24/2012","2,033.19","2,015.77","2,040.85","2,005.26","57.60K","0.32%"
"09/21/2012","2,026.69","2,020.55","2,041.95","2,018.26","60.20K","0.09%"
"09/20/2012","2,024.84","2,060.31","2,060.31","2,023.08","67.40K","-2.08%"
"09/19/2012","2,067.83","2,061.06","2,069.95","2,055.20","52.20K","0.40%"
"09/18/2012","2,059.54","2,069.34","2,074.76","2,053.66","53.80K","-0.91%"
"09/17/2012","2,078.50","2,120.62","2,121.58","2,077.48","76.40K","-2.14%"
"09/14/2012","2,123.85","2,127.39","2,136.23","2,111.12","91.20K","0.64%"
"09/13/2012","2,110.38","2,123.84","2,130.08","2,110.00","79.00K","-0.76%"
"09/12/2012","2,126.55","2,129.69","2,137.89","2,109.14","84.20K","0.28%"
"09/11/2012","2,120.55","2,127.52","2,127.52","2,107.22","80.40K","-0.67%"
"09/10/2012","2,134.89","2,128.06","2,140.17","2,120.49","103.60K","0.34%"
"09/07/2012","2,127.76","2,062.99","2,145.00","2,062.99","140.00K","3.70%"
"09/06/2012","2,051.92","2,040.67","2,052.95","2,036.37","56.00K","0.70%"
"09/05/2012","2,037.68","2,038.87","2,048.32","2,029.05","57.60K","-0.29%"
"09/04/2012","2,043.65","2,060.61","2,063.82","2,039.27","57.40K","-0.75%"
"09/03/2012","2,059.15","2,044.82","2,066.78","2,041.16","60.60K","0.57%"
"08/31/2012","2,047.52","2,046.29","2,059.30","2,044.65","46.20K","-0.25%"
"08/30/2012","2,052.58","2,044.03","2,060.19","2,032.54","62.00K","-0.03%"
"08/29/2012","2,053.24","2,066.82","2,073.95","2,051.77","52.20K","-0.96%"
"08/28/2012","2,073.15","2,054.97","2,083.96","2,052.49","54.40K","0.85%"
"08/27/2012","2,055.71","2,085.37","2,085.37","2,055.38","60.40K","-1.74%"
"08/24/2012","2,092.10","2,108.36","2,109.82","2,089.22","60.20K","-0.99%"
"08/23/2012","2,113.07","2,106.96","2,118.74","2,097.08","58.40K","0.25%"
"08/22/2012","2,107.71","2,118.88","2,121.15","2,097.60","58.40K","-0.50%"
"08/21/2012","2,118.27","2,106.38","2,124.20","2,103.07","60.80K","0.54%"
"08/20/2012","2,106.96","2,102.23","2,110.78","2,089.02","46.80K","-0.37%"
"08/17/2012","2,114.89","2,111.65","2,120.71","2,100.79","44.40K","0.13%"
"08/16/2012","2,112.20","2,116.08","2,122.68","2,109.66","45.20K","-0.32%"
"08/15/2012","2,118.95","2,138.28","2,139.14","2,118.50","54.60K","-1.10%"
"08/14/2012","2,142.52","2,137.05","2,144.01","2,119.25","67.60K","0.30%"
"08/13/2012","2,136.08","2,164.04","2,164.04","2,134.55","71.40K","-1.51%"
"08/10/2012","2,168.81","2,172.96","2,176.79","2,165.28","68.40K","-0.24%"
"08/09/2012","2,174.10","2,159.43","2,175.54","2,148.69","72.60K","0.61%"
"08/08/2012","2,160.99","2,158.98","2,168.73","2,153.02","72.80K","0.16%"
"08/07/2012","2,157.62","2,153.09","2,159.68","2,148.90","75.00K","0.13%"
"08/06/2012","2,154.92","2,129.15","2,158.68","2,127.26","71.80K","1.04%"
"08/03/2012","2,132.80","2,113.96","2,133.27","2,108.33","53.40K","1.02%"
"08/02/2012","2,111.18","2,120.15","2,126.46","2,103.50","53.40K","-0.57%"
"08/01/2012","2,123.36","2,101.72","2,130.71","2,101.71","53.80K","0.94%"
"07/31/2012","2,103.64","2,109.32","2,116.90","2,100.25","53.40K","-0.30%"
"07/30/2012","2,109.91","2,128.16","2,137.74","2,107.63","52.00K","-0.89%"
"07/27/2012","2,128.76","2,132.01","2,139.15","2,120.63","52.00K","0.13%"
"07/26/2012","2,126.00","2,134.99","2,147.66","2,124.16","52.80K","-0.48%"
"07/25/2012","2,136.15","2,141.04","2,151.45","2,132.83","48.60K","-0.49%"
"07/24/2012","2,146.59","2,132.32","2,158.95","2,131.01","54.40K","0.24%"
"07/23/2012","2,141.40","2,154.17","2,154.17","2,135.56","55.60K","-1.26%"
"07/20/2012","2,168.64","2,180.01","2,185.73","2,162.06","64.40K","-0.74%"
"07/19/2012","2,184.84","2,164.27","2,197.79","2,159.94","79.40K","0.73%"
"07/18/2012","2,169.10","2,159.86","2,170.30","2,138.79","66.60K","0.37%"
"07/17/2012","2,161.19","2,142.43","2,165.33","2,141.48","55.20K","0.62%"
"07/16/2012","2,147.96","2,187.89","2,188.06","2,146.15","67.40K","-1.74%"
"07/13/2012","2,185.90","2,180.17","2,198.66","2,177.92","57.60K","0.02%"
"07/12/2012","2,185.49","2,172.06","2,197.04","2,152.68","82.20K","0.46%"
"07/11/2012","2,175.38","2,160.02","2,176.49","2,156.60","58.60K","0.51%"
"07/10/2012","2,164.44","2,166.95","2,178.20","2,156.73","59.00K","-0.29%"
"07/09/2012","2,170.81","2,210.71","2,216.70","2,168.61","75.20K","-2.37%"
"07/06/2012","2,223.58","2,203.73","2,227.47","2,185.52","76.60K","1.01%"
"07/05/2012","2,201.35","2,218.22","2,218.22","2,192.65","58.00K","-1.17%"
"07/04/2012","2,227.31","2,233.33","2,239.27","2,219.45","55.20K","-0.08%"
"07/03/2012","2,229.19","2,225.57","2,244.83","2,219.05","62.80K","0.14%"
"07/02/2012","2,226.11","2,234.32","2,234.87","2,215.36","62.20K","0.03%"
"06/29/2012","2,225.43","2,190.57","2,226.49","2,188.72","61.40K","1.35%"
"06/28/2012","2,195.84","2,220.24","2,224.16","2,195.35","54.20K","-0.95%"
"06/27/2012","2,216.93","2,219.94","2,233.54","2,213.32","51.00K","-0.23%"
"06/26/2012","2,222.07","2,214.65","2,229.24","2,203.94","53.00K","-0.09%"
"06/25/2012","2,224.11","2,253.51","2,253.51","2,223.05","59.80K","-1.63%"
"06/21/2012","2,260.88","2,288.45","2,288.45","2,253.79","59.00K","-1.40%"
"06/20/2012","2,292.88","2,300.41","2,304.46","2,291.54","54.20K","-0.34%"
"06/19/2012","2,300.79","2,313.46","2,313.46","2,298.39","60.20K","-0.66%"
"06/18/2012","2,316.05","2,313.53","2,325.05","2,309.71","60.60K","0.40%"
"06/15/2012","2,306.85","2,299.78","2,314.24","2,283.40","68.60K","0.47%"
"06/14/2012","2,295.95","2,306.78","2,314.58","2,293.06","71.60K","-0.99%"
"06/13/2012","2,318.92","2,289.71","2,319.71","2,284.65","78.40K","1.27%"
"06/12/2012","2,289.79","2,295.07","2,298.95","2,280.95","60.00K","-0.70%"
"06/11/2012","2,305.86","2,282.89","2,311.77","2,278.16","64.20K","1.07%"
"06/08/2012","2,281.45","2,306.22","2,306.88","2,276.71","68.00K","-0.51%"
"06/07/2012","2,293.13","2,324.67","2,328.67","2,288.67","60.20K","-0.71%"
"06/06/2012","2,309.55","2,315.56","2,323.11","2,301.03","58.60K","-0.10%"
"06/05/2012","2,311.92","2,313.74","2,323.30","2,304.05","66.00K","0.15%"
"06/04/2012","2,308.55","2,346.98","2,348.20","2,308.23","90.20K","-2.73%"
"06/01/2012","2,373.44","2,373.22","2,388.09","2,365.44","77.00K","0.05%"
"05/31/2012","2,372.23","2,370.01","2,382.99","2,362.31","77.80K","-0.52%"
"05/30/2012","2,384.67","2,385.39","2,391.69","2,378.13","89.80K","-0.21%"
"05/29/2012","2,389.64","2,361.00","2,393.28","2,358.37","117.20K","1.20%"
"05/28/2012","2,361.37","2,325.32","2,361.74","2,309.07","95.00K","1.19%"
"05/25/2012","2,333.55","2,350.54","2,355.81","2,327.41","74.00K","-0.74%"
"05/24/2012","2,350.97","2,359.68","2,373.06","2,344.58","79.20K","-0.53%"
"05/23/2012","2,363.44","2,369.26","2,378.08","2,350.55","84.20K","-0.42%"
"05/22/2012","2,373.31","2,355.73","2,374.06","2,354.87","76.80K","1.07%"
"05/21/2012","2,348.30","2,343.57","2,360.39","2,330.32","74.80K","0.16%"
"05/18/2012","2,344.52","2,364.90","2,369.60","2,338.24","89.60K","-1.44%"
"05/17/2012","2,378.89","2,347.18","2,383.31","2,342.35","86.80K","1.39%"
"05/16/2012","2,346.19","2,369.29","2,372.03","2,344.50","76.80K","-1.21%"
"05/15/2012","2,374.84","2,367.08","2,376.59","2,354.61","78.00K","-0.25%"
"05/14/2012","2,380.73","2,408.26","2,411.27","2,377.98","90.60K","-0.59%"
"05/11/2012","2,394.98","2,406.07","2,415.98","2,393.38","74.80K","-0.63%"
"05/10/2012","2,410.23","2,409.95","2,419.12","2,402.20","81.60K","0.07%"
"05/09/2012","2,408.59","2,432.47","2,432.47","2,407.51","98.00K","-1.65%"
"05/08/2012","2,448.88","2,451.57","2,451.60","2,431.02","104.80K","-0.13%"
"05/07/2012","2,451.95","2,441.76","2,451.95","2,432.74","108.80K","-0.00%"
"05/04/2012","2,452.01","2,437.47","2,453.73","2,427.97","102.20K","0.49%"
"05/03/2012","2,440.08","2,433.59","2,441.95","2,427.73","102.20K","0.07%"
"05/02/2012","2,438.44","2,421.08","2,446.35","2,407.79","128.00K","1.76%"
"04/27/2012","2,396.32","2,402.43","2,408.42","2,393.87","91.20K","-0.35%"
"04/26/2012","2,404.70","2,408.56","2,414.75","2,393.26","115.60K","-0.09%"
"04/25/2012","2,406.81","2,382.21","2,411.42","2,376.62","131.00K","0.75%"
"04/24/2012","2,388.83","2,380.24","2,415.75","2,350.40","133.80K","0.01%"
"04/23/2012","2,388.59","2,403.52","2,411.51","2,383.07","123.00K","-0.76%"
"04/20/2012","2,406.86","2,374.66","2,407.29","2,372.13","115.60K","1.19%"
"04/19/2012","2,378.63","2,378.63","2,386.98","2,369.46","94.20K","-0.09%"
"04/18/2012","2,380.85","2,341.14","2,383.64","2,337.86","108.60K","1.96%"
"04/17/2012","2,334.99","2,355.37","2,363.01","2,333.34","84.60K","-0.94%"
"04/16/2012","2,357.03","2,346.31","2,364.11","2,342.20","85.40K","-0.09%"
"04/13/2012","2,359.16","2,351.51","2,369.70","2,346.94","98.80K","0.35%"
"04/12/2012","2,350.86","2,310.48","2,351.05","2,307.84","97.60K","1.82%"
"04/11/2012","2,308.93","2,286.72","2,319.05","2,280.03","75.20K","0.13%"
"04/10/2012","2,305.86","2,281.02","2,306.39","2,258.85","67.40K","0.88%"
"04/09/2012","2,285.78","2,300.05","2,304.65","2,284.44","59.80K","-0.90%"
"04/06/2012","2,306.55","2,299.05","2,309.64","2,291.56","72.20K","0.19%"
"04/05/2012","2,302.24","2,258.03","2,303.82","2,251.39","80.20K","1.74%"
"03/30/2012","2,262.79","2,256.04","2,266.21","2,246.25","62.00K","0.47%"
"03/29/2012","2,252.16","2,276.74","2,280.96","2,242.34","74.20K","-1.43%"
"03/28/2012","2,284.88","2,341.00","2,341.42","2,281.43","83.60K","-2.65%"
"03/27/2012","2,347.18","2,358.54","2,363.77","2,344.30","60.80K","-0.15%"
"03/26/2012","2,350.60","2,349.09","2,358.00","2,339.14","55.40K","0.05%"
"03/23/2012","2,349.54","2,369.08","2,371.26","2,342.12","76.80K","-1.10%"
"03/22/2012","2,375.77","2,376.99","2,386.10","2,364.13","79.40K","-0.10%"
"03/21/2012","2,378.20","2,384.71","2,396.72","2,361.22","95.60K","0.06%"
"03/20/2012","2,376.84","2,407.54","2,407.54","2,376.03","98.00K","-1.38%"
"03/19/2012","2,410.18","2,401.22","2,412.34","2,383.67","102.20K","0.23%"
"03/16/2012","2,404.74","2,377.76","2,406.15","2,368.31","103.60K","1.30%"
"03/15/2012","2,373.77","2,388.06","2,403.74","2,366.02","120.00K","-0.73%"
"03/14/2012","2,391.23","2,464.92","2,476.22","2,382.84","179.80K","-2.63%"
"03/13/2012","2,455.79","2,432.84","2,457.22","2,428.61","104.60K","0.86%"
"03/12/2012","2,434.86","2,438.55","2,440.86","2,420.84","106.20K","-0.19%"
"03/09/2012","2,439.46","2,425.89","2,440.51","2,414.97","100.60K","0.79%"
"03/08/2012","2,420.28","2,401.10","2,426.70","2,401.10","96.80K","1.06%"
"03/07/2012","2,394.79","2,391.20","2,413.70","2,388.52","94.80K","-0.65%"
"03/06/2012","2,410.45","2,439.78","2,442.00","2,406.06","103.80K","-1.41%"
"03/05/2012","2,445.00","2,464.85","2,469.84","2,442.11","112.60K","-0.64%"
"03/02/2012","2,460.69","2,430.10","2,461.12","2,430.10","103.20K","1.43%"
"03/01/2012","2,426.11","2,418.79","2,437.87","2,418.33","75.00K","-0.10%"
"02/29/2012","2,428.49","2,446.23","2,453.07","2,426.33","95.60K","-0.95%"
"02/28/2012","2,451.86","2,440.91","2,458.65","2,431.83","118.40K","0.20%"
"02/27/2012","2,447.06","2,447.41","2,478.38","2,444.63","158.00K","0.30%"
"02/24/2012","2,439.63","2,410.88","2,439.98","2,405.27","135.00K","1.25%"
"02/23/2012","2,409.55","2,401.74","2,416.80","2,396.71","112.60K","0.25%"
"02/22/2012","2,403.59","2,380.50","2,404.44","2,374.03","118.60K","0.93%"
"02/21/2012","2,381.43","2,365.49","2,382.15","2,345.05","79.40K","0.75%"
"02/20/2012","2,363.60","2,383.69","2,388.01","2,362.01","89.00K","0.27%"
"02/17/2012","2,357.18","2,366.63","2,372.51","2,344.76","72.00K","0.01%"
"02/16/2012","2,356.86","2,363.90","2,373.80","2,342.07","95.00K","-0.42%"
"02/15/2012","2,366.70","2,340.46","2,374.28","2,335.10","98.80K","0.94%"
"02/14/2012","2,344.77","2,348.88","2,352.47","2,332.25","73.20K","-0.30%"
"02/13/2012","2,351.85","2,332.05","2,365.34","2,325.03","86.20K","-0.01%"
"02/10/2012","2,351.98","2,342.01","2,368.98","2,339.89","96.60K","0.10%"
"02/09/2012","2,349.59","2,344.22","2,363.61","2,333.94","98.00K","0.09%"
"02/08/2012","2,347.53","2,291.81","2,350.97","2,286.82","87.20K","2.43%"
"02/07/2012","2,291.90","2,319.42","2,319.71","2,278.82","67.40K","-1.68%"
"02/06/2012","2,331.14","2,334.25","2,341.57","2,317.42","75.80K","0.03%"
"02/03/2012","2,330.41","2,306.66","2,336.27","2,300.98","79.00K","0.77%"
"02/02/2012","2,312.56","2,273.85","2,312.56","2,268.69","63.40K","1.96%"
"02/01/2012","2,268.08","2,288.07","2,305.86","2,263.34","53.60K","-1.07%"
"01/31/2012","2,292.61","2,285.95","2,296.39","2,277.06","48.80K","0.33%"
"01/30/2012","2,285.04","2,324.49","2,324.49","2,284.29","58.40K","-1.47%"
"01/20/2012","2,319.12","2,300.50","2,322.89","2,293.89","70.00K","1.00%"
"01/19/2012","2,296.07","2,266.08","2,305.71","2,259.34","72.40K","1.31%"
"01/18/2012","2,266.38","2,298.83","2,311.58","2,257.90","90.00K","-1.39%"
"01/17/2012","2,298.38","2,206.53","2,298.38","2,196.12","87.80K","4.18%"
"01/16/2012","2,206.19","2,230.43","2,241.26","2,206.04","45.80K","-1.71%"
"01/13/2012","2,244.58","2,277.08","2,281.53","2,225.74","71.40K","-1.34%"
"01/12/2012","2,275.01","2,268.74","2,295.22","2,265.26","71.60K","-0.05%"
"01/11/2012","2,276.05","2,282.91","2,290.64","2,265.19","84.40K","-0.42%"
"01/10/2012","2,285.74","2,221.83","2,288.63","2,218.27","109.60K","2.69%"
"01/09/2012","2,225.89","2,164.74","2,226.22","2,148.45","76.80K","2.89%"
"01/06/2012","2,163.40","2,148.15","2,164.32","2,132.63","50.60K","0.70%"
"01/05/2012","2,148.45","2,160.90","2,183.40","2,145.56","58.80K","-0.97%"
"01/04/2012","2,169.39","2,212.00","2,217.52","2,168.64","49.20K","-1.37%"
"12/30/2011","2,199.42","2,177.52","2,200.99","2,177.52","52.00K","1.19%"
"12/29/2011","2,173.56","2,161.18","2,181.96","2,157.11","44.80K","0.16%"
"12/28/2011","2,170.01","2,157.65","2,170.67","2,134.02","49.60K","0.18%"
"12/27/2011","2,166.21","2,186.71","2,196.97","2,162.72","45.80K","-1.09%"
"12/26/2011","2,190.11","2,193.66","2,213.45","2,186.07","43.60K","-0.67%"
"12/23/2011","2,204.78","2,183.91","2,219.79","2,178.14","52.40K","0.85%"
"12/22/2011","2,186.30","2,178.57","2,201.59","2,149.42","59.00K","-0.22%"
"12/21/2011","2,191.15","2,230.18","2,237.47","2,188.71","50.80K","-1.12%"
"12/20/2011","2,215.93","2,209.70","2,239.86","2,206.52","52.80K","-0.10%"
"12/19/2011","2,218.24","2,208.07","2,221.45","2,164.89","57.80K","-0.30%"
"12/16/2011","2,224.84","2,179.51","2,225.54","2,170.75","57.20K","2.01%"
"12/15/2011","2,180.90","2,215.79","2,216.91","2,179.47","56.80K","-2.14%"
"12/14/2011","2,228.52","2,241.39","2,256.74","2,224.73","44.00K","-0.89%"
"12/13/2011","2,248.59","2,283.22","2,285.81","2,245.87","58.60K","-1.87%"
"12/12/2011","2,291.54","2,312.15","2,315.81","2,290.26","39.60K","-1.02%"
"12/09/2011","2,315.27","2,315.51","2,331.26","2,309.46","40.00K","-0.62%"
"12/08/2011","2,329.82","2,329.91","2,346.65","2,302.64","51.40K","-0.12%"
"12/07/2011","2,332.73","2,325.56","2,339.85","2,317.81","41.60K","0.29%"
"12/06/2011","2,325.91","2,326.66","2,331.89","2,310.16","46.00K","-0.31%"
"12/05/2011","2,333.23","2,363.11","2,363.13","2,327.61","52.20K","-1.16%"
"12/02/2011","2,360.66","2,374.90","2,378.30","2,344.85","59.80K","-1.10%"
"12/01/2011","2,386.86","2,392.49","2,423.56","2,376.92","98.60K","2.29%"
"11/30/2011","2,333.41","2,406.33","2,407.33","2,319.44","76.60K","-3.27%"
"11/29/2011","2,412.39","2,398.99","2,413.33","2,388.20","55.20K","1.23%"
"11/28/2011","2,383.03","2,383.89","2,396.83","2,372.16","46.00K","0.12%"
"11/25/2011","2,380.22","2,393.33","2,403.94","2,372.62","45.40K","-0.72%"
"11/24/2011","2,397.55","2,379.15","2,409.72","2,370.70","52.20K","0.10%"
"11/23/2011","2,395.06","2,415.20","2,418.56","2,390.65","50.60K","-0.73%"
"11/22/2011","2,412.62","2,400.98","2,414.85","2,387.83","51.40K","-0.10%"
"11/21/2011","2,415.13","2,416.73","2,419.24","2,396.09","50.20K","-0.06%"
"11/18/2011","2,416.56","2,448.39","2,448.51","2,411.04","72.20K","-1.89%"
"11/17/2011","2,463.05","2,467.70","2,482.53","2,459.17","66.40K","-0.16%"
"11/16/2011","2,466.96","2,529.07","2,529.46","2,456.86","93.40K","-2.48%"
"11/15/2011","2,529.76","2,525.95","2,534.06","2,518.70","79.20K","0.04%"
"11/14/2011","2,528.71","2,498.67","2,529.63","2,496.33","81.20K","1.92%"
"11/11/2011","2,481.08","2,483.96","2,496.53","2,472.76","66.20K","0.06%"
"11/10/2011","2,479.54","2,498.59","2,507.45","2,478.14","87.20K","-1.80%"
"11/09/2011","2,524.92","2,512.59","2,527.70","2,489.02","78.20K","0.84%"
"11/08/2011","2,503.84","2,514.26","2,524.82","2,500.02","78.60K","-0.24%"
"11/07/2011","2,509.80","2,518.90","2,536.18","2,507.61","78.80K","-0.73%"
"11/04/2011","2,528.29","2,525.24","2,536.78","2,512.90","101.80K","0.81%"
"11/03/2011","2,508.09","2,510.84","2,535.24","2,507.30","136.60K","0.16%"
"11/02/2011","2,504.11","2,437.87","2,505.12","2,433.72","105.40K","1.38%"
"11/01/2011","2,470.02","2,450.33","2,491.35","2,445.53","88.80K","0.07%"
"10/31/2011","2,468.25","2,470.25","2,478.31","2,455.21","84.20K","-0.21%"
"10/28/2011","2,473.41","2,462.08","2,483.76","2,456.18","110.00K","1.55%"
"10/27/2011","2,435.61","2,432.47","2,449.70","2,426.31","82.40K","0.33%"
"10/26/2011","2,427.48","2,398.19","2,448.98","2,394.73","107.40K","0.74%"
"10/25/2011","2,409.67","2,366.40","2,414.05","2,357.39","90.80K","1.66%"
"10/24/2011","2,370.33","2,322.02","2,371.09","2,307.15","70.80K","2.29%"
"10/21/2011","2,317.27","2,330.51","2,340.31","2,313.78","48.40K","-0.60%"
"10/20/2011","2,331.37","2,365.91","2,368.64","2,315.90","65.40K","-1.94%"
"10/19/2011","2,377.51","2,387.83","2,401.69","2,374.42","58.60K","-0.25%"
"10/18/2011","2,383.49","2,423.28","2,425.65","2,378.67","79.60K","-2.33%"
"10/17/2011","2,440.40","2,434.49","2,452.99","2,424.73","58.20K","0.37%"
"10/14/2011","2,431.38","2,429.89","2,437.59","2,409.29","60.60K","-0.30%"
"10/13/2011","2,438.79","2,412.83","2,439.64","2,406.28","87.80K","0.78%"
"10/12/2011","2,420.00","2,335.49","2,421.69","2,318.63","91.60K","3.04%"
"10/11/2011","2,348.52","2,401.74","2,412.38","2,323.41","64.00K","0.16%"
"10/10/2011","2,344.79","2,363.08","2,368.15","2,338.69","41.80K","-0.61%"
"09/30/2011","2,359.22","2,368.40","2,377.54","2,348.22","48.80K","-0.26%"
"09/29/2011","2,365.34","2,378.42","2,387.54","2,358.57","59.20K","-1.12%"
"09/28/2011","2,392.06","2,427.29","2,430.27","2,383.40","55.80K","-0.95%"
"09/27/2011","2,415.05","2,410.99","2,423.91","2,395.16","55.20K","0.91%"
"09/26/2011","2,393.18","2,416.23","2,441.73","2,384.64","57.40K","-1.64%"
"09/23/2011","2,433.16","2,411.83","2,440.75","2,400.14","67.40K","-0.41%"
"09/22/2011","2,443.06","2,491.21","2,499.98","2,442.46","74.60K","-2.78%"
"09/21/2011","2,512.96","2,450.11","2,517.67","2,438.85","86.60K","2.66%"
"09/20/2011","2,447.75","2,433.72","2,460.03","2,426.70","46.20K","0.41%"
"09/19/2011","2,437.79","2,469.60","2,469.60","2,437.17","48.80K","-1.79%"
"09/16/2011","2,482.34","2,490.18","2,499.48","2,475.76","48.00K","0.13%"
"09/15/2011","2,479.05","2,482.86","2,496.57","2,477.65","56.00K","-0.23%"
"09/14/2011","2,484.83","2,478.59","2,485.93","2,439.37","54.00K","0.55%"
"09/13/2011","2,471.30","2,467.73","2,477.08","2,453.80","50.00K","-1.06%"
"09/09/2011","2,497.75","2,506.97","2,528.42","2,487.15","51.20K","-0.05%"
"09/08/2011","2,498.94","2,523.96","2,524.38","2,498.11","55.20K","-0.68%"
"09/07/2011","2,516.09","2,480.94","2,516.75","2,475.22","59.60K","1.84%"
"09/06/2011","2,470.52","2,465.56","2,482.24","2,459.54","49.20K","-0.33%"
"09/05/2011","2,478.74","2,510.10","2,510.10","2,478.20","55.00K","-1.96%"
"09/02/2011","2,528.28","2,551.56","2,557.31","2,517.62","54.40K","-1.09%"
"09/01/2011","2,556.04","2,569.80","2,584.80","2,547.85","57.20K","-0.44%"
"08/31/2011","2,567.34","2,566.53","2,574.42","2,545.10","59.20K","0.03%"
"08/30/2011","2,566.59","2,592.60","2,615.14","2,563.69","76.00K","-0.38%"
"08/29/2011","2,576.41","2,595.47","2,595.47","2,570.84","73.60K","-1.37%"
"08/26/2011","2,612.19","2,602.21","2,616.64","2,593.24","77.80K","-0.12%"
"08/25/2011","2,615.26","2,546.40","2,616.30","2,545.05","104.60K","2.92%"
"08/24/2011","2,541.09","2,562.41","2,569.28","2,536.26","65.40K","-0.51%"
"08/23/2011","2,554.02","2,524.88","2,554.18","2,514.95","61.00K","1.52%"
"08/22/2011","2,515.86","2,534.57","2,553.42","2,507.78","61.20K","-0.73%"
"08/19/2011","2,534.36","2,519.65","2,538.27","2,513.75","70.60K","-0.98%"
"08/18/2011","2,559.47","2,601.99","2,603.49","2,556.86","71.00K","-1.61%"
"08/17/2011","2,601.26","2,603.96","2,617.17","2,596.04","70.20K","-0.26%"
"08/16/2011","2,608.17","2,627.85","2,636.36","2,601.50","85.20K","-0.71%"
"08/15/2011","2,626.77","2,598.14","2,627.10","2,584.41","88.60K","1.30%"
"08/12/2011","2,593.17","2,593.40","2,605.45","2,585.85","97.20K","0.45%"
"08/11/2011","2,581.51","2,508.86","2,582.16","2,505.01","95.60K","1.27%"
"08/10/2011","2,549.18","2,562.39","2,579.16","2,544.95","100.40K","0.91%"
"08/09/2011","2,526.07","2,468.03","2,537.41","2,437.68","103.80K","-0.03%"
"08/08/2011","2,526.82","2,599.29","2,614.19","2,497.92","110.40K","-3.79%"
"08/05/2011","2,626.42","2,620.28","2,644.58","2,605.14","78.60K","-2.15%"
"08/04/2011","2,684.04","2,683.19","2,698.81","2,675.53","58.80K","0.21%"
"08/03/2011","2,678.49","2,659.12","2,688.06","2,654.36","64.00K","-0.03%"
"08/02/2011","2,679.26","2,689.97","2,689.97","2,651.28","70.00K","-0.91%"
"08/01/2011","2,703.78","2,697.57","2,712.89","2,688.53","59.00K","0.08%"
"07/29/2011","2,701.73","2,706.50","2,721.53","2,681.27","75.40K","-0.26%"
"07/28/2011","2,708.78","2,701.77","2,712.09","2,684.66","78.40K","-0.54%"
"07/27/2011","2,723.49","2,690.14","2,726.80","2,680.43","80.40K","0.76%"
"07/26/2011","2,703.03","2,685.75","2,704.94","2,677.12","72.80K","0.53%"
"07/25/2011","2,688.75","2,759.63","2,759.63","2,680.75","111.20K","-2.96%"
"07/22/2011","2,770.79","2,769.86","2,782.17","2,763.80","70.20K","0.18%"
"07/21/2011","2,765.89","2,795.90","2,799.85","2,763.42","81.80K","-1.01%"
"07/20/2011","2,794.21","2,810.44","2,817.28","2,779.38","84.00K","-0.10%"
"07/19/2011","2,796.98","2,804.92","2,809.31","2,790.69","92.80K","-0.70%"
"07/18/2011","2,816.69","2,821.36","2,826.96","2,807.11","108.20K","-0.12%"
"07/15/2011","2,820.17","2,803.58","2,821.34","2,794.16","107.40K","0.35%"
"07/14/2011","2,810.44","2,798.21","2,811.70","2,788.98","104.60K","0.54%"
"07/13/2011","2,795.48","2,756.03","2,797.27","2,756.03","92.00K","1.48%"
"07/12/2011","2,754.58","2,783.72","2,783.72","2,752.19","96.60K","-1.72%"
"07/11/2011","2,802.69","2,789.45","2,807.32","2,780.67","86.00K","0.18%"
"07/08/2011","2,797.77","2,797.03","2,807.38","2,784.12","86.20K","0.13%"
"07/07/2011","2,794.27","2,813.19","2,825.12","2,793.89","116.60K","-0.58%"
"07/06/2011","2,810.48","2,811.81","2,811.81","2,780.73","103.20K","-0.21%"
"07/05/2011","2,816.35","2,812.72","2,818.14","2,799.11","110.20K","0.13%"
"07/04/2011","2,812.82","2,770.94","2,813.27","2,770.94","122.00K","1.94%"
"07/01/2011","2,759.36","2,767.83","2,778.67","2,752.97","92.00K","-0.10%"
"06/30/2011","2,762.08","2,729.99","2,774.36","2,729.99","91.00K","1.23%"
"06/29/2011","2,728.48","2,757.40","2,759.23","2,727.25","88.20K","-1.11%"
"06/28/2011","2,759.20","2,759.71","2,763.28","2,736.40","88.20K","0.04%"
"06/27/2011","2,758.23","2,746.79","2,769.04","2,743.50","101.60K","0.44%"
"06/24/2011","2,746.21","2,678.05","2,759.71","2,674.30","125.80K","2.16%"
"06/23/2011","2,688.25","2,640.66","2,693.42","2,630.34","73.80K","1.47%"
"06/22/2011","2,649.32","2,648.53","2,657.73","2,633.47","58.40K","0.11%"
"06/21/2011","2,646.48","2,628.02","2,648.02","2,618.81","64.80K","0.96%"
"06/20/2011","2,621.25","2,635.83","2,637.88","2,610.99","60.00K","-0.82%"
"06/17/2011","2,642.82","2,661.41","2,675.03","2,641.39","64.40K","-0.81%"
"06/16/2011","2,664.28","2,685.63","2,691.94","2,663.12","71.00K","-1.52%"
"06/15/2011","2,705.43","2,717.68","2,730.48","2,705.07","74.80K","-0.90%"
"06/14/2011","2,730.04","2,696.22","2,735.55","2,691.67","83.00K","1.10%"
"06/13/2011","2,700.38","2,687.65","2,703.42","2,669.40","63.00K","-0.18%"
"06/10/2011","2,705.14","2,696.13","2,707.74","2,672.32","73.40K","0.07%"
"06/09/2011","2,703.34","2,743.54","2,747.33","2,702.70","83.40K","-1.71%"
"06/08/2011","2,750.29","2,742.04","2,754.12","2,715.25","74.20K","0.22%"
"06/07/2011","2,744.30","2,720.97","2,745.77","2,717.31","65.00K","0.60%"
"06/03/2011","2,728.02","2,701.77","2,732.43","2,701.25","68.00K","0.84%"
"06/02/2011","2,705.18","2,715.32","2,728.00","2,676.54","86.00K","-1.40%"
"06/01/2011","2,743.57","2,737.06","2,744.56","2,726.50","68.60K","0.00%"
"05/31/2011","2,743.47","2,707.56","2,744.93","2,702.09","68.00K","1.37%"
"05/30/2011","2,706.36","2,704.49","2,728.06","2,689.21","65.20K","-0.13%"
"05/27/2011","2,709.95","2,739.39","2,746.84","2,708.55","82.60K","-0.97%"
"05/26/2011","2,736.53","2,755.39","2,764.89","2,734.54","78.80K","-0.19%"
"05/25/2011","2,741.74","2,764.56","2,771.18","2,737.33","74.40K","-0.92%"
"05/24/2011","2,767.06","2,766.06","2,771.75","2,744.78","74.80K","-0.27%"
"05/23/2011","2,774.57","2,853.29","2,853.29","2,771.12","98.60K","-2.93%"
"05/20/2011","2,858.46","2,858.31","2,866.76","2,850.45","70.80K","-0.04%"
"05/19/2011","2,859.57","2,879.39","2,884.14","2,856.83","77.00K","-0.46%"
"05/18/2011","2,872.77","2,846.73","2,877.43","2,843.68","76.80K","0.70%"
"05/17/2011","2,852.77","2,846.45","2,869.23","2,821.20","94.80K","0.13%"
"05/16/2011","2,849.07","2,864.38","2,877.09","2,846.31","84.60K","-0.76%"
"05/13/2011","2,871.03","2,846.31","2,871.99","2,832.25","9.32B","0.95%"
"05/12/2011","2,844.08","2,864.98","2,876.45","2,843.10","10.02B","-1.36%"
"05/11/2011","2,883.42","2,890.35","2,897.14","2,868.35","9.25B","-0.25%"
"05/10/2011","2,890.63","2,876.98","2,891.03","2,865.10","8.13B","0.63%"
"05/09/2011","2,872.46","2,868.24","2,885.18","2,861.42","8.16B","0.30%"
"05/06/2011","2,863.89","2,842.76","2,881.71","2,834.46","9.11B","-0.30%"
"05/05/2011","2,872.40","2,854.77","2,880.12","2,849.91","9.11B","0.22%"
"05/04/2011","2,866.02","2,916.84","2,916.97","2,860.07","11.15B","-2.26%"
"05/03/2011","2,932.19","2,911.51","2,933.46","2,890.22","9.64B","0.71%"
"04/29/2011","2,911.51","2,886.63","2,913.56","2,871.01","8.75B","0.85%"
"04/28/2011","2,887.04","2,937.95","2,953.19","2,884.84","10.52B","-1.31%"
"04/27/2011","2,925.41","2,946.33","2,961.13","2,907.66","10.55B","-0.46%"
"04/26/2011","2,938.98","2,956.95","2,970.28","2,931.50","9.52B","-0.88%"
"04/25/2011","2,964.95","3,003.03","3,003.61","2,964.64","11.73B","-1.51%"
"04/22/2011","3,010.52","3,025.70","3,032.97","3,004.46","11.85B","-0.53%"
"04/21/2011","3,026.67","3,021.77","3,035.47","3,012.54","12.15B","0.65%"
"04/20/2011","3,007.04","3,005.97","3,019.12","2,992.67","11.97B","0.27%"
"04/19/2011","2,999.04","3,038.81","3,038.81","2,996.22","14.19B","-1.91%"
"04/18/2011","3,057.33","3,040.53","3,067.46","3,037.19","13.75B","0.22%"
"04/15/2011","3,050.53","3,036.34","3,062.53","3,020.16","12.85B","0.26%"
"04/14/2011","3,042.64","3,049.67","3,058.24","3,036.73","12.95B","-0.25%"
"04/13/2011","3,050.40","3,006.83","3,050.40","2,994.47","12.82B","0.96%"
"04/12/2011","3,021.37","3,012.79","3,039.12","3,003.45","14.60B","-0.05%"
"04/11/2011","3,022.75","3,037.91","3,059.57","3,019.89","14.72B","-0.24%"
"04/08/2011","3,030.02","3,005.37","3,031.10","2,998.34","11.43B","0.74%"
"04/07/2011","3,007.91","3,003.20","3,012.29","2,990.31","12.47B","0.22%"
"04/06/2011","3,001.36","2,964.21","3,005.24","2,963.90","14.17B","1.14%"
"04/01/2011","2,967.41","2,932.48","2,967.85","2,924.39","9.98B","1.34%"
"03/31/2011","2,928.11","2,954.65","2,961.63","2,914.38","10.89B","-0.94%"
"03/30/2011","2,955.77","2,955.45","2,968.18","2,935.75","12.65B","-0.08%"
"03/29/2011","2,958.08","2,979.86","2,994.17","2,953.54","16.85B","-0.87%"
"03/28/2011","2,984.01","2,985.36","3,005.78","2,979.20","15.60B","0.21%"
"03/25/2011","2,977.81","2,948.54","2,985.08","2,946.70","13.64B","1.06%"
"03/24/2011","2,946.71","2,949.85","2,958.66","2,942.13","10.90B","-0.06%"
"03/23/2011","2,948.48","2,919.02","2,950.42","2,911.63","11.26B","1.01%"
"03/22/2011","2,919.14","2,917.69","2,923.39","2,884.75","9.51B","0.34%"
"03/21/2011","2,909.14","2,913.91","2,927.07","2,895.15","9.68B","0.08%"
"03/18/2011","2,906.89","2,920.81","2,930.61","2,900.87","10.06B","0.33%"
"03/17/2011","2,897.30","2,906.95","2,935.62","2,885.65","13.78B","-1.14%"
"03/16/2011","2,930.80","2,894.25","2,934.02","2,894.25","13.08B","1.19%"
"03/15/2011","2,896.26","2,927.98","2,927.98","2,850.94","15.50B","-1.41%"
"03/14/2011","2,937.63","2,923.98","2,939.65","2,914.46","11.69B","0.13%"
"03/11/2011","2,933.80","2,942.42","2,966.98","2,927.68","11.60B","-0.79%"
"03/10/2011","2,957.14","2,995.77","2,995.77","2,954.37","12.38B","-1.50%"
"03/09/2011","3,002.15","3,002.55","3,012.04","2,989.34","12.48B","0.07%"
"03/08/2011","2,999.94","2,996.73","3,001.62","2,976.60","12.67B","0.12%"
"03/07/2011","2,996.21","2,952.72","3,000.43","2,952.72","16.01B","1.83%"
"03/04/2011","2,942.31","2,902.19","2,944.46","2,898.08","11.83B","1.35%"
"03/03/2011","2,902.98","2,918.73","2,937.56","2,900.76","15.05B","-0.37%"
"03/02/2011","2,913.81","2,905.51","2,924.96","2,883.57","13.34B","-0.18%"
"03/01/2011","2,918.92","2,906.28","2,931.58","2,901.55","13.66B","0.48%"
"02/28/2011","2,905.05","2,880.17","2,906.17","2,861.82","11.87B","0.92%"
"02/25/2011","2,878.57","2,876.78","2,890.32","2,848.65","10.01B","-0.00%"
"02/24/2011","2,878.60","2,861.39","2,881.54","2,854.56","10.98B","0.56%"
"02/23/2011","2,862.63","2,844.99","2,868.48","2,839.20","11.11B","0.25%"
"02/22/2011","2,855.52","2,941.32","2,944.41","2,851.62","15.30B","-2.62%"
"02/21/2011","2,932.25","2,886.54","2,932.82","2,884.19","11.89B","1.12%"
"02/18/2011","2,899.79","2,924.23","2,924.23","2,890.26","11.38B","-0.93%"
"02/17/2011","2,926.96","2,929.26","2,939.28","2,905.03","13.04B","0.10%"
"02/16/2011","2,923.90","2,893.68","2,924.19","2,882.55","12.78B","0.85%"
"02/15/2011","2,899.24","2,900.43","2,934.47","2,892.64","15.24B","0.00%"
"02/14/2011","2,899.13","2,828.57","2,906.26","2,828.57","15.42B","2.54%"
"02/11/2011","2,827.33","2,815.12","2,835.41","2,807.61","10.78B","0.33%"
"02/10/2011","2,818.16","2,769.65","2,819.06","2,760.18","9.79B","1.59%"
"02/09/2011","2,774.07","2,778.70","2,804.21","2,764.87","8.73B","-0.89%"
"02/01/2011","2,798.96","2,795.07","2,805.05","2,785.30","7.34B","0.30%"
"01/31/2011","2,790.69","2,751.53","2,790.92","2,748.54","9.15B","1.38%"
"01/28/2011","2,752.75","2,741.31","2,759.44","2,733.29","8.54B","0.13%"
"01/27/2011","2,749.15","2,690.82","2,753.00","2,677.21","10.56B","1.49%"
"01/26/2011","2,708.81","2,677.17","2,710.74","2,676.77","6.08B","1.17%"
"01/25/2011","2,677.43","2,691.69","2,701.04","2,661.45","6.95B","-0.68%"
"01/24/2011","2,695.72","2,716.52","2,736.11","2,690.65","8.79B","-0.72%"
"01/21/2011","2,715.29","2,668.68","2,746.18","2,667.29","9.56B","1.41%"
"01/20/2011","2,677.65","2,752.80","2,752.80","2,676.13","8.60B","-2.92%"
"01/19/2011","2,758.10","2,707.82","2,759.60","2,700.81","7.85B","1.81%"
"01/18/2011","2,708.98","2,696.15","2,715.41","2,683.37","6.04B","0.09%"
"01/17/2011","2,706.66","2,772.45","2,780.94","2,698.78","9.25B","-3.03%"
"01/14/2011","2,791.34","2,817.05","2,817.05","2,780.44","7.68B","-1.29%"
"01/13/2011","2,827.71","2,830.53","2,837.53","2,810.87","7.49B","0.23%"
"01/12/2011","2,821.31","2,811.79","2,828.47","2,788.13","7.92B","0.62%"
"01/11/2011","2,804.05","2,783.48","2,810.76","2,770.34","8.06B","0.44%"
"01/10/2011","2,791.81","2,832.62","2,847.36","2,786.86","9.08B","-1.66%"
"01/07/2011","2,838.80","2,820.66","2,868.01","2,807.87","11.31B","0.52%"
"01/06/2011","2,824.20","2,838.43","2,853.88","2,816.95","8.47B","-0.51%"
"01/05/2011","2,838.59","2,833.12","2,850.49","2,824.30","10.44B","-0.49%"
"01/04/2011","2,852.65","2,825.33","2,855.40","2,810.11","11.01B","1.59%"
"12/31/2010","2,808.08","2,759.16","2,808.93","2,758.13","8.34B","1.76%"
"12/30/2010","2,759.58","2,751.97","2,768.13","2,724.54","7.32B","0.29%"
"12/29/2010","2,751.53","2,735.48","2,753.03","2,721.48","6.39B","0.68%"
"12/28/2010","2,732.99","2,768.03","2,775.15","2,730.41","8.43B","-1.74%"
"12/27/2010","2,781.40","2,842.81","2,876.81","2,774.54","9.78B","-1.90%"
"12/24/2010","2,835.16","2,841.35","2,853.49","2,813.50","8.12B","-0.70%"
"12/23/2010","2,855.22","2,874.20","2,893.71","2,849.84","8.90B","-0.79%"
"12/22/2010","2,877.90","2,910.73","2,917.20","2,867.05","9.83B","-0.90%"
"12/21/2010","2,904.11","2,857.59","2,908.17","2,846.63","10.68B","1.79%"
"12/20/2010","2,852.92","2,901.47","2,911.56","2,804.56","11.38B","-1.41%"
"12/17/2010","2,893.74","2,896.77","2,898.81","2,881.00","7.37B","-0.15%"
"12/16/2010","2,898.14","2,908.87","2,921.27","2,891.86","8.76B","-0.46%"
"12/15/2010","2,911.41","2,927.26","2,939.05","2,905.65","10.95B","-0.54%"
"12/14/2010","2,927.08","2,928.30","2,933.41","2,912.42","12.09B","0.14%"
"12/13/2010","2,922.95","2,850.33","2,923.77","2,847.66","12.89B","2.88%"
"12/10/2010","2,841.04","2,798.74","2,850.42","2,792.52","8.05B","1.07%"
"12/09/2010","2,810.95","2,837.61","2,854.70","2,808.51","9.46B","-1.32%"
"12/08/2010","2,848.55","2,868.73","2,880.56","2,843.94","8.67B","-0.95%"
"12/07/2010","2,875.86","2,843.77","2,884.53","2,809.11","8.68B","0.65%"
"12/06/2010","2,857.18","2,850.38","2,871.41","2,831.70","8.98B","0.52%"
"12/03/2010","2,842.43","2,846.72","2,853.40","2,822.74","8.35B","-0.04%"
"12/02/2010","2,843.61","2,860.46","2,870.81","2,841.47","10.42B","0.71%"
"12/01/2010","2,823.45","2,810.54","2,834.20","2,795.81","8.13B","0.12%"
"11/30/2010","2,820.18","2,863.41","2,881.16","2,758.92","13.93B","-1.61%"
"11/29/2010","2,866.36","2,861.15","2,878.83","2,841.80","10.25B","-0.19%"
"11/26/2010","2,871.70","2,890.29","2,894.42","2,851.96","11.09B","-0.92%"
"11/25/2010","2,898.26","2,875.86","2,901.67","2,856.96","13.16B","1.34%"
"11/24/2010","2,859.94","2,794.86","2,861.48","2,794.86","11.62B","1.12%"
"11/23/2010","2,828.28","2,872.17","2,872.17","2,791.58","11.63B","-1.94%"
"11/22/2010","2,884.37","2,861.61","2,904.97","2,852.77","12.71B","-0.15%"
"11/19/2010","2,888.57","2,879.65","2,888.75","2,806.64","12.38B","0.81%"
"11/18/2010","2,865.45","2,855.61","2,873.70","2,827.18","10.22B","0.94%"
"11/17/2010","2,838.86","2,852.48","2,891.05","2,824.12","12.38B","-1.92%"
"11/16/2010","2,894.54","3,007.64","3,007.64","2,885.75","17.11B","-3.98%"
"11/15/2010","3,014.41","2,984.87","3,016.13","2,939.68","15.32B","0.97%"
"11/12/2010","2,985.43","3,121.92","3,150.15","2,975.16","23.31B","-5.16%"
"11/11/2010","3,147.74","3,108.51","3,186.72","3,102.77","21.03B","1.04%"
"11/10/2010","3,115.36","3,120.44","3,124.26","3,093.88","18.51B","-0.63%"
"11/09/2010","3,135.00","3,159.02","3,159.02","3,110.34","19.25B","-0.78%"
"11/08/2010","3,159.51","3,140.40","3,160.70","3,124.09","20.54B","0.96%"
"11/05/2010","3,129.50","3,129.87","3,142.59","3,105.92","21.20B","1.38%"
"11/04/2010","3,086.94","3,035.37","3,087.42","3,035.37","17.69B","1.85%"
"11/03/2010","3,030.99","3,044.02","3,069.07","3,017.10","18.98B","-0.47%"
"11/02/2010","3,045.43","3,061.63","3,089.57","3,029.32","22.49B","-0.28%"
"11/01/2010","3,054.02","2,986.89","3,054.05","2,986.89","18.62B","2.52%"
"10/29/2010","2,978.83","2,993.30","2,996.77","2,955.48","14.71B","-0.46%"
"10/28/2010","2,992.58","2,989.29","3,007.01","2,969.30","14.35B","-0.15%"
"10/27/2010","2,997.05","3,031.65","3,056.40","2,988.87","17.63B","-1.46%"
"10/26/2010","3,041.54","3,065.84","3,073.38","3,017.82","19.88B","-0.32%"
"10/25/2010","3,051.42","2,979.71","3,051.54","2,959.30","19.21B","2.57%"
"10/22/2010","2,975.04","2,976.75","2,997.62","2,954.62","14.71B","-0.28%"
"10/21/2010","2,983.53","3,009.22","3,018.24","2,958.55","16.14B","-0.68%"
"10/20/2010","3,003.95","2,947.51","3,041.15","2,942.50","20.78B","0.07%"
"10/19/2010","3,001.85","2,949.63","3,002.37","2,931.91","17.07B","1.58%"
"10/18/2010","2,955.23","2,985.46","3,026.10","2,944.71","26.33B","-0.54%"
"10/15/2010","2,971.16","2,863.74","2,971.16","2,858.22","23.66B","3.18%"
"10/14/2010","2,879.64","2,881.55","2,919.41","2,864.52","22.95B","0.64%"
"10/13/2010","2,861.36","2,842.14","2,862.03","2,826.22","18.53B","0.70%"
"10/12/2010","2,841.41","2,795.76","2,843.43","2,782.34","16.74B","1.23%"
"10/11/2010","2,806.94","2,755.03","2,823.60","2,755.03","20.75B","2.49%"
"10/08/2010","2,738.74","2,681.25","2,747.80","2,677.99","13.58B","3.13%"
"09/30/2010","2,655.66","2,599.71","2,656.00","2,597.60","8.96B","1.72%"
"09/29/2010","2,610.68","2,608.92","2,634.12","2,603.93","8.86B","-0.03%"
"09/28/2010","2,611.35","2,625.33","2,625.33","2,607.02","9.31B","-0.63%"
"09/27/2010","2,627.97","2,600.54","2,629.05","2,597.14","7.68B","1.41%"
"09/21/2010","2,591.55","2,593.76","2,601.10","2,580.18","5.81B","0.11%"
"09/20/2010","2,588.71","2,601.48","2,607.35","2,573.63","7.95B","-0.38%"
"09/17/2010","2,598.69","2,607.55","2,615.08","2,592.53","8.32B","-0.15%"
"09/16/2010","2,602.47","2,646.92","2,653.27","2,583.34","11.90B","-1.89%"
"09/15/2010","2,652.50","2,688.39","2,688.49","2,645.86","12.20B","-1.34%"
"09/14/2010","2,688.52","2,694.07","2,703.78","2,678.97","12.07B","0.01%"
"09/13/2010","2,688.32","2,665.66","2,696.67","2,660.61","11.79B","0.94%"
"09/10/2010","2,663.21","2,657.24","2,667.84","2,628.83","11.30B","0.26%"
"09/09/2010","2,656.35","2,698.64","2,698.64","2,651.60","13.30B","-1.44%"
"09/08/2010","2,695.29","2,687.71","2,695.84","2,674.32","11.35B","-0.11%"
"09/07/2010","2,698.36","2,698.22","2,704.93","2,679.02","11.22B","0.08%"
"09/06/2010","2,696.25","2,667.20","2,698.60","2,664.24","14.42B","1.54%"
"09/03/2010","2,655.39","2,658.13","2,660.54","2,631.85","12.95B","-0.01%"
"09/02/2010","2,655.78","2,646.89","2,659.98","2,636.42","12.41B","1.25%"
"09/01/2010","2,622.88","2,641.05","2,662.88","2,604.49","12.72B","-0.60%"
"08/31/2010","2,638.80","2,644.79","2,647.25","2,626.79","11.09B","-0.52%"
"08/30/2010","2,652.66","2,622.27","2,656.36","2,620.19","11.05B","1.61%"
"08/27/2010","2,610.74","2,602.50","2,613.49","2,588.64","7.05B","0.28%"
"08/26/2010","2,603.48","2,604.88","2,616.96","2,590.61","8.03B","0.27%"
"08/25/2010","2,596.58","2,634.95","2,645.50","2,595.73","10.97B","-2.03%"
"08/24/2010","2,650.31","2,636.53","2,667.17","2,614.56","10.72B","0.41%"
"08/23/2010","2,639.37","2,637.82","2,656.12","2,629.71","8.81B","-0.11%"
"08/20/2010","2,642.31","2,677.02","2,683.29","2,636.91","11.62B","-1.70%"
"08/19/2010","2,687.98","2,669.43","2,701.93","2,659.30","12.84B","0.81%"
"08/18/2010","2,666.30","2,674.50","2,687.76","2,654.41","13.63B","-0.21%"
"08/17/2010","2,671.89","2,663.18","2,677.57","2,654.01","12.26B","0.38%"
"08/16/2010","2,661.71","2,603.79","2,665.31","2,596.77","12.59B","2.11%"
"08/13/2010","2,606.70","2,576.69","2,607.03","2,564.84","8.88B","1.21%"
"08/12/2010","2,575.47","2,584.92","2,608.76","2,570.96","9.27B","-1.23%"
"08/11/2010","2,607.50","2,587.61","2,618.45","2,586.02","8.69B","0.47%"
"08/10/2010","2,595.27","2,672.79","2,675.31","2,594.34","12.70B","-2.89%"
"08/09/2010","2,672.53","2,656.36","2,676.09","2,650.40","12.00B","0.53%"
"08/06/2010","2,658.39","2,618.71","2,659.41","2,598.91","12.09B","1.44%"
"08/05/2010","2,620.76","2,636.24","2,640.59","2,606.62","11.35B","-0.67%"
"08/04/2010","2,638.52","2,620.50","2,638.90","2,589.99","11.21B","0.44%"
"08/03/2010","2,627.00","2,678.79","2,681.78","2,626.72","12.80B","-1.70%"
"08/02/2010","2,672.52","2,635.81","2,675.76","2,633.65","11.29B","1.33%"
"07/30/2010","2,637.50","2,642.85","2,643.03","2,614.73","9.48B","-0.40%"
"07/29/2010","2,648.12","2,635.05","2,656.41","2,623.94","13.91B","0.55%"
"07/28/2010","2,633.66","2,574.32","2,636.00","2,564.16","12.90B","2.26%"
"07/27/2010","2,575.37","2,581.59","2,588.00","2,565.64","8.66B","-0.51%"
"07/26/2010","2,588.68","2,576.37","2,589.48","2,556.47","9.33B","0.65%"
"07/23/2010","2,572.03","2,566.85","2,579.52","2,549.24","11.44B","0.38%"
"07/22/2010","2,562.41","2,525.98","2,563.24","2,522.20","10.59B","1.07%"
"07/21/2010","2,535.39","2,529.62","2,553.45","2,520.15","11.42B","0.26%"
"07/20/2010","2,528.73","2,477.75","2,530.33","2,477.46","11.86B","2.15%"
"07/19/2010","2,475.42","2,399.58","2,484.19","2,392.27","8.88B","2.11%"
"07/16/2010","2,424.27","2,414.68","2,428.46","2,389.07","7.08B","-0.00%"
"07/15/2010","2,424.30","2,465.99","2,487.24","2,423.65","10.55B","-1.87%"
"07/14/2010","2,470.44","2,456.10","2,494.59","2,456.10","7.29B","0.82%"
"07/13/2010","2,450.29","2,468.69","2,468.69","2,439.24","6.63B","-1.62%"
"07/12/2010","2,490.72","2,468.54","2,501.02","2,455.81","8.29B","0.80%"
"07/09/2010","2,470.92","2,416.58","2,485.60","2,398.68","8.59B","2.31%"
"07/08/2010","2,415.15","2,429.68","2,436.28","2,402.00","5.45B","-0.25%"
"07/07/2010","2,421.12","2,407.66","2,421.68","2,392.57","5.61B","0.49%"
"07/06/2010","2,409.42","2,358.28","2,409.78","2,356.55","6.14B","1.92%"
"07/05/2010","2,363.95","2,358.76","2,378.09","2,335.57","4.80B","-0.80%"
"07/02/2010","2,382.90","2,371.32","2,386.40","2,319.74","6.83B","0.38%"
"07/01/2010","2,373.79","2,393.95","2,410.77","2,371.78","5.00B","-1.02%"
"06/30/2010","2,398.37","2,409.54","2,411.44","2,382.36","5.52B","-1.18%"
"06/29/2010","2,427.05","2,534.50","2,541.14","2,425.93","7.37B","-4.27%"
"06/28/2010","2,535.28","2,550.65","2,561.49","2,528.39","4.32B","-0.69%"
"06/25/2010","2,552.82","2,556.54","2,572.83","2,534.27","5.01B","-0.54%"
"06/24/2010","2,566.74","2,563.64","2,586.90","2,554.34","4.89B","-0.12%"
"06/23/2010","2,569.87","2,576.34","2,593.67","2,546.52","5.88B","-0.73%"
"06/22/2010","2,588.70","2,579.63","2,598.35","2,572.96","6.37B","0.10%"
"06/21/2010","2,586.21","2,517.29","2,587.34","2,504.32","7.86B","2.90%"
"06/18/2010","2,513.22","2,556.60","2,568.86","2,505.33","6.72B","-1.84%"
"06/17/2010","2,560.24","2,588.97","2,595.51","2,559.72","5.50B","-0.38%"
"06/11/2010","2,569.94","2,574.90","2,590.98","2,566.62","6.65B","0.29%"
"06/10/2010","2,562.58","2,561.55","2,581.05","2,554.79","7.46B","-0.82%"
"06/09/2010","2,583.87","2,523.88","2,589.47","2,501.12","9.60B","2.78%"
"06/08/2010","2,513.95","2,510.08","2,531.88","2,491.65","6.30B","0.09%"
"06/07/2010","2,511.73","2,508.33","2,527.10","2,491.66","6.57B","-1.64%"
"06/04/2010","2,553.59","2,536.23","2,556.97","2,527.87","5.65B","0.04%"
"06/03/2010","2,552.66","2,575.77","2,596.14","2,551.53","6.95B","-0.73%"
"06/02/2010","2,571.42","2,548.54","2,572.34","2,521.06","6.49B","0.12%"
"06/01/2010","2,568.28","2,577.76","2,598.90","2,534.27","7.47B","-0.92%"
"05/31/2010","2,592.15","2,647.87","2,665.39","2,591.53","7.87B","-2.40%"
"05/28/2010","2,655.77","2,680.40","2,686.54","2,641.41","8.69B","-0.01%"
"05/27/2010","2,655.92","2,615.10","2,662.08","2,583.55","8.79B","1.15%"
"05/26/2010","2,625.79","2,620.85","2,644.94","2,610.51","6.87B","0.12%"
"05/25/2010","2,622.63","2,654.36","2,659.74","2,609.09","9.33B","-1.90%"
"05/24/2010","2,673.42","2,596.32","2,680.49","2,596.32","11.25B","3.48%"
"05/21/2010","2,583.52","2,492.57","2,584.45","2,481.97","8.39B","1.08%"
"05/20/2010","2,555.94","2,571.54","2,609.64","2,551.45","6.64B","-1.23%"
"05/19/2010","2,587.81","2,581.63","2,623.96","2,554.98","7.14B","-0.27%"
"05/18/2010","2,594.78","2,555.14","2,603.32","2,529.62","8.28B","1.36%"
"05/17/2010","2,559.93","2,663.88","2,663.88","2,557.24","8.26B","-5.07%"
"05/14/2010","2,696.63","2,692.10","2,712.86","2,677.19","7.34B","-0.51%"
"05/13/2010","2,710.51","2,653.58","2,711.07","2,646.90","8.31B","2.06%"
"05/12/2010","2,655.71","2,628.02","2,668.12","2,604.20","8.25B","0.31%"
"05/11/2010","2,647.57","2,745.60","2,751.07","2,638.53","8.79B","-1.90%"
"05/10/2010","2,698.76","2,690.86","2,713.06","2,646.59","8.19B","0.39%"
"05/07/2010","2,688.38","2,685.99","2,732.18","2,665.81","9.20B","-1.87%"
"05/06/2010","2,739.70","2,838.95","2,838.95","2,735.00","9.26B","-4.11%"
"05/05/2010","2,857.15","2,804.51","2,857.29","2,770.33","9.53B","0.77%"
"05/04/2010","2,835.28","2,821.35","2,862.55","2,809.13","6.61B","-1.23%"
"04/30/2010","2,870.61","2,867.65","2,875.81","2,820.95","8.87B","0.08%"
"04/29/2010","2,868.43","2,912.20","2,928.93","2,867.94","8.93B","-1.10%"
"04/28/2010","2,900.33","2,883.17","2,916.68","2,865.47","8.37B","-0.26%"
"04/27/2010","2,907.93","2,962.14","2,962.14","2,866.34","10.83B","-2.07%"
"04/26/2010","2,969.50","2,988.08","2,996.83","2,965.83","8.91B","-0.47%"
"04/23/2010","2,983.54","2,995.57","3,015.63","2,966.78","10.35B","-0.53%"
"04/22/2010","2,999.48","3,021.29","3,023.64","2,978.46","12.17B","-1.11%"
"04/21/2010","3,033.28","2,984.62","3,034.33","2,972.10","11.63B","1.80%"
"04/20/2010","2,979.53","2,980.08","2,998.91","2,941.35","10.17B","-0.03%"
"04/19/2010","2,980.30","3,096.78","3,096.78","2,977.77","12.94B","-4.79%"
"04/16/2010","3,130.30","3,159.67","3,159.67","3,121.36","8.09B","-1.10%"
"04/15/2010","3,164.97","3,168.14","3,181.66","3,135.99","10.63B","-0.04%"
"04/14/2010","3,166.18","3,161.55","3,167.66","3,145.55","10.64B","0.16%"
"04/13/2010","3,161.25","3,129.69","3,173.63","3,101.48","14.40B","1.02%"
"04/12/2010","3,129.26","3,151.89","3,156.21","3,111.90","13.80B","-0.51%"
"04/09/2010","3,145.35","3,118.93","3,146.46","3,114.79","10.54B","0.85%"
"04/08/2010","3,118.71","3,143.45","3,143.83","3,110.26","11.46B","-0.94%"
"04/07/2010","3,148.22","3,156.31","3,161.08","3,132.24","10.35B","-0.33%"
"04/06/2010","3,158.68","3,170.61","3,177.97","3,141.93","11.68B","0.02%"
"04/02/2010","3,157.96","3,154.77","3,159.60","3,141.87","12.28B","0.33%"
"04/01/2010","3,147.42","3,111.93","3,148.34","3,111.93","12.68B","1.23%"
"03/31/2010","3,109.11","3,129.57","3,130.11","3,101.76","10.11B","-0.62%"
"03/30/2010","3,128.47","3,123.83","3,132.58","3,113.77","10.24B","0.15%"
"03/29/2010","3,123.80","3,076.05","3,130.28","3,071.69","13.19B","2.09%"
"03/26/2010","3,059.72","3,017.22","3,067.71","3,009.91","9.31B","1.34%"
"03/25/2010","3,019.18","3,051.36","3,051.36","3,012.31","9.02B","-1.23%"
"03/24/2010","3,056.81","3,058.93","3,076.75","3,052.21","8.93B","0.12%"
"03/23/2010","3,053.12","3,076.96","3,082.97","3,051.21","9.29B","-0.70%"
"03/22/2010","3,074.58","3,069.66","3,083.34","3,061.76","9.65B","0.22%"
"03/19/2010","3,067.75","3,046.75","3,069.66","3,031.02","8.85B","0.71%"
"03/18/2010","3,046.09","3,053.16","3,063.59","3,035.02","9.14B","-0.14%"
"03/17/2010","3,050.48","2,999.82","3,050.76","2,994.89","8.71B","1.93%"
"03/16/2010","2,992.84","2,974.49","2,993.84","2,963.44","5.96B","0.53%"
"03/15/2010","2,976.94","3,010.72","3,013.52","2,963.49","6.38B","-1.21%"
"03/12/2010","3,013.41","3,051.47","3,057.52","3,011.97","7.14B","-1.24%"
"03/11/2010","3,051.28","3,050.64","3,070.93","3,025.31","7.99B","0.08%"
"03/10/2010","3,048.93","3,067.15","3,085.99","3,034.74","8.46B","-0.66%"
"03/09/2010","3,069.14","3,053.26","3,084.85","3,028.69","9.24B","0.52%"
"03/08/2010","3,053.23","3,036.41","3,058.83","3,030.91","8.10B","0.73%"
"03/05/2010","3,031.07","3,026.64","3,044.16","3,011.09","9.23B","0.25%"
"03/04/2010","3,023.37","3,098.07","3,102.40","3,016.22","12.64B","-2.38%"
"03/03/2010","3,097.01","3,074.10","3,098.46","3,061.47","11.72B","0.78%"
"03/02/2010","3,073.11","3,089.71","3,095.99","3,060.96","10.53B","-0.48%"
"03/01/2010","3,087.84","3,057.01","3,093.09","3,054.55","11.10B","1.18%"
"02/26/2010","3,051.94","3,053.50","3,067.53","3,041.69","10.13B","-0.28%"
"02/25/2010","3,060.62","3,026.66","3,063.00","3,022.37","11.97B","1.27%"
"02/24/2010","3,022.18","2,964.98","3,023.74","2,955.07","9.29B","1.33%"
"02/23/2010","2,982.57","2,998.91","2,998.91","2,938.75","8.04B","-0.69%"
"02/22/2010","3,003.40","3,016.70","3,026.66","3,002.81","6.85B","-0.49%"
"02/12/2010","3,018.13","2,996.09","3,018.86","2,993.44","5.61B","1.09%"
"02/11/2010","2,985.50","2,985.08","3,001.64","2,976.08","5.66B","0.10%"
"02/10/2010","2,982.50","2,967.14","2,983.18","2,958.22","5.56B","1.14%"
"02/09/2010","2,948.84","2,932.09","2,957.47","2,929.21","6.23B","0.47%"
"02/08/2010","2,935.17","2,936.45","2,954.27","2,922.19","6.33B","-0.14%"
"02/05/2010","2,939.40","2,936.20","2,959.23","2,918.91","9.73B","-1.87%"
"02/04/2010","2,995.31","2,983.05","3,015.13","2,968.68","9.99B","-0.28%"
"02/03/2010","3,003.84","2,945.03","3,005.13","2,890.02","10.10B","2.36%"
"02/02/2010","2,934.71","2,955.75","2,990.75","2,930.56","8.25B","-0.23%"
"02/01/2010","2,941.36","2,981.37","2,981.37","2,912.89","8.81B","-1.60%"
"01/29/2010","2,989.29","2,979.74","3,024.85","2,968.45","8.05B","-0.16%"
"01/28/2010","2,994.14","2,985.21","3,006.04","2,963.89","7.34B","0.25%"
"01/27/2010","2,986.61","3,020.54","3,028.65","2,972.63","7.66B","-1.09%"
"01/26/2010","3,019.39","3,094.85","3,107.20","3,001.96","9.35B","-2.42%"
"01/25/2010","3,094.41","3,103.32","3,137.00","3,092.93","7.84B","-1.09%"
"01/22/2010","3,128.59","3,118.72","3,147.83","3,062.63","13.78B","-0.96%"
"01/21/2010","3,158.86","3,154.19","3,176.15","3,126.90","11.43B","0.22%"
"01/20/2010","3,151.85","3,252.04","3,255.13","3,148.33","15.82B","-2.93%"
"01/19/2010","3,246.87","3,242.22","3,268.81","3,236.84","12.99B","0.30%"
"01/18/2010","3,237.10","3,213.64","3,238.24","3,202.21","13.51B","0.40%"
"01/15/2010","3,224.15","3,217.19","3,241.82","3,197.22","12.05B","0.27%"
"01/14/2010","3,215.55","3,183.38","3,219.02","3,165.59","13.60B","1.35%"
"01/13/2010","3,172.66","3,204.98","3,232.82","3,165.49","15.83B","-3.09%"
"01/12/2010","3,273.97","3,205.70","3,275.20","3,180.09","14.07B","1.91%"
"01/11/2010","3,212.75","3,301.61","3,306.75","3,197.33","13.63B","0.52%"
"01/08/2010","3,196.00","3,177.26","3,198.92","3,149.02","9.84B","0.10%"
"01/07/2010","3,192.78","3,253.99","3,268.82","3,176.71","12.87B","-1.89%"
"01/06/2010","3,254.22","3,277.52","3,295.87","3,253.04","12.37B","-0.85%"
"01/05/2010","3,282.18","3,254.47","3,290.51","3,221.46","12.61B","1.18%"
"01/04/2010","3,243.76","3,289.75","3,295.28","3,243.32","10.94B","-1.02%"
"12/31/2009","3,277.14","3,265.00","3,282.21","3,250.03","11.65B","0.45%"
"12/30/2009","3,262.60","3,211.83","3,267.00","3,206.22","12.95B","1.58%"
"12/29/2009","3,211.76","3,190.17","3,212.52","3,166.76","10.26B","0.72%"
"12/28/2009","3,188.78","3,148.86","3,202.09","3,148.86","9.12B","1.51%"
"12/25/2009","3,141.35","3,149.23","3,154.77","3,128.15","8.45B","-0.38%"
"12/24/2009","3,153.41","3,080.87","3,156.53","3,075.11","10.24B","2.59%"
"12/23/2009","3,073.78","3,048.20","3,078.84","3,041.35","8.01B","0.76%"
"12/22/2009","3,050.52","3,126.61","3,129.31","3,039.86","8.51B","-2.32%"
"12/21/2009","3,122.97","3,108.07","3,123.99","3,088.00","7.46B","0.29%"
"12/18/2009","3,113.89","3,154.82","3,169.58","3,108.03","10.19B","-2.05%"
"12/17/2009","3,179.08","3,261.61","3,272.97","3,176.63","10.56B","-2.34%"
"12/16/2009","3,255.21","3,262.86","3,299.33","3,246.61","10.39B","-0.59%"
"12/15/2009","3,274.46","3,283.60","3,303.18","3,267.93","10.15B","-0.86%"
"12/14/2009","3,302.90","3,246.95","3,315.03","3,178.23","11.82B","1.71%"
"12/11/2009","3,247.32","3,260.45","3,280.94","3,242.37","9.15B","-0.21%"
"12/10/2009","3,254.26","3,258.35","3,276.13","3,225.56","9.43B","0.45%"
"12/09/2009","3,239.57","3,258.00","3,284.64","3,228.20","11.51B","-1.73%"
"12/08/2009","3,296.66","3,330.33","3,330.38","3,260.67","13.71B","-1.06%"
"12/07/2009","3,331.90","3,313.06","3,334.01","3,302.13","13.99B","0.45%"
"12/04/2009","3,317.04","3,256.61","3,319.13","3,214.84","21.59B","1.61%"
"12/03/2009","3,264.63","3,267.99","3,270.37","3,227.77","15.92B","-0.16%"
"12/02/2009","3,269.75","3,252.98","3,278.27","3,245.96","17.51B","1.06%"
"12/01/2009","3,235.36","3,191.06","3,240.66","3,173.42","16.53B","1.25%"
"11/30/2009","3,195.30","3,114.29","3,195.88","3,114.29","13.89B","3.20%"
"11/27/2009","3,096.26","3,137.30","3,169.76","3,080.89","14.88B","-2.36%"
"11/26/2009","3,170.98","3,296.01","3,305.33","3,160.35","21.80B","-3.62%"
"11/25/2009","3,290.16","3,214.82","3,291.17","3,188.02","18.90B","2.07%"
"11/24/2009","3,223.53","3,352.22","3,361.39","3,214.03","25.02B","-3.45%"
"11/23/2009","3,338.66","3,312.97","3,339.30","3,305.50","16.95B","0.92%"
"11/20/2009","3,308.35","3,309.38","3,332.53","3,280.18","17.61B","-0.37%"
"11/19/2009","3,320.61","3,311.19","3,329.03","3,285.80","17.46B","0.53%"
"11/18/2009","3,303.23","3,287.26","3,315.87","3,274.21","15.87B","0.62%"
"11/17/2009","3,282.89","3,291.04","3,298.38","3,275.30","16.60B","0.24%"
"11/16/2009","3,275.05","3,206.43","3,275.55","3,206.43","20.04B","2.74%"
"11/13/2009","3,187.65","3,164.65","3,189.09","3,127.50","15.11B","0.46%"
"11/12/2009","3,172.95","3,181.46","3,199.87","3,163.08","13.80B","-0.07%"
"11/11/2009","3,175.19","3,176.31","3,186.59","3,149.07","12.68B","-0.11%"
"11/10/2009","3,178.61","3,203.17","3,211.11","3,176.26","14.24B","0.10%"
"11/09/2009","3,175.59","3,162.15","3,176.66","3,141.77","13.92B","0.37%"
"11/06/2009","3,164.04","3,176.14","3,183.57","3,156.99","16.35B","0.28%"
"11/05/2009","3,155.05","3,133.51","3,158.72","3,122.52","14.55B","0.85%"
"11/04/2009","3,128.54","3,119.31","3,141.45","3,096.35","14.54B","0.46%"
"11/03/2009","3,114.23","3,085.74","3,121.20","3,078.94","15.06B","1.22%"
"11/02/2009","3,076.65","2,933.82","3,077.91","2,923.53","13.73B","2.70%"
"10/30/2009","2,995.85","3,007.25","3,027.13","2,983.93","10.48B","1.20%"
"10/29/2009","2,960.47","2,975.20","2,993.43","2,952.01","11.03B","-2.34%"
"10/28/2009","3,031.33","3,014.18","3,038.06","2,974.26","10.10B","0.33%"
"10/27/2009","3,021.46","3,086.09","3,086.09","3,020.49","12.09B","-2.83%"
"10/26/2009","3,109.57","3,114.29","3,123.36","3,083.18","11.48B","0.06%"
"10/23/2009","3,107.85","3,057.39","3,123.46","3,057.39","13.86B","1.85%"
"10/22/2009","3,051.41","3,068.68","3,080.66","3,045.03","10.30B","-0.62%"
"10/21/2009","3,070.59","3,080.52","3,105.51","3,062.56","13.55B","-0.45%"
"10/20/2009","3,084.45","3,062.55","3,084.94","3,053.64","14.37B","1.52%"
"10/19/2009","3,038.27","2,974.64","3,039.61","2,962.31","12.06B","2.07%"
"10/16/2009","2,976.63","2,992.74","3,008.18","2,931.92","9.22B","-0.11%"
"10/15/2009","2,979.79","2,994.89","3,014.26","2,967.11","9.86B","0.31%"
"10/14/2009","2,970.53","2,945.67","3,010.61","2,943.74","12.96B","1.17%"
"10/13/2009","2,936.19","2,889.79","2,937.82","2,886.96","8.00B","1.44%"
"10/12/2009","2,894.48","2,927.02","2,932.08","2,893.57","8.82B","-0.59%"
"10/09/2009","2,911.72","2,840.13","2,912.55","2,834.62","8.55B","4.76%"
"09/30/2009","2,779.43","2,772.57","2,803.86","2,763.71","6.48B","0.90%"
"09/29/2009","2,754.54","2,763.76","2,779.69","2,712.30","7.36B","-0.33%"
"09/28/2009","2,763.53","2,844.37","2,857.95","2,752.77","7.19B","-2.65%"
"09/25/2009","2,838.84","2,836.70","2,864.07","2,812.92","7.52B","-0.52%"
"09/24/2009","2,853.55","2,824.58","2,886.26","2,783.11","10.25B","0.38%"
"09/23/2009","2,842.72","2,897.81","2,924.20","2,825.86","10.76B","-1.89%"
"09/22/2009","2,897.55","2,956.13","2,982.89","2,896.94","12.41B","-2.34%"
"09/21/2009","2,967.01","2,937.93","2,968.70","2,871.65","13.62B","0.15%"
"09/18/2009","2,962.67","3,063.31","3,068.03","2,940.83","16.81B","-3.19%"
"09/17/2009","3,060.26","3,015.59","3,064.23","3,015.59","16.07B","2.02%"
"09/16/2009","2,999.71","3,027.51","3,028.56","2,960.59","14.74B","-1.12%"
"09/15/2009","3,033.73","3,029.10","3,050.43","2,999.43","14.45B","0.23%"
"09/14/2009","3,026.74","2,990.93","3,033.08","2,984.84","14.37B","1.24%"
"09/11/2009","2,989.79","2,917.19","2,999.33","2,915.90","12.32B","2.22%"
"09/10/2009","2,924.88","2,934.96","2,958.95","2,911.21","10.59B","-0.73%"
"09/09/2009","2,946.26","2,944.17","2,962.29","2,900.11","13.08B","0.54%"
"09/08/2009","2,930.47","2,865.70","2,931.23","2,831.85","12.79B","1.71%"
"09/07/2009","2,881.12","2,877.62","2,919.35","2,860.00","13.12B","0.68%"
"09/04/2009","2,861.61","2,841.17","2,875.98","2,827.58","12.89B","0.58%"
"09/03/2009","2,845.02","2,722.30","2,854.16","2,715.62","12.99B","4.79%"
"09/02/2009","2,714.97","2,681.33","2,729.71","2,669.22","8.39B","1.16%"
"09/01/2009","2,683.72","2,649.17","2,727.08","2,639.76","9.80B","0.60%"
"08/31/2009","2,667.74","2,817.63","2,817.63","2,663.00","11.82B","-6.74%"
"08/28/2009","2,860.69","2,938.42","2,949.43","2,843.11","12.30B","-2.91%"
"08/27/2009","2,946.39","2,947.83","2,988.03","2,909.89","13.67B","-0.71%"
"08/26/2009","2,967.59","2,889.74","2,995.80","2,872.26","13.04B","1.78%"
"08/25/2009","2,915.80","2,980.10","2,980.10","2,823.64","14.52B","-2.59%"
"08/24/2009","2,993.43","2,982.19","3,004.90","2,944.92","12.29B","1.10%"
"08/21/2009","2,960.77","2,905.05","2,969.52","2,883.27","12.68B","1.69%"
"08/20/2009","2,911.58","2,798.37","2,914.64","2,798.37","11.00B","4.52%"
"08/19/2009","2,785.58","2,916.09","2,929.06","2,761.39","11.45B","-4.30%"
"08/18/2009","2,910.88","2,845.34","2,920.64","2,827.11","10.63B","1.40%"
"08/17/2009","2,870.63","2,994.87","3,020.26","2,867.39","12.51B","-5.79%"
"08/14/2009","3,046.97","3,138.15","3,146.01","3,039.30","12.58B","-2.98%"
"08/13/2009","3,140.56","3,112.57","3,150.36","3,060.12","11.69B","0.89%"
"08/12/2009","3,112.72","3,255.99","3,255.99","3,104.57","13.44B","-4.66%"
"08/11/2009","3,264.73","3,261.41","3,273.02","3,222.71","10.38B","0.46%"
"08/10/2009","3,249.76","3,287.76","3,307.89","3,201.06","12.67B","-0.34%"
"08/07/2009","3,260.69","3,352.66","3,374.46","3,244.10","15.32B","-2.85%"
"08/06/2009","3,356.33","3,401.48","3,419.74","3,309.61","17.48B","-2.11%"
"08/05/2009","3,428.50","3,467.05","3,468.10","3,385.42","20.25B","-1.24%"
"08/04/2009","3,471.44","3,477.11","3,478.01","3,404.82","21.15B","0.26%"
"08/03/2009","3,462.59","3,429.69","3,465.17","3,398.45","20.08B","1.48%"
"07/31/2009","3,412.06","3,354.68","3,414.14","3,333.72","19.37B","2.72%"
"07/30/2009","3,321.56","3,281.20","3,336.64","3,215.75","19.80B","1.69%"
"07/29/2009","3,266.43","3,419.99","3,454.02","3,174.21","27.58B","-5.00%"
"07/28/2009","3,438.37","3,434.32","3,439.92","3,392.43","20.42B","0.09%"
"07/27/2009","3,435.21","3,377.72","3,435.93","3,376.29","19.76B","1.86%"
"07/24/2009","3,372.60","3,343.76","3,398.05","3,306.91","18.97B","1.33%"
"07/23/2009","3,328.49","3,301.10","3,331.06","3,289.22","16.64B","0.97%"
"07/22/2009","3,296.61","3,207.99","3,301.43","3,207.26","16.82B","2.60%"
"07/21/2009","3,213.21","3,275.67","3,279.59","3,207.50","19.76B","-1.64%"
"07/20/2009","3,266.92","3,203.89","3,269.18","3,192.90","19.89B","2.42%"
"07/17/2009","3,189.74","3,181.06","3,197.23","3,158.57","16.47B","0.19%"
"07/16/2009","3,183.74","3,209.78","3,221.07","3,175.96","19.12B","-0.15%"
"07/15/2009","3,188.55","3,156.62","3,188.91","3,156.62","19.59B","1.38%"
"07/14/2009","3,145.16","3,088.58","3,147.59","3,088.58","16.17B","2.10%"
"07/13/2009","3,080.56","3,098.96","3,112.88","3,076.30","15.66B","-1.07%"
"07/10/2009","3,113.93","3,124.79","3,140.04","3,099.99","16.12B","-0.29%"
"07/09/2009","3,123.03","3,073.52","3,123.51","3,064.21","16.73B","1.37%"
"07/08/2009","3,080.77","3,057.46","3,097.96","3,011.21","15.55B","-0.28%"
"07/07/2009","3,089.45","3,118.27","3,130.07","3,077.48","17.88B","-1.13%"
"07/06/2009","3,124.67","3,091.48","3,128.31","3,090.10","18.32B","1.18%"
"07/03/2009","3,088.37","3,035.81","3,088.86","3,029.55","15.95B","0.92%"
"07/02/2009","3,060.25","3,015.08","3,062.56","3,015.08","16.20B","1.73%"
"07/01/2009","3,008.15","2,950.17","3,009.71","2,947.69","13.83B","1.65%"
"06/30/2009","2,959.36","2,990.12","2,997.27","2,953.36","12.58B","-0.54%"
"06/29/2009","2,975.31","2,930.31","2,976.92","2,918.39","12.85B","1.61%"
"06/26/2009","2,928.21","2,930.50","2,937.61","2,910.34","10.96B","0.11%"
"06/25/2009","2,925.05","2,926.62","2,946.90","2,909.09","11.96B","0.09%"
"06/24/2009","2,922.30","2,889.05","2,923.47","2,880.28","14.06B","1.02%"
"06/23/2009","2,892.70","2,853.49","2,941.05","2,841.90","14.45B","-0.12%"
"06/22/2009","2,896.30","2,900.57","2,923.24","2,884.13","14.70B","0.55%"
"06/19/2009","2,880.49","2,861.18","2,886.50","2,847.36","15.30B","0.93%"
"06/18/2009","2,853.90","2,812.99","2,855.41","2,810.85","13.88B","1.56%"
"06/17/2009","2,810.12","2,771.52","2,813.61","2,744.22","11.08B","1.23%"
"06/16/2009","2,776.02","2,762.74","2,797.48","2,753.69","10.34B","-0.49%"
"06/15/2009","2,789.55","2,743.03","2,790.98","2,727.74","10.62B","1.67%"
"06/12/2009","2,743.76","2,793.97","2,812.68","2,722.22","12.77B","-1.91%"
"06/11/2009","2,797.32","2,812.28","2,828.74","2,787.45","13.41B","-0.67%"
"06/10/2009","2,816.25","2,796.90","2,820.57","2,790.00","14.53B","1.02%"
"06/09/2009","2,787.89","2,766.51","2,788.37","2,721.85","13.26B","0.71%"
"06/08/2009","2,768.34","2,753.34","2,795.15","2,729.03","13.32B","0.52%"
"06/05/2009","2,753.89","2,783.86","2,791.65","2,750.38","14.66B","-0.48%"
"06/04/2009","2,767.24","2,753.25","2,778.24","2,728.20","17.09B","-0.41%"
"06/03/2009","2,778.59","2,722.27","2,778.68","2,717.86","15.57B","1.99%"
"06/02/2009","2,724.30","2,739.44","2,750.88","2,713.47","15.64B","0.11%"
"06/01/2009","2,721.28","2,668.40","2,726.72","2,668.40","14.80B","3.36%"
"05/27/2009","2,632.93","2,601.24","2,635.31","2,592.79","10.32B","1.71%"
"05/26/2009","2,588.57","2,615.01","2,618.80","2,585.91","11.45B","-0.82%"
"05/25/2009","2,610.01","2,555.34","2,618.36","2,538.62","11.20B","0.48%"
"05/22/2009","2,597.60","2,595.99","2,617.75","2,578.59","9.91B","-0.50%"
"05/21/2009","2,610.62","2,639.14","2,663.23","2,598.87","13.89B","-1.54%"
"05/20/2009","2,651.41","2,680.55","2,686.34","2,651.01","13.82B","-0.94%"
"05/19/2009","2,676.68","2,679.40","2,688.11","2,660.56","14.75B","0.90%"
"05/18/2009","2,652.78","2,632.57","2,656.84","2,589.61","11.90B","0.28%"
"05/15/2009","2,645.26","2,646.89","2,661.37","2,623.36","11.09B","0.20%"
"05/14/2009","2,639.89","2,631.45","2,651.49","2,610.22","12.48B","-0.90%"
"05/13/2009","2,663.77","2,629.03","2,670.21","2,608.32","14.58B","1.74%"
"05/12/2009","2,618.17","2,562.36","2,619.69","2,558.96","12.30B","1.49%"
"05/11/2009","2,579.75","2,646.29","2,663.95","2,579.75","17.82B","-1.75%"
"05/08/2009","2,625.64","2,586.76","2,634.06","2,574.57","16.19B","1.09%"
"05/07/2009","2,597.45","2,612.12","2,622.11","2,566.12","18.18B","0.19%"
"05/06/2009","2,592.52","2,563.56","2,596.93","2,552.63","16.07B","0.98%"
"05/05/2009","2,567.34","2,577.43","2,590.78","2,552.39","15.84B","0.29%"
"05/04/2009","2,559.91","2,486.68","2,560.54","2,486.22","15.34B","3.32%"
"04/30/2009","2,477.57","2,477.93","2,491.07","2,461.36","13.12B","0.38%"
"04/29/2009","2,468.19","2,401.66","2,477.72","2,395.48","12.65B","2.78%"
"04/28/2009","2,401.44","2,382.88","2,411.44","2,372.34","9.48B","-0.16%"
"04/27/2009","2,405.35","2,443.44","2,452.93","2,393.16","11.30B","-1.77%"
"04/24/2009","2,448.59","2,477.16","2,481.53","2,445.66","11.38B","-0.62%"
"04/23/2009","2,463.95","2,440.68","2,474.15","2,422.79","12.61B","0.11%"
"04/22/2009","2,461.35","2,548.11","2,579.22","2,449.89","19.40B","-2.94%"
"04/21/2009","2,535.83","2,523.26","2,552.60","2,499.60","16.46B","-0.85%"
"04/20/2009","2,557.46","2,500.17","2,559.04","2,497.32","14.79B","2.14%"
"04/17/2009","2,503.93","2,524.63","2,539.35","2,481.90","16.16B","-1.19%"
"04/16/2009","2,534.13","2,542.34","2,549.31","2,497.12","18.62B","-0.08%"
"04/15/2009","2,536.06","2,514.59","2,542.54","2,485.93","18.11B","0.35%"
"04/14/2009","2,527.18","2,512.01","2,532.09","2,495.34","16.52B","0.54%"
"04/13/2009","2,513.70","2,468.08","2,522.45","2,464.06","19.13B","2.84%"
"04/10/2009","2,444.23","2,400.01","2,444.98","2,392.80","15.75B","2.70%"
"04/09/2009","2,379.88","2,345.01","2,380.93","2,331.88","11.32B","1.38%"
"04/08/2009","2,347.39","2,429.88","2,435.39","2,346.54","14.68B","-3.76%"
"04/07/2009","2,439.18","2,422.10","2,449.54","2,407.51","12.42B","0.80%"
"04/03/2009","2,419.78","2,446.12","2,456.81","2,406.50","17.03B","-0.23%"
"04/02/2009","2,425.29","2,417.22","2,450.00","2,417.11","18.84B","0.72%"
"04/01/2009","2,408.02","2,380.98","2,422.62","2,380.98","17.99B","1.47%"
"03/31/2009","2,373.21","2,313.88","2,375.71","2,299.16","14.27B","0.64%"
"03/30/2009","2,358.04","2,377.96","2,380.19","2,348.53","13.99B","-0.69%"
"03/27/2009","2,374.44","2,380.63","2,392.77","2,361.09","18.65B","0.54%"
"03/26/2009","2,361.70","2,296.05","2,362.05","2,274.89","15.86B","3.06%"
"03/25/2009","2,291.55","2,333.16","2,355.69","2,291.36","14.48B","-2.00%"
"03/24/2009","2,338.42","2,359.68","2,369.45","2,327.43","16.27B","0.56%"
"03/23/2009","2,325.48","2,286.25","2,329.18","2,276.81","16.01B","1.95%"
"03/20/2009","2,281.09","2,272.44","2,294.12","2,250.41","15.05B","0.68%"
"03/19/2009","2,265.76","2,227.34","2,268.14","2,220.16","14.58B","1.89%"
"03/18/2009","2,223.72","2,227.98","2,255.01","2,221.59","14.70B","0.24%"
"03/17/2009","2,218.33","2,156.77","2,225.19","2,151.78","13.08B","3.02%"
"03/16/2009","2,153.29","2,122.41","2,158.90","2,108.61","7.34B","1.15%"
"03/13/2009","2,128.85","2,148.42","2,166.02","2,124.98","8.35B","-0.24%"
"03/12/2009","2,133.88","2,127.73","2,136.80","2,086.02","8.72B","-0.24%"
"03/11/2009","2,139.03","2,199.98","2,203.53","2,133.14","10.37B","-0.91%"
"03/10/2009","2,158.57","2,097.14","2,159.27","2,088.16","8.39B","1.88%"
"03/09/2009","2,118.75","2,205.75","2,232.67","2,116.45","12.43B","-3.39%"
"03/06/2009","2,193.01","2,180.79","2,221.04","2,171.67","12.39B","-1.26%"
"03/05/2009","2,221.08","2,220.15","2,241.76","2,173.49","18.24B","1.04%"
"03/04/2009","2,198.11","2,076.62","2,201.73","2,076.62","15.48B","6.12%"
"03/03/2009","2,071.43","2,047.21","2,088.63","2,037.02","9.78B","-1.05%"
"03/02/2009","2,093.45","2,066.23","2,102.11","2,052.99","8.75B","0.51%"
"02/27/2009","2,082.85","2,100.06","2,123.24","2,064.92","12.29B","-1.81%"
"02/26/2009","2,121.25","2,201.67","2,237.55","2,102.35","14.86B","-3.87%"
"02/25/2009","2,206.57","2,222.51","2,234.02","2,142.60","15.24B","0.27%"
"02/24/2009","2,200.65","2,273.76","2,295.59","2,193.27","18.39B","-4.56%"
"02/23/2009","2,305.78","2,249.29","2,313.59","2,219.71","16.03B","1.96%"
"02/20/2009","2,261.48","2,234.36","2,262.33","2,206.21","12.89B","1.54%"
"02/19/2009","2,227.12","2,224.49","2,247.62","2,190.47","12.98B","0.78%"
"02/18/2009","2,209.86","2,271.26","2,295.74","2,206.06","16.25B","-4.72%"
"02/17/2009","2,319.44","2,387.35","2,402.81","2,316.93","19.81B","-2.93%"
"02/16/2009","2,389.39","2,338.76","2,389.88","2,328.18","21.14B","2.96%"
"02/13/2009","2,320.79","2,249.18","2,323.12","2,236.18","19.97B","3.23%"
"02/12/2009","2,248.09","2,265.79","2,274.20","2,191.89","17.40B","-0.56%"
"02/11/2009","2,260.82","2,230.49","2,305.70","2,218.30","20.93B","-0.19%"
"02/10/2009","2,265.16","2,218.49","2,266.40","2,197.01","17.26B","1.82%"
"02/09/2009","2,224.71","2,211.32","2,238.89","2,196.71","19.23B","1.99%"
"02/06/2009","2,181.24","2,102.08","2,185.09","2,102.08","16.09B","3.97%"
"02/05/2009","2,098.02","2,106.84","2,149.48","2,082.60","16.54B","-0.46%"
"02/04/2009","2,107.75","2,068.09","2,108.26","2,067.79","15.18B","2.28%"
"02/03/2009","2,060.81","2,011.77","2,060.93","2,005.02","13.44B","2.44%"
"02/02/2009","2,011.68","2,008.13","2,012.74","1,987.13","8.48B","1.06%"
"01/23/2009","1,990.66","2,001.17","2,008.79","1,986.35","8.60B","-0.71%"
"01/22/2009","2,004.95","1,996.09","2,009.85","1,980.44","8.83B","1.00%"
"01/21/2009","1,985.02","1,965.94","2,007.91","1,960.53","8.73B","-0.46%"
"01/20/2009","1,994.11","1,981.15","1,994.81","1,956.10","7.46B","0.37%"
"01/19/2009","1,986.67","1,971.00","2,018.51","1,966.19","10.94B","1.65%"
"01/16/2009","1,954.44","1,928.92","1,984.73","1,928.92","13.30B","1.78%"
"01/15/2009","1,920.21","1,912.77","1,937.73","1,902.54","11.60B","-0.45%"
"01/14/2009","1,928.87","1,862.31","1,929.28","1,862.31","8.79B","3.52%"
"01/13/2009","1,863.37","1,880.87","1,888.31","1,861.81","7.38B","-1.95%"
"01/12/2009","1,900.35","1,897.70","1,924.44","1,886.83","8.36B","-0.24%"
"01/09/2009","1,904.86","1,875.16","1,909.35","1,875.16","7.12B","1.42%"
"01/08/2009","1,878.18","1,890.24","1,894.17","1,862.26","8.04B","-2.38%"
"01/07/2009","1,924.01","1,938.97","1,948.23","1,920.52","9.24B","-0.68%"
"01/06/2009","1,937.14","1,878.83","1,938.69","1,871.97","9.91B","3.00%"
"01/05/2009","1,880.72","1,849.02","1,880.72","1,844.09","6.71B","3.29%"
"12/31/2008","1,820.81","1,834.95","1,844.37","1,814.75","5.04B","-0.66%"
"12/30/2008","1,832.91","1,851.91","1,862.94","1,826.98","5.65B","-0.95%"
"12/29/2008","1,850.48","1,846.30","1,856.33","1,815.41","5.50B","-0.06%"
"12/26/2008","1,851.52","1,852.91","1,866.63","1,840.19","5.33B","-0.05%"
"12/25/2008","1,852.42","1,865.72","1,877.77","1,832.36","6.46B","-0.61%"
"12/24/2008","1,863.80","1,873.58","1,887.31","1,850.86","7.45B","-1.76%"
"12/23/2008","1,897.22","1,990.05","1,990.05","1,895.18","9.90B","-4.55%"
"12/22/2008","1,987.76","2,016.45","2,016.45","1,965.35","8.68B","-1.52%"
"12/19/2008","2,018.46","2,006.21","2,038.66","1,997.12","10.22B","0.14%"
"12/18/2008","2,015.69","1,978.97","2,016.57","1,958.97","9.22B","1.97%"
"12/17/2008","1,976.82","1,983.84","2,003.38","1,971.82","9.72B","0.09%"
"12/16/2008","1,975.01","1,948.86","1,976.72","1,907.83","7.83B","0.54%"
"12/15/2008","1,964.37","1,977.03","1,989.30","1,936.56","8.15B","0.52%"
"12/12/2008","1,954.21","2,014.58","2,023.18","1,932.27","10.81B","-3.81%"
"12/11/2008","2,031.68","2,072.58","2,087.20","2,028.73","12.17B","-2.28%"
"12/10/2008","2,079.12","2,025.03","2,079.55","2,005.56","12.83B","2.03%"
"12/09/2008","2,037.74","2,100.77","2,100.81","2,036.89","14.53B","-2.54%"
"12/08/2008","2,090.77","2,049.16","2,091.28","2,038.19","16.50B","3.57%"
"12/05/2008","2,018.66","1,984.26","2,019.75","1,975.71","11.85B","0.86%"
"12/04/2008","2,001.50","1,992.72","2,055.21","1,985.20","17.60B","1.84%"
"12/03/2008","1,965.41","1,903.43","1,965.83","1,902.94","13.49B","4.01%"
"12/02/2008","1,889.64","1,856.97","1,907.78","1,846.53","10.43B","-0.26%"
"12/01/2008","1,894.62","1,865.74","1,895.76","1,838.10","8.19B","1.25%"
"11/28/2008","1,871.16","1,901.67","1,915.27","1,856.29","7.77B","-2.44%"
"11/27/2008","1,917.86","2,012.69","2,022.48","1,916.47","12.23B","1.05%"
"11/26/2008","1,897.88","1,890.33","1,914.71","1,873.18","6.51B","0.49%"
"11/25/2008","1,888.71","1,925.25","1,939.37","1,858.16","6.95B","-0.44%"
"11/24/2008","1,897.06","1,961.21","1,974.47","1,893.34","8.45B","-3.67%"
"11/21/2008","1,969.39","1,932.60","2,013.18","1,893.15","12.71B","-0.72%"
"11/20/2008","1,983.76","1,977.21","2,030.87","1,956.73","13.08B","-1.67%"
"11/19/2008","2,017.47","1,889.35","2,023.91","1,883.84","12.88B","6.05%"
"11/18/2008","1,902.43","2,020.99","2,050.88","1,889.87","15.67B","-6.31%"
"11/17/2008","2,030.48","1,981.26","2,031.10","1,963.85","13.68B","2.22%"
"11/14/2008","1,986.44","1,943.96","1,987.26","1,921.84","13.04B","3.05%"
"11/13/2008","1,927.61","1,837.27","1,942.90","1,825.88","12.11B","3.68%"
"11/12/2008","1,859.11","1,820.44","1,863.90","1,815.08","6.59B","0.84%"
"11/11/2008","1,843.61","1,872.07","1,887.80","1,840.92","9.09B","-1.66%"
"11/10/2008","1,874.80","1,782.31","1,876.16","1,782.31","9.13B","7.27%"
"11/07/2008","1,747.71","1,686.52","1,762.23","1,680.60","4.68B","1.75%"
"11/06/2008","1,717.72","1,720.42","1,728.22","1,703.10","4.57B","-2.44%"
"11/05/2008","1,760.61","1,716.22","1,788.26","1,716.22","6.03B","3.16%"
"11/04/2008","1,706.70","1,707.92","1,717.10","1,678.96","3.93B","-0.76%"
"11/03/2008","1,719.77","1,713.76","1,750.32","1,702.98","3.59B","-0.52%"
"10/31/2008","1,728.79","1,754.21","1,765.68","1,721.59","4.02B","-1.97%"
"10/30/2008","1,763.61","1,732.77","1,788.20","1,710.73","5.36B","2.55%"
"10/29/2008","1,719.81","1,786.20","1,795.09","1,719.34","5.22B","-2.94%"
"10/28/2008","1,771.82","1,671.40","1,786.43","1,664.92","5.98B","2.81%"
"10/27/2008","1,723.35","1,809.22","1,809.22","1,721.60","5.05B","-6.32%"
"10/24/2008","1,839.62","1,875.63","1,888.10","1,825.53","4.62B","-1.92%"
"10/23/2008","1,875.56","1,851.26","1,879.85","1,828.31","4.78B","-1.07%"
"10/22/2008","1,895.82","1,932.68","1,950.79","1,894.31","4.83B","-3.20%"
"10/21/2008","1,958.53","1,978.67","1,996.66","1,956.11","5.41B","-0.78%"
"10/20/2008","1,974.01","1,924.18","1,979.84","1,890.92","4.46B","2.25%"
"10/17/2008","1,930.65","1,921.84","1,941.30","1,902.60","3.86B","1.08%"
"10/16/2008","1,909.94","1,916.13","1,943.32","1,901.50","5.07B","-4.25%"
"10/15/2008","1,994.67","1,995.88","2,013.49","1,963.10","4.08B","-1.12%"
"10/14/2008","2,017.32","2,139.07","2,146.73","2,016.18","6.80B","-2.71%"
"10/13/2008","2,073.57","1,978.56","2,074.47","1,931.47","5.66B","3.65%"
"10/10/2008","2,000.57","1,995.96","2,027.83","1,963.18","5.41B","-3.57%"
"10/09/2008","2,074.58","2,125.57","2,130.87","2,063.41","4.51B","-0.84%"
"10/08/2008","2,092.22","2,095.91","2,127.09","2,059.09","5.08B","-3.04%"
"10/07/2008","2,157.84","2,101.09","2,183.00","2,072.90","5.69B","-0.73%"
"10/06/2008","2,173.74","2,267.39","2,267.39","2,172.57","6.09B","-5.23%"
"09/26/2008","2,293.78","2,304.12","2,310.45","2,246.28","7.83B","-0.16%"
"09/25/2008","2,297.50","2,214.58","2,333.28","2,211.45","10.12B","3.64%"
"09/24/2008","2,216.81","2,133.10","2,218.29","2,116.96","6.45B","0.69%"
"09/23/2008","2,201.51","2,209.12","2,253.39","2,181.96","10.02B","-1.56%"
"09/22/2008","2,236.41","2,241.72","2,269.73","2,164.80","13.99B","7.77%"
"09/19/2008","2,075.09","2,067.64","2,075.09","2,043.32","5.84B","9.45%"
"09/18/2008","1,895.84","1,876.12","1,942.85","1,802.33","6.63B","-1.72%"
"09/17/2008","1,929.05","1,971.94","1,999.95","1,922.68","4.59B","-2.90%"
"09/16/2008","1,986.64","2,049.81","2,049.81","1,974.39","4.62B","-4.47%"
"09/12/2008","2,079.67","2,077.55","2,104.63","2,064.29","3.03B","0.03%"
"09/11/2008","2,078.98","2,143.40","2,148.12","2,070.43","3.64B","-3.34%"
"09/10/2008","2,150.76","2,131.80","2,185.69","2,102.91","3.90B","0.23%"
"09/09/2008","2,145.78","2,152.28","2,161.35","2,114.50","3.07B","0.11%"
"09/08/2008","2,143.42","2,210.34","2,220.55","2,135.38","3.77B","-2.68%"
"09/05/2008","2,202.45","2,224.53","2,238.32","2,199.36","3.86B","-3.29%"
"09/04/2008","2,277.41","2,270.52","2,295.36","2,249.12","3.42B","0.03%"
"09/03/2008","2,276.67","2,301.94","2,321.53","2,248.07","4.22B","-1.22%"
"09/02/2008","2,304.89","2,312.10","2,329.01","2,284.92","3.42B","-0.87%"
"09/01/2008","2,325.14","2,380.47","2,380.47","2,311.73","3.63B","-3.01%"
"08/29/2008","2,397.37","2,361.05","2,420.85","2,352.10","4.64B","2.01%"
"08/28/2008","2,350.14","2,341.96","2,374.25","2,333.03","3.48B","0.34%"
"08/27/2008","2,342.15","2,343.88","2,385.99","2,310.45","4.10B","-0.34%"
"08/26/2008","2,350.08","2,384.95","2,403.02","2,327.22","4.10B","-2.62%"
"08/25/2008","2,413.37","2,408.09","2,443.99","2,382.29","3.38B","0.34%"
"08/22/2008","2,405.23","2,414.46","2,426.71","2,362.09","4.63B","-1.09%"
"08/21/2008","2,431.72","2,484.49","2,518.44","2,431.05","6.13B","-3.63%"
"08/20/2008","2,523.28","2,332.48","2,523.47","2,306.66","7.37B","7.63%"
"08/19/2008","2,344.47","2,297.24","2,355.93","2,284.59","3.86B","1.06%"
"08/18/2008","2,319.87","2,451.78","2,455.50","2,318.93","5.37B","-5.33%"
"08/15/2008","2,450.61","2,434.41","2,476.86","2,414.57","3.13B","0.56%"
"08/14/2008","2,437.08","2,432.20","2,454.25","2,409.01","3.13B","-0.38%"
"08/13/2008","2,446.30","2,440.53","2,458.77","2,370.74","4.10B","-0.44%"
"08/12/2008","2,457.20","2,445.22","2,484.75","2,430.85","3.66B","-0.52%"
"08/11/2008","2,470.07","2,595.89","2,601.50","2,453.71","4.72B","-5.21%"
"08/08/2008","2,605.72","2,724.43","2,725.93","2,595.92","4.85B","-4.47%"
"08/07/2008","2,727.58","2,717.50","2,742.70","2,691.36","3.95B","0.30%"
"08/06/2008","2,719.37","2,711.60","2,743.11","2,678.86","4.06B","1.06%"
"08/05/2008","2,690.75","2,751.20","2,762.26","2,684.73","4.24B","-1.86%"
"08/04/2008","2,741.74","2,782.99","2,793.26","2,738.85","3.72B","-2.14%"
"08/01/2008","2,801.82","2,751.02","2,830.76","2,721.95","4.92B","0.94%"
"07/31/2008","2,775.72","2,844.65","2,848.00","2,774.10","4.45B","-2.15%"
"07/30/2008","2,836.67","2,884.59","2,894.37","2,822.19","4.89B","-0.48%"
"07/29/2008","2,850.31","2,868.01","2,868.01","2,827.70","5.86B","-1.82%"
"07/28/2008","2,903.01","2,883.76","2,924.45","2,883.76","6.23B","1.32%"
"07/25/2008","2,865.10","2,875.77","2,888.58","2,851.93","6.25B","-1.55%"
"07/24/2008","2,910.29","2,861.81","2,912.70","2,849.10","7.25B","2.55%"
"07/23/2008","2,837.85","2,870.93","2,887.58","2,831.11","6.15B","-0.29%"
"07/22/2008","2,846.12","2,852.44","2,868.62","2,830.76","6.15B","-0.53%"
"07/21/2008","2,861.42","2,759.88","2,865.07","2,745.64","6.65B","2.99%"
"07/18/2008","2,778.37","2,711.74","2,785.53","2,665.91","5.79B","3.49%"
"07/17/2008","2,684.78","2,747.95","2,773.28","2,676.15","5.08B","-0.78%"
"07/16/2008","2,705.87","2,753.90","2,765.15","2,656.61","6.00B","-2.65%"
"07/15/2008","2,779.45","2,886.11","2,896.33","2,769.91","7.09B","-3.43%"
"07/14/2008","2,878.26","2,837.49","2,895.30","2,828.24","5.45B","0.76%"
"07/11/2008","2,856.63","2,863.81","2,888.29","2,821.31","6.48B","-0.65%"
"07/10/2008","2,875.45","2,879.62","2,952.04","2,862.06","9.09B","-1.54%"
"07/09/2008","2,920.55","2,838.86","2,920.55","2,838.86","9.70B","3.75%"
"07/08/2008","2,814.95","2,805.61","2,843.60","2,754.62","8.02B","0.81%"
"07/07/2008","2,792.40","2,673.55","2,801.53","2,673.55","7.74B","4.59%"
"07/04/2008","2,669.89","2,691.21","2,713.48","2,645.83","5.73B","-1.24%"
"07/03/2008","2,703.53","2,610.82","2,746.37","2,566.53","6.81B","1.95%"
"07/02/2008","2,651.72","2,656.04","2,700.90","2,627.90","4.02B","0.00%"
"07/01/2008","2,651.61","2,743.16","2,753.33","2,644.78","4.07B","-3.09%"
"06/30/2008","2,736.10","2,724.40","2,766.80","2,693.40","3.85B","-0.45%"
"06/27/2008","2,748.43","2,809.31","2,822.26","2,723.16","6.05B","-5.29%"
"06/26/2008","2,901.85","2,904.09","2,931.31","2,851.12","6.55B","-0.11%"
"06/25/2008","2,905.01","2,794.04","2,910.48","2,784.42","6.48B","3.64%"
"06/24/2008","2,803.02","2,747.32","2,817.17","2,728.83","4.84B","1.54%"
"06/23/2008","2,760.42","2,780.15","2,813.14","2,741.19","4.07B","-2.52%"
"06/20/2008","2,831.74","2,811.08","2,917.32","2,695.63","7.42B","3.01%"
"06/19/2008","2,748.87","2,921.72","2,921.72","2,742.15","5.68B","-6.54%"
"06/18/2008","2,941.11","2,772.37","2,945.42","2,729.71","6.63B","5.24%"
"06/17/2008","2,794.75","2,873.13","2,893.47","2,769.12","4.33B","-2.76%"
"06/16/2008","2,874.10","2,876.29","2,917.81","2,811.72","4.04B","0.18%"
"06/13/2008","2,868.80","2,960.91","2,976.45","2,865.50","4.11B","-3.00%"
"06/12/2008","2,957.53","3,011.56","3,031.06","2,900.12","4.95B","-2.21%"
"06/11/2008","3,024.24","3,042.16","3,064.20","2,992.35","4.69B","-1.57%"
"06/10/2008","3,072.33","3,202.11","3,215.50","3,045.06","5.09B","-7.73%"
"06/06/2008","3,329.67","3,362.01","3,371.28","3,312.72","3.48B","-0.66%"
"06/05/2008","3,351.64","3,355.93","3,376.34","3,326.54","4.18B","-0.54%"
"06/04/2008","3,369.91","3,424.04","3,428.47","3,341.74","4.80B","-1.93%"
"06/03/2008","3,436.40","3,456.58","3,469.06","3,409.23","5.66B","-0.65%"
"06/02/2008","3,459.04","3,426.20","3,483.61","3,400.72","4.92B","0.75%"
"05/30/2008","3,433.35","3,414.25","3,450.49","3,390.88","4.85B","0.94%"
"05/29/2008","3,401.44","3,447.77","3,481.73","3,400.77","5.14B","-1.66%"
"05/28/2008","3,459.03","3,382.77","3,486.33","3,354.25","5.25B","2.48%"
"05/27/2008","3,375.41","3,355.11","3,383.68","3,333.95","4.25B","0.32%"
"05/26/2008","3,364.54","3,442.29","3,443.99","3,361.99","5.28B","-3.13%"
"05/23/2008","3,473.09","3,473.80","3,521.39","3,435.84","6.00B","-0.36%"
"05/22/2008","3,485.63","3,493.07","3,558.02","3,469.79","6.85B","-1.65%"
"05/21/2008","3,544.19","3,414.34","3,560.53","3,355.08","7.36B","2.93%"
"05/20/2008","3,443.16","3,601.55","3,632.01","3,432.38","6.64B","-4.48%"
"05/19/2008","3,604.76","3,615.59","3,624.84","3,563.61","4.85B","-0.54%"
"05/16/2008","3,624.23","3,637.64","3,661.07","3,582.50","6.48B","-0.36%"
"05/15/2008","3,637.32","3,676.84","3,706.72","3,636.22","8.40B","-0.55%"
"05/14/2008","3,657.43","3,549.67","3,661.97","3,549.67","8.86B","2.73%"
"05/13/2008","3,560.24","3,515.71","3,615.06","3,508.32","9.07B","-1.84%"
"05/12/2008","3,626.98","3,548.61","3,668.86","3,521.88","7.99B","0.37%"
"05/09/2008","3,613.49","3,682.95","3,693.16","3,552.47","8.79B","-1.19%"
"05/08/2008","3,656.84","3,538.92","3,658.05","3,523.03","7.52B","2.17%"
"05/07/2008","3,579.15","3,716.45","3,774.07","3,577.99","9.05B","-4.13%"
"05/06/2008","3,733.50","3,735.85","3,786.02","3,680.99","9.89B","-0.73%"
"05/05/2008","3,761.01","3,739.80","3,768.22","3,696.70","9.97B","1.84%"
"04/30/2008","3,693.11","3,545.57","3,705.09","3,543.02","10.76B","4.82%"
"04/29/2008","3,523.41","3,457.35","3,544.23","3,453.28","6.72B","1.40%"
"04/28/2008","3,474.72","3,497.38","3,530.91","3,460.26","7.57B","-2.33%"
"04/25/2008","3,557.75","3,572.55","3,658.55","3,527.84","12.96B","-0.71%"
"04/24/2008","3,583.03","3,539.87","3,593.20","3,461.64","14.21B","9.29%"
"04/23/2008","3,278.33","3,116.41","3,296.72","3,089.89","6.62B","4.15%"
"04/22/2008","3,147.79","3,076.72","3,148.73","2,990.79","4.88B","0.99%"
"04/21/2008","3,116.98","3,305.15","3,305.17","3,073.56","6.00B","0.72%"
"04/18/2008","3,094.67","3,200.57","3,203.71","3,078.17","4.37B","-3.97%"
"04/17/2008","3,222.74","3,286.41","3,352.95","3,180.20","4.58B","-2.09%"
"04/16/2008","3,291.60","3,349.93","3,363.22","3,283.08","4.01B","-1.69%"
"04/15/2008","3,348.35","3,282.57","3,349.76","3,212.15","4.47B","1.57%"
"04/14/2008","3,296.67","3,419.05","3,427.88","3,285.30","5.03B","-5.62%"
"04/11/2008","3,492.89","3,498.55","3,517.82","3,462.14","4.33B","0.61%"
"04/10/2008","3,471.74","3,378.14","3,474.31","3,344.87","4.55B","1.69%"
"04/09/2008","3,413.91","3,585.85","3,606.89","3,413.07","5.99B","-5.50%"
"04/08/2008","3,612.54","3,604.26","3,656.96","3,563.85","6.55B","0.36%"
"04/07/2008","3,599.62","3,418.52","3,613.48","3,386.51","6.10B","4.45%"
"04/03/2008","3,446.24","3,323.43","3,456.95","3,271.29","5.09B","2.94%"
"04/02/2008","3,347.88","3,370.60","3,464.53","3,283.64","6.55B","0.56%"
"04/01/2008","3,329.16","3,461.09","3,493.13","3,308.90","5.48B","-4.13%"
"03/31/2008","3,472.71","3,465.91","3,555.82","3,445.56","4.71B","-3.00%"
"03/28/2008","3,580.15","3,378.63","3,590.75","3,357.23","6.33B","4.94%"
"03/27/2008","3,411.49","3,541.28","3,541.28","3,407.90","5.51B","-5.42%"
"03/26/2008","3,606.86","3,644.13","3,698.32","3,591.11","4.63B","-0.63%"
"03/25/2008","3,629.62","3,559.94","3,659.21","3,521.53","5.28B","0.09%"
"03/24/2008","3,626.19","3,830.35","3,840.48","3,624.94","5.90B","-4.49%"
"03/21/2008","3,796.58","3,790.11","3,838.06","3,746.39","6.51B","-0.20%"
"03/20/2008","3,804.05","3,721.50","3,857.62","3,516.33","7.33B","1.13%"
"03/19/2008","3,761.61","3,746.05","3,813.89","3,677.82","6.16B","2.53%"
"03/18/2008","3,668.90","3,789.57","3,862.77","3,607.25","5.79B","-3.96%"
"03/17/2008","3,820.05","3,941.26","3,941.26","3,813.00","4.91B","-3.60%"
"03/14/2008","3,962.67","3,956.75","4,000.78","3,891.70","4.14B","-0.22%"
"03/13/2008","3,971.26","4,033.32","4,055.45","3,902.25","6.37B","-2.43%"
"03/12/2008","4,070.12","4,254.67","4,272.98","4,068.78","5.72B","-2.30%"
"03/11/2008","4,165.88","4,121.65","4,165.91","4,063.47","5.13B","0.47%"
"03/10/2008","4,146.30","4,265.61","4,265.61","4,120.53","6.57B","-3.59%"
"03/07/2008","4,300.52","4,315.81","4,341.30","4,265.83","5.67B","-1.39%"
"03/06/2008","4,360.99","4,310.35","4,427.50","4,260.79","8.49B","1.59%"
"03/05/2008","4,292.65","4,316.25","4,352.82","4,210.96","7.41B","-0.99%"
"03/04/2008","4,335.45","4,454.18","4,472.15","4,321.27","8.70B","-2.32%"
"03/03/2008","4,438.27","4,323.70","4,456.96","4,279.35","7.85B","2.06%"
"02/29/2008","4,348.54","4,293.53","4,364.81","4,275.90","4.78B","1.14%"
"02/28/2008","4,299.51","4,343.28","4,344.93","4,265.50","4.79B","-0.80%"
"02/27/2008","4,334.05","4,256.53","4,360.70","4,222.46","5.05B","2.26%"
"02/26/2008","4,238.18","4,302.73","4,331.64","4,123.31","5.57B","1.09%"
"02/25/2008","4,192.53","4,370.19","4,391.33","4,182.77","5.88B","-4.07%"
"02/22/2008","4,370.28","4,500.39","4,500.39","4,333.03","6.76B","-3.47%"
"02/21/2008","4,527.18","4,534.17","4,568.21","4,452.68","6.13B","-0.87%"
"02/20/2008","4,567.03","4,682.59","4,695.80","4,556.81","6.65B","-2.09%"
"02/19/2008","4,664.30","4,582.28","4,665.55","4,544.94","6.07B","2.10%"
"02/18/2008","4,568.15","4,546.75","4,601.22","4,517.60","5.58B","1.58%"
"02/15/2008","4,497.13","4,523.79","4,523.79","4,431.46","4.14B","-1.21%"
"02/14/2008","4,552.32","4,527.05","4,576.98","4,507.94","3.49B","1.37%"
"02/13/2008","4,490.72","4,525.03","4,547.54","4,454.64","3.69B","-2.37%"
"02/05/2008","4,599.70","4,622.54","4,662.97","4,550.43","5.26B","-1.55%"
"02/04/2008","4,672.17","4,415.02","4,672.21","4,415.02","6.34B","8.13%"
"02/01/2008","4,320.77","4,388.25","4,411.70","4,195.75","5.93B","-1.43%"
"01/31/2008","4,383.39","4,408.02","4,487.32","4,368.30","4.51B","-0.78%"
"01/30/2008","4,417.85","4,505.64","4,554.34","4,330.70","5.51B","-0.90%"
"01/29/2008","4,457.94","4,426.27","4,517.60","4,389.52","5.04B","0.87%"
"01/28/2008","4,419.29","4,720.56","4,720.56","4,409.08","6.94B","-7.19%"
"01/25/2008","4,761.69","4,716.98","4,806.89","4,657.71","7.79B","0.93%"
"01/24/2008","4,717.73","4,753.44","4,767.80","4,625.46","9.00B","0.31%"
"01/23/2008","4,703.05","4,572.90","4,705.07","4,510.50","8.80B","3.14%"
"01/22/2008","4,559.75","4,818.00","4,818.00","4,511.95","9.25B","-7.22%"
"01/21/2008","4,914.44","5,188.80","5,200.93","4,891.28","7.56B","-5.14%"
"01/18/2008","5,180.51","5,141.37","5,187.60","5,093.13","6.86B","0.56%"
"01/17/2008","5,151.63","5,235.91","5,312.29","5,039.79","9.89B","-2.63%"
"01/16/2008","5,290.61","5,395.28","5,396.04","5,288.77","8.93B","-2.81%"
"01/15/2008","5,443.79","5,503.93","5,505.03","5,405.60","8.07B","-0.98%"
"01/14/2008","5,497.90","5,507.58","5,522.78","5,456.93","7.87B","0.24%"
"01/11/2008","5,484.68","5,471.39","5,500.06","5,423.81","8.77B","0.52%"
"01/10/2008","5,456.54","5,449.16","5,483.83","5,407.31","9.66B","0.38%"
"01/09/2008","5,435.81","5,365.22","5,437.76","5,346.85","7.68B","0.91%"
"01/08/2008","5,386.53","5,414.56","5,480.07","5,344.65","10.25B","-0.13%"
"01/07/2008","5,393.34","5,357.45","5,403.35","5,332.60","9.19B","0.59%"
"01/04/2008","5,361.57","5,328.41","5,372.46","5,318.46","8.09B","0.78%"
"01/03/2008","5,319.86","5,269.80","5,321.46","5,211.05","9.85B","0.89%"
"01/02/2008","5,272.81","5,265.00","5,295.02","5,201.89","7.66B","0.21%"
"12/28/2007","5,261.56","5,320.01","5,336.50","5,248.69","7.72B","-0.89%"
"12/27/2007","5,308.89","5,248.22","5,316.52","5,203.50","8.73B","1.44%"
"12/26/2007","5,233.35","5,209.03","5,262.59","5,158.76","7.45B","0.62%"
"12/25/2007","5,201.18","5,233.18","5,254.40","5,178.80","7.10B","-0.63%"
"12/24/2007","5,234.26","5,132.91","5,284.34","5,104.65","8.51B","2.60%"
"12/21/2007","5,101.78","5,017.19","5,112.39","5,013.76","6.61B","1.15%"
"12/20/2007","5,043.53","4,965.29","5,050.78","4,923.30","5.77B","2.06%"
"12/19/2007","4,941.78","4,878.07","4,960.42","4,868.35","5.63B","2.18%"
"12/18/2007","4,836.17","4,856.47","4,905.49","4,812.16","4.06B","-0.83%"
"12/17/2007","4,876.76","5,007.28","5,007.35","4,874.62","6.35B","-2.62%"
"12/14/2007","5,007.91","4,899.75","5,011.20","4,860.16","5.31B","1.01%"
"12/13/2007","4,958.04","5,078.18","5,095.15","4,954.36","6.73B","-2.70%"
"12/12/2007","5,095.54","5,148.25","5,149.93","5,054.56","7.22B","-1.54%"
"12/11/2007","5,175.08","5,180.54","5,209.70","5,103.75","6.68B","0.25%"
"12/10/2007","5,161.92","5,010.83","5,168.76","4,990.72","6.88B","1.38%"
"12/07/2007","5,091.76","5,038.48","5,096.80","5,021.37","5.00B","1.13%"
"12/06/2007","5,035.07","5,055.84","5,065.51","4,995.47","4.32B","-0.15%"
"12/05/2007","5,042.65","4,917.36","5,052.75","4,893.32","5.43B","2.58%"
"12/04/2007","4,915.89","4,882.15","4,971.40","4,882.15","4.28B","0.97%"
"12/03/2007","4,868.61","4,838.56","4,899.67","4,798.01","5.38B","-0.07%"
"11/30/2007","4,871.78","4,993.74","4,993.74","4,861.86","4.33B","-2.63%"
"11/29/2007","5,003.33","4,870.86","5,011.19","4,814.78","5.01B","4.16%"
"11/28/2007","4,803.39","4,870.84","4,907.76","4,778.73","3.28B","-1.19%"
"11/27/2007","4,861.11","4,919.91","4,947.08","4,857.04","3.08B","-1.97%"
"11/26/2007","4,958.85","5,102.53","5,124.89","4,952.43","3.68B","-1.46%"
"11/23/2007","5,032.13","4,946.26","5,034.23","4,896.99","3.09B","0.96%"
"11/22/2007","4,984.16","5,113.88","5,154.86","4,969.89","4.04B","-4.41%"
"11/21/2007","5,214.23","5,307.79","5,344.93","5,206.57","4.12B","-1.50%"
"11/20/2007","5,293.70","5,230.74","5,338.17","5,158.54","4.91B","0.45%"
"11/19/2007","5,269.82","5,325.30","5,333.09","5,240.42","4.11B","-0.87%"
"11/16/2007","5,316.27","5,273.08","5,335.51","5,224.31","3.74B","-0.91%"
"11/15/2007","5,365.27","5,391.02","5,453.74","5,338.90","4.78B","-0.88%"
"11/14/2007","5,412.69","5,246.57","5,414.61","5,165.06","5.10B","4.94%"
"11/13/2007","5,158.12","5,239.34","5,311.70","5,085.44","4.92B","-0.57%"
"11/12/2007","5,187.73","5,181.18","5,250.09","5,032.58","5.26B","-2.40%"
"11/09/2007","5,315.54","5,276.01","5,382.70","5,217.63","4.73B","-0.27%"
"11/08/2007","5,330.02","5,559.15","5,559.15","5,328.20","4.89B","-4.85%"
"11/07/2007","5,601.78","5,565.65","5,610.95","5,469.76","4.27B","1.18%"
"11/06/2007","5,536.57","5,593.35","5,649.75","5,510.16","4.51B","-1.74%"
"11/05/2007","5,634.45","5,748.18","5,787.23","5,603.47","6.41B","-2.48%"
"11/02/2007","5,777.81","5,812.47","5,860.59","5,740.40","5.95B","-2.31%"
"11/01/2007","5,914.28","5,978.94","6,005.13","5,912.50","6.49B","-0.68%"
"10/31/2007","5,954.77","5,984.71","6,002.12","5,871.48","7.10B","0.98%"
"10/30/2007","5,897.19","5,769.20","5,899.65","5,701.34","5.43B","2.60%"
"10/29/2007","5,748.00","5,641.98","5,750.25","5,617.98","5.02B","2.83%"
"10/26/2007","5,589.63","5,498.86","5,628.83","5,462.01","5.15B","0.49%"
"10/25/2007","5,562.39","5,794.22","5,819.88","5,546.04","7.17B","-4.80%"
"10/24/2007","5,843.11","5,804.02","5,906.69","5,793.56","6.03B","1.21%"
"10/23/2007","5,773.39","5,660.07","5,776.02","5,574.84","5.85B","1.87%"
"10/22/2007","5,667.33","5,742.79","5,804.84","5,654.91","5.44B","-2.59%"
"10/19/2007","5,818.05","5,869.12","5,932.11","5,766.86","5.52B","-0.12%"
"10/18/2007","5,825.28","6,031.92","6,055.47","5,804.97","6.98B","-3.50%"
"10/17/2007","6,036.28","6,057.43","6,088.89","5,982.20","7.13B","-0.92%"
"10/16/2007","6,092.06","6,056.95","6,124.04","6,040.71","8.82B","1.03%"
"10/15/2007","6,030.09","5,934.77","6,039.04","5,866.13","9.87B","2.15%"
"10/12/2007","5,903.26","5,950.90","5,959.36","5,658.81","11.91B","-0.17%"
"10/11/2007","5,913.23","5,798.39","5,914.77","5,755.99","9.47B","2.46%"
"10/10/2007","5,771.46","5,742.65","5,860.86","5,727.24","9.24B","0.97%"
"10/09/2007","5,715.89","5,678.91","5,725.41","5,628.35","8.33B","0.41%"
"10/08/2007","5,692.76","5,683.31","5,729.96","5,620.00","9.60B","2.53%"
"09/28/2007","5,552.30","5,461.58","5,560.42","5,461.58","8.06B","2.64%"
"09/27/2007","5,409.40","5,338.11","5,411.19","5,306.82","5.89B","1.33%"
"09/26/2007","5,338.52","5,407.83","5,463.90","5,320.02","6.36B","-1.61%"
"09/25/2007","5,425.88","5,500.27","5,509.23","5,396.48","9.65B","-1.08%"
"09/24/2007","5,485.01","5,469.84","5,506.06","5,404.42","8.18B","0.56%"
"09/21/2007","5,454.67","5,482.51","5,489.07","5,363.35","9.28B","-0.28%"
"09/20/2007","5,470.06","5,408.48","5,482.43","5,396.11","8.65B","1.39%"
"09/19/2007","5,395.27","5,439.02","5,447.36","5,336.07","8.97B","-0.55%"
"09/18/2007","5,425.21","5,446.73","5,458.58","5,339.92","10.27B","0.07%"
"09/17/2007","5,421.39","5,309.06","5,427.17","5,307.77","10.56B","2.06%"
"09/14/2007","5,312.18","5,290.26","5,324.44","5,201.85","9.47B","0.73%"
"09/13/2007","5,273.59","5,193.41","5,276.77","5,178.87","8.65B","1.95%"
"09/12/2007","5,172.63","5,092.58","5,192.30","5,025.34","9.71B","1.15%"
"09/11/2007","5,113.97","5,362.94","5,395.04","5,093.92","11.01B","-4.51%"
"09/10/2007","5,355.29","5,208.32","5,356.86","5,169.90","10.24B","1.48%"
"09/07/2007","5,277.18","5,381.19","5,405.36","5,269.25","11.98B","-2.16%"
"09/06/2007","5,393.66","5,336.67","5,412.32","5,314.34","10.70B","1.56%"
"09/05/2007","5,310.72","5,296.07","5,337.93","5,223.67","9.62B","0.31%"
"09/04/2007","5,294.05","5,333.40","5,357.93","5,265.00","12.04B","-0.51%"
"09/03/2007","5,321.06","5,257.78","5,327.54","5,257.78","12.58B","1.96%"
"08/31/2007","5,218.82","5,184.09","5,235.16","5,158.37","10.36B","0.99%"
"08/30/2007","5,167.88","5,144.11","5,186.53","5,109.66","10.12B","1.14%"
"08/29/2007","5,109.43","5,147.71","5,204.53","5,063.41","10.08B","-1.64%"
"08/28/2007","5,194.69","5,134.14","5,209.51","5,058.45","10.54B","0.87%"
"08/27/2007","5,150.12","5,144.82","5,192.06","5,092.08","11.62B","0.83%"
"08/24/2007","5,107.67","5,070.65","5,125.36","5,052.24","10.90B","1.49%"
"08/23/2007","5,032.49","5,002.84","5,050.38","4,968.33","9.93B","1.05%"
"08/22/2007","4,980.07","4,876.35","4,999.19","4,861.27","10.81B","0.50%"
"08/21/2007","4,955.21","4,944.21","4,982.98","4,917.82","10.42B","1.03%"
"08/20/2007","4,904.85","4,773.83","4,906.00","4,758.40","9.92B","5.33%"
"08/17/2007","4,656.57","4,733.14","4,814.37","4,646.43","9.12B","-2.28%"
"08/16/2007","4,765.45","4,845.02","4,845.02","4,710.31","9.05B","-2.14%"
"08/15/2007","4,869.88","4,875.51","4,916.31","4,762.72","9.05B","-0.06%"
"08/14/2007","4,872.78","4,820.15","4,876.85","4,789.90","8.86B","1.09%"
"08/13/2007","4,820.06","4,768.62","4,872.55","4,728.89","11.42B","1.49%"
"08/10/2007","4,749.37","4,745.18","4,769.62","4,640.77","10.19B","-0.10%"
"08/09/2007","4,754.10","4,658.59","4,768.89","4,658.59","9.77B","1.95%"
"08/08/2007","4,663.16","4,614.59","4,711.32","4,568.69","11.89B","0.26%"
"08/07/2007","4,651.23","4,642.01","4,687.44","4,581.29","11.62B","0.50%"
"08/06/2007","4,628.11","4,600.12","4,629.97","4,564.31","11.17B","1.48%"
"08/03/2007","4,560.77","4,440.98","4,562.69","4,438.96","11.51B","3.47%"
"08/02/2007","4,407.73","4,316.57","4,431.85","4,290.81","9.83B","2.49%"
"08/01/2007","4,300.56","4,488.77","4,502.30","4,284.87","12.63B","-3.81%"
"07/31/2007","4,471.03","4,432.27","4,476.63","4,379.20","10.86B","0.68%"
"07/30/2007","4,440.77","4,348.61","4,450.19","4,345.79","11.26B","2.20%"
"07/27/2007","4,345.36","4,315.37","4,357.34","4,268.79","10.02B","-0.03%"
"07/26/2007","4,346.46","4,347.78","4,371.51","4,304.19","9.92B","0.52%"
"07/25/2007","4,323.97","4,212.95","4,325.38","4,212.23","9.40B","2.70%"
"07/24/2007","4,210.33","4,238.32","4,284.83","4,192.72","11.10B","-0.07%"
"07/23/2007","4,213.36","4,091.24","4,220.32","4,091.24","12.17B","3.81%"
"07/20/2007","4,058.85","3,918.41","4,062.12","3,918.41","8.31B","3.73%"
"07/19/2007","3,912.94","3,918.54","3,947.33","3,887.59","4.87B","-0.44%"
"07/18/2007","3,930.06","3,880.85","3,971.61","3,861.91","6.29B","0.87%"
"07/17/2007","3,896.19","3,809.56","3,919.78","3,767.22","4.87B","1.94%"
"07/16/2007","3,821.92","3,920.65","3,931.87","3,820.57","4.76B","-2.36%"
"07/13/2007","3,914.39","3,920.83","3,935.51","3,878.18","4.60B","-0.04%"
"07/12/2007","3,915.99","3,874.04","3,925.60","3,861.04","5.52B","1.30%"
"07/11/2007","3,865.72","3,837.80","3,879.29","3,812.14","5.14B","0.33%"
"07/10/2007","3,853.02","3,895.91","3,929.42","3,841.80","7.66B","-0.78%"
"07/09/2007","3,883.22","3,809.67","3,900.90","3,782.73","8.35B","2.69%"
"07/06/2007","3,781.35","3,599.82","3,785.35","3,563.54","8.07B","4.58%"
"07/05/2007","3,615.87","3,769.64","3,778.40","3,614.53","6.34B","-5.25%"
"07/04/2007","3,816.16","3,906.01","3,916.47","3,800.28","5.65B","-2.14%"
"07/03/2007","3,899.72","3,854.72","3,906.76","3,821.46","6.97B","1.65%"
"07/02/2007","3,836.29","3,800.23","3,859.86","3,724.19","7.43B","0.41%"
"06/29/2007","3,820.70","3,824.29","3,919.34","3,779.81","8.61B","-2.39%"
"06/28/2007","3,914.20","4,080.19","4,113.28","3,912.81","9.78B","-4.03%"
"06/27/2007","4,078.60","3,985.72","4,090.72","3,948.29","9.51B","2.65%"
"06/26/2007","3,973.37","3,863.25","3,976.19","3,818.85","9.38B","0.82%"
"06/25/2007","3,941.08","4,102.79","4,131.13","3,912.42","10.16B","-3.68%"
"06/22/2007","4,091.45","4,230.97","4,249.43","4,024.49","11.97B","-3.29%"
"06/21/2007","4,230.82","4,170.89","4,256.54","4,147.05","11.29B","1.18%"
"06/20/2007","4,181.32","4,269.45","4,312.00","4,164.27","13.52B","-2.07%"
"06/19/2007","4,269.52","4,247.74","4,280.85","4,209.57","12.46B","0.38%"
"06/18/2007","4,253.35","4,195.39","4,267.74","4,193.31","12.90B","2.92%"
"06/15/2007","4,132.87","4,085.66","4,152.54","4,067.36","10.87B","0.43%"
"06/14/2007","4,115.21","4,162.21","4,179.73","4,085.78","13.84B","-1.47%"
"06/13/2007","4,176.48","4,110.74","4,193.45","4,102.04","16.69B","2.56%"
"06/12/2007","4,072.14","4,011.68","4,073.18","3,910.00","14.95B","1.91%"
"06/11/2007","3,995.68","3,942.01","4,000.42","3,930.74","13.38B","2.11%"
"06/08/2007","3,913.14","3,900.03","3,935.79","3,852.05","13.59B","0.57%"
"06/07/2007","3,890.80","3,787.70","3,891.40","3,779.50","14.24B","3.03%"
"06/06/2007","3,776.32","3,781.38","3,821.70","3,682.79","14.59B","0.24%"
"06/05/2007","3,767.10","3,564.43","3,768.56","3,404.15","15.71B","2.63%"
"06/04/2007","3,670.40","3,981.82","3,987.27","3,659.09","11.49B","-8.26%"
"06/01/2007","4,000.74","4,120.63","4,181.28","3,966.98","16.09B","-2.65%"
"05/31/2007","4,109.65","4,006.28","4,178.11","3,858.04","17.31B","1.40%"
"05/30/2007","4,053.09","4,087.41","4,275.24","4,015.51","18.56B","-6.50%"
"05/29/2007","4,334.92","4,288.98","4,335.96","4,262.02","17.21B","1.47%"
"05/28/2007","4,272.11","4,221.58","4,283.93","4,215.24","17.86B","2.21%"
"05/25/2007","4,179.78","4,133.19","4,190.47","4,111.26","15.42B","0.69%"
"05/24/2007","4,151.13","4,188.68","4,208.39","4,089.39","18.10B","-0.54%"
"05/23/2007","4,173.71","4,125.43","4,175.44","4,093.91","16.14B","1.54%"
"05/22/2007","4,110.38","4,091.14","4,136.63","4,086.82","17.36B","0.94%"
"05/21/2007","4,072.22","3,902.35","4,083.42","3,892.97","15.62B","1.04%"
"05/18/2007","4,030.26","4,041.39","4,052.10","3,999.16","13.08B","-0.45%"
"05/17/2007","4,048.29","4,002.49","4,064.28","3,982.99","13.93B","1.56%"
"05/16/2007","3,986.04","3,890.81","3,987.41","3,845.23","13.17B","2.23%"
"05/15/2007","3,899.18","4,055.83","4,069.85","3,891.36","15.67B","-3.64%"
"05/14/2007","4,046.39","3,970.66","4,081.43","3,940.36","13.93B","0.61%"
"05/11/2007","4,021.68","4,024.42","4,039.67","3,949.37","14.06B","-0.69%"
"05/10/2007","4,049.70","4,021.42","4,072.14","3,991.48","17.11B","0.91%"
"05/09/2007","4,013.09","3,961.10","4,015.22","3,875.38","20.84B","1.60%"
"05/08/2007","3,950.01","3,937.94","3,964.71","3,901.33","16.06B","2.83%"
"04/30/2007","3,841.27","3,784.27","3,851.35","3,759.48","14.65B","2.16%"
"04/27/2007","3,759.87","3,788.75","3,802.92","3,720.60","13.22B","-0.61%"
"04/26/2007","3,783.06","3,766.48","3,784.68","3,732.60","11.73B","1.04%"
"04/25/2007","3,743.96","3,708.57","3,769.25","3,653.99","15.18B","0.63%"
"04/24/2007","3,720.53","3,736.15","3,762.39","3,689.13","17.44B","0.26%"
"04/23/2007","3,710.89","3,615.79","3,710.89","3,615.79","16.35B","3.53%"
"04/20/2007","3,584.20","3,460.90","3,591.46","3,460.90","13.89B","3.92%"
"04/19/2007","3,449.02","3,610.02","3,617.44","3,358.93","17.27B","-4.52%"
"04/18/2007","3,612.40","3,614.68","3,623.87","3,564.23","15.05B","0.01%"
"04/17/2007","3,611.87","3,611.63","3,622.89","3,510.50","16.07B","0.43%"
"04/16/2007","3,596.44","3,523.22","3,597.22","3,523.22","13.10B","2.22%"
"04/13/2007","3,518.27","3,537.22","3,563.86","3,504.16","15.07B","-0.36%"
"04/12/2007","3,531.03","3,503.23","3,532.86","3,488.08","13.54B","1.02%"
"04/11/2007","3,495.22","3,454.42","3,497.52","3,428.78","14.76B","1.48%"
"04/10/2007","3,444.29","3,405.23","3,444.37","3,351.11","14.78B","1.33%"
"04/09/2007","3,398.95","3,333.42","3,399.51","3,333.26","13.73B","2.27%"
"04/06/2007","3,323.59","3,287.68","3,334.22","3,273.86","11.96B","0.13%"
"04/05/2007","3,319.14","3,286.16","3,326.92","3,259.63","11.45B","0.84%"
"04/04/2007","3,291.54","3,295.98","3,308.15","3,266.56","11.26B","0.01%"
"04/03/2007","3,291.30","3,265.68","3,292.58","3,251.52","10.86B","1.19%"
"04/02/2007","3,252.59","3,196.59","3,253.43","3,196.59","9.74B","2.15%"
"03/30/2007","3,183.98","3,178.50","3,212.39","3,157.03","8.94B","-0.42%"
"03/29/2007","3,197.54","3,179.80","3,273.73","3,176.53","14.95B","0.77%"
"03/28/2007","3,173.02","3,140.68","3,180.33","3,052.08","16.73B","1.09%"
"03/27/2007","3,138.83","3,126.03","3,145.04","3,103.78","12.46B","0.51%"
"03/26/2007","3,122.81","3,083.94","3,123.18","3,069.47","12.27B","1.58%"
"03/23/2007","3,074.29","3,071.81","3,085.32","3,008.15","11.87B","0.10%"
"03/22/2007","3,071.22","3,080.60","3,099.82","3,059.38","12.61B","0.45%"
"03/21/2007","3,057.38","3,042.10","3,057.71","3,020.95","9.92B","0.83%"
"03/20/2007","3,032.20","3,024.78","3,033.02","2,998.80","9.28B","0.59%"
"03/19/2007","3,014.44","2,864.26","3,038.00","2,852.86","11.00B","2.87%"
"03/16/2007","2,930.48","2,964.09","2,979.71","2,899.03","12.27B","-0.72%"
"03/15/2007","2,951.70","2,905.98","2,955.46","2,905.98","10.17B","1.56%"
"03/14/2007","2,906.33","2,933.68","2,934.45","2,868.81","11.37B","-1.97%"
"03/13/2007","2,964.79","2,958.10","2,966.19","2,932.23","10.72B","0.33%"
"03/12/2007","2,954.91","2,945.92","2,958.63","2,904.74","10.15B","0.58%"
"03/09/2007","2,937.91","2,934.49","2,962.42","2,891.81","10.71B","0.34%"
"03/08/2007","2,928.01","2,904.18","2,928.80","2,871.46","8.90B","1.08%"
"03/07/2007","2,896.59","2,851.75","2,911.42","2,849.65","8.79B","1.99%"
"03/06/2007","2,840.18","2,776.17","2,866.33","2,756.96","7.70B","1.97%"
"03/05/2007","2,785.31","2,827.68","2,858.44","2,723.07","10.69B","-1.63%"
"03/02/2007","2,831.53","2,792.94","2,846.16","2,777.80","9.39B","1.23%"
"03/01/2007","2,797.19","2,877.20","2,878.36","2,760.91","12.74B","-2.91%"
"02/28/2007","2,881.07","2,734.59","2,888.90","2,732.88","12.15B","3.94%"
"02/27/2007","2,771.79","3,048.83","3,049.77","2,763.39","16.14B","-8.84%"
"02/26/2007","3,040.60","2,999.09","3,041.34","2,960.74","11.21B","1.41%"
"02/16/2007","2,998.47","3,018.18","3,036.35","2,975.83","11.79B","0.18%"
"02/15/2007","2,993.01","2,923.67","2,994.62","2,923.67","10.88B","3.03%"
"02/14/2007","2,905.09","2,836.82","2,915.06","2,823.38","9.40B","2.59%"
"02/13/2007","2,831.87","2,819.14","2,835.09","2,801.31","7.90B","0.88%"
"02/12/2007","2,807.17","2,729.84","2,807.51","2,728.78","7.90B","2.81%"
"02/09/2007","2,730.39","2,741.48","2,747.94","2,704.36","8.09B","-0.27%"
"02/08/2007","2,737.73","2,725.14","2,751.16","2,691.27","8.84B","0.79%"
"02/07/2007","2,716.18","2,688.96","2,745.39","2,681.33","9.49B","1.51%"
"02/06/2007","2,675.70","2,612.84","2,677.04","2,541.53","8.66B","2.42%"
"02/05/2007","2,612.54","2,658.07","2,672.35","2,610.33","6.92B","-2.27%"
"02/02/2007","2,673.21","2,791.49","2,796.44","2,666.86","8.54B","-4.03%"
"02/01/2007","2,785.43","2,744.81","2,801.69","2,706.29","9.34B","-0.03%"
"01/31/2007","2,786.34","2,926.07","2,929.65","2,766.75","11.43B","-4.92%"
"01/30/2007","2,930.56","2,959.40","2,980.51","2,901.76","11.19B","-0.50%"
"01/29/2007","2,945.26","2,897.25","2,954.34","2,885.86","11.21B","2.18%"
"01/26/2007","2,882.56","2,805.96","2,905.98","2,720.83","10.96B","0.88%"
"01/25/2007","2,857.36","2,946.50","2,947.15","2,853.82","11.72B","-3.96%"
"01/24/2007","2,975.13","2,955.42","2,994.28","2,927.72","12.21B","0.88%"
"01/23/2007","2,949.14","2,964.69","2,970.68","2,851.92","14.28B","0.54%"
"01/22/2007","2,933.19","2,857.90","2,934.65","2,857.90","13.86B","3.57%"
"01/19/2007","2,832.21","2,761.89","2,833.45","2,761.89","12.21B","2.73%"
"01/18/2007","2,756.98","2,760.94","2,784.04","2,679.70","11.23B","-0.79%"
"01/17/2007","2,778.90","2,828.40","2,870.42","2,742.59","12.74B","-1.49%"
"01/16/2007","2,821.02","2,818.66","2,830.80","2,757.20","11.12B","0.94%"
"01/15/2007","2,794.70","2,660.07","2,795.33","2,658.88","9.18B","4.74%"
"01/12/2007","2,668.11","2,745.32","2,782.03","2,652.58","10.73B","-3.68%"
"01/11/2007","2,770.11","2,819.37","2,841.18","2,763.89","12.16B","-1.96%"
"01/10/2007","2,825.58","2,838.11","2,841.74","2,770.99","11.18B","0.63%"
"01/09/2007","2,807.80","2,711.05","2,809.39","2,691.36","11.08B","3.72%"
"01/08/2007","2,707.20","2,621.07","2,708.44","2,620.62","10.68B","2.49%"
"01/05/2007","2,641.33","2,668.58","2,685.80","2,617.02","10.62B","-2.74%"
"01/04/2007","2,715.72","2,728.19","2,847.61","2,684.82","12.02B","1.50%"
"12/29/2006","2,675.47","2,585.42","2,698.90","2,585.42","8.68B","4.20%"
"12/28/2006","2,567.59","2,538.95","2,611.79","2,530.33","7.87B","1.23%"
"12/27/2006","2,536.39","2,478.06","2,538.66","2,461.07","7.21B","2.28%"
"12/26/2006","2,479.73","2,437.85","2,505.70","2,424.94","7.23B","1.81%"
"12/25/2006","2,435.76","2,350.13","2,452.43","2,350.13","7.39B","3.93%"
"12/22/2006","2,343.67","2,334.27","2,366.69","2,321.92","7.05B","0.03%"
"12/21/2006","2,342.94","2,372.46","2,386.82","2,339.91","8.32B","-1.28%"
"12/20/2006","2,373.20","2,356.26","2,381.13","2,332.93","7.83B","0.38%"
"12/19/2006","2,364.18","2,342.18","2,381.63","2,315.99","8.71B","1.36%"
"12/18/2006","2,332.43","2,277.28","2,335.23","2,277.28","7.83B","2.57%"
"12/15/2006","2,273.91","2,255.24","2,275.49","2,241.20","6.06B","1.10%"
"12/14/2006","2,249.11","2,226.00","2,250.32","2,212.91","5.84B","1.15%"
"12/13/2006","2,223.45","2,224.43","2,244.41","2,195.64","5.75B","0.20%"
"12/12/2006","2,218.95","2,189.69","2,228.64","2,180.37","7.02B","1.76%"
"12/11/2006","2,180.50","2,085.06","2,181.16","2,084.27","6.27B","4.15%"
"12/08/2006","2,093.64","2,133.36","2,164.02","2,090.40","8.09B","-2.93%"
"12/07/2006","2,156.75","2,152.59","2,206.51","2,145.79","9.93B","0.01%"
"12/06/2006","2,156.60","2,175.38","2,192.90","2,097.42","10.43B","-0.77%"
"12/05/2006","2,173.28","2,167.36","2,195.53","2,159.32","8.82B","0.54%"
"12/04/2006","2,161.65","2,103.82","2,164.59","2,100.56","8.72B","2.84%"
"12/01/2006","2,102.05","2,106.30","2,112.58","2,087.60","7.62B","0.13%"
"11/30/2006","2,099.29","2,058.77","2,102.06","2,058.77","7.28B","2.20%"
"11/29/2006","2,054.09","2,005.99","2,059.73","1,992.54","5.60B","0.75%"
"11/28/2006","2,038.72","2,042.38","2,051.49","2,016.47","5.51B","-0.42%"
"11/27/2006","2,047.28","2,042.19","2,049.54","2,022.38","5.78B","-0.17%"
"11/24/2006","2,050.81","2,051.47","2,057.91","2,022.62","6.12B","-0.56%"
"11/23/2006","2,062.36","2,045.08","2,071.24","2,042.15","6.07B","1.03%"
"11/22/2006","2,041.36","2,031.30","2,062.80","2,010.79","6.49B","0.19%"
"11/21/2006","2,037.55","2,013.07","2,037.74","1,988.93","5.39B","1.00%"
"11/20/2006","2,017.28","1,977.53","2,018.00","1,977.53","5.91B","2.31%"
"11/17/2006","1,971.79","1,934.64","1,972.61","1,925.15","4.94B","1.56%"
"11/16/2006","1,941.55","1,930.93","1,976.05","1,926.72","6.40B","0.97%"
"11/15/2006","1,922.93","1,888.54","1,923.14","1,878.69","4.67B","1.84%"
"11/14/2006","1,888.24","1,868.17","1,888.43","1,841.82","4.32B","1.31%"
"11/13/2006","1,863.77","1,878.70","1,905.90","1,852.10","5.00B","-1.04%"
"11/10/2006","1,883.35","1,896.93","1,920.18","1,870.96","6.28B","-0.69%"
"11/09/2006","1,896.48","1,860.95","1,899.10","1,858.60","4.41B","1.59%"
"11/08/2006","1,866.82","1,885.86","1,886.26","1,865.22","3.78B","-1.20%"
"11/07/2006","1,889.53","1,889.53","1,897.41","1,862.93","5.48B","0.17%"
"11/06/2006","1,886.31","1,853.19","1,886.52","1,846.01","4.95B","1.07%"
"11/03/2006","1,866.36","1,851.40","1,873.66","1,850.15","4.99B","0.81%"
"11/02/2006","1,851.31","1,856.92","1,857.14","1,834.84","5.17B","-0.24%"
"11/01/2006","1,855.71","1,838.68","1,855.89","1,833.20","4.78B","0.96%"
"10/31/2006","1,837.99","1,811.47","1,839.32","1,811.47","4.66B","1.57%"
"10/30/2006","1,809.66","1,804.37","1,815.61","1,788.29","4.53B","0.14%"
"10/27/2006","1,807.17","1,836.21","1,842.73","1,803.21","7.37B","-0.19%"
"10/26/2006","1,810.65","1,804.89","1,816.76","1,791.95","4.87B","0.22%"
"10/25/2006","1,806.65","1,807.03","1,825.61","1,789.90","4.45B","0.08%"
"10/24/2006","1,805.18","1,756.46","1,805.27","1,756.46","3.99B","2.60%"
"10/23/2006","1,759.39","1,789.64","1,797.43","1,753.49","4.44B","-1.73%"
"10/20/2006","1,790.36","1,792.60","1,801.33","1,786.34","4.15B","-0.11%"
"10/19/2006","1,792.25","1,788.58","1,799.29","1,784.35","4.15B","0.28%"
"10/18/2006","1,787.18","1,762.40","1,787.74","1,760.88","3.68B","1.32%"
"10/17/2006","1,763.90","1,768.63","1,777.60","1,758.31","3.93B","-0.42%"
"10/16/2006","1,771.30","1,787.70","1,789.17","1,766.31","4.68B","-0.75%"
"10/13/2006","1,784.66","1,776.51","1,792.87","1,773.23","4.25B","0.36%"
"10/12/2006","1,778.18","1,790.63","1,792.24","1,774.14","5.32B","-0.67%"
"10/11/2006","1,790.10","1,784.52","1,792.76","1,771.02","4.93B","0.29%"
"10/10/2006","1,784.86","1,784.22","1,793.14","1,771.86","5.51B","-0.03%"
"10/09/2006","1,785.38","1,768.14","1,786.11","1,763.11","5.29B","1.88%"
"09/29/2006","1,752.42","1,740.06","1,755.69","1,740.06","4.12B","0.89%"
"09/28/2006","1,736.96","1,725.52","1,740.79","1,722.22","3.40B","0.69%"
"09/27/2006","1,725.04","1,711.51","1,725.50","1,709.77","2.92B","0.72%"
"09/26/2006","1,712.64","1,720.78","1,721.58","1,704.77","3.31B","-0.56%"
"09/25/2006","1,722.37","1,722.74","1,732.28","1,709.77","4.02B","-0.17%"
"09/22/2006","1,725.36","1,744.61","1,746.62","1,724.10","4.48B","-0.89%"
"09/21/2006","1,740.90","1,731.59","1,743.63","1,731.22","3.95B","0.49%"
"09/20/2006","1,732.45","1,733.64","1,737.73","1,720.84","3.88B","-0.16%"
"09/19/2006","1,735.24","1,735.30","1,743.02","1,728.29","4.35B","0.13%"
"09/18/2006","1,732.99","1,727.91","1,733.41","1,719.16","4.48B","0.69%"
"09/15/2006","1,721.05","1,689.61","1,722.66","1,689.51","4.70B","1.86%"
"09/14/2006","1,689.69","1,689.63","1,696.62","1,672.88","3.39B","0.02%"
"09/13/2006","1,689.39","1,695.35","1,713.99","1,687.05","4.30B","-0.38%"
"09/12/2006","1,695.86","1,675.20","1,699.59","1,673.44","3.74B","1.25%"
"09/11/2006","1,674.97","1,668.16","1,675.09","1,653.01","3.06B","0.42%"
"09/08/2006","1,667.98","1,659.70","1,671.31","1,658.67","2.66B","0.41%"
"09/07/2006","1,661.19","1,683.78","1,683.89","1,655.41","3.15B","-0.65%"
"09/06/2006","1,672.12","1,665.13","1,672.26","1,656.86","3.36B","0.48%"
"09/05/2006","1,664.08","1,659.74","1,669.90","1,657.05","4.05B","0.40%"
"09/04/2006","1,657.52","1,635.33","1,657.69","1,635.12","3.31B","1.27%"
"09/01/2006","1,636.69","1,658.66","1,660.52","1,634.03","3.60B","-1.32%"
"08/31/2006","1,658.64","1,655.90","1,661.47","1,650.00","3.51B","0.21%"
"08/30/2006","1,655.19","1,648.35","1,656.23","1,640.28","3.14B","0.25%"
"08/29/2006","1,651.02","1,652.67","1,667.53","1,649.59","4.81B","0.04%"
"08/28/2006","1,650.44","1,627.12","1,651.29","1,624.28","3.93B","1.69%"
"08/25/2006","1,623.03","1,622.48","1,630.05","1,619.73","2.78B","0.00%"
"08/24/2006","1,623.02","1,612.70","1,623.17","1,601.89","2.51B","0.66%"
"08/23/2006","1,612.40","1,614.39","1,621.40","1,608.74","2.72B","-0.06%"
"08/22/2006","1,613.36","1,601.52","1,619.07","1,598.78","2.67B","0.76%"
"08/21/2006","1,601.15","1,565.46","1,602.13","1,558.10","2.34B","0.20%"
"08/18/2006","1,598.02","1,601.57","1,614.37","1,596.56","2.40B","-0.33%"
"08/17/2006","1,603.33","1,612.41","1,612.41","1,592.85","2.34B","-0.81%"
"08/16/2006","1,616.41","1,596.06","1,616.45","1,591.86","2.86B","1.30%"
"08/15/2006","1,595.66","1,568.27","1,596.65","1,564.40","2.03B","1.59%"
"08/14/2006","1,570.74","1,605.20","1,611.66","1,566.72","2.57B","-2.19%"
"08/11/2006","1,605.93","1,605.60","1,610.76","1,596.22","2.35B","-0.01%"
"08/10/2006","1,606.07","1,578.35","1,606.94","1,577.86","2.63B","1.74%"
"08/09/2006","1,578.57","1,581.80","1,585.17","1,571.71","2.16B","-0.13%"
"08/08/2006","1,580.58","1,547.90","1,581.75","1,547.90","2.34B","2.14%"
"08/07/2006","1,547.44","1,561.80","1,570.05","1,541.41","2.41B","-1.45%"
"08/04/2006","1,570.15","1,601.61","1,612.10","1,567.25","2.59B","-1.93%"
"08/03/2006","1,601.06","1,599.75","1,609.42","1,587.12","2.08B","0.01%"
"08/02/2006","1,600.87","1,598.76","1,608.78","1,577.90","2.79B","0.02%"
"08/01/2006","1,600.61","1,619.63","1,625.04","1,596.66","3.23B","-0.75%"
"07/31/2006","1,612.73","1,659.54","1,659.54","1,611.16","3.37B","-2.97%"
"07/28/2006","1,662.03","1,674.43","1,678.53","1,646.35","3.33B","-0.78%"
"07/27/2006","1,675.17","1,685.35","1,701.61","1,665.39","3.62B","-0.68%"
"07/26/2006","1,686.65","1,688.54","1,691.43","1,675.66","3.12B","0.07%"
"07/25/2006","1,685.46","1,668.14","1,690.61","1,668.14","3.42B","1.17%"
"07/24/2006","1,665.94","1,648.75","1,667.62","1,632.69","3.12B","0.04%"
"07/21/2006","1,665.33","1,653.81","1,669.29","1,653.51","3.00B","0.62%"
"07/20/2006","1,655.12","1,642.62","1,658.05","1,636.26","2.87B","0.61%"
"07/19/2006","1,645.16","1,681.77","1,681.77","1,637.49","3.51B","-2.32%"
"07/18/2006","1,684.25","1,682.36","1,684.67","1,666.31","3.14B","0.08%"
"07/17/2006","1,682.89","1,662.05","1,684.34","1,653.60","3.22B","1.06%"
"07/14/2006","1,665.21","1,641.14","1,676.75","1,633.90","4.16B","0.57%"
"07/13/2006","1,655.77","1,736.21","1,737.60","1,654.49","6.75B","-4.84%"
"07/12/2006","1,740.00","1,745.88","1,753.28","1,738.00","4.88B","-0.33%"
"07/11/2006","1,745.81","1,736.99","1,746.72","1,725.23","4.01B","0.66%"
"07/10/2006","1,734.33","1,730.70","1,737.03","1,715.83","3.90B","0.24%"
"07/07/2006","1,730.19","1,746.52","1,750.03","1,724.67","4.94B","-0.65%"
"07/06/2006","1,741.47","1,715.28","1,742.20","1,711.65","5.01B","1.33%"
"07/05/2006","1,718.56","1,755.22","1,757.47","1,703.59","6.07B","2.20%"
"07/04/2006","1,681.55","1,700.32","1,702.66","1,670.13","5.43B","-0.93%"
"07/03/2006","1,697.28","1,677.31","1,697.83","1,670.02","4.86B","1.50%"
"06/30/2006","1,672.21","1,679.72","1,690.95","1,662.28","4.98B","0.04%"
"06/29/2006","1,671.62","1,641.93","1,672.10","1,641.93","5.18B","1.97%"
"06/28/2006","1,639.29","1,638.23","1,642.35","1,627.07","3.32B","-0.02%"
"06/27/2006","1,639.55","1,636.70","1,642.57","1,627.59","3.65B","0.37%"
"06/26/2006","1,633.45","1,607.79","1,635.80","1,607.79","3.95B","1.73%"
"06/23/2006","1,605.71","1,594.49","1,608.11","1,582.02","3.50B","0.60%"
"06/22/2006","1,596.07","1,593.10","1,605.25","1,587.80","3.25B","-0.13%"
"06/21/2006","1,598.12","1,590.61","1,617.71","1,570.08","3.97B","0.36%"
"06/20/2006","1,592.33","1,583.87","1,592.83","1,572.58","3.55B","0.38%"
"06/19/2006","1,586.29","1,559.98","1,591.85","1,544.93","3.56B","0.75%"
"06/16/2006","1,574.47","1,540.19","1,574.47","1,540.19","3.36B","2.64%"
"06/15/2006","1,533.98","1,531.25","1,551.30","1,528.23","2.85B","0.17%"
"06/14/2006","1,531.33","1,540.63","1,540.63","1,512.52","3.24B","-1.11%"
"06/13/2006","1,548.49","1,552.10","1,570.10","1,532.06","3.25B","-0.28%"
"06/12/2006","1,552.80","1,540.22","1,566.45","1,529.50","3.15B","0.09%"
"06/09/2006","1,551.38","1,583.96","1,594.44","1,550.20","4.70B","-2.52%"
"06/08/2006","1,591.49","1,576.43","1,596.12","1,540.93","5.46B","0.12%"
"06/07/2006","1,589.55","1,678.24","1,678.24","1,588.97","6.51B","-5.33%"
"06/06/2006","1,679.13","1,681.22","1,692.83","1,672.81","5.84B","-0.33%"
"06/05/2006","1,684.62","1,669.24","1,685.29","1,639.68","6.73B","0.91%"
"06/02/2006","1,669.40","1,688.78","1,695.58","1,659.14","7.81B","-0.88%"
"06/01/2006","1,684.19","1,639.67","1,684.71","1,635.75","6.78B","2.61%"
"05/31/2006","1,641.30","1,656.28","1,667.23","1,628.68","5.70B","-0.96%"
"05/30/2006","1,657.29","1,654.98","1,663.93","1,634.90","5.31B","0.53%"
"05/29/2006","1,648.54","1,622.11","1,648.84","1,609.01","5.17B","2.15%"
"05/26/2006","1,613.89","1,596.57","1,614.55","1,593.09","4.37B","1.41%"
"05/25/2006","1,591.42","1,585.47","1,598.56","1,563.86","4.10B","0.03%"
"05/24/2006","1,590.92","1,609.74","1,634.59","1,562.39","5.73B","-0.85%"
"05/23/2006","1,604.55","1,647.96","1,648.53","1,597.10","6.99B","-3.21%"
"05/22/2006","1,657.69","1,656.75","1,674.22","1,646.68","7.73B","-0.11%"
"05/19/2006","1,659.55","1,620.21","1,664.61","1,610.04","7.71B","2.61%"
"05/18/2006","1,617.28","1,611.66","1,630.07","1,582.96","6.06B","-0.48%"
"05/17/2006","1,625.15","1,613.23","1,640.69","1,592.18","7.10B","0.74%"
"05/16/2006","1,613.25","1,658.69","1,678.60","1,604.78","8.83B","-3.06%"
"05/15/2006","1,664.09","1,616.26","1,664.94","1,606.57","8.77B","3.82%"
"05/12/2006","1,602.83","1,532.88","1,603.21","1,531.23","6.84B","4.26%"
"05/11/2006","1,537.38","1,547.56","1,583.76","1,536.29","7.32B","-0.54%"
"05/10/2006","1,545.69","1,537.56","1,554.03","1,518.34","6.27B","0.95%"
"05/09/2006","1,531.16","1,503.24","1,532.75","1,497.99","6.47B","2.28%"
"05/08/2006","1,497.10","1,446.99","1,497.20","1,446.99","5.16B","3.95%"
"04/28/2006","1,440.22","1,403.52","1,444.71","1,389.35","4.46B","1.66%"
"04/27/2006","1,416.73","1,418.90","1,424.46","1,407.14","3.76B","-0.05%"
"04/26/2006","1,417.48","1,399.07","1,426.63","1,397.35","4.84B","1.27%"
"04/25/2006","1,399.77","1,405.90","1,409.27","1,386.13","4.32B","-0.71%"
"04/24/2006","1,409.79","1,423.41","1,429.06","1,402.27","5.20B","-0.49%"
"04/21/2006","1,416.79","1,385.92","1,419.89","1,383.45","4.56B","2.23%"
"04/20/2006","1,385.90","1,398.10","1,404.19","1,376.96","4.33B","-0.77%"
"04/19/2006","1,396.70","1,389.13","1,399.55","1,378.80","4.06B","0.84%"
"04/18/2006","1,385.11","1,379.81","1,391.38","1,370.15","3.68B","0.47%"
"04/17/2006","1,378.61","1,360.64","1,383.65","1,353.40","4.22B","1.40%"
"04/14/2006","1,359.54","1,330.10","1,360.09","1,328.43","3.79B","2.04%"
"04/13/2006","1,332.33","1,359.28","1,364.32","1,331.68","4.13B","-2.04%"
"04/12/2006","1,360.13","1,361.74","1,364.69","1,355.65","3.71B","-0.15%"
"04/11/2006","1,362.23","1,360.98","1,366.52","1,350.32","4.39B","0.23%"
"04/10/2006","1,359.08","1,344.24","1,359.41","1,339.52","4.14B","1.20%"
"04/07/2006","1,342.96","1,340.65","1,345.29","1,330.51","4.07B","0.24%"
"04/06/2006","1,339.74","1,341.74","1,348.52","1,336.14","4.17B","-0.03%"
"04/05/2006","1,340.16","1,330.56","1,341.50","1,326.53","3.78B","0.78%"
"04/04/2006","1,329.80","1,319.84","1,330.11","1,315.33","3.71B","0.78%"
"04/03/2006","1,319.47","1,298.68","1,319.48","1,298.68","3.28B","1.63%"
"03/31/2006","1,298.30","1,291.52","1,298.75","1,285.73","2.66B","0.28%"
"03/30/2006","1,294.72","1,305.84","1,308.50","1,293.83","2.60B","-0.83%"
"03/29/2006","1,305.57","1,299.38","1,313.12","1,296.59","3.42B","0.52%"
"03/28/2006","1,298.79","1,295.76","1,302.65","1,293.00","2.50B","0.22%"
"03/27/2006","1,295.91","1,296.07","1,296.59","1,283.68","2.06B","0.09%"
"03/24/2006","1,294.70","1,302.14","1,308.06","1,293.30","2.44B","-0.60%"
"03/23/2006","1,302.46","1,296.19","1,302.79","1,289.53","2.55B","0.44%"
"03/22/2006","1,296.71","1,289.46","1,296.91","1,281.13","2.23B","0.49%"
"03/21/2006","1,290.39","1,288.56","1,297.61","1,285.43","2.43B","0.15%"
"03/20/2006","1,288.42","1,269.58","1,288.97","1,264.41","2.03B","1.49%"
"03/17/2006","1,269.46","1,273.01","1,276.63","1,265.61","1.88B","-0.37%"
"03/16/2006","1,274.19","1,274.62","1,277.19","1,270.83","1.83B","-0.05%"
"03/15/2006","1,274.81","1,259.23","1,275.52","1,258.15","1.85B","1.25%"
"03/14/2006","1,259.04","1,260.42","1,262.75","1,250.28","1.49B","-0.05%"
"03/13/2006","1,259.67","1,245.30","1,260.07","1,245.30","1.38B","1.13%"
"03/10/2006","1,245.65","1,245.19","1,253.91","1,240.75","1.41B","0.04%"
"03/09/2006","1,245.17","1,247.46","1,253.76","1,242.68","1.54B","-0.42%"
"03/08/2006","1,250.38","1,256.68","1,258.24","1,238.16","1.98B","-0.76%"
"03/07/2006","1,259.92","1,288.26","1,288.26","1,257.54","2.27B","-2.25%"
"03/06/2006","1,288.95","1,292.75","1,296.85","1,286.64","2.03B","-0.34%"
"03/03/2006","1,293.30","1,284.61","1,295.41","1,275.62","2.49B","0.59%"
"03/02/2006","1,285.67","1,306.59","1,307.64","1,281.57","2.84B","-1.60%"
"03/01/2006","1,306.59","1,299.15","1,308.20","1,297.76","2.36B","0.58%"
"02/28/2006","1,299.03","1,294.81","1,299.47","1,277.74","2.36B","0.14%"
"02/27/2006","1,297.19","1,297.69","1,304.61","1,293.47","2.68B","0.02%"
"02/24/2006","1,296.87","1,289.43","1,297.34","1,286.96","2.36B","0.62%"
"02/23/2006","1,288.85","1,284.13","1,289.94","1,273.94","2.29B","0.36%"
"02/22/2006","1,284.23","1,288.85","1,297.94","1,282.91","2.85B","-0.33%"
"02/21/2006","1,288.42","1,266.64","1,288.55","1,256.81","2.67B","1.65%"
"02/20/2006","1,267.54","1,268.11","1,279.42","1,265.38","2.15B","0.01%"
"02/17/2006","1,267.41","1,269.40","1,280.04","1,265.14","2.59B","-0.25%"
"02/16/2006","1,270.63","1,298.50","1,298.50","1,268.56","3.24B","-2.20%"
"02/15/2006","1,299.17","1,289.14","1,300.99","1,288.64","3.01B","1.00%"
"02/14/2006","1,286.33","1,279.63","1,286.42","1,275.85","2.25B","0.52%"
"02/13/2006","1,279.64","1,283.78","1,284.95","1,267.56","2.61B","-0.24%"
"02/10/2006","1,282.66","1,269.54","1,284.10","1,266.22","2.63B","1.04%"
"02/09/2006","1,269.45","1,288.97","1,288.97","1,266.81","2.91B","-1.60%"
"02/08/2006","1,290.06","1,282.12","1,291.74","1,276.02","3.29B","0.62%"
"02/07/2006","1,282.10","1,289.45","1,297.40","1,270.40","3.84B","-0.43%"
"02/06/2006","1,287.63","1,263.00","1,287.66","1,263.00","2.92B","2.35%"
"02/05/2006","1,258.05","1,251.27","1,260.17","1,245.92","2.66B","0.00%"
"01/25/2006","1,258.05","1,251.27","1,260.17","1,245.92","2.66B","0.48%"
"01/24/2006","1,252.06","1,256.01","1,262.09","1,247.01","2.97B","-0.30%"
"01/23/2006","1,255.77","1,254.78","1,257.35","1,244.27","2.90B","0.04%"
"01/20/2006","1,255.31","1,251.41","1,258.70","1,247.20","3.32B","0.30%"
"01/19/2006","1,251.58","1,235.08","1,251.96","1,230.85","3.36B","1.48%"
"01/18/2006","1,233.35","1,207.53","1,234.53","1,206.36","2.67B","2.06%"
"01/17/2006","1,208.44","1,200.26","1,209.02","1,198.84","1.97B","0.46%"
"01/16/2006","1,202.87","1,221.11","1,221.39","1,202.59","2.53B","-1.52%"
"01/13/2006","1,221.46","1,228.16","1,231.22","1,214.88","2.77B","-0.43%"
"01/12/2006","1,226.70","1,208.77","1,227.30","1,205.28","2.70B","1.29%"
"01/11/2006","1,211.05","1,219.81","1,223.56","1,204.04","3.06B","-0.78%"
"01/10/2006","1,220.62","1,215.85","1,220.76","1,203.65","2.68B","0.41%"
"01/09/2006","1,215.67","1,210.32","1,217.31","1,205.25","2.87B","0.52%"
"01/06/2006","1,209.42","1,198.81","1,215.54","1,191.61","3.43B","1.01%"
"01/05/2006","1,197.27","1,183.31","1,197.84","1,180.45","2.95B","1.38%"
"01/04/2006","1,180.96","1,163.88","1,181.00","1,161.91","2.33B","1.71%"
"12/30/2005","1,161.06","1,171.58","1,173.06","1,158.97","2.00B","-0.75%"
"12/29/2005","1,169.86","1,157.51","1,169.87","1,157.51","2.18B","1.11%"
"12/28/2005","1,157.03","1,155.12","1,157.20","1,149.27","1.47B","0.24%"
"12/27/2005","1,154.29","1,157.49","1,158.16","1,149.85","1.57B","-0.22%"
"12/26/2005","1,156.82","1,145.77","1,159.78","1,145.34","1.87B","1.04%"
"12/23/2005","1,144.87","1,135.70","1,144.94","1,135.07","1.45B","0.85%"
"12/22/2005","1,135.24","1,129.56","1,136.00","1,125.95","1.11B","0.40%"
"12/21/2005","1,130.76","1,135.98","1,142.39","1,128.94","1.23B","-0.49%"
"12/20/2005","1,136.34","1,131.80","1,136.39","1,126.99","1.17B","0.41%"
"12/19/2005","1,131.75","1,127.84","1,134.50","1,123.50","1.22B","0.38%"
"12/16/2005","1,127.51","1,122.73","1,127.94","1,118.94","1.26B","0.35%"
"12/15/2005","1,123.56","1,125.67","1,134.85","1,121.56","1.68B","-0.16%"
"12/14/2005","1,125.39","1,117.47","1,127.63","1,110.21","1.50B","0.67%"
"12/13/2005","1,117.85","1,115.77","1,119.42","1,106.75","1.14B","0.13%"
"12/12/2005","1,116.37","1,115.75","1,118.53","1,109.08","1.19B","0.26%"
"12/09/2005","1,113.48","1,097.52","1,114.58","1,094.74","1.35B","1.38%"
"12/08/2005","1,098.32","1,100.68","1,106.34","1,092.99","1.04B","-0.12%"
"12/07/2005","1,099.62","1,087.74","1,100.05","1,086.73","1.04B","1.09%"
"12/06/2005","1,087.79","1,077.58","1,089.59","1,074.01","1.11B","0.80%"
"12/05/2005","1,079.20","1,093.10","1,093.10","1,077.40","1.12B","-1.38%"
"12/02/2005","1,094.29","1,099.76","1,102.76","1,089.56","1.06B","-0.41%"
"12/01/2005","1,098.75","1,098.78","1,104.56","1,094.44","893.20M","-0.05%"
"11/30/2005","1,099.26","1,095.30","1,099.58","1,090.72","1.09B","0.21%"
"11/29/2005","1,096.99","1,109.57","1,110.31","1,095.34","1.19B","-1.25%"
"11/28/2005","1,110.82","1,113.83","1,119.35","1,106.94","1.29B","-0.37%"
"11/25/2005","1,114.92","1,113.28","1,115.08","1,107.21","1.55B","0.14%"
"11/24/2005","1,113.37","1,105.34","1,117.94","1,103.76","1.71B","0.69%"
"11/23/2005","1,105.75","1,096.56","1,106.48","1,093.95","1.26B","0.65%"
"11/22/2005","1,098.65","1,119.69","1,119.69","1,098.49","1.46B","-1.90%"
"11/21/2005","1,119.94","1,117.78","1,122.88","1,114.24","1.55B","0.26%"
"11/18/2005","1,117.00","1,095.52","1,122.61","1,093.53","2.25B","1.98%"
"11/17/2005","1,095.31","1,094.88","1,098.67","1,090.36","1.20B","-0.05%"
"11/16/2005","1,095.89","1,086.83","1,096.30","1,075.43","1.26B","0.77%"
"11/15/2005","1,087.51","1,088.51","1,099.03","1,082.51","1.22B","-0.10%"
"11/14/2005","1,088.65","1,089.56","1,089.71","1,083.02","920.30M","-0.14%"
"11/11/2005","1,090.19","1,085.69","1,094.31","1,078.58","1.26B","0.17%"
"11/10/2005","1,088.30","1,106.94","1,106.94","1,086.10","1.62B","-1.79%"
"11/09/2005","1,108.15","1,110.55","1,117.06","1,107.64","1.67B","-0.18%"
"11/08/2005","1,110.15","1,099.94","1,111.12","1,092.54","1.53B","0.86%"
"11/07/2005","1,100.65","1,099.53","1,100.95","1,089.83","1.21B","0.05%"
"11/04/2005","1,100.05","1,094.26","1,100.43","1,087.85","1.28B","0.44%"
"11/03/2005","1,095.27","1,104.59","1,111.44","1,090.82","1.69B","-0.86%"
"11/02/2005","1,104.79","1,090.00","1,108.88","1,090.00","1.88B","1.36%"
"11/01/2005","1,089.95","1,091.68","1,094.15","1,074.30","1.40B","-0.26%"
"10/31/2005","1,092.82","1,079.04","1,096.15","1,078.29","1.48B","1.11%"
"10/28/2005","1,080.87","1,097.59","1,102.02","1,067.41","1.80B","-1.54%"
"10/27/2005","1,097.78","1,093.93","1,101.27","1,087.48","1.72B","0.06%"
"10/26/2005","1,097.16","1,119.43","1,119.43","1,094.57","1.92B","-2.21%"
"10/25/2005","1,121.92","1,140.17","1,140.17","1,121.29","1.69B","-1.69%"
"10/24/2005","1,141.17","1,141.33","1,143.46","1,133.92","1.73B","-0.01%"
"10/21/2005","1,141.32","1,135.61","1,145.99","1,132.36","1.80B","0.47%"
"10/20/2005","1,135.95","1,133.45","1,136.31","1,119.38","1.74B","0.12%"
"10/19/2005","1,134.61","1,141.05","1,150.59","1,132.48","1.89B","-0.58%"
"10/18/2005","1,141.20","1,131.26","1,142.04","1,129.67","1.89B","0.87%"
"10/17/2005","1,131.38","1,138.38","1,138.38","1,121.97","1.51B","-0.72%"
"10/14/2005","1,139.55","1,152.37","1,154.32","1,135.51","1.51B","-1.13%"
"10/13/2005","1,152.61","1,162.02","1,165.36","1,152.09","1.69B","-0.80%"
"10/12/2005","1,161.85","1,157.48","1,165.67","1,152.25","1.85B","0.40%"
"10/11/2005","1,157.19","1,137.95","1,157.30","1,133.89","1.34B","1.60%"
"10/10/2005","1,138.95","1,153.67","1,153.67","1,137.29","1.17B","-1.44%"
"09/30/2005","1,155.61","1,156.77","1,158.70","1,150.63","1.45B","0.01%"
"09/29/2005","1,155.48","1,134.44","1,155.78","1,134.44","1.85B","2.09%"
"09/28/2005","1,131.77","1,131.32","1,142.49","1,129.05","1.48B","-0.13%"
"09/27/2005","1,133.24","1,155.05","1,157.80","1,132.53","1.81B","-1.89%"
"09/26/2005","1,155.04","1,150.93","1,155.60","1,147.27","1.45B","0.27%"
"09/23/2005","1,151.98","1,157.30","1,164.60","1,149.74","1.88B","-0.69%"
"09/22/2005","1,159.96","1,185.69","1,185.69","1,147.19","2.86B","-2.36%"
"09/21/2005","1,187.99","1,210.85","1,210.85","1,186.98","3.18B","-2.03%"
"09/20/2005","1,212.62","1,222.26","1,223.57","1,204.87","3.23B","-0.66%"
"09/19/2005","1,220.63","1,213.49","1,220.97","1,210.19","2.47B","0.63%"
"09/16/2005","1,212.95","1,217.42","1,217.76","1,208.56","2.24B","-0.36%"
"09/15/2005","1,217.28","1,217.52","1,218.94","1,210.72","2.72B","0.00%"
"09/14/2005","1,217.26","1,209.27","1,217.41","1,204.55","3.22B","0.84%"
"09/13/2005","1,207.16","1,188.25","1,207.40","1,186.22","2.59B","1.59%"
"09/12/2005","1,188.21","1,189.75","1,191.93","1,181.43","1.71B","-0.12%"
"09/09/2005","1,189.62","1,194.49","1,204.46","1,184.42","2.22B","-0.40%"
"09/08/2005","1,194.41","1,196.27","1,201.46","1,184.79","3.05B","0.01%"
"09/07/2005","1,194.31","1,170.77","1,194.59","1,168.58","2.86B","1.79%"
"09/06/2005","1,173.32","1,197.23","1,201.82","1,172.06","3.37B","-1.91%"
"09/05/2005","1,196.22","1,189.07","1,196.87","1,184.01","2.67B","0.62%"
"09/02/2005","1,188.85","1,187.06","1,188.91","1,179.11","2.89B","0.33%"
"09/01/2005","1,184.93","1,163.70","1,185.76","1,160.05","3.38B","1.90%"
"08/31/2005","1,162.80","1,145.81","1,163.52","1,140.10","2.17B","1.43%"
"08/30/2005","1,146.38","1,151.62","1,153.77","1,145.27","1.86B","-0.70%"
"08/29/2005","1,154.43","1,172.00","1,172.01","1,147.93","2.43B","-1.49%"
"08/26/2005","1,171.86","1,173.01","1,174.54","1,163.99","2.43B","-0.05%"
"08/25/2005","1,172.47","1,168.00","1,172.69","1,157.18","2.42B","0.46%"
"08/24/2005","1,167.14","1,151.45","1,171.43","1,151.45","2.27B","1.49%"
"08/23/2005","1,149.96","1,158.83","1,159.63","1,139.24","2.18B","-0.75%"
"08/22/2005","1,158.60","1,148.97","1,162.04","1,142.68","2.40B","0.73%"
"08/19/2005","1,150.18","1,144.46","1,157.37","1,132.87","3.15B","0.19%"
"08/18/2005","1,148.04","1,194.44","1,201.76","1,146.56","4.92B","-3.75%"
"08/17/2005","1,192.83","1,175.18","1,193.57","1,160.08","3.23B","1.32%"
"08/16/2005","1,177.28","1,188.02","1,192.92","1,170.11","3.32B","-0.82%"
"08/15/2005","1,187.01","1,167.03","1,187.80","1,163.85","3.03B","1.64%"
"08/12/2005","1,167.91","1,185.27","1,192.05","1,161.79","4.05B","-1.32%"
"08/11/2005","1,183.58","1,165.44","1,184.26","1,164.10","3.70B","1.59%"
"08/10/2005","1,165.03","1,153.21","1,165.13","1,144.95","3.14B","1.08%"
"08/09/2005","1,152.53","1,139.12","1,152.94","1,130.59","2.72B","1.20%"
"08/08/2005","1,138.88","1,131.80","1,146.73","1,131.80","3.02B","0.90%"
"08/05/2005","1,128.74","1,102.62","1,129.07","1,102.60","2.71B","2.37%"
"08/04/2005","1,102.59","1,104.91","1,108.16","1,099.13","1.94B","-0.46%"
"08/03/2005","1,107.70","1,106.32","1,120.68","1,103.90","3.14B","0.33%"
"08/02/2005","1,104.04","1,089.53","1,104.04","1,084.80","1.90B","1.39%"
"08/01/2005","1,088.95","1,082.80","1,094.15","1,081.12","1.47B","0.55%"
"07/29/2005","1,083.03","1,084.97","1,088.48","1,077.12","1.77B","-0.32%"
"07/28/2005","1,086.55","1,090.11","1,097.63","1,083.36","2.47B","-0.31%"
"07/27/2005","1,089.91","1,072.56","1,090.18","1,068.50","2.38B","1.59%"
"07/26/2005","1,072.81","1,046.54","1,078.06","1,046.54","2.56B","2.62%"
"07/25/2005","1,045.40","1,045.27","1,048.97","1,040.59","1.41B","-0.09%"
"07/22/2005","1,046.32","1,026.13","1,054.63","1,024.00","2.55B","2.52%"
"07/21/2005","1,020.63","1,020.69","1,022.04","1,009.99","1.11B","-0.04%"
"07/20/2005","1,021.05","1,013.98","1,025.10","1,008.68","1.06B","0.66%"
"07/19/2005","1,014.36","1,011.00","1,020.67","1,004.66","988.20M","0.22%"
"07/18/2005","1,012.10","1,023.38","1,023.38","1,008.52","1.10B","-1.37%"
"07/15/2005","1,026.12","1,039.61","1,046.36","1,021.99","1.28B","-1.37%"
"07/14/2005","1,040.42","1,035.53","1,049.88","1,033.16","1.26B","0.29%"
"07/13/2005","1,037.39","1,044.58","1,045.94","1,033.81","1.28B","-0.84%"
"07/12/2005","1,046.16","1,007.90","1,048.92","1,004.08","1.85B","3.43%"
"07/11/2005","1,011.50","1,026.79","1,043.21","1,009.04","1.13B","-0.64%"
"07/08/2005","1,017.98","1,036.41","1,036.41","1,015.40","1.03B","-1.99%"
"07/07/2005","1,038.60","1,033.22","1,044.05","1,030.50","857.00M","0.49%"
"07/06/2005","1,033.55","1,040.70","1,044.78","1,028.22","919.60M","-0.53%"
"07/05/2005","1,039.04","1,043.88","1,047.82","1,032.52","1.05B","-0.79%"
"07/04/2005","1,047.28","1,050.24","1,050.24","1,030.18","1.23B","-0.79%"
"07/01/2005","1,055.59","1,077.31","1,077.31","1,053.63","1.36B","-2.35%"
"06/30/2005","1,080.94","1,103.48","1,103.48","1,078.10","1.38B","-2.18%"
"06/29/2005","1,104.99","1,111.67","1,113.52","1,103.91","1.35B","-0.32%"
"06/28/2005","1,108.59","1,120.94","1,120.94","1,105.34","1.35B","-1.43%"
"06/27/2005","1,124.64","1,108.46","1,129.96","1,108.46","2.18B","2.07%"
"06/24/2005","1,101.88","1,091.99","1,102.23","1,087.69","1.11B","0.75%"
"06/23/2005","1,093.70","1,100.56","1,106.75","1,092.48","1.15B","-0.76%"
"06/22/2005","1,102.03","1,098.96","1,103.25","1,090.74","1.24B","0.05%"
"06/21/2005","1,101.49","1,115.66","1,115.66","1,098.90","1.55B","-1.27%"
"06/20/2005","1,115.62","1,087.85","1,115.86","1,073.41","2.15B","2.76%"
"06/17/2005","1,085.61","1,090.11","1,094.67","1,079.08","1.68B","-0.04%"
"06/16/2005","1,086.01","1,071.77","1,086.35","1,064.03","1.45B","1.23%"
"06/15/2005","1,072.84","1,090.46","1,090.46","1,070.07","1.53B","-1.89%"
"06/14/2005","1,093.46","1,108.34","1,119.68","1,092.40","1.84B","-1.16%"
"06/13/2005","1,106.29","1,105.96","1,112.10","1,085.87","1.92B","-0.18%"
"06/10/2005","1,108.29","1,130.55","1,130.55","1,101.83","2.84B","-2.01%"
"06/09/2005","1,131.05","1,118.81","1,146.42","1,103.68","4.07B","1.39%"
"06/08/2005","1,115.58","1,044.18","1,118.69","1,040.16","4.03B","8.21%"
"06/07/2005","1,030.94","1,036.62","1,055.63","1,029.54","1.57B","-0.33%"
"06/06/2005","1,034.38","1,010.38","1,034.85","998.23","1.10B","2.05%"
"06/03/2005","1,013.64","1,013.90","1,019.92","1,000.52","1.00B","-0.24%"
"06/02/2005","1,016.06","1,036.73","1,036.73","1,008.75","1.15B","-2.23%"
"06/01/2005","1,039.19","1,059.61","1,063.52","1,035.71","1.01B","-2.03%"
"05/31/2005","1,060.74","1,061.61","1,070.50","1,057.75","923.90M","0.05%"
"05/30/2005","1,060.16","1,049.72","1,063.95","1,043.28","860.00M","0.78%"
"05/27/2005","1,051.95","1,056.32","1,068.21","1,050.06","1.01B","-0.65%"
"05/26/2005","1,058.87","1,071.21","1,077.44","1,055.82","949.90M","-1.24%"
"05/25/2005","1,072.14","1,072.52","1,082.18","1,064.88","980.80M","-0.16%"
"05/24/2005","1,073.85","1,066.00","1,078.10","1,057.54","1.10B","0.28%"
"05/23/2005","1,070.84","1,095.31","1,095.31","1,069.43","953.40M","-2.59%"
"05/20/2005","1,099.27","1,100.49","1,108.61","1,094.67","958.40M","-0.38%"
"05/19/2005","1,103.47","1,101.75","1,107.23","1,083.12","1.07B","0.05%"
"05/18/2005","1,102.96","1,099.74","1,108.84","1,090.30","1.04B","0.30%"
"05/17/2005","1,099.64","1,091.26","1,108.18","1,083.94","1.16B","0.38%"
"05/16/2005","1,095.47","1,105.40","1,105.40","1,082.14","1.02B","-1.10%"
"05/13/2005","1,107.63","1,101.61","1,120.17","1,093.28","1.35B","0.33%"
"05/12/2005","1,103.99","1,122.18","1,122.92","1,099.84","1.24B","-1.80%"
"05/11/2005","1,124.27","1,134.60","1,140.17","1,121.87","1.10B","-0.99%"
"05/10/2005","1,135.56","1,126.82","1,135.80","1,108.42","1.32B","0.42%"
"05/09/2005","1,130.84","1,160.62","1,165.39","1,130.41","1.09B","-2.44%"
"04/29/2005","1,159.15","1,168.33","1,170.20","1,155.98","1.41B","-0.85%"
"04/28/2005","1,169.12","1,145.75","1,172.71","1,135.73","1.74B","1.77%"
"04/27/2005","1,148.76","1,165.10","1,166.20","1,148.14","1.36B","-1.42%"
"04/26/2005","1,165.34","1,155.64","1,169.14","1,151.64","1.40B","0.64%"
"04/25/2005","1,157.97","1,166.34","1,166.34","1,146.41","1.35B","-0.96%"
"04/22/2005","1,169.19","1,171.03","1,177.88","1,163.40","1.36B","-0.29%"
"04/21/2005","1,172.56","1,182.20","1,190.54","1,167.99","1.33B","-0.98%"
"04/20/2005","1,184.19","1,198.96","1,198.96","1,178.64","1.12B","-1.31%"
"04/19/2005","1,199.90","1,196.28","1,202.49","1,191.23","1.10B","0.18%"
"04/18/2005","1,197.73","1,212.39","1,212.39","1,190.98","1.17B","-1.58%"
"04/15/2005","1,216.96","1,229.68","1,229.68","1,213.20","1.43B","-1.41%"
"04/14/2005","1,234.33","1,252.21","1,253.60","1,233.24","1.56B","-1.11%"
"04/13/2005","1,248.20","1,228.97","1,254.32","1,228.97","1.95B","2.35%"
"04/12/2005","1,219.51","1,239.13","1,239.13","1,218.51","1.31B","-1.73%"
"04/11/2005","1,240.97","1,248.15","1,252.81","1,235.36","1.93B","-0.60%"
"04/08/2005","1,248.52","1,225.05","1,249.20","1,218.76","1.78B","1.88%"
"04/07/2005","1,225.49","1,216.73","1,248.06","1,213.65","2.43B","0.87%"
"04/06/2005","1,214.87","1,191.20","1,220.41","1,183.91","1.67B","1.94%"
"04/05/2005","1,191.74","1,200.69","1,209.34","1,189.26","1.16B","-0.93%"
"04/04/2005","1,202.97","1,212.12","1,218.28","1,196.94","1.38B","-1.68%"
"04/01/2005","1,223.57","1,180.37","1,237.80","1,173.54","1.97B","3.58%"
"03/31/2005","1,181.24","1,168.83","1,181.53","1,162.03","1.04B","0.74%"
"03/30/2005","1,172.57","1,192.45","1,192.45","1,171.81","1.14B","-1.88%"
"03/29/2005","1,195.02","1,199.69","1,209.23","1,194.59","923.30M","-0.42%"
"03/28/2005","1,200.11","1,204.85","1,204.85","1,185.46","902.30M","-0.46%"
"03/25/2005","1,205.63","1,207.20","1,211.16","1,199.87","952.80M","-0.21%"
"03/24/2005","1,208.19","1,200.26","1,208.61","1,187.58","1.15B","0.54%"
"03/23/2005","1,201.65","1,205.76","1,218.01","1,194.32","1.34B","-0.44%"
"03/22/2005","1,206.92","1,230.68","1,231.68","1,202.43","1.47B","-1.96%"
"03/21/2005","1,231.05","1,226.14","1,232.82","1,220.82","996.40M","0.30%"
"03/18/2005","1,227.40","1,242.45","1,248.03","1,223.62","1.25B","-1.29%"
"03/17/2005","1,243.47","1,255.98","1,257.79","1,242.51","1.29B","-0.97%"
"03/16/2005","1,255.59","1,267.05","1,268.19","1,247.89","1.37B","-1.07%"
"03/15/2005","1,269.14","1,293.13","1,293.26","1,266.64","1.56B","-1.88%"
"03/14/2005","1,293.50","1,288.98","1,304.11","1,271.51","1.87B","0.28%"
"03/11/2005","1,289.94","1,284.51","1,292.53","1,278.15","1.50B","0.29%"
"03/10/2005","1,286.23","1,316.90","1,316.90","1,282.53","1.79B","-2.32%"
"03/09/2005","1,316.79","1,321.21","1,326.08","1,310.23","2.06B","-0.11%"
"03/08/2005","1,318.27","1,298.25","1,318.89","1,296.91","1.80B","1.90%"
"03/07/2005","1,293.74","1,288.41","1,296.88","1,287.74","1.08B","0.47%"
"03/04/2005","1,287.71","1,294.16","1,299.60","1,286.48","1.10B","-0.51%"
"03/03/2005","1,294.34","1,285.20","1,295.25","1,276.88","1.28B","0.54%"
"03/02/2005","1,287.45","1,303.31","1,316.72","1,285.92","1.86B","-1.22%"
"03/01/2005","1,303.41","1,305.25","1,308.76","1,295.64","1.40B","-0.20%"
"02/28/2005","1,306.00","1,311.44","1,315.14","1,298.93","1.77B","-0.49%"
"02/25/2005","1,312.44","1,311.37","1,328.53","1,311.20","2.41B","0.19%"
"02/24/2005","1,309.95","1,307.04","1,310.97","1,296.98","2.01B","0.04%"
"02/23/2005","1,309.47","1,309.62","1,316.59","1,299.15","2.42B","0.01%"
"02/22/2005","1,309.28","1,285.63","1,312.53","1,282.78","2.26B","1.93%"
"02/21/2005","1,284.48","1,259.53","1,284.94","1,259.51","1.25B","2.03%"
"02/18/2005","1,258.97","1,275.66","1,278.62","1,258.56","1.07B","-1.34%"
"02/17/2005","1,276.13","1,280.03","1,280.03","1,263.71","1.12B","-0.22%"
"02/16/2005","1,278.88","1,276.02","1,291.46","1,270.32","1.44B","0.78%"
"02/04/2005","1,269.00","1,238.61","1,274.12","1,235.64","1.70B","2.15%"
"02/03/2005","1,242.31","1,253.81","1,269.15","1,236.18","2.04B","-0.81%"
"02/02/2005","1,252.50","1,189.50","1,253.16","1,189.50","1.91B","5.35%"
"02/01/2005","1,188.93","1,189.50","1,203.07","1,187.26","934.00M","-0.24%"
"01/31/2005","1,191.82","1,210.76","1,210.76","1,190.17","907.80M","-1.80%"
"01/28/2005","1,213.67","1,223.73","1,226.30","1,208.86","817.10M","-1.00%"
"01/27/2005","1,225.89","1,239.58","1,241.14","1,223.88","941.30M","-1.29%"
"01/26/2005","1,241.96","1,252.37","1,254.23","1,240.13","964.10M","-0.98%"
"01/25/2005","1,254.23","1,252.35","1,254.87","1,239.16","1.18B","-0.12%"
"01/24/2005","1,255.78","1,258.02","1,265.95","1,239.80","1.80B","1.73%"
"01/21/2005","1,234.48","1,201.93","1,237.91","1,189.21","1.70B","2.50%"
"01/20/2005","1,204.39","1,213.37","1,213.96","1,199.17","1.03B","-1.13%"
"01/19/2005","1,218.11","1,225.08","1,225.08","1,214.63","937.70M","-0.60%"
"01/18/2005","1,225.45","1,215.78","1,226.04","1,207.05","1.02B","0.72%"
"01/17/2005","1,216.65","1,235.57","1,236.40","1,214.07","1.00B","-2.33%"
"01/14/2005","1,245.62","1,255.87","1,268.86","1,243.87","989.80M","-0.85%"
"01/13/2005","1,256.31","1,255.72","1,259.50","1,251.02","874.70M","-0.05%"
"01/12/2005","1,256.92","1,257.17","1,257.19","1,246.42","677.00M","-0.04%"
"01/11/2005","1,257.46","1,252.71","1,260.87","1,247.84","772.60M","0.40%"
"01/10/2005","1,252.40","1,243.58","1,252.72","1,236.09","723.50M","0.61%"
"01/07/2005","1,244.75","1,239.32","1,256.31","1,235.51","894.10M","0.43%"
"01/06/2005","1,239.43","1,252.49","1,252.73","1,234.24","792.20M","-1.00%"
"01/05/2005","1,251.94","1,241.68","1,258.58","1,235.75","867.90M","0.74%"
"01/04/2005","1,242.77","1,260.78","1,260.78","1,238.18","816.20M","-1.87%"
"12/31/2004","1,266.50","1,275.39","1,280.83","1,264.49","830.40M","-0.57%"
"12/30/2004","1,273.71","1,273.15","1,280.57","1,264.15","881.30M","-0.05%"
"12/29/2004","1,274.31","1,278.69","1,285.55","1,270.89","871.40M","-0.36%"
"12/28/2004","1,278.94","1,280.93","1,283.63","1,271.91","775.80M","-0.10%"
"12/27/2004","1,280.27","1,285.41","1,292.31","1,276.73","723.10M","-0.37%"
"12/24/2004","1,285.04","1,281.32","1,290.66","1,280.38","718.10M","0.18%"
"12/23/2004","1,282.72","1,308.58","1,308.59","1,280.72","847.60M","-1.90%"
"12/22/2004","1,307.57","1,277.18","1,307.73","1,275.06","1.33B","2.54%"
"12/21/2004","1,275.17","1,275.09","1,285.70","1,271.03","700.00M","-0.02%"
"12/20/2004","1,275.46","1,286.07","1,286.07","1,272.15","805.30M","-1.16%"
"12/17/2004","1,290.49","1,303.94","1,303.94","1,288.24","766.20M","-1.11%"
"12/16/2004","1,305.02","1,311.03","1,317.62","1,302.48","905.90M","-0.61%"
"12/15/2004","1,313.05","1,307.34","1,317.82","1,291.86","1.14B","0.42%"
"12/14/2004","1,307.55","1,309.07","1,315.89","1,303.15","804.60M","-0.16%"
"12/13/2004","1,309.69","1,312.61","1,314.40","1,299.80","854.90M","-0.61%"
"12/10/2004","1,317.72","1,336.63","1,340.37","1,316.64","1.11B","-1.58%"
"12/09/2004","1,338.81","1,326.74","1,352.45","1,318.47","1.53B","0.93%"
"12/08/2004","1,326.44","1,331.28","1,337.87","1,322.05","859.30M","0.20%"
"12/07/2004","1,323.75","1,339.82","1,340.88","1,322.82","1.02B","-1.19%"
"12/06/2004","1,339.64","1,337.81","1,342.83","1,327.38","1.07B","0.18%"
"12/03/2004","1,337.20","1,333.01","1,343.71","1,332.86","1.35B","0.31%"
"12/02/2004","1,333.09","1,333.57","1,334.06","1,324.55","1.28B","-0.14%"
"12/01/2004","1,334.94","1,340.92","1,342.55","1,332.97","955.30M","-0.43%"
"11/30/2004","1,340.77","1,336.00","1,341.48","1,332.29","927.70M","0.25%"
"11/29/2004","1,337.43","1,354.58","1,354.58","1,335.61","1.01B","-1.42%"
"11/26/2004","1,356.73","1,357.54","1,362.49","1,354.80","1.04B","-0.12%"
"11/25/2004","1,358.33","1,358.41","1,362.16","1,348.41","1.34B","-0.06%"
"11/24/2004","1,359.12","1,371.32","1,380.77","1,358.45","1.64B","-0.88%"
"11/23/2004","1,371.24","1,383.53","1,383.79","1,368.14","1.63B","-0.85%"
"11/22/2004","1,383.02","1,381.58","1,387.34","1,374.41","1.67B","0.22%"
"11/19/2004","1,379.96","1,369.81","1,380.08","1,365.24","1.41B","0.89%"
"11/18/2004","1,367.83","1,353.50","1,368.06","1,352.89","1.16B","0.86%"
"11/17/2004","1,356.14","1,370.70","1,370.79","1,350.52","1.22B","-1.04%"
"11/16/2004","1,370.39","1,372.58","1,376.19","1,361.28","1.42B","0.02%"
"11/15/2004","1,370.05","1,354.48","1,370.62","1,354.48","1.42B","1.32%"
"11/12/2004","1,352.22","1,346.84","1,360.33","1,341.12","1.57B","0.38%"
"11/11/2004","1,347.07","1,358.65","1,379.86","1,346.03","2.74B","-0.54%"
"11/10/2004","1,354.39","1,310.32","1,360.71","1,302.70","2.33B","3.59%"
"11/09/2004","1,307.43","1,304.37","1,313.15","1,299.94","711.20M","0.25%"
"11/08/2004","1,304.23","1,303.52","1,307.62","1,292.91","737.70M","-0.07%"
"11/05/2004","1,305.13","1,308.65","1,315.94","1,298.71","999.60M","0.03%"
"11/04/2004","1,304.78","1,328.12","1,338.26","1,301.36","1.40B","-1.66%"
"11/03/2004","1,326.75","1,304.58","1,327.50","1,301.32","1.33B","1.94%"
"11/02/2004","1,301.53","1,303.88","1,306.28","1,290.99","1.10B","-0.29%"
"11/01/2004","1,305.29","1,317.66","1,323.10","1,304.29","1.20B","-1.15%"
"10/29/2004","1,320.54","1,316.60","1,337.28","1,304.07","1.79B","-1.58%"
"10/28/2004","1,341.74","1,340.82","1,356.63","1,336.75","1.96B","-0.08%"
"10/27/2004","1,342.80","1,326.92","1,343.03","1,314.87","2.08B","1.36%"
"10/26/2004","1,324.78","1,309.62","1,325.20","1,289.87","1.71B","1.04%"
"10/25/2004","1,311.15","1,337.25","1,346.88","1,308.89","1.76B","-1.37%"
"10/22/2004","1,329.36","1,310.85","1,330.56","1,294.04","1.79B","1.44%"
"10/21/2004","1,310.55","1,331.22","1,340.96","1,304.54","1.64B","-1.51%"
"10/20/2004","1,330.58","1,337.71","1,337.71","1,311.88","1.19B","-0.53%"
"10/19/2004","1,337.62","1,339.06","1,361.81","1,334.46","1.30B","0.17%"
"10/18/2004","1,335.39","1,332.52","1,341.78","1,316.32","1.01B","0.37%"
"10/15/2004","1,330.52","1,328.47","1,340.12","1,312.55","1.35B","-0.18%"
"10/14/2004","1,332.94","1,386.86","1,387.36","1,331.13","1.72B","-3.88%"
"10/13/2004","1,386.72","1,382.36","1,393.65","1,372.06","1.43B","0.16%"
"10/12/2004","1,384.44","1,410.61","1,410.61","1,380.69","1.71B","-2.03%"
"10/11/2004","1,413.15","1,424.22","1,437.57","1,409.22","2.32B","-0.69%"
"10/08/2004","1,422.93","1,395.67","1,423.20","1,373.93","1.38B","1.88%"
"09/30/2004","1,396.70","1,418.11","1,420.05","1,390.68","1.30B","-1.64%"
"09/29/2004","1,420.01","1,436.71","1,438.98","1,417.83","1.32B","-1.09%"
"09/28/2004","1,435.59","1,430.22","1,438.05","1,416.60","1.41B","0.57%"
"09/27/2004","1,427.40","1,452.51","1,466.40","1,419.31","1.98B","-0.57%"
"09/24/2004","1,435.56","1,475.09","1,496.21","1,434.31","4.09B","-1.99%"
"09/23/2004","1,464.78","1,417.39","1,464.98","1,408.61","2.24B","3.14%"
"09/22/2004","1,420.15","1,444.25","1,451.41","1,414.70","3.02B","-1.96%"
"09/21/2004","1,448.56","1,466.20","1,467.54","1,436.51","3.48B","-1.00%"
"09/20/2004","1,463.22","1,423.97","1,463.79","1,422.90","4.19B","3.43%"
"09/17/2004","1,414.70","1,373.50","1,415.64","1,368.54","3.11B","3.17%"
"09/16/2004","1,371.20","1,364.25","1,377.99","1,354.20","2.30B","1.18%"
"09/15/2004","1,355.23","1,303.29","1,374.04","1,301.38","2.93B","4.22%"
"09/14/2004","1,300.36","1,266.23","1,305.73","1,266.23","1.26B","3.18%"
"09/13/2004","1,260.32","1,285.32","1,285.32","1,259.43","686.20M","-2.08%"
"09/10/2004","1,287.08","1,281.58","1,287.75","1,270.94","611.10M","0.22%"
"09/09/2004","1,284.31","1,307.47","1,307.47","1,281.75","808.60M","-1.91%"
"09/08/2004","1,309.33","1,322.84","1,323.26","1,302.11","821.30M","-1.13%"
"09/07/2004","1,324.29","1,321.21","1,325.68","1,312.31","565.30M","0.21%"
"09/06/2004","1,321.46","1,326.46","1,326.87","1,315.96","578.70M","-0.43%"
"09/03/2004","1,327.12","1,327.81","1,333.22","1,319.83","747.20M","-0.06%"
"09/02/2004","1,327.93","1,319.07","1,328.61","1,303.19","853.30M","0.49%"
"09/01/2004","1,321.46","1,340.75","1,340.77","1,319.86","624.60M","-1.53%"
"08/31/2004","1,342.06","1,342.30","1,360.75","1,331.76","1.17B","1.71%"
"08/30/2004","1,319.53","1,318.32","1,322.23","1,310.02","592.10M","-0.08%"
"08/27/2004","1,320.61","1,333.31","1,337.73","1,314.60","675.20M","-1.03%"
"08/26/2004","1,334.42","1,339.62","1,340.95","1,330.22","583.10M","-0.40%"
"08/25/2004","1,339.78","1,344.46","1,346.97","1,334.29","656.10M","-0.36%"
"08/24/2004","1,344.63","1,323.79","1,347.15","1,317.56","946.50M","1.45%"
"08/23/2004","1,325.41","1,339.93","1,339.94","1,322.98","619.40M","-1.22%"
"08/20/2004","1,341.74","1,338.31","1,349.47","1,327.77","802.90M","0.10%"
"08/19/2004","1,340.45","1,357.23","1,357.27","1,333.48","809.90M","-1.31%"
"08/18/2004","1,358.22","1,359.87","1,371.23","1,357.03","744.80M","-0.15%"
"08/17/2004","1,360.20","1,354.38","1,364.41","1,344.81","692.10M","0.42%"
"08/16/2004","1,354.51","1,366.52","1,369.87","1,350.84","749.00M","-1.02%"
"08/13/2004","1,368.45","1,361.98","1,377.82","1,358.32","826.20M","0.02%"
"08/12/2004","1,368.20","1,378.79","1,378.79","1,357.08","829.60M","-1.21%"
"08/11/2004","1,384.96","1,401.02","1,401.25","1,382.24","756.00M","-1.13%"
"08/10/2004","1,400.77","1,396.62","1,404.72","1,390.94","681.70M","0.35%"
"08/09/2004","1,395.85","1,388.08","1,397.59","1,382.94","795.20M","0.39%"
"08/06/2004","1,390.46","1,388.07","1,400.95","1,380.32","902.50M","0.10%"
"08/05/2004","1,389.04","1,402.37","1,413.08","1,387.55","1.07B","-1.10%"
"08/04/2004","1,404.51","1,365.66","1,424.55","1,364.01","1.71B","2.79%"
"08/03/2004","1,366.37","1,371.28","1,378.20","1,363.69","760.20M","-0.50%"
"08/02/2004","1,373.22","1,381.88","1,383.08","1,370.50","698.30M","-0.94%"
"07/30/2004","1,386.20","1,408.49","1,409.12","1,384.74","899.70M","-1.50%"
"07/29/2004","1,407.33","1,388.62","1,407.36","1,385.96","1.11B","1.33%"
"07/28/2004","1,388.81","1,385.50","1,397.17","1,366.50","986.50M","0.34%"
"07/27/2004","1,384.13","1,386.99","1,395.31","1,373.42","896.80M","-0.26%"
"07/26/2004","1,387.67","1,401.84","1,401.88","1,381.90","809.90M","-1.40%"
"07/23/2004","1,407.40","1,403.36","1,408.46","1,387.26","1.05B","-0.00%"
"07/22/2004","1,407.44","1,448.13","1,449.69","1,404.54","1.28B","-2.80%"
"07/21/2004","1,448.04","1,446.52","1,452.86","1,436.85","931.90M","0.01%"
"07/20/2004","1,447.94","1,457.23","1,457.29","1,440.06","1.21B","-0.66%"
"07/19/2004","1,457.54","1,456.77","1,465.84","1,447.05","1.29B","0.10%"
"07/16/2004","1,456.13","1,423.69","1,458.38","1,422.24","2.20B","2.43%"
"07/15/2004","1,421.54","1,404.47","1,422.26","1,399.98","1.23B","1.27%"
"07/14/2004","1,403.76","1,399.87","1,408.99","1,378.91","1.01B","0.31%"
"07/13/2004","1,399.46","1,395.35","1,403.14","1,389.16","699.50M","0.17%"
"07/12/2004","1,397.15","1,426.25","1,426.25","1,393.81","838.20M","-2.34%"
"07/09/2004","1,430.65","1,439.73","1,451.75","1,429.14","712.70M","-0.63%"
"07/08/2004","1,439.78","1,436.47","1,440.64","1,426.95","690.50M","0.10%"
"07/07/2004","1,438.40","1,448.95","1,448.96","1,434.29","782.50M","-0.83%"
"07/06/2004","1,450.50","1,445.40","1,466.78","1,445.32","1.21B","0.41%"
"07/05/2004","1,444.59","1,440.17","1,444.93","1,429.12","814.30M","0.24%"
"07/02/2004","1,441.19","1,441.12","1,447.61","1,428.07","1.07B","0.01%"
"07/01/2004","1,441.07","1,398.20","1,445.10","1,396.35","1.38B","3.00%"
"06/30/2004","1,399.16","1,408.27","1,415.84","1,394.68","820.10M","-0.68%"
"06/29/2004","1,408.69","1,384.64","1,409.38","1,376.22","1.02B","1.70%"
"06/28/2004","1,385.18","1,396.36","1,397.52","1,380.20","794.60M","-1.14%"
"06/25/2004","1,401.11","1,426.55","1,434.47","1,399.39","944.30M","-1.87%"
"06/24/2004","1,427.75","1,438.31","1,447.39","1,426.49","911.80M","-0.90%"
"06/23/2004","1,440.73","1,450.07","1,450.11","1,428.80","829.40M","-0.69%"
"06/22/2004","1,450.68","1,434.42","1,456.13","1,430.96","1.07B","1.20%"
"06/21/2004","1,433.47","1,421.83","1,434.20","1,414.97","760.70M","0.43%"
"06/18/2004","1,427.30","1,442.48","1,442.48","1,411.03","992.60M","-1.26%"
"06/17/2004","1,445.50","1,475.27","1,478.49","1,443.53","922.10M","-2.03%"
"06/16/2004","1,475.42","1,465.23","1,491.69","1,452.58","1.09B","0.80%"
"06/15/2004","1,463.78","1,436.08","1,469.57","1,433.03","994.80M","1.74%"
"06/14/2004","1,438.74","1,471.45","1,471.45","1,431.31","1.04B","-2.26%"
"06/11/2004","1,472.07","1,471.69","1,499.46","1,469.54","1.04B","0.25%"
"06/10/2004","1,468.34","1,465.56","1,478.17","1,456.32","1.03B","0.02%"
"06/09/2004","1,468.07","1,492.20","1,497.18","1,464.16","1.13B","-1.72%"
"06/08/2004","1,493.81","1,514.78","1,519.99","1,488.63","1.00B","-1.54%"
"06/07/2004","1,517.14","1,538.46","1,538.50","1,508.87","912.50M","-1.62%"
"06/04/2004","1,542.09","1,541.09","1,549.50","1,534.99","1.05B","-0.09%"
"06/03/2004","1,543.53","1,566.42","1,566.83","1,540.74","1.13B","-1.50%"
"06/02/2004","1,567.07","1,580.21","1,580.57","1,562.24","1.37B","-0.80%"
"06/01/2004","1,579.66","1,555.56","1,579.82","1,553.12","1.30B","1.53%"
"05/31/2004","1,555.91","1,549.03","1,556.79","1,544.71","731.80M","0.46%"
"05/28/2004","1,548.72","1,558.42","1,561.00","1,545.65","852.70M","-0.54%"
"05/27/2004","1,557.18","1,524.94","1,559.55","1,515.97","1.23B","2.15%"
"05/26/2004","1,524.44","1,515.16","1,529.91","1,508.64","740.70M","0.42%"
"05/25/2004","1,518.05","1,549.02","1,549.59","1,516.35","918.90M","-2.08%"
"05/24/2004","1,550.35","1,559.55","1,562.33","1,547.36","746.00M","-0.51%"
"05/21/2004","1,558.33","1,548.56","1,559.86","1,545.62","843.80M","0.60%"
"05/20/2004","1,549.06","1,556.68","1,571.30","1,542.22","915.00M","-0.59%"
"05/19/2004","1,558.29","1,559.26","1,575.38","1,548.16","1.25B","0.18%"
"05/18/2004","1,555.44","1,537.34","1,555.86","1,526.24","1.21B","1.01%"
"05/17/2004","1,539.96","1,556.67","1,562.39","1,537.47","840.10M","-1.45%"
"05/14/2004","1,562.69","1,596.73","1,597.32","1,558.54","941.10M","-2.18%"
"05/13/2004","1,597.57","1,605.70","1,606.07","1,589.46","886.60M","-0.39%"
"05/12/2004","1,603.77","1,568.41","1,604.42","1,564.14","1.10B","2.28%"
"05/11/2004","1,568.06","1,556.72","1,570.76","1,545.63","774.40M","0.50%"
"05/10/2004","1,560.21","1,600.63","1,603.07","1,555.26","818.10M","-2.22%"
"04/30/2004","1,595.59","1,579.97","1,599.56","1,572.23","1.24B","1.02%"
"04/29/2004","1,579.45","1,605.30","1,613.56","1,578.09","1.34B","-1.70%"
"04/28/2004","1,606.80","1,606.42","1,615.14","1,589.10","1.25B","-0.31%"
"04/27/2004","1,611.86","1,636.44","1,640.69","1,608.81","1.27B","-1.45%"
"04/26/2004","1,635.50","1,633.27","1,644.50","1,623.05","1.02B","0.00%"
"04/23/2004","1,635.50","1,653.94","1,653.99","1,632.56","1.23B","-1.34%"
"04/22/2004","1,657.79","1,649.05","1,659.79","1,637.29","1.26B","0.38%"
"04/21/2004","1,651.58","1,669.38","1,675.36","1,645.08","1.52B","-1.07%"
"04/20/2004","1,669.42","1,674.36","1,682.05","1,659.95","1.29B","-0.39%"
"04/19/2004","1,675.88","1,695.33","1,698.69","1,672.35","1.38B","-1.06%"
"04/16/2004","1,693.86","1,678.97","1,694.56","1,656.30","1.75B","0.88%"
"04/15/2004","1,679.08","1,697.24","1,705.02","1,674.91","1.51B","-1.07%"
"04/14/2004","1,697.16","1,714.53","1,716.82","1,678.34","1.95B","-1.05%"
"04/13/2004","1,715.14","1,724.58","1,734.92","1,710.39","1.91B","-0.46%"
"04/12/2004","1,722.99","1,717.20","1,729.62","1,702.40","1.84B","-0.25%"
"04/09/2004","1,727.35","1,770.91","1,778.22","1,721.59","2.44B","-2.43%"
"04/08/2004","1,770.28","1,774.40","1,778.10","1,765.02","2.24B","-0.24%"
"04/07/2004","1,774.55","1,779.43","1,783.01","1,771.13","2.24B","-0.17%"
"04/06/2004","1,777.52","1,767.32","1,777.74","1,754.74","2.31B","0.62%"
"04/05/2004","1,766.48","1,771.74","1,774.12","1,753.71","2.38B","-0.12%"
"04/02/2004","1,768.64","1,760.47","1,771.67","1,756.65","2.13B","0.60%"
"04/01/2004","1,758.15","1,744.71","1,758.98","1,741.33","1.80B","0.95%"
"03/31/2004","1,741.62","1,726.57","1,745.70","1,724.21","1.61B","1.01%"
"03/30/2004","1,724.28","1,718.78","1,727.18","1,711.66","1.37B","0.27%"
"03/29/2004","1,719.67","1,734.59","1,740.31","1,717.86","1.64B","-0.83%"
"03/26/2004","1,734.05","1,737.06","1,741.57","1,720.88","1.64B","-0.14%"
"03/25/2004","1,736.48","1,737.49","1,751.81","1,725.98","1.62B","-0.21%"
"03/24/2004","1,740.05","1,740.89","1,752.42","1,729.51","1.78B","-0.09%"
"03/23/2004","1,741.69","1,755.32","1,755.33","1,731.49","1.85B","-0.80%"
"03/22/2004","1,755.68","1,749.71","1,760.08","1,742.37","1.76B","0.45%"
"03/19/2004","1,747.87","1,715.47","1,748.19","1,710.84","1.77B","1.78%"
"03/18/2004","1,717.26","1,746.18","1,755.10","1,714.90","2.10B","-1.60%"
"03/17/2004","1,745.10","1,746.74","1,750.71","1,730.27","1.91B","-0.03%"
"03/16/2004","1,745.54","1,741.62","1,747.98","1,730.73","2.22B","0.54%"
"03/15/2004","1,736.22","1,696.94","1,738.98","1,696.82","2.52B","2.45%"
"03/12/2004","1,694.74","1,692.87","1,699.25","1,680.45","1.60B","0.18%"
"03/11/2004","1,691.64","1,680.31","1,698.78","1,672.67","1.85B","0.81%"
"03/10/2004","1,678.07","1,639.68","1,678.40","1,639.68","1.66B","2.50%"
"03/09/2004","1,637.10","1,636.21","1,659.65","1,634.71","1.62B","-0.00%"
"03/08/2004","1,637.14","1,660.64","1,665.73","1,635.44","1.56B","-1.50%"
"03/05/2004","1,662.10","1,671.06","1,675.03","1,660.21","1.61B","-0.41%"
"03/04/2004","1,668.87","1,658.63","1,670.16","1,642.62","1.79B","0.42%"
"03/03/2004","1,661.81","1,686.96","1,688.93","1,654.56","1.92B","-1.51%"
"03/02/2004","1,687.28","1,692.62","1,694.82","1,677.98","2.05B","-0.15%"
"03/01/2004","1,689.76","1,676.22","1,690.07","1,661.34","2.00B","0.88%"
"02/27/2004","1,675.07","1,657.26","1,675.32","1,657.04","1.97B","1.22%"
"02/26/2004","1,654.90","1,642.41","1,655.30","1,628.84","2.31B","0.46%"
"02/25/2004","1,647.38","1,684.90","1,700.50","1,642.69","2.46B","-2.08%"
"02/24/2004","1,682.30","1,675.63","1,683.04","1,650.18","2.70B","0.04%"
"02/23/2004","1,681.65","1,725.59","1,730.28","1,680.89","2.86B","-2.33%"
"02/20/2004","1,721.75","1,715.81","1,722.57","1,702.93","2.34B","0.28%"
"02/19/2004","1,717.02","1,719.31","1,728.02","1,710.71","2.73B","-0.00%"
"02/18/2004","1,717.10","1,704.74","1,719.89","1,697.32","2.92B","0.78%"
"02/17/2004","1,703.77","1,701.41","1,710.86","1,693.96","2.98B","0.41%"
"02/16/2004","1,696.83","1,661.45","1,697.26","1,661.45","2.30B","2.31%"
"02/13/2004","1,658.54","1,664.60","1,672.44","1,653.24","2.27B","-0.32%"
"02/12/2004","1,663.83","1,679.08","1,693.01","1,660.31","2.71B","-0.83%"
"02/11/2004","1,677.76","1,691.61","1,692.90","1,660.01","2.66B","-0.78%"
"02/10/2004","1,691.01","1,708.90","1,715.46","1,683.60","2.75B","-0.73%"
"02/09/2004","1,703.53","1,679.58","1,703.77","1,679.10","2.62B","1.45%"
"02/06/2004","1,679.19","1,690.56","1,705.91","1,671.40","3.39B","-0.84%"
"02/05/2004","1,693.43","1,690.94","1,693.90","1,674.62","3.26B","0.49%"
"02/04/2004","1,685.16","1,652.61","1,685.77","1,652.61","3.26B","2.18%"
"02/03/2004","1,649.28","1,625.29","1,650.24","1,615.81","2.66B","1.56%"
"02/02/2004","1,623.88","1,630.65","1,650.29","1,585.96","3.46B","2.08%"
"01/30/2004","1,590.73","1,631.11","1,634.41","1,589.40","2.41B","-2.34%"
"01/29/2004","1,628.84","1,605.25","1,629.18","1,603.31","1.85B","1.78%"
"01/16/2004","1,600.42","1,589.38","1,604.76","1,579.24","2.05B","0.88%"
"01/15/2004","1,586.49","1,591.82","1,601.41","1,582.36","1.88B","-0.37%"
"01/14/2004","1,592.42","1,612.92","1,613.15","1,585.91","2.05B","-1.26%"
"01/13/2004","1,612.68","1,622.05","1,627.49","1,596.72","2.59B","-0.36%"
"01/12/2004","1,618.52","1,579.88","1,619.09","1,573.77","2.30B","2.34%"
"01/09/2004","1,581.47","1,612.39","1,618.76","1,579.69","3.21B","-1.78%"
"01/08/2004","1,610.13","1,587.45","1,616.58","1,582.88","2.84B","1.44%"
"01/07/2004","1,587.20","1,574.10","1,595.00","1,565.09","3.05B","0.81%"
"01/06/2004","1,574.52","1,568.90","1,589.08","1,557.93","3.27B","0.39%"
"01/05/2004","1,568.35","1,516.80","1,568.82","1,516.70","2.86B","3.37%"
"01/02/2004","1,517.19","1,492.72","1,526.24","1,491.69","1.67B","1.35%"
"12/31/2003","1,497.04","1,513.62","1,516.52","1,491.25","1.46B","-0.97%"
"12/30/2003","1,511.69","1,495.67","1,513.73","1,495.39","1.52B","1.02%"
"12/29/2003","1,496.43","1,509.28","1,512.97","1,495.54","1.41B","-1.21%"
"12/26/2003","1,514.78","1,513.11","1,516.48","1,504.13","573.74M","0.14%"
"12/25/2003","1,512.60","1,514.93","1,525.30","1,504.25","2.05B","-0.08%"
"12/24/2003","1,513.83","1,501.36","1,514.32","1,498.98","2.05B","0.88%"
"12/23/2003","1,500.64","1,497.57","1,507.04","1,487.12","2.44B","0.51%"
"12/22/2003","1,492.96","1,444.17","1,493.54","1,441.59","2.66B","3.23%"
"12/19/2003","1,446.29","1,463.45","1,470.21","1,429.71","2.36B","-0.76%"
"12/18/2003","1,457.30","1,450.85","1,458.67","1,445.08","1.40B","0.23%"
"12/17/2003","1,453.99","1,465.61","1,480.43","1,453.88","1.68B","-0.84%"
"12/16/2003","1,466.34","1,469.12","1,469.13","1,441.06","1.61B","-0.27%"
"12/15/2003","1,470.36","1,471.24","1,474.67","1,465.51","1.11B","-0.03%"
"12/12/2003","1,470.79","1,469.70","1,472.86","1,459.55","1.47B","0.05%"
"12/11/2003","1,470.02","1,472.38","1,475.38","1,460.19","1.85B","0.04%"
"12/10/2003","1,469.42","1,449.57","1,469.71","1,448.50","2.00B","1.80%"
"12/09/2003","1,443.37","1,435.10","1,443.61","1,429.06","1.09B","0.47%"
"12/08/2003","1,436.66","1,452.11","1,459.48","1,435.14","1.33B","-1.00%"
"12/05/2003","1,451.12","1,454.41","1,456.87","1,440.79","1.49B","-0.12%"
"12/04/2003","1,452.81","1,445.40","1,454.32","1,440.82","1.83B","0.54%"
"12/03/2003","1,445.03","1,434.70","1,462.07","1,424.35","2.15B","0.68%"
"12/02/2003","1,435.31","1,437.24","1,444.57","1,430.24","1.94B","0.18%"
"12/01/2003","1,432.70","1,398.71","1,432.82","1,398.71","1.81B","2.54%"
"11/28/2003","1,397.22","1,388.31","1,401.46","1,385.82","1.20B","0.58%"
"11/27/2003","1,389.10","1,412.31","1,415.74","1,387.79","1.50B","-1.62%"
"11/26/2003","1,411.91","1,407.30","1,413.77","1,398.03","1.66B","0.25%"
"11/25/2003","1,408.41","1,407.76","1,423.58","1,400.90","2.52B","0.31%"
"11/24/2003","1,404.01","1,360.33","1,404.25","1,360.23","1.85B","3.12%"
"11/21/2003","1,361.56","1,379.94","1,394.57","1,359.90","2.01B","-1.09%"
"11/20/2003","1,376.51","1,338.60","1,377.12","1,336.14","2.04B","2.81%"
"11/19/2003","1,338.87","1,313.84","1,341.56","1,312.56","1.02B","1.69%"
"11/18/2003","1,316.56","1,334.65","1,336.10","1,314.99","1.48B","-0.87%"
"11/17/2003","1,328.10","1,330.49","1,333.41","1,323.68","586.15M","-0.22%"
"11/14/2003","1,331.05","1,318.72","1,331.42","1,312.79","750.80M","0.87%"
"11/13/2003","1,319.61","1,313.93","1,324.98","1,307.39","837.04M","0.14%"
"11/12/2003","1,317.79","1,341.57","1,341.58","1,316.85","951.49M","-1.92%"
"11/11/2003","1,343.62","1,340.32","1,350.39","1,331.12","903.91M","0.26%"
"11/10/2003","1,340.10","1,330.96","1,340.87","1,322.05","830.98M","0.37%"
"11/07/2003","1,335.20","1,353.43","1,353.45","1,323.12","1.45B","-1.59%"
"11/06/2003","1,356.79","1,384.67","1,385.84","1,351.10","1.65B","-2.04%"
"11/05/2003","1,385.11","1,389.72","1,396.86","1,375.99","1.46B","-0.32%"
"11/04/2003","1,389.55","1,363.96","1,412.91","1,363.90","2.39B","1.87%"
"11/03/2003","1,364.06","1,346.48","1,367.34","1,339.96","1.05B","1.17%"
"10/31/2003","1,348.30","1,341.50","1,364.66","1,334.78","998.75M","0.27%"
"10/30/2003","1,344.63","1,360.02","1,360.07","1,340.29","878.71M","-1.24%"
"10/29/2003","1,361.49","1,372.35","1,375.91","1,344.42","1.32B","-0.57%"
"10/28/2003","1,369.33","1,366.00","1,382.60","1,356.49","1.01B","-0.01%"
"10/27/2003","1,369.46","1,381.84","1,383.60","1,361.19","798.65M","-0.90%"
"10/24/2003","1,381.83","1,385.90","1,389.88","1,376.71","880.20M","-0.35%"
"10/23/2003","1,386.65","1,398.59","1,407.39","1,384.64","1.01B","-0.81%"
"10/22/2003","1,398.01","1,366.11","1,403.10","1,363.09","1.51B","2.47%"
"10/21/2003","1,364.30","1,359.51","1,364.61","1,350.21","708.05M","0.35%"
"10/20/2003","1,359.50","1,369.71","1,370.49","1,355.55","535.72M","-0.81%"
"10/17/2003","1,370.58","1,365.31","1,375.66","1,362.41","528.55M","0.37%"
"10/16/2003","1,365.51","1,381.46","1,382.53","1,362.98","585.89M","-1.27%"
"10/15/2003","1,383.10","1,388.24","1,401.54","1,380.81","671.02M","-0.37%"
"10/14/2003","1,388.17","1,399.84","1,400.75","1,382.48","636.75M","-0.82%"
"10/13/2003","1,399.66","1,405.33","1,411.88","1,397.69","846.50M","-0.31%"
"10/10/2003","1,404.01","1,369.00","1,406.00","1,367.11","1.26B","2.54%"
"10/09/2003","1,369.17","1,371.68","1,379.99","1,367.65","556.92M","-0.18%"
"10/08/2003","1,371.68","1,366.20","1,373.08","1,359.50","432.48M","0.33%"
"09/30/2003","1,367.16","1,354.65","1,371.07","1,348.22","605.96M","0.87%"
"09/29/2003","1,355.34","1,369.44","1,369.48","1,353.24","487.95M","-1.13%"
"09/26/2003","1,370.84","1,374.60","1,377.87","1,367.75","454.29M","-0.40%"
"09/25/2003","1,376.29","1,394.49","1,394.74","1,374.79","478.10M","-1.29%"
"09/24/2003","1,394.23","1,391.40","1,396.94","1,386.79","591.95M","0.29%"
"09/23/2003","1,390.17","1,380.85","1,390.35","1,372.85","697.18M","0.63%"
"09/22/2003","1,381.44","1,392.90","1,395.07","1,378.32","488.82M","-0.71%"
"09/19/2003","1,391.37","1,390.84","1,395.60","1,383.72","549.84M","0.06%"
"09/18/2003","1,390.48","1,388.09","1,395.20","1,383.40","580.70M","0.05%"
"09/17/2003","1,389.82","1,406.25","1,406.37","1,386.78","621.86M","-1.16%"
"09/16/2003","1,406.10","1,396.75","1,406.72","1,389.49","666.40M","0.61%"
"09/15/2003","1,397.54","1,407.81","1,416.08","1,394.27","708.67M","-0.82%"
"09/12/2003","1,409.16","1,426.34","1,426.81","1,407.95","1.01B","-1.04%"
"09/11/2003","1,423.96","1,422.90","1,429.56","1,421.82","437.22M","0.05%"
"09/10/2003","1,423.18","1,419.52","1,424.77","1,415.72","506.46M","0.22%"
"09/09/2003","1,420.07","1,424.69","1,429.71","1,414.88","625.83M","-0.40%"
"09/08/2003","1,425.73","1,429.46","1,429.56","1,421.14","605.60M","-0.41%"
"09/05/2003","1,431.53","1,446.94","1,446.97","1,424.17","809.32M","-1.10%"
"09/04/2003","1,447.42","1,447.77","1,453.43","1,443.38","724.59M","-0.03%"
"09/03/2003","1,447.85","1,446.28","1,451.22","1,438.69","737.25M","0.09%"
"09/02/2003","1,446.51","1,450.51","1,456.55","1,442.01","898.16M","-0.23%"
"09/01/2003","1,449.82","1,423.35","1,450.04","1,420.12","898.97M","1.96%"
"08/29/2003","1,421.98","1,414.41","1,422.35","1,406.68","571.40M","0.44%"
"08/28/2003","1,415.69","1,425.73","1,428.35","1,414.88","474.85M","-0.68%"
"08/27/2003","1,425.36","1,425.14","1,432.35","1,420.35","444.66M","0.01%"
"08/26/2003","1,425.21","1,420.85","1,428.41","1,417.83","492.46M","0.21%"
"08/25/2003","1,422.18","1,434.21","1,434.21","1,419.26","563.21M","-1.16%"
"08/22/2003","1,438.88","1,438.79","1,446.28","1,436.90","511.90M","-0.15%"
"08/21/2003","1,441.09","1,441.78","1,442.86","1,434.31","579.43M","-0.04%"
"08/20/2003","1,441.66","1,449.50","1,450.47","1,432.75","556.37M","-0.56%"
"08/19/2003","1,449.71","1,444.66","1,453.45","1,444.23","465.85M","0.32%"
"08/18/2003","1,445.09","1,449.67","1,451.67","1,442.48","499.59M","-0.35%"
"08/15/2003","1,450.20","1,454.68","1,457.63","1,447.11","668.25M","-0.39%"
"08/14/2003","1,455.90","1,464.38","1,475.02","1,451.61","706.45M","-0.68%"
"08/13/2003","1,465.83","1,479.67","1,481.12","1,465.06","472.25M","-0.91%"
"08/12/2003","1,479.28","1,473.99","1,484.59","1,472.39","407.52M","0.33%"
"08/11/2003","1,474.41","1,469.26","1,474.72","1,462.72","453.31M","0.21%"
"08/08/2003","1,471.27","1,487.17","1,487.41","1,468.44","713.01M","-1.08%"
"08/07/2003","1,487.37","1,485.74","1,497.10","1,485.06","567.22M","0.08%"
"08/06/2003","1,486.25","1,493.03","1,493.39","1,482.68","550.86M","-0.54%"
"08/05/2003","1,494.31","1,494.49","1,497.01","1,488.97","569.13M","-0.00%"
"08/04/2003","1,494.37","1,476.82","1,494.42","1,471.89","745.20M","1.18%"
"08/01/2003","1,476.97","1,476.47","1,478.36","1,464.98","629.81M","0.02%"
"07/31/2003","1,476.74","1,480.01","1,482.60","1,474.14","556.58M","-0.20%"
"07/30/2003","1,479.65","1,477.41","1,483.07","1,468.82","655.21M","0.16%"
"07/29/2003","1,477.30","1,470.39","1,480.58","1,469.93","549.78M","0.47%"
"07/28/2003","1,470.39","1,474.74","1,474.74","1,464.87","652.27M","-0.49%"
"07/25/2003","1,477.65","1,494.58","1,502.64","1,471.29","1.45B","-1.06%"
"07/24/2003","1,493.45","1,503.06","1,503.38","1,491.20","649.43M","-0.58%"
"07/23/2003","1,502.15","1,499.31","1,505.31","1,491.66","684.62M","0.24%"
"07/22/2003","1,498.48","1,499.89","1,510.31","1,485.46","885.09M","0.17%"
"07/21/2003","1,495.88","1,501.39","1,504.71","1,483.57","1.01B","-0.75%"
"07/18/2003","1,507.16","1,539.05","1,539.06","1,506.49","1.14B","-2.09%"
"07/17/2003","1,539.36","1,529.97","1,540.19","1,529.36","1.29B","0.65%"
"07/16/2003","1,529.49","1,525.50","1,529.82","1,520.41","708.52M","0.27%"
"07/15/2003","1,525.44","1,521.56","1,531.00","1,516.89","711.29M","0.26%"
"07/14/2003","1,521.41","1,528.39","1,529.33","1,519.12","612.01M","-0.49%"
"07/11/2003","1,528.85","1,532.64","1,535.97","1,523.24","1.33B","-0.20%"
"07/10/2003","1,531.93","1,503.51","1,532.19","1,501.71","1.33B","1.90%"
"07/09/2003","1,503.31","1,512.34","1,513.28","1,499.34","548.13M","-0.58%"
"07/08/2003","1,512.02","1,501.62","1,513.55","1,500.98","651.91M","0.70%"
"07/07/2003","1,501.48","1,500.85","1,503.81","1,490.97","595.12M","-0.06%"
"07/04/2003","1,502.35","1,504.60","1,510.17","1,497.46","631.30M","-0.14%"
"07/03/2003","1,504.44","1,501.90","1,507.71","1,497.74","651.39M","0.32%"
"07/02/2003","1,499.68","1,485.44","1,499.97","1,477.87","674.92M","1.01%"
"07/01/2003","1,484.70","1,485.52","1,502.57","1,482.82","663.32M","-0.09%"
"06/30/2003","1,486.02","1,493.69","1,500.97","1,483.69","578.04M","-0.74%"
"06/27/2003","1,497.05","1,516.81","1,516.87","1,494.44","768.71M","-1.21%"
"06/26/2003","1,515.38","1,500.34","1,517.21","1,486.08","930.01M","0.89%"
"06/25/2003","1,502.08","1,512.49","1,515.92","1,498.96","682.23M","-0.68%"
"06/24/2003","1,512.43","1,509.11","1,515.84","1,504.72","636.94M","0.07%"
"06/23/2003","1,511.37","1,524.58","1,524.91","1,509.43","733.95M","-1.18%"
"06/20/2003","1,529.47","1,537.50","1,542.42","1,528.30","664.88M","-0.60%"
"06/19/2003","1,538.75","1,554.02","1,557.38","1,530.38","993.74M","-0.97%"
"06/18/2003","1,553.88","1,556.89","1,565.92","1,552.83","872.89M","-0.21%"
"06/17/2003","1,557.17","1,559.12","1,564.94","1,552.43","719.17M","-0.16%"
"06/16/2003","1,559.70","1,568.19","1,569.55","1,555.37","804.09M","-0.45%"
"06/13/2003","1,566.77","1,562.61","1,572.41","1,560.30","968.13M","0.30%"
"06/12/2003","1,562.11","1,566.92","1,569.13","1,556.53","820.73M","-0.24%"
"06/11/2003","1,565.84","1,540.72","1,566.90","1,540.70","1.31B","1.76%"
"06/10/2003","1,538.76","1,529.53","1,541.39","1,529.52","679.07M","0.56%"
"06/09/2003","1,530.21","1,536.27","1,548.14","1,527.84","982.74M","-0.57%"
"06/06/2003","1,538.92","1,553.19","1,557.76","1,538.10","1.05B","-1.11%"
"06/05/2003","1,556.25","1,575.31","1,575.63","1,555.45","1.18B","-1.13%"
"06/04/2003","1,574.11","1,560.67","1,574.77","1,546.62","1.43B","0.76%"
"06/03/2003","1,562.24","1,577.08","1,582.41","1,561.08","1.11B","-0.91%"
"06/02/2003","1,576.53","1,577.99","1,578.87","1,564.61","1.17B","0.02%"
"05/30/2003","1,576.26","1,570.92","1,581.61","1,567.28","1.61B","0.52%"
"05/29/2003","1,568.16","1,549.05","1,568.54","1,543.34","1.48B","1.05%"
"05/28/2003","1,551.81","1,569.33","1,576.62","1,549.06","1.51B","-1.05%"
"05/27/2003","1,568.34","1,572.31","1,575.63","1,558.13","1.42B","-0.07%"
"05/26/2003","1,569.51","1,563.20","1,574.39","1,561.04","1.53B","0.55%"
"05/23/2003","1,560.95","1,547.15","1,571.69","1,547.09","1.83B","0.96%"
"05/22/2003","1,546.11","1,532.18","1,546.39","1,522.19","959.39M","0.82%"
"05/21/2003","1,533.48","1,534.60","1,547.31","1,530.05","908.70M","-0.13%"
"05/20/2003","1,535.52","1,553.69","1,553.85","1,530.67","1.13B","-1.28%"
"05/19/2003","1,555.45","1,557.29","1,563.11","1,546.75","1.35B","0.06%"
"05/16/2003","1,554.45","1,555.91","1,560.72","1,543.17","1.60B","-0.05%"
"05/15/2003","1,555.29","1,524.50","1,555.56","1,516.42","2.29B","2.13%"
"05/14/2003","1,522.92","1,480.11","1,523.32","1,477.25","1.82B","2.53%"
"05/13/2003","1,485.31","1,533.08","1,534.80","1,481.74","2.25B","-3.04%"
"05/12/2003","1,531.87","1,522.98","1,536.89","1,511.87","1.55B","0.69%"
"04/30/2003","1,521.44","1,511.15","1,539.57","1,510.60","1.89B","0.80%"
"04/29/2003","1,509.31","1,535.88","1,535.88","1,508.32","1.85B","-1.85%"
"04/28/2003","1,537.69","1,483.47","1,538.59","1,473.27","2.39B","3.40%"
"04/25/2003","1,487.15","1,501.57","1,513.33","1,481.07","1.21B","-1.09%"
"04/24/2003","1,503.59","1,538.58","1,542.11","1,492.90","1.96B","-2.49%"
"04/23/2003","1,541.96","1,568.13","1,569.79","1,540.07","1.55B","-1.70%"
"04/22/2003","1,568.69","1,570.57","1,575.80","1,563.59","1.12B","-0.19%"
"04/21/2003","1,571.71","1,598.50","1,598.58","1,557.12","2.16B","-1.96%"
"04/18/2003","1,603.08","1,616.90","1,620.81","1,596.67","2.44B","-0.65%"
"04/17/2003","1,613.60","1,606.23","1,621.23","1,595.63","2.84B","0.46%"
"04/16/2003","1,606.24","1,633.53","1,649.60","1,598.83","3.91B","-1.55%"
"04/15/2003","1,631.47","1,619.95","1,632.09","1,606.73","3.21B","0.95%"
"04/14/2003","1,616.07","1,581.38","1,616.65","1,581.20","3.66B","2.49%"
"04/11/2003","1,576.86","1,552.00","1,581.70","1,548.53","2.94B","1.66%"
"04/10/2003","1,551.18","1,546.51","1,559.87","1,541.29","3.21B","0.49%"
"04/09/2003","1,543.67","1,519.98","1,545.34","1,510.34","2.88B","1.52%"
"04/08/2003","1,520.55","1,515.64","1,523.95","1,513.23","1.49B","0.36%"
"04/07/2003","1,515.13","1,521.90","1,530.37","1,512.50","1.19B","-0.39%"
"04/04/2003","1,521.13","1,510.22","1,521.78","1,509.61","905.40M","0.62%"
"04/03/2003","1,511.73","1,521.36","1,522.67","1,510.51","829.96M","-0.63%"
"04/02/2003","1,521.32","1,522.49","1,525.77","1,516.79","979.10M","-0.08%"
"04/01/2003","1,522.55","1,513.00","1,525.23","1,508.84","1.33B","0.79%"
"03/31/2003","1,510.58","1,491.39","1,511.22","1,490.99","1.05B","1.25%"
"03/28/2003","1,491.94","1,498.45","1,508.26","1,488.60","1.32B","-0.49%"
"03/27/2003","1,499.35","1,455.44","1,507.67","1,447.01","1.35B","2.96%"
"03/26/2003","1,456.27","1,461.32","1,465.42","1,452.89","558.29M","-0.42%"
"03/25/2003","1,462.40","1,478.05","1,478.40","1,461.75","572.23M","-1.04%"
"03/24/2003","1,477.77","1,474.59","1,477.97","1,470.43","472.71M","0.21%"
"03/21/2003","1,474.66","1,464.18","1,475.81","1,461.91","534.06M","0.69%"
"03/20/2003","1,464.54","1,469.66","1,477.25","1,460.80","675.68M","-0.37%"
"03/19/2003","1,469.96","1,458.58","1,475.84","1,452.59","662.22M","0.69%"
"03/18/2003","1,459.89","1,468.99","1,478.99","1,458.98","597.67M","-0.64%"
"03/17/2003","1,469.27","1,465.14","1,469.53","1,453.37","632.37M","0.22%"
"03/14/2003","1,466.04","1,464.99","1,471.50","1,461.35","495.93M","0.09%"
"03/13/2003","1,464.65","1,475.04","1,477.86","1,463.33","532.86M","-0.70%"
"03/12/2003","1,475.01","1,468.75","1,475.29","1,458.50","529.34M","0.37%"
"03/11/2003","1,469.55","1,467.55","1,473.95","1,463.58","515.56M","0.04%"
"03/10/2003","1,468.92","1,492.21","1,496.16","1,467.64","747.05M","-1.62%"
"03/07/2003","1,493.09","1,495.69","1,502.43","1,489.38","705.58M","-0.35%"
"03/06/2003","1,498.34","1,516.60","1,517.35","1,494.24","845.44M","-1.24%"
"03/05/2003","1,517.18","1,524.08","1,524.12","1,508.25","673.75M","-0.47%"
"03/04/2003","1,524.30","1,527.45","1,529.75","1,517.86","795.35M","-0.08%"
"03/03/2003","1,525.48","1,511.59","1,525.70","1,511.05","877.54M","0.90%"
"02/28/2003","1,511.93","1,512.87","1,514.50","1,501.42","646.58M","-0.12%"
"02/27/2003","1,513.70","1,513.17","1,524.75","1,508.75","760.38M","0.04%"
"02/26/2003","1,513.17","1,513.49","1,515.46","1,506.55","690.79M","0.13%"
"02/25/2003","1,511.28","1,481.11","1,511.65","1,481.11","968.95M","1.98%"
"02/24/2003","1,481.94","1,476.07","1,488.07","1,474.47","639.28M","0.21%"
"02/21/2003","1,478.87","1,508.08","1,508.13","1,476.41","975.14M","-2.03%"
"02/20/2003","1,509.49","1,513.01","1,517.77","1,507.23","813.63M","-0.09%"
"02/19/2003","1,510.80","1,496.65","1,511.13","1,490.02","835.27M","0.96%"
"02/18/2003","1,496.47","1,495.14","1,500.29","1,488.83","659.43M","-0.00%"
"02/17/2003","1,496.52","1,510.64","1,514.64","1,490.92","938.42M","-0.96%"
"02/14/2003","1,510.95","1,503.37","1,515.26","1,500.98","817.43M","0.44%"
"02/13/2003","1,504.34","1,512.29","1,519.29","1,502.43","1.11B","-0.42%"
"02/12/2003","1,510.67","1,493.25","1,510.98","1,486.31","925.61M","1.20%"
"02/11/2003","1,492.76","1,478.05","1,492.89","1,476.87","537.49M","0.85%"
"02/10/2003","1,480.17","1,499.17","1,499.64","1,477.52","667.25M","-1.31%"
"01/29/2003","1,499.82","1,501.29","1,508.59","1,498.37","990.55M","-0.05%"
"01/28/2003","1,500.64","1,497.10","1,502.43","1,489.16","889.20M","0.30%"
"01/27/2003","1,496.16","1,481.61","1,500.38","1,480.97","1.20B","1.16%"
"01/24/2003","1,479.07","1,449.50","1,483.56","1,448.01","1.31B","1.96%"
"01/23/2003","1,450.62","1,460.25","1,470.33","1,448.70","976.51M","-0.68%"
"01/22/2003","1,460.53","1,448.83","1,463.94","1,446.35","1.03B","0.39%"
"01/21/2003","1,454.89","1,485.87","1,489.55","1,454.61","1.32B","-1.87%"
"01/20/2003","1,482.68","1,475.71","1,482.94","1,458.12","1.40B","0.27%"
"01/17/2003","1,478.67","1,488.27","1,492.72","1,472.96","1.86B","-0.47%"
"01/16/2003","1,485.62","1,458.87","1,486.06","1,454.55","2.13B","1.76%"
"01/15/2003","1,459.92","1,477.45","1,485.80","1,448.27","3.25B","-0.47%"
"01/14/2003","1,466.85","1,386.90","1,476.91","1,386.59","3.18B","5.81%"
"01/13/2003","1,386.31","1,381.87","1,391.19","1,378.65","787.62M","0.10%"
"01/10/2003","1,384.86","1,398.38","1,411.37","1,384.63","1.46B","-0.90%"
"01/09/2003","1,397.38","1,374.62","1,402.29","1,365.37","1.62B","1.84%"
"01/08/2003","1,372.07","1,331.44","1,373.12","1,330.45","847.73M","3.00%"
"01/07/2003","1,332.06","1,335.63","1,346.82","1,326.19","654.71M","-0.20%"
"01/06/2003","1,334.68","1,319.69","1,334.89","1,311.68","585.05M","1.12%"
"01/03/2003","1,319.87","1,317.58","1,323.63","1,312.80","364.93M","-0.06%"
"01/02/2003","1,320.63","1,347.43","1,351.34","1,317.47","506.57M","-2.73%"
"12/31/2002","1,357.65","1,364.97","1,370.53","1,348.71","650.58M","-0.64%"
"12/30/2002","1,366.36","1,379.74","1,379.75","1,358.43","634.73M","-1.20%"
"12/27/2002","1,382.97","1,379.33","1,389.33","1,367.85","685.80M","-0.09%"
"12/26/2002","1,384.15","1,419.96","1,420.00","1,382.36","865.21M","-2.63%"
"12/25/2002","1,421.52","1,431.59","1,433.79","1,420.93","543.47M","-0.65%"
"12/24/2002","1,430.83","1,429.53","1,431.12","1,420.38","530.69M","0.04%"
"12/23/2002","1,430.20","1,429.95","1,439.85","1,429.29","638.55M","0.16%"
"12/20/2002","1,427.94","1,414.35","1,431.36","1,410.46","634.34M","1.01%"
"12/19/2002","1,413.60","1,411.28","1,414.29","1,402.64","482.58M","0.13%"
"12/18/2002","1,411.72","1,416.67","1,424.48","1,409.84","635.42M","-0.31%"
"12/17/2002","1,416.10","1,409.17","1,418.20","1,403.58","581.89M","0.54%"
"12/16/2002","1,408.52","1,397.72","1,409.94","1,392.89","649.10M","0.83%"
"12/13/2002","1,396.90","1,375.78","1,401.60","1,367.93","559.80M","0.94%"
"12/12/2002","1,383.91","1,378.82","1,399.77","1,378.81","437.99M","0.34%"
"12/11/2002","1,379.19","1,381.40","1,383.15","1,367.31","442.72M","-0.34%"
"12/10/2002","1,383.84","1,400.56","1,406.89","1,383.57","517.75M","-1.22%"
"12/09/2002","1,400.87","1,404.51","1,410.79","1,395.93","328.33M","-0.33%"
"12/06/2002","1,405.53","1,404.92","1,417.00","1,396.20","381.72M","0.05%"
"12/05/2002","1,404.88","1,411.89","1,411.89","1,395.08","478.25M","-0.68%"
"12/04/2002","1,414.45","1,414.89","1,432.90","1,406.61","769.69M","0.40%"
"12/03/2002","1,408.84","1,391.72","1,409.89","1,388.51","522.01M","0.94%"
"12/02/2002","1,395.67","1,432.03","1,432.03","1,394.91","669.51M","-2.69%"
"11/29/2002","1,434.18","1,420.43","1,450.19","1,409.20","1.51B","1.17%"
"11/28/2002","1,417.53","1,378.14","1,417.85","1,372.38","794.63M","2.81%"
"11/27/2002","1,378.75","1,365.82","1,384.00","1,353.14","725.72M","0.55%"
"11/26/2002","1,371.17","1,398.44","1,408.79","1,371.01","532.25M","-1.95%"
"11/25/2002","1,398.44","1,393.34","1,403.51","1,383.09","445.88M","0.21%"
"11/22/2002","1,395.50","1,392.57","1,409.00","1,375.54","676.74M","0.35%"
"11/21/2002","1,390.63","1,421.23","1,421.23","1,389.29","682.79M","-2.47%"
"11/20/2002","1,425.84","1,459.21","1,459.21","1,423.80","569.39M","-2.48%"
"11/19/2002","1,462.17","1,450.70","1,464.76","1,441.73","422.84M","0.75%"
"11/18/2002","1,451.29","1,463.72","1,468.33","1,447.49","412.22M","-0.85%"
"11/15/2002","1,463.69","1,455.98","1,481.22","1,451.39","600.44M","0.20%"
"11/14/2002","1,460.80","1,488.91","1,489.14","1,459.71","531.66M","-1.99%"
"11/13/2002","1,490.46","1,483.71","1,491.24","1,461.26","640.03M","0.31%"
"11/12/2002","1,485.91","1,504.58","1,517.72","1,481.16","806.37M","-1.23%"
"11/11/2002","1,504.40","1,519.60","1,526.13","1,501.99","439.87M","-1.17%"
"11/08/2002","1,522.19","1,570.00","1,573.10","1,517.39","940.12M","-2.06%"
"11/07/2002","1,554.24","1,554.04","1,559.82","1,546.27","640.63M","0.11%"
"11/06/2002","1,552.56","1,558.91","1,559.22","1,548.73","647.95M","-0.36%"
"11/05/2002","1,558.24","1,533.81","1,565.23","1,532.29","1.19B","1.72%"
"11/04/2002","1,531.84","1,516.22","1,532.23","1,515.07","490.83M","1.40%"
"11/01/2002","1,510.76","1,507.38","1,511.10","1,498.21","358.18M","0.22%"
"10/31/2002","1,507.50","1,510.03","1,521.87","1,506.00","357.92M","-0.15%"
"10/30/2002","1,509.71","1,511.11","1,513.46","1,498.45","374.86M","-0.08%"
"10/29/2002","1,510.88","1,501.38","1,511.77","1,488.68","464.59M","0.54%"
"10/28/2002","1,502.72","1,518.09","1,518.60","1,500.01","508.27M","-1.16%"
"10/25/2002","1,520.31","1,535.80","1,542.59","1,517.41","529.28M","-1.05%"
"10/24/2002","1,536.52","1,549.79","1,550.43","1,535.90","442.28M","-0.80%"
"10/23/2002","1,548.96","1,549.77","1,550.09","1,539.48","473.00M","0.06%"
"10/22/2002","1,548.10","1,525.08","1,553.87","1,525.07","648.19M","1.52%"
"10/21/2002","1,524.92","1,519.20","1,525.26","1,512.33","345.67M","0.35%"
"10/18/2002","1,519.54","1,511.18","1,523.83","1,500.54","408.73M","0.43%"
"10/17/2002","1,513.10","1,537.96","1,538.79","1,511.40","416.90M","-1.58%"
"10/16/2002","1,537.39","1,524.91","1,548.53","1,524.91","499.62M","0.83%"
"10/15/2002","1,524.73","1,531.58","1,534.58","1,522.10","374.17M","-0.45%"
"10/14/2002","1,531.68","1,522.87","1,532.63","1,509.14","549.65M","0.50%"
"10/11/2002","1,524.05","1,532.14","1,536.87","1,521.91","610.71M","-0.42%"
"10/10/2002","1,530.41","1,532.18","1,542.56","1,528.35","508.70M","-0.32%"
"10/09/2002","1,535.37","1,570.65","1,571.52","1,534.91","1.69B","-1.77%"
"10/08/2002","1,562.99","1,577.05","1,577.05","1,558.48","262.38M","-1.18%"
"09/27/2002","1,581.62","1,587.24","1,591.84","1,577.53","390.56M","-0.38%"
"09/26/2002","1,587.65","1,597.85","1,599.98","1,586.53","405.34M","-0.64%"
"09/25/2002","1,597.84","1,595.81","1,602.35","1,590.49","357.66M","0.07%"
"09/24/2002","1,596.73","1,602.20","1,602.29","1,594.28","317.50M","-0.37%"
"09/23/2002","1,602.59","1,602.28","1,604.30","1,597.29","249.71M","-0.14%"
"09/20/2002","1,604.91","1,618.20","1,618.20","1,602.88","348.52M","-0.89%"
"09/19/2002","1,619.35","1,593.57","1,623.65","1,585.07","550.51M","1.55%"
"09/18/2002","1,594.58","1,603.61","1,605.22","1,593.53","342.69M","-0.64%"
"09/17/2002","1,604.88","1,603.46","1,612.02","1,593.98","428.53M","0.05%"
"09/16/2002","1,604.08","1,624.13","1,624.14","1,598.74","443.82M","-1.33%"
"09/13/2002","1,625.76","1,624.50","1,626.07","1,621.42","306.18M","0.07%"
"09/12/2002","1,624.56","1,619.94","1,631.66","1,614.60","342.85M","0.26%"
"09/11/2002","1,620.36","1,625.33","1,626.84","1,605.98","435.28M","-0.29%"
"09/10/2002","1,625.11","1,620.28","1,627.35","1,619.33","351.20M","0.22%"
"09/09/2002","1,621.58","1,628.45","1,628.45","1,617.01","418.26M","-0.60%"
"09/06/2002","1,631.38","1,639.89","1,644.80","1,629.93","539.43M","-0.64%"
"09/05/2002","1,641.81","1,662.89","1,662.90","1,639.82","601.62M","-1.33%"
"09/04/2002","1,663.97","1,674.45","1,675.96","1,662.49","395.06M","-0.60%"
"09/03/2002","1,674.07","1,669.59","1,680.28","1,669.58","386.77M","0.32%"
"09/02/2002","1,668.77","1,666.34","1,669.90","1,663.17","344.46M","0.13%"
"08/30/2002","1,666.62","1,666.98","1,669.14","1,664.82","395.08M","-0.04%"
"08/29/2002","1,667.32","1,676.86","1,680.17","1,665.72","435.04M","-0.56%"
"08/28/2002","1,676.77","1,680.75","1,683.51","1,675.53","559.89M","-0.17%"
"08/27/2002","1,679.69","1,670.63","1,680.06","1,670.11","613.37M","0.54%"
"08/26/2002","1,670.68","1,682.14","1,682.32","1,668.82","495.18M","-0.74%"
"08/23/2002","1,683.21","1,686.30","1,688.12","1,679.12","549.98M","-0.17%"
"08/22/2002","1,686.11","1,672.70","1,696.28","1,672.43","888.27M","0.75%"
"08/21/2002","1,673.55","1,671.99","1,677.95","1,668.36","624.34M","0.13%"
"08/20/2002","1,671.35","1,644.62","1,673.91","1,644.25","806.28M","1.65%"
"08/19/2002","1,644.30","1,645.93","1,650.09","1,641.40","354.08M","-0.15%"
"08/16/2002","1,646.79","1,632.96","1,652.98","1,624.05","571.63M","0.76%"
"08/15/2002","1,634.37","1,646.62","1,647.07","1,632.13","320.74M","-0.75%"
"08/14/2002","1,646.72","1,636.89","1,647.09","1,635.29","296.34M","0.62%"
"08/13/2002","1,636.63","1,633.68","1,642.41","1,633.55","292.34M","0.13%"
"08/12/2002","1,634.57","1,642.48","1,642.59","1,633.09","419.62M","-0.76%"
"08/09/2002","1,647.05","1,658.44","1,658.77","1,642.77","463.68M","-0.77%"
"08/08/2002","1,659.80","1,668.51","1,675.30","1,657.47","401.31M","-0.50%"
"08/07/2002","1,668.07","1,670.17","1,670.81","1,663.93","349.66M","-0.15%"
"08/06/2002","1,670.62","1,652.94","1,679.81","1,649.89","678.12M","1.01%"
"08/05/2002","1,653.96","1,661.40","1,661.58","1,652.40","380.35M","-0.48%"
"08/02/2002","1,661.87","1,653.64","1,662.71","1,653.17","403.18M","0.54%"
"08/01/2002","1,653.01","1,650.05","1,659.97","1,639.22","482.50M","0.09%"
"07/31/2002","1,651.59","1,667.62","1,671.48","1,649.01","510.31M","-1.04%"
"07/30/2002","1,669.00","1,666.58","1,672.12","1,656.85","588.78M","0.20%"
"07/29/2002","1,665.67","1,654.92","1,665.95","1,647.27","483.20M","0.49%"
"07/26/2002","1,657.50","1,665.09","1,670.23","1,656.82","507.63M","-0.46%"
"07/25/2002","1,665.11","1,675.47","1,682.89","1,662.38","526.82M","-0.44%"
"07/24/2002","1,672.40","1,673.68","1,679.66","1,667.44","524.85M","-0.09%"
"07/23/2002","1,673.86","1,676.90","1,684.65","1,670.38","654.09M","-0.43%"
"07/22/2002","1,681.01","1,712.02","1,712.33","1,678.50","833.39M","-1.92%"
"07/19/2002","1,713.86","1,706.36","1,714.09","1,703.38","718.32M","0.52%"
"07/18/2002","1,704.91","1,703.81","1,711.69","1,695.40","816.78M","0.19%"
"07/17/2002","1,701.72","1,692.45","1,702.24","1,680.20","630.03M","0.60%"
"07/16/2002","1,691.62","1,687.67","1,704.77","1,686.81","705.64M","0.22%"
"07/15/2002","1,687.94","1,696.81","1,697.38","1,685.54","799.98M","-0.61%"
"07/12/2002","1,698.30","1,696.64","1,706.44","1,693.21","808.40M","0.08%"
"07/11/2002","1,696.94","1,698.21","1,712.20","1,689.22","918.74M","-0.29%"
"07/10/2002","1,701.82","1,728.52","1,729.73","1,698.83","1.22B","-1.63%"
"07/09/2002","1,729.99","1,733.83","1,741.92","1,724.39","1.05B","-0.17%"
"07/08/2002","1,732.93","1,723.58","1,737.86","1,721.12","1.09B","0.62%"
"07/05/2002","1,722.19","1,709.84","1,722.48","1,704.19","1.14B","0.53%"
"07/04/2002","1,713.13","1,731.90","1,735.83","1,710.29","1.39B","-1.03%"
"07/03/2002","1,730.92","1,727.09","1,736.08","1,719.62","1.39B","0.35%"
"07/02/2002","1,724.95","1,707.45","1,725.89","1,698.83","1.34B","0.66%"
"07/01/2002","1,713.70","1,736.29","1,740.38","1,712.77","1.55B","-1.10%"
"06/28/2002","1,732.76","1,724.73","1,747.23","1,711.00","2.97B","0.53%"
"06/27/2002","1,723.55","1,714.74","1,730.67","1,706.14","2.20B","0.62%"
"06/26/2002","1,712.91","1,698.11","1,719.08","1,684.91","2.43B","0.37%"
"06/25/2002","1,706.59","1,718.23","1,748.89","1,690.61","4.22B","-0.04%"
"06/24/2002","1,707.31","1,704.70","1,709.07","1,647.50","4.85B","9.25%"
"06/21/2002","1,562.72","1,517.28","1,564.92","1,517.26","1.25B","3.07%"
"06/20/2002","1,516.15","1,511.12","1,528.36","1,510.53","397.51M","0.56%"
"06/19/2002","1,507.67","1,523.95","1,524.01","1,506.43","305.29M","-1.08%"
"06/18/2002","1,524.07","1,496.83","1,527.77","1,496.81","536.52M","1.86%"
"06/17/2002","1,496.24","1,489.13","1,496.84","1,481.25","293.32M","0.13%"
"06/14/2002","1,494.25","1,508.64","1,508.65","1,493.24","392.00M","-1.15%"
"06/13/2002","1,511.71","1,524.77","1,529.44","1,511.22","356.45M","-0.86%"
"06/12/2002","1,524.84","1,531.75","1,531.75","1,513.92","381.86M","-0.40%"
"06/11/2002","1,530.96","1,515.99","1,534.38","1,515.75","500.34M","0.90%"
"06/10/2002","1,517.23","1,529.34","1,529.38","1,511.26","448.49M","-0.80%"
"06/07/2002","1,529.51","1,522.88","1,540.83","1,508.43","985.85M","0.54%"
"06/06/2002","1,521.26","1,458.61","1,532.73","1,455.31","877.56M","4.05%"
"06/05/2002","1,462.00","1,491.07","1,491.07","1,460.48","440.84M","-1.91%"
"06/04/2002","1,490.51","1,484.01","1,498.05","1,474.36","457.84M","0.48%"
"06/03/2002","1,483.35","1,510.25","1,510.26","1,480.09","517.92M","-2.14%"
"05/31/2002","1,515.73","1,523.01","1,532.03","1,513.26","421.43M","-0.51%"
"05/30/2002","1,523.52","1,524.22","1,530.77","1,506.54","552.69M","-0.08%"
"05/29/2002","1,524.81","1,558.13","1,558.14","1,520.12","517.00M","-2.16%"
"05/28/2002","1,558.52","1,557.62","1,569.41","1,557.23","378.07M","0.22%"
"05/27/2002","1,555.05","1,555.04","1,562.63","1,545.62","382.22M","0.36%"
"05/24/2002","1,549.47","1,572.94","1,574.13","1,544.42","564.80M","-1.41%"
"05/23/2002","1,571.61","1,571.08","1,585.74","1,568.10","819.14M","0.46%"
"05/22/2002","1,564.49","1,590.79","1,591.03","1,563.16","572.94M","-1.49%"
"05/21/2002","1,588.11","1,575.02","1,599.11","1,564.55","971.07M","3.02%"
"05/20/2002","1,541.53","1,564.97","1,564.98","1,529.35","478.27M","-1.66%"
"05/17/2002","1,567.50","1,549.08","1,570.15","1,540.58","716.28M","1.16%"
"05/16/2002","1,549.50","1,592.24","1,592.24","1,546.94","807.65M","-3.06%"
"05/15/2002","1,598.35","1,614.90","1,618.14","1,597.92","603.46M","-1.11%"
"05/14/2002","1,616.23","1,622.33","1,629.88","1,613.55","533.43M","-0.47%"
"05/13/2002","1,623.94","1,634.90","1,634.92","1,618.46","567.22M","-0.87%"
"05/10/2002","1,638.20","1,650.91","1,652.29","1,636.86","601.49M","-0.75%"
"05/09/2002","1,650.58","1,648.46","1,659.25","1,646.82","557.31M","-0.11%"
"05/08/2002","1,652.37","1,669.87","1,670.92","1,651.69","475.01M","-0.92%"
"04/30/2002","1,667.75","1,668.31","1,673.75","1,657.82","970.24M","0.12%"
"04/29/2002","1,665.81","1,643.55","1,667.16","1,640.56","1.05B","1.54%"
"04/26/2002","1,640.59","1,615.52","1,643.15","1,615.52","703.90M","1.53%"
"04/25/2002","1,615.92","1,609.94","1,616.76","1,603.64","468.89M","0.30%"
"04/24/2002","1,611.05","1,623.47","1,626.38","1,609.20","503.07M","-0.83%"
"04/23/2002","1,624.55","1,626.63","1,634.86","1,621.87","499.91M","-0.18%"
"04/22/2002","1,627.48","1,633.64","1,637.18","1,619.16","550.12M","-0.47%"
"04/19/2002","1,635.17","1,625.25","1,635.53","1,603.96","862.77M","0.43%"
"04/18/2002","1,628.14","1,644.15","1,646.25","1,626.03","730.47M","-0.99%"
"04/17/2002","1,644.39","1,641.72","1,649.43","1,630.23","584.10M","0.25%"
"04/16/2002","1,640.29","1,647.51","1,654.74","1,635.75","617.54M","-0.56%"
"04/15/2002","1,649.50","1,660.57","1,664.52","1,638.64","726.76M","-0.57%"
"04/12/2002","1,658.98","1,648.45","1,664.41","1,648.45","813.35M","0.57%"
"04/11/2002","1,649.53","1,679.34","1,680.30","1,649.27","944.88M","-1.68%"
"04/10/2002","1,677.66","1,670.80","1,677.94","1,663.47","1.20B","0.61%"
"04/09/2002","1,667.52","1,641.85","1,671.86","1,640.69","1.60B","1.64%"
"04/08/2002","1,640.65","1,633.83","1,643.68","1,631.07","667.49M","0.37%"
"04/05/2002","1,634.64","1,650.50","1,657.09","1,628.55","1.01B","-0.43%"
"04/04/2002","1,641.70","1,595.02","1,643.54","1,583.63","910.31M","2.96%"
"04/03/2002","1,594.51","1,582.74","1,603.80","1,582.67","639.96M","0.73%"
"04/02/2002","1,582.88","1,608.52","1,610.73","1,575.97","771.82M","-1.59%"
"04/01/2002","1,608.51","1,598.03","1,609.92","1,589.41","667.97M","0.29%"
"03/29/2002","1,603.90","1,648.09","1,648.09","1,596.25","1.20B","-2.83%"
"03/28/2002","1,650.67","1,653.98","1,666.52","1,645.34","793.44M","-0.22%"
"03/27/2002","1,654.23","1,646.68","1,655.18","1,635.82","717.04M","0.29%"
"03/26/2002","1,649.48","1,674.70","1,675.21","1,641.91","925.38M","-1.54%"
"03/25/2002","1,675.29","1,667.85","1,677.05","1,663.39","879.26M","0.34%"
"03/22/2002","1,669.69","1,684.07","1,684.46","1,659.52","1.02B","-0.91%"
"03/21/2002","1,685.02","1,686.95","1,693.87","1,675.24","1.34B","0.15%"
"03/20/2002","1,682.51","1,673.27","1,686.11","1,664.37","1.80B","1.03%"
"03/19/2002","1,665.36","1,624.32","1,665.62","1,624.29","1.33B","2.55%"
"03/18/2002","1,623.88","1,641.43","1,657.68","1,610.99","1.29B","0.18%"
"03/15/2002","1,620.98","1,671.83","1,676.51","1,620.56","1.40B","-2.65%"
"03/14/2002","1,665.15","1,621.08","1,665.79","1,621.08","1.20B","2.57%"
"03/13/2002","1,623.43","1,636.94","1,655.63","1,621.80","1.50B","-1.23%"
"03/12/2002","1,643.69","1,665.24","1,672.04","1,641.58","2.10B","-1.23%"
"03/11/2002","1,664.09","1,643.59","1,664.52","1,632.62","1.95B","1.45%"
"03/08/2002","1,640.26","1,622.87","1,645.29","1,611.23","2.32B","1.69%"
"03/07/2002","1,613.00","1,569.17","1,613.26","1,569.07","1.63B","2.79%"
"03/06/2002","1,569.21","1,564.69","1,594.67","1,563.92","1.61B","0.59%"
"03/05/2002","1,560.08","1,529.30","1,566.07","1,529.30","1.17B","2.18%"
"03/04/2002","1,526.80","1,497.83","1,527.40","1,494.83","552.07M","1.61%"
"03/01/2002","1,502.54","1,521.53","1,521.57","1,501.56","569.35M","-1.45%"
"02/28/2002","1,524.70","1,537.93","1,544.39","1,521.08","647.80M","-0.89%"
"02/27/2002","1,538.32","1,531.32","1,544.92","1,524.68","711.39M","0.45%"
"02/26/2002","1,531.43","1,529.38","1,531.72","1,507.58","663.47M","0.08%"
"02/25/2002","1,530.28","1,540.49","1,544.57","1,521.66","807.03M","1.57%"
"02/08/2002","1,506.62","1,520.72","1,530.13","1,506.07","710.81M","-0.58%"
"02/07/2002","1,515.39","1,482.36","1,521.03","1,481.07","961.30M","1.99%"
"02/06/2002","1,485.80","1,517.81","1,521.56","1,484.25","832.07M","-2.14%"
"02/05/2002","1,518.28","1,510.57","1,522.32","1,502.09","961.65M","0.46%"
"02/04/2002","1,511.33","1,485.68","1,513.67","1,476.13","842.46M","1.72%"
"02/01/2002","1,485.77","1,494.58","1,507.64","1,480.77","1.33B","-0.39%"
"01/31/2002","1,491.66","1,413.22","1,501.33","1,413.22","1.88B","6.81%"
"01/30/2002","1,396.61","1,392.95","1,408.05","1,381.01","599.35M","0.27%"
"01/29/2002","1,392.78","1,343.36","1,396.11","1,339.20","730.31M","2.44%"
"01/28/2002","1,359.55","1,444.50","1,448.60","1,357.55","1.06B","-6.33%"
"01/25/2002","1,451.48","1,449.88","1,464.90","1,442.94","807.90M","-0.34%"
"01/24/2002","1,456.40","1,435.32","1,478.54","1,400.35","1.37B","0.79%"
"01/23/2002","1,444.96","1,355.86","1,445.70","1,346.17","1.05B","6.35%"
"01/22/2002","1,358.69","1,360.29","1,400.76","1,348.79","705.22M","-0.61%"
"01/21/2002","1,366.97","1,407.00","1,412.21","1,362.62","567.70M","-3.42%"
"01/18/2002","1,415.44","1,405.55","1,434.97","1,376.89","776.14M","-0.29%"
"01/17/2002","1,419.52","1,476.36","1,476.38","1,416.30","568.21M","-4.06%"
"01/16/2002","1,479.62","1,458.84","1,482.18","1,439.40","637.99M","1.37%"
"01/15/2002","1,459.65","1,475.34","1,491.70","1,458.02","559.82M","-1.71%"
"01/14/2002","1,485.11","1,519.93","1,519.93","1,484.46","593.00M","-3.29%"
"01/11/2002","1,535.59","1,574.26","1,574.27","1,535.28","548.35M","-2.59%"
"01/10/2002","1,576.44","1,556.74","1,580.01","1,523.66","558.60M","0.97%"
"01/09/2002","1,561.35","1,580.71","1,580.72","1,552.56","447.45M","-1.40%"
"01/08/2002","1,583.46","1,594.87","1,607.72","1,582.45","348.25M","-0.83%"
"01/07/2002","1,596.76","1,605.74","1,605.74","1,584.66","299.70M","-0.91%"
"01/04/2002","1,611.39","1,643.48","1,643.50","1,608.83","138.23M","-2.10%"
"12/31/2001","1,645.97","1,641.43","1,649.80","1,638.32","516.92M","0.40%"
"12/28/2001","1,639.48","1,626.95","1,639.85","1,619.53","503.67M","0.71%"
"12/27/2001","1,627.92","1,635.46","1,644.41","1,625.45","556.92M","-0.35%"
"12/26/2001","1,633.64","1,610.65","1,634.33","1,605.15","479.39M","1.39%"
"12/25/2001","1,611.17","1,604.67","1,613.60","1,593.03","450.77M","0.32%"
"12/24/2001","1,606.10","1,639.52","1,640.14","1,601.24","422.87M","-2.08%"
"12/21/2001","1,640.14","1,627.44","1,640.79","1,624.50","378.33M","0.53%"
"12/20/2001","1,631.54","1,669.47","1,669.48","1,628.47","578.03M","-2.46%"
"12/19/2001","1,672.70","1,688.92","1,693.18","1,671.94","461.82M","-0.86%"
"12/18/2001","1,687.29","1,666.51","1,687.77","1,660.50","510.81M","1.28%"
"12/17/2001","1,665.94","1,673.24","1,680.84","1,662.67","361.94M","-0.57%"
"12/14/2001","1,675.51","1,683.73","1,692.90","1,673.32","468.56M","-0.74%"
"12/13/2001","1,688.01","1,713.78","1,720.55","1,687.09","604.06M","-1.58%"
"12/12/2001","1,715.17","1,724.88","1,728.83","1,714.17","563.79M","-0.79%"
"12/11/2001","1,728.88","1,748.02","1,748.97","1,726.69","577.46M","-1.13%"
"12/10/2001","1,748.68","1,743.62","1,748.97","1,730.81","590.36M","0.19%"
"12/07/2001","1,745.41","1,752.02","1,756.47","1,743.33","647.55M","-0.33%"
"12/06/2001","1,751.18","1,740.08","1,754.77","1,737.06","779.40M","0.34%"
"12/05/2001","1,745.23","1,765.56","1,776.02","1,745.11","965.19M","-1.38%"
"12/04/2001","1,769.68","1,763.79","1,770.36","1,754.87","737.37M","0.40%"
"12/03/2001","1,762.56","1,751.05","1,767.44","1,750.92","863.92M","0.83%"
"11/30/2001","1,747.99","1,732.13","1,748.00","1,731.96","724.77M","0.91%"
"11/29/2001","1,732.30","1,735.38","1,741.74","1,728.89","675.30M","-0.16%"
"11/28/2001","1,735.00","1,725.54","1,741.66","1,725.16","753.85M","0.72%"
"11/27/2001","1,722.59","1,705.51","1,722.62","1,704.85","499.15M","0.98%"
"11/26/2001","1,705.88","1,710.13","1,710.13","1,696.00","469.03M","-0.39%"
"11/23/2001","1,712.56","1,715.65","1,721.97","1,704.14","631.84M","-0.19%"
"11/22/2001","1,715.81","1,705.92","1,715.93","1,700.51","695.01M","0.60%"
"11/21/2001","1,705.66","1,700.66","1,707.93","1,690.23","676.45M","0.35%"
"11/20/2001","1,699.73","1,672.21","1,703.74","1,670.80","917.88M","1.79%"
"11/19/2001","1,669.89","1,645.09","1,669.99","1,644.82","457.45M","1.40%"
"11/16/2001","1,646.76","1,725.45","1,734.67","1,644.61","1.10B","1.57%"
"11/15/2001","1,621.34","1,619.26","1,624.81","1,612.90","251.84M","0.26%"
"11/14/2001","1,617.10","1,615.75","1,627.97","1,614.59","277.40M","0.07%"
"11/13/2001","1,615.93","1,609.95","1,623.45","1,598.11","344.05M","-0.32%"
"11/12/2001","1,621.19","1,631.80","1,637.33","1,619.11","403.86M","-0.56%"
"11/09/2001","1,630.36","1,605.08","1,637.90","1,582.85","575.02M","1.53%"
"11/08/2001","1,605.87","1,566.52","1,605.90","1,550.46","523.93M","0.74%"
"11/07/2001","1,594.05","1,669.43","1,669.46","1,591.77","594.59M","-4.62%"
"11/06/2001","1,671.28","1,678.17","1,685.52","1,668.66","382.77M","-0.49%"
"11/05/2001","1,679.57","1,687.84","1,688.31","1,671.23","347.47M","-0.70%"
"11/02/2001","1,691.35","1,703.92","1,711.74","1,688.57","425.38M","-0.96%"
"11/01/2001","1,707.75","1,692.35","1,717.74","1,688.10","632.00M","1.10%"
"10/31/2001","1,689.17","1,678.93","1,689.17","1,655.89","405.14M","0.38%"
"10/30/2001","1,682.77","1,702.86","1,704.48","1,680.44","399.67M","-1.04%"
"10/29/2001","1,700.48","1,678.72","1,701.12","1,678.72","548.88M","1.35%"
"10/26/2001","1,677.88","1,669.16","1,681.90","1,651.52","643.28M","0.08%"
"10/25/2001","1,676.50","1,708.03","1,708.03","1,673.05","972.53M","-2.42%"
"10/24/2001","1,718.06","1,733.64","1,744.92","1,685.72","2.03B","2.84%"
"10/23/2001","1,670.56","1,642.22","1,670.74","1,625.15","1.42B","9.86%"
"10/22/2001","1,520.67","1,558.47","1,563.40","1,514.86","423.06M","-3.29%"
"10/19/2001","1,572.45","1,610.44","1,610.44","1,550.91","586.70M","-2.67%"
"10/18/2001","1,615.58","1,642.01","1,651.11","1,609.38","329.59M","-1.67%"
"10/17/2001","1,643.07","1,654.93","1,661.88","1,635.92","274.36M","-0.77%"
"10/16/2001","1,655.90","1,689.19","1,691.65","1,649.20","338.17M","-1.86%"
"10/15/2001","1,687.28","1,692.17","1,703.59","1,670.27","458.88M","-0.24%"
"10/12/2001","1,691.33","1,637.75","1,700.71","1,598.79","718.01M","3.24%"
"10/11/2001","1,638.33","1,682.32","1,693.21","1,634.21","437.03M","-2.86%"
"10/10/2001","1,686.61","1,744.04","1,744.64","1,683.71","393.14M","-3.33%"
"10/09/2001","1,744.64","1,724.17","1,751.07","1,722.22","272.10M","1.05%"
"10/08/2001","1,726.53","1,766.13","1,773.80","1,723.04","271.85M","-2.17%"
"09/28/2001","1,764.87","1,766.13","1,774.30","1,751.72","342.12M","-0.00%"
"09/27/2001","1,764.93","1,765.62","1,779.13","1,750.76","317.25M","-0.16%"
"09/26/2001","1,767.81","1,793.65","1,793.67","1,765.17","276.97M","-1.45%"
"09/25/2001","1,793.88","1,799.98","1,813.31","1,788.40","289.10M","-0.06%"
"09/24/2001","1,794.96","1,804.89","1,808.70","1,791.62","274.47M","-0.67%"
"09/21/2001","1,807.02","1,815.56","1,821.34","1,803.80","354.03M","-0.63%"
"09/20/2001","1,818.42","1,826.42","1,836.79","1,814.46","485.79M","-0.23%"
"09/19/2001","1,822.69","1,800.24","1,822.97","1,784.91","396.19M","1.34%"
"09/18/2001","1,798.62","1,784.59","1,817.56","1,780.05","407.33M","0.79%"
"09/17/2001","1,784.61","1,811.90","1,816.26","1,782.50","528.68M","-1.86%"
"09/14/2001","1,818.38","1,838.67","1,846.02","1,814.74","494.51M","-1.17%"
"09/13/2001","1,839.91","1,851.62","1,857.86","1,837.82","388.45M","-0.68%"
"09/12/2001","1,852.60","1,822.13","1,858.69","1,815.59","959.25M","-0.60%"
"09/11/2001","1,863.78","1,859.97","1,871.13","1,849.61","518.69M","0.39%"
"09/10/2001","1,856.53","1,790.21","1,858.20","1,774.83","613.55M","2.64%"
"09/07/2001","1,808.84","1,858.24","1,858.24","1,807.14","527.96M","-2.83%"
"09/06/2001","1,861.56","1,867.63","1,876.47","1,853.29","401.02M","-0.36%"
"09/05/2001","1,868.27","1,868.36","1,888.90","1,863.83","576.81M","0.32%"
"09/04/2001","1,862.36","1,815.27","1,862.40","1,814.92","577.80M","2.49%"
"09/03/2001","1,817.19","1,831.70","1,831.80","1,813.37","375.81M","-0.92%"
"08/31/2001","1,834.14","1,838.21","1,846.94","1,831.52","309.78M","-0.30%"
"08/30/2001","1,839.63","1,846.19","1,846.54","1,831.02","333.77M","-0.43%"
"08/29/2001","1,847.54","1,846.82","1,865.48","1,837.94","500.78M","0.23%"
"08/28/2001","1,843.38","1,816.66","1,843.44","1,795.57","579.22M","0.88%"
"08/27/2001","1,827.25","1,881.31","1,881.31","1,824.88","642.24M","-3.16%"
"08/24/2001","1,886.80","1,903.38","1,912.19","1,883.23","527.73M","-0.85%"
"08/23/2001","1,902.99","1,892.37","1,903.47","1,869.49","541.93M","-0.02%"
"08/22/2001","1,903.45","1,935.54","1,935.56","1,891.35","666.54M","-1.83%"
"08/21/2001","1,938.87","1,936.06","1,947.40","1,935.77","503.05M","0.23%"
"08/20/2001","1,934.49","1,923.10","1,937.15","1,917.10","599.05M","0.55%"
"08/17/2001","1,924.00","1,916.84","1,928.14","1,909.67","418.97M","0.23%"
"08/16/2001","1,919.64","1,948.27","1,950.46","1,918.49","451.57M","-1.42%"
"08/15/2001","1,947.36","1,938.54","1,949.16","1,935.39","406.76M","0.40%"
"08/14/2001","1,939.54","1,955.51","1,960.95","1,924.27","564.69M","-0.80%"
"08/13/2001","1,955.10","1,956.92","1,963.14","1,942.07","660.56M","0.00%"
"08/10/2001","1,955.04","1,929.96","1,956.40","1,929.69","1.01B","1.58%"
"08/09/2001","1,924.59","1,894.69","1,924.65","1,894.05","799.22M","1.55%"
"08/08/2001","1,895.17","1,902.87","1,907.95","1,885.42","1.13B","-0.46%"
"08/07/2001","1,903.93","1,872.67","1,911.21","1,861.78","785.89M","1.16%"
"08/06/2001","1,882.13","1,953.41","1,953.45","1,867.86","670.41M","-3.91%"
"08/03/2001","1,958.69","1,956.54","1,965.32","1,948.90","433.03M","0.09%"
"08/02/2001","1,957.02","1,989.64","1,990.70","1,912.73","649.30M","-1.51%"
"08/01/2001","1,986.93","1,925.24","1,986.94","1,925.24","743.89M","3.47%"
"07/31/2001","1,920.32","1,939.26","1,978.10","1,909.30","712.51M","-1.87%"
"07/30/2001","1,956.82","2,056.76","2,056.77","1,955.97","759.27M","-5.27%"
"07/27/2001","2,065.73","2,093.87","2,101.15","2,063.89","585.95M","-1.35%"
"07/26/2001","2,094.01","2,109.92","2,116.56","2,086.08","569.39M","-0.86%"
"07/25/2001","2,112.26","2,130.45","2,140.50","2,108.76","621.90M","-1.13%"
"07/24/2001","2,136.45","2,162.75","2,162.75","2,129.18","737.44M","-1.50%"
"07/23/2001","2,169.01","2,183.74","2,185.86","2,166.33","712.27M","-0.49%"
"07/20/2001","2,179.62","2,153.24","2,179.77","2,153.14","813.11M","1.37%"
"07/19/2001","2,150.26","2,146.51","2,150.27","2,135.24","545.59M","0.17%"
"07/18/2001","2,146.54","2,142.01","2,147.84","2,137.41","389.62M","0.26%"
"07/17/2001","2,140.98","2,145.49","2,146.03","2,121.28","580.34M","-0.25%"
"07/16/2001","2,146.24","2,176.34","2,183.52","2,142.08","710.93M","-0.70%"
"07/13/2001","2,161.34","2,167.70","2,178.02","2,158.85","500.52M","-0.19%"
"07/12/2001","2,165.49","2,164.91","2,168.39","2,153.68","475.45M","-0.15%"
"07/11/2001","2,168.74","2,190.98","2,192.52","2,167.67","489.57M","-0.96%"
"07/10/2001","2,189.78","2,172.61","2,189.80","2,172.59","532.44M","0.93%"
"07/09/2001","2,169.66","2,169.47","2,175.16","2,164.01","510.63M","-0.04%"
"07/06/2001","2,170.52","2,179.81","2,187.24","2,168.78","616.94M","-0.51%"
"07/05/2001","2,181.66","2,202.30","2,204.26","2,176.75","618.93M","-0.93%"
"07/04/2001","2,202.06","2,212.97","2,216.22","2,199.63","492.40M","-0.44%"
"07/03/2001","2,211.83","2,206.85","2,211.86","2,191.68","567.80M","0.26%"
"07/02/2001","2,205.99","2,220.42","2,223.21","2,201.59","637.82M","-0.54%"
"06/29/2001","2,218.03","2,218.57","2,225.35","2,214.16","659.08M","-0.05%"
"06/28/2001","2,219.25","2,231.37","2,237.49","2,213.58","932.43M","-0.47%"
"06/27/2001","2,229.83","2,234.71","2,237.52","2,223.81","967.06M","-0.17%"
"06/26/2001","2,233.59","2,234.07","2,236.78","2,223.50","1.19B","0.15%"
"06/25/2001","2,230.20","2,210.07","2,230.22","2,210.04","1.15B","1.09%"
"06/22/2001","2,206.07","2,191.36","2,206.51","2,188.94","781.87M","0.77%"
"06/21/2001","2,189.14","2,164.12","2,189.22","2,164.09","557.41M","1.20%"
"06/20/2001","2,163.12","2,171.01","2,180.73","2,157.40","583.82M","-0.34%"
"06/19/2001","2,170.45","2,163.32","2,174.21","2,158.76","689.65M","0.13%"
"06/18/2001","2,167.65","2,211.89","2,214.11","2,157.12","1.03B","-1.96%"
"06/15/2001","2,210.97","2,196.68","2,212.09","2,188.25","995.77M","0.39%"
"06/14/2001","2,202.40","2,243.30","2,245.43","2,201.01","1.23B","-1.78%"
"06/13/2001","2,242.42","2,227.07","2,242.42","2,226.88","1.07B","0.88%"
"06/12/2001","2,222.96","2,213.55","2,223.30","2,211.86","1.02B","0.38%"
"06/11/2001","2,214.62","2,223.80","2,226.61","2,206.64","997.66M","-0.38%"
"06/08/2001","2,223.07","2,229.20","2,229.41","2,211.75","878.99M","-0.30%"
"06/07/2001","2,229.81","2,241.01","2,242.69","2,223.41","992.41M","-0.39%"
"06/06/2001","2,238.50","2,237.99","2,241.09","2,224.30","1.16B","0.16%"
"06/05/2001","2,234.99","2,229.25","2,235.50","2,226.82","1.20B","0.37%"
"06/04/2001","2,226.78","2,223.91","2,229.05","2,222.23","1.32B","0.32%"
"06/01/2001","2,219.59","2,216.56","2,223.26","2,212.16","1.28B","0.24%"
"05/31/2001","2,214.26","2,217.87","2,222.65","2,208.88","1.26B","0.14%"
"05/30/2001","2,211.20","2,180.62","2,211.20","2,180.53","1.09B","1.42%"
"05/29/2001","2,180.28","2,177.65","2,188.76","2,176.56","1.01B","0.03%"
"05/28/2001","2,179.70","2,194.45","2,194.83","2,171.68","1.11B","-0.63%"
"05/25/2001","2,193.58","2,199.66","2,204.24","2,181.25","982.47M","-0.21%"
"05/24/2001","2,198.30","2,198.01","2,202.84","2,192.17","1.06B","0.03%"
"05/23/2001","2,197.59","2,210.85","2,213.40","2,175.28","1.31B","-0.58%"
"05/22/2001","2,210.34","2,215.78","2,218.45","2,205.25","1.05B","-0.15%"
"05/21/2001","2,213.59","2,207.78","2,213.75","2,202.74","1.32B","0.46%"
"05/18/2001","2,203.37","2,194.62","2,203.37","2,186.65","1.04B","0.40%"
"05/17/2001","2,194.65","2,201.98","2,205.01","2,187.84","1.17B","-0.22%"
"05/16/2001","2,199.51","2,195.36","2,199.54","2,187.41","1.20B","0.39%"
"05/15/2001","2,191.06","2,184.79","2,191.07","2,176.79","1.29B","0.58%"
"05/14/2001","2,178.47","2,161.61","2,178.70","2,160.12","1.16B","1.07%"
"05/11/2001","2,155.41","2,150.32","2,155.42","2,144.76","834.14M","0.38%"
"05/10/2001","2,147.28","2,134.19","2,147.34","2,134.19","826.86M","0.67%"
"05/09/2001","2,132.89","2,140.55","2,142.38","2,127.32","784.36M","-0.24%"
"05/08/2001","2,137.99","2,119.90","2,138.04","2,119.89","664.91M","0.89%"
"04/30/2001","2,119.18","2,117.17","2,122.50","2,111.95","763.66M","0.19%"
"04/27/2001","2,115.11","2,104.03","2,120.84","2,104.03","848.59M","0.48%"
"04/26/2001","2,105.06","2,113.39","2,125.79","2,102.82","998.89M","-0.67%"
"04/25/2001","2,119.18","2,168.05","2,170.39","2,115.26","1.37B","-2.17%"
"04/24/2001","2,166.17","2,151.34","2,166.19","2,151.34","1.07B","0.73%"
"04/23/2001","2,150.43","2,150.34","2,157.51","2,132.55","1.40B","-0.09%"
"04/20/2001","2,152.34","2,173.96","2,179.57","2,152.01","1.62B","-0.94%"
"04/19/2001","2,172.87","2,172.43","2,175.57","2,148.31","1.51B","0.01%"
"04/18/2001","2,172.56","2,177.99","2,179.74","2,167.59","1.42B","-0.19%"
"04/17/2001","2,176.68","2,173.30","2,177.16","2,163.19","1.54B","0.40%"
"04/16/2001","2,168.06","2,150.29","2,168.08","2,150.29","1.42B","1.06%"
"04/13/2001","2,145.40","2,135.67","2,145.44","2,130.59","1.03B","0.50%"
"04/12/2001","2,134.80","2,132.81","2,141.92","2,124.82","1.34B","0.16%"
"04/11/2001","2,131.40","2,130.89","2,134.51","2,121.16","963.16M","0.14%"
"04/10/2001","2,128.48","2,119.54","2,128.55","2,119.36","884.07M","0.52%"
"04/09/2001","2,117.37","2,108.97","2,117.41","2,100.97","958.21M","0.42%"
"04/06/2001","2,108.61","2,116.38","2,122.22","2,103.26","829.21M","-0.19%"
"04/05/2001","2,112.60","2,084.81","2,112.62","2,081.64","898.62M","1.05%"
"04/04/2001","2,090.72","2,123.89","2,128.16","2,084.93","1.22B","-1.52%"
"04/03/2001","2,123.05","2,127.78","2,129.83","2,109.25","1.06B","-0.10%"
"04/02/2001","2,125.08","2,117.45","2,126.97","2,114.78","1.20B","0.58%"
"03/30/2001","2,112.78","2,101.10","2,112.83","2,096.28","1.06B","0.53%"
"03/29/2001","2,101.66","2,107.22","2,111.73","2,096.93","1.23B","-0.25%"
"03/28/2001","2,106.87","2,109.76","2,112.88","2,096.92","1.25B","-0.02%"
"03/27/2001","2,107.26","2,096.50","2,107.30","2,090.90","1.35B","0.83%"
"03/26/2001","2,089.88","2,052.05","2,089.99","2,052.05","1.29B","1.77%"
"03/23/2001","2,053.54","2,091.18","2,093.95","2,052.55","1.86B","-1.63%"
"03/22/2001","2,087.53","2,071.20","2,087.53","2,068.14","1.64B","1.02%"
"03/21/2001","2,066.39","2,047.63","2,066.39","2,046.43","1.15B","1.01%"
"03/20/2001","2,045.79","2,039.55","2,045.94","2,037.17","1.06B","0.45%"
"03/19/2001","2,036.62","2,019.85","2,036.63","2,017.49","993.56M","0.81%"
"03/16/2001","2,020.24","2,023.03","2,024.28","2,011.99","882.28M","-0.12%"
"03/15/2001","2,022.60","2,019.72","2,027.33","2,017.59","1.06B","0.20%"
"03/14/2001","2,018.62","1,996.15","2,018.62","1,994.94","855.38M","1.00%"
"03/13/2001","1,998.70","2,012.15","2,012.77","1,992.17","1.18B","-0.69%"
"03/12/2001","2,012.55","2,013.31","2,015.60","2,004.96","1.09B","0.04%"
"03/09/2001","2,011.66","2,003.20","2,015.50","1,999.48","1.36B","0.54%"
"03/08/2001","2,000.90","1,990.64","2,002.25","1,989.87","921.79M","0.49%"
"03/07/2001","1,991.18","1,991.28","1,996.85","1,986.04","1.17B","0.06%"
"03/06/2001","1,990.06","1,986.73","1,990.06","1,977.11","1.76B","0.30%"
"03/05/2001","1,984.20","1,991.28","1,993.81","1,979.65","639.00M","-0.05%"
"03/02/2001","1,985.11","1,969.06","1,987.39","1,968.96","638.04M","1.02%"
"03/01/2001","1,965.12","1,959.01","1,968.36","1,953.72","804.28M","0.30%"
"02/28/2001","1,959.18","1,964.36","1,965.02","1,950.93","462.49M","-0.15%"
"02/27/2001","1,962.04","1,956.27","1,962.28","1,946.98","494.66M","0.38%"
"02/26/2001","1,954.69","1,940.77","1,954.78","1,935.55","523.25M","0.95%"
"02/23/2001","1,936.35","1,906.91","1,936.63","1,906.55","422.85M","1.53%"
"02/22/2001","1,907.26","1,901.99","1,922.46","1,893.78","381.82M","-0.11%"
"02/21/2001","1,909.33","1,948.42","1,948.42","1,901.20","554.35M","-2.25%"
"02/20/2001","1,953.22","1,969.78","1,980.39","1,947.26","450.41M","-0.73%"
"02/19/2001","1,967.55","1,942.58","1,969.35","1,935.65","406.01M","1.32%"
"02/16/2001","1,941.96","1,942.05","1,942.12","1,911.87","500.07M","-0.23%"
"02/15/2001","1,946.48","1,963.45","1,966.92","1,944.56","339.13M","-0.85%"
"02/14/2001","1,963.20","1,962.74","1,966.84","1,956.42","322.75M","-0.02%"
"02/13/2001","1,963.53","1,962.53","1,974.00","1,958.99","394.53M","0.12%"
"02/12/2001","1,961.22","1,958.65","1,961.81","1,935.59","493.03M","0.22%"
"02/09/2001","1,956.97","1,935.19","1,963.33","1,935.19","608.11M","1.39%"
"02/08/2001","1,930.14","1,977.56","1,986.90","1,926.40","530.87M","-2.52%"
"02/07/2001","1,979.94","1,995.60","1,998.25","1,978.60","422.90M","-0.77%"
"02/06/2001","1,995.32","1,999.72","1,999.72","1,956.18","621.17M","-0.63%"
"02/05/2001","2,008.03","2,069.86","2,072.55","2,005.68","565.90M","-2.79%"
"01/19/2001","2,065.61","2,046.58","2,067.88","2,046.54","641.93M","1.10%"
"01/18/2001","2,043.11","2,033.69","2,049.36","2,033.58","608.68M","0.42%"
"01/17/2001","2,034.58","2,046.38","2,048.70","2,031.76","512.42M","-0.55%"
"01/16/2001","2,045.89","2,018.30","2,045.95","2,007.71","843.11M","0.66%"
"01/15/2001","2,032.44","2,097.09","2,097.09","2,030.29","950.70M","-3.44%"
"01/12/2001","2,104.75","2,116.85","2,117.73","2,100.27","797.74M","-0.68%"
"01/11/2001","2,119.14","2,129.61","2,131.37","2,117.03","1.03B","-0.30%"
"01/10/2001","2,125.61","2,102.09","2,125.67","2,102.07","951.91M","1.16%"
"01/09/2001","2,101.14","2,099.32","2,111.10","2,082.84","877.88M","-0.04%"
"01/08/2001","2,102.06","2,128.60","2,131.98","2,092.10","1.16B","-1.09%"
"01/05/2001","2,125.30","2,117.66","2,125.38","2,114.06","1.02B","0.37%"
"01/04/2001","2,117.41","2,125.49","2,127.42","2,113.18","1.03B","-0.31%"
"01/03/2001","2,123.90","2,108.25","2,123.90","2,105.50","1.19B","0.97%"
"01/02/2001","2,103.47","2,077.08","2,103.54","2,074.88","933.90M","1.45%"
"12/29/2000","2,073.48","2,055.83","2,073.88","2,055.51","849.29M","0.96%"
"12/28/2000","2,053.70","2,054.52","2,061.05","2,047.74","779.82M","-0.22%"
"12/27/2000","2,058.24","2,077.72","2,079.76","2,056.00","874.31M","-0.87%"
"12/26/2000","2,076.27","2,070.38","2,076.41","2,068.81","774.61M","0.39%"
"12/25/2000","2,068.17","2,071.57","2,075.21","2,062.04","862.95M","-0.08%"
"12/22/2000","2,069.77","2,078.43","2,079.97","2,066.22","832.83M","-0.34%"
"12/21/2000","2,076.89","2,075.56","2,086.94","2,074.34","928.05M","0.27%"
"12/20/2000","2,071.27","2,050.07","2,071.31","2,048.64","829.89M","1.09%"
"12/19/2000","2,049.03","2,047.35","2,056.76","2,046.03","744.49M","0.22%"
"12/18/2000","2,044.55","2,038.45","2,044.56","2,024.29","729.05M","0.25%"
"12/15/2000","2,039.36","2,052.79","2,055.61","2,036.88","548.70M","-0.57%"
"12/14/2000","2,051.08","2,057.00","2,059.27","2,046.94","541.53M","-0.25%"
"12/13/2000","2,056.12","2,057.38","2,059.60","2,050.18","653.94M","-0.14%"
"12/12/2000","2,059.05","2,045.17","2,059.05","2,037.90","871.84M","0.63%"
"12/11/2000","2,046.08","2,072.28","2,072.48","2,039.00","650.90M","-1.31%"
"12/08/2000","2,073.16","2,074.57","2,083.27","2,069.66","711.88M","-0.09%"
"12/07/2000","2,075.04","2,072.53","2,078.14","2,060.73","704.24M","-0.03%"
"12/06/2000","2,075.63","2,093.00","2,095.44","2,070.35","736.72M","-0.77%"
"12/05/2000","2,091.67","2,094.99","2,097.29","2,085.80","626.76M","-0.02%"
"12/04/2000","2,092.14","2,084.48","2,092.32","2,077.81","707.28M","0.49%"
"12/01/2000","2,081.84","2,073.09","2,082.03","2,071.49","607.98M","0.54%"
"11/30/2000","2,070.61","2,067.07","2,072.29","2,057.04","638.12M","0.15%"
"11/29/2000","2,067.49","2,081.50","2,082.90","2,055.94","715.30M","-0.57%"
"11/28/2000","2,079.40","2,052.78","2,079.48","2,052.78","667.21M","1.45%"
"11/27/2000","2,049.67","2,041.15","2,062.81","2,031.93","814.54M","-0.18%"
"11/24/2000","2,053.37","2,119.01","2,125.41","2,045.51","1.23B","-3.12%"
"11/23/2000","2,119.44","2,119.16","2,125.72","2,109.22","1.03B","0.29%"
"11/22/2000","2,113.30","2,097.28","2,113.35","2,091.62","844.74M","0.73%"
"11/21/2000","2,097.98","2,104.07","2,112.91","2,095.58","902.45M","-0.16%"
"11/20/2000","2,101.39","2,092.59","2,101.40","2,078.28","1.00B","0.39%"
"11/17/2000","2,093.24","2,098.89","2,104.70","2,084.90","958.95M","-0.13%"
"11/16/2000","2,095.98","2,081.14","2,096.05","2,080.61","1.03B","0.68%"
"11/15/2000","2,081.91","2,087.28","2,092.65","2,074.38","1.01B","-0.15%"
"11/14/2000","2,085.12","2,072.79","2,085.12","2,055.21","1.01B","0.69%"
"11/13/2000","2,070.79","2,054.48","2,071.69","2,053.44","1.08B","1.14%"
"11/10/2000","2,047.46","2,037.08","2,051.34","2,033.63","1.10B","0.74%"
"11/09/2000","2,032.48","2,016.22","2,032.52","2,014.84","921.73M","0.97%"
"11/08/2000","2,012.91","1,999.15","2,012.99","1,998.35","630.14M","0.79%"
"11/07/2000","1,997.08","1,993.45","1,997.08","1,990.06","530.28M","0.30%"
"11/06/2000","1,991.17","1,983.07","1,992.88","1,982.75","686.31M","0.48%"
"11/03/2000","1,981.63","1,984.99","1,989.11","1,977.21","584.80M","-0.13%"
"11/02/2000","1,984.26","1,981.77","1,992.86","1,980.89","654.43M","0.35%"
"11/01/2000","1,977.36","1,961.08","1,977.37","1,959.72","582.09M","0.82%"
"10/31/2000","1,961.29","1,974.53","1,979.99","1,956.42","647.15M","-0.62%"
"10/30/2000","1,973.58","1,967.65","1,974.24","1,962.81","744.17M","0.31%"
"10/27/2000","1,967.40","1,968.17","1,971.79","1,957.74","604.91M","-0.01%"
"10/26/2000","1,967.67","1,979.30","1,980.63","1,962.20","786.15M","-0.48%"
"10/25/2000","1,977.25","1,957.38","1,978.99","1,957.31","857.62M","1.07%"
"10/24/2000","1,956.34","1,960.37","1,962.13","1,945.53","523.24M","-0.13%"
"10/23/2000","1,958.94","1,952.96","1,960.86","1,945.67","710.55M","0.59%"
"10/20/2000","1,947.45","1,913.16","1,947.47","1,912.38","670.33M","1.78%"
"10/19/2000","1,913.42","1,925.21","1,927.37","1,911.18","429.81M","-0.49%"
"10/18/2000","1,922.85","1,911.70","1,922.85","1,911.70","505.84M","0.70%"
"10/17/2000","1,909.49","1,902.07","1,909.49","1,896.94","354.64M","0.35%"
"10/16/2000","1,902.81","1,917.45","1,917.56","1,897.91","466.74M","-0.80%"
"10/13/2000","1,918.16","1,927.35","1,932.32","1,911.36","542.44M","-0.42%"
"10/12/2000","1,926.32","1,933.14","1,933.33","1,918.47","569.86M","-0.38%"
"10/11/2000","1,933.73","1,944.25","1,948.01","1,931.46","566.96M","-0.43%"
"10/10/2000","1,942.15","1,917.90","1,942.17","1,917.68","522.87M","1.40%"
"10/09/2000","1,915.35","1,912.08","1,915.49","1,897.24","424.58M","0.27%"
"09/29/2000","1,910.16","1,888.20","1,910.49","1,888.07","374.56M","1.10%"
"09/28/2000","1,889.29","1,915.50","1,917.06","1,886.94","381.82M","-1.30%"
"09/27/2000","1,914.09","1,889.88","1,914.11","1,889.87","337.98M","1.39%"
"09/26/2000","1,887.83","1,878.31","1,890.67","1,878.05","344.90M","0.64%"
"09/25/2000","1,875.91","1,889.90","1,896.72","1,874.21","376.58M","-0.85%"
"09/22/2000","1,891.98","1,904.57","1,904.57","1,888.09","512.28M","-0.80%"
"09/21/2000","1,907.31","1,924.83","1,927.52","1,905.65","488.49M","-0.78%"
"09/20/2000","1,922.29","1,902.91","1,922.30","1,892.28","510.61M","1.01%"
"09/19/2000","1,903.15","1,937.32","1,937.37","1,895.49","674.23M","-2.24%"
"09/18/2000","1,946.75","1,979.53","1,981.13","1,946.18","517.70M","-1.60%"
"09/15/2000","1,978.43","1,978.04","1,978.47","1,966.88","469.05M","-0.05%"
"09/14/2000","1,979.51","1,989.97","1,992.37","1,973.02","510.43M","-0.47%"
"09/13/2000","1,988.94","1,980.53","1,995.32","1,975.13","603.75M","0.50%"
"09/12/2000","1,979.10","1,975.41","1,979.32","1,965.40","543.59M","0.36%"
"09/11/2000","1,972.04","1,963.27","1,972.08","1,956.08","616.49M","0.65%"
"09/08/2000","1,959.31","1,955.15","1,963.89","1,945.92","568.17M","0.44%"
"09/07/2000","1,950.66","1,929.30","1,963.23","1,929.30","624.96M","1.29%"
"09/06/2000","1,925.91","1,955.50","1,964.27","1,923.60","720.58M","-1.93%"
"09/05/2000","1,963.79","2,015.06","2,020.85","1,959.59","717.96M","-2.33%"
"09/04/2000","2,010.60","1,994.88","2,010.60","1,981.23","763.88M","0.54%"
"09/01/2000","1,999.86","2,009.15","2,026.35","1,997.72","926.64M","-1.06%"
"08/31/2000","2,021.20","2,062.84","2,064.76","2,019.45","1.12B","-2.65%"
"08/30/2000","2,076.14","2,107.02","2,108.10","2,075.16","1.00B","-1.39%"
"08/29/2000","2,105.48","2,103.03","2,105.63","2,094.61","1.00B","0.23%"
"08/28/2000","2,100.59","2,092.12","2,100.70","2,085.60","1.12B","0.67%"
"08/25/2000","2,086.70","2,073.72","2,086.72","2,066.33","1.02B","0.75%"
"08/24/2000","2,071.16","2,058.53","2,073.95","2,043.21","1.38B","0.64%"
"08/23/2000","2,057.92","2,064.05","2,080.14","1,980.35","1.89B","-0.81%"
"08/22/2000","2,074.70","2,112.02","2,114.52","2,074.52","1.32B","-1.61%"
"08/21/2000","2,108.69","2,095.38","2,108.88","2,093.42","1.35B","0.89%"
"08/18/2000","2,090.18","2,093.63","2,097.32","2,086.75","1.03B","-0.07%"
"08/17/2000","2,091.59","2,086.81","2,092.33","2,086.56","1.11B","0.39%"
"08/16/2000","2,083.47","2,078.49","2,083.47","2,072.98","1.06B","0.32%"
"08/15/2000","2,076.82","2,079.07","2,082.74","2,066.16","1.03B","0.03%"
"08/14/2000","2,076.30","2,065.93","2,076.33","2,065.93","1.08B","0.66%"
"08/11/2000","2,062.67","2,067.78","2,070.30","2,055.20","1.13B","-0.16%"
"08/10/2000","2,065.94","2,065.30","2,067.74","2,053.86","1.32B","0.23%"
"08/09/2000","2,061.18","2,051.65","2,061.28","2,048.49","1.23B","0.55%"
"08/08/2000","2,049.92","2,042.74","2,050.07","2,040.78","1.09B","0.51%"
"08/07/2000","2,039.42","2,025.18","2,039.42","2,017.90","1.07B","0.64%"
"08/04/2000","2,026.36","2,037.47","2,041.28","2,013.45","1.17B","-0.49%"
"08/03/2000","2,036.30","2,032.94","2,038.65","2,030.10","1.10B","0.28%"
"08/02/2000","2,030.68","2,030.79","2,033.19","2,018.48","897.43M","0.12%"
"08/01/2000","2,028.15","2,027.01","2,031.92","2,023.45","902.18M","0.23%"
"07/31/2000","2,023.54","2,016.14","2,023.57","2,008.64","1.23B","0.53%"
"07/28/2000","2,012.79","2,014.11","2,016.94","2,006.17","1.10B","0.02%"
"07/27/2000","2,012.35","2,017.46","2,025.00","2,004.55","1.20B","0.00%"
"07/26/2000","2,012.32","1,999.44","2,012.39","1,999.40","953.18M","0.79%"
"07/25/2000","1,996.58","1,990.15","1,997.85","1,989.09","875.27M","0.37%"
"07/24/2000","1,989.24","1,998.24","1,999.90","1,982.88","927.66M","-0.36%"
"07/21/2000","1,996.34","1,994.42","1,998.35","1,991.84","853.45M","0.24%"
"07/20/2000","1,991.56","1,999.09","2,003.80","1,979.88","928.32M","-0.34%"
"07/19/2000","1,998.43","2,000.33","2,004.46","1,987.42","971.78M","0.22%"
"07/18/2000","1,993.99","1,982.50","1,993.99","1,981.74","878.00M","0.58%"
"07/17/2000","1,982.48","1,992.89","1,997.94","1,980.22","1.35B","-0.24%"
"07/14/2000","1,987.19","1,981.78","1,987.22","1,972.62","1.30B","0.40%"
"07/13/2000","1,979.20","1,978.55","1,984.07","1,963.55","1.52B","0.30%"
"07/12/2000","1,973.37","1,965.23","1,974.41","1,960.35","1.20B","0.65%"
"07/11/2000","1,960.54","1,952.26","1,960.60","1,947.67","1.19B","0.64%"
"07/10/2000","1,948.02","1,938.84","1,948.06","1,932.95","1.20B","0.79%"
"07/07/2000","1,932.79","1,904.09","1,932.83","1,904.09","893.21M","1.59%"
"07/06/2000","1,902.55","1,909.24","1,910.05","1,896.66","670.52M","-0.35%"
"07/05/2000","1,909.19","1,910.42","1,918.91","1,904.47","645.65M","0.07%"
"07/04/2000","1,907.93","1,891.20","1,907.94","1,888.25","683.47M","0.65%"
"07/03/2000","1,895.64","1,917.44","1,917.45","1,890.53","1.00B","-1.68%"
"06/30/2000","1,928.11","1,937.84","1,941.40","1,924.97","1.00B","-0.47%"
"06/29/2000","1,937.26","1,949.85","1,951.13","1,924.47","966.76M","-0.52%"
"06/28/2000","1,947.48","1,943.98","1,953.06","1,940.05","955.71M","0.24%"
"06/27/2000","1,942.90","1,949.78","1,952.45","1,938.13","1.03B","-0.29%"
"06/26/2000","1,948.64","1,946.70","1,953.34","1,943.25","1.21B","0.46%"
"06/23/2000","1,939.63","1,915.31","1,939.63","1,913.65","984.40M","1.34%"
"06/22/2000","1,913.90","1,918.16","1,921.15","1,906.30","712.05M","0.04%"
"06/21/2000","1,913.13","1,894.78","1,913.15","1,894.63","689.93M","0.94%"
"06/20/2000","1,895.35","1,913.07","1,913.07","1,888.08","821.73M","-1.04%"
"06/19/2000","1,915.20","1,924.69","1,926.98","1,910.47","987.69M","-0.61%"
"06/16/2000","1,926.94","1,945.70","1,947.46","1,919.40","1.19B","-0.79%"
"06/15/2000","1,942.29","1,933.06","1,942.33","1,925.91","1.13B","0.52%"
"06/14/2000","1,932.29","1,944.44","1,949.17","1,929.71","1.40B","-0.33%"
"06/13/2000","1,938.67","1,918.19","1,938.67","1,917.19","1.19B","1.37%"
"06/12/2000","1,912.56","1,896.43","1,912.59","1,884.62","1.04B","0.62%"
"06/09/2000","1,900.79","1,926.15","1,929.95","1,896.06","1.25B","-1.27%"
"06/08/2000","1,925.21","1,937.19","1,938.55","1,913.37","1.29B","-0.51%"
"06/07/2000","1,935.03","1,934.38","1,940.22","1,921.38","1.33B","0.49%"
"06/06/2000","1,925.54","1,898.59","1,925.55","1,891.66","1.39B","1.39%"
"06/05/2000","1,899.09","1,921.97","1,930.34","1,889.82","1.99B","-0.90%"
"06/02/2000","1,916.25","1,906.16","1,916.25","1,897.71","1.56B","0.67%"
"06/01/2000","1,903.49","1,900.53","1,906.82","1,889.99","1.31B","0.47%"
"05/31/2000","1,894.55","1,875.46","1,894.58","1,869.34","1.36B","0.91%"
"05/30/2000","1,877.47","1,903.53","1,908.31","1,868.61","1.38B","-1.12%"
"05/29/2000","1,898.75","1,885.55","1,900.67","1,882.74","1.52B","1.02%"
"05/26/2000","1,879.62","1,885.75","1,890.69","1,860.92","1.49B","-0.06%"
"05/25/2000","1,880.70","1,866.56","1,880.72","1,860.78","1.45B","1.36%"
"05/24/2000","1,855.49","1,835.56","1,861.48","1,831.84","1.38B","1.28%"
"05/23/2000","1,832.08","1,834.44","1,836.99","1,811.58","1.07B","0.40%"
"05/22/2000","1,824.74","1,785.89","1,830.93","1,783.30","1.22B","2.64%"
"05/19/2000","1,777.83","1,761.79","1,777.98","1,754.88","801.65M","1.10%"
"05/18/2000","1,758.54","1,725.60","1,758.54","1,719.84","625.25M","1.92%"
"05/17/2000","1,725.40","1,727.43","1,736.27","1,722.71","429.54M","0.05%"
"05/16/2000","1,724.54","1,706.73","1,725.90","1,706.73","424.04M","1.17%"
"05/15/2000","1,704.59","1,722.63","1,726.72","1,695.53","542.04M","-0.93%"
"05/12/2000","1,720.61","1,725.87","1,740.95","1,715.06","599.31M","-0.20%"
"05/11/2000","1,724.05","1,750.86","1,762.12","1,718.89","667.47M","-1.63%"
"05/10/2000","1,752.69","1,801.43","1,801.64","1,750.01","692.28M","-2.99%"
"05/09/2000","1,806.64","1,839.00","1,839.29","1,799.82","713.24M","-1.63%"
"05/08/2000","1,836.64","1,848.17","1,852.90","1,828.10","680.79M","0.02%"
"04/28/2000","1,836.32","1,805.50","1,836.33","1,797.71","846.70M","1.63%"
"04/27/2000","1,806.83","1,835.60","1,840.57","1,803.58","962.05M","-1.42%"
"04/26/2000","1,832.78","1,835.67","1,842.89","1,826.39","868.58M","-0.04%"
"04/25/2000","1,833.47","1,838.05","1,841.86","1,815.63","919.65M","-0.21%"
"04/24/2000","1,837.40","1,844.69","1,848.97","1,827.17","1.28B","-0.20%"
"04/21/2000","1,841.06","1,851.31","1,858.27","1,834.85","1.36B","-0.32%"
"04/20/2000","1,847.03","1,831.66","1,847.51","1,831.48","1.33B","1.00%"
"04/19/2000","1,828.71","1,819.08","1,831.57","1,817.21","1.08B","0.84%"
"04/18/2000","1,813.49","1,794.34","1,813.57","1,779.29","1.07B","1.03%"
"04/17/2000","1,795.06","1,829.62","1,829.93","1,778.88","1.50B","-2.11%"
"04/14/2000","1,833.66","1,835.86","1,840.19","1,820.67","1.50B","0.12%"
"04/13/2000","1,831.55","1,807.84","1,832.08","1,807.71","1.36B","1.34%"
"04/12/2000","1,807.33","1,822.40","1,823.83","1,785.33","1.03B","-0.76%"
"04/11/2000","1,821.17","1,826.40","1,828.06","1,812.01","1.13B","-0.27%"
"04/10/2000","1,826.06","1,826.61","1,831.85","1,815.99","1.38B","0.34%"
"04/07/2000","1,819.90","1,816.79","1,822.62","1,807.54","1.33B","0.59%"
"04/06/2000","1,809.14","1,775.78","1,809.17","1,775.68","1.17B","2.14%"
"04/05/2000","1,771.20","1,756.30","1,776.71","1,746.30","943.60M","0.60%"
"04/04/2000","1,760.69","1,795.16","1,795.16","1,755.98","1.17B","-2.24%"
"04/03/2000","1,801.00","1,799.58","1,816.86","1,798.25","1.33B","0.04%"
"03/31/2000","1,800.22","1,810.55","1,810.90","1,780.41","1.50B","-0.59%"
"03/30/2000","1,810.98","1,793.68","1,811.06","1,790.85","1.42B","1.24%"
"03/29/2000","1,788.81","1,797.88","1,803.83","1,763.62","1.58B","-0.15%"
"03/28/2000","1,791.44","1,788.83","1,799.95","1,774.48","1.93B","0.87%"
"03/27/2000","1,775.91","1,736.70","1,776.02","1,736.70","1.59B","2.62%"
"03/24/2000","1,730.50","1,761.44","1,770.26","1,729.48","1.74B","-0.96%"
"03/23/2000","1,747.24","1,724.19","1,747.28","1,711.40","1.35B","1.56%"
"03/22/2000","1,720.45","1,713.24","1,726.59","1,711.16","1.21B","0.59%"
"03/21/2000","1,710.32","1,704.09","1,713.20","1,692.68","1.39B","0.65%"
"03/20/2000","1,699.25","1,646.31","1,699.28","1,641.77","1.37B","2.45%"
"03/17/2000","1,658.60","1,602.36","1,661.98","1,602.34","1.07B","3.18%"
"03/16/2000","1,607.53","1,671.10","1,671.18","1,596.07","1.17B","-4.40%"
"03/15/2000","1,681.47","1,680.30","1,695.16","1,676.54","1.22B","-0.01%"
"03/14/2000","1,681.56","1,690.65","1,700.37","1,636.89","1.44B","-2.74%"
"03/13/2000","1,728.88","1,706.77","1,729.01","1,706.35","961.87M","1.40%"
"03/10/2000","1,705.05","1,731.94","1,743.14","1,701.79","1.19B","-1.58%"
"03/09/2000","1,732.35","1,734.77","1,741.22","1,714.92","1.35B","0.37%"
"03/08/2000","1,726.03","1,699.46","1,726.04","1,690.12","1.29B","1.84%"
"03/07/2000","1,694.80","1,661.95","1,694.89","1,654.44","1.30B","0.82%"
"03/06/2000","1,681.09","1,756.31","1,762.83","1,678.74","1.94B","-3.28%"
"03/03/2000","1,738.02","1,728.36","1,750.64","1,721.70","1.85B","1.46%"
"03/02/2000","1,713.01","1,697.56","1,721.60","1,682.54","1.47B","0.90%"
"03/01/2000","1,697.74","1,720.60","1,721.14","1,692.51","1.73B","-0.98%"
"02/29/2000","1,714.58","1,728.14","1,733.14","1,678.35","2.17B","0.57%"
"02/28/2000","1,704.86","1,639.80","1,704.88","1,639.70","1.68B","4.49%"
"02/25/2000","1,631.58","1,639.92","1,650.37","1,618.18","1.29B","-0.17%"
"02/24/2000","1,634.31","1,593.95","1,634.32","1,593.93","1.05B","2.47%"
"02/23/2000","1,594.93","1,618.01","1,630.55","1,586.63","1.36B","-2.29%"
"02/22/2000","1,632.29","1,681.30","1,687.51","1,627.47","1.87B","-2.67%"
"02/21/2000","1,677.14","1,681.36","1,697.01","1,652.48","2.29B","0.54%"
"02/18/2000","1,668.09","1,623.96","1,668.16","1,583.58","1.86B","1.67%"
"02/17/2000","1,640.65","1,734.27","1,770.88","1,615.63","3.31B","-3.10%"
"02/16/2000","1,693.11","1,674.94","1,695.88","1,649.70","2.37B","1.34%"
"02/15/2000","1,670.67","1,709.22","1,746.44","1,663.01","2.51B","-0.20%"
"02/14/2000","1,673.94","1,591.44","1,674.13","1,587.82","1.77B","9.05%"
"01/28/2000","1,535.00","1,514.56","1,536.35","1,510.74","1.51B","1.87%"
"01/27/2000","1,506.77","1,490.45","1,506.92","1,485.23","1.20B","1.73%"
"01/26/2000","1,481.12","1,477.30","1,482.46","1,469.98","762.36M","0.31%"
"01/25/2000","1,476.51","1,483.03","1,490.46","1,467.44","1.03B","-0.06%"
"01/24/2000","1,477.34","1,465.86","1,477.41","1,449.47","1.12B","0.84%"
"01/21/2000","1,465.09","1,471.90","1,476.46","1,458.92","1.05B","-0.12%"
"01/20/2000","1,466.86","1,443.09","1,466.90","1,443.09","711.28M","1.81%"
"01/19/2000","1,440.72","1,425.87","1,443.67","1,425.14","538.08M","0.99%"
"01/18/2000","1,426.62","1,436.89","1,443.59","1,421.64","604.53M","-0.47%"
"01/17/2000","1,433.33","1,408.99","1,433.38","1,402.66","534.40M","1.74%"
"01/14/2000","1,408.85","1,426.22","1,433.47","1,401.71","520.47M","-1.09%"
"01/13/2000","1,424.44","1,437.45","1,444.07","1,418.81","632.76M","-0.94%"
"01/12/2000","1,438.02","1,473.76","1,489.28","1,435.00","1.02B","-2.82%"
"01/11/2000","1,479.78","1,547.68","1,547.71","1,468.76","1.28B","-4.23%"
"01/10/2000","1,545.11","1,531.71","1,546.72","1,506.40","1.51B","1.88%"
"01/07/2000","1,516.60","1,477.15","1,522.83","1,477.15","1.60B","3.60%"
"01/06/2000","1,463.94","1,406.04","1,463.95","1,400.25","809.05M","3.85%"
"01/05/2000","1,409.68","1,407.83","1,433.78","1,398.32","688.09M","0.24%"
"01/04/2000","1,406.37","1,368.69","1,407.52","1,361.21","437.09M","2.91%"
"12/30/1999","1,366.58","1,357.82","1,366.68","1,357.82","219.80M","0.71%"
"12/29/1999","1,356.93","1,350.27","1,358.14","1,341.93","297.82M","0.60%"
"12/28/1999","1,348.82","1,346.45","1,368.25","1,342.94","283.56M","0.26%"
"12/27/1999","1,345.35","1,353.53","1,359.08","1,341.05","282.68M","-0.74%"
"12/24/1999","1,355.37","1,367.69","1,375.92","1,352.10","247.52M","-1.03%"
"12/23/1999","1,369.46","1,386.79","1,387.19","1,364.92","304.61M","-1.30%"
"12/22/1999","1,387.51","1,393.83","1,397.17","1,383.57","306.91M","-0.57%"
"12/21/1999","1,395.50","1,416.50","1,416.50","1,388.06","293.79M","-1.69%"
"12/17/1999","1,419.55","1,434.63","1,438.22","1,416.74","329.31M","-1.07%"
"12/16/1999","1,434.87","1,451.72","1,451.94","1,432.83","362.86M","-1.12%"
"12/15/1999","1,451.06","1,423.76","1,461.90","1,423.74","559.06M","2.02%"
"12/14/1999","1,422.26","1,415.71","1,422.36","1,411.07","267.46M","0.36%"
"12/13/1999","1,417.11","1,429.19","1,430.41","1,415.29","307.16M","-0.83%"
"12/10/1999","1,428.94","1,416.37","1,429.01","1,413.45","303.56M","0.86%"
"12/09/1999","1,416.73","1,424.91","1,424.91","1,413.62","253.15M","-0.57%"
"12/08/1999","1,424.85","1,428.77","1,430.98","1,422.05","289.98M","-0.24%"
"12/07/1999","1,428.26","1,426.69","1,438.04","1,424.76","264.06M","0.09%"
"12/06/1999","1,426.99","1,436.80","1,437.18","1,422.73","273.98M","-0.71%"
"12/03/1999","1,437.23","1,436.02","1,440.54","1,430.66","263.78M","0.10%"
"12/02/1999","1,435.84","1,446.69","1,447.81","1,433.54","284.37M","-0.78%"
"12/01/1999","1,447.12","1,434.98","1,447.68","1,432.95","247.46M","0.85%"
"11/30/1999","1,434.97","1,433.90","1,439.61","1,429.55","222.47M","-0.03%"
"11/29/1999","1,435.47","1,444.01","1,444.59","1,432.96","257.92M","-0.63%"
"11/26/1999","1,444.51","1,443.44","1,449.03","1,441.52","248.25M","0.02%"
"11/25/1999","1,444.24","1,451.88","1,451.89","1,439.94","272.36M","-0.71%"
"11/24/1999","1,454.58","1,466.09","1,467.84","1,451.03","227.94M","-0.81%"
"11/23/1999","1,466.43","1,464.93","1,471.91","1,461.38","239.60M","0.13%"
"11/22/1999","1,464.59","1,468.22","1,468.94","1,457.61","300.09M","-0.26%"
"11/19/1999","1,468.47","1,485.05","1,489.90","1,466.35","337.52M","-0.94%"
"11/18/1999","1,482.45","1,466.49","1,498.08","1,454.47","540.99M","1.34%"
"11/17/1999","1,462.79","1,429.71","1,462.85","1,427.36","326.85M","2.20%"
"11/16/1999","1,431.32","1,463.34","1,469.60","1,428.75","429.61M","-1.39%"
"11/15/1999","1,451.54","1,451.55","1,454.09","1,436.68","275.08M","0.08%"
"11/12/1999","1,450.33","1,446.26","1,452.93","1,444.13","214.36M","0.45%"
"11/11/1999","1,443.90","1,449.62","1,459.45","1,440.98","269.00M","-0.43%"
"11/10/1999","1,450.15","1,463.69","1,463.73","1,436.74","461.60M","-0.95%"
"11/09/1999","1,464.03","1,474.00","1,479.83","1,461.48","225.09M","-0.50%"
"11/08/1999","1,471.38","1,464.49","1,477.13","1,458.65","228.65M","0.42%"
"11/05/1999","1,465.23","1,464.60","1,478.83","1,460.67","247.14M","0.03%"
"11/04/1999","1,464.83","1,474.13","1,474.13","1,457.14","264.96M","-0.74%"
"11/03/1999","1,475.68","1,488.37","1,492.31","1,472.73","235.80M","-0.79%"
"11/02/1999","1,487.47","1,491.76","1,499.87","1,481.57","243.15M","-0.38%"
"11/01/1999","1,493.10","1,501.73","1,506.99","1,488.23","267.61M","-0.76%"
"10/29/1999","1,504.56","1,515.18","1,520.47","1,494.71","373.06M","-0.66%"
"10/28/1999","1,514.53","1,541.29","1,542.05","1,507.79","460.40M","-1.45%"
"10/27/1999","1,536.82","1,509.64","1,537.30","1,504.99","608.25M","3.65%"
"10/26/1999","1,482.67","1,467.52","1,496.45","1,467.51","269.06M","0.98%"
"10/25/1999","1,468.27","1,499.14","1,499.38","1,465.14","254.99M","-1.95%"
"10/22/1999","1,497.46","1,457.63","1,512.93","1,457.50","409.48M","2.67%"
"10/21/1999","1,458.53","1,486.92","1,488.01","1,452.71","291.82M","-1.84%"
"10/20/1999","1,485.83","1,469.28","1,490.76","1,463.43","246.59M","1.02%"
"10/19/1999","1,470.90","1,493.47","1,493.49","1,468.10","273.07M","-2.05%"
"10/18/1999","1,501.66","1,547.27","1,549.37","1,499.46","298.43M","-2.73%"
"10/15/1999","1,543.80","1,515.91","1,550.71","1,515.91","348.06M","2.32%"
"10/14/1999","1,508.73","1,504.50","1,535.24","1,494.94","238.41M","0.09%"
"10/13/1999","1,507.42","1,540.60","1,544.45","1,504.39","208.79M","-1.98%"
"10/12/1999","1,537.80","1,526.45","1,538.28","1,526.45","177.36M","1.01%"
"10/11/1999","1,522.48","1,529.22","1,538.34","1,516.62","233.12M","-0.78%"
"10/08/1999","1,534.52","1,568.24","1,568.38","1,531.80","224.31M","-2.30%"
"09/30/1999","1,570.70","1,588.99","1,595.01","1,567.72","331.65M","-0.90%"
"09/29/1999","1,584.95","1,593.72","1,608.60","1,581.00","317.23M","-0.41%"
"09/28/1999","1,591.43","1,602.79","1,606.02","1,586.55","298.70M","-0.67%"
"09/27/1999","1,602.16","1,624.46","1,629.19","1,598.70","312.80M","-1.06%"
"09/24/1999","1,619.33","1,609.83","1,631.40","1,609.83","292.67M","0.94%"
"09/23/1999","1,604.20","1,618.77","1,622.67","1,597.12","351.65M","-0.80%"
"09/22/1999","1,617.06","1,625.16","1,632.41","1,613.58","289.19M","-0.52%"
"09/21/1999","1,625.59","1,630.02","1,630.27","1,617.81","319.08M","-0.50%"
"09/20/1999","1,633.84","1,649.12","1,651.54","1,628.89","398.65M","-0.89%"
"09/17/1999","1,648.56","1,644.80","1,662.16","1,636.48","506.82M","0.19%"
"09/16/1999","1,645.51","1,662.46","1,664.96","1,643.98","561.54M","-1.04%"
"09/15/1999","1,662.80","1,675.19","1,679.13","1,657.79","689.07M","-0.60%"
"09/14/1999","1,672.89","1,675.71","1,681.85","1,668.13","805.64M","0.16%"
"09/13/1999","1,670.14","1,664.51","1,671.64","1,656.17","885.25M","0.62%"
"09/10/1999","1,659.93","1,690.03","1,695.64","1,656.72","1.42B","-0.91%"
"09/09/1999","1,675.12","1,590.71","1,675.26","1,590.70","1.19B","6.59%"
"09/08/1999","1,571.60","1,563.62","1,581.93","1,563.61","306.70M","0.56%"
"09/07/1999","1,562.79","1,558.86","1,574.65","1,556.74","329.70M","0.14%"
"09/06/1999","1,560.68","1,577.51","1,577.56","1,556.83","349.97M","-1.71%"
"09/03/1999","1,587.89","1,613.30","1,614.41","1,583.45","444.79M","-1.49%"
"09/02/1999","1,611.96","1,591.58","1,614.11","1,572.42","546.37M","0.78%"
"09/01/1999","1,599.55","1,627.82","1,629.08","1,595.96","514.37M","-1.69%"
"08/31/1999","1,627.12","1,622.88","1,630.01","1,609.80","521.28M","0.50%"
"08/30/1999","1,619.04","1,635.55","1,637.31","1,614.45","715.74M","-0.91%"
"08/27/1999","1,633.90","1,642.06","1,644.47","1,627.26","649.54M","-0.26%"
"08/26/1999","1,638.23","1,622.17","1,638.23","1,615.86","630.43M","0.77%"
"08/25/1999","1,625.77","1,649.61","1,651.09","1,618.54","724.70M","-1.38%"
"08/24/1999","1,648.47","1,650.54","1,655.14","1,638.96","888.16M","0.21%"
"08/23/1999","1,645.00","1,631.43","1,645.00","1,626.95","884.31M","0.99%"
"08/20/1999","1,628.93","1,645.54","1,651.17","1,627.04","924.66M","-0.54%"
"08/19/1999","1,637.74","1,587.90","1,645.84","1,587.87","1.14B","3.53%"
"08/18/1999","1,581.93","1,578.26","1,582.02","1,555.98","530.59M","0.35%"
"08/17/1999","1,576.40","1,562.56","1,596.15","1,562.56","674.56M","1.05%"
"08/16/1999","1,560.07","1,568.90","1,570.21","1,546.84","507.95M","-0.75%"
"08/13/1999","1,571.90","1,581.23","1,591.49","1,569.30","461.69M","-0.24%"
"08/12/1999","1,575.64","1,583.51","1,594.89","1,566.71","510.96M","-0.49%"
"08/11/1999","1,583.40","1,598.02","1,607.68","1,574.71","645.79M","-1.17%"
"08/10/1999","1,602.15","1,622.97","1,623.03","1,597.22","915.89M","-1.64%"
"08/09/1999","1,628.84","1,650.28","1,651.63","1,624.72","1.05B","-1.08%"
"08/06/1999","1,646.59","1,655.31","1,656.59","1,601.84","1.43B","-0.42%"
"08/05/1999","1,653.54","1,654.53","1,658.69","1,641.86","1.12B","0.27%"
"08/04/1999","1,649.13","1,630.99","1,649.26","1,630.99","1.06B","1.37%"
"08/03/1999","1,626.84","1,622.30","1,626.91","1,609.12","953.64M","0.65%"
"08/02/1999","1,616.28","1,607.06","1,622.38","1,603.37","884.58M","0.93%"
"07/30/1999","1,601.46","1,599.94","1,605.27","1,587.34","689.91M","0.35%"
"07/29/1999","1,595.86","1,610.12","1,615.75","1,585.84","662.37M","-0.08%"
"07/28/1999","1,597.20","1,592.45","1,609.79","1,584.25","800.64M","0.41%"
"07/27/1999","1,590.71","1,605.37","1,607.05","1,580.82","855.37M","-0.71%"
"07/26/1999","1,602.03","1,592.41","1,607.07","1,587.38","875.92M","1.01%"
"07/23/1999","1,585.98","1,552.24","1,597.18","1,552.24","903.58M","2.27%"
"07/22/1999","1,550.73","1,606.86","1,606.86","1,548.49","1.16B","-3.67%"
"07/21/1999","1,609.81","1,586.88","1,626.95","1,573.70","1.54B","2.24%"
"07/20/1999","1,574.60","1,476.03","1,574.75","1,471.51","924.33M","6.46%"
"07/19/1999","1,479.08","1,500.45","1,509.99","1,473.23","741.42M","-2.68%"
"07/16/1999","1,519.74","1,547.46","1,547.61","1,512.78","802.31M","-1.91%"
"07/15/1999","1,549.34","1,565.04","1,567.83","1,545.07","802.94M","-0.65%"
"07/14/1999","1,559.52","1,526.98","1,559.66","1,526.22","856.23M","2.28%"
"07/13/1999","1,524.82","1,547.34","1,547.34","1,511.43","800.67M","-2.24%"
"07/12/1999","1,559.73","1,588.38","1,589.90","1,545.56","1.02B","-1.58%"
"07/09/1999","1,584.75","1,577.79","1,594.58","1,563.16","1.02B","0.43%"
"07/08/1999","1,577.99","1,579.14","1,591.13","1,560.43","1.05B","0.60%"
"07/07/1999","1,568.65","1,515.16","1,568.67","1,507.55","1.07B","3.39%"
"07/06/1999","1,517.25","1,568.83","1,580.23","1,504.37","1.12B","-4.08%"
"07/05/1999","1,581.82","1,627.25","1,630.38","1,573.73","1.52B","-1.97%"
"07/02/1999","1,613.53","1,570.56","1,620.54","1,532.44","1.88B","3.38%"
"07/01/1999","1,560.79","1,678.84","1,678.84","1,540.03","2.09B","-7.61%"
"06/30/1999","1,689.43","1,755.56","1,756.18","1,666.01","2.74B","-2.86%"
"06/29/1999","1,739.20","1,722.74","1,742.15","1,691.34","2.48B","2.72%"
"06/28/1999","1,693.16","1,606.28","1,693.16","1,606.28","2.35B","6.23%"
"06/25/1999","1,593.86","1,665.98","1,705.21","1,591.08","3.19B","-3.64%"
"06/24/1999","1,654.11","1,615.63","1,654.55","1,611.98","2.55B","2.96%"
"06/23/1999","1,606.50","1,571.27","1,606.50","1,566.63","2.21B","2.69%"
"06/22/1999","1,564.44","1,551.88","1,564.45","1,524.49","1.96B","1.17%"
"06/21/1999","1,546.41","1,506.83","1,546.61","1,503.40","2.09B","3.17%"
"06/18/1999","1,498.91","1,511.88","1,516.13","1,480.98","2.35B","-0.14%"
"06/17/1999","1,501.01","1,483.06","1,501.02","1,450.20","2.48B","2.80%"
"06/16/1999","1,460.17","1,402.35","1,460.17","1,402.30","1.88B","5.23%"
"06/15/1999","1,387.59","1,453.33","1,477.14","1,366.65","2.63B","-2.81%"
"06/14/1999","1,427.71","1,382.53","1,427.77","1,382.53","1.82B","4.18%"
"06/11/1999","1,370.39","1,364.58","1,376.78","1,359.28","1.44B","0.44%"
"06/10/1999","1,364.35","1,371.00","1,382.07","1,353.56","1.95B","1.17%"
"06/09/1999","1,348.61","1,334.85","1,350.14","1,323.99","1.28B","1.12%"
"06/08/1999","1,333.64","1,336.03","1,341.64","1,319.50","1.33B","0.54%"
"06/07/1999","1,326.52","1,287.46","1,326.61","1,285.15","1.23B","3.18%"
"06/04/1999","1,285.58","1,271.17","1,288.00","1,271.16","1.05B","1.36%"
"06/03/1999","1,268.32","1,280.48","1,286.91","1,259.01","1.22B","-1.52%"
"06/02/1999","1,287.93","1,319.83","1,330.28","1,287.01","1.70B","-1.80%"
"06/01/1999","1,311.59","1,283.30","1,311.60","1,276.12","1.39B","2.52%"
"05/31/1999","1,279.33","1,287.08","1,303.48","1,253.25","1.60B","0.17%"
"05/28/1999","1,277.15","1,291.96","1,294.64","1,260.71","1.60B","-0.46%"
"05/27/1999","1,283.02","1,247.32","1,283.03","1,247.32","1.71B","3.80%"
"05/26/1999","1,236.05","1,199.22","1,236.15","1,195.84","1.13B","2.76%"
"05/25/1999","1,202.88","1,223.13","1,244.84","1,198.07","1.56B","-0.89%"
"05/24/1999","1,213.65","1,173.13","1,215.22","1,164.89","1.39B","3.84%"
"05/21/1999","1,168.72","1,154.81","1,170.14","1,152.26","941.13M","1.83%"
"05/20/1999","1,147.71","1,114.66","1,147.73","1,113.32","737.58M","3.48%"
"05/19/1999","1,109.09","1,058.70","1,109.12","1,057.72","433.07M","4.64%"
"05/18/1999","1,059.87","1,066.52","1,075.65","1,058.39","230.57M","-0.53%"
"05/17/1999","1,065.56","1,057.48","1,072.17","1,047.83","253.50M","0.21%"
"05/14/1999","1,063.28","1,087.94","1,088.00","1,060.50","348.43M","-2.35%"
"05/13/1999","1,088.86","1,100.86","1,101.36","1,086.46","275.31M","-1.01%"
"05/12/1999","1,100.00","1,096.74","1,104.81","1,092.79","310.51M","0.42%"
"05/11/1999","1,095.40","1,072.04","1,095.41","1,072.04","310.70M","2.19%"
"05/10/1999","1,071.93","1,107.37","1,107.37","1,065.18","508.15M","-4.36%"
"05/07/1999","1,120.74","1,129.53","1,131.49","1,117.94","410.14M","-0.66%"
"05/06/1999","1,128.22","1,116.86","1,128.90","1,116.64","344.05M","1.01%"
"05/05/1999","1,116.93","1,110.94","1,116.96","1,105.35","279.54M","0.47%"
"05/04/1999","1,111.76","1,120.91","1,121.91","1,108.89","290.12M","-0.82%"
"04/30/1999","1,120.93","1,116.11","1,122.22","1,114.18","313.26M","0.41%"
"04/29/1999","1,116.40","1,091.06","1,116.42","1,090.56","382.26M","2.32%"
"04/28/1999","1,091.09","1,090.87","1,112.29","1,087.79","338.23M","-0.05%"
"04/27/1999","1,091.69","1,108.91","1,108.91","1,089.76","361.48M","-1.90%"
"04/26/1999","1,112.79","1,139.65","1,140.17","1,111.99","385.50M","-2.39%"
"04/23/1999","1,140.00","1,137.61","1,144.78","1,135.61","436.22M","0.25%"
"04/22/1999","1,137.16","1,137.91","1,140.90","1,110.65","549.50M","-0.60%"
"04/21/1999","1,144.07","1,171.95","1,173.53","1,143.05","478.65M","-2.35%"
"04/20/1999","1,171.60","1,160.05","1,171.60","1,159.56","439.41M","1.05%"
"04/19/1999","1,159.47","1,164.62","1,166.04","1,156.61","447.99M","-0.58%"
"04/16/1999","1,166.24","1,168.91","1,175.03","1,162.31","496.96M","-0.37%"
"04/15/1999","1,170.62","1,182.20","1,185.59","1,168.59","519.73M","-0.92%"
"04/14/1999","1,181.52","1,176.77","1,184.18","1,174.27","430.04M","0.28%"
"04/13/1999","1,178.19","1,192.15","1,193.33","1,174.13","578.87M","-1.43%"
"04/12/1999","1,195.34","1,205.32","1,205.68","1,193.66","808.78M","-0.81%"
"04/09/1999","1,205.14","1,203.44","1,210.10","1,196.74","756.87M","0.22%"
"04/08/1999","1,202.47","1,203.02","1,205.41","1,192.46","593.75M","0.07%"
"04/07/1999","1,201.63","1,200.22","1,202.32","1,193.73","678.91M","0.17%"
"04/06/1999","1,199.60","1,195.95","1,199.84","1,191.58","535.55M","0.43%"
"04/05/1999","1,194.47","1,188.93","1,194.51","1,187.06","665.92M","0.85%"
"04/02/1999","1,184.40","1,170.76","1,184.43","1,170.31","616.62M","1.36%"
"04/01/1999","1,168.50","1,158.68","1,168.53","1,158.44","505.11M","0.90%"
"03/31/1999","1,158.05","1,156.37","1,159.53","1,150.82","364.57M","0.05%"
"03/30/1999","1,157.51","1,171.13","1,173.66","1,156.05","384.32M","-1.02%"
"03/29/1999","1,169.49","1,160.58","1,169.50","1,158.09","416.83M","0.72%"
"03/26/1999","1,161.12","1,155.35","1,162.42","1,154.94","363.97M","0.37%"
"03/25/1999","1,156.85","1,167.86","1,167.88","1,155.01","403.25M","-1.04%"
"03/24/1999","1,169.03","1,171.30","1,177.34","1,167.10","407.19M","-0.16%"
"03/23/1999","1,170.95","1,172.98","1,174.48","1,163.28","422.71M","-0.15%"
"03/22/1999","1,172.74","1,175.67","1,179.65","1,168.34","616.66M","-0.02%"
"03/19/1999","1,172.92","1,150.61","1,172.92","1,150.34","561.79M","1.82%"
"03/18/1999","1,151.99","1,155.27","1,160.68","1,147.57","417.03M","-0.61%"
"03/17/1999","1,159.10","1,167.72","1,173.04","1,158.59","566.69M","-0.67%"
"03/16/1999","1,166.93","1,164.79","1,166.96","1,155.93","448.62M","0.20%"
"03/15/1999","1,164.64","1,161.49","1,169.70","1,159.14","561.28M","0.51%"
"03/12/1999","1,158.70","1,151.99","1,158.71","1,148.66","534.84M","0.76%"
"03/11/1999","1,149.92","1,133.29","1,153.84","1,133.15","446.08M","1.52%"
"03/10/1999","1,132.74","1,136.02","1,136.08","1,127.17","342.93M","-0.37%"
"03/09/1999","1,136.94","1,143.10","1,145.71","1,135.37","417.57M","-0.45%"
"03/08/1999","1,142.11","1,133.51","1,142.15","1,128.39","353.52M","0.86%"
"03/05/1999","1,132.36","1,128.62","1,137.96","1,124.09","357.57M","0.30%"
"03/04/1999","1,128.95","1,130.34","1,133.73","1,120.71","356.27M","0.02%"
"03/03/1999","1,128.74","1,101.13","1,128.78","1,101.07","380.37M","2.53%"
"03/02/1999","1,100.92","1,098.29","1,103.25","1,090.04","241.75M","0.27%"
"03/01/1999","1,097.97","1,092.14","1,098.36","1,084.16","181.96M","0.72%"
"02/09/1999","1,090.09","1,065.91","1,090.17","1,065.91","205.28M","2.28%"
"02/08/1999","1,065.82","1,076.82","1,082.46","1,064.17","212.68M","-1.44%"
"02/05/1999","1,081.44","1,101.48","1,101.48","1,079.22","238.16M","-2.00%"
"02/04/1999","1,103.50","1,114.65","1,114.69","1,102.49","228.96M","-1.20%"
"02/03/1999","1,116.87","1,126.84","1,127.27","1,115.13","232.21M","-0.85%"
"02/02/1999","1,126.40","1,119.78","1,126.41","1,114.79","228.44M","0.52%"
"02/01/1999","1,120.53","1,131.65","1,131.66","1,118.55","268.87M","-1.25%"
"01/29/1999","1,134.67","1,139.84","1,140.12","1,130.33","299.32M","-0.55%"
"01/28/1999","1,140.97","1,147.87","1,150.58","1,137.12","357.47M","-0.48%"
"01/27/1999","1,146.49","1,137.69","1,146.50","1,134.13","281.87M","0.73%"
"01/26/1999","1,138.21","1,145.07","1,146.12","1,132.95","271.61M","-0.86%"
"01/25/1999","1,148.12","1,161.98","1,162.44","1,146.97","326.25M","-1.22%"
"01/22/1999","1,162.35","1,159.92","1,168.18","1,157.15","374.85M","0.33%"
"01/21/1999","1,158.50","1,150.30","1,158.51","1,145.30","272.71M","0.62%"
"01/20/1999","1,151.37","1,159.03","1,162.97","1,148.81","255.59M","-0.62%"
"01/19/1999","1,158.55","1,154.16","1,160.26","1,149.37","348.57M","0.47%"
"01/18/1999","1,153.12","1,135.09","1,153.42","1,126.71","331.69M","1.39%"
"01/15/1999","1,137.31","1,149.78","1,150.67","1,136.30","314.33M","-0.99%"
"01/14/1999","1,148.65","1,145.90","1,153.10","1,142.35","236.11M","0.04%"
"01/13/1999","1,148.15","1,153.29","1,159.94","1,144.45","297.47M","-0.93%"
"01/12/1999","1,158.87","1,171.74","1,171.87","1,158.30","304.48M","-1.19%"
"01/11/1999","1,172.81","1,169.91","1,174.43","1,158.54","269.81M","0.34%"
"01/08/1999","1,168.81","1,138.77","1,168.84","1,138.77","317.30M","2.73%"
"01/07/1999","1,137.73","1,133.16","1,140.48","1,125.67","230.45M","0.45%"
"01/06/1999","1,132.59","1,120.67","1,137.21","1,120.40","203.51M","1.13%"
"01/05/1999","1,119.96","1,123.70","1,123.70","1,104.50","165.60M","-0.52%"
"01/04/1999","1,125.82","1,144.89","1,144.89","1,124.21","122.04M","-1.82%"
"12/31/1998","1,146.70","1,149.83","1,153.15","1,140.36","164.46M","-0.14%"
"12/30/1998","1,148.26","1,141.88","1,151.72","1,125.56","240.05M","0.48%"
"12/29/1998","1,142.73","1,157.48","1,157.57","1,139.99","209.57M","-1.48%"
"12/28/1998","1,159.94","1,175.63","1,179.00","1,157.70","198.86M","-1.19%"
"12/25/1998","1,173.91","1,169.60","1,178.92","1,169.54","189.98M","0.42%"
"12/24/1998","1,168.98","1,171.71","1,171.71","1,161.85","214.19M","-0.30%"
"12/23/1998","1,172.51","1,186.98","1,187.91","1,170.16","213.81M","-1.13%"
"12/22/1998","1,185.97","1,155.63","1,185.98","1,155.62","262.87M","2.73%"
"12/21/1998","1,154.43","1,153.66","1,163.24","1,150.39","178.05M","-0.13%"
"12/18/1998","1,155.92","1,155.75","1,167.64","1,150.72","223.81M","-0.36%"
"12/17/1998","1,160.09","1,180.17","1,180.17","1,158.51","259.99M","-1.94%"
"12/16/1998","1,183.06","1,194.94","1,195.55","1,180.86","180.76M","-0.99%"
"12/15/1998","1,194.84","1,193.64","1,194.89","1,173.92","234.68M","-0.12%"
"12/14/1998","1,196.30","1,214.60","1,214.67","1,194.66","209.27M","-1.48%"
"12/11/1998","1,214.21","1,201.85","1,214.24","1,194.07","238.37M","0.80%"
"12/10/1998","1,204.63","1,224.15","1,224.92","1,203.07","257.41M","-1.59%"
"12/09/1998","1,224.09","1,224.36","1,225.99","1,219.01","202.81M","0.07%"
"12/08/1998","1,223.26","1,209.84","1,223.34","1,209.81","220.36M","1.13%"
"12/07/1998","1,209.54","1,234.76","1,237.69","1,207.76","250.50M","-0.79%"
"12/04/1998","1,219.20","1,232.43","1,234.63","1,213.56","300.96M","-1.08%"
"12/03/1998","1,232.51","1,238.29","1,239.26","1,229.85","299.24M","-0.36%"
"12/02/1998","1,236.97","1,233.16","1,236.97","1,222.64","269.42M","0.21%"
"12/01/1998","1,234.36","1,249.01","1,251.87","1,232.00","278.80M","-1.05%"
"11/30/1998","1,247.42","1,244.92","1,247.42","1,238.13","291.27M","0.19%"
"11/27/1998","1,245.08","1,252.37","1,259.04","1,242.57","330.90M","-0.62%"
"11/26/1998","1,252.82","1,260.08","1,262.78","1,247.84","354.39M","-0.87%"
"11/25/1998","1,263.85","1,280.27","1,283.96","1,262.23","340.74M","-1.18%"
"11/24/1998","1,278.92","1,274.45","1,282.93","1,274.41","359.53M","0.40%"
"11/23/1998","1,273.79","1,275.90","1,278.09","1,269.10","383.60M","-0.12%"
"11/20/1998","1,275.37","1,272.66","1,279.38","1,271.65","391.15M","-0.02%"
"11/19/1998","1,275.61","1,283.96","1,284.14","1,274.09","413.76M","-0.77%"
"11/18/1998","1,285.50","1,291.00","1,292.93","1,281.60","452.82M","-0.40%"
"11/17/1998","1,290.60","1,296.63","1,300.15","1,285.02","482.73M","-0.24%"
"11/16/1998","1,293.74","1,284.34","1,293.76","1,281.60","500.34M","0.88%"
"11/13/1998","1,282.51","1,281.99","1,285.92","1,271.32","475.06M","-0.04%"
"11/12/1998","1,282.99","1,286.56","1,295.06","1,278.94","573.59M","-0.25%"
"11/11/1998","1,286.20","1,287.42","1,288.35","1,278.47","560.50M","-0.03%"
"11/10/1998","1,286.56","1,283.92","1,288.74","1,275.19","608.11M","0.27%"
"11/09/1998","1,283.12","1,263.96","1,283.12","1,263.96","671.80M","1.85%"
"11/06/1998","1,259.77","1,258.69","1,267.39","1,257.17","744.93M","0.52%"
"11/05/1998","1,253.28","1,237.54","1,253.31","1,237.51","558.41M","1.41%"
"11/04/1998","1,235.80","1,239.50","1,240.70","1,232.78","420.03M","-0.09%"
"11/03/1998","1,236.87","1,225.26","1,236.96","1,225.22","415.03M","1.09%"
"11/02/1998","1,223.48","1,217.34","1,223.53","1,210.85","381.39M","0.51%"
"10/30/1998","1,217.32","1,216.01","1,225.64","1,215.45","416.43M","0.05%"
"10/29/1998","1,216.76","1,226.92","1,229.74","1,214.92","396.99M","-0.75%"
"10/28/1998","1,225.93","1,218.50","1,226.11","1,217.23","459.21M","0.75%"
"10/27/1998","1,216.79","1,207.20","1,218.45","1,204.73","451.00M","0.71%"
"10/26/1998","1,208.27","1,215.56","1,215.56","1,195.24","571.50M","-0.75%"
"10/23/1998","1,217.43","1,217.13","1,230.83","1,215.47","539.84M","0.11%"
"10/22/1998","1,216.09","1,202.21","1,216.17","1,191.56","522.09M","0.68%"
"10/21/1998","1,207.83","1,243.54","1,243.60","1,206.12","586.58M","-2.88%"
"10/20/1998","1,243.64","1,248.23","1,251.43","1,238.30","407.44M","-0.21%"
"10/19/1998","1,246.24","1,255.05","1,256.76","1,240.45","479.45M","-0.38%"
"10/16/1998","1,250.97","1,259.14","1,263.71","1,249.93","606.03M","-0.31%"
"10/15/1998","1,254.81","1,243.19","1,254.84","1,241.26","515.48M","1.15%"
"10/14/1998","1,240.60","1,243.71","1,247.66","1,234.07","413.19M","-0.28%"
"10/13/1998","1,244.07","1,250.68","1,257.35","1,239.77","603.81M","-0.25%"
"10/12/1998","1,247.15","1,239.57","1,247.24","1,227.86","610.75M","0.83%"
"10/09/1998","1,236.93","1,231.94","1,241.05","1,229.85","539.30M","0.67%"
"10/08/1998","1,228.71","1,215.95","1,228.73","1,215.87","392.98M","1.23%"
"10/07/1998","1,213.79","1,214.36","1,219.10","1,207.93","374.79M","-0.30%"
"10/06/1998","1,217.46","1,234.14","1,237.84","1,214.83","353.11M","-1.40%"
"10/05/1998","1,234.78","1,245.74","1,246.60","1,231.40","347.15M","-0.65%"
"09/30/1998","1,242.90","1,233.59","1,242.94","1,233.43","397.27M","0.91%"
"09/29/1998","1,231.75","1,231.90","1,239.11","1,226.84","459.07M","0.13%"
"09/28/1998","1,230.21","1,224.27","1,239.80","1,217.65","567.83M","0.71%"
"09/25/1998","1,221.58","1,194.31","1,221.58","1,192.08","417.66M","1.88%"
"09/24/1998","1,199.06","1,231.05","1,232.28","1,196.92","531.02M","-2.50%"
"09/23/1998","1,229.86","1,223.99","1,233.79","1,222.36","413.05M","0.59%"
"09/22/1998","1,222.63","1,224.39","1,229.62","1,214.02","424.68M","0.02%"
"09/21/1998","1,222.38","1,199.17","1,222.38","1,193.82","455.53M","1.27%"
"09/18/1998","1,207.00","1,227.56","1,233.40","1,199.58","690.96M","-2.16%"
"09/17/1998","1,233.70","1,257.38","1,264.40","1,226.72","901.25M","-1.47%"
"09/16/1998","1,252.14","1,226.90","1,252.20","1,225.29","692.25M","1.79%"
"09/15/1998","1,230.13","1,240.94","1,245.42","1,228.88","655.26M","-0.76%"
"09/14/1998","1,239.61","1,219.32","1,239.77","1,214.44","702.16M","1.77%"
"09/11/1998","1,218.01","1,214.83","1,225.14","1,206.61","624.03M","0.36%"
"09/10/1998","1,213.67","1,194.88","1,219.80","1,194.12","694.60M","1.93%"
"09/09/1998","1,190.68","1,165.66","1,190.74","1,162.47","496.37M","1.98%"
"09/08/1998","1,167.60","1,181.07","1,185.10","1,166.66","370.10M","-0.91%"
"09/07/1998","1,178.38","1,168.37","1,178.38","1,163.20","367.58M","1.28%"
"09/04/1998","1,163.53","1,148.95","1,169.47","1,148.94","384.62M","1.42%"
"09/03/1998","1,147.20","1,136.44","1,151.01","1,136.14","255.23M","0.91%"
"09/02/1998","1,136.89","1,137.31","1,149.27","1,129.81","281.14M","-0.54%"
"09/01/1998","1,143.12","1,142.50","1,163.17","1,123.63","422.79M","-0.62%"
"08/31/1998","1,150.22","1,117.97","1,150.23","1,072.42","355.37M","1.81%"
"08/28/1998","1,129.72","1,139.82","1,146.51","1,125.20","301.14M","-1.35%"
"08/27/1998","1,145.22","1,152.36","1,154.69","1,142.17","311.97M","-1.30%"
"08/26/1998","1,160.29","1,174.85","1,182.33","1,159.52","375.36M","-1.59%"
"08/25/1998","1,179.07","1,174.41","1,179.11","1,159.39","458.51M","0.04%"
"08/24/1998","1,178.55","1,178.55","1,190.88","1,166.14","493.72M","0.08%"
"08/21/1998","1,177.62","1,149.62","1,178.74","1,141.51","487.23M","2.41%"
"08/20/1998","1,149.91","1,128.75","1,149.96","1,113.86","442.51M","2.12%"
"08/19/1998","1,126.08","1,072.74","1,126.08","1,072.72","419.54M","5.11%"
"08/18/1998","1,071.30","1,054.18","1,094.38","1,043.02","371.52M","0.08%"
"08/17/1998","1,070.41","1,152.67","1,152.67","1,068.66","374.91M","-8.36%"
"08/14/1998","1,168.03","1,202.38","1,202.38","1,165.87","356.96M","-3.00%"
"08/13/1998","1,204.18","1,193.37","1,205.86","1,185.57","330.38M","1.14%"
"08/12/1998","1,190.55","1,204.36","1,207.72","1,158.79","392.79M","-1.42%"
"08/11/1998","1,207.67","1,230.38","1,241.78","1,206.63","273.49M","-2.18%"
"08/10/1998","1,234.58","1,262.01","1,262.03","1,227.47","322.62M","-2.87%"
"08/07/1998","1,271.07","1,292.08","1,292.31","1,267.92","396.10M","-1.78%"
"08/06/1998","1,294.16","1,310.30","1,312.60","1,292.39","301.67M","-1.02%"
"08/05/1998","1,307.44","1,293.70","1,307.48","1,293.12","284.39M","1.08%"
"08/04/1998","1,293.46","1,299.73","1,299.73","1,283.20","284.23M","-0.66%"
"08/03/1998","1,302.10","1,315.13","1,315.47","1,299.93","311.24M","-1.13%"
"07/31/1998","1,316.92","1,316.31","1,319.36","1,312.38","327.40M","0.12%"
"07/30/1998","1,315.30","1,312.86","1,318.02","1,309.77","315.67M","0.26%"
"07/29/1998","1,311.94","1,317.93","1,321.26","1,308.26","316.98M","-0.46%"
"07/28/1998","1,317.95","1,321.63","1,324.27","1,313.20","266.56M","-0.30%"
"07/27/1998","1,321.90","1,328.34","1,328.73","1,314.73","309.07M","-0.37%"
"07/24/1998","1,326.82","1,317.85","1,330.49","1,317.85","340.75M","0.80%"
"07/23/1998","1,316.27","1,299.22","1,316.29","1,299.15","283.42M","1.32%"
"07/22/1998","1,299.15","1,312.23","1,312.37","1,295.61","287.62M","-1.06%"
"07/21/1998","1,313.01","1,285.79","1,318.93","1,284.80","325.79M","2.02%"
"07/20/1998","1,287.07","1,311.06","1,311.15","1,278.30","370.63M","-2.10%"
"07/17/1998","1,314.71","1,325.88","1,330.82","1,311.75","409.91M","-0.82%"
"07/16/1998","1,325.63","1,335.30","1,337.64","1,317.89","368.59M","-0.74%"
"07/15/1998","1,335.47","1,332.41","1,341.64","1,326.32","-","-0.08%"
"07/14/1998","1,336.56","1,360.61","1,361.19","1,334.71","-","-1.64%"
"07/13/1998","1,358.81","1,362.69","1,363.00","1,352.16","370.42M","-0.13%"
"07/10/1998","1,360.62","1,344.75","1,360.64","1,344.63","356.86M","1.29%"
"07/09/1998","1,343.23","1,341.35","1,344.43","1,336.66","293.29M","0.32%"
"07/08/1998","1,338.98","1,326.82","1,339.16","1,326.62","272.63M","1.10%"
"07/07/1998","1,324.40","1,313.65","1,324.40","1,307.91","270.18M","0.69%"
"07/06/1998","1,315.28","1,339.26","1,339.68","1,313.28","381.00M","-1.49%"
"07/03/1998","1,335.12","1,335.84","1,341.73","1,327.80","346.81M","0.26%"
"07/02/1998","1,331.65","1,314.10","1,331.65","1,297.00","371.90M","1.16%"
"07/01/1998","1,316.44","1,363.27","1,367.15","1,315.18","402.25M","-1.70%"
"06/30/1998","1,339.20","1,360.62","1,363.59","1,335.21","300.15M","-1.63%"
"06/29/1998","1,361.43","1,387.02","1,387.19","1,356.22","395.13M","-1.75%"
"06/26/1998","1,385.62","1,383.29","1,388.55","1,376.41","430.80M","0.26%"
"06/25/1998","1,382.04","1,402.95","1,404.05","1,377.18","413.67M","-1.41%"
"06/24/1998","1,401.74","1,399.71","1,402.14","1,390.86","538.48M","0.27%"
"06/23/1998","1,397.96","1,398.24","1,398.71","1,385.45","564.52M","-0.10%"
"06/22/1998","1,399.36","1,400.47","1,401.51","1,392.06","568.85M","0.47%"
"06/19/1998","1,392.88","1,376.19","1,392.88","1,376.19","464.20M","1.62%"
"06/18/1998","1,370.68","1,352.23","1,372.12","1,352.23","384.66M","1.61%"
"06/17/1998","1,348.94","1,349.00","1,356.66","1,344.44","391.42M","0.03%"
"06/16/1998","1,348.59","1,362.59","1,362.59","1,323.53","482.18M","-1.23%"
"06/15/1998","1,365.34","1,385.33","1,386.98","1,359.88","466.34M","-1.30%"
"06/12/1998","1,383.39","1,373.11","1,383.47","1,365.08","462.55M","2.65%"
"06/11/1998","1,347.68","1,367.56","1,371.15","1,346.07","360.30M","-1.51%"
"06/10/1998","1,368.30","1,367.74","1,377.83","1,359.39","461.08M","-0.10%"
"06/09/1998","1,369.65","1,400.35","1,400.35","1,357.46","594.92M","-2.43%"
"06/08/1998","1,403.73","1,411.96","1,415.18","1,401.06","557.98M","-0.35%"
"06/05/1998","1,408.61","1,404.08","1,414.36","1,390.63","655.63M","0.16%"
"06/04/1998","1,406.30","1,420.99","1,422.98","1,402.75","633.31M","-0.96%"
"06/03/1998","1,420.00","1,415.02","1,421.12","1,413.11","636.68M","0.49%"
"06/02/1998","1,413.08","1,419.22","1,419.58","1,402.62","607.01M","-0.18%"
"06/01/1998","1,415.58","1,418.35","1,420.55","1,411.06","837.85M","0.31%"
"05/29/1998","1,411.21","1,402.67","1,411.35","1,402.02","790.25M","0.95%"
"05/28/1998","1,397.89","1,402.85","1,405.58","1,392.90","698.59M","-0.12%"
"05/27/1998","1,399.54","1,393.74","1,399.54","1,390.55","778.87M","0.66%"
"05/26/1998","1,390.42","1,392.75","1,394.44","1,383.76","732.15M","0.08%"
"05/25/1998","1,389.37","1,380.13","1,389.66","1,376.20","849.74M","0.98%"
"05/22/1998","1,375.82","1,371.37","1,379.89","1,370.72","679.60M","0.67%"
"05/21/1998","1,366.66","1,356.96","1,367.72","1,350.26","513.11M","0.68%"
"05/20/1998","1,357.43","1,362.69","1,365.10","1,352.17","524.99M","-0.36%"
"05/19/1998","1,362.29","1,370.67","1,372.87","1,355.54","433.19M","-0.43%"
"05/18/1998","1,368.18","1,373.67","1,376.38","1,360.47","520.87M","0.01%"
"05/15/1998","1,368.09","1,373.43","1,379.13","1,361.84","710.59M","0.07%"
"05/14/1998","1,367.13","1,373.17","1,376.30","1,360.89","766.83M","-0.16%"
"05/13/1998","1,369.26","1,351.18","1,369.30","1,351.00","761.88M","1.45%"
"05/12/1998","1,349.65","1,358.96","1,360.06","1,342.73","625.38M","-0.37%"
"05/11/1998","1,354.61","1,367.24","1,368.03","1,351.59","944.69M","-0.22%"
"05/08/1998","1,357.60","1,324.74","1,357.60","1,324.72","708.92M","2.24%"
"05/07/1998","1,327.87","1,348.89","1,352.55","1,326.65","668.81M","-1.52%"
"05/06/1998","1,348.41","1,352.72","1,355.66","1,341.81","592.15M","-0.30%"
"05/05/1998","1,352.52","1,355.05","1,356.06","1,346.59","528.34M","-0.03%"
"05/04/1998","1,352.93","1,353.06","1,355.52","1,345.36","649.54M","0.71%"
"04/30/1998","1,343.45","1,336.01","1,343.46","1,335.55","597.16M","0.82%"
"04/29/1998","1,332.50","1,337.89","1,341.58","1,328.56","535.31M","-0.04%"
"04/28/1998","1,332.99","1,315.35","1,333.09","1,315.33","610.78M","1.73%"
"04/27/1998","1,310.38","1,314.35","1,318.80","1,303.48","624.59M","-0.36%"
"04/24/1998","1,315.17","1,324.45","1,331.86","1,313.61","666.92M","-0.71%"
"04/23/1998","1,324.56","1,337.49","1,340.25","1,321.04","673.99M","-0.57%"
"04/22/1998","1,332.18","1,307.83","1,333.07","1,307.83","713.09M","2.07%"
"04/21/1998","1,305.22","1,296.77","1,307.86","1,295.06","527.64M","0.71%"
"04/20/1998","1,296.01","1,292.16","1,302.98","1,286.59","602.23M","-0.16%"
"04/17/1998","1,298.11","1,311.54","1,311.73","1,291.08","671.88M","-1.38%"
"04/16/1998","1,316.25","1,324.04","1,326.42","1,312.57","692.47M","-0.64%"
"04/15/1998","1,324.71","1,314.16","1,324.71","1,314.07","646.94M","0.84%"
"04/14/1998","1,313.72","1,318.27","1,320.91","1,304.38","587.11M","-0.38%"
"04/13/1998","1,318.75","1,319.94","1,326.30","1,311.83","851.92M","0.55%"
"04/10/1998","1,311.51","1,294.62","1,311.53","1,293.59","848.90M","1.10%"
"04/09/1998","1,297.22","1,326.44","1,328.79","1,288.89","1.17B","-1.93%"
"04/08/1998","1,322.79","1,303.41","1,322.83","1,302.41","1.08B","1.51%"
"04/07/1998","1,303.14","1,308.56","1,310.29","1,296.54","757.84M","-0.25%"
"04/06/1998","1,306.38","1,291.61","1,306.38","1,286.43","983.22M","1.58%"
"04/03/1998","1,286.08","1,268.57","1,286.11","1,266.03","751.52M","1.34%"
"04/02/1998","1,269.02","1,259.59","1,285.03","1,259.58","1.00B","1.12%"
"04/01/1998","1,254.96","1,243.37","1,255.01","1,240.06","606.46M","0.96%"
"03/31/1998","1,243.02","1,251.34","1,252.24","1,238.64","588.00M","-0.51%"
"03/30/1998","1,249.43","1,230.94","1,249.44","1,228.30","706.22M","2.11%"
"03/27/1998","1,223.57","1,189.41","1,223.93","1,188.86","668.42M","2.92%"
"03/26/1998","1,188.87","1,191.00","1,193.82","1,186.22","440.25M","-0.22%"
"03/25/1998","1,191.55","1,207.62","1,209.77","1,188.85","397.35M","-0.21%"
"03/24/1998","1,194.02","1,180.09","1,194.06","1,179.97","324.27M","1.20%"
"03/23/1998","1,179.87","1,186.56","1,186.86","1,178.04","332.82M","-0.64%"
"03/20/1998","1,187.50","1,188.60","1,192.32","1,183.25","270.95M","-0.10%"
"03/19/1998","1,188.71","1,192.40","1,195.83","1,184.87","328.34M","-0.44%"
"03/18/1998","1,193.91","1,204.10","1,204.74","1,191.91","353.70M","-0.74%"
"03/17/1998","1,202.84","1,193.67","1,202.84","1,193.24","359.09M","1.21%"
"03/16/1998","1,188.48","1,186.19","1,188.62","1,179.44","293.53M","0.30%"
"03/13/1998","1,184.96","1,177.82","1,184.96","1,176.01","225.38M","0.51%"
"03/12/1998","1,178.97","1,187.54","1,188.28","1,175.55","239.44M","-0.93%"
"03/11/1998","1,190.04","1,201.26","1,210.53","1,187.44","353.94M","-0.82%"
"03/10/1998","1,199.83","1,199.62","1,205.83","1,186.55","285.35M","-0.08%"
"03/09/1998","1,200.83","1,207.96","1,208.62","1,197.57","302.53M","-0.47%"
"03/06/1998","1,206.45","1,208.75","1,208.98","1,202.12","301.36M","-0.09%"
"03/05/1998","1,207.54","1,217.85","1,219.28","1,206.37","316.81M","-0.47%"
"03/04/1998","1,213.25","1,204.94","1,214.00","1,201.25","348.80M","0.95%"
"03/03/1998","1,201.79","1,186.52","1,201.80","1,185.30","345.78M","1.13%"
"03/02/1998","1,188.31","1,196.74","1,205.75","1,182.61","463.61M","-1.51%"
"02/27/1998","1,206.53","1,209.44","1,213.73","1,202.87","335.92M","-0.01%"
"02/26/1998","1,206.67","1,193.00","1,206.67","1,189.52","295.98M","1.00%"
"02/25/1998","1,194.67","1,208.52","1,209.49","1,191.75","325.53M","-1.12%"
"02/24/1998","1,208.22","1,206.92","1,216.35","1,206.09","325.75M","-0.03%"
"02/23/1998","1,208.60","1,217.86","1,217.86","1,195.89","363.21M","-1.42%"
"02/20/1998","1,226.02","1,234.60","1,237.91","1,224.58","302.86M","-0.53%"
"02/19/1998","1,232.58","1,229.81","1,235.49","1,223.93","321.47M","0.22%"
"02/18/1998","1,229.83","1,239.63","1,240.18","1,225.50","451.12M","-0.70%"
"02/17/1998","1,238.50","1,234.84","1,240.58","1,228.11","333.62M","0.18%"
"02/16/1998","1,236.24","1,246.80","1,247.96","1,230.92","437.72M","-0.78%"
"02/13/1998","1,245.91","1,246.73","1,251.91","1,241.82","394.50M","-0.03%"
"02/12/1998","1,246.30","1,253.38","1,254.41","1,242.00","451.13M","-0.32%"
"02/11/1998","1,250.24","1,234.18","1,251.45","1,233.53","430.19M","1.11%"
"02/10/1998","1,236.51","1,248.60","1,248.60","1,233.70","496.35M","-0.92%"
"02/09/1998","1,248.04","1,257.99","1,262.62","1,244.43","411.33M","2.05%"
"01/23/1998","1,222.91","1,206.49","1,224.12","1,206.45","313.85M","1.53%"
"01/22/1998","1,204.43","1,200.52","1,207.45","1,194.38","385.12M","0.35%"
"01/21/1998","1,200.20","1,201.99","1,209.69","1,198.23","230.78M","-0.29%"
"01/20/1998","1,203.71","1,211.28","1,215.57","1,195.38","287.77M","-0.78%"
"01/19/1998","1,213.13","1,215.41","1,216.99","1,205.48","313.73M","-0.07%"
"01/16/1998","1,213.96","1,215.82","1,220.97","1,207.92","375.04M","-0.12%"
"01/15/1998","1,215.43","1,210.42","1,217.86","1,196.15","513.19M","1.10%"
"01/14/1998","1,202.21","1,170.35","1,203.25","1,170.32","554.48M","2.96%"
"01/13/1998","1,167.65","1,211.88","1,211.88","1,110.09","703.20M","-4.83%"
"01/12/1998","1,226.97","1,242.21","1,246.65","1,226.40","566.99M","-1.04%"
"01/09/1998","1,239.90","1,233.70","1,245.00","1,221.30","527.80M","0.22%"
"01/08/1998","1,237.16","1,243.12","1,250.01","1,235.88","397.81M","-0.56%"
"01/07/1998","1,244.07","1,233.96","1,244.10","1,231.15","553.91M","0.85%"
"01/06/1998","1,233.62","1,223.73","1,233.63","1,215.41","503.68M","1.08%"
"01/05/1998","1,220.47","1,200.95","1,220.49","1,200.22","430.50M","2.21%"
"12/31/1997","1,194.10","1,182.25","1,195.05","1,182.25","303.66M","1.10%"
"12/30/1997","1,181.14","1,186.14","1,193.62","1,179.56","273.75M","-0.46%"
"12/29/1997","1,186.61","1,196.30","1,198.97","1,185.66","356.62M","-0.45%"
"12/26/1997","1,191.92","1,187.75","1,194.24","1,186.53","413.65M","0.90%"
"12/25/1997","1,181.28","1,170.56","1,181.48","1,169.99","350.86M","0.99%"
"12/24/1997","1,169.66","1,171.73","1,173.54","1,164.86","312.27M","-0.14%"
"12/23/1997","1,171.25","1,171.90","1,176.92","1,165.06","324.77M","0.19%"
"12/22/1997","1,169.01","1,162.68","1,169.03","1,153.44","412.19M","0.71%"
"12/19/1997","1,160.77","1,154.70","1,161.88","1,151.14","318.31M","0.57%"
"12/18/1997","1,154.17","1,142.10","1,159.11","1,138.40","298.81M","0.67%"
"12/17/1997","1,146.52","1,169.64","1,169.74","1,145.89","324.75M","-2.41%"
"12/16/1997","1,174.80","1,170.46","1,174.81","1,165.60","325.82M","0.58%"
"12/15/1997","1,168.03","1,155.72","1,168.06","1,155.60","300.03M","1.23%"
"12/12/1997","1,153.84","1,160.22","1,165.81","1,153.43","237.58M","-0.46%"
"12/11/1997","1,159.17","1,159.05","1,159.75","1,145.55","226.31M","0.11%"
"12/10/1997","1,157.84","1,150.48","1,158.99","1,149.33","228.39M","0.84%"
"12/09/1997","1,148.17","1,139.81","1,148.17","1,137.32","208.29M","0.78%"
"12/08/1997","1,139.32","1,140.55","1,143.08","1,136.58","204.27M","0.27%"
"12/05/1997","1,136.20","1,139.48","1,144.22","1,134.93","233.68M","0.03%"
"12/04/1997","1,135.87","1,121.80","1,137.01","1,119.20","222.80M","1.19%"
"12/03/1997","1,122.55","1,129.78","1,130.32","1,121.59","184.42M","-0.67%"
"12/02/1997","1,130.17","1,133.59","1,139.60","1,128.50","180.13M","-0.26%"
"12/01/1997","1,133.09","1,137.59","1,139.29","1,130.45","221.85M","-0.57%"
"11/28/1997","1,139.63","1,117.57","1,139.64","1,114.43","256.41M","1.52%"
"11/27/1997","1,122.52","1,141.77","1,141.97","1,120.52","238.30M","-1.86%"
"11/26/1997","1,143.82","1,126.60","1,143.82","1,124.48","213.97M","1.63%"
"11/25/1997","1,125.53","1,120.86","1,131.13","1,114.14","329.84M","0.05%"
"11/24/1997","1,124.94","1,150.42","1,150.56","1,122.93","276.96M","-2.90%"
"11/21/1997","1,158.56","1,168.97","1,169.11","1,152.01","276.19M","-1.18%"
"11/20/1997","1,172.43","1,182.74","1,189.49","1,169.10","287.06M","-0.78%"
"11/19/1997","1,181.63","1,185.10","1,191.96","1,175.78","224.79M","-0.15%"
"11/18/1997","1,183.35","1,190.26","1,193.31","1,182.61","226.74M","-0.67%"
"11/17/1997","1,191.33","1,210.68","1,213.23","1,190.43","252.57M","-0.54%"
"11/14/1997","1,197.83","1,187.35","1,208.84","1,181.69","377.74M","1.08%"
"11/13/1997","1,185.02","1,169.70","1,185.28","1,157.29","287.38M","0.92%"
"11/12/1997","1,174.19","1,190.01","1,193.53","1,171.56","279.30M","-1.05%"
"11/11/1997","1,186.63","1,183.42","1,187.74","1,168.48","284.57M","0.07%"
"11/10/1997","1,185.78","1,199.37","1,202.58","1,178.63","389.02M","-0.78%"
"11/07/1997","1,195.14","1,181.78","1,195.74","1,177.63","351.96M","1.19%"
"11/06/1997","1,181.12","1,198.66","1,203.09","1,179.58","413.31M","-1.08%"
"11/05/1997","1,194.04","1,186.10","1,194.67","1,179.35","482.54M","0.79%"
"11/04/1997","1,184.70","1,180.87","1,190.47","1,180.87","227.16M","0.33%"
"11/03/1997","1,180.85","1,181.16","1,185.07","1,176.55","241.00M","0.04%"
"10/31/1997","1,180.39","1,164.91","1,181.51","1,158.74","284.88M","0.47%"
"10/30/1997","1,174.85","1,189.27","1,207.97","1,173.65","454.76M","-0.78%"
"10/29/1997","1,184.09","1,168.22","1,188.80","1,162.98","344.32M","0.52%"
"10/28/1997","1,177.92","1,239.59","1,241.83","1,172.89","501.57M","-4.69%"
"10/27/1997","1,235.83","1,183.65","1,235.94","1,183.65","628.82M","4.88%"
"10/24/1997","1,178.31","1,172.88","1,179.81","1,164.06","353.13M","0.42%"
"10/23/1997","1,173.36","1,178.98","1,186.07","1,170.23","397.88M","-0.35%"
"10/22/1997","1,177.52","1,193.70","1,203.02","1,168.45","575.01M","-1.20%"
"10/21/1997","1,191.87","1,190.49","1,192.34","1,179.57","405.94M","0.38%"
"10/20/1997","1,187.37","1,183.74","1,191.04","1,173.56","440.56M","0.92%"
"10/17/1997","1,176.49","1,155.42","1,180.22","1,153.90","435.09M","2.28%"
"10/16/1997","1,150.31","1,131.40","1,151.39","1,131.39","321.22M","2.18%"
"10/15/1997","1,125.78","1,119.11","1,129.65","1,116.43","201.40M","0.70%"
"10/14/1997","1,117.93","1,116.30","1,118.02","1,105.70","137.84M","-0.17%"
"10/13/1997","1,119.82","1,136.43","1,138.40","1,117.39","168.27M","-0.97%"
"10/10/1997","1,130.79","1,121.34","1,131.57","1,120.51","174.53M","0.74%"
"10/09/1997","1,122.47","1,134.59","1,138.66","1,120.09","180.38M","-1.09%"
"10/08/1997","1,134.87","1,122.97","1,140.94","1,116.71","243.86M","2.93%"
"10/07/1997","1,102.57","1,098.29","1,102.71","1,087.02","143.28M","0.33%"
"10/06/1997","1,098.90","1,100.70","1,105.41","1,091.15","137.48M","0.14%"
"09/30/1997","1,097.38","1,083.41","1,100.39","1,083.23","176.57M","1.23%"
"09/29/1997","1,084.07","1,106.34","1,106.34","1,079.34","226.63M","-2.30%"
"09/26/1997","1,109.63","1,118.69","1,118.94","1,094.42","258.31M","-0.66%"
"09/25/1997","1,117.01","1,118.37","1,130.13","1,106.25","414.05M","0.63%"
"09/24/1997","1,110.01","1,064.66","1,110.11","1,064.66","476.08M","6.53%"
"09/23/1997","1,041.96","1,096.19","1,105.28","1,025.13","411.74M","-5.62%"
"09/22/1997","1,103.97","1,184.49","1,185.10","1,102.62","281.39M","-6.80%"
"09/19/1997","1,184.52","1,174.77","1,185.09","1,168.87","192.04M","1.04%"
"09/18/1997","1,172.37","1,169.67","1,181.75","1,164.64","222.89M","0.41%"
"09/17/1997","1,167.56","1,188.88","1,191.30","1,162.24","232.01M","-1.66%"
"09/16/1997","1,187.22","1,182.76","1,193.85","1,181.17","249.71M","0.67%"
"09/15/1997","1,179.29","1,205.90","1,211.68","1,175.95","341.34M","-2.43%"
"09/12/1997","1,208.70","1,240.50","1,247.91","1,207.83","414.17M","-2.74%"
"09/11/1997","1,242.71","1,260.52","1,264.49","1,236.11","686.03M","-1.06%"
"09/10/1997","1,256.04","1,230.43","1,256.04","1,227.64","524.29M","2.03%"
"09/09/1997","1,231.03","1,255.18","1,257.93","1,230.44","437.18M","-1.93%"
"09/08/1997","1,255.23","1,253.14","1,257.55","1,245.74","524.42M","0.29%"
"09/05/1997","1,251.55","1,250.60","1,253.35","1,241.22","-","0.02%"
"09/04/1997","1,251.30","1,245.78","1,253.15","1,245.64","523.02M","0.84%"
"09/03/1997","1,240.82","1,223.62","1,243.33","1,223.46","540.71M","1.18%"
"09/02/1997","1,226.30","1,228.47","1,232.69","1,215.92","560.06M","-0.29%"
"09/01/1997","1,229.87","1,224.18","1,230.07","1,219.10","641.89M","0.72%"
"08/29/1997","1,221.06","1,214.31","1,223.07","1,209.48","681.45M","0.59%"
"08/28/1997","1,213.89","1,201.06","1,216.08","1,194.67","667.68M","1.28%"
"08/27/1997","1,198.51","1,195.43","1,199.47","1,188.33","520.24M","0.37%"
"08/26/1997","1,194.04","1,186.07","1,194.13","1,181.24","537.56M","0.84%"
"08/25/1997","1,184.10","1,175.44","1,184.33","1,175.38","443.73M","1.05%"
"08/22/1997","1,171.83","1,159.39","1,174.49","1,156.83","426.55M","0.63%"
"08/21/1997","1,164.55","1,148.39","1,165.22","1,147.82","392.46M","1.74%"
"08/20/1997","1,144.64","1,135.05","1,144.65","1,133.74","244.36M","1.04%"
"08/19/1997","1,132.90","1,134.62","1,143.20","1,128.11","249.49M","-0.15%"
"08/18/1997","1,134.63","1,139.61","1,139.61","1,116.15","321.45M","-0.74%"
"08/15/1997","1,143.06","1,174.18","1,174.88","1,133.89","430.59M","-2.14%"
"08/14/1997","1,168.11","1,120.47","1,168.34","1,120.24","364.35M","4.28%"
"08/13/1997","1,120.13","1,139.25","1,153.49","1,118.20","324.33M","-2.33%"
"08/12/1997","1,146.81","1,177.26","1,183.44","1,145.75","384.49M","-3.15%"
"08/11/1997","1,184.08","1,206.46","1,206.76","1,182.45","492.78M","-1.82%"
"08/08/1997","1,206.05","1,205.95","1,216.56","1,201.36","675.34M","0.57%"
"08/07/1997","1,199.24","1,167.93","1,199.24","1,161.63","332.20M","2.33%"
"08/06/1997","1,171.94","1,196.04","1,197.44","1,170.27","283.96M","-2.03%"
"08/05/1997","1,196.27","1,203.36","1,207.23","1,193.70","346.69M","-0.34%"
"08/04/1997","1,200.33","1,196.25","1,201.92","1,188.68","409.88M","0.63%"
"08/01/1997","1,192.83","1,191.65","1,194.03","1,182.22","313.82M","0.26%"
"07/31/1997","1,189.76","1,184.94","1,192.20","1,179.71","362.34M","0.88%"
"07/30/1997","1,179.42","1,157.09","1,179.48","1,157.00","355.68M","2.27%"
"07/29/1997","1,153.23","1,137.32","1,161.19","1,133.17","293.65M","1.00%"
"07/28/1997","1,141.78","1,167.81","1,167.88","1,138.47","295.79M","-2.48%"
"07/25/1997","1,170.86","1,166.57","1,177.65","1,158.14","299.00M","-0.29%"
"07/24/1997","1,174.22","1,194.70","1,200.31","1,172.37","-","-2.06%"
"07/23/1997","1,198.86","1,219.06","1,223.82","1,194.70","470.72M","-0.78%"
"07/22/1997","1,208.25","1,189.12","1,208.26","1,163.47","445.29M","1.23%"
"07/21/1997","1,193.53","1,215.84","1,218.48","1,188.88","482.37M","-1.35%"
"07/18/1997","1,209.86","1,199.40","1,210.44","1,191.29","468.07M","1.05%"
"07/17/1997","1,197.23","1,188.27","1,203.50","1,180.93","446.47M","0.54%"
"07/16/1997","1,190.83","1,201.60","1,204.86","1,184.44","-","-0.77%"
"07/15/1997","1,200.11","1,189.47","1,201.21","1,180.19","544.18M","1.21%"
"07/14/1997","1,185.72","1,163.29","1,185.78","1,158.45","542.62M","2.68%"
"07/11/1997","1,154.79","1,116.41","1,155.06","1,114.40","386.56M","3.09%"
"07/10/1997","1,120.15","1,121.26","1,137.87","1,115.21","318.76M","-0.06%"
"07/09/1997","1,120.84","1,113.64","1,122.67","1,104.09","313.67M","1.01%"
"07/08/1997","1,109.67","1,092.80","1,115.43","1,066.04","360.53M","1.17%"
"07/07/1997","1,096.82","1,161.71","1,163.45","1,085.57","344.08M","-5.39%"
"07/04/1997","1,159.34","1,138.92","1,163.25","1,124.78","434.78M","0.76%"
"07/03/1997","1,150.62","1,194.68","1,194.68","1,149.94","365.29M","-4.04%"
"07/02/1997","1,199.06","1,255.91","1,261.57","1,147.33","381.48M","-4.10%"
"06/27/1997","1,250.27","1,287.92","1,291.98","1,246.93","550.26M","-2.66%"
"06/26/1997","1,284.46","1,295.11","1,295.15","1,280.85","400.52M","-1.01%"
"06/25/1997","1,297.59","1,309.34","1,311.20","1,293.35","434.58M","-0.49%"
"06/24/1997","1,303.93","1,287.18","1,304.05","1,283.72","404.44M","1.59%"
"06/23/1997","1,283.49","1,313.24","1,322.98","1,265.17","605.65M","-0.60%"
"06/20/1997","1,291.20","1,244.00","1,292.32","1,244.00","470.95M","4.91%"
"06/19/1997","1,230.74","1,233.68","1,250.64","1,227.25","302.70M","-0.16%"
"06/18/1997","1,232.68","1,252.02","1,254.90","1,230.30","321.59M","-1.06%"
"06/17/1997","1,245.93","1,260.41","1,263.90","1,245.34","353.40M","-1.23%"
"06/16/1997","1,261.47","1,255.77","1,269.63","1,255.77","470.87M","1.41%"
"06/13/1997","1,243.98","1,154.98","1,244.24","1,154.97","440.61M","2.57%"
"06/12/1997","1,212.77","1,224.47","1,229.64","1,211.80","283.55M","-0.62%"
"06/11/1997","1,220.39","1,239.50","1,244.01","1,175.71","354.43M","-1.72%"
"06/10/1997","1,241.74","1,278.99","1,285.04","1,239.86","266.40M","-2.60%"
"06/09/1997","1,274.92","1,275.25","1,282.75","1,255.67","335.94M","-0.03%"
"06/06/1997","1,275.30","1,271.31","1,314.72","1,254.27","894.08M","-6.24%"
"06/05/1997","1,360.23","1,362.18","1,369.51","1,346.97","579.99M","-0.07%"
"06/04/1997","1,361.19","1,345.38","1,363.70","1,344.59","692.88M","1.68%"
"06/03/1997","1,338.76","1,341.68","1,344.64","1,313.46","680.94M","0.19%"
"06/02/1997","1,336.28","1,302.82","1,336.42","1,302.16","612.45M","3.98%"
"05/30/1997","1,285.18","1,261.29","1,285.39","1,254.62","381.26M","1.73%"
"05/29/1997","1,263.35","1,267.52","1,282.85","1,262.57","451.71M","-0.55%"
"05/28/1997","1,270.35","1,283.00","1,288.74","1,265.57","462.08M","-0.89%"
"05/27/1997","1,281.74","1,258.38","1,281.75","1,253.25","521.73M","2.41%"
"05/26/1997","1,251.55","1,268.59","1,275.30","1,213.24","557.93M","-0.22%"
"05/23/1997","1,254.27","1,238.69","1,263.52","1,225.80","518.63M","1.54%"
"05/22/1997","1,235.22","1,248.97","1,300.98","1,232.20","-","-8.83%"
"05/21/1997","1,354.88","1,386.85","1,389.60","1,340.29","537.79M","-1.90%"
"05/20/1997","1,381.12","1,351.66","1,386.37","1,351.23","512.26M","2.72%"
"05/19/1997","1,344.61","1,330.79","1,350.58","1,316.13","540.12M","2.18%"
"05/16/1997","1,315.92","1,309.60","1,394.21","1,287.07","911.61M","-7.18%"
"05/15/1997","1,417.67","1,371.19","1,425.30","1,360.22","641.49M","2.79%"
"05/14/1997","1,379.22","1,447.61","1,447.67","1,378.03","752.92M","-5.81%"
"05/13/1997","1,464.28","1,501.25","1,501.25","1,436.21","975.55M","-2.41%"
"05/12/1997","1,500.40","1,490.78","1,510.18","1,486.45","1.17B","2.26%"
"05/09/1997","1,467.23","1,412.90","1,469.08","1,394.42","906.68M","4.42%"
"05/08/1997","1,405.18","1,496.98","1,504.26","1,401.59","1.04B","-6.04%"
"05/07/1997","1,495.46","1,495.22","1,499.62","1,464.86","1.10B","0.84%"
"05/06/1997","1,482.99","1,462.03","1,483.50","1,459.68","1.09B","2.35%"
"05/05/1997","1,448.93","1,398.14","1,448.99","1,398.05","974.32M","3.96%"
"04/30/1997","1,393.75","1,385.30","1,396.48","1,376.46","796.30M","1.23%"
"04/29/1997","1,376.77","1,354.00","1,376.82","1,335.76","780.25M","1.83%"
"04/28/1997","1,352.00","1,372.26","1,381.56","1,346.26","888.41M","-0.95%"
"04/25/1997","1,364.97","1,382.92","1,386.27","1,363.98","1.01B","-1.11%"
"04/24/1997","1,380.28","1,370.17","1,386.52","1,356.52","972.83M","0.10%"
"04/23/1997","1,378.84","1,370.05","1,380.36","1,368.65","1.01B","0.98%"
"04/22/1997","1,365.50","1,362.98","1,368.88","1,354.45","1.01B","0.25%"
"04/21/1997","1,362.08","1,355.56","1,365.22","1,350.80","1.20B","1.80%"
"04/18/1997","1,338.03","1,325.23","1,338.85","1,305.95","854.50M","1.11%"
"04/17/1997","1,323.37","1,323.42","1,331.17","1,319.76","752.36M","-0.33%"
"04/16/1997","1,327.78","1,334.31","1,338.42","1,318.16","916.45M","0.21%"
"04/15/1997","1,324.96","1,318.57","1,326.38","1,298.18","952.19M","0.61%"
"04/14/1997","1,316.92","1,293.98","1,325.67","1,293.98","1.36B","3.00%"
"04/11/1997","1,278.53","1,279.34","1,283.56","1,251.01","888.87M","-0.26%"
"04/10/1997","1,281.89","1,293.26","1,299.74","1,279.49","1.06B","-0.39%"
"04/09/1997","1,286.85","1,251.57","1,286.91","1,251.56","932.80M","3.17%"
"04/08/1997","1,247.26","1,277.06","1,278.30","1,246.72","759.88M","-2.28%"
"04/07/1997","1,276.41","1,259.59","1,276.57","1,252.75","963.65M","1.23%"
"04/04/1997","1,260.89","1,258.07","1,269.73","1,251.60","982.56M","1.19%"
"04/03/1997","1,246.03","1,233.82","1,246.18","1,222.56","667.73M","0.99%"
"04/02/1997","1,233.85","1,246.41","1,249.57","1,232.31","733.25M","-0.58%"
"04/01/1997","1,241.03","1,243.87","1,246.31","1,234.25","790.95M","0.52%"
"03/31/1997","1,234.62","1,210.02","1,234.96","1,210.00","825.36M","2.66%"
"03/28/1997","1,202.67","1,213.81","1,219.04","1,199.53","727.85M","-0.95%"
"03/27/1997","1,214.26","1,220.55","1,228.24","1,202.77","936.75M","-0.09%"
"03/26/1997","1,215.31","1,204.21","1,215.47","1,201.17","860.34M","1.46%"
"03/25/1997","1,197.84","1,198.16","1,201.62","1,180.88","870.37M","0.51%"
"03/24/1997","1,191.73","1,186.95","1,196.64","1,181.33","1.04B","2.10%"
"03/21/1997","1,167.17","1,116.72","1,167.21","1,116.59","711.81M","4.14%"
"03/20/1997","1,120.72","1,162.26","1,168.49","1,119.67","706.71M","-3.49%"
"03/19/1997","1,161.27","1,167.04","1,170.40","1,156.19","779.15M","-0.12%"
"03/18/1997","1,162.63","1,164.96","1,177.02","1,148.08","997.91M","0.36%"
"03/17/1997","1,158.48","1,138.28","1,159.54","1,138.28","1.07B","2.90%"
"03/14/1997","1,125.80","1,114.74","1,125.82","1,092.70","778.11M","0.76%"
"03/13/1997","1,117.28","1,128.71","1,131.73","1,108.89","879.20M","-0.79%"
"03/12/1997","1,126.16","1,112.71","1,126.42","1,109.47","926.92M","1.48%"
"03/11/1997","1,109.73","1,103.43","1,109.95","1,092.72","796.25M","0.91%"
"03/10/1997","1,099.68","1,085.91","1,100.51","1,085.89","801.27M","2.04%"
"03/07/1997","1,077.72","1,083.01","1,086.64","1,070.86","791.59M","-0.13%"
"03/06/1997","1,079.13","1,045.89","1,079.13","1,044.23","848.14M","2.56%"
"03/05/1997","1,052.15","1,067.58","1,072.46","1,051.52","756.32M","-1.50%"
"03/04/1997","1,068.16","1,063.29","1,070.22","1,048.44","-","0.48%"
"03/03/1997","1,063.05","1,044.61","1,063.05","1,043.93","867.74M","2.19%"
"02/28/1997","1,040.27","1,023.37","1,040.33","1,010.27","645.61M","1.46%"
"02/27/1997","1,025.30","1,035.32","1,038.48","1,020.34","623.89M","-0.60%"
"02/26/1997","1,031.51","1,019.86","1,031.51","1,015.39","588.37M","1.33%"
"02/25/1997","1,017.96","1,009.05","1,028.34","1,009.03","682.02M","0.83%"
"02/24/1997","1,009.56","1,028.35","1,032.70","1,004.62","1.07B","-0.74%"
"02/21/1997","1,017.13","967.68","1,017.32","967.49","1.34B","5.39%"
"02/20/1997","965.08","870.18","971.51","870.18","925.31M","0.25%"
"02/19/1997","962.69","911.58","962.69","911.58","522.85M","7.58%"
"02/18/1997","894.85","980.48","999.23","893.75","703.85M","-8.91%"
"02/17/1997","982.40","969.53","985.21","959.75","350.46M","1.83%"
"01/31/1997","964.74","960.26","967.90","960.08","693.78M","0.48%"
"01/30/1997","960.17","960.49","962.97","955.47","340.01M","-0.20%"
"01/29/1997","962.10","955.96","964.02","955.10","398.59M","0.61%"
"01/28/1997","956.31","957.88","957.88","947.91","310.92M","-0.29%"
"01/27/1997","959.06","957.25","959.87","952.40","433.41M","0.54%"
"01/24/1997","953.92","945.52","954.30","934.64","362.29M","0.86%"
"01/23/1997","945.80","945.59","947.54","940.50","375.79M","0.36%"
"01/22/1997","942.44","929.36","942.73","929.00","324.25M","1.43%"
"01/21/1997","929.11","937.04","939.02","926.09","329.07M","-0.45%"
"01/20/1997","933.28","922.47","933.36","922.06","263.22M","1.46%"
"01/17/1997","919.85","916.11","921.14","912.66","215.80M","0.53%"
"01/16/1997","915.01","917.48","922.10","908.26","186.62M","-0.19%"
"01/15/1997","916.72","905.48","919.42","905.06","185.91M","0.98%"
"01/14/1997","907.85","929.55","929.59","903.62","291.96M","-2.33%"
"01/13/1997","929.52","923.54","931.44","922.74","373.53M","1.21%"
"01/10/1997","918.40","908.56","918.51","906.55","321.87M","1.26%"
"01/09/1997","906.98","897.99","914.33","897.94","244.07M","1.18%"
"01/08/1997","896.41","899.83","902.52","887.23","219.64M","-0.20%"
"01/07/1997","898.17","872.80","903.00","871.78","232.47M","2.47%"
"01/06/1997","876.50","890.98","892.02","875.89","218.63M","-2.57%"
"01/03/1997","899.61","921.10","922.39","896.99","295.89M","-2.16%"
"01/02/1997","919.43","914.06","920.19","909.46","252.66M","0.26%"
"12/31/1996","917.02","935.91","935.97","912.97","438.62M","-1.84%"
"12/30/1996","934.21","929.72","938.55","923.95","525.58M","1.29%"
"12/27/1996","922.35","925.80","927.10","903.82","528.05M","-0.20%"
"12/26/1996","924.24","904.02","924.33","890.41","527.95M","3.25%"
"12/25/1996","895.18","870.44","897.45","855.85","396.44M","3.42%"
"12/24/1996","865.58","907.63","911.12","864.15","347.12M","-4.04%"
"12/23/1996","902.01","900.32","911.59","890.84","421.20M","1.89%"
"12/20/1996","885.24","881.09","898.92","864.26","581.24M","-1.90%"
"12/19/1996","902.42","971.15","983.24","893.47","844.27M","-7.23%"
"12/18/1996","972.73","872.36","975.96","869.02","956.93M","7.42%"
"12/17/1996","905.58","907.65","943.37","903.85","582.92M","-9.44%"
"12/16/1996","1,000.02","1,005.01","1,005.12","999.63","-","-9.91%"
"12/13/1996","1,110.04","1,164.34","1,175.44","1,108.29","919.91M","-5.70%"
"12/12/1996","1,177.14","1,248.14","1,254.30","1,167.98","1.05B","-5.44%"
"12/11/1996","1,244.90","1,225.38","1,258.69","1,220.41","1.21B","1.19%"
"12/10/1996","1,230.25","1,244.11","1,244.11","1,202.28","1.21B","-1.40%"
"12/09/1996","1,247.66","1,227.48","1,250.56","1,227.47","1.47B","2.87%"
"12/06/1996","1,212.89","1,207.30","1,220.31","1,194.77","1.36B","0.07%"
"12/05/1996","1,212.08","1,199.38","1,215.25","1,180.21","1.85B","3.60%"
"12/04/1996","1,169.92","1,117.03","1,170.60","1,115.27","1.41B","4.18%"
"12/03/1996","1,122.99","1,157.12","1,177.67","1,118.83","2.04B","-1.02%"
"12/02/1996","1,134.52","1,056.67","1,134.90","1,056.67","1.90B","9.83%"
"11/29/1996","1,032.95","997.85","1,037.16","997.84","1.14B","4.06%"
"11/28/1996","992.64","983.01","1,002.54","978.51","675.05M","1.25%"
"11/27/1996","980.38","966.93","987.18","960.46","481.38M","1.32%"
"11/26/1996","967.59","981.47","985.13","957.81","524.99M","-0.92%"
"11/25/1996","976.55","948.59","976.55","938.81","521.46M","2.60%"
"11/22/1996","951.83","928.51","952.03","919.61","504.03M","1.18%"
"11/21/1996","940.77","1,018.05","1,025.58","937.84","774.40M","-7.31%"
"11/20/1996","1,014.92","1,010.81","1,018.89","992.27","776.85M","-0.10%"
"11/19/1996","1,015.96","1,019.62","1,047.39","1,008.23","1.21B","1.12%"
"11/18/1996","1,004.69","952.73","1,004.95","948.82","788.53M","5.66%"
"11/15/1996","950.83","951.51","958.62","943.80","506.49M","-0.25%"
"11/14/1996","953.19","944.46","957.61","943.61","486.96M","1.35%"
"11/13/1996","940.52","945.98","951.09","932.93","403.98M","-0.26%"
"11/12/1996","943.00","937.70","949.25","928.98","443.31M","0.97%"
"11/11/1996","933.97","923.37","933.97","922.20","338.20M","1.55%"
"11/08/1996","919.67","927.24","927.39","911.91","276.56M","-0.91%"
"11/07/1996","928.14","919.95","931.60","915.62","317.39M","1.43%"
"11/06/1996","915.05","925.75","928.47","896.88","336.89M","-1.40%"
"11/05/1996","928.03","947.44","950.36","922.67","402.21M","-1.81%"
"11/04/1996","945.12","931.00","947.88","929.73","399.41M","1.54%"
"11/01/1996","930.79","935.17","962.11","906.96","630.51M","-4.70%"
"10/31/1996","976.71","972.16","983.23","949.59","601.63M","1.85%"
"10/30/1996","958.94","1,017.06","1,022.02","955.23","798.56M","-5.76%"
"10/29/1996","1,017.52","1,032.61","1,038.81","1,013.49","1.01B","-0.52%"
"10/28/1996","1,022.86","1,001.23","1,026.84","1,000.07","943.32M","1.01%"
"10/25/1996","1,012.67","1,006.30","1,016.91","994.82","1.09B","0.47%"
"10/24/1996","1,007.91","1,017.46","1,020.97","1,004.37","1.07B","-0.29%"
"10/23/1996","1,010.83","989.32","1,011.13","986.72","1.35B","3.52%"
"10/22/1996","976.47","952.93","978.98","943.02","977.38M","1.25%"
"10/21/1996","964.39","943.03","964.44","943.03","715.60M","2.60%"
"10/18/1996","939.93","960.55","968.22","937.77","941.88M","-1.30%"
"10/17/1996","952.32","931.11","952.45","928.08","794.93M","1.97%"
"10/16/1996","933.88","944.35","953.40","921.14","805.01M","-0.36%"
"10/15/1996","937.29","943.81","944.93","925.66","835.89M","-0.37%"
"10/14/1996","940.79","919.70","943.55","919.70","1.20B","3.40%"
"10/11/1996","909.89","909.06","912.01","898.72","1.05B","0.64%"
"10/10/1996","904.10","878.05","904.13","877.34","940.13M","3.44%"
"10/09/1996","874.01","882.19","883.62","865.57","495.77M","-0.41%"
"10/08/1996","877.61","869.08","882.09","865.42","520.92M","1.50%"
"10/07/1996","864.66","866.07","869.87","852.83","424.42M","0.14%"
"10/04/1996","863.46","864.19","869.65","855.79","369.19M","-0.23%"
"10/03/1996","865.49","887.85","891.71","864.67","566.19M","-1.15%"
"09/27/1996","875.52","861.62","875.52","855.75","658.92M","2.44%"
"09/26/1996","854.66","837.68","857.44","837.68","527.03M","2.33%"
"09/25/1996","835.18","855.35","858.60","830.25","512.22M","-1.73%"
"09/24/1996","849.92","857.42","865.49","845.39","734.85M","-0.24%"
"09/23/1996","851.99","812.94","852.04","812.31","846.18M","5.77%"
"09/20/1996","805.54","772.29","805.54","770.04","-","4.74%"
"09/19/1996","769.10","756.11","769.13","754.28","188.38M","1.10%"
"09/18/1996","760.76","781.34","782.73","757.94","280.55M","-2.02%"
"09/17/1996","776.48","777.73","785.11","774.15","265.44M","-0.23%"
"09/16/1996","778.29","779.85","784.48","771.80","285.14M","-0.10%"
"09/13/1996","779.07","756.39","779.07","752.68","272.01M","2.90%"
"09/12/1996","757.09","780.32","784.18","754.11","250.33M","-1.58%"
"09/11/1996","769.25","762.81","773.60","754.59","238.97M","0.63%"
"09/10/1996","764.45","793.22","793.22","763.15","322.60M","-3.67%"
"09/09/1996","793.59","798.60","799.98","791.63","340.58M","-0.95%"
"09/06/1996","801.23","813.59","818.36","796.17","327.13M","-1.61%"
"09/05/1996","814.38","817.37","838.67","812.93","631.01M","0.29%"
"09/04/1996","812.01","797.90","813.46","795.07","328.11M","1.47%"
"09/03/1996","800.22","805.53","818.88","799.01","348.13M","-0.57%"
"09/02/1996","804.78","812.94","813.57","803.13","345.65M","-0.64%"
"08/30/1996","809.94","791.39","809.97","791.39","435.68M","2.69%"
"08/29/1996","788.73","797.31","797.98","783.96","260.29M","-1.02%"
"08/28/1996","796.84","790.72","806.36","789.06","336.03M","1.19%"
"08/27/1996","787.47","769.79","787.48","766.70","247.09M","1.86%"
"08/26/1996","773.07","789.15","800.53","770.85","277.14M","-3.81%"
"08/23/1996","803.69","824.89","824.89","786.44","330.59M","-1.77%"
"08/22/1996","818.20","838.20","842.46","816.05","283.70M","-1.85%"
"08/21/1996","833.61","825.69","842.68","825.61","328.80M","1.36%"
"08/20/1996","822.44","834.73","837.58","820.77","258.51M","-1.58%"
"08/19/1996","835.62","852.34","852.35","834.54","248.82M","-2.14%"
"08/16/1996","853.87","862.68","862.88","838.42","374.35M","-1.38%"
"08/15/1996","865.83","872.83","878.57","864.77","348.61M","-0.67%"
"08/14/1996","871.64","875.78","879.09","868.74","291.19M","-0.36%"
"08/13/1996","874.80","885.89","887.35","872.40","316.62M","-1.27%"
"08/12/1996","886.05","880.13","894.86","880.13","511.24M","1.66%"
"08/09/1996","871.60","875.19","880.31","857.74","518.36M","-0.50%"
"08/08/1996","876.00","871.03","877.92","869.55","424.95M","1.01%"
"08/07/1996","867.27","865.49","873.03","862.61","486.88M","0.59%"
"08/06/1996","862.22","854.77","862.43","848.36","355.96M","1.06%"
"08/05/1996","853.19","846.03","853.20","838.60","298.91M","1.71%"
"08/02/1996","838.88","842.39","850.59","828.66","363.19M","0.45%"
"08/01/1996","835.11","823.17","843.01","814.89","331.32M","1.54%"
"07/31/1996","822.48","836.67","841.72","820.85","318.69M","-1.73%"
"07/30/1996","836.93","861.72","865.50","834.87","372.79M","-2.16%"
"07/29/1996","855.42","846.19","855.50","837.20","358.57M","1.22%"
"07/26/1996","845.12","868.27","872.27","840.21","582.29M","-2.65%"
"07/25/1996","868.16","887.25","894.21","867.09","704.10M","-2.19%"
"07/24/1996","887.60","874.97","894.73","874.97","647.49M","1.85%"
"07/23/1996","871.47","888.92","889.41","864.51","612.77M","-1.52%"
"07/22/1996","884.94","871.48","887.07","870.22","1.02B","3.27%"
"07/19/1996","856.93","824.01","857.08","820.66","818.97M","4.75%"
"07/18/1996","818.04","808.09","819.56","808.09","344.49M","1.12%"
"07/17/1996","808.99","830.65","841.41","808.50","676.20M","-1.71%"
"07/16/1996","823.08","796.76","823.77","793.69","548.22M","4.30%"
"07/15/1996","789.16","794.88","796.25","780.15","344.48M","-0.91%"
"07/12/1996","796.41","784.26","796.41","778.87","354.31M","0.55%"
"07/11/1996","792.07","822.17","822.39","790.57","499.03M","-3.41%"
"07/10/1996","820.05","821.10","825.39","809.35","588.34M","0.30%"
"07/09/1996","817.61","815.02","822.51","807.43","709.44M","1.27%"
"07/08/1996","807.34","794.13","807.89","790.09","668.35M","2.80%"
"07/05/1996","785.38","788.10","797.15","783.86","609.54M","-0.01%"
"07/04/1996","785.43","790.28","794.85","774.07","602.16M","-0.09%"
"07/03/1996","786.13","767.11","786.16","766.43","527.01M","3.48%"
"07/02/1996","759.71","758.47","766.07","753.64","350.15M","-0.19%"
"07/01/1996","761.12","800.91","801.05","755.32","567.95M","-5.36%"
"06/28/1996","804.25","809.60","811.88","798.04","415.89M","-0.27%"
"06/27/1996","806.46","811.51","819.84","801.74","552.59M","0.62%"
"06/26/1996","801.46","782.15","802.04","782.15","374.81M","2.67%"
"06/25/1996","780.65","764.66","788.69","762.13","344.43M","-1.60%"
"06/24/1996","793.34","797.87","799.03","789.09","326.20M","-0.35%"
"06/21/1996","796.11","797.90","806.10","793.42","359.62M","0.32%"
"06/20/1996","793.59","788.92","802.61","783.47","378.47M","-0.42%"
"06/19/1996","796.91","801.10","814.20","787.37","701.87M","0.42%"
"06/18/1996","793.56","749.30","793.60","748.56","497.57M","5.53%"
"06/17/1996","752.00","779.71","780.35","750.04","532.82M","-3.25%"
"06/14/1996","777.27","781.98","790.32","772.39","960.30M","1.12%"
"06/13/1996","768.68","758.22","769.30","745.53","636.72M","1.71%"
"06/12/1996","755.77","761.38","774.01","751.34","760.53M","0.47%"
"06/11/1996","752.26","765.33","765.35","742.40","733.94M","-1.59%"
"06/10/1996","764.39","740.11","764.63","736.99","994.49M","5.09%"
"06/07/1996","727.34","720.44","739.44","716.54","1.03B","3.52%"
"06/06/1996","702.64","703.03","715.58","691.49","741.44M","0.81%"
"06/05/1996","696.97","654.78","696.97","654.04","567.52M","6.98%"
"06/04/1996","651.51","642.06","656.59","642.00","286.99M","1.63%"
"06/03/1996","641.09","643.96","652.52","636.46","268.38M","-0.40%"
"05/31/1996","643.65","633.92","653.22","632.22","223.58M","1.15%"
"05/30/1996","636.36","650.61","650.89","634.02","152.28M","-2.18%"
"05/29/1996","650.55","648.55","652.28","646.84","132.73M","0.56%"
"05/28/1996","646.91","638.57","647.06","638.18","182.86M","1.40%"
"05/27/1996","637.96","639.51","642.11","635.02","111.23M","-0.29%"
"05/24/1996","639.80","638.76","644.92","630.42","232.62M","-0.45%"
"05/23/1996","642.67","668.70","670.25","641.57","298.57M","-3.88%"
"05/22/1996","668.62","658.15","672.61","657.43","329.47M","1.02%"
"05/21/1996","661.85","701.96","707.06","660.93","417.76M","-5.86%"
"05/20/1996","703.08","719.19","725.16","699.37","579.98M","-1.24%"
"05/17/1996","711.93","685.21","712.05","682.41","405.41M","4.22%"
"05/16/1996","683.08","687.52","698.37","682.28","548.35M","0.15%"
"05/15/1996","682.05","665.75","682.05","664.99","260.23M","2.50%"
"05/14/1996","665.42","668.58","672.31","663.35","262.35M","-0.10%"
"05/13/1996","666.11","666.56","672.61","663.91","353.92M","0.70%"
"05/10/1996","661.47","656.33","661.47","648.04","222.51M","0.70%"
"05/09/1996","656.90","661.27","669.76","654.96","267.25M","-0.66%"
"05/08/1996","661.26","659.70","666.83","653.22","311.92M","0.02%"
"05/07/1996","661.16","677.45","682.53","659.98","493.37M","-1.51%"
"05/06/1996","671.28","648.23","672.66","648.23","576.65M","3.27%"
"05/03/1996","650.04","653.68","660.23","644.93","296.08M","-0.67%"
"05/02/1996","654.43","715.98","721.22","652.79","517.90M","-3.92%"
"04/30/1996","681.16","728.39","738.51","678.73","723.56M","-7.78%"
"04/29/1996","738.62","688.74","739.16","688.74","878.02M","4.38%"
"04/26/1996","707.61","652.63","714.69","652.63","1.01B","8.42%"
"04/25/1996","652.67","683.64","686.22","650.63","668.92M","-1.80%"
"04/24/1996","664.65","633.80","664.65","633.80","718.46M","6.56%"
"04/23/1996","623.76","611.37","623.76","609.99","288.16M","1.59%"
"04/22/1996","613.97","624.93","627.75","613.97","531.22M","-0.67%"
"04/19/1996","618.12","602.15","618.39","602.13","412.33M","2.97%"
"04/18/1996","600.28","592.81","600.29","589.80","165.68M","1.16%"
"04/17/1996","593.38","594.16","597.74","591.91","174.05M","0.43%"
"04/16/1996","590.85","584.27","591.41","584.23","135.07M","1.06%"
"04/15/1996","584.67","585.95","587.92","583.31","82.79M","-0.39%"
"04/12/1996","586.96","583.38","593.70","583.38","154.85M","0.61%"
"04/11/1996","583.38","579.82","583.38","576.99","99.86M","0.61%"
"04/10/1996","579.82","578.07","582.24","577.73","100.46M","0.30%"
"04/09/1996","578.07","580.63","580.91","576.62","85.93M","-0.57%"
"04/08/1996","581.38","583.63","587.57","578.31","189.94M","-0.20%"
"04/05/1996","582.53","563.67","584.03","563.67","115.72M","3.43%"
"04/04/1996","563.19","561.18","564.46","559.82","53.69M","0.39%"
"04/03/1996","560.98","557.56","562.28","556.28","48.42M","0.68%"
"04/02/1996","557.21","564.94","564.98","556.99","67.61M","-1.59%"
"04/01/1996","566.19","566.21","573.95","562.04","137.17M","1.76%"
"03/29/1996","556.39","553.79","557.31","549.70","84.69M","0.43%"
"03/28/1996","554.03","562.31","562.42","553.87","106.07M","-1.48%"
"03/27/1996","562.35","562.73","562.93","557.33","68.45M","-0.21%"
"03/26/1996","563.52","570.24","570.73","563.00","89.05M","-1.18%"
"03/25/1996","570.24","570.76","572.70","569.39","96.24M","0.01%"
"03/22/1996","570.18","569.50","571.33","566.52","88.49M","0.08%"
"03/21/1996","569.75","570.21","574.00","569.35","111.85M","0.02%"
"03/20/1996","569.66","566.28","570.42","566.27","80.31M","0.55%"
"03/19/1996","566.55","567.87","571.10","565.34","76.33M","-0.23%"
"03/18/1996","567.87","561.81","567.96","561.10","98.07M","0.97%"
"03/15/1996","562.39","561.43","563.50","557.54","59.78M","0.02%"
"03/14/1996","562.30","562.98","564.66","561.57","59.27M","-0.16%"
"03/13/1996","563.20","563.88","566.13","561.12","66.17M","-0.12%"
"03/12/1996","563.88","566.29","566.29","556.41","116.62M","-0.75%"
"03/11/1996","568.12","574.19","575.45","565.52","115.72M","-0.87%"
"03/08/1996","573.13","566.89","574.66","559.21","133.44M","0.67%"
"03/07/1996","569.33","558.12","569.33","558.04","114.84M","1.72%"
"03/06/1996","559.70","587.06","587.06","558.68","251.43M","-4.66%"
"03/05/1996","587.06","600.45","606.37","582.73","428.97M","-2.48%"
"03/04/1996","602.02","580.03","602.02","572.54","448.09M","8.88%"
"02/16/1996","552.93","537.13","553.76","537.13","187.06M","2.97%"
"02/15/1996","536.98","529.33","538.36","528.52","83.10M","1.46%"
"02/14/1996","529.25","530.09","534.18","528.70","49.79M","-0.06%"
"02/13/1996","529.58","525.14","530.75","524.96","47.18M","0.72%"
"02/12/1996","525.77","525.41","525.77","522.18","36.46M","0.07%"
"02/09/1996","525.41","522.00","525.42","521.14","32.97M","0.68%"
"02/08/1996","521.86","523.74","524.64","521.16","37.87M","-0.46%"
"02/07/1996","524.29","520.37","524.62","519.79","67.36M","0.69%"
"02/06/1996","520.69","520.08","522.58","518.25","77.62M","-0.41%"
"02/05/1996","522.85","537.23","537.23","522.57","122.09M","-2.46%"
"02/02/1996","536.04","536.68","536.68","528.58","99.31M","-0.12%"
"02/01/1996","536.68","536.24","537.16","532.67","96.22M","-0.12%"
"01/31/1996","537.35","531.45","538.05","530.12","196.47M","0.90%"
"01/30/1996","532.57","531.30","532.63","525.60","115.38M","0.65%"
"01/29/1996","529.14","526.20","530.10","525.47","109.83M","0.68%"
"01/26/1996","525.57","516.44","527.08","515.45","96.73M","0.81%"
"01/25/1996","521.37","522.63","538.99","520.82","230.73M","-0.24%"
"01/24/1996","522.63","519.94","524.33","519.93","78.00M","0.58%"
"01/23/1996","519.60","515.48","522.39","515.48","55.63M","0.61%"
"01/22/1996","516.46","520.95","521.00","514.21","68.26M","-1.34%"
"01/19/1996","523.50","515.00","523.64","512.82","86.39M","1.13%"
"01/18/1996","517.63","533.37","533.37","517.30","12.68M","-3.66%"
"01/17/1996","537.31","546.21","548.57","535.24","98.12M","-1.91%"
"01/16/1996","547.76","551.82","554.85","545.50","85.29M","-0.60%"
"01/15/1996","551.04","545.05","551.95","543.85","91.94M","0.72%"
"01/12/1996","547.11","545.23","549.80","541.67","96.74M","0.27%"
"01/11/1996","545.64","547.46","552.54","543.18","115.77M","-0.36%"
"01/10/1996","547.62","552.30","552.31","540.59","153.15M","-1.97%"
"01/09/1996","558.62","539.16","559.38","539.16","189.47M","3.61%"
"01/08/1996","539.16","533.56","539.91","527.87","69.62M","0.52%"
"01/05/1996","536.37","559.02","561.37","536.12","138.64M","-4.01%"
"01/04/1996","558.76","541.94","558.93","539.87","110.59M","3.01%"
"01/03/1996","542.42","535.23","542.75","530.79","55.62M","0.85%"
"01/02/1996","537.87","550.25","550.25","537.48","48.25M","-3.14%"
"12/29/1995","555.29","555.74","561.61","552.86","82.23M","-0.27%"
"12/28/1995","556.82","568.77","569.18","556.01","80.94M","-2.38%"
"12/27/1995","570.40","571.69","573.89","562.34","80.91M","-0.32%"
"12/26/1995","572.22","578.79","580.38","571.49","54.90M","-1.35%"
"12/25/1995","580.03","590.75","590.75","579.27","70.98M","-2.39%"
"12/22/1995","594.24","596.26","599.69","591.47","69.69M","-0.53%"
"12/21/1995","597.43","601.90","606.64","597.01","95.77M","-0.60%"
"12/20/1995","601.04","593.51","601.04","593.51","66.59M","1.52%"
"12/19/1995","592.05","592.72","596.35","590.92","63.90M","-0.02%"
"12/18/1995","592.14","600.66","600.66","591.17","-","-1.95%"
"12/15/1995","603.89","612.59","612.60","601.23","99.37M","-1.77%"
"12/14/1995","614.75","613.07","617.83","611.51","76.64M","0.15%"
"12/13/1995","613.80","629.84","631.14","613.25","143.35M","-2.49%"
"12/12/1995","629.45","619.25","633.85","605.13","147.65M","1.65%"
"12/11/1995","619.25","636.82","639.26","618.04","113.77M","-2.75%"
"12/08/1995","636.78","631.95","641.68","631.88","145.62M","0.78%"
"12/07/1995","631.84","628.62","632.37","627.06","50.08M","0.54%"
"12/06/1995","628.43","637.22","637.30","627.83","64.13M","-1.38%"
"12/05/1995","637.22","636.43","638.72","635.59","46.02M","0.36%"
"12/04/1995","634.92","632.72","635.73","632.26","41.22M","0.18%"
"12/01/1995","633.81","631.55","639.46","625.13","92.20M","-1.14%"
"11/30/1995","641.13","639.51","652.41","632.02","92.36M","-0.07%"
"11/29/1995","641.59","652.10","652.10","640.49","73.24M","-1.68%"
"11/28/1995","652.57","643.73","652.57","638.30","95.97M","1.17%"
"11/27/1995","645.03","658.09","658.31","644.66","85.66M","-2.17%"
"11/24/1995","659.37","658.37","662.05","654.08","76.36M","0.15%"
"11/23/1995","658.37","663.32","664.86","657.63","101.74M","-0.75%"
"11/22/1995","663.32","678.42","679.39","662.92","91.50M","-2.23%"
"11/21/1995","678.42","675.18","678.86","675.18","78.16M","0.55%"
"11/20/1995","674.74","671.80","677.01","668.66","99.00M","-0.21%"
"11/17/1995","676.19","680.08","682.23","675.26","123.33M","-0.92%"
"11/16/1995","682.44","690.77","691.05","681.36","148.33M","-1.41%"
"11/15/1995","692.20","688.50","692.20","680.73","170.55M","0.48%"
"11/14/1995","688.87","687.07","691.24","684.50","129.03M","0.02%"
"11/13/1995","688.70","705.89","705.90","686.44","168.17M","-2.83%"
"11/10/1995","708.75","710.75","712.16","708.17","132.86M","-0.34%"
"11/09/1995","711.20","708.58","714.48","700.86","205.11M","-0.06%"
"11/08/1995","711.61","729.69","729.69","708.55","255.34M","-2.48%"
"11/07/1995","729.69","736.90","736.90","728.60","203.45M","-0.88%"
"11/06/1995","736.15","729.03","736.15","729.03","247.75M","1.15%"
"11/03/1995","727.78","720.78","727.78","720.78","192.16M","0.84%"
"11/02/1995","721.70","723.96","728.27","719.20","205.04M","-0.23%"
"11/01/1995","723.39","716.46","727.41","712.51","303.57M","0.85%"
"10/31/1995","717.31","723.43","726.32","715.46","273.36M","-0.76%"
"10/30/1995","722.78","722.86","724.54","719.27","251.33M","0.06%"
"10/27/1995","722.37","730.96","735.04","721.31","357.93M","-1.24%"
"10/26/1995","731.46","757.12","759.76","731.41","637.76M","-3.81%"
"10/25/1995","760.41","765.22","765.22","740.77","804.64M","5.09%"
"10/24/1995","723.57","724.79","727.35","720.27","311.61M","0.07%"
"10/23/1995","723.09","729.77","729.77","718.42","387.80M","-0.44%"
"10/20/1995","726.29","700.32","726.29","697.47","322.12M","3.34%"
"10/19/1995","702.79","716.83","720.59","700.56","752.72M","-1.96%"
"10/18/1995","716.83","705.72","716.83","705.72","427.31M","2.05%"
"10/17/1995","702.40","700.85","705.51","698.45","188.83M","0.15%"
"10/16/1995","701.34","702.13","706.28","696.81","259.20M","-0.23%"
"10/13/1995","702.98","702.48","711.48","693.81","392.92M","-0.20%"
"10/12/1995","704.40","713.25","714.71","703.88","548.72M","-0.91%"
"10/11/1995","710.89","705.56","710.89","700.69","413.92M","0.32%"
"10/10/1995","708.63","704.55","720.22","703.51","399.52M","0.33%"
"10/09/1995","706.29","717.99","717.99","704.39","234.58M","-1.90%"
"10/06/1995","719.96","725.45","729.36","718.91","232.34M","-0.68%"
"10/05/1995","724.88","717.79","724.88","715.68","102.04M","0.99%"
"10/04/1995","717.79","724.03","725.19","716.15","122.20M","-0.64%"
"09/29/1995","722.43","711.91","722.43","711.91","192.21M","1.58%"
"09/28/1995","711.19","705.03","711.19","699.11","206.89M","0.39%"
"09/27/1995","708.46","727.46","728.30","707.43","260.97M","-2.80%"
"09/26/1995","728.86","723.22","729.26","721.90","102.29M","0.76%"
"09/25/1995","723.34","730.00","730.00","717.56","121.08M","-0.91%"
"09/22/1995","730.01","731.17","733.76","727.45","107.48M","-0.16%"
"09/21/1995","731.17","726.32","731.69","726.32","136.70M","0.69%"
"09/20/1995","726.14","730.27","731.26","720.97","202.77M","-1.44%"
"09/19/1995","736.74","761.16","762.01","735.34","315.41M","-2.73%"
"09/18/1995","757.40","757.98","758.12","751.42","241.80M","0.19%"
"09/15/1995","755.93","756.65","757.79","749.97","269.18M","-0.29%"
"09/14/1995","758.13","765.14","765.91","754.65","429.93M","-0.66%"
"09/13/1995","763.18","764.91","767.08","755.19","342.60M","-0.07%"
"09/12/1995","763.69","775.44","792.04","760.83","461.11M","-1.52%"
"09/11/1995","775.44","756.68","775.44","755.65","421.38M","3.24%"
"09/08/1995","751.08","753.28","757.94","747.50","305.15M","-0.37%"
"09/07/1995","753.84","758.29","766.00","753.58","619.02M","0.01%"
"09/06/1995","753.75","738.99","754.48","738.59","381.75M","1.92%"
"09/05/1995","739.53","743.21","751.65","736.25","269.86M","0.22%"
"09/04/1995","737.89","731.41","737.89","729.10","286.59M","1.24%"
"09/01/1995","728.84","726.05","728.85","721.02","203.65M","0.69%"
"08/31/1995","723.87","715.56","723.87","711.17","188.23M","1.14%"
"08/30/1995","715.73","721.74","725.57","714.18","179.38M","-0.88%"
"08/29/1995","722.08","728.10","741.53","719.95","256.82M","-0.49%"
"08/28/1995","725.62","724.11","728.48","723.08","147.88M","-0.27%"
"08/25/1995","727.58","733.18","734.19","724.23","220.73M","-0.85%"
"08/24/1995","733.85","728.76","735.16","718.13","259.63M","0.54%"
"08/23/1995","729.89","741.72","744.39","725.04","251.58M","-1.35%"
"08/22/1995","739.85","738.94","742.70","734.58","243.09M","0.11%"
"08/21/1995","739.06","748.87","755.35","735.08","411.31M","-2.43%"
"08/18/1995","757.43","772.57","772.86","753.52","495.35M","-1.56%"
"08/17/1995","769.45","777.02","782.73","763.20","696.71M","0.23%"
"08/16/1995","767.66","757.80","767.87","756.42","780.02M","2.15%"
"08/15/1995","751.48","773.73","773.73","749.67","727.86M","-3.18%"
"08/14/1995","776.13","759.12","788.28","753.20","183.52M","4.18%"
"08/11/1995","744.99","736.63","749.07","734.63","905.94M","1.34%"
"08/10/1995","735.14","718.75","741.35","714.87","855.84M","2.47%"
"08/09/1995","717.40","711.79","716.20","705.07","362.32M","0.68%"
"08/08/1995","712.53","724.79","728.07","709.34","356.62M","-0.77%"
"08/07/1995","718.08","708.74","718.08","708.74","268.90M","1.17%"
"08/04/1995","709.80","703.44","712.34","703.44","257.03M","0.90%"
"08/03/1995","703.44","699.40","706.53","698.72","181.71M","0.49%"
"08/02/1995","699.99","721.14","733.00","699.96","454.48M","-2.15%"
"08/01/1995","715.40","697.22","717.85","688.65","319.42M","2.85%"
"07/31/1995","695.55","699.60","701.91","692.68","232.41M","0.02%"
"07/28/1995","695.42","699.85","702.61","692.81","323.09M","-0.33%"
"07/27/1995","697.72","686.90","697.72","686.90","224.70M","0.96%"
"07/26/1995","691.11","703.29","712.69","690.79","370.54M","-1.77%"
"07/25/1995","703.58","709.72","712.08","699.46","467.74M","-0.89%"
"07/24/1995","709.92","699.84","716.07","699.84","858.24M","2.36%"
"07/21/1995","693.56","690.30","699.03","686.74","287.60M","0.47%"
"07/20/1995","690.30","686.56","696.87","681.38","276.32M","-0.10%"
"07/19/1995","690.98","715.40","723.37","689.12","669.83M","-3.42%"
"07/18/1995","715.47","693.96","715.47","686.06","669.30M","2.88%"
"07/17/1995","695.45","651.95","700.61","651.67","461.88M","6.53%"
"07/14/1995","652.80","656.31","662.39","652.45","176.64M","-0.53%"
"07/13/1995","656.31","648.91","656.31","648.91","158.82M","1.14%"
"07/12/1995","648.91","649.19","652.82","645.85","113.43M","-0.04%"
"07/11/1995","649.19","668.75","669.86","648.82","224.60M","-2.56%"
"07/10/1995","666.24","669.07","670.52","659.89","340.95M","-0.08%"
"07/07/1995","666.78","636.02","666.78","636.02","306.61M","4.55%"
"07/06/1995","637.76","636.02","650.58","631.33","204.09M","0.27%"
"07/05/1995","636.02","624.02","637.35","623.99","115.74M","2.48%"
"07/04/1995","620.62","612.24","620.64","610.74","90.84M","1.21%"
"07/03/1995","613.18","623.13","623.13","613.02","126.03M","-2.76%"
"06/30/1995","630.58","641.60","641.60","625.95","191.77M","-2.07%"
"06/29/1995","643.92","647.64","650.28","641.57","79.95M","-0.57%"
"06/28/1995","647.64","649.28","649.41","643.59","79.21M","-0.35%"
"06/27/1995","649.93","652.95","659.72","648.88","138.61M","-0.53%"
"06/26/1995","653.40","650.91","654.71","647.80","82.06M","0.50%"
"06/23/1995","650.14","643.41","650.83","643.41","85.59M","0.88%"
"06/22/1995","644.47","651.73","653.92","642.58","106.36M","-1.13%"
"06/21/1995","651.81","640.24","651.81","640.24","85.90M","1.74%"
"06/20/1995","640.65","638.96","647.32","638.96","77.95M","0.26%"
"06/19/1995","638.96","637.57","641.65","634.91","71.41M","-1.17%"
"06/16/1995","646.54","646.85","655.01","636.24","98.29M","-0.05%"
"06/15/1995","646.85","685.45","685.45","640.55","231.71M","-6.15%"
"06/14/1995","689.22","698.94","701.73","684.88","110.36M","-1.39%"
"06/13/1995","698.94","698.72","703.04","696.83","118.84M","0.03%"
"06/12/1995","698.72","696.65","701.89","690.43","194.42M","-0.56%"
"06/09/1995","702.62","695.93","709.06","695.65","133.75M","0.96%"
"06/08/1995","695.93","716.45","722.20","693.49","214.32M","-2.86%"
"06/07/1995","716.45","688.59","716.54","686.90","80.33M","3.96%"
"06/06/1995","689.13","678.37","690.66","675.79","68.30M","-0.36%"
"06/05/1995","691.64","716.69","718.28","691.49","118.70M","-3.51%"
"06/02/1995","716.82","708.57","722.28","708.57","113.21M","1.15%"
"06/01/1995","708.67","703.72","708.67","702.08","90.70M","1.16%"
"05/31/1995","700.51","710.75","710.75","690.70","81.57M","-1.48%"
"05/30/1995","711.00","712.26","725.71","704.52","126.92M","0.06%"
"05/29/1995","710.59","717.38","718.49","698.76","114.12M","-2.34%"
"05/26/1995","727.62","696.84","782.39","672.35","390.13M","4.42%"
"05/25/1995","696.84","742.57","748.17","696.84","252.52M","-6.08%"
"05/24/1995","741.93","761.16","769.52","720.95","338.16M","-1.12%"
"05/23/1995","750.30","791.74","833.69","749.83","840.92M","-16.39%"
"05/22/1995","897.42","919.75","926.41","870.79","1.21B","4.86%"
"05/19/1995","855.81","768.82","855.81","761.38","980.02M","12.09%"
"05/18/1995","763.51","741.81","770.82","682.01","1.01B","30.99%"
"05/17/1995","582.88","578.84","582.96","577.15","15.12M","0.70%"
"05/16/1995","578.85","581.77","584.41","578.19","22.33M","-0.55%"
"05/15/1995","582.04","583.97","583.97","578.64","30.41M","-0.48%"
"05/12/1995","584.84","567.89","593.26","567.89","106.45M","2.95%"
"05/11/1995","568.06","572.06","572.12","566.42","19.22M","0.52%"
"05/10/1995","565.14","577.75","580.70","564.86","33.19M","-2.31%"
"05/09/1995","578.50","572.10","579.55","572.10","24.33M","1.22%"
"05/08/1995","571.51","573.12","574.99","568.70","30.02M","-0.46%"
"05/05/1995","574.17","569.52","577.46","569.52","41.88M","0.52%"
"05/04/1995","571.20","578.08","578.08","568.13","48.05M","-1.58%"
"05/03/1995","580.38","579.05","586.23","579.05","48.25M","0.23%"
"05/02/1995","579.05","577.95","580.28","575.02","79.25M","-0.15%"
"04/28/1995","579.93","577.43","582.04","572.40","58.22M","1.16%"
"04/27/1995","573.30","601.81","601.81","548.75","123.66M","-4.74%"
"04/26/1995","601.83","621.12","622.89","601.78","94.14M","-2.91%"
"04/25/1995","619.84","617.01","621.53","615.39","42.93M","0.02%"
"04/24/1995","619.73","637.82","637.82","618.12","97.71M","-2.56%"
"04/21/1995","635.99","646.90","649.17","635.71","134.06M","-1.43%"
"04/20/1995","645.20","631.50","645.24","631.50","109.24M","2.17%"
"04/19/1995","631.50","626.36","631.59","626.36","70.81M","0.96%"
"04/18/1995","625.52","631.26","634.08","625.16","57.64M","-0.91%"
"04/17/1995","631.26","640.11","642.79","628.66","51.85M","-1.37%"
"04/14/1995","640.04","630.72","640.52","627.02","102.21M","1.15%"
"04/13/1995","632.76","647.21","650.98","632.76","143.62M","-1.86%"
"04/12/1995","644.74","633.81","649.21","632.72","161.98M","0.57%"
"04/11/1995","641.08","661.01","664.81","640.58","354.15M","-3.94%"
"04/10/1995","667.39","673.70","680.73","665.39","264.62M","-0.94%"
"04/07/1995","673.72","663.45","677.52","662.78","220.05M","2.22%"
"04/06/1995","659.06","645.14","659.06","641.84","121.62M","1.44%"
"04/05/1995","649.70","658.45","664.90","649.65","139.26M","-1.58%"
"04/04/1995","660.16","652.43","660.73","650.88","132.76M","0.53%"
"04/03/1995","656.65","650.98","660.53","647.45","1.29B","1.51%"
"03/31/1995","646.91","629.93","647.77","627.27","120.08M","2.53%"
"03/30/1995","630.93","641.36","644.71","630.28","164.87M","-0.97%"
"03/29/1995","637.14","624.85","637.16","615.45","85.17M","1.69%"
"03/28/1995","626.54","625.57","631.81","624.45","102.58M","-0.45%"
"03/27/1995","629.36","619.35","631.65","619.35","149.41M","2.88%"
"03/24/1995","611.77","609.90","613.59","600.54","73.58M","0.10%"
"03/23/1995","611.13","617.55","620.22","609.24","137.59M","-0.42%"
"03/22/1995","613.70","591.95","613.70","591.95","102.63M","3.67%"
"03/21/1995","591.95","581.79","593.08","581.43","40.67M","1.11%"
"03/20/1995","585.45","593.52","604.95","585.35","89.51M","-1.36%"
"03/17/1995","593.52","579.62","593.83","577.96","79.82M","2.35%"
"03/16/1995","579.88","570.51","579.94","569.18","49.51M","1.27%"
"03/15/1995","572.60","588.24","591.48","568.64","66.87M","-2.66%"
"03/14/1995","588.24","586.23","599.80","586.21","71.95M","0.34%"
"03/13/1995","586.23","596.65","596.99","583.39","55.92M","-0.01%"
"03/10/1995","586.29","605.59","605.59","583.74","92.83M","-3.19%"
"03/09/1995","605.59","620.81","624.20","604.93","162.39M","-2.45%"
"03/08/1995","620.81","632.96","638.98","616.85","215.34M","-1.92%"
"03/07/1995","632.96","614.74","635.01","597.45","251.38M","2.70%"
"03/06/1995","616.30","577.22","616.47","577.22","158.26M","6.77%"
"03/03/1995","577.22","562.30","580.27","562.30","88.18M","2.92%"
"03/02/1995","560.85","557.50","564.64","553.58","36.50M","0.70%"
"03/01/1995","556.96","548.91","559.48","545.74","29.81M","1.40%"
"02/28/1995","549.26","558.42","558.42","544.06","33.98M","-2.14%"
"02/27/1995","561.27","584.02","590.88","559.08","74.00M","0.51%"
"02/24/1995","558.43","591.91","594.66","555.41","87.92M","-5.21%"
"02/23/1995","589.13","584.50","608.25","573.41","133.66M","-0.92%"
"02/22/1995","594.63","541.21","594.64","541.21","96.52M","9.88%"
"02/21/1995","541.14","536.08","541.14","535.99","11.71M","1.16%"
"02/20/1995","534.96","533.76","540.85","533.76","12.63M","0.22%"
"02/17/1995","533.76","537.87","537.99","532.67","38.57M","-0.86%"
"02/16/1995","538.37","542.26","542.83","537.21","13.64M","-0.82%"
"02/15/1995","542.84","547.83","548.53","542.51","11.40M","-0.96%"
"02/14/1995","548.11","549.76","552.35","542.18","15.06M","-0.13%"
"02/13/1995","548.84","541.37","550.21","537.11","19.70M","1.38%"
"02/10/1995","541.37","548.77","558.90","540.64","32.88M","-2.17%"
"02/09/1995","553.36","536.06","553.38","536.06","25.05M","3.67%"
"02/08/1995","533.75","533.09","537.55","531.21","11.40M","0.24%"
"02/07/1995","532.49","532.11","536.62","524.43","13.05M","-0.23%"
"02/06/1995","533.72","559.78","559.78","532.93","17.00M","-5.13%"
"01/27/1995","562.59","552.96","564.52","552.95","23.12M","1.71%"
"01/26/1995","553.11","553.89","555.24","551.66","18.28M","-0.48%"
"01/25/1995","555.77","550.27","558.44","550.27","24.13M","1.50%"
"01/24/1995","547.57","552.77","559.31","547.39","24.85M","-1.06%"
"01/23/1995","553.46","571.24","571.24","553.14","19.91M","-3.11%"
"01/20/1995","571.24","566.80","578.52","559.68","27.00M","-0.08%"
"01/19/1995","571.72","592.24","593.05","571.43","23.82M","-3.69%"
"01/18/1995","593.64","587.94","593.65","587.08","17.70M","0.97%"
"01/17/1995","587.94","593.05","594.90","586.60","20.35M","-0.15%"
"01/16/1995","588.85","591.06","591.33","584.88","26.30M","-1.50%"
"01/13/1995","597.84","597.32","601.07","593.87","29.22M","-0.71%"
"01/12/1995","602.12","612.80","615.44","601.20","24.24M","-1.80%"
"01/11/1995","613.13","610.30","615.23","606.92","24.50M","0.46%"
"01/10/1995","610.30","626.00","626.00","607.06","45.05M","-2.51%"
"01/09/1995","626.00","637.52","637.52","625.03","39.85M","-2.30%"
"01/06/1995","640.76","642.74","643.83","636.34","35.38M","-0.95%"
"01/05/1995","646.89","653.81","657.45","645.82","30.15M","-1.06%"
"01/04/1995","653.81","641.89","655.49","639.62","30.69M","2.18%"
"01/03/1995","639.88","637.73","647.54","630.52","18.07M","-1.23%"
"12/30/1994","647.87","648.05","651.30","643.09","54.34M","0.44%"
"12/29/1994","645.06","649.59","658.25","642.29","78.13M","-0.70%"
"12/28/1994","649.59","660.88","662.94","648.30","81.19M","-1.71%"
"12/27/1994","660.88","675.88","681.10","660.15","146.91M","-2.22%"
"12/26/1994","675.88","684.81","688.52","674.97","150.80M","-0.29%"
"12/23/1994","677.84","673.95","695.22","673.95","326.80M","0.65%"
"12/22/1994","673.48","672.47","676.02","658.19","172.55M","0.15%"
"12/21/1994","672.47","667.94","691.65","665.79","262.56M","0.68%"
"12/20/1994","667.94","660.25","674.64","654.88","127.25M","2.23%"
"12/19/1994","653.37","684.62","685.30","653.30","87.22M","-3.95%"
"12/16/1994","680.23","661.37","693.59","658.20","190.01M","2.03%"
"12/15/1994","666.68","626.44","669.28","626.44","82.44M","6.63%"
"12/14/1994","625.21","633.04","633.04","624.43","21.80M","-1.80%"
"12/13/1994","636.66","632.69","639.88","621.80","33.33M","2.61%"
"12/12/1994","620.47","640.52","640.52","620.46","22.91M","-3.15%"
"12/09/1994","640.67","639.75","647.48","636.02","27.64M","-0.50%"
"12/08/1994","643.86","652.85","654.63","643.28","18.95M","-1.38%"
"12/07/1994","652.85","653.98","658.51","651.39","18.24M","-0.17%"
"12/06/1994","653.98","657.00","658.22","648.75","31.00M","-1.38%"
"12/05/1994","663.13","677.82","677.82","662.78","27.54M","-2.18%"
"12/02/1994","677.91","685.24","685.33","677.58","65.04M","-0.64%"
"12/01/1994","682.30","683.38","684.72","679.99","20.85M","-0.19%"
"11/30/1994","683.59","687.03","689.96","682.81","35.10M","-0.58%"
"11/29/1994","687.55","671.70","687.57","671.04","31.59M","0.89%"
"11/28/1994","681.49","683.83","683.83","677.97","23.03M","-0.56%"
"11/25/1994","685.33","690.04","694.97","684.09","60.33M","1.08%"
"11/24/1994","678.02","674.83","683.96","674.80","-","-0.23%"
"11/23/1994","679.61","692.39","692.39","676.49","-","-1.85%"
"11/22/1994","692.39","702.04","705.20","690.51","-","-0.96%"
"11/21/1994","699.10","695.75","703.59","694.00","-","0.04%"
"11/18/1994","698.81","697.17","698.85","685.69","-","0.24%"
"11/17/1994","697.17","707.15","709.75","696.92","-","-1.34%"
"11/16/1994","706.63","704.93","712.33","694.22","-","0.17%"
"11/15/1994","705.43","717.36","724.30","705.40","-","-3.81%"
"11/14/1994","733.40","735.19","739.46","725.84","-","0.31%"
"11/11/1994","731.16","719.69","731.17","708.07","-","2.74%"
"11/10/1994","711.68","739.58","741.86","710.30","-","-1.69%"
"11/09/1994","723.91","691.98","724.73","691.26","-","2.00%"
"11/08/1994","709.69","707.27","735.23","698.14","-","5.19%"
"11/07/1994","674.68","649.59","678.46","648.68","-","1.18%"
"11/04/1994","666.78","718.99","718.99","664.95","-","-7.05%"
"11/03/1994","717.36","675.32","722.39","675.32","-","7.41%"
"11/02/1994","667.87","667.14","672.12","663.82","-","-0.88%"
"11/01/1994","673.79","664.56","675.63","657.46","-","2.87%"
"10/31/1994","654.98","648.24","664.93","643.63","-","-3.31%"
"10/28/1994","677.40","691.51","702.61","676.20","-","-3.73%"
"10/27/1994","703.67","682.02","703.72","678.39","-","2.53%"
"10/26/1994","686.31","727.95","730.69","683.56","-","-7.81%"
"10/25/1994","744.49","785.85","794.58","738.36","-","-5.26%"
"10/24/1994","785.85","741.05","785.90","735.04","-","10.26%"
"10/21/1994","712.71","730.97","746.56","706.28","-","-0.87%"
"10/20/1994","718.99","674.89","719.00","674.89","-","10.12%"
"10/19/1994","652.89","631.34","653.77","631.34","-","4.54%"
"10/18/1994","624.52","625.50","629.61","619.14","-","1.33%"
"10/17/1994","616.34","663.75","663.75","615.84","-","-7.14%"
"10/14/1994","663.75","608.06","666.81","593.52","-","4.47%"
"10/13/1994","635.38","708.70","708.70","634.68","-","-10.64%"
"10/12/1994","711.01","712.39","725.48","706.50","-","0.84%"
"10/11/1994","705.07","711.80","721.42","700.14","-","0.88%"
"10/10/1994","698.93","678.01","727.51","667.73","-","-5.30%"
"10/07/1994","738.03","638.32","759.67","547.26","-","11.74%"
"10/06/1994","660.50","731.64","735.02","660.45","-","-6.50%"
"10/05/1994","706.42","791.11","791.11","682.17","-","-10.71%"
"09/30/1994","791.15","811.15","833.96","789.48","-","-5.74%"
"09/29/1994","839.37","921.82","922.01","823.36","-","-8.00%"
"09/28/1994","912.38","881.02","913.38","881.01","-","4.85%"
"09/27/1994","870.15","880.69","886.60","865.47","-","-1.20%"
"09/26/1994","880.69","856.17","884.06","844.27","-","1.50%"
"09/23/1994","867.65","908.75","912.84","866.37","-","-5.53%"
"09/22/1994","918.44","974.22","974.22","915.46","-","-5.22%"
"09/21/1994","969.02","928.76","969.04","928.76","-","5.97%"
"09/20/1994","914.39","922.79","933.07","897.91","-","-1.43%"
"09/19/1994","927.62","944.26","969.72","926.26","-","-5.25%"
"09/16/1994","978.99","983.19","992.38","954.09","-","0.66%"
"09/15/1994","972.54","986.32","990.74","930.95","-","-0.24%"
"09/14/1994","974.86","1,040.95","1,041.25","971.05","-","-5.67%"
"09/13/1994","1,033.47","1,035.84","1,052.25","1,025.62","-","1.32%"
"09/12/1994","1,019.97","962.53","1,023.24","962.53","-","5.97%"
"09/09/1994","962.53","972.84","997.51","950.83","-","-1.06%"
"09/08/1994","972.84","931.57","997.90","931.57","-","4.43%"
"09/07/1994","931.57","999.43","1,016.55","922.29","-","-7.30%"
"09/06/1994","1,004.92","940.62","1,007.34","936.97","-","6.84%"
"09/05/1994","940.62","830.18","940.62","830.18","-","13.30%"
"09/02/1994","830.18","796.70","830.19","796.69","-","5.06%"
"09/01/1994","790.19","785.33","812.98","756.60","-","0.62%"
"08/31/1994","785.33","771.24","787.09","761.42","-","3.85%"
"08/30/1994","756.20","719.92","762.54","718.73","-","6.41%"
"08/29/1994","710.68","712.93","716.09","706.88","-","0.46%"
"08/26/1994","707.41","728.95","733.76","706.43","-","-2.05%"
"08/25/1994","722.23","704.47","724.16","704.47","-","2.34%"
"08/24/1994","705.71","718.61","726.92","704.81","-","-1.25%"
"08/23/1994","714.61","692.60","714.66","673.44","-","4.81%"
"08/22/1994","681.80","681.32","697.34","669.47","-","-4.49%"
"08/19/1994","713.85","748.56","760.02","707.45","-","-4.64%"
"08/18/1994","748.56","734.84","772.46","726.32","-","3.24%"
"08/17/1994","725.04","693.06","725.07","693.03","-","4.62%"
"08/16/1994","693.02","664.45","713.91","664.45","-","4.08%"
"08/15/1994","665.88","689.66","690.75","654.91","-","-3.45%"
"08/12/1994","689.66","676.07","731.04","676.01","-","0.05%"
"08/11/1994","689.31","754.30","768.53","684.28","-","-6.79%"
"08/10/1994","739.56","635.27","739.67","597.56","-","19.00%"
"08/09/1994","621.50","705.44","705.44","608.69","-","-12.69%"
"08/08/1994","711.80","720.48","753.07","671.44","-","4.21%"
"08/05/1994","683.04","579.48","683.04","579.47","-","21.37%"
"08/04/1994","562.77","558.49","592.83","534.94","-","7.61%"
"08/03/1994","522.98","432.55","523.03","432.55","-","20.89%"
"08/02/1994","432.61","451.17","494.17","431.86","-","-2.92%"
"08/01/1994","445.64","394.87","448.00","378.24","-","33.46%"
"07/29/1994","333.92","335.63","338.81","325.92","-","-1.73%"
"07/28/1994","339.81","371.19","371.19","339.41","-","-8.45%"
"07/27/1994","371.19","388.75","391.83","369.63","-","-4.52%"
"07/26/1994","388.75","376.76","388.75","372.26","-","3.56%"
"07/25/1994","375.38","355.58","375.39","354.83","-","3.20%"
"07/22/1994","363.73","380.90","380.90","362.78","-","-4.51%"
"07/21/1994","380.90","390.94","390.98","380.73","-","-3.29%"
"07/20/1994","393.87","400.48","402.49","393.24","-","-1.65%"
"07/19/1994","400.48","398.96","403.44","393.07","-","0.38%"
"07/18/1994","398.96","413.93","413.93","397.46","-","-3.62%"
"07/15/1994","413.93","431.02","431.04","413.03","-","-4.14%"
"07/14/1994","431.80","437.62","440.55","431.39","-","-1.33%"
"07/13/1994","437.62","429.21","437.66","429.21","-","1.96%"
"07/12/1994","429.21","428.15","431.15","427.40","-","0.25%"
"07/11/1994","428.15","437.76","437.76","427.09","-","-2.20%"
"07/08/1994","437.76","426.24","437.82","425.91","-","2.77%"
"07/07/1994","425.98","428.29","430.57","423.03","-","-1.33%"
"07/06/1994","431.71","443.61","445.05","430.83","-","-2.68%"
"07/05/1994","443.61","437.64","443.87","436.22","-","1.15%"
"07/04/1994","438.58","458.37","458.37","438.49","-","-4.32%"
"07/01/1994","458.37","469.27","469.37","457.58","-","-2.33%"
"06/30/1994","469.29","466.34","470.73","458.78","-","0.23%"
"06/29/1994","468.20","472.48","475.39","467.01","-","-0.37%"
"06/28/1994","469.95","472.10","472.93","468.81","-","-0.46%"
"06/27/1994","472.10","491.80","491.80","471.06","-","-4.11%"
"06/24/1994","492.33","500.39","500.49","490.88","-","-1.61%"
"06/23/1994","500.39","505.18","507.80","498.60","-","-0.95%"
"06/22/1994","505.18","498.10","509.10","498.10","-","1.42%"
"06/21/1994","498.10","498.56","501.23","494.80","-","-0.86%"
"06/20/1994","502.43","527.85","530.80","500.64","-","-4.82%"
"06/17/1994","527.85","506.36","528.14","504.21","-","4.24%"
"06/16/1994","506.36","496.11","506.41","495.07","-","2.07%"
"06/15/1994","496.11","490.75","498.53","490.75","-","1.09%"
"06/14/1994","490.75","492.03","497.21","487.37","-","-0.26%"
"06/13/1994","492.03","514.54","514.54","492.03","-","-4.37%"
"06/10/1994","514.54","523.00","523.00","512.19","-","-1.62%"
"06/09/1994","523.00","533.55","536.87","521.24","-","-1.98%"
"06/08/1994","533.55","529.76","535.32","522.87","-","0.72%"
"06/07/1994","529.76","538.70","538.91","528.00","-","-2.43%"
"06/06/1994","542.96","548.67","549.53","541.02","-","-1.06%"
"06/03/1994","548.75","546.58","555.39","546.58","-","0.40%"
"06/02/1994","546.58","543.30","548.08","543.14","-","0.28%"
"06/01/1994","545.05","556.26","556.90","544.45","-","-2.02%"
"05/31/1994","556.26","545.81","556.27","541.66","-","2.20%"
"05/30/1994","544.26","572.95","572.95","543.69","-","-5.08%"
"05/27/1994","573.36","577.45","577.45","566.52","-","-0.71%"
"05/26/1994","577.45","586.76","587.13","576.06","-","-1.59%"
"05/25/1994","586.76","591.75","592.45","585.59","-","-0.62%"
"05/24/1994","590.45","587.17","590.46","586.68","-","0.48%"
"05/23/1994","587.65","594.59","597.01","586.43","-","-1.11%"
"05/20/1994","594.22","591.83","597.68","588.37","-","0.62%"
"05/19/1994","590.53","578.80","590.64","577.09","-","1.24%"
"05/18/1994","583.32","592.02","592.02","581.92","-","-1.47%"
"05/17/1994","592.05","592.30","594.81","589.65","-","-0.09%"
"05/16/1994","592.58","589.98","596.99","588.69","-","0.37%"
"05/13/1994","590.39","585.42","590.43","575.43","-","1.41%"
"05/12/1994","582.16","591.18","593.69","580.45","-","-1.53%"
"05/11/1994","591.18","595.38","606.72","590.60","-","-0.71%"
"05/10/1994","595.38","581.70","595.38","581.70","-","2.35%"
"05/09/1994","581.70","585.21","588.19","577.07","-","-0.70%"
"05/06/1994","585.80","590.92","592.54","575.45","-","-0.87%"
"05/05/1994","590.92","619.68","619.68","585.30","-","-4.64%"
"05/04/1994","619.68","605.77","620.76","605.77","-","2.30%"
"05/03/1994","605.77","591.39","605.78","589.20","-","2.23%"
"04/29/1994","592.56","599.63","610.14","585.91","-","-1.18%"
"04/28/1994","599.63","598.50","615.41","593.91","-","0.19%"
"04/27/1994","598.50","579.72","598.50","579.72","-","3.24%"
"04/26/1994","579.72","572.01","579.72","566.79","-","3.37%"
"04/25/1994","560.80","565.91","572.23","555.96","-","-0.93%"
"04/22/1994","566.07","582.43","598.80","563.76","-","-2.81%"
"04/21/1994","582.43","540.24","586.86","536.33","-","7.81%"
"04/20/1994","540.24","572.73","572.73","537.01","-","-5.67%"
"04/19/1994","572.73","604.15","604.15","572.07","-","-5.20%"
"04/18/1994","604.15","612.37","615.13","597.81","-","-3.61%"
"04/15/1994","626.79","636.08","636.08","592.84","-","-1.46%"
"04/14/1994","636.08","651.82","654.57","634.58","-","-3.15%"
"04/13/1994","656.78","665.61","674.23","655.20","-","-1.33%"
"04/12/1994","665.61","659.05","665.75","652.80","-","1.00%"
"04/11/1994","659.05","678.86","678.86","657.45","-","-2.92%"
"04/08/1994","678.86","677.31","680.48","675.42","-","0.23%"
"04/07/1994","677.31","679.74","684.41","674.87","-","-0.36%"
"04/06/1994","679.74","682.75","683.38","675.57","-","-0.43%"
"04/05/1994","682.70","695.03","698.05","681.62","-","-1.68%"
"04/04/1994","694.38","698.84","700.11","692.71","-","-0.64%"
"04/01/1994","698.84","704.46","704.92","691.86","-","-0.80%"
"03/31/1994","704.46","706.34","713.24","701.32","-","-0.27%"
"03/30/1994","706.34","706.91","713.99","704.31","-","-0.08%"
"03/29/1994","706.91","702.23","710.91","700.79","-","0.67%"
"03/28/1994","702.23","719.06","719.06","696.57","-","-2.34%"
"03/25/1994","719.06","724.28","736.79","714.92","-","-0.72%"
"03/24/1994","724.28","725.21","735.50","719.90","-","-0.13%"
"03/23/1994","725.21","739.38","740.28","723.89","-","-0.88%"
"03/21/1994","731.62","755.86","757.55","731.05","-","-4.43%"
"03/18/1994","765.55","776.94","781.50","752.72","-","-1.47%"
"03/17/1994","776.94","806.41","806.41","776.94","-","0.54%"
"03/15/1994","772.76","800.76","800.76","772.76","-","-1.99%"
"03/14/1994","788.43","774.77","788.43","774.77","-","9.91%"
"03/11/1994","717.36","700.32","717.95","694.32","-","2.66%"
"03/10/1994","698.80","717.72","741.13","669.87","-","-2.42%"
"03/09/1994","716.11","715.87","722.04","710.00","-","0.68%"
"03/08/1994","711.27","721.65","728.75","705.65","-","-0.99%"
"03/07/1994","718.40","720.50","720.78","713.69","-","-1.09%"
"03/04/1994","726.30","729.14","735.39","696.95","-","-1.11%"
"03/03/1994","734.45","742.06","745.42","728.15","-","-1.03%"
"03/02/1994","742.06","755.53","760.44","740.63","-","-2.01%"
"03/01/1994","757.30","771.52","775.68","756.63","-","-1.77%"
"02/28/1994","770.98","785.82","795.20","770.98","-","-2.09%"
"02/25/1994","787.45","787.42","787.67","765.45","-","3.77%"
"02/24/1994","758.84","758.84","761.42","749.31","-","-0.12%"
"02/23/1994","759.73","758.52","769.95","757.21","-","-1.10%"
"02/22/1994","768.21","751.85","773.07","749.77","-","1.83%"
"02/21/1994","754.41","769.94","769.94","752.56","-","-1.92%"
"02/18/1994","769.18","768.13","771.89","765.77","-","0.08%"
"02/17/1994","768.59","773.67","773.99","763.81","-","-0.97%"
"02/16/1994","776.10","775.14","779.25","773.13","-","0.43%"
"02/15/1994","772.76","775.85","777.42","761.64","-","-0.92%"
"02/14/1994","779.91","813.95","818.57","779.09","-","-2.25%"
"02/04/1994","797.88","784.05","797.88","782.34","-","2.27%"
"02/03/1994","780.17","775.20","792.52","775.20","-","1.03%"
"02/02/1994","772.20","753.10","772.20","753.10","-","2.26%"
"02/01/1994","755.15","770.25","770.28","750.61","-","-1.96%"
"01/31/1994","770.25","770.25","770.25","770.25","-","-3.63%"
"01/28/1994","799.26","799.26","799.26","799.26","-","-2.36%"
"01/27/1994","818.60","818.60","818.60","818.60","-","0.76%"
"01/26/1994","812.41","812.41","812.41","812.41","-","-0.43%"
"01/25/1994","815.89","815.89","815.89","815.89","-","-2.78%"
"01/24/1994","839.20","839.20","839.20","839.20","-","3.24%"
"01/21/1994","812.88","812.88","812.88","812.88","-","1.28%"
"01/20/1994","802.61","802.61","802.61","802.61","-","-0.61%"
"01/19/1994","807.50","807.50","807.50","807.50","-","-3.30%"
"01/18/1994","835.06","835.06","835.06","835.06","-","-2.82%"
"01/17/1994","859.28","859.28","859.28","859.28","-","1.18%"
"01/14/1994","849.23","849.23","849.23","849.23","-","-5.37%"
"01/13/1994","897.46","897.46","897.46","897.46","-","1.06%"
"01/12/1994","888.04","888.04","888.04","888.04","-","-0.42%"
"01/11/1994","891.79","891.79","891.79","891.79","-","-0.95%"
"01/10/1994","900.30","900.30","900.30","900.30","-","2.35%"
"01/07/1994","879.64","879.64","879.64","879.64","-","1.19%"
"01/06/1994","869.33","869.33","869.33","869.33","-","2.64%"
"01/05/1994","846.98","846.98","846.98","846.98","-","1.72%"
"01/04/1994","832.69","832.69","832.69","832.69","-","-0.15%"
"01/03/1994","833.90","833.90","833.90","833.90","-","0.01%"
"12/31/1993","833.80","829.16","834.86","825.46","-","0.92%"
"12/30/1993","826.23","819.14","835.21","816.36","-","0.62%"
"12/29/1993","821.16","839.56","839.56","820.06","-","-2.19%"
"12/28/1993","839.57","851.38","854.65","836.17","-","-0.04%"
"12/27/1993","839.90","841.49","845.98","837.83","-","0.66%"
"12/24/1993","834.39","841.66","845.07","828.81","-","0.07%"
"12/23/1993","833.77","820.54","839.41","820.54","-","1.53%"
"12/22/1993","821.19","837.54","852.63","819.68","-","-2.28%"
"12/21/1993","840.34","786.82","840.34","778.93","-","7.21%"
"12/20/1993","783.79","823.77","836.04","750.46","-","-13.08%"
"12/17/1993","901.70","884.47","913.33","884.47","-","-0.70%"
"12/16/1993","908.08","941.43","948.36","908.08","-","-3.46%"
"12/15/1993","940.61","926.05","940.61","903.82","-","1.67%"
"12/14/1993","925.20","942.01","953.67","914.95","-","-2.69%"
"12/13/1993","950.77","982.38","982.38","947.83","-","-2.84%"
"12/10/1993","978.57","986.02","994.48","957.65","-","-0.64%"
"12/09/1993","984.90","1,016.78","1,016.78","969.95","-","-2.45%"
"12/08/1993","1,009.67","1,044.85","1,044.85","1,004.02","-","-1.24%"
"12/07/1993","1,022.34","1,006.70","1,022.34","1,006.70","-","2.67%"
"12/06/1993","995.72","986.12","1,004.01","979.72","-","1.53%"
"12/03/1993","980.67","975.65","982.10","970.10","-","0.81%"
"12/02/1993","972.80","974.35","980.94","964.43","-","-0.21%"
"12/01/1993","974.80","993.67","993.74","971.49","-","-1.03%"
"11/30/1993","984.93","984.54","990.40","979.08","-","1.23%"
"11/29/1993","972.96","968.44","974.85","956.34","-","0.78%"
"11/26/1993","965.39","986.69","1,011.76","963.46","-","-2.16%"
"11/25/1993","986.69","959.90","992.89","959.90","-","3.51%"
"11/24/1993","953.23","955.24","963.62","945.43","-","-0.49%"
"11/23/1993","957.95","955.82","971.46","949.82","-","0.86%"
"11/22/1993","949.77","924.67","954.35","898.49","-","2.71%"
"11/19/1993","924.67","907.41","924.67","904.60","-","2.39%"
"11/18/1993","903.07","895.69","903.28","892.41","-","1.74%"
"11/17/1993","887.65","881.93","894.96","881.93","-","0.83%"
"11/16/1993","880.33","890.92","891.43","876.61","-","-1.14%"
"11/15/1993","890.46","875.80","893.42","875.80","-","2.83%"
"11/12/1993","865.97","858.20","868.91","858.20","-","2.09%"
"11/11/1993","848.27","836.55","851.44","836.55","-","1.81%"
"11/10/1993","833.17","848.45","856.77","828.66","-","-1.53%"
"11/09/1993","846.15","840.89","846.15","834.75","-","1.09%"
"11/08/1993","836.99","833.26","836.99","819.09","-","2.78%"
"11/05/1993","814.39","804.26","816.40","803.03","-","1.26%"
"11/04/1993","804.26","804.66","806.66","793.32","-","-0.18%"
"11/03/1993","805.71","812.63","814.74","804.73","-","-0.86%"
"11/02/1993","812.67","821.85","824.49","810.81","-","-0.49%"
"11/01/1993","816.71","801.86","823.25","801.86","-","0.24%"
"10/29/1993","814.74","834.51","834.79","809.80","-","-1.20%"
"10/28/1993","824.66","779.64","829.10","778.27","-","5.95%"
"10/27/1993","778.33","787.79","789.41","776.41","-","-0.63%"
"10/26/1993","783.23","789.25","792.43","781.13","-","-0.22%"
"10/25/1993","784.97","792.78","797.48","774.54","-","-4.13%"
"10/22/1993","818.81","827.75","844.50","818.81","-","-1.61%"
"10/21/1993","832.25","846.25","846.43","831.87","-","-1.37%"
"10/20/1993","843.85","843.58","846.78","837.97","-","0.51%"
"10/19/1993","839.60","839.20","846.39","836.77","-","0.52%"
"10/18/1993","835.25","848.13","850.61","835.25","-","-2.53%"
"10/15/1993","856.92","855.67","862.54","854.97","-","0.22%"
"10/14/1993","855.04","858.33","859.48","848.53","-","-0.54%"
"10/13/1993","859.70","874.36","879.29","854.79","-","-1.34%"
"10/12/1993","871.42","868.48","875.62","866.85","-","0.35%"
"10/11/1993","868.38","873.94","879.61","866.89","-","-0.73%"
"10/08/1993","874.76","897.72","898.90","874.28","-","-1.45%"
"10/07/1993","887.62","887.00","934.40","880.99","-","0.29%"
"10/06/1993","885.04","886.33","891.13","879.42","-","-0.09%"
"10/05/1993","885.86","894.37","896.00","885.04","-","-0.75%"
"10/04/1993","892.55","895.69","901.37","891.33","-","0.26%"
"09/30/1993","890.27","887.13","896.58","883.55","-","0.47%"
"09/29/1993","886.12","904.76","909.84","885.46","-","-1.34%"
"09/28/1993","898.15","886.11","898.15","883.92","-","1.95%"
"09/27/1993","880.98","876.61","884.30","876.39","-","0.59%"
"09/24/1993","875.81","873.16","915.06","864.38","-","-0.93%"
"09/23/1993","884.02","882.68","888.82","882.68","-","0.32%"
"09/22/1993","881.24","891.05","892.32","881.04","-","-1.01%"
"09/21/1993","890.23","875.13","896.68","875.13","-","1.74%"
"09/20/1993","875.00","875.97","878.23","865.74","-","-0.73%"
"09/17/1993","881.41","874.51","883.17","868.74","-","0.72%"
"09/16/1993","875.08","885.02","885.79","874.35","-","-0.65%"
"09/15/1993","880.78","876.38","903.24","876.25","-","0.47%"
"09/14/1993","876.62","875.14","879.93","865.61","-","-0.30%"
"09/13/1993","879.24","895.62","895.62","873.55","-","-2.69%"
"09/10/1993","903.56","887.83","908.91","887.65","-","0.21%"
"09/09/1993","901.66","911.95","914.79","900.82","-","-0.82%"
"09/08/1993","909.13","907.98","918.26","896.56","-","0.01%"
"09/07/1993","909.04","947.12","947.12","908.29","-","-4.06%"
"09/06/1993","947.53","940.46","947.53","933.74","-","2.69%"
"09/03/1993","922.70","907.89","926.11","905.71","-","2.36%"
"09/02/1993","901.39","894.27","901.39","893.00","-","0.83%"
"09/01/1993","893.99","898.01","900.04","891.66","-","-0.19%"
"08/31/1993","895.68","895.76","909.72","893.99","-","-0.40%"
"08/30/1993","899.27","901.09","911.18","884.51","-","0.52%"
"08/27/1993","894.59","903.47","903.77","886.30","-","-1.03%"
"08/26/1993","903.91","913.27","914.15","896.00","-","-0.82%"
"08/25/1993","911.40","904.74","921.21","904.74","-","1.90%"
"08/24/1993","894.44","878.09","902.30","873.13","-","0.14%"
"08/23/1993","893.23","933.72","937.30","888.68","-","-5.63%"
"08/20/1993","946.54","973.00","977.39","937.99","-","-2.27%"
"08/19/1993","968.51","944.58","980.43","944.47","-","2.17%"
"08/18/1993","947.93","974.11","988.14","947.93","-","-2.69%"
"08/17/1993","974.11","1,042.42","1,042.47","973.48","-","-4.86%"
"08/16/1993","1,023.87","969.90","1,023.87","967.35","-","8.09%"
"08/13/1993","947.26","929.42","947.78","922.40","-","3.30%"
"08/12/1993","917.04","896.74","917.96","893.51","-","3.85%"
"08/11/1993","883.02","862.40","883.02","861.78","-","2.43%"
"08/10/1993","862.08","897.46","911.77","861.19","-","-2.62%"
"08/09/1993","885.27","866.65","887.45","861.34","-","3.48%"
"08/06/1993","855.52","841.39","860.73","841.39","-","0.73%"
"08/05/1993","849.30","853.71","863.94","842.72","-","-0.15%"
"08/04/1993","850.54","833.40","855.86","823.00","-","2.14%"
"08/03/1993","832.72","842.29","853.35","830.67","-","-1.25%"
"08/02/1993","843.27","894.90","913.15","842.35","-","-4.29%"
"07/30/1993","881.07","810.09","901.12","810.09","-","9.22%"
"07/29/1993","806.67","801.16","810.63","801.16","-","1.04%"
"07/28/1993","798.33","792.88","818.06","791.23","-","0.85%"
"07/27/1993","791.62","786.19","798.85","777.73","-","0.48%"
"07/26/1993","787.81","810.07","810.07","787.80","-","-3.16%"
"07/23/1993","813.54","816.08","818.55","811.47","-","-0.24%"
"07/22/1993","815.53","812.10","815.53","804.10","-","0.47%"
"07/21/1993","811.70","809.66","820.24","808.37","-","0.43%"
"07/20/1993","808.20","834.08","836.85","803.34","-","-3.44%"
"07/19/1993","836.98","848.10","848.10","836.70","-","-1.17%"
"07/16/1993","846.87","841.62","849.66","839.28","-","0.97%"
"07/15/1993","838.70","833.89","847.30","830.61","-","0.28%"
"07/14/1993","836.39","870.05","870.05","833.08","-","-3.87%"
"07/13/1993","870.05","853.66","870.05","853.66","-","2.90%"
"07/12/1993","845.52","855.50","855.50","828.55","-","-2.65%"
"07/09/1993","868.57","896.16","896.24","865.31","-","-3.08%"
"07/08/1993","896.16","904.46","909.11","895.62","-","-0.84%"
"07/07/1993","903.79","897.22","909.93","869.65","-","0.69%"
"07/06/1993","897.64","938.42","938.42","895.69","-","-5.74%"
"07/05/1993","952.31","976.67","980.92","946.87","-","-3.51%"
"07/02/1993","986.98","995.70","1,002.87","986.98","-","-1.06%"
"07/01/1993","997.53","1,000.80","1,009.89","980.05","-","-0.95%"
"06/30/1993","1,007.05","1,037.89","1,043.05","1,003.86","-","-2.08%"
"06/29/1993","1,028.44","1,008.23","1,037.49","1,002.61","-","2.60%"
"06/28/1993","1,002.42","1,006.63","1,010.52","983.97","-","-0.42%"
"06/25/1993","1,006.64","979.93","1,041.22","979.93","-","2.70%"
"06/24/1993","980.17","985.62","993.80","974.17","-","-0.59%"
"06/23/1993","986.02","981.40","991.21","980.53","-","0.50%"
"06/22/1993","981.13","972.10","987.07","971.63","-","0.36%"
"06/21/1993","977.61","1,003.98","1,003.98","967.74","-","-2.82%"
"06/18/1993","1,005.98","994.20","1,007.25","989.21","-","0.80%"
"06/17/1993","998.00","998.21","1,016.23","998.00","-","-0.62%"
"06/16/1993","1,004.24","1,004.40","1,013.81","997.33","-","0.26%"
"06/15/1993","1,001.61","998.70","1,002.96","981.84","-","0.12%"
"06/14/1993","1,000.43","1,046.07","1,046.07","990.16","-","-4.45%"
"06/11/1993","1,047.00","1,043.94","1,052.56","1,024.20","-","0.25%"
"06/10/1993","1,044.44","1,069.36","1,070.06","1,040.38","-","-1.95%"
"06/09/1993","1,065.19","1,071.33","1,081.18","1,053.32","-","-0.87%"
"06/08/1993","1,074.58","1,094.11","1,101.69","1,054.31","-","0.90%"
"06/07/1993","1,064.98","1,006.26","1,068.84","982.03","-","6.04%"
"06/04/1993","1,004.30","1,024.74","1,031.03","981.89","-","-1.37%"
"06/03/1993","1,018.29","1,102.08","1,177.91","961.32","-","-5.82%"
"06/02/1993","1,081.20","958.61","1,081.20","904.32","-","16.44%"
"06/01/1993","928.58","935.90","935.90","859.48","-","-0.74%"
"05/31/1993","935.48","975.05","980.03","930.64","-","-3.83%"
"05/28/1993","972.77","962.21","980.96","959.25","-","0.95%"
"05/27/1993","963.61","1,001.19","1,001.63","942.21","-","-3.20%"
"05/26/1993","995.45","1,003.89","1,008.55","992.94","-","-0.25%"
"05/25/1993","997.95","1,020.32","1,020.32","965.29","-","-2.75%"
"05/24/1993","1,026.13","1,143.15","1,143.15","1,026.13","-","-10.30%"
"05/21/1993","1,143.97","1,177.30","1,178.54","1,133.20","-","-1.84%"
"05/20/1993","1,165.40","1,148.56","1,175.20","1,148.56","-","1.58%"
"05/19/1993","1,147.22","1,129.10","1,147.22","1,127.43","-","1.50%"
"05/18/1993","1,130.26","1,140.04","1,148.34","1,128.75","-","-0.86%"
"05/17/1993","1,140.04","1,162.07","1,162.07","1,097.61","-","-2.35%"
"05/14/1993","1,167.47","1,180.46","1,201.44","1,161.19","-","-0.83%"
"05/13/1993","1,177.28","1,140.21","1,177.28","1,140.21","-","3.27%"
"05/12/1993","1,140.05","1,138.62","1,160.42","1,134.75","-","0.29%"
"05/11/1993","1,136.74","1,124.85","1,138.49","1,107.66","-","0.75%"
"05/10/1993","1,128.29","1,216.72","1,221.98","1,110.94","-","-5.96%"
"05/07/1993","1,199.81","1,194.26","1,210.78","1,159.16","-","3.17%"
"05/06/1993","1,162.92","1,250.39","1,250.39","1,151.49","-","-6.73%"
"05/05/1993","1,246.82","1,232.65","1,273.13","1,204.06","-","0.46%"
"05/04/1993","1,241.16","1,352.08","1,365.92","1,234.55","-","-8.21%"
"05/03/1993","1,352.24","1,379.71","1,380.50","1,349.74","-","-0.48%"
"04/30/1993","1,358.78","1,341.54","1,363.11","1,336.59","-","0.67%"
"04/29/1993","1,349.68","1,377.04","1,392.62","1,348.38","-","-1.66%"
"04/28/1993","1,372.50","1,371.10","1,382.83","1,357.91","-","0.66%"
"04/27/1993","1,363.44","1,379.43","1,391.42","1,360.83","-","1.33%"
"04/26/1993","1,345.61","1,298.92","1,345.73","1,282.54","-","6.77%"
"04/23/1993","1,260.25","1,288.51","1,295.76","1,255.87","-","-0.56%"
"04/22/1993","1,267.35","1,227.10","1,267.35","1,220.27","-","3.66%"
"04/21/1993","1,222.56","1,234.71","1,243.47","1,220.09","-","-1.05%"
"04/20/1993","1,235.52","1,257.10","1,257.10","1,233.72","-","1.01%"
"04/19/1993","1,223.22","1,203.85","1,241.86","1,185.76","-","0.70%"
"04/16/1993","1,214.75","1,282.79","1,287.08","1,211.83","-","-5.01%"
"04/15/1993","1,278.84","1,265.30","1,298.34","1,255.94","-","0.51%"
"04/14/1993","1,272.39","1,326.85","1,339.93","1,267.60","-","-1.92%"
"04/13/1993","1,297.36","1,183.70","1,297.36","1,180.88","-","7.80%"
"04/12/1993","1,203.54","1,254.62","1,276.41","1,195.57","-","-3.18%"
"04/09/1993","1,243.02","1,322.07","1,340.91","1,236.46","-","0.41%"
"04/08/1993","1,238.00","1,099.62","1,237.07","1,099.62","-","12.58%"
"04/07/1993","1,099.62","1,108.64","1,182.99","1,076.45","-","3.77%"
"04/06/1993","1,059.62","949.81","1,064.87","949.05","-","11.79%"
"04/05/1993","947.87","945.58","947.90","924.49","-","0.41%"
"04/02/1993","944.01","953.51","968.05","940.55","-","-0.34%"
"04/01/1993","947.23","921.59","949.77","915.59","-","2.30%"
"03/31/1993","925.91","953.29","957.94","918.40","-","-3.35%"
"03/30/1993","958.05","973.08","992.11","958.05","-","-1.27%"
"03/29/1993","970.40","990.92","1,010.54","961.72","-","-6.67%"
"03/26/1993","1,039.76","969.24","1,039.76","945.93","-","9.98%"
"03/25/1993","945.42","963.53","965.96","913.74","-","-1.21%"
"03/24/1993","956.97","965.58","996.68","956.97","-","-1.47%"
"03/23/1993","971.25","1,035.60","1,035.63","958.42","-","-6.33%"
"03/22/1993","1,036.92","1,148.29","1,179.05","1,036.92","-","-11.75%"
"03/19/1993","1,174.99","1,188.37","1,207.56","1,171.63","-","-0.80%"
"03/18/1993","1,184.48","1,203.20","1,206.59","1,171.43","-","-1.53%"
"03/17/1993","1,202.85","1,238.80","1,239.38","1,193.59","-","-1.61%"
"03/16/1993","1,222.55","1,167.91","1,222.55","1,155.10","-","4.40%"
"03/15/1993","1,171.00","1,226.48","1,247.63","1,177.75","-","-5.29%"
"03/12/1993","1,236.37","1,280.37","1,286.07","1,231.39","-","-2.02%"
"03/11/1993","1,261.80","1,219.47","1,261.80","1,196.25","-","6.13%"
"03/10/1993","1,188.97","1,099.52","1,190.33","1,089.36","-","4.50%"
"03/09/1993","1,137.79","1,160.13","1,209.66","1,129.81","-","-5.94%"
"03/08/1993","1,209.65","1,133.52","1,325.49","1,133.46","-","9.08%"
"03/05/1993","1,109.00","1,116.41","1,180.58","1,026.18","-","-4.32%"
"03/04/1993","1,159.13","1,231.92","1,244.65","1,131.29","-","-5.90%"
"03/03/1993","1,231.77","1,263.74","1,267.54","1,220.03","-","-1.07%"
"03/02/1993","1,245.11","1,207.57","1,285.17","1,186.34","-","3.78%"
"03/01/1993","1,199.73","1,328.22","1,339.10","1,199.73","-","-10.46%"
"02/26/1993","1,339.88","1,348.33","1,444.05","1,320.89","-","-5.00%"
"02/25/1993","1,410.36","1,357.55","1,421.35","1,261.76","-","11.49%"
"02/24/1993","1,264.96","1,289.28","1,346.48","1,196.47","-","-7.49%"
"02/23/1993","1,367.36","1,412.68","1,466.07","1,346.15","-","-6.11%"
"02/22/1993","1,456.29","1,487.84","1,527.13","1,453.31","-","-2.90%"
"02/19/1993","1,499.74","1,471.56","1,514.46","1,441.07","-","-0.56%"
"02/18/1993","1,508.22","1,526.39","1,538.61","1,497.79","-","0.28%"
"02/17/1993","1,504.00","1,522.13","1,533.58","1,502.88","-","-0.63%"
"02/16/1993","1,513.48","1,516.73","1,558.95","1,504.36","-","-1.52%"
"02/15/1993","1,536.82","1,526.10","1,536.82","1,499.10","-","5.35%"
"02/12/1993","1,458.76","1,394.81","1,458.76","1,352.27","-","4.39%"
"02/11/1993","1,397.38","1,473.25","1,497.01","1,364.67","-","-3.92%"
"02/10/1993","1,454.46","1,511.59","1,528.51","1,448.07","-","-1.39%"
"02/09/1993","1,474.92","1,473.89","1,483.52","1,426.48","-","5.87%"
"02/08/1993","1,393.17","1,373.99","1,393.34","1,334.19","-","4.52%"
"02/05/1993","1,332.96","1,373.95","1,404.64","1,325.85","-","-2.82%"
"02/04/1993","1,371.58","1,297.56","1,371.58","1,297.46","-","5.46%"
"02/03/1993","1,300.56","1,283.26","1,326.19","1,265.70","-","-0.76%"
"02/02/1993","1,310.58","1,315.43","1,325.24","1,291.99","-","2.51%"
"02/01/1993","1,278.50","1,250.16","1,278.50","1,222.18","-","6.68%"
"01/29/1993","1,198.48","1,173.81","1,198.48","1,150.83","-","4.18%"
"01/28/1993","1,150.37","1,166.78","1,186.21","1,146.90","-","-1.04%"
"01/27/1993","1,162.44","1,149.72","1,162.44","1,113.57","-","5.65%"
"01/22/1993","1,100.31","1,095.61","1,109.59","1,073.64","-","2.42%"
"01/21/1993","1,074.26","1,073.62","1,077.82","1,046.18","-","2.97%"
"01/20/1993","1,043.31","1,016.72","1,050.11","984.74","-","5.19%"
"01/19/1993","991.83","1,031.63","1,064.08","991.83","-","-6.02%"
"01/18/1993","1,055.32","1,065.39","1,078.03","1,052.80","-","-0.79%"
"01/15/1993","1,063.76","1,088.47","1,099.83","1,054.46","-","-2.09%"
"01/14/1993","1,086.43","1,062.18","1,088.60","1,036.03","-","6.09%"
"01/13/1993","1,024.05","991.56","1,024.05","973.30","-","3.73%"
"01/12/1993","987.26","1,016.14","1,028.43","982.15","-","1.01%"
"01/11/1993","977.42","944.14","977.42","901.47","-","9.89%"
"01/08/1993","889.47","889.11","893.86","878.33","-","2.36%"
"01/07/1993","868.97","856.50","868.97","849.53","-","2.54%"
"01/06/1993","847.44","872.22","883.42","843.16","-","-1.31%"
"01/05/1993","858.72","851.02","859.19","817.21","-","5.49%"
"01/04/1993","814.04","802.14","816.64","777.16","-","4.31%"
"12/31/1992","780.39","773.89","784.03","765.41","-","1.68%"
"12/30/1992","767.52","774.35","777.43","767.07","-","-0.18%"
"12/29/1992","768.91","762.40","769.61","754.54","-","1.53%"
"12/28/1992","757.31","764.79","772.29","756.89","-","-0.91%"
"12/25/1992","764.28","776.30","781.36","761.89","-","0.75%"
"12/24/1992","758.59","731.55","758.59","731.31","-","3.63%"
"12/23/1992","732.05","729.00","736.27","721.44","-","0.86%"
"12/22/1992","725.78","731.58","731.90","724.74","-","-0.81%"
"12/21/1992","731.68","698.31","731.68","697.70","-","4.81%"
"12/18/1992","698.13","706.46","721.26","690.45","-","-1.37%"
"12/17/1992","707.82","693.41","707.82","685.65","-","3.21%"
"12/16/1992","685.82","686.02","690.25","663.17","-","0.52%"
"12/15/1992","682.24","697.86","713.90","682.24","-","-3.24%"
"12/14/1992","705.07","704.23","748.19","668.07","-","-2.38%"
"12/11/1992","722.28","639.72","735.62","628.91","-","15.52%"
"12/10/1992","625.23","668.46","693.41","592.78","-","-7.57%"
"12/09/1992","676.45","737.94","752.89","661.66","-","-10.28%"
"12/08/1992","753.94","796.63","811.57","743.90","-","-4.96%"
"12/07/1992","793.25","765.87","803.12","757.34","-","-1.71%"
"12/04/1992","807.02","833.23","841.02","807.02","-","-0.15%"
"12/03/1992","808.20","760.65","826.06","739.03","-","11.91%"
"12/02/1992","722.20","694.88","722.20","690.63","-","0.76%"
"12/01/1992","716.74","718.99","749.89","713.85","-","-1.08%"
"11/30/1992","724.60","682.08","727.13","637.67","-","13.63%"
"11/27/1992","637.67","593.68","682.40","490.54","-","13.46%"
"11/26/1992","562.01","674.74","752.32","562.01","-","-1.68%"
"11/25/1992","571.63","485.16","571.63","441.54","-","29.90%"
"11/24/1992","440.04","414.84","448.44","410.81","-","7.22%"
"11/23/1992","410.39","404.05","410.57","401.82","-","2.23%"
"11/20/1992","401.44","394.90","401.44","394.31","-","0.62%"
"11/19/1992","398.95","409.61","412.23","395.16","-","-2.12%"
"11/18/1992","407.61","400.01","407.61","389.59","-","3.58%"
"11/17/1992","393.52","390.09","399.08","386.85","-","-1.45%"
"11/16/1992","399.32","402.02","415.64","397.63","-","-3.57%"
"11/13/1992","414.09","418.49","421.67","413.30","-","-0.41%"
"11/12/1992","415.79","408.42","416.22","402.33","-","1.37%"
"11/11/1992","410.16","402.79","410.16","388.32","-","2.40%"
"11/10/1992","400.53","404.49","428.34","391.17","-","-6.55%"
"11/09/1992","428.61","439.81","459.04","424.68","-","-6.22%"
"11/06/1992","457.05","460.54","468.59","455.73","-","-1.21%"
"11/05/1992","462.63","460.96","470.89","457.03","-","-1.55%"
"11/04/1992","469.90","474.82","481.60","465.09","-","-2.07%"
"11/03/1992","479.81","481.34","487.07","465.60","-","0.46%"
"11/02/1992","477.61","471.18","508.81","465.55","-","-5.84%"
"10/30/1992","507.25","494.66","507.25","484.45","-","4.75%"
"10/29/1992","484.25","468.72","484.51","455.22","-","4.54%"
"10/28/1992","463.21","466.73","470.98","447.93","-","2.87%"
"10/27/1992","450.28","465.75","506.28","448.28","-","-11.18%"
"10/26/1992","506.94","539.50","561.50","504.81","-","-9.43%"
"10/23/1992","559.73","534.41","577.52","524.07","-","3.69%"
"10/22/1992","539.80","557.03","584.91","535.79","-","-7.84%"
"10/21/1992","585.70","597.15","616.29","577.23","-","-4.96%"
"10/20/1992","616.29","634.43","663.65","604.50","-","-2.55%"
"10/19/1992","632.40","643.80","667.46","632.40","-","-4.87%"
"10/16/1992","664.75","664.00","668.57","661.20","-","0.18%"
"10/15/1992","663.53","654.33","667.00","650.92","-","-0.03%"
"10/14/1992","663.75","661.07","673.94","648.84","-","-1.52%"
"10/13/1992","673.99","694.10","701.30","669.56","-","-2.40%"
"10/12/1992","690.57","687.45","713.77","661.99","-","4.59%"
"10/09/1992","660.29","664.44","668.73","643.68","-","2.58%"
"10/08/1992","643.69","648.96","671.67","640.22","-","-3.24%"
"10/07/1992","665.26","676.56","676.84","664.43","-","-1.33%"
"10/06/1992","674.24","682.92","692.62","664.27","-","-0.79%"
"10/05/1992","679.62","676.47","702.32","668.90","-","-3.23%"
"09/30/1992","702.32","703.63","710.63","698.91","-","-1.17%"
"09/29/1992","710.63","719.99","728.42","707.82","-","-1.94%"
"09/28/1992","724.70","724.45","729.79","721.19","-","-0.70%"
"09/25/1992","729.79","730.28","735.75","723.56","-","-0.11%"
"09/24/1992","730.57","720.51","735.49","709.63","-","2.55%"
"09/23/1992","712.37","719.41","725.59","708.50","-","-1.43%"
"09/22/1992","722.70","730.71","736.90","716.23","-","-1.46%"
"09/21/1992","733.44","740.97","760.13","730.30","-","-2.78%"
"09/18/1992","754.40","715.89","761.72","715.89","-","-0.96%"
"09/17/1992","761.72","770.65","779.56","751.08","-","-0.95%"
"09/16/1992","769.04","762.29","776.68","738.16","-","4.18%"
"09/15/1992","738.16","727.11","751.22","694.32","-","0.43%"
"09/14/1992","734.98","762.82","793.36","714.93","-","-5.32%"
"09/11/1992","776.29","773.22","789.18","719.39","-","12.05%"
"09/10/1992","692.78","643.21","695.18","622.01","-","8.97%"
"09/09/1992","635.74","613.44","643.77","608.06","-","-0.68%"
"09/08/1992","640.12","653.36","702.83","595.42","-","-8.92%"
"09/07/1992","702.83","745.69","788.15","700.79","-","-6.73%"
"09/04/1992","753.58","759.54","776.18","749.46","-","-1.38%"
"09/03/1992","764.11","749.22","781.33","742.74","-","-2.99%"
"09/02/1992","787.67","803.83","826.68","783.96","-","-4.52%"
"09/01/1992","824.96","826.96","832.84","807.37","-","0.21%"
"08/31/1992","823.27","833.50","848.40","823.02","-","-2.94%"
"08/28/1992","848.20","851.60","866.98","825.01","-","-1.80%"
"08/27/1992","863.77","874.75","880.02","861.64","-","-1.61%"
"08/26/1992","877.89","842.20","877.89","828.10","-","3.33%"
"08/25/1992","849.57","868.10","887.49","848.05","-","-3.91%"
"08/24/1992","884.10","888.95","920.85","881.33","-","-3.51%"
"08/21/1992","916.25","916.99","938.37","912.89","-","-1.72%"
"08/20/1992","932.32","930.70","946.73","918.65","-","-0.77%"
"08/19/1992","939.51","920.66","951.16","888.23","-","0.65%"
"08/18/1992","933.44","954.89","999.69","921.98","-","-0.64%"
"08/17/1992","939.46","898.66","940.76","858.38","-","9.45%"
"08/14/1992","858.38","857.10","900.51","818.12","-","0.87%"
"08/13/1992","850.94","797.17","890.06","745.62","-","8.93%"
"08/12/1992","781.21","675.00","843.30","627.36","-","-9.52%"
"08/11/1992","863.41","926.81","961.61","797.60","-","-10.44%"
"08/10/1992","964.09","992.73","1,006.64","956.55","-","-4.09%"
"08/07/1992","1,005.23","1,003.22","1,006.11","995.71","-","0.31%"
"08/06/1992","1,002.17","988.38","1,010.76","983.22","-","-1.03%"
"08/05/1992","1,012.55","1,015.76","1,038.30","1,011.66","-","-2.23%"
"08/04/1992","1,035.63","1,018.30","1,036.33","1,016.16","-","0.40%"
"08/03/1992","1,031.55","1,034.70","1,060.36","1,026.83","-","-1.95%"
"07/31/1992","1,052.07","1,045.67","1,052.07","1,032.54","-","-0.50%"
"07/30/1992","1,057.40","1,067.45","1,087.36","1,043.79","-","-2.73%"
"07/29/1992","1,087.12","1,078.31","1,108.06","1,047.03","-","-1.70%"
"07/28/1992","1,105.95","1,126.88","1,148.63","1,102.02","-","-3.77%"
"07/27/1992","1,149.33","1,169.42","1,178.81","1,108.05","-","0.64%"
"07/24/1992","1,142.02","1,165.89","1,178.90","1,014.08","-","12.56%"
"07/23/1992","1,014.57","1,020.07","1,033.75","961.61","-","-2.04%"
"07/22/1992","1,035.66","1,059.22","1,081.81","1,034.91","-","-4.32%"
"07/21/1992","1,082.39","1,087.61","1,096.49","1,079.75","-","-1.50%"
"07/20/1992","1,098.82","1,100.60","1,126.96","1,094.81","-","-2.38%"
"07/17/1992","1,125.56","1,121.49","1,134.32","1,116.14","-","0.08%"
"07/16/1992","1,124.64","1,114.13","1,214.83","1,108.23","-","1.53%"
"07/15/1992","1,107.69","1,107.18","1,135.57","1,100.16","-","-0.57%"
"07/14/1992","1,114.05","1,124.65","1,139.96","1,110.19","-","-1.96%"
"07/13/1992","1,136.33","1,156.83","1,198.90","1,131.21","-","-4.40%"
"07/10/1992","1,188.62","1,175.14","1,192.98","1,166.45","-","0.86%"
"07/09/1992","1,178.53","1,172.44","1,187.18","1,168.78","-","-0.59%"
"07/08/1992","1,185.50","1,192.37","1,211.27","1,182.72","-","-1.74%"
"07/07/1992","1,206.46","1,201.01","1,206.91","1,195.81","-","0.45%"
"07/06/1992","1,201.01","1,197.76","1,215.24","1,190.27","-","1.00%"
"07/03/1992","1,189.16","1,189.09","1,193.39","1,183.96","-","0.14%"
"07/02/1992","1,187.48","1,187.30","1,198.66","1,179.86","-","-0.56%"
"07/01/1992","1,194.18","1,199.54","1,215.13","1,182.05","-","0.25%"
"06/30/1992","1,191.19","1,186.62","1,193.16","1,169.51","-","1.85%"
"06/29/1992","1,169.51","1,168.89","1,173.49","1,156.68","-","0.42%"
"06/26/1992","1,164.67","1,164.29","1,207.82","1,160.23","-","0.38%"
"06/25/1992","1,160.23","1,153.48","1,160.23","1,148.02","-","0.80%"
"06/24/1992","1,151.06","1,150.89","1,158.17","1,144.46","-","-0.61%"
"06/23/1992","1,158.17","1,162.83","1,172.46","1,154.62","-","-1.00%"
"06/22/1992","1,169.90","1,173.68","1,180.21","1,165.74","-","-0.17%"
"06/19/1992","1,171.94","1,169.97","1,171.94","1,161.80","-","0.30%"
"06/18/1992","1,168.43","1,167.16","1,172.86","1,158.32","-","-0.10%"
"06/17/1992","1,169.57","1,171.29","1,186.59","1,166.26","-","0.25%"
"06/16/1992","1,166.70","1,171.75","1,135.61","1,164.24","-","-0.44%"
"06/15/1992","1,171.85","1,174.41","1,181.86","1,152.69","-","0.01%"
"06/12/1992","1,171.71","1,164.12","1,178.30","1,153.97","-","-0.56%"
"06/11/1992","1,178.30","1,179.28","1,188.68","1,172.09","-","-0.73%"
"06/10/1992","1,187.02","1,199.23","1,206.51","1,134.73","-","5.36%"
"06/09/1992","1,126.62","1,116.92","1,144.39","1,079.65","-","3.03%"
"06/08/1992","1,093.46","1,092.07","1,121.41","1,085.19","-","-1.11%"
"06/05/1992","1,105.76","1,125.01","1,143.07","1,099.91","-","0.12%"
"06/04/1992","1,104.46","1,087.49","1,118.93","1,050.45","-","4.29%"
"06/03/1992","1,059.07","1,075.90","1,141.02","1,033.47","-","-7.18%"
"06/02/1992","1,141.02","1,155.88","1,184.28","1,138.58","-","-3.57%"
"06/01/1992","1,183.24","1,175.69","1,249.58","1,129.28","-","-4.17%"
"05/29/1992","1,234.71","1,243.65","1,253.37","1,154.01","-","6.42%"
"05/28/1992","1,160.17","1,123.04","1,184.18","1,114.94","-","-2.77%"
"05/27/1992","1,193.17","1,250.56","1,285.61","823.36","-","-8.31%"
"05/26/1992","1,301.35","1,332.39","1,429.01","1,291.00","-","-8.46%"
"05/25/1992","1,421.57","1,411.98","1,428.79","1,339.99","-","6.09%"
"05/22/1992","1,339.99","1,306.37","1,349.71","1,262.44","-","5.80%"
"05/21/1992","1,266.49","1,260.32","1,334.98","604.01","-","105.27%"
"05/20/1992","616.99","617.28","623.88","598.11","-","3.16%"
"05/19/1992","598.11","590.41","598.11","571.82","-","4.60%"
"05/18/1992","571.82","560.09","571.85","544.35","-","5.05%"
"05/15/1992","544.35","529.39","544.56","523.36","-","4.01%"
"05/14/1992","523.36","514.48","523.50","511.91","-","1.81%"
"05/13/1992","514.04","505.27","517.86","499.40","-","1.48%"
"05/12/1992","506.53","502.80","506.68","491.50","-","3.06%"
"05/11/1992","491.50","483.29","490.19","468.11","-","5.00%"
"05/08/1992","468.11","461.05","468.42","454.65","-","2.96%"
"05/07/1992","454.65","452.86","457.05","449.55","-","1.04%"
"05/06/1992","449.96","449.78","454.08","446.39","-","0.17%"
"05/05/1992","449.21","447.42","455.36","439.96","-","-0.97%"
"05/04/1992","453.62","454.86","456.24","445.38","-","1.85%"
"04/30/1992","445.38","435.73","448.94","433.66","-","0.27%"
"04/29/1992","444.16","445.25","446.12","436.09","-","1.85%"
"04/28/1992","436.09","434.90","436.31","424.58","-","2.71%"
"04/27/1992","424.58","422.45","424.92","413.47","-","2.46%"
"04/24/1992","414.40","405.88","415.05","397.74","-","1.76%"
"04/23/1992","407.25","407.13","408.86","394.60","-","1.84%"
"04/22/1992","399.88","400.12","410.06","399.87","-","-2.48%"
"04/21/1992","410.06","417.99","421.55","402.89","-","-0.92%"
"04/20/1992","413.85","417.19","420.99","413.64","-","-0.14%"
"04/17/1992","414.42","408.56","414.42","406.19","-","0.94%"
"04/16/1992","410.55","404.07","410.61","403.52","-","0.94%"
"04/15/1992","406.72","400.35","406.72","398.23","-","1.53%"
"04/14/1992","400.61","393.10","400.61","391.10","-","2.43%"
"04/13/1992","391.11","387.27","392.28","382.03","-","2.38%"
"04/10/1992","382.03","381.52","382.04","381.20","-","0.10%"
"04/09/1992","381.65","381.93","382.88","381.65","-","-0.20%"
"04/08/1992","382.43","382.53","382.59","381.92","-","0.13%"
"04/07/1992","381.93","381.95","382.10","381.47","-","0.12%"
"04/06/1992","381.47","381.97","382.08","381.33","-","0.04%"
"04/03/1992","381.33","381.44","381.57","381.12","-","0.06%"
"04/02/1992","381.12","381.47","381.58","381.01","-","0.03%"
"04/01/1992","381.01","381.55","381.85","381.01","-","-0.06%"
"03/31/1992","381.24","381.87","382.06","381.24","-","-0.05%"
"03/30/1992","381.44","381.54","381.56","380.76","-","0.18%"
"03/27/1992","380.77","379.65","380.79","379.13","-","0.43%"
"03/26/1992","379.13","379.29","379.34","377.64","-","0.27%"
"03/25/1992","378.12","378.33","379.02","378.12","-","-0.15%"
"03/24/1992","378.69","378.53","379.50","378.05","-","-0.05%"
"03/23/1992","378.89","378.61","379.04","377.45","-","0.24%"
"03/20/1992","377.99","377.91","378.03","377.31","-","0.18%"
"03/19/1992","377.31","377.26","377.96","376.21","-","-0.09%"
"03/18/1992","377.66","377.94","378.32","377.49","-","0.05%"
"03/17/1992","377.49","377.50","377.84","377.03","-","0.12%"
"03/16/1992","377.05","377.00","377.42","376.38","-","0.18%"
"03/13/1992","376.38","376.58","377.19","376.38","-","-0.14%"
"03/12/1992","376.92","377.55","377.57","376.14","-","0.21%"
"03/11/1992","376.14","375.87","376.25","374.98","-","0.24%"
"03/10/1992","375.23","374.48","375.23","373.53","-","0.46%"
"03/09/1992","373.53","372.26","374.06","371.88","-","0.48%"
"03/06/1992","371.76","370.79","371.76","369.76","-","0.54%"
"03/05/1992","369.76","369.31","369.88","368.11","-","0.39%"
"03/04/1992","368.32","367.56","368.28","366.95","-","0.36%"
"03/03/1992","367.00","366.79","367.25","365.39","-","0.44%"
"03/02/1992","365.39","365.15","365.39","364.66","-","0.20%"
"02/28/1992","364.66","364.15","364.67","362.45","-","0.61%"
"02/27/1992","362.45","361.00","363.03","360.10","-","0.65%"
"02/26/1992","360.10","359.85","360.76","359.27","-","-0.07%"
"02/25/1992","360.37","359.66","361.29","357.07","-","-0.04%"
"02/24/1992","360.50","361.11","361.62","359.59","-","0.25%"
"02/21/1992","359.59","358.91","359.93","347.99","-","3.33%"
"02/20/1992","347.99","345.22","348.01","342.41","-","1.63%"
"02/19/1992","342.41","340.50","342.41","337.11","-","1.57%"
"02/18/1992","337.11","338.98","339.16","319.77","-","5.42%"
"02/17/1992","319.77","319.77","319.77","319.68","-","0.03%"
"02/14/1992","319.68","319.45","319.68","317.04","-","0.83%"
"02/13/1992","317.04","317.24","317.57","317.06","-","0.19%"
"02/12/1992","316.44","316.43","316.44","316.43","-","0.00%"
"02/11/1992","316.43","316.12","316.43","315.56","-","0.28%"
"02/10/1992","315.56","315.55","315.56","314.72","-","0.27%"
"02/07/1992","314.72","314.72","314.72","314.18","-","0.17%"
"02/03/1992","314.18","314.18","314.18","313.24","-","0.30%"
"01/31/1992","313.24","313.24","313.24","312.73","-","0.16%"
"01/30/1992","312.73","312.73","312.73","312.42","-","0.10%"
"01/29/1992","312.42","312.41","312.58","311.84","-","0.19%"
"01/28/1992","311.84","311.67","311.84","311.61","-","0.07%"
"01/27/1992","311.61","311.60","311.61","309.05","-","0.83%"
"01/24/1992","309.05","309.05","309.05","308.53","-","0.17%"
"01/23/1992","308.53","308.53","308.53","307.95","-","0.19%"
"01/22/1992","307.95","307.95","307.95","307.87","-","0.03%"
"01/21/1992","307.87","307.87","307.87","307.39","-","0.16%"
"01/20/1992","307.39","307.38","307.39","307.38","-","0.00%"
"01/17/1992","307.38","307.37","307.38","306.85","-","0.17%"
"01/16/1992","306.85","306.85","306.85","306.63","-","0.07%"
"01/15/1992","306.63","306.62","306.63","305.74","-","0.29%"
"01/14/1992","305.74","304.77","305.74","303.06","-","0.88%"
"01/13/1992","303.06","302.83","303.06","302.00","-","0.41%"
"01/10/1992","301.83","301.82","301.83","300.62","-","0.40%"
"01/09/1992","300.62","300.61","300.62","299.66","-","0.32%"
"01/08/1992","299.66","299.65","299.66","298.77","-","0.30%"
"01/07/1992","298.77","298.54","298.77","297.68","-","0.37%"
"01/06/1992","297.68","297.68","297.68","296.52","-","0.39%"
"01/03/1992","296.52","296.24","296.52","293.75","-","0.94%"
"01/02/1992","293.75","293.74","293.75","292.76","-","0.34%"
"12/31/1991","292.75","292.48","292.75","291.71","-","0.36%"
"12/30/1991","291.71","291.71","291.71","290.85","-","0.30%"
"12/27/1991","290.85","290.65","290.85","288.03","-","0.98%"
"12/26/1991","288.03","288.03","288.03","287.15","-","0.31%"
"12/25/1991","287.15","287.09","287.15","286.22","-","0.32%"
"12/24/1991","286.22","285.74","286.22","285.65","-","0.20%"
"12/23/1991","285.65","285.65","285.65","282.83","-","1.00%"
"12/20/1991","282.83","282.83","282.83","280.63","-","0.95%"
"12/19/1991","280.17","279.98","280.17","279.51","-","0.24%"
"12/18/1991","279.51","279.32","279.51","278.68","-","0.30%"
"12/17/1991","278.68","278.67","278.68","277.85","-","0.30%"
"12/16/1991","277.85","277.53","277.85","277.00","-","0.31%"
"12/13/1991","277.00","276.81","277.00","274.41","-","0.94%"
"12/12/1991","274.41","274.41","274.41","273.71","-","0.26%"
"12/11/1991","273.71","273.53","273.71","272.91","-","0.29%"
"12/10/1991","272.91","270.27","272.91","270.27","-","0.98%"
"12/09/1991","270.27","270.27","270.27","269.35","-","0.34%"
"12/06/1991","269.35","269.34","269.35","266.66","-","1.01%"
"12/05/1991","266.66","266.48","266.66","265.77","-","0.33%"
"12/04/1991","265.77","265.53","265.77","264.81","-","0.36%"
"12/03/1991","264.81","264.64","264.81","262.19","-","1.00%"
"12/02/1991","262.19","261.78","262.19","259.67","-","1.00%"
"11/29/1991","259.60","259.68","259.85","257.35","-","0.87%"
"11/28/1991","257.35","257.28","257.35","255.45","-","0.74%"
"11/27/1991","255.45","255.27","255.45","252.97","-","0.98%"
"11/26/1991","252.97","252.90","252.97","250.85","-","0.85%"
"11/25/1991","250.85","250.84","250.85","248.53","-","0.93%"
"11/22/1991","248.53","248.24","248.53","246.31","-","0.90%"
"11/21/1991","246.31","246.26","246.31","244.50","-","0.74%"
"11/20/1991","244.50","244.50","244.50","242.24","-","0.93%"
"11/19/1991","242.24","242.24","242.24","240.62","-","0.67%"
"11/18/1991","240.62","240.04","240.62","238.25","-","0.99%"
"11/15/1991","238.25","238.25","238.25","237.45","-","0.34%"
"11/14/1991","237.45","237.39","237.45","236.67","-","0.33%"
"11/13/1991","236.67","236.51","236.67","235.80","-","0.37%"
"11/12/1991","235.80","235.75","235.80","233.55","-","0.96%"
"11/11/1991","233.55","233.48","233.55","231.22","-","1.01%"
"11/08/1991","231.22","230.99","231.22","228.93","-","1.00%"
"11/07/1991","228.93","228.93","228.93","226.88","-","0.90%"
"11/06/1991","226.88","226.83","226.88","224.65","-","0.99%"
"11/05/1991","224.65","224.44","224.65","222.77","-","0.84%"
"11/04/1991","222.77","222.77","222.77","220.79","-","0.93%"
"11/01/1991","220.72","220.71","220.72","218.60","-","0.97%"
"10/31/1991","218.60","218.59","218.60","216.43","-","1.00%"
"10/30/1991","216.43","216.37","216.43","215.78","-","0.30%"
"10/29/1991","215.78","215.63","215.78","213.98","-","0.84%"
"10/28/1991","213.98","213.50","213.98","211.86","-","1.00%"
"10/25/1991","211.86","210.34","211.97","209.71","-","0.85%"
"10/24/1991","210.07","210.20","210.20","208.25","-","0.87%"
"10/23/1991","208.25","208.06","208.25","206.53","-","0.83%"
"10/22/1991","206.53","206.06","206.53","204.53","-","0.98%"
"10/21/1991","204.53","204.53","204.53","202.51","-","1.00%"
"10/18/1991","202.51","202.50","202.51","200.51","-","1.00%"
"10/17/1991","200.51","200.50","200.51","198.57","-","0.98%"
"10/16/1991","198.57","198.51","198.57","196.61","-","1.00%"
"10/15/1991","196.61","196.58","196.61","194.67","-","1.00%"
"10/14/1991","194.67","194.06","194.69","192.32","-","0.94%"
"10/11/1991","192.85","192.84","192.88","191.01","-","0.96%"
"10/10/1991","191.01","190.71","191.01","189.12","-","1.00%"
"10/09/1991","189.12","188.49","189.12","186.31","-","0.87%"
"10/08/1991","187.49","187.59","187.61","186.00","-","0.80%"
"10/07/1991","186.00","185.95","186.00","185.41","-","0.93%"
"10/04/1991","184.29","184.29","184.29","183.59","-","0.99%"
"10/03/1991","182.48","181.55","182.48","179.80","-","0.86%"
"09/30/1991","180.92","180.28","181.95","180.27","-","-0.49%"
"09/27/1991","181.82","183.12","183.89","181.19","-","-0.28%"
"09/26/1991","182.33","182.21","183.19","181.93","-","-0.47%"
"09/25/1991","183.19","182.80","184.08","182.80","-","-0.48%"
"09/24/1991","184.08","183.96","185.04","183.69","-","-0.50%"
"09/23/1991","185.00","185.00","185.92","184.71","-","-0.49%"
"09/20/1991","185.92","185.77","187.21","185.66","-","-0.51%"
"09/19/1991","186.88","187.65","189.21","186.49","-","-0.40%"
"09/18/1991","187.63","187.26","188.59","187.18","-","-0.54%"
"09/17/1991","188.65","191.16","191.18","188.28","-","-0.53%"
"09/16/1991","189.66","189.55","189.66","187.79","-","1.00%"
"09/13/1991","187.79","188.00","188.04","185.01","-","0.84%"
"09/12/1991","186.22","186.22","187.40","186.07","-","-0.53%"
"09/11/1991","187.22","187.29","187.29","186.86","-","-0.59%"
"09/10/1991","188.33","190.98","190.98","188.19","-","-0.48%"
"09/09/1991","189.24","189.10","189.24","187.36","-","1.00%"
"09/06/1991","187.36","187.09","187.36","185.51","-","1.00%"
"09/05/1991","185.51","185.48","185.51","183.69","-","0.99%"
"09/04/1991","183.69","183.66","183.69","181.97","-","0.95%"
"09/03/1991","181.97","181.71","181.97","180.22","-","0.97%"
"09/02/1991","180.22","180.08","180.22","178.43","-","1.00%"
"08/30/1991","178.43","178.20","178.43","176.66","-","1.00%"
"08/29/1991","176.66","176.53","176.66","174.92","-","0.99%"
"08/28/1991","174.92","174.82","174.92","173.19","-","1.00%"
"08/27/1991","173.19","173.06","173.19","171.51","-","0.98%"
"08/26/1991","171.51","171.51","171.51","169.81","-","1.00%"
"08/23/1991","169.81","169.81","169.81","168.16","-","0.98%"
"08/22/1991","168.16","167.81","168.16","166.49","-","1.00%"
"08/21/1991","166.49","166.49","166.49","164.84","-","1.00%"
"08/20/1991","164.84","164.74","164.84","163.21","-","1.00%"
"08/19/1991","163.21","163.21","163.21","161.60","-","1.00%"
"08/16/1991","161.60","161.56","161.60","160.21","-","0.87%"
"08/15/1991","160.21","159.92","160.21","158.63","-","1.00%"
"08/14/1991","158.63","158.30","158.63","158.11","-","0.99%"
"08/13/1991","157.07","156.87","157.07","155.54","-","0.98%"
"08/12/1991","155.54","155.34","155.54","154.10","-","0.93%"
"08/09/1991","154.10","153.90","154.10","152.61","-","0.98%"
"08/08/1991","152.61","152.57","152.61","151.12","-","0.99%"
"08/07/1991","151.12","150.93","151.12","149.62","-","1.00%"
"08/06/1991","149.62","149.62","149.62","148.15","-","0.99%"
"08/05/1991","148.15","148.06","148.15","146.68","-","1.00%"
"08/02/1991","146.68","146.49","146.68","145.44","-","0.99%"
"08/01/1991","145.24","145.12","145.24","143.80","-","1.00%"
"07/31/1991","143.80","143.72","143.80","142.39","-","0.99%"
"07/30/1991","142.39","142.39","142.45","141.39","-","0.61%"
"07/29/1991","141.52","141.22","141.72","140.81","-","0.61%"
"07/26/1991","140.66","140.11","141.46","139.27","-","0.34%"
"07/25/1991","140.19","140.20","141.01","139.99","-","-0.35%"
"07/24/1991","140.68","140.66","140.74","138.69","-","0.93%"
"07/23/1991","139.39","139.35","139.39","138.07","-","0.96%"
"07/22/1991","138.07","138.07","138.07","136.70","-","1.00%"
"07/19/1991","136.70","137.66","138.54","136.66","-","-0.34%"
"07/18/1991","137.17","137.17","137.17","135.81","-","1.00%"
"07/17/1991","135.81","135.81","135.81","135.39","-","1.00%"
"07/16/1991","134.47","134.39","134.47","133.14","-","1.00%"
"07/15/1991","133.14","133.90","134.10","131.87","-","0.26%"
"07/12/1991","132.80","132.80","133.38","132.42","-","-0.43%"
"07/11/1991","133.38","133.22","133.99","133.13","-","-0.46%"
"07/10/1991","133.99","134.40","135.60","133.72","-","-0.48%"
"07/09/1991","134.64","136.56","136.57","134.31","-","-0.47%"
"07/08/1991","135.28","135.26","135.28","134.93","-","-0.50%"
"07/05/1991","135.96","136.01","137.68","135.90","-","-0.49%"
"07/04/1991","136.63","136.63","136.63","134.19","-","1.01%"
"07/03/1991","135.27","135.28","135.96","134.98","-","-0.51%"
"07/02/1991","135.96","135.91","135.96","135.69","-","-0.65%"
"07/01/1991","136.85","136.64","138.62","136.56","-","-0.52%"
"06/28/1991","137.56","137.41","137.56","136.19","-","1.01%"
"06/27/1991","136.19","136.04","136.19","134.83","-","1.01%"
"06/26/1991","134.83","134.83","134.83","133.49","-","1.00%"
"06/25/1991","133.49","133.48","133.49","132.17","-","1.00%"
"06/24/1991","132.17","132.10","132.17","131.80","-","1.00%"
"06/21/1991","130.86","130.72","130.86","128.81","-","1.00%"
"06/20/1991","129.57","129.55","129.57","129.21","-","1.00%"
"06/19/1991","128.29","128.12","128.29","127.03","-","0.99%"
"06/18/1991","127.03","127.03","127.03","126.67","-","1.00%"
"06/17/1991","125.77","125.63","125.77","123.54","-","1.00%"
"06/14/1991","124.53","124.47","126.34","124.47","-","-0.65%"
"06/13/1991","125.34","125.33","125.34","123.65","-","0.99%"
"06/12/1991","124.11","123.90","124.11","122.89","-","0.99%"
"06/11/1991","122.89","122.89","122.89","121.67","-","1.00%"
"06/10/1991","121.67","121.65","121.67","120.47","-","1.00%"
"06/07/1991","120.47","120.46","120.47","119.35","-","0.94%"
"06/06/1991","119.35","119.26","119.33","118.17","-","1.00%"
"06/05/1991","118.17","118.17","118.17","117.14","-","0.90%"
"06/04/1991","117.12","117.12","117.12","116.83","-","0.99%"
"06/03/1991","115.97","115.90","115.97","114.89","-","0.99%"
"05/31/1991","114.83","114.83","114.83","113.84","-","0.89%"
"05/30/1991","113.82","113.74","113.82","112.77","-","0.95%"
"05/29/1991","112.75","112.75","112.75","111.67","-","0.96%"
"05/28/1991","111.68","111.61","111.68","111.36","-","0.92%"
"05/27/1991","110.66","111.05","111.07","109.47","-","0.53%"
"05/24/1991","110.08","110.07","110.08","109.82","-","0.92%"
"05/23/1991","109.08","107.52","109.16","107.35","-","0.77%"
"05/22/1991","108.25","109.71","109.82","108.11","-","-0.51%"
"05/21/1991","108.81","108.89","108.89","108.62","-","0.92%"
"05/20/1991","107.82","107.76","107.82","106.71","-","1.00%"
"05/17/1991","106.75","105.12","106.75","104.96","-","0.93%"
"05/16/1991","105.77","105.83","105.86","105.69","-","-0.75%"
"05/15/1991","106.57","106.56","106.60","106.42","-","-0.58%"
"05/14/1991","107.19","107.21","107.84","107.06","-","-0.60%"
"05/13/1991","107.84","107.88","107.88","107.74","-","-0.64%"
"05/10/1991","108.53","108.61","109.40","108.53","-","-0.70%"
"05/09/1991","109.29","109.36","110.12","109.31","-","-0.67%"
"05/08/1991","110.03","110.16","110.82","110.00","-","-0.71%"
"05/07/1991","110.82","110.80","110.90","110.80","-","-0.71%"
"05/06/1991","111.61","111.65","112.41","111.57","-","-0.71%"
"05/03/1991","112.41","112.46","113.17","112.30","-","-0.66%"
"05/02/1991","113.16","113.04","113.20","113.03","-","-0.68%"
"04/30/1991","113.94","113.89","114.87","113.89","-","-0.71%"
"04/29/1991","114.75","114.86","116.29","114.75","-","-0.70%"
"04/26/1991","115.56","116.31","116.31","114.52","-","0.17%"
"04/25/1991","115.36","115.38","115.79","115.33","-","-0.37%"
"04/24/1991","115.79","115.70","116.19","115.70","-","-0.34%"
"04/23/1991","116.19","116.21","116.63","116.15","-","-0.38%"
"04/22/1991","116.63","116.63","117.08","116.58","-","-0.38%"
"04/19/1991","117.08","117.08","117.50","117.05","-","-0.32%"
"04/18/1991","117.45","117.45","117.93","117.45","-","-0.38%"
"04/17/1991","117.90","117.92","118.34","117.89","-","-0.37%"
"04/16/1991","118.34","118.36","118.77","118.34","-","-0.36%"
"04/15/1991","118.77","118.73","119.22","118.72","-","-0.37%"
"04/12/1991","119.21","119.20","119.65","119.15","-","-0.36%"
"04/11/1991","119.64","119.64","120.16","119.62","-","-0.43%"
"04/10/1991","120.16","120.15","120.62","120.09","-","-0.38%"
"04/09/1991","120.62","120.60","121.10","120.60","-","-0.39%"
"04/08/1991","121.09","121.11","121.11","121.05","-","-0.37%"
"04/05/1991","121.54","121.07","121.73","121.03","-","-0.15%"
"04/04/1991","121.72","122.20","122.20","121.24","-","0.01%"
"04/03/1991","121.71","121.71","121.71","121.21","-","0.41%"
"04/02/1991","121.21","121.21","121.29","120.73","-","0.40%"
"04/01/1991","120.73","120.69","120.73","119.68","-","0.45%"
"03/29/1991","120.19","120.16","120.61","120.11","-","-0.35%"
"03/28/1991","120.61","120.65","121.15","120.61","-","-0.42%"
"03/27/1991","121.12","121.12","121.64","121.12","-","-0.41%"
"03/26/1991","121.62","121.62","122.14","121.62","-","-0.41%"
"03/25/1991","122.12","122.12","122.62","122.10","-","-0.41%"
"03/22/1991","122.62","122.62","123.12","122.62","-","-0.41%"
"03/21/1991","123.12","123.14","123.66","123.12","-","-0.44%"
"03/20/1991","123.66","123.66","124.21","123.63","-","-0.45%"
"03/19/1991","124.22","124.23","124.71","124.22","-","-0.39%"
"03/18/1991","124.71","124.70","125.17","124.69","-","-0.37%"
"03/15/1991","125.17","125.08","125.62","125.08","-","-0.37%"
"03/14/1991","125.63","125.61","126.15","125.61","-","-0.41%"
"03/13/1991","126.15","126.13","128.77","126.13","-","-2.03%"
"03/12/1991","128.77","128.73","129.31","128.73","-","-0.42%"
"03/11/1991","129.31","129.30","129.89","129.30","-","-0.45%"
"03/08/1991","129.89","129.84","130.41","129.84","-","-0.40%"
"03/07/1991","130.41","130.41","130.94","130.41","-","-0.40%"
"03/06/1991","130.94","130.89","130.95","130.89","-","-0.40%"
"03/05/1991","131.46","131.42","131.99","131.41","-","-0.40%"
"03/04/1991","131.99","132.09","132.09","131.98","-","-0.41%"
"03/01/1991","132.53","132.53","132.53","132.47","-","-0.36%"
"02/28/1991","133.01","132.99","133.52","132.98","-","-0.34%"
"02/27/1991","133.47","133.44","133.98","133.44","-","-0.34%"
"02/26/1991","133.93","133.90","134.44","133.90","-","-0.35%"
"02/25/1991","134.40","134.37","134.87","134.33","-","-0.35%"
"02/22/1991","134.87","134.85","134.87","134.28","-","0.44%"
"02/21/1991","134.28","134.24","134.28","133.67","-","0.46%"
"02/20/1991","133.67","133.63","133.67","133.13","-","0.41%"
"02/19/1991","133.13","133.12","133.14","133.08","-","0.45%"
"02/14/1991","132.53","132.53","132.53","132.30","-","0.46%"
"02/13/1991","131.92","131.93","131.93","131.35","-","0.43%"
"02/12/1991","131.35","131.54","131.56","130.97","-","0.29%"
"02/11/1991","130.97","130.92","130.97","130.39","-","0.45%"
"02/08/1991","130.38","130.36","130.39","129.79","-","0.45%"
"02/07/1991","129.79","129.74","129.79","129.14","-","0.50%"
"02/06/1991","129.14","129.13","129.15","128.06","-","0.44%"
"02/05/1991","128.58","128.56","128.58","128.53","-","-0.36%"
"02/04/1991","129.05","129.05","129.58","129.05","-","-0.36%"
"02/01/1991","129.51","129.50","129.97","129.45","-","-0.35%"
"01/31/1991","129.97","129.93","130.46","129.93","-","-0.36%"
"01/30/1991","130.44","130.44","130.95","130.41","-","-0.39%"
"01/29/1991","130.95","130.95","130.97","130.95","-","-0.39%"
"01/28/1991","131.46","131.46","131.55","131.46","-","-0.45%"
"01/25/1991","132.05","132.05","132.07","132.03","-","-0.42%"
"01/24/1991","132.61","132.61","133.17","132.57","-","-0.42%"
"01/23/1991","133.17","133.17","133.72","133.14","-","-0.41%"
"01/22/1991","133.72","133.72","134.24","133.66","-","-0.39%"
"01/21/1991","134.24","133.70","134.24","133.66","-","0.00%"
"01/18/1991","134.24","133.70","134.25","133.67","-","-0.01%"
"01/17/1991","134.25","133.67","134.25","133.65","-","0.01%"
"01/16/1991","134.24","134.19","134.74","134.14","-","-0.37%"
"01/15/1991","134.74","134.21","134.74","134.19","-","0.05%"
"01/14/1991","134.67","134.11","135.19","134.11","-","0.05%"
"01/11/1991","134.60","134.61","134.61","134.51","-","0.47%"
"01/10/1991","133.97","133.93","133.97","133.34","-","0.47%"
"01/09/1991","133.34","133.30","133.34","132.68","-","0.50%"
"01/08/1991","132.68","132.62","132.68","132.06","-","0.47%"
"01/07/1991","132.06","131.99","132.06","131.45","-","0.47%"
"01/04/1991","131.44","131.27","131.44","130.14","-","1.00%"
"01/03/1991","130.14","128.84","130.14","128.84","-","1.01%"
"01/02/1991","128.84","127.61","128.84","127.61","-","0.96%"
"12/31/1990","127.61","126.56","127.61","126.48","-","0.92%"
"12/28/1990","126.45","126.39","126.45","125.28","-","0.93%"
"12/27/1990","125.28","125.27","125.28","125.27","-","0.01%"
"12/26/1990","125.27","125.27","125.27","120.25","-","4.17%"
"12/25/1990","120.25","120.09","120.25","114.55","-","4.98%"
"12/24/1990","114.55","113.57","114.55","109.13","-","4.97%"
"12/21/1990","109.13","109.07","109.13","103.73","-","4.54%"
"12/20/1990","104.39","104.30","104.39","99.98","-","4.41%"
