"Date","Price","Open","High","Low","Vol.","Change %"
"06/10/2026","34,151.30","34,234.20","34,403.70","34,123.50","274.57M","-0.76%"
"06/09/2026","34,411.70","34,533.80","34,739.00","33,990.50","292.15M","-0.19%"
"06/08/2026","34,478.70","34,511.20","34,734.90","34,436.70","304.14M","0.19%"
"06/05/2026","34,413.50","35,071.80","35,071.80","34,379.70","321.85M","-2.28%"
"06/04/2026","35,217.10","34,886.40","35,291.10","34,886.40","314.58M","1.19%"
"06/03/2026","34,801.50","35,030.60","35,111.50","34,799.90","278.69M","-1.05%"
"06/02/2026","35,169.50","34,711.80","35,176.80","34,711.80","287.64M","1.25%"
"06/01/2026","34,734.90","34,754.80","34,815.30","34,494.20","289.42M","-0.10%"
"05/29/2026","34,769.10","34,557.50","34,769.10","34,423.30","661.36M","0.73%"
"05/28/2026","34,517.70","34,383.20","34,602.60","34,232.00","265.39M","0.31%"
"05/27/2026","34,412.10","34,560.00","34,613.40","34,392.70","279.77M","-0.70%"
"05/26/2026","34,653.90","34,718.70","34,762.00","34,551.90","257.28M","-0.20%"
"05/25/2026","34,724.80","34,635.80","34,846.50","34,635.80","67.07M","0.74%"
"05/22/2026","34,471.40","34,482.10","34,574.90","34,401.90","228.96M","0.18%"
"05/21/2026","34,409.50","34,071.30","34,522.00","34,025.80","282.33M","0.73%"
"05/20/2026","34,161.80","33,786.80","34,234.50","33,786.80","271.21M","1.25%"
"05/19/2026","33,741.20","33,878.60","34,013.90","33,721.00","322.64M","-0.27%"
"05/15/2026","33,833.40","34,065.70","34,065.70","33,673.80","314.26M","-1.27%"
"05/14/2026","34,268.30","34,083.40","34,323.80","33,997.70","250.13M","0.67%"
"05/13/2026","34,041.40","34,236.40","34,267.40","33,963.00","256.07M","-0.73%"
"05/12/2026","34,290.70","34,113.70","34,303.70","33,907.30","283.50M","0.44%"
"05/11/2026","34,138.90","34,052.70","34,331.80","34,052.70","288.04M","0.18%"
"05/08/2026","34,077.80","33,959.70","34,122.80","33,959.70","290.54M","0.65%"
"05/07/2026","33,856.60","34,027.30","34,175.50","33,745.00","324.76M","-0.37%"
"05/06/2026","33,981.80","33,813.10","34,042.20","33,813.10","343.26M","1.24%"
"05/05/2026","33,566.90","33,590.90","33,790.10","33,546.50","236.40M","-0.21%"
"05/04/2026","33,638.90","33,847.90","33,943.90","33,615.60","298.38M","-0.74%"
"05/01/2026","33,891.20","33,979.50","34,002.70","33,851.20","199.26M","-0.22%"
"04/30/2026","33,964.30","33,405.70","33,976.00","33,405.70","331.24M","1.94%"
"04/29/2026","33,318.40","33,525.00","33,531.30","33,233.40","279.03M","-0.79%"
"04/28/2026","33,584.30","33,757.90","33,844.90","33,550.50","299.89M","-0.69%"
"04/27/2026","33,818.20","33,849.10","33,918.60","33,738.40","325.55M","-0.25%"
"04/24/2026","33,904.10","33,965.40","33,965.40","33,773.90","228.29M","-0.03%"
"04/23/2026","33,912.90","33,857.60","34,010.50","33,621.80","260.56M","-0.12%"
"04/22/2026","33,955.10","33,961.40","34,112.80","33,871.80","207.99M","0.43%"
"04/21/2026","33,808.30","34,334.30","34,401.80","33,793.00","281.07M","-1.61%"
"04/20/2026","34,360.00","34,287.80","34,371.90","34,211.80","261.12M","0.04%"
"04/17/2026","34,346.30","34,143.30","34,430.80","34,128.00","324.99M","0.86%"
"04/16/2026","34,052.20","34,220.40","34,333.60","34,027.40","242.19M","-0.30%"
"04/15/2026","34,156.00","34,112.90","34,282.00","34,018.70","228.14M","0.16%"
"04/14/2026","34,102.40","33,935.90","34,121.70","33,844.30","241.31M","0.66%"
"04/13/2026","33,879.20","33,594.60","33,913.50","33,548.00","270.83M","0.54%"
"04/10/2026","33,695.80","33,528.20","33,777.70","33,528.20","240.67M","0.65%"
"04/09/2026","33,477.70","33,590.80","33,737.10","33,446.70","310.07M","-0.43%"
"04/08/2026","33,620.60","33,559.10","33,862.50","33,480.50","355.38M","1.15%"
"04/07/2026","33,237.50","33,139.50","33,239.20","32,931.10","278.01M","0.17%"
"04/06/2026","33,182.00","33,090.00","33,230.70","33,077.70","279.09M","0.22%"
"04/02/2026","33,108.20","32,682.40","33,144.90","32,564.10","306.61M","0.46%"
"04/01/2026","32,958.00","32,920.20","33,113.80","32,859.30","326.52M","0.58%"
"03/31/2026","32,768.00","32,156.30","32,779.80","32,156.30","365.55M","2.61%"
"03/30/2026","31,934.90","32,088.10","32,392.80","31,778.00","313.31M","-0.08%"
"03/27/2026","31,960.70","31,800.90","32,104.10","31,743.70","305.31M","0.23%"
"03/26/2026","31,887.50","32,161.10","32,506.40","31,867.90","303.61M","-1.53%"
"03/25/2026","32,382.60","32,232.60","32,453.10","32,128.00","312.61M","1.38%"
"03/24/2026","31,941.60","31,757.90","32,116.90","31,572.40","293.10M","0.18%"
"03/23/2026","31,883.80","31,411.00","32,050.80","31,411.00","438.00M","1.81%"
"03/20/2026","31,317.40","31,796.80","31,799.20","31,146.30","839.66M","-1.69%"
"03/19/2026","31,855.00","32,126.70","32,126.70","31,566.30","362.74M","-1.42%"
"03/18/2026","32,312.70","32,777.60","32,777.60","32,287.70","234.01M","-1.87%"
"03/17/2026","32,929.10","33,007.00","33,255.10","32,883.70","238.37M","0.16%"
"03/16/2026","32,876.70","32,569.10","32,930.30","32,569.10","293.39M","1.03%"
"03/13/2026","32,541.90","32,843.90","33,051.10","32,483.80","264.66M","-0.91%"
"03/12/2026","32,840.60","33,056.00","33,121.60","32,820.30","323.84M","-0.84%"
"03/11/2026","33,119.80","33,212.90","33,282.10","32,985.60","312.56M","-0.45%"
"03/10/2026","33,270.70","33,274.90","33,523.20","33,166.00","331.73M","0.25%"
"03/09/2026","33,189.30","32,853.30","33,241.30","32,349.30","407.90M","0.32%"
"03/06/2026","33,083.70","33,352.10","33,352.10","32,882.80","362.63M","-1.57%"
"03/05/2026","33,610.00","33,791.20","33,836.00","33,330.80","323.64M","-0.98%"
"03/04/2026","33,942.90","33,905.10","34,058.70","33,764.80","284.04M","0.47%"
"03/03/2026","33,784.90","34,147.70","34,147.70","33,136.50","357.15M","-2.19%"
"03/02/2026","34,541.30","34,304.90","34,544.50","34,116.20","339.53M","0.59%"
"02/27/2026","34,340.00","34,414.30","34,495.30","34,240.10","496.72M","-0.47%"
"02/26/2026","34,502.00","34,124.30","34,510.10","34,047.50","312.50M","1.10%"
"02/25/2026","34,127.30","34,051.10","34,262.20","33,962.80","292.16M","0.46%"
"02/24/2026","33,970.40","33,703.80","33,994.60","33,614.70","296.48M","0.57%"
"02/23/2026","33,776.50","33,809.90","33,998.50","33,563.30","304.73M","-0.12%"
"02/20/2026","33,817.50","33,568.70","33,820.80","33,537.00","326.28M","0.66%"
"02/19/2026","33,595.00","33,317.80","33,595.60","33,242.40","286.00M","0.61%"
"02/18/2026","33,389.70","33,008.70","33,458.20","33,008.70","317.19M","1.50%"
"02/17/2026","32,896.60","32,975.50","32,975.50","32,537.10","304.54M","-0.54%"
"02/13/2026","33,073.70","32,530.20","33,073.70","32,458.80","264.20M","1.87%"
"02/12/2026","32,465.30","33,304.80","33,310.60","32,442.90","359.94M","-2.37%"
"02/11/2026","33,254.20","33,564.00","33,693.40","33,033.30","306.06M","-0.01%"
"02/10/2026","33,256.80","33,102.30","33,292.20","33,042.10","271.86M","0.71%"
"02/09/2026","33,023.30","32,481.20","33,023.30","32,481.20","305.81M","1.70%"
"02/06/2026","32,471.00","32,148.40","32,478.00","32,148.40","304.16M","1.49%"
"02/05/2026","31,994.60","32,436.50","32,436.50","31,926.10","321.40M","-1.77%"
"02/04/2026","32,571.60","32,455.90","32,574.90","32,224.40","372.46M","0.57%"
"02/03/2026","32,388.60","32,289.00","32,540.10","32,051.10","327.76M","0.64%"
"02/02/2026","32,183.90","31,918.90","32,235.30","31,918.90","316.60M","0.82%"
"01/30/2026","31,923.50","32,835.30","32,835.30","31,726.80","359.76M","-3.31%"
"01/29/2026","33,016.10","33,252.20","33,427.90","32,698.10","400.56M","-0.48%"
"01/28/2026","33,176.10","33,143.00","33,288.40","32,966.50","322.65M","0.24%"
"01/27/2026","33,096.40","33,075.90","33,167.30","32,886.40","274.00M","0.01%"
"01/26/2026","33,093.30","33,232.60","33,428.40","33,068.20","301.55M","-0.16%"
"01/23/2026","33,145.00","33,047.40","33,152.80","32,966.40","266.90M","0.43%"
"01/22/2026","33,002.70","32,928.20","33,128.60","32,879.70","247.65M","0.46%"
"01/21/2026","32,851.50","32,862.50","33,015.80","32,691.50","337.76M","0.31%"
"01/20/2026","32,750.30","33,030.00","33,030.00","32,693.70","297.63M","-1.03%"
"01/19/2026","33,091.00","33,000.40","33,100.50","32,918.70","104.17M","0.15%"
"01/16/2026","33,040.60","33,031.30","33,099.50","32,859.80","274.99M","0.04%"
"01/15/2026","33,028.90","32,953.80","33,099.30","32,876.40","229.47M","0.34%"
"01/14/2026","32,916.50","32,894.90","32,957.30","32,708.20","300.73M","0.14%"
"01/13/2026","32,870.40","32,953.20","32,978.60","32,845.40","294.01M","-0.01%"
"01/12/2026","32,874.70","32,676.70","32,897.50","32,676.70","284.08M","0.80%"
"01/09/2026","32,612.90","32,457.00","32,679.70","32,457.00","248.70M","0.72%"
"01/08/2026","32,378.60","32,090.70","32,393.30","32,036.20","295.14M","0.76%"
"01/07/2026","32,135.50","32,254.30","32,254.30","31,974.90","344.54M","-0.84%"
"01/06/2026","32,407.00","32,227.80","32,431.50","32,170.60","336.76M","0.58%"
"01/05/2026","32,220.00","31,982.70","32,318.30","31,982.70","375.68M","1.06%"
"01/02/2026","31,883.40","31,815.70","31,884.20","31,685.50","219.40M","0.54%"
"12/31/2025","31,712.80","31,840.30","31,881.80","31,692.60","135.20M","-0.48%"
"12/30/2025","31,866.30","31,976.20","32,029.80","31,866.30","220.44M","-0.09%"
"12/29/2025","31,896.60","31,890.60","31,993.00","31,834.10","262.17M","-0.32%"
"12/24/2025","31,999.80","32,039.00","32,079.70","31,914.70","82.63M","-0.18%"
"12/23/2025","32,058.70","31,989.10","32,073.20","31,950.80","245.18M","0.18%"
"12/22/2025","32,000.10","31,875.10","32,081.90","31,827.60","290.36M","0.77%"
"12/19/2025","31,755.80","31,527.40","31,865.80","31,527.40","689.86M","1.00%"
"12/18/2025","31,440.90","31,367.50","31,636.70","31,366.90","266.17M","0.61%"
"12/17/2025","31,250.00","31,382.20","31,450.50","31,170.80","295.94M","-0.04%"
"12/16/2025","31,263.90","31,374.90","31,480.60","31,215.80","313.06M","-0.70%"
"12/15/2025","31,483.40","31,594.60","31,707.00","31,434.10","291.96M","-0.14%"
"12/12/2025","31,527.40","31,710.90","31,760.80","31,325.80","285.54M","-0.42%"
"12/11/2025","31,660.70","31,470.20","31,725.10","31,410.40","264.20M","0.54%"
"12/10/2025","31,490.90","31,208.00","31,555.10","31,198.70","299.94M","0.79%"
"12/09/2025","31,244.40","31,164.90","31,395.90","31,160.90","256.26M","0.24%"
"12/08/2025","31,170.00","31,323.40","31,332.40","31,163.80","313.91M","-0.45%"
"12/05/2025","31,311.40","31,495.70","31,541.70","31,265.00","267.08M","-0.53%"
"12/04/2025","31,477.60","31,189.00","31,520.30","31,189.00","290.21M","1.02%"
"12/03/2025","31,160.50","31,083.70","31,210.70","31,063.00","285.14M","0.36%"
"12/02/2025","31,049.30","31,158.20","31,179.00","30,908.10","273.88M","-0.17%"
"12/01/2025","31,101.80","31,262.10","31,308.80","31,099.80","289.03M","-0.90%"
"11/28/2025","31,382.80","31,233.90","31,411.00","31,151.70","207.82M","0.53%"
"11/27/2025","31,216.20","31,165.30","31,226.70","31,158.80","34.51M","0.12%"
"11/26/2025","31,180.30","30,958.20","31,215.50","30,958.20","234.78M","0.90%"
"11/25/2025","30,900.70","30,624.00","30,924.10","30,572.00","282.65M","0.97%"
"11/24/2025","30,604.40","30,194.60","30,614.50","30,154.50","453.17M","1.47%"
"11/21/2025","30,160.70","29,933.20","30,242.50","29,841.80","266.88M","0.85%"
"11/20/2025","29,906.60","30,479.90","30,632.80","29,898.50","248.35M","-1.23%"
"11/19/2025","30,278.40","30,106.00","30,292.80","30,067.70","251.81M","0.81%"
"11/18/2025","30,036.50","29,969.70","30,140.40","29,829.40","280.54M","-0.13%"
"11/17/2025","30,076.20","30,278.40","30,353.10","29,940.50","314.80M","-0.83%"
"11/14/2025","30,326.50","30,104.80","30,375.50","29,828.50","316.91M","0.24%"
"11/13/2025","30,253.60","30,779.20","30,788.80","30,164.90","296.06M","-1.86%"
"11/12/2025","30,827.60","30,475.30","30,863.30","30,475.30","285.85M","1.38%"
"11/11/2025","30,409.30","30,323.10","30,431.30","30,258.20","201.51M","0.31%"
"11/10/2025","30,316.60","30,085.00","30,354.20","30,085.00","286.69M","1.35%"
"11/07/2025","29,912.20","29,765.20","29,912.20","29,530.90","297.98M","0.15%"
"11/06/2025","29,868.60","30,111.50","30,117.70","29,815.10","264.38M","-0.78%"
"11/05/2025","30,103.50","29,827.80","30,181.20","29,827.80","282.50M","1.09%"
"11/04/2025","29,777.80","29,959.20","30,026.20","29,749.50","242.81M","-1.64%"
"11/03/2025","30,275.10","30,292.10","30,294.40","30,029.40","264.27M","0.05%"
"10/31/2025","30,260.70","30,274.40","30,314.60","30,120.60","280.31M","0.27%"
"10/30/2025","30,179.00","30,102.00","30,303.10","30,077.70","242.64M","0.11%"
"10/29/2025","30,144.80","30,495.40","30,495.40","30,051.30","260.74M","-0.90%"
"10/28/2025","30,419.70","30,296.70","30,490.00","30,296.70","241.97M","0.48%"
"10/27/2025","30,275.80","30,315.60","30,386.60","30,087.50","276.26M","-0.25%"
"10/24/2025","30,353.10","30,248.70","30,411.30","30,248.70","212.70M","0.55%"
"10/23/2025","30,186.30","30,097.50","30,266.50","30,094.90","255.40M","0.68%"
"10/22/2025","29,983.00","29,818.20","30,036.90","29,802.50","270.04M","0.32%"
"10/21/2025","29,888.80","30,214.10","30,214.10","29,837.60","245.60M","-1.73%"
"10/20/2025","30,416.40","30,265.40","30,439.10","30,265.40","229.13M","1.02%"
"10/17/2025","30,108.50","30,338.80","30,338.80","30,008.00","282.27M","-1.15%"
"10/16/2025","30,458.80","30,749.70","30,790.60","30,375.00","276.48M","-0.58%"
"10/15/2025","30,637.10","30,493.10","30,808.10","30,470.80","280.49M","0.93%"
"10/14/2025","30,353.60","29,907.90","30,478.00","29,907.90","345.28M","1.68%"
"10/10/2025","29,850.90","30,324.20","30,358.70","29,842.00","314.82M","-1.38%"
"10/09/2025","30,270.00","30,545.00","30,550.20","30,165.00","275.01M","-0.76%"
"10/08/2025","30,502.00","30,492.20","30,521.00","30,365.80","292.00M","0.50%"
"10/07/2025","30,351.70","30,571.10","30,612.10","30,278.20","249.22M","-0.59%"
"10/06/2025","30,531.90","30,635.90","30,687.00","30,479.10","263.42M","0.20%"
"10/03/2025","30,471.70","30,205.10","30,490.00","30,205.10","279.83M","1.03%"
"10/02/2025","30,160.60","30,172.80","30,183.10","29,903.10","272.06M","0.18%"
"10/01/2025","30,107.70","30,006.40","30,182.60","30,006.40","227.88M","0.28%"
"09/30/2025","30,022.80","29,930.70","30,049.80","29,837.30","258.53M","0.17%"
"09/29/2025","29,971.90","29,856.50","29,980.50","29,856.50","264.61M","0.71%"
"09/26/2025","29,761.30","29,778.40","29,864.20","29,739.20","297.60M","0.10%"
"09/25/2025","29,732.00","29,661.60","29,768.30","29,544.80","293.27M","-0.08%"
"09/24/2025","29,757.00","29,865.00","30,023.10","29,755.20","312.08M","-0.20%"
"09/23/2025","29,815.60","30,005.70","30,066.60","29,811.70","296.64M","-0.48%"
"09/22/2025","29,959.00","29,791.00","29,990.70","29,747.90","352.96M","0.64%"
"09/19/2025","29,768.40","29,620.00","29,791.50","29,531.50","812.40M","1.07%"
"09/18/2025","29,453.50","29,347.00","29,504.20","29,319.90","219.48M","0.45%"
"09/17/2025","29,321.70","29,289.10","29,465.10","29,201.90","260.95M","0.02%"
"09/16/2025","29,315.20","29,429.50","29,429.50","29,247.60","318.86M","-0.39%"
"09/15/2025","29,431.00","29,302.10","29,432.50","29,241.80","307.02M","0.50%"
"09/12/2025","29,283.80","29,390.70","29,421.20","29,254.40","218.53M","-0.42%"
"09/11/2025","29,407.90","29,192.40","29,418.80","29,178.60","256.90M","0.78%"
"09/10/2025","29,179.40","29,108.50","29,218.30","29,099.90","287.55M","0.40%"
"09/09/2025","29,063.00","29,018.00","29,123.10","29,018.00","278.82M","0.12%"
"09/08/2025","29,027.70","29,070.20","29,102.10","28,893.90","285.66M","-0.08%"
"09/05/2025","29,050.60","29,002.80","29,115.40","28,868.00","245.66M","0.47%"
"09/04/2025","28,915.90","28,761.90","28,924.30","28,734.90","215.75M","0.57%"
"09/03/2025","28,751.40","28,667.90","28,761.90","28,656.90","235.96M","0.47%"
"09/02/2025","28,615.60","28,497.40","28,617.60","28,370.10","246.99M","0.18%"
"08/29/2025","28,564.50","28,416.40","28,607.30","28,370.90","249.05M","0.46%"
"08/28/2025","28,434.80","28,505.10","28,530.20","28,349.60","203.07M","0.01%"
"08/27/2025","28,433.00","28,352.50","28,468.30","28,352.50","251.91M","0.33%"
"08/26/2025","28,339.90","28,173.90","28,346.60","28,159.60","380.69M","0.60%"
"08/25/2025","28,169.90","28,313.70","28,313.70","28,138.70","238.29M","-0.58%"
"08/22/2025","28,333.10","28,079.50","28,394.60","28,079.50","303.57M","0.99%"
"08/21/2025","28,055.40","27,858.60","28,063.50","27,845.50","208.91M","0.63%"
"08/20/2025","27,878.80","27,821.30","27,913.80","27,802.10","215.03M","0.20%"
"08/19/2025","27,823.90","27,921.60","27,998.30","27,816.20","189.73M","-0.35%"
"08/18/2025","27,922.90","27,887.30","27,922.90","27,840.90","211.17M","0.06%"
"08/15/2025","27,905.50","27,930.60","27,932.10","27,850.80","207.14M","-0.04%"
"08/14/2025","27,916.00","27,942.60","27,960.70","27,836.40","206.51M","-0.28%"
"08/13/2025","27,993.40","27,976.60","28,063.70","27,942.00","228.31M","0.26%"
"08/12/2025","27,921.30","27,816.00","27,954.00","27,816.00","204.01M","0.53%"
"08/11/2025","27,775.20","27,731.10","27,841.40","27,731.10","219.84M","0.06%"
"08/08/2025","27,758.70","27,792.50","27,869.90","27,739.80","229.79M","-0.01%"
"08/07/2025","27,761.30","27,977.80","27,977.80","27,683.00","222.71M","-0.57%"
"08/06/2025","27,920.90","27,800.50","27,955.60","27,800.50","261.12M","1.27%"
"08/05/2025","27,570.10","27,254.30","27,575.30","27,254.30","282.28M","2.03%"
"08/01/2025","27,020.40","27,171.70","27,171.70","26,846.70","224.55M","-0.88%"
"07/31/2025","27,259.80","27,388.90","27,481.10","27,218.60","236.41M","-0.40%"
"07/30/2025","27,370.00","27,525.80","27,581.20","27,290.00","211.19M","-0.62%"
"07/29/2025","27,539.90","27,434.80","27,544.60","27,434.80","201.50M","0.49%"
"07/28/2025","27,405.40","27,493.10","27,493.10","27,351.30","205.70M","-0.32%"
"07/25/2025","27,494.40","27,377.00","27,516.00","27,364.60","191.52M","0.45%"
"07/24/2025","27,372.30","27,407.10","27,479.00","27,321.40","227.50M","-0.16%"
"07/23/2025","27,416.40","27,354.70","27,462.80","27,354.70","211.67M","0.19%"
"07/22/2025","27,364.40","27,304.80","27,396.50","27,270.50","240.12M","0.17%"
"07/21/2025","27,317.00","27,350.90","27,448.50","27,303.20","218.64M","0.01%"
"07/18/2025","27,314.00","27,413.60","27,422.10","27,289.20","192.41M","-0.27%"
"07/17/2025","27,386.90","27,190.20","27,422.40","27,146.00","222.73M","0.86%"
"07/16/2025","27,153.00","27,074.40","27,159.90","26,923.40","213.12M","0.37%"
"07/15/2025","27,054.10","27,210.60","27,239.50","27,017.80","220.70M","-0.53%"
"07/14/2025","27,198.90","27,035.20","27,219.30","27,001.20","222.94M","0.65%"
"07/11/2025","27,023.30","27,042.90","27,044.00","26,928.10","221.47M","-0.22%"
"07/10/2025","27,082.30","26,980.70","27,120.00","26,918.80","271.24M","0.41%"
"07/09/2025","26,972.30","26,926.10","27,018.50","26,908.30","226.39M","0.26%"
"07/08/2025","26,903.60","27,033.30","27,070.20","26,861.00","325.49M","-0.43%"
"07/07/2025","27,020.30","27,029.40","27,100.20","26,964.00","299.31M","-0.11%"
"07/04/2025","27,050.90","27,011.30","27,076.80","26,987.90","38.49M","0.06%"
"07/03/2025","27,034.30","26,888.70","27,039.30","26,878.30","165.78M","0.61%"
"07/02/2025","26,869.70","26,849.60","26,893.80","26,762.90","267.38M","0.05%"
"06/30/2025","26,857.10","26,733.00","26,857.10","26,660.50","256.42M","0.62%"
"06/27/2025","26,692.30","26,703.70","26,806.60","26,574.00","309.77M","-0.22%"
"06/26/2025","26,752.00","26,575.60","26,752.00","26,552.20","245.53M","0.70%"
"06/25/2025","26,566.30","26,713.20","26,713.20","26,546.70","237.80M","-0.57%"
"06/24/2025","26,718.60","26,610.80","26,780.20","26,565.80","276.58M","0.41%"
"06/23/2025","26,609.40","26,484.50","26,679.50","26,484.50","308.42M","0.42%"
"06/20/2025","26,497.60","26,603.30","26,665.00","26,450.60","503.99M","-0.02%"
"06/19/2025","26,503.30","26,520.90","26,527.00","26,442.60","49.47M","-0.21%"
"06/18/2025","26,559.90","26,555.50","26,639.00","26,538.60","246.68M","0.07%"
"06/17/2025","26,541.40","26,554.60","26,592.30","26,463.20","266.05M","-0.10%"
"06/16/2025","26,568.60","26,535.80","26,681.70","26,533.30","336.37M","0.24%"
"06/13/2025","26,504.40","26,555.60","26,597.60","26,458.40","344.87M","-0.42%"
"06/12/2025","26,615.80","26,516.30","26,615.80","26,466.50","258.76M","0.35%"
"06/11/2025","26,524.20","26,471.40","26,586.80","26,466.60","282.01M","0.37%"
"06/10/2025","26,426.30","26,391.60","26,476.70","26,349.00","282.39M","0.19%"
"06/09/2025","26,375.80","26,411.00","26,464.50","26,327.70","297.19M","-0.20%"
"06/06/2025","26,429.10","26,432.20","26,519.60","26,389.90","260.53M","0.33%"
"06/05/2025","26,342.30","26,369.30","26,425.70","26,317.00","269.78M","0.05%"
"06/04/2025","26,329.00","26,438.60","26,451.10","26,279.70","236.08M","-0.37%"
"06/03/2025","26,426.60","26,376.50","26,463.90","26,305.10","274.20M","0.14%"
"06/02/2025","26,389.00","26,184.40","26,417.50","26,166.60","309.64M","0.82%"
"05/30/2025","26,175.10","26,176.10","26,198.80","26,024.40","466.99M","-0.14%"
"05/29/2025","26,210.60","26,325.60","26,385.40","26,163.40","222.48M","-0.28%"
"05/28/2025","26,283.50","26,278.90","26,336.30","26,239.80","252.95M","0.06%"
"05/27/2025","26,269.00","26,067.70","26,300.70","26,067.70","289.38M","0.65%"
"05/26/2025","26,098.40","25,942.70","26,110.60","25,942.70","59.83M","0.84%"
"05/23/2025","25,880.00","25,784.60","25,926.80","25,724.70","210.95M","0.10%"
"05/22/2025","25,854.00","25,856.40","25,943.50","25,764.80","250.17M","0.06%"
"05/21/2025","25,839.20","26,013.30","26,013.30","25,779.20","260.04M","-0.83%"
"05/20/2025","26,055.60","25,950.70","26,117.10","25,950.70","279.20M","0.32%"
"05/16/2025","25,971.90","25,878.00","25,992.90","25,834.00","253.50M","0.29%"
"05/15/2025","25,897.50","25,684.50","25,898.10","25,672.00","273.13M","0.80%"
"05/14/2025","25,692.50","25,606.30","25,706.20","25,548.00","239.03M","0.30%"
"05/13/2025","25,616.90","25,578.40","25,699.20","25,578.40","264.17M","0.33%"
"05/12/2025","25,532.20","25,444.70","25,731.00","25,444.70","395.73M","0.69%"
"05/09/2025","25,357.70","25,317.10","25,423.00","25,225.00","272.25M","0.41%"
"05/08/2025","25,254.10","25,143.30","25,376.20","25,143.30","296.05M","0.37%"
"05/07/2025","25,161.20","24,978.90","25,162.40","24,971.90","272.41M","0.75%"
"05/06/2025","24,974.70","24,941.30","25,025.10","24,865.50","259.50M","0.08%"
"05/05/2025","24,953.50","24,992.40","25,065.60","24,903.60","206.75M","-0.31%"
"05/02/2025","25,031.50","24,929.60","25,032.70","24,861.50","208.38M","0.95%"
"05/01/2025","24,795.60","24,854.30","24,961.80","24,750.20","213.32M","-0.19%"
"04/30/2025","24,841.70","24,749.30","24,843.60","24,503.60","271.26M","-0.13%"
"04/29/2025","24,874.50","24,766.40","24,910.00","24,743.70","199.91M","0.31%"
"04/28/2025","24,798.60","24,701.70","24,845.50","24,701.70","224.29M","0.36%"
"04/25/2025","24,710.50","24,669.70","24,719.00","24,602.20","214.23M","-0.07%"
"04/24/2025","24,727.50","24,492.70","24,727.50","24,464.60","224.42M","1.04%"
"04/23/2025","24,472.70","24,433.30","24,671.70","24,433.30","238.73M","0.69%"
"04/22/2025","24,306.00","24,115.30","24,404.70","24,115.30","250.03M","1.24%"
"04/21/2025","24,008.90","24,170.30","24,173.30","23,820.50","205.18M","-0.76%"
"04/17/2025","24,192.80","24,118.10","24,307.00","24,058.30","251.01M","0.36%"
"04/16/2025","24,106.80","24,061.90","24,227.40","23,905.10","262.24M","0.16%"
"04/15/2025","24,067.90","23,888.10","24,105.10","23,888.10","246.12M","0.84%"
"04/14/2025","23,866.50","23,710.10","23,949.60","23,668.20","265.95M","1.18%"
"04/11/2025","23,587.80","23,049.80","23,645.00","23,038.70","298.06M","2.49%"
"04/10/2025","23,014.90","23,596.90","23,596.90","22,703.40","320.21M","-3.00%"
"04/09/2025","23,727.00","22,440.60","23,805.50","22,228.00","435.95M","5.42%"
"04/08/2025","22,506.90","23,159.60","23,393.80","22,314.00","386.92M","-1.54%"
"04/07/2025","22,859.50","22,959.40","23,477.80","22,227.70","439.79M","-1.44%"
"04/04/2025","23,193.50","24,118.20","24,118.20","22,988.30","473.36M","-4.69%"
"04/03/2025","24,335.80","24,844.60","24,844.60","24,313.10","340.85M","-3.84%"
"04/02/2025","25,307.20","24,941.40","25,307.20","24,812.60","219.97M","1.09%"
"04/01/2025","25,033.30","24,909.60","25,072.40","24,735.50","230.40M","0.46%"
"03/31/2025","24,917.50","24,650.10","24,997.20","24,534.40","278.91M","0.64%"
"03/28/2025","24,759.20","25,100.80","25,100.80","24,752.60","281.35M","-1.60%"
"03/27/2025","25,161.10","25,132.20","25,205.60","25,023.80","214.05M","0.00%"
"03/26/2025","25,161.10","25,356.30","25,432.80","25,106.40","212.75M","-0.70%"
"03/25/2025","25,339.50","25,346.40","25,454.90","25,318.30","257.34M","0.14%"
"03/24/2025","25,304.10","25,060.20","25,357.80","25,060.20","307.77M","1.34%"
"03/21/2025","24,968.50","25,001.80","25,001.80","24,782.50","481.35M","-0.37%"
"03/20/2025","25,060.20","24,992.10","25,175.00","24,923.10","224.99M","-0.04%"
"03/19/2025","25,069.20","24,724.10","25,115.50","24,724.10","230.91M","1.47%"
"03/18/2025","24,706.10","24,792.50","24,792.50","24,572.30","246.98M","-0.32%"
"03/17/2025","24,785.10","24,550.10","24,806.80","24,550.10","331.05M","0.94%"
"03/14/2025","24,553.40","24,301.70","24,565.40","24,293.20","262.20M","1.45%"
"03/13/2025","24,203.20","24,375.10","24,467.60","24,145.60","343.75M","-0.90%"
"03/12/2025","24,423.30","24,334.00","24,516.30","24,227.80","332.66M","0.72%"
"03/11/2025","24,248.20","24,363.00","24,493.50","24,155.60","365.19M","-0.54%"
"03/10/2025","24,380.70","24,601.30","24,601.30","24,250.00","459.73M","-1.53%"
"03/07/2025","24,758.80","24,547.20","24,825.40","24,458.50","301.44M","0.71%"
"03/06/2025","24,584.00","24,735.00","24,828.40","24,476.50","332.96M","-1.15%"
"03/05/2025","24,870.80","24,555.90","24,881.80","24,549.00","323.16M","1.22%"
"03/04/2025","24,572.00","24,862.20","24,862.20","24,344.80","350.24M","-1.72%"
"03/03/2025","25,001.60","25,411.60","25,559.50","24,885.70","340.86M","-1.54%"
"02/28/2025","25,393.50","25,096.20","25,393.70","25,012.80","450.78M","1.06%"
"02/27/2025","25,128.20","25,366.20","25,417.50","25,128.20","275.14M","-0.79%"
"02/26/2025","25,328.40","25,240.80","25,441.70","25,208.70","228.35M","0.49%"
"02/25/2025","25,204.00","25,147.00","25,258.30","24,946.10","292.38M","0.21%"
"02/24/2025","25,151.30","25,157.50","25,255.90","25,020.00","247.22M","0.02%"
"02/21/2025","25,147.00","25,538.80","25,538.80","25,126.70","263.24M","-1.44%"
"02/20/2025","25,514.10","25,617.20","25,632.60","25,436.90","267.03M","-0.44%"
"02/19/2025","25,626.20","25,605.70","25,635.50","25,439.40","233.79M","-0.09%"
"02/18/2025","25,648.80","25,510.90","25,668.90","25,424.00","289.91M","0.65%"
"02/14/2025","25,483.20","25,700.90","25,701.30","25,470.80","226.49M","-0.84%"
"02/13/2025","25,698.50","25,579.30","25,713.30","25,579.30","203.03M","0.53%"
"02/12/2025","25,563.10","25,503.30","25,625.30","25,453.90","210.48M","-0.27%"
"02/11/2025","25,631.80","25,634.30","25,672.90","25,480.30","224.69M","-0.11%"
"02/10/2025","25,658.90","25,562.80","25,720.60","25,562.80","275.56M","0.85%"
"02/07/2025","25,442.90","25,544.60","25,587.50","25,380.40","238.13M","-0.36%"
"02/06/2025","25,534.50","25,611.00","25,669.80","25,402.80","242.54M","-0.14%"
"02/05/2025","25,569.80","25,312.80","25,571.10","25,307.30","253.03M","1.15%"
"02/04/2025","25,279.40","25,270.30","25,446.20","25,259.40","241.82M","0.15%"
"02/03/2025","25,241.80","25,139.40","25,368.90","24,742.90","322.87M","-1.14%"
"01/31/2025","25,533.10","25,822.80","25,869.80","25,526.00","249.26M","-1.07%"
"01/30/2025","25,808.30","25,549.90","25,875.60","25,549.90","225.81M","1.32%"
"01/29/2025","25,473.30","25,411.60","25,554.30","25,361.30","182.76M","0.21%"
"01/28/2025","25,419.50","25,322.30","25,425.90","25,277.10","202.06M","0.52%"
"01/27/2025","25,289.20","25,347.90","25,347.90","25,204.10","232.86M","-0.70%"
"01/24/2025","25,468.50","25,442.60","25,500.80","25,415.40","191.95M","0.14%"
"01/23/2025","25,434.10","25,308.20","25,441.10","25,308.20","201.24M","0.48%"
"01/22/2025","25,311.50","25,315.20","25,368.90","25,281.20","204.13M","0.12%"
"01/21/2025","25,281.60","25,167.30","25,316.10","25,134.10","227.10M","0.60%"
"01/20/2025","25,130.80","25,064.30","25,245.80","25,064.30","51.73M","0.25%"
"01/17/2025","25,067.90","24,931.20","25,088.00","24,931.20","216.65M","0.89%"
"01/16/2025","24,846.20","24,826.20","24,884.20","24,771.90","231.75M","0.23%"
"01/15/2025","24,789.30","24,733.40","24,879.20","24,733.40","214.07M","0.82%"
"01/14/2025","24,588.60","24,566.40","24,623.20","24,469.90","226.05M","0.21%"
"01/13/2025","24,536.30","24,629.10","24,668.10","24,519.80","243.47M","-0.93%"
"01/10/2025","24,767.70","25,003.40","25,003.40","24,693.80","287.00M","-1.22%"
"01/09/2025","25,073.40","25,040.10","25,100.20","25,025.10","102.06M","0.09%"
"01/08/2025","25,051.70","24,930.00","25,061.60","24,856.20","249.05M","0.49%"
"01/07/2025","24,929.90","25,059.90","25,197.00","24,863.90","237.76M","-0.28%"
"01/06/2025","24,999.80","25,169.00","25,222.40","24,967.90","239.98M","-0.29%"
"01/03/2025","25,073.50","24,940.00","25,086.00","24,940.00","186.57M","0.70%"
"01/02/2025","24,898.00","24,821.20","25,003.20","24,777.10","215.09M","0.69%"
"12/31/2024","24,727.90","24,651.50","24,767.80","24,651.50","154.43M","0.44%"
"12/30/2024","24,620.60","24,667.10","24,691.50","24,491.50","201.54M","-0.71%"
"12/27/2024","24,796.40","24,801.70","24,876.80","24,701.20","218.07M","-0.20%"
"12/24/2024","24,846.80","24,748.20","24,846.80","24,665.60","86.28M","0.40%"
"12/23/2024","24,749.00","24,566.30","24,749.80","24,510.50","258.16M","0.61%"
"12/20/2024","24,599.50","24,361.30","24,720.90","24,250.00","517.45M","0.76%"
"12/19/2024","24,413.90","24,590.90","24,650.40","24,408.50","231.75M","-0.58%"
"12/18/2024","24,557.00","25,095.00","25,116.30","24,512.70","296.44M","-2.24%"
"12/17/2024","25,119.70","25,070.80","25,131.80","25,008.10","280.47M","-0.11%"
"12/16/2024","25,147.20","25,255.90","25,265.30","25,133.80","256.37M","-0.50%"
"12/13/2024","25,274.30","25,403.60","25,403.60","25,216.40","222.09M","-0.54%"
"12/12/2024","25,410.70","25,607.20","25,607.20","25,393.70","243.07M","-0.96%"
"12/11/2024","25,657.70","25,558.80","25,674.70","25,533.80","257.76M","0.60%"
"12/10/2024","25,504.30","25,616.70","25,621.70","25,498.90","269.23M","-0.47%"
"12/09/2024","25,625.40","25,713.00","25,843.20","25,608.00","287.25M","-0.26%"
"12/06/2024","25,691.80","25,743.00","25,827.00","25,684.70","229.58M","0.05%"
"12/05/2024","25,680.00","25,550.90","25,760.20","25,550.90","250.51M","0.15%"
"12/04/2024","25,641.20","25,666.40","25,743.50","25,573.60","277.67M","0.02%"
"12/03/2024","25,635.70","25,589.20","25,693.70","25,578.70","268.96M","0.18%"
"12/02/2024","25,590.30","25,650.30","25,706.50","25,492.60","295.58M","-0.22%"
"11/29/2024","25,648.00","25,530.20","25,694.50","25,529.00","176.43M","0.41%"
"11/28/2024","25,543.50","25,483.40","25,593.50","25,483.40","81.48M","0.22%"
"11/27/2024","25,488.30","25,388.50","25,524.60","25,385.40","201.38M","0.33%"
"11/26/2024","25,405.10","25,391.70","25,437.20","25,288.50","275.00M","-0.02%"
"11/25/2024","25,410.40","25,457.30","25,542.60","25,389.70","444.93M","-0.13%"
"11/22/2024","25,444.30","25,395.70","25,478.40","25,360.10","196.54M","0.21%"
"11/21/2024","25,390.70","25,076.90","25,402.10","25,040.60","270.82M","1.41%"
"11/20/2024","25,036.50","25,022.60","25,041.60","24,909.70","214.81M","0.10%"
"11/19/2024","25,010.80","24,887.40","25,018.60","24,787.80","226.20M","0.14%"
"11/18/2024","24,976.90","24,906.50","25,082.90","24,906.50","286.28M","0.35%"
"11/15/2024","24,890.70","25,004.50","25,004.50","24,814.90","253.36M","-0.63%"
"11/14/2024","25,049.70","24,990.10","25,137.70","24,990.10","219.87M","0.24%"
"11/13/2024","24,989.00","24,917.70","25,003.00","24,860.60","217.24M","0.26%"
"11/12/2024","24,923.00","24,979.80","25,024.90","24,826.10","242.35M","0.54%"
"11/11/2024","24,789.30","24,783.60","24,901.50","24,772.50","212.52M","0.12%"
"11/08/2024","24,759.40","24,804.30","24,804.30","24,679.70","213.06M","-0.35%"
"11/07/2024","24,845.90","24,651.40","24,869.20","24,644.30","259.93M","0.85%"
"11/06/2024","24,637.50","24,483.20","24,646.40","24,315.20","273.18M","1.02%"
"11/05/2024","24,387.90","24,262.50","24,393.80","24,231.80","197.18M","0.54%"
"11/04/2024","24,256.10","24,219.20","24,353.40","24,162.20","251.99M","0.00%"
"11/01/2024","24,255.20","24,225.30","24,365.10","24,205.20","210.24M","0.41%"
"10/31/2024","24,156.90","24,457.80","24,457.80","24,098.50","283.41M","-1.43%"
"10/30/2024","24,507.80","24,486.40","24,571.30","24,428.10","179.92M","-0.22%"
"10/29/2024","24,562.60","24,542.80","24,591.40","24,461.90","201.02M","-0.01%"
"10/28/2024","24,565.70","24,456.90","24,599.00","24,406.40","220.37M","0.42%"
"10/25/2024","24,463.70","24,547.00","24,606.90","24,435.80","171.03M","-0.36%"
"10/24/2024","24,551.60","24,557.10","24,590.50","24,372.30","212.93M","-0.09%"
"10/23/2024","24,573.60","24,675.40","24,709.00","24,453.40","184.29M","-0.47%"
"10/22/2024","24,689.70","24,681.50","24,692.70","24,565.20","82.80M","-0.14%"
"10/21/2024","24,723.30","24,838.20","24,922.90","24,692.10","219.49M","-0.40%"
"10/18/2024","24,822.50","24,714.10","24,850.20","24,698.00","231.85M","0.53%"
"10/17/2024","24,690.50","24,602.30","24,704.40","24,602.30","219.05M","0.53%"
"10/16/2024","24,561.20","24,469.00","24,603.10","24,469.00","230.57M","0.50%"
"10/15/2024","24,439.10","24,459.20","24,479.20","24,357.90","278.93M","-0.13%"
"10/11/2024","24,471.20","24,302.30","24,520.30","24,302.30","227.98M","0.69%"
"10/10/2024","24,302.30","24,176.40","24,315.50","24,134.90","254.99M","0.32%"
"10/09/2024","24,224.90","24,043.70","24,230.10","24,009.50","182.14M","0.63%"
"10/08/2024","24,072.50","24,076.40","24,083.10","23,969.30","207.90M","-0.13%"
"10/07/2024","24,102.70","24,137.90","24,173.10","23,988.20","256.82M","-0.25%"
"10/04/2024","24,162.80","24,044.60","24,179.30","24,044.60","229.68M","0.81%"
"10/03/2024","23,968.50","23,966.70","23,982.20","23,824.00","209.44M","-0.14%"
"10/02/2024","24,001.60","24,068.50","24,113.30","23,951.20","203.00M","-0.13%"
"10/01/2024","24,034.00","23,982.90","24,065.80","23,875.70","251.22M","0.14%"
"09/30/2024","24,000.40","23,901.50","24,010.80","23,824.20","235.53M","0.18%"
"09/27/2024","23,956.80","24,041.10","24,075.60","23,955.60","330.88M","-0.32%"
"09/26/2024","24,033.80","23,943.60","24,107.00","23,943.60","251.13M","0.54%"
"09/25/2024","23,905.90","23,938.30","23,962.10","23,876.70","209.81M","-0.19%"
"09/24/2024","23,952.20","23,931.40","24,011.20","23,919.50","222.32M","0.24%"
"09/23/2024","23,894.70","23,877.20","23,961.40","23,807.70","299.27M","0.11%"
"09/20/2024","23,867.40","23,875.10","23,883.40","23,740.40","742.79M","0.00%"
"09/19/2024","23,866.30","23,756.30","23,909.50","23,729.40","249.65M","1.16%"
"09/18/2024","23,592.60","23,672.30","23,780.20","23,557.40","239.77M","-0.36%"
"09/17/2024","23,677.70","23,754.90","23,800.60","23,603.90","276.23M","-0.10%"
"09/16/2024","23,702.10","23,583.10","23,721.60","23,548.70","267.64M","0.57%"
"09/13/2024","23,568.70","23,523.50","23,637.30","23,523.50","261.85M","0.40%"
"09/12/2024","23,475.10","23,231.70","23,483.10","23,231.70","312.05M","1.14%"
"09/11/2024","23,211.20","22,999.40","23,211.20","22,829.20","265.75M","0.90%"
"09/10/2024","23,003.10","23,030.70","23,030.70","22,791.60","292.28M","-0.10%"
"09/09/2024","23,027.20","22,879.20","23,082.40","22,879.20","254.96M","1.08%"
"09/06/2024","22,781.40","22,997.20","23,119.30","22,679.90","250.14M","-0.90%"
"09/05/2024","22,988.30","23,070.20","23,173.80","22,976.30","209.59M","-0.23%"
"09/04/2024","23,040.80","22,986.20","23,146.00","22,981.40","228.75M","-0.01%"
"09/03/2024","23,042.50","23,282.30","23,282.30","22,976.60","312.30M","-1.30%"
"08/30/2024","23,346.20","23,219.60","23,353.00","23,148.50","314.44M","0.51%"
"08/29/2024","23,227.50","23,174.60","23,336.90","23,174.60","228.79M","0.43%"
"08/28/2024","23,127.00","23,230.60","23,239.40","23,063.70","220.34M","-0.57%"
"08/27/2024","23,260.00","23,281.30","23,315.40","23,185.70","204.09M","-0.38%"
"08/26/2024","23,349.00","23,304.30","23,414.00","23,304.30","211.21M","0.27%"
"08/23/2024","23,286.10","23,100.70","23,342.60","23,100.70","200.27M","1.08%"
"08/22/2024","23,037.50","23,092.20","23,110.20","22,983.10","214.22M","-0.36%"
"08/21/2024","23,121.70","23,025.20","23,125.90","23,025.20","175.41M","0.37%"
"08/20/2024","23,037.40","23,117.10","23,131.30","22,994.30","205.28M","-0.34%"
"08/19/2024","23,116.40","23,039.20","23,192.50","23,039.20","258.28M","0.27%"
"08/16/2024","23,054.60","23,015.20","23,070.60","22,984.40","182.35M","0.10%"
"08/15/2024","23,032.70","22,877.60","23,074.60","22,877.60","208.22M","1.20%"
"08/14/2024","22,760.00","22,620.90","22,763.70","22,601.90","229.00M","0.63%"
"08/13/2024","22,618.20","22,439.70","22,620.50","22,439.70","218.02M","0.98%"
"08/12/2024","22,398.90","22,341.40","22,452.70","22,322.80","245.70M","0.39%"
"08/09/2024","22,311.30","22,245.40","22,324.90","22,131.00","193.47M","0.39%"
"08/08/2024","22,225.60","21,949.90","22,288.80","21,949.90","207.74M","1.57%"
"08/07/2024","21,881.00","22,199.90","22,267.20","21,835.70","260.26M","-0.45%"
"08/06/2024","21,979.40","22,013.90","22,063.30","21,659.30","322.34M","-1.12%"
"08/02/2024","22,227.60","22,557.30","22,557.30","22,020.20","293.20M","-2.18%"
"08/01/2024","22,723.20","23,105.30","23,123.90","22,622.00","253.15M","-1.68%"
"07/31/2024","23,110.80","22,906.60","23,209.70","22,906.60","255.76M","1.25%"
"07/30/2024","22,824.70","22,787.20","22,900.40","22,775.50","188.74M","0.20%"
"07/29/2024","22,779.60","22,836.80","22,877.30","22,703.80","173.01M","-0.15%"
"07/26/2024","22,814.80","22,683.90","22,843.20","22,683.90","174.46M","0.91%"
"07/25/2024","22,608.00","22,597.10","22,719.10","22,464.00","212.78M","-0.14%"
"07/24/2024","22,639.60","22,756.20","22,844.80","22,639.60","194.14M","-0.76%"
"07/23/2024","22,813.80","22,870.80","22,871.10","22,771.10","156.54M","-0.26%"
"07/22/2024","22,872.70","22,742.60","22,892.30","22,700.90","209.07M","0.80%"
"07/19/2024","22,690.40","22,676.50","22,770.40","22,616.20","157.26M","-0.16%"
"07/18/2024","22,726.80","22,857.20","22,888.30","22,648.90","230.48M","-0.54%"
"07/17/2024","22,851.20","22,914.80","22,952.70","22,808.20","197.70M","-0.63%"
"07/16/2024","22,995.40","22,810.10","22,996.10","22,757.70","190.78M","1.07%"
"07/15/2024","22,751.70","22,693.70","22,818.40","22,633.20","200.94M","0.34%"
"07/12/2024","22,673.50","22,571.20","22,750.30","22,571.20","187.32M","0.57%"
"07/11/2024","22,544.10","22,399.80","22,574.70","22,399.80","228.30M","0.87%"
"07/10/2024","22,350.20","22,074.20","22,354.10","22,074.20","242.27M","1.40%"
"07/09/2024","22,042.50","22,099.00","22,113.70","22,028.40","175.44M","-0.38%"
"07/08/2024","22,126.10","22,048.10","22,133.60","21,997.60","179.36M","0.30%"
"07/05/2024","22,059.00","22,277.50","22,288.90","22,059.00","225.36M","-0.83%"
"07/04/2024","22,244.00","22,225.10","22,287.00","22,224.70","69.90M","0.09%"
"07/03/2024","22,223.70","22,003.70","22,273.90","22,003.70","166.71M","1.23%"
"07/02/2024","21,953.80","21,850.40","21,955.70","21,802.30","272.32M","0.36%"
"06/28/2024","21,875.80","21,973.10","22,050.30","21,807.30","276.28M","-0.30%"
"06/27/2024","21,942.20","21,798.40","21,956.70","21,798.40","171.01M","0.68%"
"06/26/2024","21,793.90","21,724.90","21,807.70","21,680.80","193.99M","0.02%"
"06/25/2024","21,788.50","21,834.30","21,834.30","21,704.70","204.19M","-0.28%"
"06/24/2024","21,848.60","21,585.30","21,866.90","21,585.30","258.18M","1.36%"
"06/21/2024","21,554.90","21,576.00","21,586.40","21,499.60","673.56M","-0.12%"
"06/20/2024","21,581.40","21,520.40","21,662.40","21,520.40","274.65M","0.30%"
"06/19/2024","21,516.90","21,591.80","21,642.00","21,491.60","95.80M","-0.44%"
"06/18/2024","21,611.30","21,569.00","21,708.10","21,567.00","222.24M","0.11%"
"06/17/2024","21,587.90","21,584.30","21,604.10","21,466.60","283.55M","-0.24%"
"06/14/2024","21,639.10","21,667.10","21,667.10","21,486.80","224.35M","-0.27%"
"06/13/2024","21,698.10","21,930.80","21,930.80","21,680.10","239.76M","-1.20%"
"06/12/2024","21,961.60","21,986.30","22,127.70","21,933.30","244.26M","0.34%"
"06/11/2024","21,887.30","22,011.10","22,011.10","21,842.90","219.59M","-0.83%"
"06/10/2024","22,069.80","21,992.70","22,105.70","21,953.40","228.00M","0.29%"
"06/07/2024","22,007.00","22,139.10","22,144.30","22,002.70","238.34M","-1.00%"
"06/06/2024","22,229.10","22,125.50","22,235.00","22,125.50","198.21M","0.38%"
"06/05/2024","22,145.00","22,028.30","22,180.30","22,028.30","216.73M","0.76%"
"06/04/2024","21,978.20","22,059.90","22,059.90","21,828.40","223.80M","-0.63%"
"06/03/2024","22,116.70","22,262.10","22,312.10","22,014.90","272.25M","-0.68%"
"05/31/2024","22,269.10","22,102.80","22,271.20","21,966.20","373.40M","0.89%"
"05/30/2024","22,071.70","21,915.30","22,108.80","21,915.30","205.98M","0.79%"
"05/29/2024","21,898.00","22,170.20","22,170.20","21,896.70","232.69M","-1.65%"
"05/28/2024","22,265.10","22,346.90","22,346.90","22,209.30","231.95M","-0.48%"
"05/27/2024","22,373.40","22,337.30","22,388.90","22,337.30","81.36M","0.24%"
"05/24/2024","22,320.90","22,220.30","22,354.80","22,220.30","200.50M","0.54%"
"05/23/2024","22,200.80","22,376.70","22,421.10","22,134.70","240.36M","-0.65%"
"05/22/2024","22,346.80","22,434.10","22,439.10","22,283.50","234.24M","-0.54%"
"05/21/2024","22,468.20","22,436.40","22,555.00","22,416.00","264.64M","0.01%"
"05/17/2024","22,465.40","22,326.00","22,468.60","22,301.10","243.63M","0.74%"
"05/16/2024","22,299.80","22,288.80","22,330.00","22,260.70","191.36M","0.07%"
"05/15/2024","22,284.80","22,277.00","22,334.70","22,214.60","221.12M","0.19%"
"05/14/2024","22,243.30","22,271.00","22,309.00","22,182.90","224.38M","-0.07%"
"05/13/2024","22,259.20","22,323.20","22,370.70","22,238.30","207.79M","-0.22%"
"05/10/2024","22,308.90","22,395.80","22,470.30","22,298.70","242.18M","-0.30%"
"05/09/2024","22,375.80","22,287.00","22,427.00","22,287.00","207.37M","0.52%"
"05/08/2024","22,259.20","22,089.60","22,262.00","22,048.90","220.85M","-0.14%"
"05/07/2024","22,290.60","22,279.50","22,347.40","22,261.00","190.10M","0.14%"
"05/06/2024","22,259.50","21,988.80","22,261.70","21,988.80","234.30M","1.42%"
"05/03/2024","21,947.40","21,909.60","21,983.50","21,859.70","228.99M","0.57%"
"05/02/2024","21,823.20","21,780.80","21,889.30","21,682.40","221.85M","0.44%"
"05/01/2024","21,728.60","21,692.00","21,911.30","21,623.70","241.51M","0.06%"
"04/30/2024","21,714.50","21,941.00","21,958.50","21,714.50","253.69M","-1.35%"
"04/29/2024","22,011.60","22,009.00","22,052.10","21,903.10","215.07M","0.19%"
"04/26/2024","21,969.20","21,907.50","21,998.00","21,907.50","180.27M","0.38%"
"04/25/2024","21,885.40","21,805.10","21,920.20","21,638.40","215.41M","0.05%"
"04/24/2024","21,873.70","21,995.50","22,028.70","21,796.90","194.07M","-0.63%"
"04/23/2024","22,011.70","21,884.60","22,051.20","21,854.20","219.02M","0.64%"
"04/22/2024","21,872.00","21,791.40","21,930.90","21,733.80","251.75M","0.30%"
"04/19/2024","21,807.40","21,710.20","21,871.50","21,679.80","216.77M","0.46%"
"04/18/2024","21,708.40","21,676.30","21,799.40","21,601.60","208.48M","0.24%"
"04/17/2024","21,656.10","21,686.60","21,824.30","21,568.60","210.38M","0.06%"
"04/16/2024","21,642.90","21,717.40","21,726.20","21,536.10","228.68M","-0.45%"
"04/15/2024","21,740.20","21,952.70","22,025.00","21,678.60","228.34M","-0.73%"
"04/12/2024","21,900.00","22,114.80","22,208.30","21,827.40","236.96M","-0.95%"
"04/11/2024","22,110.10","22,206.60","22,221.80","21,985.70","228.79M","-0.40%"
"04/10/2024","22,199.10","22,272.70","22,272.70","22,099.20","242.57M","-0.73%"
"04/09/2024","22,361.80","22,294.50","22,380.20","22,168.60","204.40M","0.46%"
"04/08/2024","22,260.30","22,264.30","22,309.70","22,178.70","198.70M","-0.02%"
"04/05/2024","22,264.40","22,077.70","22,316.90","22,077.00","226.86M","0.96%"
"04/04/2024","22,051.80","22,156.30","22,239.10","22,001.00","243.71M","-0.27%"
"04/03/2024","22,112.50","22,063.30","22,173.60","22,062.70","244.08M","0.17%"
"04/02/2024","22,075.10","22,127.70","22,127.70","21,996.90","239.99M","-0.50%"
"04/01/2024","22,185.30","22,186.50","22,204.70","22,110.60","207.43M","0.08%"
"03/28/2024","22,167.00","22,126.00","22,220.90","22,126.00","245.10M","0.27%"
"03/27/2024","22,107.10","21,960.40","22,107.10","21,953.50","208.10M","0.89%"
"03/26/2024","21,912.50","21,960.10","22,037.70","21,906.20","241.14M","-0.14%"
"03/25/2024","21,942.30","21,968.60","22,069.10","21,941.00","205.32M","-0.19%"
"03/22/2024","21,984.10","22,090.50","22,123.10","21,965.00","186.01M","-0.47%"
"03/21/2024","22,087.30","22,063.10","22,197.10","22,063.10","240.42M","0.19%"
"03/20/2024","22,045.70","21,847.10","22,065.90","21,837.90","234.23M","0.85%"
"03/19/2024","21,860.60","21,842.40","21,931.40","21,832.70","203.25M","0.11%"
"03/18/2024","21,837.20","21,874.60","21,874.60","21,810.40","233.45M","-0.05%"
"03/15/2024","21,849.20","21,808.80","21,893.90","21,788.70","601.87M","0.09%"
"03/14/2024","21,829.90","21,954.80","21,954.80","21,737.50","281.74M","-0.64%"
"03/13/2024","21,970.10","21,838.10","22,008.60","21,838.10","268.15M","0.64%"
"03/12/2024","21,831.00","21,786.10","21,840.60","21,716.40","212.99M","0.28%"
"03/11/2024","21,769.20","21,697.50","21,781.50","21,633.90","200.19M","0.15%"
"03/08/2024","21,737.50","21,815.00","21,892.10","21,694.10","230.38M","-0.26%"
"03/07/2024","21,794.60","21,629.10","21,799.50","21,629.10","193.76M","0.93%"
"03/06/2024","21,594.00","21,580.60","21,712.70","21,546.60","205.46M","0.32%"
"03/05/2024","21,525.90","21,517.90","21,623.00","21,489.70","261.29M","-0.02%"
"03/04/2024","21,531.10","21,546.50","21,584.60","21,491.30","224.64M","-0.10%"
"03/01/2024","21,552.40","21,394.20","21,605.00","21,394.20","258.84M","0.88%"
"02/29/2024","21,363.60","21,299.00","21,382.30","21,287.10","465.80M","0.56%"
"02/28/2024","21,243.80","21,296.90","21,329.50","21,239.90","169.90M","-0.35%"
"02/27/2024","21,318.90","21,304.30","21,346.40","21,264.50","224.62M","-0.03%"
"02/26/2024","21,324.30","21,391.70","21,449.90","21,300.80","228.85M","-0.42%"
"02/23/2024","21,413.20","21,314.60","21,440.40","21,274.40","221.39M","0.45%"
"02/22/2024","21,318.10","21,260.00","21,365.40","21,260.00","228.94M","0.69%"
"02/21/2024","21,172.40","21,177.70","21,197.40","21,100.70","205.21M","-0.21%"
"02/20/2024","21,217.50","21,216.20","21,288.30","21,183.50","238.68M","-0.18%"
"02/16/2024","21,255.60","21,206.40","21,324.00","21,197.30","195.64M","0.16%"
"02/15/2024","21,222.70","20,919.90","21,236.20","20,919.90","232.05M","1.60%"
"02/14/2024","20,889.40","20,664.70","20,890.10","20,664.70","199.37M","1.48%"
"02/13/2024","20,585.00","20,861.50","20,861.50","20,466.50","236.18M","-2.29%"
"02/12/2024","21,067.30","21,011.90","21,145.80","21,011.90","188.52M","0.27%"
"02/09/2024","21,009.60","20,942.50","21,028.40","20,891.10","155.28M","0.43%"
"02/08/2024","20,919.60","20,926.90","20,989.80","20,794.60","195.80M","-0.24%"
"02/07/2024","20,969.20","20,961.60","20,990.70","20,900.90","160.63M","0.05%"
"02/06/2024","20,957.70","20,876.80","20,978.90","20,869.60","151.66M","0.41%"
"02/05/2024","20,871.90","21,053.50","21,053.50","20,825.60","199.40M","-1.01%"
"02/02/2024","21,085.10","21,128.10","21,128.10","20,943.10","181.11M","-0.16%"
"02/01/2024","21,119.20","21,065.50","21,189.30","20,980.90","186.25M","0.46%"
"01/31/2024","21,021.90","21,204.90","21,250.90","21,014.20","222.24M","-0.97%"
"01/30/2024","21,227.90","21,187.90","21,250.50","21,104.00","167.59M","0.13%"
"01/29/2024","21,200.10","21,106.40","21,213.00","21,015.00","188.33M","0.35%"
"01/26/2024","21,125.30","21,085.00","21,142.30","21,079.90","150.91M","0.11%"
"01/25/2024","21,101.50","21,058.80","21,120.70","21,021.80","177.38M","0.36%"
"01/24/2024","21,025.80","21,083.60","21,161.20","21,019.40","221.08M","-0.04%"
"01/23/2024","21,034.60","20,939.60","21,042.90","20,939.60","173.53M","0.53%"
"01/22/2024","20,924.30","20,930.90","20,975.30","20,847.10","193.40M","0.09%"
"01/19/2024","20,906.50","20,763.20","20,909.10","20,676.50","208.80M","0.72%"
"01/18/2024","20,756.70","20,725.90","20,782.30","20,659.00","192.48M","0.30%"
"01/17/2024","20,695.00","20,847.60","20,847.60","20,594.20","211.74M","-1.21%"
"01/16/2024","20,948.10","20,998.70","21,006.10","20,843.00","217.22M","-0.54%"
"01/15/2024","21,061.90","20,966.90","21,073.60","20,932.50","83.46M","0.34%"
"01/12/2024","20,990.20","20,965.70","21,140.90","20,957.20","212.93M","0.34%"
"01/11/2024","20,918.40","20,992.70","21,023.40","20,773.10","195.34M","-0.34%"
"01/10/2024","20,989.40","20,965.00","21,030.60","20,965.00","178.60M","0.09%"
"01/09/2024","20,971.00","21,023.50","21,023.50","20,880.40","194.68M","-0.49%"
"01/08/2024","21,074.90","20,917.30","21,076.40","20,875.20","200.47M","0.66%"
"01/05/2024","20,937.60","20,850.70","21,014.80","20,839.30","167.51M","0.32%"
"01/04/2024","20,871.40","20,820.50","20,949.30","20,793.60","176.42M","0.25%"
"01/03/2024","20,818.60","20,804.00","20,892.10","20,707.90","191.33M","-0.26%"
"01/02/2024","20,872.10","20,904.30","20,937.20","20,823.60","211.25M","-0.41%"
"12/29/2023","20,958.40","20,921.40","20,965.90","20,860.30","135.14M","0.14%"
"12/28/2023","20,929.40","20,976.00","21,022.80","20,914.50","149.85M","-0.41%"
"12/27/2023","21,015.90","20,879.00","21,091.10","20,879.00","154.65M","0.65%"
"12/22/2023","20,881.20","20,796.90","20,938.70","20,796.90","185.52M","0.56%"
"12/21/2023","20,765.70","20,663.70","20,810.00","20,663.70","219.44M","0.80%"
"12/20/2023","20,600.80","20,821.00","20,891.90","20,598.60","252.49M","-1.15%"
"12/19/2023","20,839.60","20,651.70","20,848.80","20,651.70","207.25M","1.05%"
"12/18/2023","20,622.70","20,543.80","20,676.20","20,543.80","223.83M","0.46%"
"12/15/2023","20,529.20","20,784.00","20,784.00","20,499.50","584.63M","-1.20%"
"12/14/2023","20,778.80","20,682.10","20,842.40","20,682.10","314.33M","0.72%"
"12/13/2023","20,629.50","20,217.20","20,629.70","20,125.10","253.69M","1.96%"
"12/12/2023","20,233.80","20,308.00","20,308.00","20,162.10","236.96M","-0.42%"
"12/11/2023","20,318.40","20,304.80","20,319.50","20,209.30","255.01M","-0.06%"
"12/08/2023","20,331.50","20,271.60","20,376.60","20,265.80","215.41M","0.26%"
"12/07/2023","20,278.50","20,301.60","20,315.80","20,236.50","241.44M","0.02%"
"12/06/2023","20,274.20","20,392.70","20,492.10","20,271.60","257.43M","-0.50%"
"12/05/2023","20,375.90","20,382.60","20,453.70","20,361.20","235.69M","-0.17%"
"12/04/2023","20,410.20","20,407.00","20,473.20","20,341.40","254.11M","-0.21%"
"12/01/2023","20,452.90","20,208.10","20,459.70","20,154.90","227.71M","1.07%"
"11/30/2023","20,236.30","20,157.60","20,244.20","20,107.30","397.33M","0.60%"
"11/29/2023","20,116.20","20,063.30","20,156.30","20,042.70","203.59M","0.40%"
"11/28/2023","20,036.80","19,955.70","20,076.00","19,918.50","215.59M","0.02%"
"11/27/2023","20,032.70","20,103.70","20,106.50","20,031.80","218.14M","-0.35%"
"11/24/2023","20,103.10","20,091.70","20,156.70","20,070.50","119.82M","-0.07%"
"11/23/2023","20,116.70","20,101.90","20,179.30","20,101.90","48.64M","0.01%"
"11/22/2023","20,114.00","20,123.20","20,168.70","20,048.90","200.96M","0.02%"
"11/21/2023","20,110.00","20,222.80","20,259.50","20,104.30","192.16M","-0.67%"
"11/20/2023","20,246.50","20,166.20","20,262.00","20,125.90","165.15M","0.35%"
"11/17/2023","20,175.80","20,096.50","20,206.60","20,096.50","190.92M","0.61%"
"11/16/2023","20,053.10","20,051.50","20,089.50","19,969.90","216.37M","-0.02%"
"11/15/2023","20,057.90","20,061.00","20,139.30","20,035.40","218.85M","0.17%"
"11/14/2023","20,023.70","19,863.50","20,071.00","19,863.50","223.08M","1.60%"
"11/13/2023","19,709.20","19,637.70","19,775.60","19,606.30","149.71M","0.28%"
"11/10/2023","19,654.50","19,596.20","19,655.90","19,503.20","170.46M","0.34%"
"11/09/2023","19,587.40","19,578.80","19,791.10","19,578.80","204.74M","0.29%"
"11/08/2023","19,530.20","19,566.40","19,646.00","19,479.40","196.55M","-0.23%"
"11/07/2023","19,575.60","19,701.30","19,701.30","19,530.70","228.64M","-0.85%"
"11/06/2023","19,743.90","19,850.30","19,905.40","19,710.00","178.95M","-0.41%"
"11/03/2023","19,824.90","19,701.30","19,888.40","19,690.30","241.03M","1.01%"
"11/02/2023","19,626.30","19,162.40","19,640.10","19,162.40","223.99M","2.87%"
"11/01/2023","19,079.00","18,926.20","19,089.70","18,907.70","211.87M","1.09%"
"10/31/2023","18,873.50","18,883.80","18,928.20","18,823.90","255.77M","0.09%"
"10/30/2023","18,856.80","18,794.50","18,966.80","18,762.30","175.90M","0.64%"
"10/27/2023","18,737.40","18,916.10","18,927.40","18,692.10","169.62M","-0.73%"
"10/26/2023","18,875.30","18,918.10","18,987.40","18,811.30","193.01M","-0.38%"
"10/25/2023","18,947.90","18,929.70","19,090.80","18,922.40","182.31M","-0.20%"
"10/24/2023","18,986.50","19,091.20","19,139.20","18,952.20","191.87M","-0.32%"
"10/23/2023","19,046.70","19,042.90","19,193.40","18,937.60","194.66M","-0.36%"
"10/20/2023","19,115.60","19,309.50","19,309.50","19,115.60","200.97M","-1.21%"
"10/19/2023","19,348.80","19,448.60","19,505.20","19,327.10","193.91M","-0.52%"
"10/18/2023","19,450.70","19,670.10","19,670.10","19,434.30","189.31M","-1.23%"
"10/17/2023","19,692.80","19,561.60","19,768.60","19,552.20","195.98M","0.37%"
"10/16/2023","19,620.80","19,498.10","19,643.10","19,426.90","192.17M","0.81%"
"10/13/2023","19,462.90","19,620.50","19,659.10","19,435.00","178.22M","-0.19%"
"10/12/2023","19,500.20","19,673.60","19,702.10","19,410.50","149.02M","-0.83%"
"10/11/2023","19,663.80","19,557.50","19,669.60","19,541.70","203.64M","0.83%"
"10/10/2023","19,501.20","19,304.10","19,573.00","19,304.10","211.06M","1.33%"
"10/06/2023","19,246.10","19,079.60","19,283.80","18,907.60","171.57M","0.57%"
"10/05/2023","19,137.80","18,999.50","19,157.50","18,997.80","191.17M","0.54%"
"10/04/2023","19,034.80","19,017.70","19,052.20","18,847.10","215.49M","0.07%"
"10/03/2023","19,020.90","19,094.60","19,125.90","18,945.80","227.84M","-0.82%"
"10/02/2023","19,177.20","19,520.90","19,520.90","19,145.30","240.24M","-1.86%"
"09/29/2023","19,541.30","19,671.30","19,707.60","19,529.90","244.11M","-0.25%"
"09/28/2023","19,590.70","19,424.20","19,629.00","19,409.60","212.46M","0.80%"
"09/27/2023","19,436.00","19,590.40","19,633.40","19,341.40","234.12M","-0.61%"
"09/26/2023","19,556.20","19,729.10","19,774.70","19,555.50","232.67M","-1.23%"
"09/25/2023","19,800.60","19,733.70","19,850.20","19,671.80","223.28M","0.10%"
"09/22/2023","19,780.00","19,852.10","19,898.90","19,769.30","175.03M","-0.06%"
"09/21/2023","19,791.60","20,115.00","20,115.00","19,791.60","234.09M","-2.09%"
"09/20/2023","20,214.70","20,238.30","20,351.50","20,214.40","168.21M","-0.02%"
"09/19/2023","20,218.90","20,447.70","20,447.70","20,203.30","204.46M","-1.34%"
"09/18/2023","20,492.80","20,592.80","20,598.60","20,449.10","209.95M","-0.63%"
"09/15/2023","20,622.30","20,558.50","20,652.20","20,534.50","511.26M","0.26%"
"09/14/2023","20,567.80","20,370.40","20,576.50","20,370.40","240.48M","1.42%"
"09/13/2023","20,278.90","20,228.80","20,298.70","20,202.70","203.49M","0.28%"
"09/12/2023","20,223.10","20,154.30","20,267.90","20,154.30","204.61M","0.20%"
"09/11/2023","20,182.80","20,117.70","20,222.90","20,096.90","182.51M","0.54%"
"09/08/2023","20,074.70","20,118.80","20,161.10","20,066.40","161.86M","-0.29%"
"09/07/2023","20,132.10","20,175.60","20,224.70","20,119.40","229.43M","-0.47%"
"09/06/2023","20,227.00","20,375.10","20,375.10","20,181.60","203.76M","-0.92%"
"09/05/2023","20,413.80","20,521.40","20,546.40","20,412.90","207.77M","-0.64%"
"09/01/2023","20,545.40","20,398.80","20,575.40","20,398.80","208.56M","1.25%"
"08/31/2023","20,292.60","20,392.70","20,426.70","20,286.60","295.67M","-0.19%"
"08/30/2023","20,330.30","20,319.40","20,403.40","20,309.40","149.12M","0.20%"
"08/29/2023","20,290.40","20,014.30","20,290.80","19,999.60","175.09M","1.32%"
"08/28/2023","20,025.10","19,900.30","20,038.60","19,900.30","161.42M","0.95%"
"08/25/2023","19,835.80","19,838.10","19,883.60","19,681.80","147.50M","0.30%"
"08/24/2023","19,775.80","19,862.00","19,900.90","19,775.80","180.71M","-0.52%"
"08/23/2023","19,879.80","19,718.80","19,907.30","19,713.50","184.85M","0.96%"
"08/22/2023","19,691.20","19,820.40","19,820.40","19,675.10","162.81M","-0.47%"
"08/21/2023","19,784.90","19,837.60","19,875.70","19,733.50","201.36M","-0.17%"
"08/18/2023","19,818.40","19,746.30","19,845.30","19,683.90","174.02M","0.03%"
"08/17/2023","19,812.20","19,956.40","20,008.90","19,792.50","167.62M","-0.44%"
"08/16/2023","19,899.10","19,857.30","19,965.70","19,852.00","191.25M","-0.00%"
"08/15/2023","19,899.80","20,190.20","20,190.20","19,888.30","216.31M","-1.93%"
"08/14/2023","20,290.50","20,337.70","20,338.80","20,237.90","194.94M","-0.57%"
"08/11/2023","20,407.60","20,300.50","20,415.00","20,293.50","164.37M","0.32%"
"08/10/2023","20,342.90","20,353.40","20,444.60","20,279.70","209.81M","0.33%"
"08/09/2023","20,275.30","20,230.20","20,317.20","20,211.80","188.60M","0.34%"
"08/08/2023","20,206.00","20,187.80","20,223.60","20,089.90","227.91M","-0.15%"
"08/04/2023","20,236.00","20,155.90","20,356.60","20,146.40","217.55M","0.57%"
"08/03/2023","20,120.70","20,163.80","20,163.80","20,077.50","191.90M","-0.48%"
"08/02/2023","20,218.20","20,423.50","20,423.50","20,148.20","220.65M","-1.53%"
"08/01/2023","20,532.90","20,570.60","20,585.90","20,468.70","188.17M","-0.45%"
"07/31/2023","20,626.60","20,541.80","20,677.30","20,541.80","224.12M","0.52%"
"07/28/2023","20,519.40","20,472.40","20,578.40","20,449.50","201.67M","0.66%"
"07/27/2023","20,385.50","20,603.50","20,610.60","20,370.50","200.25M","-0.86%"
"07/26/2023","20,561.60","20,514.80","20,596.20","20,492.40","208.31M","0.05%"
"07/25/2023","20,551.50","20,590.20","20,612.20","20,543.50","197.30M","-0.15%"
"07/24/2023","20,582.10","20,573.70","20,623.90","20,551.50","192.37M","0.17%"
"07/21/2023","20,547.50","20,488.30","20,562.00","20,479.30","192.84M","0.54%"
"07/20/2023","20,436.90","20,487.80","20,507.40","20,412.40","190.15M","-0.26%"
"07/19/2023","20,491.20","20,401.50","20,497.40","20,401.50","184.13M","0.56%"
"07/18/2023","20,376.60","20,252.50","20,380.00","20,243.90","248.06M","0.74%"
"07/17/2023","20,226.80","20,231.80","20,256.80","20,192.60","206.00M","-0.17%"
"07/14/2023","20,262.10","20,311.00","20,336.60","20,234.20","196.63M","-0.08%"
"07/13/2023","20,277.60","20,119.80","20,294.30","20,119.80","206.19M","1.03%"
"07/12/2023","20,070.80","19,957.30","20,092.70","19,938.10","221.86M","0.97%"
"07/11/2023","19,878.60","19,857.60","19,882.50","19,820.70","190.11M","0.28%"
"07/10/2023","19,822.50","19,820.70","19,863.30","19,798.80","186.46M","-0.04%"
"07/07/2023","19,831.00","19,740.80","19,911.30","19,719.60","203.48M","0.10%"
"07/06/2023","19,810.70","20,006.10","20,006.10","19,757.60","215.16M","-1.46%"
"07/05/2023","20,103.90","20,177.80","20,177.80","20,086.20","190.95M","-0.50%"
"07/04/2023","20,204.90","20,180.30","20,227.70","20,176.60","71.69M","0.25%"
"06/30/2023","20,155.30","19,973.40","20,178.80","19,973.40","220.96M","1.22%"
"06/29/2023","19,913.20","19,820.30","19,914.50","19,790.40","173.34M","0.48%"
"06/28/2023","19,818.90","19,749.40","19,818.90","19,706.50","180.15M","0.43%"
"06/27/2023","19,733.10","19,606.70","19,757.40","19,579.10","177.73M","0.74%"
"06/26/2023","19,587.30","19,400.70","19,630.50","19,400.70","207.61M","0.87%"
"06/23/2023","19,418.20","19,511.40","19,511.40","19,406.50","205.27M","-0.83%"
"06/22/2023","19,580.90","19,638.50","19,638.50","19,545.60","213.52M","-0.63%"
"06/21/2023","19,706.00","19,718.60","19,761.70","19,656.10","222.47M","-0.24%"
"06/20/2023","19,754.10","19,881.90","19,881.90","19,739.80","234.69M","-0.90%"
"06/19/2023","19,934.20","19,983.70","19,985.20","19,917.60","51.03M","-0.21%"
"06/16/2023","19,975.40","20,057.30","20,112.40","19,973.20","499.63M","-0.26%"
"06/15/2023","20,027.40","19,986.10","20,057.40","19,952.20","199.33M","0.06%"
"06/14/2023","20,015.10","20,027.80","20,098.50","19,930.30","212.25M","0.12%"
"06/13/2023","19,990.40","19,998.30","20,099.20","19,975.90","205.10M","0.35%"
"06/12/2023","19,921.30","19,862.60","19,933.60","19,805.90","212.15M","0.15%"
"06/09/2023","19,892.10","19,940.00","19,976.10","19,857.40","162.96M","-0.25%"
"06/08/2023","19,942.70","19,994.80","19,996.30","19,855.30","185.56M","-0.21%"
"06/07/2023","19,983.70","20,068.70","20,150.00","19,955.60","200.21M","-0.36%"
"06/06/2023","20,055.60","19,925.90","20,059.50","19,911.60","197.43M","0.62%"
"06/05/2023","19,931.60","20,045.90","20,068.30","19,926.10","217.53M","-0.46%"
"06/02/2023","20,024.60","19,783.20","20,032.10","19,783.20","232.22M","1.79%"
"06/01/2023","19,672.30","19,573.00","19,735.20","19,542.60","199.57M","0.51%"
"05/31/2023","19,572.20","19,674.70","19,674.70","19,522.60","383.42M","-0.85%"
"05/30/2023","19,739.70","19,919.10","19,936.50","19,708.40","176.19M","-1.14%"
"05/29/2023","19,968.00","19,929.00","19,991.90","19,929.00","53.33M","0.24%"
"05/26/2023","19,920.30","19,840.40","19,944.10","19,832.80","186.38M","0.74%"
"05/25/2023","19,774.10","19,879.20","19,879.20","19,717.40","178.51M","-0.77%"
"05/24/2023","19,927.70","20,063.90","20,063.90","19,898.80","207.57M","-1.08%"
"05/23/2023","20,146.00","20,312.50","20,327.50","20,138.60","241.49M","-1.01%"
"05/19/2023","20,351.10","20,356.00","20,399.60","20,306.70","174.61M","0.27%"
"05/18/2023","20,297.10","20,262.80","20,302.90","20,171.00","208.29M","0.00%"
"05/17/2023","20,296.40","20,282.90","20,297.30","20,158.70","193.20M","0.27%"
"05/16/2023","20,242.10","20,452.20","20,452.20","20,236.80","205.41M","-1.45%"
"05/15/2023","20,540.00","20,431.80","20,544.10","20,431.80","235.03M","0.59%"
"05/12/2023","20,419.60","20,448.60","20,492.10","20,346.90","194.64M","0.01%"
"05/11/2023","20,417.60","20,440.00","20,444.70","20,328.40","219.53M","-0.40%"
"05/10/2023","20,499.30","20,644.30","20,644.30","20,399.50","214.00M","-0.42%"
"05/09/2023","20,585.70","20,487.30","20,599.00","20,455.50","187.10M","0.00%"
"05/08/2023","20,585.20","20,586.60","20,627.80","20,544.20","217.32M","0.21%"
"05/05/2023","20,542.00","20,305.40","20,565.60","20,305.40","227.86M","1.50%"
"05/04/2023","20,238.20","20,423.70","20,444.20","20,237.20","223.58M","-0.57%"
"05/03/2023","20,354.70","20,397.30","20,498.90","20,350.00","238.38M","-0.26%"
"05/02/2023","20,407.60","20,579.20","20,579.20","20,282.10","254.44M","-1.01%"
"05/01/2023","20,615.10","20,663.70","20,766.90","20,613.30","189.38M","-0.10%"
"04/28/2023","20,636.50","20,502.30","20,661.00","20,499.50","234.25M","0.55%"
"04/27/2023","20,522.60","20,400.80","20,546.70","20,400.80","213.76M","0.77%"
"04/26/2023","20,366.70","20,451.60","20,501.50","20,324.50","228.51M","-0.36%"
"04/25/2023","20,439.90","20,637.00","20,637.00","20,435.50","194.14M","-1.15%"
"04/24/2023","20,676.70","20,664.90","20,709.60","20,643.20","225.22M","-0.08%"
"04/21/2023","20,693.20","20,640.50","20,696.50","20,602.30","195.04M","0.30%"
"04/20/2023","20,630.70","20,614.50","20,705.30","20,597.10","198.56M","-0.24%"
"04/19/2023","20,680.80","20,609.10","20,695.00","20,606.80","188.38M","-0.02%"
"04/18/2023","20,684.70","20,665.50","20,729.50","20,659.00","230.44M","0.21%"
"04/17/2023","20,642.00","20,576.70","20,646.90","20,553.40","243.72M","0.30%"
"04/14/2023","20,579.90","20,585.30","20,638.20","20,516.00","200.54M","0.07%"
"04/13/2023","20,564.50","20,480.20","20,591.90","20,469.60","214.31M","0.54%"
"04/12/2023","20,454.30","20,505.80","20,593.50","20,442.70","188.06M","0.16%"
"04/11/2023","20,421.90","20,303.90","20,461.70","20,303.90","201.96M","0.72%"
"04/10/2023","20,275.80","20,160.30","20,281.10","20,151.90","228.21M","0.39%"
"04/06/2023","20,196.70","20,157.20","20,201.60","20,099.80","212.58M","0.18%"
"04/05/2023","20,159.60","20,221.40","20,246.30","20,097.60","237.31M","-0.57%"
"04/04/2023","20,275.80","20,326.40","20,361.30","20,203.30","253.93M","-0.01%"
"04/03/2023","20,278.30","20,108.40","20,281.20","20,108.40","334.01M","0.89%"
"03/31/2023","20,099.90","19,977.50","20,126.50","19,977.50","295.64M","0.80%"
"03/30/2023","19,941.00","19,920.40","19,949.10","19,866.10","210.22M","0.52%"
"03/29/2023","19,837.70","19,730.30","19,841.30","19,730.30","226.95M","0.92%"
"03/28/2023","19,657.50","19,622.90","19,700.20","19,600.50","220.19M","0.17%"
"03/27/2023","19,624.70","19,562.70","19,638.60","19,511.20","264.22M","0.63%"
"03/24/2023","19,501.50","19,391.60","19,506.60","19,278.60","235.96M","0.21%"
"03/23/2023","19,459.90","19,565.90","19,681.80","19,393.10","266.47M","-0.37%"
"03/22/2023","19,532.80","19,681.30","19,813.00","19,532.80","247.70M","-0.62%"
"03/21/2023","19,654.90","19,615.50","19,734.70","19,614.70","242.86M","0.69%"
"03/20/2023","19,519.40","19,411.80","19,535.60","19,411.80","286.51M","0.68%"
"03/17/2023","19,387.70","19,493.00","19,493.00","19,298.00","606.50M","-0.77%"
"03/16/2023","19,539.00","19,311.30","19,589.40","19,155.80","337.40M","0.83%"
"03/15/2023","19,378.80","19,533.00","19,533.00","19,179.40","387.72M","-1.60%"
"03/14/2023","19,694.20","19,732.90","19,850.60","19,562.30","297.28M","0.54%"
"03/13/2023","19,588.90","19,645.50","19,714.20","19,427.50","356.35M","-0.94%"
"03/10/2023","19,774.90","20,046.20","20,064.70","19,743.50","348.10M","-1.55%"
"03/09/2023","20,086.70","20,358.80","20,441.00","20,063.90","285.41M","-1.28%"
"03/08/2023","20,346.50","20,274.60","20,438.20","20,270.40","258.13M","0.35%"
"03/07/2023","20,275.50","20,505.50","20,505.50","20,236.50","252.34M","-1.17%"
"03/06/2023","20,514.80","20,578.80","20,615.50","20,498.50","240.76M","-0.32%"
"03/03/2023","20,581.60","20,384.90","20,609.00","20,384.90","269.83M","1.20%"
"03/02/2023","20,337.20","20,209.70","20,347.10","20,149.00","268.03M","0.38%"
"03/01/2023","20,259.80","20,200.90","20,318.90","20,200.90","321.37M","0.19%"
"02/28/2023","20,221.20","20,223.70","20,242.60","20,156.50","410.58M","-0.19%"
"02/27/2023","20,260.10","20,245.60","20,374.00","20,236.80","257.38M","0.20%"
"02/24/2023","20,219.20","20,115.50","20,220.00","19,997.30","232.66M","0.15%"
"02/23/2023","20,188.20","20,233.80","20,293.70","20,083.40","253.38M","-0.03%"
"02/22/2023","20,193.30","20,246.80","20,284.00","20,134.50","270.95M","-0.29%"
"02/21/2023","20,252.60","20,463.10","20,463.10","20,242.80","247.83M","-1.28%"
"02/17/2023","20,515.20","20,546.50","20,575.30","20,456.80","235.93M","-0.44%"
"02/16/2023","20,606.40","20,572.50","20,706.20","20,531.50","263.45M","-0.55%"
"02/15/2023","20,720.40","20,642.50","20,725.70","20,576.60","263.77M","0.08%"
"02/14/2023","20,704.80","20,675.80","20,766.80","20,553.20","213.76M","0.01%"
"02/13/2023","20,702.20","20,610.50","20,741.50","20,604.70","199.92M","0.44%"
"02/10/2023","20,612.10","20,540.10","20,624.00","20,484.50","254.31M","0.07%"
"02/09/2023","20,597.80","20,774.10","20,821.70","20,541.30","234.22M","-0.40%"
"02/08/2023","20,679.50","20,710.50","20,779.20","20,623.10","188.01M","-0.22%"
"02/07/2023","20,725.00","20,612.00","20,775.70","20,541.60","227.52M","0.47%"
"02/06/2023","20,628.90","20,662.30","20,683.60","20,550.10","212.39M","-0.62%"
"02/03/2023","20,758.30","20,680.90","20,830.30","20,680.90","262.06M","0.09%"
"02/02/2023","20,740.40","20,813.50","20,843.20","20,696.90","292.42M","-0.05%"
"02/01/2023","20,751.10","20,731.90","20,828.40","20,579.50","293.85M","-0.08%"
"01/31/2023","20,767.40","20,600.30","20,771.60","20,590.10","294.12M","0.95%"
"01/30/2023","20,572.10","20,609.00","20,713.70","20,570.20","260.42M","-0.69%"
"01/27/2023","20,714.50","20,669.70","20,763.00","20,621.90","250.95M","0.07%"
"01/26/2023","20,700.50","20,672.10","20,700.50","20,559.30","276.75M","0.49%"
"01/25/2023","20,599.60","20,501.80","20,634.30","20,402.20","237.47M","-0.15%"
"01/24/2023","20,629.60","20,565.00","20,653.20","20,502.40","210.68M","-0.01%"
"01/23/2023","20,631.60","20,535.40","20,641.70","20,480.40","237.36M","0.63%"
"01/20/2023","20,503.20","20,364.10","20,517.10","20,287.30","219.87M","0.80%"
"01/19/2023","20,341.40","20,290.50","20,406.50","20,258.30","221.75M","-0.17%"
"01/18/2023","20,376.20","20,535.70","20,632.00","20,376.20","280.01M","-0.40%"
"01/17/2023","20,457.50","20,410.20","20,479.90","20,389.80","240.44M","0.33%"
"01/16/2023","20,390.30","20,340.70","20,435.10","20,324.40","118.84M","0.15%"
"01/13/2023","20,360.10","20,150.90","20,380.00","20,147.60","237.92M","0.74%"
"01/12/2023","20,211.20","20,101.60","20,214.30","19,993.40","263.80M","0.93%"
"01/11/2023","20,025.10","19,980.40","20,038.30","19,910.30","231.47M","0.63%"
"01/10/2023","19,898.90","19,857.30","19,898.90","19,745.60","198.07M","0.21%"
"01/09/2023","19,857.10","19,900.00","19,987.50","19,840.80","211.96M","0.21%"
"01/06/2023","19,814.50","19,615.60","19,821.40","19,556.60","222.34M","1.58%"
"01/05/2023","19,506.80","19,518.70","19,536.00","19,386.70","194.76M","-0.42%"
"01/04/2023","19,588.80","19,460.10","19,639.50","19,414.60","238.15M","0.75%"
"01/03/2023","19,443.80","19,531.40","19,661.60","19,380.30","261.59M","0.30%"
"12/30/2022","19,384.90","19,401.30","19,496.20","19,332.80","155.57M","-0.52%"
"12/29/2022","19,485.90","19,316.90","19,515.40","19,308.90","185.22M","1.05%"
"12/28/2022","19,284.10","19,472.30","19,519.00","19,263.60","241.86M","-1.14%"
"12/23/2022","19,506.70","19,361.40","19,506.70","19,315.10","195.46M","0.81%"
"12/22/2022","19,349.70","19,480.40","19,480.40","19,173.80","222.59M","-1.13%"
"12/21/2022","19,571.10","19,447.30","19,598.70","19,447.30","215.85M","1.37%"
"12/20/2022","19,306.90","19,213.50","19,379.10","19,196.50","256.45M","0.55%"
"12/19/2022","19,200.80","19,455.60","19,485.30","19,159.60","288.09M","-1.25%"
"12/16/2022","19,443.30","19,429.20","19,504.20","19,352.80","543.39M","-0.80%"
"12/15/2022","19,600.60","19,722.90","19,726.60","19,512.90","277.41M","-1.46%"
"12/14/2022","19,891.70","20,022.60","20,081.80","19,864.00","263.78M","-0.66%"
"12/13/2022","20,023.50","20,312.90","20,341.30","19,955.60","278.27M","0.02%"
"12/12/2022","20,019.70","19,841.10","20,019.90","19,834.30","305.80M","0.36%"
"12/09/2022","19,947.10","19,990.10","20,086.30","19,944.80","215.72M","-0.11%"
"12/08/2022","19,969.20","20,044.90","20,086.40","19,947.20","240.25M","-0.02%"
"12/07/2022","19,973.20","19,971.30","20,093.00","19,957.60","241.43M","-0.09%"
"12/06/2022","19,990.20","20,262.00","20,306.60","19,960.00","273.03M","-1.25%"
"12/05/2022","20,242.30","20,453.70","20,476.40","20,204.00","293.49M","-1.19%"
"12/02/2022","20,485.70","20,364.40","20,554.50","20,364.40","264.75M","-0.19%"
"12/01/2022","20,525.50","20,541.20","20,639.50","20,486.30","234.42M","0.35%"
"11/30/2022","20,453.30","20,341.70","20,456.60","20,137.10","510.92M","0.87%"
"11/29/2022","20,277.40","20,319.80","20,322.70","20,229.30","240.67M","0.28%"
"11/28/2022","20,220.50","20,310.00","20,397.90","20,178.80","276.02M","-0.80%"
"11/25/2022","20,383.80","20,348.90","20,446.30","20,342.20","157.06M","0.20%"
"11/24/2022","20,344.10","20,309.20","20,386.70","20,309.20","88.11M","0.30%"
"11/23/2022","20,282.30","20,185.10","20,303.60","20,185.10","238.32M","0.31%"
"11/22/2022","20,220.00","20,060.50","20,236.50","20,048.60","221.85M","1.22%"
"11/21/2022","19,977.10","19,901.80","19,986.00","19,787.10","319.94M","-0.02%"
"11/18/2022","19,980.90","19,934.40","19,995.20","19,891.40","243.06M","0.48%"
"11/17/2022","19,884.60","19,790.50","19,884.60","19,742.30","257.16M","-0.37%"
"11/16/2022","19,958.00","19,929.00","20,011.60","19,897.30","266.86M","-0.18%"
"11/15/2022","19,994.80","20,110.10","20,117.40","19,938.60","242.85M","0.37%"
"11/14/2022","19,921.80","20,057.50","20,102.30","19,921.80","367.89M","-0.94%"
"11/11/2022","20,111.50","20,097.50","20,169.80","20,023.50","266.58M","0.61%"
"11/10/2022","19,990.40","19,724.50","20,035.30","19,724.50","301.12M","3.34%"
"11/09/2022","19,344.30","19,570.50","19,585.10","19,338.00","244.30M","-1.61%"
"11/08/2022","19,660.30","19,578.30","19,743.30","19,533.90","231.56M","0.59%"
"11/07/2022","19,545.90","19,525.20","19,565.60","19,431.10","247.55M","0.49%"
"11/04/2022","19,449.80","19,475.60","19,580.10","19,300.00","298.29M","1.08%"
"11/03/2022","19,241.20","19,133.90","19,322.40","19,090.60","257.78M","-0.19%"
"11/02/2022","19,277.00","19,490.80","19,669.40","19,277.00","290.69M","-1.23%"
"11/01/2022","19,517.70","19,674.90","19,698.30","19,496.30","178.37M","0.47%"
"10/31/2022","19,426.10","19,406.50","19,510.90","19,402.10","262.56M","-0.23%"
"10/28/2022","19,471.20","19,365.10","19,471.30","19,282.70","198.11M","0.62%"
"10/27/2022","19,352.10","19,391.10","19,516.40","19,316.60","223.83M","0.38%"
"10/26/2022","19,279.80","19,097.50","19,435.90","19,097.50","254.30M","0.96%"
"10/25/2022","19,097.00","18,859.00","19,099.50","18,859.00","227.76M","0.94%"
"10/24/2022","18,918.40","18,915.00","18,955.90","18,786.10","236.81M","0.30%"
"10/21/2022","18,861.00","18,558.10","18,880.80","18,513.50","209.61M","1.52%"
"10/20/2022","18,579.30","18,682.10","18,838.80","18,534.30","225.18M","-0.51%"
"10/19/2022","18,674.40","18,712.30","18,761.60","18,577.00","205.78M","-0.66%"
"10/18/2022","18,798.20","18,872.10","18,923.90","18,668.80","187.29M","0.95%"
"10/17/2022","18,621.00","18,546.10","18,756.70","18,546.10","272.43M","1.61%"
"10/14/2022","18,326.40","18,686.90","18,763.70","18,319.90","219.84M","-1.54%"
"10/13/2022","18,613.60","17,958.80","18,661.40","17,873.20","263.55M","2.24%"
"10/12/2022","18,206.30","18,185.10","18,273.60","18,111.60","230.56M","-0.06%"
"10/11/2022","18,216.70","18,380.40","18,427.30","18,174.40","304.72M","-1.97%"
"10/07/2022","18,583.10","18,849.10","18,849.30","18,522.60","237.89M","-2.09%"
"10/06/2022","18,979.00","19,166.00","19,197.80","18,895.40","247.77M","-1.33%"
"10/05/2022","19,235.10","19,240.30","19,296.70","19,106.50","229.00M","-0.70%"
"10/04/2022","19,371.00","19,172.80","19,405.10","19,172.80","283.83M","2.59%"
"10/03/2022","18,881.20","18,621.80","18,966.90","18,581.30","238.32M","2.37%"
"09/30/2022","18,444.20","18,453.90","18,685.00","18,381.10","238.13M","0.01%"
"09/29/2022","18,441.80","18,534.00","18,534.00","18,258.40","216.91M","-1.11%"
"09/28/2022","18,648.90","18,307.90","18,703.90","18,247.90","229.10M","1.86%"
"09/27/2022","18,307.90","18,493.90","18,546.80","18,247.70","243.47M","-0.10%"
"09/26/2022","18,327.00","18,405.30","18,603.50","18,273.00","350.60M","-0.83%"
"09/23/2022","18,481.00","18,739.70","18,739.70","18,372.60","324.44M","-2.75%"
"09/22/2022","19,002.70","19,263.30","19,290.30","18,985.00","209.76M","-0.95%"
"09/21/2022","19,184.50","19,473.70","19,503.50","19,184.50","222.08M","-0.95%"
"09/20/2022","19,368.70","19,505.40","19,507.80","19,246.80","234.58M","-0.99%"
"09/19/2022","19,562.40","19,203.30","19,569.10","19,198.10","264.09M","0.91%"
"09/16/2022","19,385.90","19,386.20","19,421.60","19,283.20","622.08M","-0.89%"
"09/15/2022","19,560.20","19,640.70","19,785.10","19,521.30","218.51M","-0.84%"
"09/14/2022","19,726.10","19,683.60","19,809.10","19,649.30","237.74M","0.41%"
"09/13/2022","19,645.40","19,713.10","19,850.60","19,602.50","248.38M","-1.71%"
"09/12/2022","19,987.20","19,923.20","20,032.60","19,885.90","286.23M","1.08%"
"09/09/2022","19,773.30","19,592.40","19,789.60","19,592.40","233.56M","1.86%"
"09/08/2022","19,413.00","19,193.20","19,415.50","19,163.60","226.54M","0.89%"
"09/07/2022","19,241.40","19,013.70","19,264.50","18,982.00","233.64M","0.80%"
"09/06/2022","19,088.20","19,346.40","19,371.50","19,074.60","258.39M","-0.95%"
"09/02/2022","19,270.90","19,349.40","19,478.30","19,203.80","211.10M","0.67%"
"09/01/2022","19,142.70","19,179.50","19,179.50","18,986.20","248.53M","-0.97%"
"08/31/2022","19,330.80","19,450.60","19,506.40","19,329.90","281.28M","-0.93%"
"08/30/2022","19,512.90","19,819.80","19,819.80","19,484.80","220.07M","-1.63%"
"08/29/2022","19,836.10","19,752.80","19,884.20","19,705.00","286.76M","-0.19%"
"08/26/2022","19,873.30","20,204.70","20,205.60","19,860.60","219.29M","-1.48%"
"08/25/2022","20,172.30","20,113.10","20,189.00","20,081.00","248.11M","0.75%"
"08/24/2022","20,021.40","19,961.80","20,068.90","19,961.50","216.59M","0.18%"
"08/23/2022","19,985.40","19,968.50","20,082.90","19,941.10","237.56M","0.05%"
"08/22/2022","19,974.90","19,917.00","19,974.90","19,837.80","252.50M","-0.68%"
"08/19/2022","20,111.40","20,184.90","20,192.80","20,067.20","212.87M","-0.76%"
"08/18/2022","20,265.40","20,230.60","20,323.60","20,209.50","199.91M","0.42%"
"08/17/2022","20,181.40","20,191.70","20,252.00","20,130.80","225.97M","-0.44%"
"08/16/2022","20,270.00","20,182.20","20,287.20","20,166.50","223.80M","0.44%"
"08/15/2022","20,180.60","20,061.40","20,199.20","20,023.10","272.05M","0.00%"
"08/12/2022","20,179.80","20,051.40","20,188.60","20,021.30","230.35M","0.94%"
"08/11/2022","19,991.90","20,014.20","20,100.60","19,961.10","268.13M","0.53%"
"08/10/2022","19,885.90","19,743.60","19,911.00","19,716.30","264.93M","1.57%"
"08/09/2022","19,578.30","19,693.60","19,699.80","19,540.20","216.38M","-0.46%"
"08/08/2022","19,669.20","19,666.90","19,768.00","19,661.80","243.32M","0.25%"
"08/05/2022","19,620.10","19,471.30","19,620.10","19,443.30","238.71M","0.22%"
"08/04/2022","19,577.00","19,573.10","19,619.10","19,538.10","250.54M","0.16%"
"08/03/2022","19,545.90","19,616.10","19,616.10","19,485.00","220.50M","0.21%"
"08/02/2022","19,505.30","19,568.90","19,673.50","19,486.70","270.79M","-0.95%"
"07/29/2022","19,692.90","19,539.90","19,734.00","19,539.90","252.03M","1.21%"
"07/28/2022","19,456.70","19,353.50","19,472.70","19,182.40","251.62M","1.05%"
"07/27/2022","19,254.60","19,056.90","19,315.50","19,056.90","230.20M","1.49%"
"07/26/2022","18,972.70","19,070.70","19,110.50","18,923.40","209.67M","-0.69%"
"07/25/2022","19,104.50","19,010.30","19,119.00","18,971.50","219.08M","0.64%"
"07/22/2022","18,982.90","19,085.70","19,141.70","18,911.90","180.50M","-0.42%"
"07/21/2022","19,062.90","18,954.00","19,064.90","18,870.80","214.89M","0.22%"
"07/20/2022","19,020.70","18,912.40","19,056.40","18,845.20","197.33M","0.44%"
"07/19/2022","18,937.70","18,723.10","18,944.10","18,716.90","231.30M","1.84%"
"07/18/2022","18,595.60","18,582.50","18,733.60","18,560.10","270.48M","1.09%"
"07/15/2022","18,394.50","18,491.00","18,500.10","18,311.60","205.99M","0.36%"
"07/14/2022","18,329.10","18,448.10","18,466.80","18,169.90","340.29M","-1.54%"
"07/13/2022","18,615.20","18,517.50","18,691.90","18,378.80","227.05M","-0.34%"
"07/12/2022","18,678.60","18,712.30","18,798.30","18,619.50","232.31M","-0.73%"
"07/11/2022","18,816.80","18,905.30","18,955.40","18,785.80","225.90M","-1.08%"
"07/08/2022","19,022.90","19,063.10","19,100.10","18,897.70","197.64M","-0.21%"
"07/07/2022","19,063.20","18,871.30","19,085.50","18,871.30","251.53M","1.78%"
"07/06/2022","18,729.70","18,795.70","18,872.10","18,543.90","317.96M","-0.55%"
"07/05/2022","18,834.20","18,877.20","18,911.10","18,520.40","338.11M","-1.02%"
"07/04/2022","19,028.90","18,951.20","19,129.70","18,946.50","122.91M","0.89%"
"06/30/2022","18,861.40","18,848.70","18,898.70","18,665.30","272.84M","-1.14%"
"06/29/2022","19,078.60","19,274.30","19,274.30","19,010.40","215.31M","-0.75%"
"06/28/2022","19,222.70","19,406.50","19,500.90","19,160.20","275.26M","-0.18%"
"06/27/2022","19,258.30","19,168.70","19,294.20","19,068.00","321.21M","1.03%"
"06/24/2022","19,062.90","18,831.70","19,100.70","18,828.90","262.85M","1.85%"
"06/23/2022","18,717.10","19,033.10","19,067.00","18,661.50","312.41M","-1.51%"
"06/22/2022","19,004.00","18,947.10","19,142.80","18,871.70","283.62M","-1.32%"
"06/21/2022","19,257.30","19,248.20","19,385.50","19,239.40","275.43M","0.38%"
"06/20/2022","19,183.60","18,967.70","19,186.50","18,967.70","126.18M","1.34%"
"06/17/2022","18,930.50","19,067.40","19,194.00","18,787.70","579.46M","-0.39%"
"06/16/2022","19,004.10","19,284.00","19,320.70","18,952.70","284.71M","-3.10%"
"06/15/2022","19,611.60","19,665.40","19,743.40","19,383.70","281.53M","0.32%"
"06/14/2022","19,548.50","19,844.30","19,844.30","19,435.00","316.00M","-0.98%"
"06/13/2022","19,742.60","19,943.40","19,943.40","19,602.90","340.41M","-2.62%"
"06/10/2022","20,274.80","20,390.30","20,390.30","20,196.20","283.28M","-1.41%"
"06/09/2022","20,563.90","20,718.40","20,771.70","20,563.90","239.60M","-1.10%"
"06/08/2022","20,792.40","20,879.50","20,919.30","20,712.00","266.65M","-0.65%"
"06/07/2022","20,928.20","20,730.70","20,928.20","20,695.90","263.55M","0.52%"
"06/06/2022","20,819.10","20,912.90","20,931.90","20,796.10","279.74M","0.14%"
"06/03/2022","20,790.70","20,915.20","20,931.50","20,753.50","206.02M","-1.15%"
"06/02/2022","21,031.80","20,713.60","21,036.40","20,713.60","244.19M","1.54%"
"06/01/2022","20,713.70","20,816.70","20,866.40","20,610.20","268.21M","-0.08%"
"05/31/2022","20,729.30","20,830.50","20,875.90","20,697.60","588.16M","-0.91%"
"05/30/2022","20,919.40","20,835.60","20,940.10","20,817.50","122.88M","0.82%"
"05/27/2022","20,748.60","20,587.10","20,777.60","20,581.70","267.60M","1.05%"
"05/26/2022","20,532.20","20,454.10","20,624.70","20,448.70","267.12M","0.73%"
"05/25/2022","20,383.80","20,295.20","20,452.50","20,290.70","240.86M","0.48%"
"05/24/2022","20,286.20","20,333.40","20,337.30","20,146.90","304.12M","0.44%"
"05/20/2022","20,197.60","20,335.70","20,359.80","19,937.30","222.00M","0.08%"
"05/19/2022","20,181.90","19,927.10","20,336.10","19,907.30","259.83M","0.40%"
"05/18/2022","20,101.40","20,424.00","20,424.00","20,040.50","256.32M","-1.90%"
"05/17/2022","20,491.00","20,440.80","20,514.60","20,330.50","278.82M","1.41%"
"05/16/2022","20,206.40","20,116.00","20,309.20","20,064.80","310.72M","0.53%"
"05/13/2022","20,099.80","19,871.90","20,196.60","19,871.90","294.64M","2.03%"
"05/12/2022","19,699.10","19,681.30","19,809.00","19,480.00","320.28M","-0.70%"
"05/11/2022","19,837.30","19,922.80","20,189.40","19,792.80","324.39M","-0.27%"
"05/10/2022","19,890.10","20,166.20","20,253.30","19,736.70","361.17M","-0.55%"
"05/09/2022","19,999.70","20,392.40","20,392.40","19,955.80","340.77M","-3.07%"
"05/06/2022","20,633.30","20,664.50","20,729.30","20,416.40","274.93M","-0.30%"
"05/05/2022","20,696.20","21,120.70","21,120.70","20,550.60","284.58M","-2.31%"
"05/04/2022","21,185.00","20,973.00","21,212.90","20,798.80","300.98M","1.34%"
"05/03/2022","20,905.30","20,726.50","21,030.70","20,724.30","249.85M","1.03%"
"05/02/2022","20,692.20","20,707.70","20,758.10","20,456.80","253.79M","-0.34%"
"04/29/2022","20,762.00","21,036.20","21,168.80","20,753.90","287.08M","-1.70%"
"04/28/2022","21,121.10","20,899.90","21,206.50","20,817.90","280.97M","1.82%"
"04/27/2022","20,744.20","20,747.20","20,855.50","20,619.30","234.35M","0.26%"
"04/26/2022","20,690.80","21,021.20","21,021.20","20,690.80","256.42M","-1.53%"
"04/25/2022","21,011.90","20,985.50","21,074.70","20,672.60","317.53M","-0.82%"
"04/22/2022","21,186.40","21,593.90","21,593.90","21,169.30","287.67M","-2.14%"
"04/21/2022","21,650.40","22,088.10","22,088.10","21,613.20","258.69M","-1.58%"
"04/20/2022","21,998.40","22,012.50","22,062.60","21,934.00","218.91M","-0.09%"
"04/19/2022","22,018.80","21,853.00","22,035.70","21,820.80","204.37M","0.64%"
"04/18/2022","21,878.40","21,866.90","21,972.10","21,847.60","228.31M","0.10%"
"04/14/2022","21,855.70","21,862.20","21,935.50","21,843.00","231.68M","0.08%"
"04/13/2022","21,838.00","21,780.10","21,888.80","21,739.50","211.30M","0.56%"
"04/12/2022","21,715.40","21,897.90","21,948.60","21,701.00","252.64M","-0.34%"
"04/11/2022","21,790.50","21,873.80","21,889.70","21,737.50","289.44M","-0.38%"
"04/08/2022","21,874.40","21,876.80","21,953.00","21,824.30","203.32M","0.18%"
"04/07/2022","21,834.90","21,792.30","21,851.60","21,635.30","232.26M","0.21%"
"04/06/2022","21,788.60","21,860.00","21,894.50","21,702.10","233.71M","-0.65%"
"04/05/2022","21,930.80","22,060.20","22,213.10","21,916.60","269.79M","-0.70%"
"04/04/2022","22,085.60","21,979.40","22,089.80","21,942.60","279.85M","0.60%"
"04/01/2022","21,953.00","21,970.80","22,031.70","21,840.20","250.07M","0.29%"
"03/31/2022","21,890.20","22,109.70","22,181.80","21,890.20","266.13M","-0.84%"
"03/30/2022","22,076.00","22,068.50","22,109.20","22,016.50","242.51M","-0.05%"
"03/29/2022","22,087.20","21,968.20","22,108.30","21,908.40","278.08M","0.50%"
"03/28/2022","21,977.80","21,949.80","21,993.70","21,871.60","219.95M","-0.13%"
"03/25/2022","22,005.90","21,947.80","22,019.60","21,900.00","255.48M","0.31%"
"03/24/2022","21,937.90","22,011.30","22,018.00","21,871.50","243.94M","0.03%"
"03/23/2022","21,932.20","22,086.30","22,100.60","21,932.20","280.58M","-0.64%"
"03/22/2022","22,074.40","22,073.90","22,152.90","22,045.20","264.32M","0.30%"
"03/21/2022","22,009.10","21,918.40","22,023.80","21,910.30","264.21M","0.87%"
"03/18/2022","21,818.50","21,702.90","21,877.10","21,698.50","623.07M","0.22%"
"03/17/2022","21,771.20","21,521.50","21,772.50","21,506.40","239.06M","1.41%"
"03/16/2022","21,468.80","21,296.40","21,485.80","21,190.10","310.15M","1.33%"
"03/15/2022","21,187.80","21,065.10","21,198.60","20,971.10","320.48M","0.03%"
"03/14/2022","21,180.80","21,440.00","21,443.50","21,122.00","327.80M","-1.31%"
"03/11/2022","21,461.80","21,534.90","21,620.00","21,455.00","294.33M","-0.56%"
"03/10/2022","21,581.70","21,390.40","21,587.40","21,371.90","310.18M","0.41%"
"03/09/2022","21,493.20","21,303.00","21,544.00","21,243.20","386.82M","1.23%"
"03/08/2022","21,232.00","21,333.10","21,501.40","21,220.50","490.40M","-0.34%"
"03/07/2022","21,304.40","21,382.30","21,575.10","21,298.10","426.01M","-0.46%"
"03/04/2022","21,402.40","21,204.40","21,406.90","21,198.60","332.35M","0.72%"
"03/03/2022","21,250.40","21,280.10","21,348.90","21,208.50","298.46M","-0.02%"
"03/02/2022","21,255.60","21,065.60","21,297.70","21,065.60","291.80M","1.20%"
"03/01/2022","21,004.50","21,144.00","21,213.30","20,912.10","353.65M","-0.58%"
"02/28/2022","21,126.40","21,010.90","21,142.40","20,951.90","399.19M","0.10%"
"02/25/2022","21,106.00","20,828.10","21,114.00","20,784.00","272.94M","1.66%"
"02/24/2022","20,761.90","20,500.50","20,770.40","20,397.20","397.84M","0.09%"
"02/23/2022","20,744.20","20,956.80","20,996.10","20,718.00","292.75M","-0.78%"
"02/22/2022","20,907.80","20,936.30","21,030.50","20,737.70","323.45M","-0.48%"
"02/18/2022","21,008.20","21,184.30","21,202.80","21,000.60","243.06M","-0.79%"
"02/17/2022","21,176.30","21,358.50","21,395.10","21,160.10","254.38M","-0.97%"
"02/16/2022","21,383.60","21,376.70","21,461.50","21,344.70","255.28M","-0.55%"
"02/15/2022","21,502.60","21,398.20","21,510.60","21,388.00","279.61M","0.70%"
"02/14/2022","21,352.50","21,509.80","21,509.80","21,280.00","296.88M","-0.91%"
"02/11/2022","21,548.80","21,547.00","21,670.30","21,427.60","341.26M","0.08%"
"02/10/2022","21,531.70","21,521.00","21,784.70","21,491.90","310.18M","-0.34%"
"02/09/2022","21,604.20","21,524.10","21,650.80","21,524.10","253.69M","1.06%"
"02/08/2022","21,377.20","21,253.90","21,402.80","21,206.40","297.00M","0.67%"
"02/07/2022","21,235.50","21,271.30","21,327.70","21,158.70","267.47M","-0.17%"
"02/04/2022","21,271.90","21,158.30","21,343.10","21,158.30","236.74M","0.84%"
"02/03/2022","21,094.00","21,176.90","21,228.80","21,082.70","237.62M","-1.26%"
"02/02/2022","21,362.40","21,363.20","21,419.30","21,287.20","255.96M","0.20%"
"02/01/2022","21,319.90","21,160.50","21,321.00","21,073.10","264.21M","1.05%"
"01/31/2022","21,098.30","20,714.30","21,109.40","20,697.80","273.25M","1.72%"
"01/28/2022","20,741.80","20,539.20","20,741.80","20,411.80","244.86M","0.96%"
"01/27/2022","20,544.10","20,755.40","20,852.60","20,514.10","272.00M","-0.25%"
"01/26/2022","20,595.90","20,781.30","20,933.20","20,502.60","279.75M","0.02%"
"01/25/2022","20,591.00","20,364.70","20,746.70","20,130.50","273.78M","0.10%"
"01/24/2022","20,571.30","20,465.20","20,577.40","19,912.60","395.03M","-0.24%"
"01/21/2022","20,621.40","20,921.80","20,921.80","20,534.40","314.22M","-2.07%"
"01/20/2022","21,058.20","21,245.20","21,369.70","21,043.50","235.93M","-0.69%"
"01/19/2022","21,205.20","21,343.60","21,344.50","21,155.90","269.02M","-0.33%"
"01/18/2022","21,274.60","21,386.70","21,386.70","21,193.00","270.94M","-1.22%"
"01/17/2022","21,537.50","21,373.20","21,550.10","21,373.20","102.38M","0.84%"
"01/14/2022","21,357.60","21,191.60","21,365.50","21,162.80","248.69M","0.30%"
"01/13/2022","21,293.00","21,427.00","21,471.10","21,276.30","232.66M","-0.48%"
"01/12/2022","21,395.00","21,338.00","21,449.90","21,286.10","282.43M","0.56%"
"01/11/2022","21,274.80","21,086.20","21,284.00","21,009.10","292.13M","0.96%"
"01/10/2022","21,072.30","21,034.50","21,072.30","20,790.90","249.46M","-0.06%"
"01/07/2022","21,084.50","21,066.80","21,113.20","20,942.40","201.89M","0.06%"
"01/06/2022","21,072.20","21,057.90","21,148.60","20,934.20","238.50M","0.15%"
"01/05/2022","21,039.70","21,281.90","21,319.20","21,037.40","311.27M","-0.93%"
"01/04/2022","21,236.50","21,335.60","21,473.70","21,222.10","269.08M","0.06%"
"12/31/2021","21,222.80","21,253.30","21,276.50","21,168.70","128.38M","-0.34%"
"12/30/2021","21,294.60","21,339.10","21,433.90","21,293.40","145.73M","-0.23%"
"12/29/2021","21,344.70","21,276.40","21,430.60","21,276.40","233.87M","0.54%"
"12/24/2021","21,229.70","21,233.90","21,270.20","21,229.60","40.52M","0.05%"
"12/23/2021","21,218.90","21,118.20","21,265.80","21,112.60","210.87M","0.71%"
"12/22/2021","21,070.10","20,893.40","21,076.50","20,878.80","168.48M","0.69%"
"12/21/2021","20,924.90","20,717.30","20,953.90","20,717.30","215.70M","1.88%"
"12/20/2021","20,538.20","20,545.80","20,551.00","20,382.30","258.64M","-0.97%"
"12/17/2021","20,739.20","20,616.50","20,858.00","20,594.80","481.06M","-0.00%"
"12/16/2021","20,739.80","20,890.50","20,988.50","20,713.50","242.02M","-0.14%"
"12/15/2021","20,769.20","20,653.80","20,799.90","20,526.10","300.77M","0.58%"
"12/14/2021","20,648.60","20,616.00","20,785.10","20,613.70","215.70M","-0.48%"
"12/13/2021","20,748.50","20,885.50","20,903.60","20,672.00","356.76M","-0.68%"
"12/10/2021","20,890.60","21,014.30","21,021.90","20,833.60","201.34M","-0.17%"
"12/09/2021","20,925.50","20,983.00","21,027.40","20,897.30","226.06M","-0.72%"
"12/08/2021","21,077.40","21,136.00","21,136.00","21,047.90","206.51M","-0.40%"
"12/07/2021","21,162.70","21,041.40","21,227.00","21,037.50","238.35M","1.45%"
"12/06/2021","20,861.10","20,669.80","20,898.20","20,594.00","294.21M","1.10%"
"12/03/2021","20,633.30","20,815.90","20,825.20","20,492.00","253.12M","-0.62%"
"12/02/2021","20,762.00","20,496.70","20,833.20","20,479.40","266.11M","1.45%"
"12/01/2021","20,464.60","20,917.50","21,012.30","20,464.60","293.74M","-0.95%"
"11/30/2021","20,660.00","21,059.80","21,101.60","20,660.00","639.74M","-2.31%"
"11/29/2021","21,149.00","21,256.20","21,306.10","21,044.60","262.47M","0.11%"
"11/26/2021","21,125.90","21,383.70","21,383.70","21,086.90","265.16M","-2.25%"
"11/25/2021","21,613.20","21,581.20","21,649.10","21,571.20","84.09M","0.30%"
"11/24/2021","21,548.40","21,378.10","21,557.30","21,345.70","208.28M","0.44%"
"11/23/2021","21,453.80","21,422.90","21,527.50","21,350.70","279.82M","0.15%"
"11/22/2021","21,420.80","21,578.80","21,578.80","21,420.80","244.18M","-0.62%"
"11/19/2021","21,555.00","21,588.90","21,625.70","21,527.60","212.53M","-0.38%"
"11/18/2021","21,637.50","21,649.90","21,692.70","21,560.90","219.01M","-0.07%"
"11/17/2021","21,653.00","21,713.50","21,753.50","21,628.10","245.16M","-0.30%"
"11/16/2021","21,717.20","21,720.40","21,796.20","21,697.70","200.82M","0.16%"
"11/15/2021","21,683.10","21,758.10","21,765.50","21,661.20","262.10M","-0.39%"
"11/12/2021","21,768.50","21,595.00","21,773.10","21,586.60","254.10M","0.86%"
"11/11/2021","21,582.00","21,602.10","21,621.50","21,556.00","204.12M","0.56%"
"11/10/2021","21,461.90","21,567.20","21,597.80","21,415.30","233.96M","-0.61%"
"11/09/2021","21,594.50","21,571.80","21,597.10","21,471.50","255.52M","0.18%"
"11/08/2021","21,556.50","21,537.40","21,585.60","21,527.60","297.44M","0.47%"
"11/05/2021","21,455.80","21,412.80","21,473.80","21,378.40","272.47M","0.53%"
"11/04/2021","21,342.10","21,334.40","21,381.30","21,274.80","254.33M","0.36%"
"11/03/2021","21,265.10","21,175.40","21,286.20","21,160.50","190.80M","0.45%"
"11/02/2021","21,170.00","21,250.60","21,254.60","21,160.50","187.75M","-0.36%"
"11/01/2021","21,247.00","21,124.30","21,254.90","21,107.00","188.45M","1.00%"
"10/29/2021","21,037.10","21,116.90","21,146.60","21,037.10","244.02M","-0.76%"
"10/28/2021","21,197.50","20,990.80","21,216.20","20,979.40","199.06M","1.16%"
"10/27/2021","20,955.00","21,167.90","21,167.90","20,955.00","190.90M","-1.03%"
"10/26/2021","21,173.50","21,311.80","21,311.80","21,167.20","179.75M","-0.52%"
"10/25/2021","21,284.80","21,244.10","21,307.00","21,205.20","238.22M","0.32%"
"10/22/2021","21,216.20","21,219.10","21,265.80","21,133.90","188.12M","0.02%"
"10/21/2021","21,212.40","21,137.40","21,230.90","21,126.90","170.55M","0.11%"
"10/20/2021","21,188.20","21,079.10","21,188.20","21,067.80","185.13M","0.48%"
"10/19/2021","21,087.00","21,053.80","21,087.60","21,019.30","203.13M","0.48%"
"10/18/2021","20,985.40","20,898.60","20,985.40","20,853.30","200.01M","0.27%"
"10/15/2021","20,928.10","20,888.60","20,969.40","20,855.50","213.14M","0.52%"
"10/14/2021","20,819.90","20,746.20","20,840.30","20,735.40","246.78M","0.98%"
"10/13/2021","20,618.50","20,468.10","20,621.10","20,427.40","234.48M","0.89%"
"10/12/2021","20,437.10","20,412.70","20,478.50","20,375.80","267.12M","0.10%"
"10/08/2021","20,416.30","20,469.50","20,510.70","20,416.30","189.52M","0.00%"
"10/07/2021","20,416.20","20,291.80","20,470.30","20,291.80","193.38M","1.11%"
"10/06/2021","20,191.70","20,057.80","20,196.40","20,014.30","247.19M","0.04%"
"10/05/2021","20,183.40","20,107.20","20,220.70","20,062.40","241.85M","0.65%"
"10/04/2021","20,052.30","20,094.60","20,162.90","19,968.50","225.64M","-0.49%"
"10/01/2021","20,150.90","20,122.70","20,201.90","19,954.80","204.78M","0.40%"
"09/30/2021","20,070.30","20,186.50","20,243.50","20,058.00","253.27M","-0.44%"
"09/29/2021","20,158.10","20,223.70","20,275.30","20,154.50","216.22M","-0.08%"
"09/28/2021","20,174.10","20,379.50","20,379.50","20,128.10","244.28M","-1.41%"
"09/27/2021","20,463.40","20,433.60","20,503.80","20,428.20","257.97M","0.30%"
"09/24/2021","20,402.70","20,417.10","20,438.10","20,384.20","186.16M","-0.29%"
"09/23/2021","20,461.90","20,423.10","20,514.90","20,407.80","252.50M","0.30%"
"09/22/2021","20,401.50","20,372.60","20,479.70","20,372.60","210.10M","0.78%"
"09/21/2021","20,244.30","20,268.10","20,344.70","20,204.60","210.54M","0.45%"
"09/20/2021","20,154.50","20,285.60","20,285.60","19,982.20","271.22M","-1.64%"
"09/17/2021","20,490.40","20,519.00","20,557.50","20,449.00","506.94M","-0.54%"
"09/16/2021","20,602.10","20,663.40","20,663.40","20,555.10","199.05M","-0.44%"
"09/15/2021","20,693.80","20,591.90","20,717.20","20,569.20","265.20M","0.68%"
"09/14/2021","20,553.30","20,668.00","20,679.60","20,539.20","220.49M","-0.55%"
"09/13/2021","20,666.40","20,726.30","20,759.40","20,628.80","262.62M","0.16%"
"09/10/2021","20,633.10","20,759.20","20,759.20","20,631.90","205.51M","-0.35%"
"09/09/2021","20,705.30","20,723.90","20,785.60","20,675.50","188.05M","-0.18%"
"09/08/2021","20,741.80","20,805.40","20,863.20","20,730.70","203.58M","-0.31%"
"09/07/2021","20,806.60","20,848.30","20,897.60","20,801.10","206.92M","-0.07%"
"09/03/2021","20,821.40","20,817.50","20,845.60","20,782.50","163.30M","0.13%"
"09/02/2021","20,795.10","20,726.70","20,818.40","20,726.70","161.19M","0.51%"
"09/01/2021","20,689.60","20,604.80","20,723.90","20,604.80","188.49M","0.52%"
"08/31/2021","20,582.90","20,611.50","20,703.90","20,570.20","228.29M","-0.06%"
"08/30/2021","20,595.00","20,660.30","20,660.30","20,555.20","176.02M","-0.24%"
"08/27/2021","20,644.60","20,548.50","20,662.90","20,540.20","165.91M","0.68%"
"08/26/2021","20,504.20","20,578.70","20,591.40","20,497.10","160.93M","-0.40%"
"08/25/2021","20,587.30","20,574.80","20,612.40","20,540.50","204.52M","0.19%"
"08/24/2021","20,547.80","20,503.70","20,576.70","20,484.20","149.69M","0.34%"
"08/23/2021","20,477.30","20,400.90","20,479.30","20,386.50","190.57M","0.68%"
"08/20/2021","20,339.00","20,222.50","20,347.60","20,209.50","153.92M","0.61%"
"08/19/2021","20,215.40","20,196.80","20,246.00","20,109.40","193.06M","-0.43%"
"08/18/2021","20,302.10","20,354.90","20,386.70","20,294.40","183.34M","-0.30%"
"08/17/2021","20,363.60","20,421.00","20,437.60","20,273.70","186.17M","-0.58%"
"08/16/2021","20,483.40","20,461.10","20,492.50","20,417.90","162.56M","-0.17%"
"08/13/2021","20,518.10","20,565.20","20,567.10","20,501.60","157.58M","-0.01%"
"08/12/2021","20,520.60","20,549.10","20,549.10","20,417.70","170.01M","-0.16%"
"08/11/2021","20,554.00","20,531.60","20,565.40","20,487.90","186.54M","0.28%"
"08/10/2021","20,495.70","20,464.00","20,541.40","20,458.00","197.48M","0.29%"
"08/09/2021","20,437.40","20,418.80","20,446.40","20,370.20","182.43M","-0.19%"
"08/06/2021","20,475.40","20,391.70","20,506.20","20,391.70","170.25M","0.49%"
"08/05/2021","20,375.50","20,361.00","20,422.50","20,349.80","181.71M","0.23%"
"08/04/2021","20,329.70","20,355.10","20,434.00","20,328.60","164.08M","-0.18%"
"08/03/2021","20,365.90","20,325.10","20,385.40","20,261.50","179.05M","0.38%"
"07/30/2021","20,287.80","20,236.00","20,300.70","20,208.20","192.69M","-0.12%"
"07/29/2021","20,311.80","20,284.30","20,363.00","20,273.70","163.12M","0.40%"
"07/28/2021","20,230.40","20,213.50","20,250.10","20,153.70","139.79M","0.28%"
"07/27/2021","20,173.40","20,130.80","20,175.60","20,081.40","139.27M","0.04%"
"07/26/2021","20,165.00","20,189.70","20,216.80","20,121.80","175.66M","-0.12%"
"07/23/2021","20,188.40","20,163.20","20,203.60","20,146.60","144.76M","0.45%"
"07/22/2021","20,097.50","20,098.70","20,117.30","20,040.20","141.25M","-0.06%"
"07/21/2021","20,110.10","20,012.70","20,144.60","20,012.70","161.13M","0.84%"
"07/20/2021","19,942.70","19,762.70","19,983.90","19,714.70","175.94M","1.10%"
"07/19/2021","19,726.50","19,821.40","19,821.40","19,605.90","251.71M","-1.30%"
"07/16/2021","19,985.50","20,203.50","20,206.80","19,976.00","174.43M","-0.98%"
"07/15/2021","20,183.70","20,128.30","20,214.60","20,092.90","171.28M","0.18%"
"07/14/2021","20,147.20","20,307.90","20,316.30","20,130.60","174.73M","-0.61%"
"07/13/2021","20,270.70","20,274.20","20,316.80","20,250.80","165.78M","0.19%"
"07/12/2021","20,233.10","20,259.90","20,283.10","20,226.50","173.76M","-0.12%"
"07/09/2021","20,258.00","20,136.40","20,265.20","20,132.90","152.91M","0.98%"
"07/08/2021","20,061.20","20,101.70","20,117.60","19,980.30","197.79M","-1.13%"
"07/07/2021","20,290.60","20,315.40","20,381.70","20,234.20","191.80M","-0.05%"
"07/06/2021","20,300.00","20,303.70","20,307.40","20,175.00","231.97M","0.09%"
"07/05/2021","20,281.50","20,249.20","20,291.30","20,202.70","75.51M","0.27%"
"07/02/2021","20,226.10","20,267.20","20,338.50","20,185.40","182.94M","0.30%"
"06/30/2021","20,165.60","20,155.90","20,182.50","20,093.80","197.65M","-0.03%"
"06/29/2021","20,171.00","20,171.70","20,214.40","20,148.00","185.84M","0.13%"
"06/28/2021","20,145.30","20,273.60","20,273.60","20,113.50","181.15M","-0.42%"
"06/25/2021","20,230.30","20,230.80","20,240.20","20,146.40","179.23M","0.08%"
"06/24/2021","20,215.10","20,241.40","20,257.80","20,176.40","159.86M","0.25%"
"06/23/2021","20,164.40","20,226.30","20,226.30","20,154.60","199.87M","-0.18%"
"06/22/2021","20,200.70","20,188.60","20,244.20","20,110.10","211.24M","0.22%"
"06/21/2021","20,156.40","20,067.40","20,222.60","20,013.90","200.46M","0.78%"
"06/18/2021","19,999.60","20,024.90","20,123.00","19,978.30","477.52M","-0.72%"
"06/17/2021","20,144.00","20,204.30","20,246.60","20,083.80","270.32M","-0.43%"
"06/16/2021","20,231.00","20,231.80","20,295.20","20,194.70","227.01M","-0.00%"
"06/15/2021","20,231.30","20,202.80","20,269.90","20,198.40","221.30M","0.37%"
"06/14/2021","20,157.70","20,118.60","20,163.50","20,102.30","276.89M","0.10%"
"06/11/2021","20,138.40","20,099.30","20,155.90","20,075.40","164.75M","0.44%"
"06/10/2021","20,049.50","20,066.80","20,081.10","19,969.70","214.00M","0.24%"
"06/09/2021","20,002.30","20,046.30","20,047.10","19,960.90","217.09M","-0.32%"
"06/08/2021","20,065.90","20,052.70","20,106.20","20,006.80","246.51M","0.15%"
"06/07/2021","20,035.30","20,053.80","20,067.20","19,994.60","241.19M","0.03%"
"06/04/2021","20,029.20","20,028.10","20,050.40","19,973.20","191.29M","0.44%"
"06/03/2021","19,941.40","19,941.10","20,011.10","19,906.80","250.96M","-0.15%"
"06/02/2021","19,971.20","20,043.10","20,043.10","19,940.40","251.32M","-0.02%"
"06/01/2021","19,976.00","19,909.10","20,022.10","19,909.10","283.36M","1.24%"
"05/31/2021","19,731.00","19,905.80","19,909.60","19,705.80","102.26M","-0.61%"
"05/28/2021","19,852.20","19,876.50","19,904.80","19,841.00","227.00M","0.39%"
"05/27/2021","19,774.40","19,768.10","19,835.30","19,752.50","465.08M","0.15%"
"05/26/2021","19,745.50","19,654.20","19,763.70","19,634.60","228.19M","0.93%"
"05/25/2021","19,564.10","19,621.30","19,679.90","19,553.80","232.16M","0.19%"
"05/21/2021","19,527.30","19,614.80","19,614.80","19,507.80","171.96M","-0.08%"
"05/20/2021","19,543.00","19,444.70","19,582.40","19,420.60","210.29M","0.65%"
"05/19/2021","19,417.00","19,348.20","19,440.50","19,224.20","271.84M","-0.46%"
"05/18/2021","19,507.10","19,477.10","19,556.90","19,414.10","203.66M","0.17%"
"05/17/2021","19,474.70","19,341.90","19,475.50","19,320.10","246.78M","0.56%"
"05/14/2021","19,366.70","19,206.20","19,393.30","19,202.70","228.57M","1.21%"
"05/13/2021","19,135.80","19,100.80","19,210.00","19,064.00","239.06M","0.15%"
"05/12/2021","19,107.80","19,216.30","19,259.00","19,067.70","246.14M","-0.86%"
"05/11/2021","19,274.00","19,185.50","19,295.60","19,090.30","268.60M","-0.45%"
"05/10/2021","19,361.90","19,503.60","19,543.90","19,361.90","272.99M","-0.57%"
"05/07/2021","19,472.70","19,330.80","19,491.50","19,317.30","249.44M","0.94%"
"05/06/2021","19,291.00","19,313.30","19,320.30","19,181.90","244.42M","-0.10%"
"05/05/2021","19,310.70","19,259.10","19,340.30","19,219.10","246.33M","0.64%"
"05/04/2021","19,188.00","19,207.20","19,231.20","19,052.40","227.75M","-0.13%"
"05/03/2021","19,213.20","19,193.60","19,276.10","19,193.60","185.82M","0.55%"
"04/30/2021","19,108.30","19,196.50","19,227.40","19,085.00","199.40M","-0.77%"
"04/29/2021","19,255.90","19,413.50","19,439.80","19,221.70","198.64M","-0.52%"
"04/28/2021","19,357.00","19,235.90","19,403.50","19,217.60","191.69M","0.95%"
"04/27/2021","19,175.10","19,205.50","19,241.60","19,123.40","184.48M","0.02%"
"04/26/2021","19,170.60","19,109.90","19,186.80","19,104.90","191.57M","0.36%"
"04/23/2021","19,102.30","19,056.00","19,126.10","19,033.50","170.63M","0.37%"
"04/22/2021","19,031.60","19,148.40","19,148.40","18,988.70","171.68M","-0.58%"
"04/21/2021","19,143.30","19,022.90","19,152.80","19,022.90","168.59M","0.54%"
"04/20/2021","19,040.80","19,106.70","19,119.70","18,967.10","198.04M","-0.85%"
"04/19/2021","19,204.40","19,341.20","19,364.60","19,180.00","192.89M","-0.76%"
"04/16/2021","19,351.30","19,380.70","19,380.70","19,293.80","238.41M","0.15%"
"04/15/2021","19,321.90","19,253.00","19,337.20","19,249.70","202.97M","0.78%"
"04/14/2021","19,171.70","19,263.60","19,312.30","19,163.40","205.08M","-0.17%"
"04/13/2021","19,203.70","19,249.30","19,256.40","19,182.00","221.51M","0.01%"
"04/12/2021","19,201.30","19,220.10","19,252.80","19,161.70","228.01M","-0.14%"
"04/09/2021","19,228.00","19,183.30","19,228.00","19,157.30","183.70M","-0.00%"
"04/08/2021","19,228.90","19,157.00","19,228.90","19,089.10","225.41M","0.52%"
"04/07/2021","19,129.10","19,138.20","19,178.00","19,099.20","215.46M","0.13%"
"04/06/2021","19,104.10","19,083.30","19,153.00","19,058.90","206.26M","0.41%"
"04/05/2021","19,026.80","19,062.30","19,082.70","19,017.30","214.81M","0.19%"
"04/01/2021","18,990.30","18,799.90","18,993.80","18,772.70","216.03M","1.55%"
"03/31/2021","18,700.70","18,727.30","18,786.80","18,687.90","272.26M","-0.03%"
"03/30/2021","18,705.60","18,647.70","18,733.70","18,606.60","201.11M","-0.07%"
"03/29/2021","18,719.20","18,707.70","18,760.00","18,613.90","236.51M","-0.18%"
"03/26/2021","18,752.60","18,683.40","18,758.60","18,591.20","221.38M","0.54%"
"03/25/2021","18,651.10","18,553.30","18,674.60","18,460.60","258.15M","0.12%"
"03/24/2021","18,628.30","18,744.40","18,789.80","18,626.40","237.79M","-0.22%"
"03/23/2021","18,669.80","18,791.70","18,824.70","18,642.50","252.58M","-0.77%"
"03/22/2021","18,815.10","18,838.40","18,852.40","18,772.60","211.04M","-0.21%"
"03/19/2021","18,854.00","18,836.70","18,883.70","18,721.70","602.54M","0.09%"
"03/18/2021","18,836.50","18,924.00","18,989.60","18,813.30","266.50M","-0.77%"
"03/17/2021","18,983.10","18,840.80","19,037.10","18,820.90","271.25M","0.58%"
"03/16/2021","18,874.00","18,974.20","18,974.20","18,854.70","264.01M","-0.43%"
"03/15/2021","18,954.80","18,910.10","18,964.30","18,808.50","265.61M","0.55%"
"03/12/2021","18,851.30","18,794.40","18,853.20","18,725.60","254.10M","0.04%"
"03/11/2021","18,844.60","18,815.10","18,881.20","18,778.80","260.04M","0.83%"
"03/10/2021","18,690.00","18,702.90","18,761.90","18,602.60","242.92M","0.49%"
"03/09/2021","18,599.20","18,565.40","18,711.60","18,556.30","303.91M","0.77%"
"03/08/2021","18,457.80","18,404.10","18,595.70","18,353.40","328.56M","0.42%"
"03/05/2021","18,381.00","18,250.50","18,406.50","17,998.30","327.50M","1.41%"
"03/04/2021","18,125.70","18,281.70","18,354.50","17,950.80","334.46M","-1.06%"
"03/03/2021","18,320.70","18,427.50","18,437.30","18,248.30","269.12M","-0.55%"
"03/02/2021","18,421.60","18,340.20","18,454.40","18,292.30","286.90M","0.67%"
"03/01/2021","18,299.60","18,249.80","18,363.20","18,232.80","269.33M","1.33%"
"02/26/2021","18,060.30","18,203.60","18,219.60","17,930.00","402.54M","-0.90%"
"02/25/2021","18,223.50","18,462.80","18,526.10","18,147.10","337.51M","-1.41%"
"02/24/2021","18,484.50","18,341.90","18,548.90","18,241.90","323.82M","0.84%"
"02/23/2021","18,330.10","18,307.40","18,375.10","18,021.90","289.76M","-0.47%"
"02/22/2021","18,416.70","18,347.00","18,467.30","18,336.20","334.21M","0.18%"
"02/19/2021","18,384.30","18,316.00","18,393.10","18,271.40","268.14M","0.60%"
"02/18/2021","18,274.10","18,304.20","18,351.10","18,207.20","266.21M","-0.55%"
"02/17/2021","18,374.80","18,346.10","18,391.30","18,254.30","273.86M","-0.64%"
"02/16/2021","18,492.50","18,514.40","18,579.70","18,452.50","290.06M","0.17%"
"02/12/2021","18,460.20","18,381.90","18,460.80","18,335.80","253.65M","0.37%"
"02/11/2021","18,393.00","18,463.00","18,481.10","18,325.50","271.16M","-0.35%"
"02/10/2021","18,457.80","18,494.80","18,527.90","18,302.10","258.15M","0.27%"
"02/09/2021","18,408.60","18,369.90","18,421.00","18,334.50","247.76M","0.43%"
"02/08/2021","18,330.30","18,236.40","18,333.80","18,236.40","304.60M","1.07%"
"02/05/2021","18,135.90","18,110.60","18,159.20","18,070.70","232.82M","0.52%"
"02/04/2021","18,042.00","17,954.30","18,072.20","17,929.70","257.77M","0.70%"
"02/03/2021","17,915.90","17,906.60","17,924.70","17,822.20","255.23M","0.23%"
"02/02/2021","17,874.50","17,755.70","17,895.30","17,752.90","261.11M","1.03%"
"02/01/2021","17,692.50","17,527.40","17,716.10","17,487.70","249.64M","2.05%"
"01/29/2021","17,337.00","17,615.80","17,615.80","17,297.80","304.31M","-1.81%"
"01/28/2021","17,657.20","17,571.20","17,711.90","17,537.10","270.83M","1.34%"
"01/27/2021","17,424.40","17,688.20","17,688.20","17,412.20","291.25M","-2.00%"
"01/26/2021","17,779.40","17,945.00","17,945.00","17,774.40","221.43M","-0.71%"
"01/25/2021","17,906.00","17,835.30","17,931.10","17,735.90","246.25M","0.34%"
"01/22/2021","17,845.90","17,812.50","17,869.90","17,790.20","209.35M","-0.39%"
"01/21/2021","17,916.20","18,018.30","18,018.30","17,870.30","223.74M","-0.55%"
"01/20/2021","18,014.90","18,016.40","18,027.50","17,911.50","250.07M","0.32%"
"01/19/2021","17,957.40","17,992.50","18,023.30","17,916.80","249.13M","0.07%"
"01/18/2021","17,944.90","17,889.40","17,967.70","17,889.40","99.22M","0.20%"
"01/15/2021","17,909.00","17,961.60","17,972.70","17,808.90","272.69M","-0.27%"
"01/14/2021","17,958.10","17,974.20","18,025.30","17,948.30","301.08M","0.13%"
"01/13/2021","17,934.70","18,001.30","18,010.00","17,897.20","241.17M","-0.28%"
"01/12/2021","17,985.80","17,981.80","18,009.30","17,894.10","244.68M","0.29%"
"01/11/2021","17,934.50","17,930.00","18,027.20","17,927.20","225.41M","-0.60%"
"01/08/2021","18,042.10","18,057.10","18,058.60","17,935.60","259.28M","0.08%"
"01/07/2021","18,027.60","17,935.30","18,051.80","17,912.80","261.37M","1.12%"
"01/06/2021","17,828.10","17,721.60","17,924.50","17,721.60","310.53M","0.82%"
"01/05/2021","17,682.50","17,544.00","17,694.40","17,544.00","290.35M","0.88%"
"01/04/2021","17,527.80","17,583.40","17,593.80","17,405.40","238.98M","0.54%"
"12/31/2020","17,433.40","17,520.70","17,556.50","17,428.70","158.57M","-0.64%"
"12/30/2020","17,545.80","17,572.30","17,623.10","17,534.10","159.58M","0.01%"
"12/29/2020","17,543.40","17,610.50","17,661.20","17,512.20","205.41M","-0.46%"
"12/24/2020","17,623.90","17,595.90","17,641.70","17,568.50","95.99M","0.17%"
"12/23/2020","17,593.60","17,586.90","17,652.70","17,583.60","185.16M","0.23%"
"12/22/2020","17,552.50","17,538.20","17,572.90","17,478.40","208.09M","0.29%"
"12/21/2020","17,500.90","17,367.00","17,507.70","17,307.50","247.29M","-0.19%"
"12/18/2020","17,534.60","17,675.30","17,676.60","17,517.20","484.56M","-0.67%"
"12/17/2020","17,652.90","17,646.90","17,684.10","17,605.50","247.25M","0.49%"
"12/16/2020","17,567.40","17,570.40","17,600.60","17,480.80","256.85M","0.35%"
"12/15/2020","17,506.50","17,481.80","17,533.10","17,441.80","221.40M","0.68%"
"12/14/2020","17,387.40","17,614.20","17,617.30","17,383.30","297.76M","-0.92%"
"12/11/2020","17,548.90","17,539.50","17,561.80","17,470.90","215.91M","-0.25%"
"12/10/2020","17,593.30","17,478.30","17,603.70","17,452.90","236.33M","0.19%"
"12/09/2020","17,559.90","17,654.20","17,668.00","17,475.10","285.24M","-0.45%"
"12/08/2020","17,639.00","17,541.60","17,654.90","17,541.60","240.05M","0.32%"
"12/07/2020","17,582.40","17,494.70","17,611.50","17,447.30","337.31M","0.35%"
"12/04/2020","17,521.00","17,438.90","17,525.70","17,437.50","310.27M","0.71%"
"12/03/2020","17,398.00","17,386.00","17,452.90","17,382.00","251.03M","0.23%"
"12/02/2020","17,358.20","17,278.10","17,358.30","17,220.90","261.96M","0.35%"
"12/01/2020","17,296.90","17,431.30","17,471.20","17,285.30","296.75M","0.62%"
"11/30/2020","17,190.30","17,339.70","17,339.70","17,124.90","445.83M","-1.19%"
"11/27/2020","17,396.60","17,316.80","17,411.00","17,316.80","187.47M","0.26%"
"11/26/2020","17,351.30","17,306.20","17,366.60","17,301.90","98.81M","0.22%"
"11/25/2020","17,313.10","17,278.40","17,323.80","17,215.50","249.08M","0.22%"
"11/24/2020","17,274.30","17,203.00","17,311.10","17,190.90","322.09M","1.05%"
"11/23/2020","17,094.50","17,067.30","17,137.30","17,035.70","277.22M","0.44%"
"11/20/2020","17,019.10","16,929.40","17,048.90","16,891.60","230.21M","0.65%"
"11/19/2020","16,909.80","16,838.00","16,922.60","16,813.60","223.71M","0.12%"
"11/18/2020","16,889.80","16,972.30","16,990.60","16,884.80","254.89M","-0.34%"
"11/17/2020","16,948.10","16,800.20","16,952.80","16,768.70","264.19M","0.35%"
"11/16/2020","16,889.80","16,791.90","16,889.80","16,734.00","306.81M","1.28%"
"11/13/2020","16,675.60","16,679.50","16,736.30","16,662.40","240.21M","0.56%"
"11/12/2020","16,582.20","16,774.20","16,794.90","16,532.80","268.33M","-1.14%"
"11/11/2020","16,774.10","16,718.40","16,801.00","16,674.90","270.43M","0.96%"
"11/10/2020","16,615.40","16,503.00","16,654.80","16,485.80","311.21M","0.85%"
"11/09/2020","16,475.90","16,550.70","16,715.70","16,465.20","476.66M","1.19%"
"11/06/2020","16,282.80","16,359.40","16,378.60","16,236.60","285.27M","-0.09%"
"11/05/2020","16,298.20","16,232.70","16,318.60","16,223.70","294.46M","1.87%"
"11/04/2020","15,998.70","16,053.70","16,111.70","15,894.20","285.81M","0.37%"
"11/03/2020","15,939.20","15,791.80","15,975.90","15,791.80","194.52M","1.54%"
"11/02/2020","15,696.90","15,684.90","15,724.90","15,569.40","197.14M","0.75%"
"10/30/2020","15,580.60","15,616.00","15,632.30","15,418.50","221.84M","-0.57%"
"10/29/2020","15,670.70","15,633.60","15,738.20","15,514.60","205.66M","0.54%"
"10/28/2020","15,586.60","15,835.10","15,835.10","15,575.10","277.46M","-2.71%"
"10/27/2020","16,020.90","16,084.70","16,104.60","15,999.20","188.80M","-0.37%"
"10/26/2020","16,079.60","16,208.00","16,224.20","15,990.10","219.83M","-1.38%"
"10/23/2020","16,304.10","16,312.60","16,334.80","16,228.60","188.75M","0.15%"
"10/22/2020","16,279.40","16,222.80","16,294.00","16,148.60","202.80M","0.30%"
"10/21/2020","16,230.20","16,246.90","16,313.10","16,203.00","188.64M","-0.26%"
"10/20/2020","16,273.30","16,350.00","16,369.90","16,246.00","213.16M","-0.00%"
"10/19/2020","16,274.10","16,483.40","16,490.90","16,261.80","212.66M","-1.00%"
"10/16/2020","16,438.80","16,534.40","16,549.70","16,435.70","176.88M","-0.38%"
"10/15/2020","16,501.00","16,305.10","16,515.20","16,290.00","182.20M","0.28%"
"10/14/2020","16,455.40","16,554.10","16,575.40","16,436.80","224.32M","-0.34%"
"10/13/2020","16,510.80","16,569.90","16,569.90","16,449.80","222.18M","-0.31%"
"10/09/2020","16,562.80","16,584.10","16,611.00","16,518.40","209.64M","0.17%"
"10/08/2020","16,534.50","16,485.00","16,539.10","16,481.60","226.46M","0.65%"
"10/07/2020","16,428.30","16,352.80","16,443.90","16,339.00","205.38M","1.18%"
"10/06/2020","16,236.10","16,454.10","16,455.80","16,205.50","242.80M","-1.06%"
"10/05/2020","16,410.20","16,262.50","16,418.60","16,251.10","219.57M","1.30%"
"10/02/2020","16,199.30","16,021.60","16,213.90","16,005.70","188.13M","0.09%"
"10/01/2020","16,184.50","16,189.70","16,228.50","16,117.30","214.84M","0.39%"
"09/30/2020","16,121.40","16,228.00","16,273.80","16,090.60","262.49M","-0.56%"
"09/29/2020","16,211.50","16,231.20","16,232.60","16,131.50","169.17M","-0.19%"
"09/28/2020","16,242.80","16,237.10","16,286.80","16,185.10","235.69M","1.10%"
"09/25/2020","16,065.40","15,878.20","16,088.80","15,832.00","177.96M","0.96%"
"09/24/2020","15,912.30","15,781.40","15,994.20","15,725.00","206.01M","0.60%"
"09/23/2020","15,817.10","16,183.50","16,195.00","15,816.40","222.69M","-2.02%"
"09/22/2020","16,142.90","16,048.90","16,180.20","16,000.50","194.99M","1.01%"
"09/21/2020","15,981.80","15,981.30","15,981.80","15,763.10","270.49M","-1.34%"
"09/18/2020","16,199.00","16,289.50","16,310.00","16,174.30","532.48M","-0.29%"
"09/17/2020","16,246.70","16,134.50","16,294.30","16,103.10","206.87M","-0.30%"
"09/16/2020","16,295.70","16,495.60","16,495.60","16,295.70","228.14M","-0.83%"
"09/15/2020","16,431.30","16,468.20","16,515.20","16,408.10","208.59M","0.44%"
"09/14/2020","16,360.10","16,314.90","16,373.30","16,295.10","231.78M","0.85%"
"09/11/2020","16,222.50","16,252.10","16,316.80","16,143.20","186.52M","0.23%"
"09/10/2020","16,185.30","16,431.60","16,431.60","16,153.20","215.67M","-1.21%"
"09/09/2020","16,383.60","16,250.40","16,432.70","16,250.40","227.75M","1.76%"
"09/08/2020","16,099.50","16,064.50","16,222.20","15,956.00","282.44M","-0.73%"
"09/04/2020","16,218.00","16,471.90","16,507.20","16,086.20","260.64M","-1.40%"
"09/03/2020","16,448.90","16,676.00","16,720.80","16,386.30","204.81M","-1.49%"
"09/02/2020","16,698.00","16,711.30","16,725.70","16,650.00","212.02M","0.32%"
"09/01/2020","16,645.00","16,533.20","16,645.00","16,462.70","199.79M","0.79%"
"08/31/2020","16,514.40","16,685.50","16,685.50","16,498.10","240.91M","-1.15%"
"08/28/2020","16,705.80","16,780.90","16,781.90","16,681.40","208.79M","-0.15%"
"08/27/2020","16,731.50","16,823.40","16,835.10","16,650.50","188.26M","-0.35%"
"08/26/2020","16,790.00","16,642.60","16,792.70","16,611.40","172.13M","1.04%"
"08/25/2020","16,617.50","16,654.90","16,654.90","16,523.90","158.15M","-0.05%"
"08/24/2020","16,626.60","16,631.70","16,639.00","16,573.20","185.39M","0.66%"
"08/21/2020","16,517.90","16,546.30","16,546.30","16,474.70","170.63M","-0.54%"
"08/20/2020","16,606.80","16,514.90","16,621.90","16,490.60","182.66M","0.18%"
"08/19/2020","16,577.40","16,609.50","16,654.00","16,565.20","213.01M","-0.29%"
"08/18/2020","16,626.10","16,701.70","16,706.60","16,579.00","165.96M","-0.18%"
"08/17/2020","16,656.10","16,627.10","16,663.00","16,600.20","189.27M","0.86%"
"08/14/2020","16,514.60","16,467.10","16,543.00","16,454.00","163.42M","-0.09%"
"08/13/2020","16,530.10","16,554.00","16,587.70","16,471.60","175.05M","-0.27%"
"08/12/2020","16,575.30","16,645.60","16,681.40","16,565.00","221.36M","0.47%"
"08/11/2020","16,497.00","16,579.20","16,640.40","16,486.00","252.38M","-0.65%"
"08/10/2020","16,605.50","16,603.90","16,647.30","16,535.00","224.22M","0.37%"
"08/07/2020","16,544.50","16,544.30","16,567.30","16,492.10","184.33M","-0.21%"
"08/06/2020","16,579.10","16,543.50","16,593.40","16,496.80","224.43M","0.47%"
"08/05/2020","16,501.60","16,454.10","16,507.30","16,440.30","233.40M","0.82%"
"08/04/2020","16,368.00","16,172.60","16,370.80","16,172.60","241.46M","1.23%"
"07/31/2020","16,169.20","16,288.80","16,288.80","16,060.60","215.14M","-0.80%"
"07/30/2020","16,299.30","16,123.10","16,299.30","16,020.60","185.97M","0.03%"
"07/29/2020","16,294.70","16,271.40","16,317.90","16,173.00","188.31M","1.08%"
"07/28/2020","16,121.30","16,140.00","16,189.50","16,085.30","191.26M","-0.25%"
"07/27/2020","16,161.30","16,076.30","16,165.80","16,012.70","183.67M","1.03%"
"07/24/2020","15,997.10","15,980.60","16,006.30","15,928.40","166.47M","-0.13%"
"07/23/2020","16,018.70","16,178.50","16,186.90","15,969.80","196.71M","-0.94%"
"07/22/2020","16,171.10","16,173.20","16,196.40","16,107.70","185.91M","0.05%"
"07/21/2020","16,163.00","16,297.60","16,317.40","16,153.20","222.83M","-0.13%"
"07/20/2020","16,183.70","16,113.40","16,201.70","16,112.30","200.33M","0.37%"
"07/17/2020","16,123.50","16,089.30","16,142.70","16,012.90","163.79M","0.62%"
"07/16/2020","16,024.50","15,965.10","16,069.10","15,957.80","174.88M","-0.24%"
"07/15/2020","16,063.30","15,996.20","16,130.60","15,979.20","238.76M","0.97%"
"07/14/2020","15,908.50","15,625.00","15,923.50","15,573.50","231.74M","1.72%"
"07/13/2020","15,639.40","15,782.60","15,879.70","15,621.00","229.58M","-0.47%"
"07/10/2020","15,713.80","15,582.60","15,717.60","15,546.30","202.76M","0.93%"
"07/09/2020","15,568.60","15,637.70","15,649.10","15,391.70","203.78M","-0.39%"
"07/08/2020","15,629.20","15,637.00","15,706.90","15,533.10","207.85M","0.22%"
"07/07/2020","15,595.50","15,605.30","15,717.70","15,582.40","183.71M","-0.47%"
"07/06/2020","15,669.70","15,765.60","15,797.00","15,643.40","238.09M","0.47%"
"07/03/2020","15,596.80","15,613.20","15,625.10","15,561.60","61.23M","-0.16%"
"07/02/2020","15,622.40","15,694.10","15,828.60","15,613.10","212.04M","0.69%"
"06/30/2020","15,515.20","15,342.60","15,564.90","15,319.40","255.55M","0.82%"
"06/29/2020","15,389.70","15,250.50","15,425.00","15,182.80","216.26M","1.32%"
"06/26/2020","15,189.00","15,400.80","15,405.90","15,167.60","256.56M","-1.66%"
"06/25/2020","15,446.10","15,222.60","15,451.00","15,178.40","195.78M","0.99%"
"06/24/2020","15,294.40","15,489.30","15,489.30","15,144.40","237.45M","-1.74%"
"06/23/2020","15,564.80","15,673.80","15,679.40","15,527.20","219.10M","0.31%"
"06/22/2020","15,516.90","15,484.30","15,537.70","15,427.30","240.80M","0.28%"
"06/19/2020","15,474.20","15,638.10","15,638.10","15,436.90","944.04M","-0.04%"
"06/18/2020","15,479.80","15,367.30","15,523.50","15,341.50","223.12M","0.33%"
"06/17/2020","15,428.70","15,571.50","15,571.50","15,413.80","232.47M","-0.56%"
"06/16/2020","15,515.80","15,694.30","15,701.80","15,450.70","288.91M","1.02%"
"06/15/2020","15,359.70","15,044.50","15,442.90","14,934.70","294.43M","0.68%"
"06/12/2020","15,256.60","15,394.90","15,424.10","15,117.30","340.42M","1.37%"
"06/11/2020","15,050.90","15,374.50","15,401.30","15,015.50","374.44M","-4.14%"
"06/10/2020","15,701.30","15,863.60","15,863.60","15,610.70","361.96M","-0.84%"
"06/09/2020","15,833.70","15,881.00","15,907.90","15,772.20","360.73M","-0.88%"
"06/08/2020","15,974.90","15,963.50","15,980.10","15,847.90","443.02M","0.76%"
"06/05/2020","15,854.10","15,780.90","15,883.00","15,774.00","378.22M","2.10%"
"06/04/2020","15,527.90","15,577.30","15,637.40","15,502.40","300.08M","-0.30%"
"06/03/2020","15,575.10","15,517.10","15,628.90","15,504.20","372.20M","1.17%"
"06/02/2020","15,394.40","15,301.20","15,398.70","15,279.40","281.51M","1.04%"
"06/01/2020","15,236.20","15,177.60","15,271.10","15,163.10","246.51M","0.29%"
"05/29/2020","15,192.80","15,241.80","15,244.40","15,092.90","793.56M","-0.46%"
"05/28/2020","15,262.70","15,325.70","15,342.40","15,226.90","333.99M","-0.06%"
"05/27/2020","15,272.00","15,176.50","15,272.00","14,940.30","349.33M","0.82%"
"05/26/2020","15,148.10","15,162.10","15,185.10","15,095.00","299.84M","0.48%"
"05/25/2020","15,075.40","15,004.20","15,089.60","14,983.00","127.87M","1.08%"
"05/22/2020","14,913.60","14,929.30","14,933.20","14,834.80","252.74M","0.19%"
"05/21/2020","14,884.90","14,993.50","14,999.50","14,783.90","288.95M","-0.75%"
"05/20/2020","14,997.60","15,048.20","15,054.80","14,972.20","300.48M","0.75%"
"05/19/2020","14,885.50","14,911.40","14,951.20","14,823.00","378.89M","1.68%"
"05/15/2020","14,638.90","14,504.30","14,657.60","14,447.90","286.95M","0.89%"
"05/14/2020","14,509.70","14,346.20","14,553.10","14,187.50","307.62M","0.04%"
"05/13/2020","14,503.20","14,898.10","14,898.10","14,419.90","311.64M","-2.54%"
"05/12/2020","14,881.20","15,161.50","15,184.90","14,881.20","306.67M","-1.47%"
"05/11/2020","15,103.20","14,901.90","15,118.80","14,852.80","249.61M","0.91%"
"05/08/2020","14,966.60","14,958.20","14,985.60","14,898.50","312.19M","0.90%"
"05/07/2020","14,833.70","14,963.20","15,016.00","14,815.80","314.63M","0.02%"
"05/06/2020","14,830.70","14,855.40","14,909.60","14,744.30","302.69M","0.13%"
"05/05/2020","14,811.60","14,899.40","14,943.70","14,764.10","297.58M","0.45%"
"05/04/2020","14,745.00","14,554.20","14,745.00","14,518.10","295.09M","0.85%"
"05/01/2020","14,620.30","14,563.00","14,661.20","14,520.20","287.32M","-1.09%"
"04/30/2020","14,780.70","15,114.80","15,114.80","14,767.10","403.60M","-2.94%"
"04/29/2020","15,228.10","15,003.00","15,257.90","15,002.10","371.32M","2.90%"
"04/28/2020","14,798.30","14,767.60","14,856.00","14,658.70","297.71M","1.07%"
"04/27/2020","14,642.10","14,492.00","14,649.60","14,404.60","284.52M","1.54%"
"04/24/2020","14,420.40","14,337.60","14,433.70","14,242.80","323.68M","1.19%"
"04/23/2020","14,251.10","14,329.40","14,422.40","14,238.70","311.06M","-0.26%"
"04/22/2020","14,288.20","14,212.90","14,305.00","14,113.00","267.17M","2.50%"
"04/21/2020","13,940.10","14,106.50","14,307.70","13,940.10","307.13M","-3.12%"
"04/20/2020","14,388.30","14,132.80","14,509.80","14,075.80","334.71M","0.20%"
"04/17/2020","14,359.90","14,079.30","14,365.80","14,079.30","374.05M","3.31%"
"04/16/2020","13,899.30","14,024.80","14,056.90","13,874.70","288.40M","-0.42%"
"04/15/2020","13,958.60","14,010.90","14,071.00","13,900.70","315.61M","-2.10%"
"04/14/2020","14,258.40","14,239.10","14,440.90","14,110.70","335.90M","1.30%"
"04/13/2020","14,075.90","14,195.10","14,197.60","13,889.30","326.41M","-0.64%"
"04/09/2020","14,166.60","14,082.00","14,329.20","14,010.70","437.30M","1.73%"
"04/08/2020","13,925.70","13,726.00","13,964.90","13,588.40","374.16M","2.29%"
"04/07/2020","13,614.10","13,937.90","14,062.70","13,571.50","400.92M","0.16%"
"04/06/2020","13,592.70","13,362.40","13,603.00","13,300.10","386.78M","5.06%"
"04/03/2020","12,938.30","13,108.30","13,171.20","12,829.40","354.99M","-1.22%"
"04/02/2020","13,097.80","12,946.60","13,248.60","12,921.00","446.04M","1.72%"
"04/01/2020","12,876.40","12,966.80","13,138.10","12,814.00","373.01M","-3.76%"
"03/31/2020","13,378.80","13,083.90","13,557.60","13,083.90","498.99M","2.61%"
"03/30/2020","13,038.50","12,780.90","13,048.40","12,549.00","388.25M","2.76%"
"03/27/2020","12,687.70","12,942.90","12,963.60","12,630.30","453.38M","-5.11%"
"03/26/2020","13,371.20","13,154.10","13,592.30","13,138.30","471.05M","1.77%"
"03/25/2020","13,139.20","12,588.10","13,690.40","12,496.30","553.13M","4.52%"
"03/24/2020","12,571.10","11,909.70","12,588.30","11,823.90","489.33M","11.96%"
"03/23/2020","11,228.50","11,802.80","11,870.60","11,172.70","473.24M","-5.26%"
"03/20/2020","11,851.80","12,335.70","12,670.80","11,809.40","727.89M","-2.62%"
"03/19/2020","12,170.50","11,657.30","12,294.40","11,361.30","531.59M","3.83%"
"03/18/2020","11,721.40","12,197.70","12,500.00","11,384.10","589.44M","-7.60%"
"03/17/2020","12,685.20","12,525.30","13,114.50","12,322.70","618.75M","2.63%"
"03/16/2020","12,360.40","12,648.70","12,851.70","11,883.70","525.67M","-9.89%"
"03/13/2020","13,716.30","13,161.60","13,716.30","12,608.30","669.33M","9.66%"
"03/12/2020","12,508.50","13,611.80","13,611.80","12,451.10","678.33M","-12.34%"
"03/11/2020","14,270.10","14,639.70","14,714.20","14,185.20","468.99M","-4.60%"
"03/10/2020","14,958.10","15,019.00","15,048.80","14,481.90","571.00M","3.06%"
"03/09/2020","14,514.20","15,221.80","15,240.30","14,498.30","559.23M","-10.27%"
"03/06/2020","16,175.00","16,222.10","16,261.50","16,015.80","374.70M","-2.29%"
"03/05/2020","16,554.00","16,541.60","16,684.90","16,456.70","313.01M","-1.34%"
"03/04/2020","16,779.50","16,659.90","16,779.50","16,539.40","273.72M","2.17%"
"03/03/2020","16,423.60","16,674.90","16,798.20","16,378.30","393.13M","-0.78%"
"03/02/2020","16,553.30","16,325.00","16,566.70","16,166.30","374.72M","1.78%"
"02/28/2020","16,263.10","16,184.40","16,276.90","15,896.40","590.22M","-2.72%"
"02/27/2020","16,717.40","16,803.40","16,816.20","16,456.80","232.69M","-1.90%"
"02/26/2020","17,041.90","17,140.90","17,304.60","17,029.90","303.63M","-0.79%"
"02/25/2020","17,177.40","17,560.50","17,586.80","17,124.90","303.25M","-2.19%"
"02/24/2020","17,562.70","17,608.90","17,608.90","17,463.10","310.12M","-1.57%"
"02/21/2020","17,843.50","17,936.50","17,949.80","17,833.10","271.26M","-0.56%"
"02/20/2020","17,944.10","17,911.60","17,970.50","17,860.60","248.80M","0.10%"
"02/19/2020","17,925.40","17,887.60","17,933.20","17,851.30","215.95M","0.38%"
"02/18/2020","17,858.30","17,818.90","17,871.30","17,812.50","294.36M","0.06%"
"02/14/2020","17,848.40","17,811.30","17,848.50","17,798.60","222.71M","0.15%"
"02/13/2020","17,821.20","17,764.10","17,829.20","17,750.80","255.70M","-0.07%"
"02/12/2020","17,832.90","17,873.10","17,873.10","17,812.00","246.20M","0.31%"
"02/11/2020","17,777.10","17,783.60","17,822.20","17,769.30","199.30M","0.21%"
"02/10/2020","17,740.60","17,646.60","17,743.60","17,646.60","210.74M","0.48%"
"02/07/2020","17,655.50","17,705.40","17,716.70","17,633.00","209.83M","-0.57%"
"02/06/2020","17,757.50","17,686.10","17,758.50","17,670.60","199.33M","0.60%"
"02/05/2020","17,651.60","17,629.40","17,674.00","17,606.10","223.40M","0.79%"
"02/04/2020","17,512.70","17,504.60","17,548.80","17,493.80","235.05M","0.76%"
"02/03/2020","17,379.80","17,351.00","17,441.60","17,351.00","196.33M","0.35%"
"01/31/2020","17,318.50","17,442.30","17,450.70","17,272.70","239.16M","-0.98%"
"01/30/2020","17,490.60","17,429.60","17,502.90","17,395.90","191.07M","-0.12%"
"01/29/2020","17,511.80","17,547.50","17,561.90","17,496.70","169.41M","0.06%"
"01/28/2020","17,500.90","17,475.00","17,519.00","17,456.10","198.14M","0.33%"
"01/27/2020","17,442.50","17,376.80","17,466.10","17,360.00","203.77M","-0.70%"
"01/24/2020","17,565.30","17,629.40","17,646.40","17,514.70","193.69M","-0.32%"
"01/23/2020","17,621.80","17,564.80","17,621.80","17,540.80","330.91M","0.12%"
"01/22/2020","17,599.90","17,570.30","17,666.50","17,558.00","213.33M","0.16%"
"01/21/2020","17,572.30","17,551.50","17,589.50","17,536.30","241.56M","-0.14%"
"01/20/2020","17,597.40","17,548.10","17,620.20","17,538.40","111.82M","0.22%"
"01/17/2020","17,559.00","17,507.70","17,572.20","17,502.40","224.67M","0.42%"
"01/16/2020","17,484.80","17,443.50","17,489.60","17,438.50","261.42M","0.40%"
"01/15/2020","17,415.20","17,364.80","17,421.70","17,345.10","207.65M","0.36%"
"01/14/2020","17,352.90","17,288.60","17,356.50","17,281.30","235.50M","0.34%"
"01/13/2020","17,293.40","17,237.60","17,301.80","17,198.90","268.09M","0.34%"
"01/10/2020","17,234.50","17,223.20","17,254.10","17,187.20","192.51M","-0.01%"
"01/09/2020","17,235.60","17,205.90","17,255.50","17,201.30","222.50M","0.39%"
"01/08/2020","17,167.80","17,172.70","17,229.90","17,164.60","246.98M","-0.00%"
"01/07/2020","17,168.10","17,119.60","17,178.00","17,110.30","171.94M","0.37%"
"01/06/2020","17,105.50","17,042.30","17,105.50","17,041.20","195.35M","0.23%"
"01/03/2020","17,066.10","17,054.80","17,105.70","17,033.20","185.49M","-0.20%"
"01/02/2020","17,100.00","17,131.60","17,164.60","17,043.50","156.21M","0.21%"
"12/31/2019","17,063.40","17,052.40","17,079.50","17,027.40","155.10M","-0.21%"
"12/30/2019","17,098.60","17,159.60","17,159.60","17,066.60","128.08M","-0.41%"
"12/27/2019","17,168.20","17,216.20","17,230.60","17,145.00","134.80M","-0.07%"
"12/24/2019","17,180.20","17,132.80","17,180.20","17,095.20","93.19M","0.30%"
"12/23/2019","17,128.70","17,149.00","17,166.40","17,102.30","162.52M","0.06%"
"12/20/2019","17,118.40","17,078.70","17,166.00","17,078.70","465.80M","0.32%"
"12/19/2019","17,064.00","17,036.70","17,079.00","17,015.40","207.78M","0.19%"
"12/18/2019","17,032.00","17,047.00","17,051.70","17,004.50","248.87M","-0.25%"
"12/17/2019","17,075.20","17,065.70","17,088.00","17,032.30","206.81M","0.11%"
"12/16/2019","17,056.40","17,043.80","17,095.50","17,036.10","205.04M","0.31%"
"12/13/2019","17,003.10","16,956.10","17,036.80","16,930.00","296.51M","0.33%"
"12/12/2019","16,946.90","16,951.60","17,031.90","16,946.20","242.57M","0.04%"
"12/11/2019","16,939.60","16,968.20","17,006.00","16,915.20","191.72M","-0.07%"
"12/10/2019","16,950.70","16,947.10","16,967.50","16,906.60","187.21M","-0.00%"
"12/09/2019","16,950.90","16,986.70","17,003.40","16,934.70","194.56M","-0.27%"
"12/06/2019","16,997.00","16,937.40","17,023.30","16,930.00","183.34M","0.84%"
"12/05/2019","16,854.90","16,886.80","16,886.80","16,817.00","227.23M","-0.25%"
"12/04/2019","16,897.30","16,909.30","16,957.90","16,893.40","206.24M","0.03%"
"12/03/2019","16,892.20","16,900.30","16,908.50","16,853.20","220.65M","-0.53%"
"12/02/2019","16,981.50","17,060.90","17,060.90","16,930.40","198.66M","-0.34%"
"11/29/2019","17,040.20","17,099.20","17,117.20","17,040.20","155.88M","-0.43%"
"11/28/2019","17,114.50","17,086.80","17,120.90","17,077.80","63.77M","0.08%"
"11/27/2019","17,100.60","17,046.60","17,104.30","17,023.30","176.18M","0.38%"
"11/26/2019","17,035.90","17,016.90","17,048.20","16,975.70","327.58M","0.02%"
"11/25/2019","17,032.90","16,980.60","17,048.50","16,972.70","218.54M","0.46%"
"11/22/2019","16,954.80","17,012.50","17,012.50","16,935.70","199.53M","-0.26%"
"11/21/2019","16,999.20","17,019.50","17,019.50","16,950.80","236.46M","-0.04%"
"11/20/2019","17,005.80","16,992.10","17,040.60","16,962.60","237.38M","-0.03%"
"11/19/2019","17,011.40","17,033.90","17,033.90","16,963.90","225.00M","-0.08%"
"11/18/2019","17,025.10","17,003.80","17,025.10","16,994.50","206.18M","-0.02%"
"11/15/2019","17,028.50","16,982.70","17,036.00","16,978.00","189.38M","0.33%"
"11/14/2019","16,972.20","16,959.90","16,984.10","16,939.10","166.39M","0.08%"
"11/13/2019","16,958.00","16,891.60","16,987.30","16,880.70","184.51M","0.29%"
"11/12/2019","16,909.40","16,898.10","16,927.50","16,884.80","230.96M","0.16%"
"11/11/2019","16,882.80","16,834.80","16,895.10","16,819.90","153.12M","0.03%"
"11/08/2019","16,877.40","16,795.70","16,879.70","16,795.70","207.48M","0.43%"
"11/07/2019","16,805.80","16,797.30","16,834.40","16,788.60","242.58M","0.36%"
"11/06/2019","16,745.60","16,693.00","16,766.60","16,666.90","217.18M","0.38%"
"11/05/2019","16,681.90","16,663.90","16,696.80","16,660.30","229.38M","0.07%"
"11/04/2019","16,669.80","16,646.10","16,681.60","16,642.50","244.77M","0.46%"
"11/01/2019","16,594.10","16,537.70","16,608.00","16,534.90","201.18M","0.67%"
"10/31/2019","16,483.20","16,473.30","16,483.20","16,409.50","222.28M","-0.11%"
"10/30/2019","16,501.40","16,412.50","16,501.50","16,373.50","160.01M","0.51%"
"10/29/2019","16,418.10","16,330.90","16,454.10","16,315.60","178.12M","0.19%"
"10/28/2019","16,387.50","16,434.40","16,453.20","16,387.50","162.18M","-0.10%"
"10/25/2019","16,404.50","16,369.80","16,425.00","16,356.50","173.52M","0.22%"
"10/24/2019","16,369.30","16,380.80","16,412.10","16,332.50","167.16M","0.20%"
"10/23/2019","16,335.90","16,386.10","16,395.90","16,309.20","181.91M","-0.34%"
"10/22/2019","16,391.50","16,470.30","16,484.80","16,391.50","171.98M","-0.16%"
"10/21/2019","16,418.50","16,421.00","16,443.30","16,412.10","155.11M","0.25%"
"10/18/2019","16,377.10","16,452.70","16,462.10","16,376.60","166.42M","-0.30%"
"10/17/2019","16,426.30","16,450.50","16,468.80","16,400.50","168.40M","-0.01%"
"10/16/2019","16,427.20","16,435.10","16,445.60","16,408.70","165.97M","0.05%"
"10/15/2019","16,418.40","16,433.70","16,510.70","16,417.80","212.33M","0.02%"
"10/11/2019","16,415.20","16,487.20","16,516.70","16,413.40","200.75M","-0.05%"
"10/10/2019","16,422.70","16,375.40","16,444.40","16,358.10","186.01M","0.26%"
"10/09/2019","16,379.90","16,347.30","16,409.10","16,308.70","168.39M","0.53%"
"10/08/2019","16,294.00","16,366.50","16,372.70","16,274.70","198.43M","-0.78%"
"10/07/2019","16,421.80","16,420.70","16,474.70","16,394.50","155.83M","-0.17%"
"10/04/2019","16,449.40","16,386.90","16,453.20","16,362.00","183.49M","0.49%"
"10/03/2019","16,369.00","16,285.40","16,369.60","16,198.10","237.88M","0.36%"
"10/02/2019","16,311.00","16,401.80","16,417.00","16,223.60","218.20M","-0.83%"
"10/01/2019","16,447.70","16,683.60","16,707.50","16,429.60","225.20M","-1.27%"
"09/30/2019","16,658.60","16,666.70","16,730.50","16,658.60","200.79M","-0.21%"
"09/27/2019","16,694.30","16,769.40","16,769.40","16,656.40","196.46M","-0.57%"
"09/26/2019","16,790.40","16,788.10","16,800.70","16,749.90","204.56M","0.04%"
"09/25/2019","16,784.30","16,771.00","16,800.90","16,725.80","197.46M","-0.08%"
"09/24/2019","16,798.30","16,877.40","16,917.60","16,772.40","207.31M","-0.41%"
"09/23/2019","16,867.20","16,870.10","16,892.50","16,846.40","168.55M","-0.19%"
"09/20/2019","16,899.70","16,896.80","16,947.20","16,864.20","501.13M","0.24%"
"09/19/2019","16,858.40","16,829.60","16,913.50","16,829.60","209.33M","0.35%"
"09/18/2019","16,800.30","16,824.50","16,851.50","16,731.10","232.11M","-0.20%"
"09/17/2019","16,834.80","16,738.30","16,855.50","16,727.20","247.10M","0.50%"
"09/16/2019","16,751.30","16,706.30","16,767.20","16,698.30","307.59M","0.41%"
"09/13/2019","16,682.40","16,679.80","16,756.10","16,679.80","221.92M","0.23%"
"09/12/2019","16,643.30","16,624.10","16,696.40","16,592.40","267.93M","0.19%"
"09/11/2019","16,611.10","16,565.20","16,623.00","16,548.90","218.71M","0.45%"
"09/10/2019","16,537.30","16,467.30","16,537.30","16,459.40","238.46M","0.26%"
"09/09/2019","16,495.10","16,565.20","16,566.70","16,463.30","216.89M","-0.24%"
"09/06/2019","16,535.30","16,546.20","16,577.70","16,519.90","185.44M","-0.24%"
"09/05/2019","16,574.80","16,498.50","16,604.40","16,492.20","236.41M","0.77%"
"09/04/2019","16,448.80","16,487.00","16,550.00","16,435.30","201.35M","0.30%"
"09/03/2019","16,399.20","16,382.50","16,434.20","16,328.40","223.32M","-0.26%"
"08/30/2019","16,442.10","16,431.80","16,456.50","16,377.70","178.99M","0.35%"
"08/29/2019","16,384.50","16,360.30","16,407.30","16,342.70","183.11M","0.69%"
"08/28/2019","16,271.70","16,178.70","16,294.10","16,166.30","182.42M","0.54%"
"08/27/2019","16,183.60","16,138.50","16,193.30","16,125.20","232.16M","0.53%"
"08/26/2019","16,098.80","16,133.60","16,167.50","16,069.90","167.94M","0.38%"
"08/23/2019","16,037.60","16,214.80","16,301.60","16,003.10","227.39M","-1.33%"
"08/22/2019","16,253.50","16,314.00","16,335.10","16,238.40","145.76M","-0.34%"
"08/21/2019","16,309.20","16,247.50","16,309.20","16,240.30","179.09M","0.59%"
"08/20/2019","16,213.30","16,281.40","16,281.40","16,198.90","165.28M","-0.56%"
"08/19/2019","16,304.10","16,218.30","16,321.30","16,206.60","-","0.96%"
"08/16/2019","16,149.80","16,064.40","16,162.40","16,053.50","-","0.86%"
"08/15/2019","16,012.50","16,026.70","16,066.60","15,964.40","202.39M","-0.21%"
"08/14/2019","16,045.90","16,212.50","16,260.20","16,022.50","235.44M","-1.86%"
"08/13/2019","16,350.80","16,235.30","16,375.00","16,232.70","227.51M","0.70%"
"08/12/2019","16,237.80","16,325.60","16,334.30","16,209.40","193.94M","-0.63%"
"08/09/2019","16,341.30","16,372.00","16,423.20","16,305.60","210.69M","-0.39%"
"08/08/2019","16,404.50","16,304.70","16,420.70","16,292.60","231.00M","0.86%"
"08/07/2019","16,265.20","16,092.70","16,285.90","16,064.30","279.76M","0.72%"
"08/06/2019","16,149.50","16,111.00","16,188.20","15,994.30","317.37M","-0.75%"
"08/02/2019","16,271.70","16,368.60","16,389.50","16,206.40","240.11M","-0.64%"
"08/01/2019","16,377.00","16,389.20","16,505.90","16,362.20","304.39M","-0.18%"
"07/31/2019","16,406.60","16,447.30","16,470.50","16,282.10","265.48M","-0.36%"
"07/30/2019","16,466.10","16,433.50","16,473.90","16,418.50","181.42M","-0.16%"
"07/29/2019","16,492.20","16,549.40","16,549.40","16,476.30","184.84M","-0.23%"
"07/26/2019","16,531.00","16,532.80","16,556.50","16,521.90","167.19M","0.26%"
"07/25/2019","16,488.20","16,613.10","16,613.10","16,458.40","209.51M","-0.74%"
"07/24/2019","16,611.80","16,536.10","16,623.90","16,530.90","171.78M","0.24%"
"07/23/2019","16,572.70","16,582.50","16,590.00","16,530.20","148.83M","0.33%"
"07/22/2019","16,518.90","16,504.90","16,530.30","16,500.90","138.55M","0.20%"
"07/19/2019","16,485.90","16,536.90","16,573.70","16,485.50","164.30M","-0.05%"
"07/18/2019","16,494.20","16,464.90","16,514.50","16,445.10","203.72M","0.06%"
"07/17/2019","16,484.20","16,509.10","16,534.90","16,469.00","165.61M","-0.11%"
"07/16/2019","16,502.40","16,487.00","16,522.00","16,467.10","178.47M","-0.05%"
"07/15/2019","16,510.80","16,505.60","16,524.50","16,474.90","147.79M","0.14%"
"07/12/2019","16,488.10","16,526.00","16,528.40","16,476.40","160.59M","-0.24%"
"07/11/2019","16,527.90","16,563.90","16,568.10","16,525.10","190.58M","-0.21%"
"07/10/2019","16,563.30","16,582.00","16,641.80","16,527.10","188.75M","0.11%"
"07/09/2019","16,545.20","16,436.70","16,545.20","16,421.70","159.73M","0.50%"
"07/08/2019","16,463.00","16,473.30","16,495.30","16,458.50","172.38M","-0.48%"
"07/05/2019","16,542.00","16,529.40","16,547.00","16,469.90","133.77M","-0.28%"
"07/04/2019","16,588.90","16,570.30","16,598.30","16,557.90","56.64M","0.08%"
"07/03/2019","16,576.20","16,486.70","16,580.60","16,480.40","143.99M","0.64%"
"07/02/2019","16,471.30","16,463.60","16,472.60","16,381.70","178.24M","0.54%"
"06/28/2019","16,382.20","16,328.70","16,382.20","16,302.60","207.98M","0.46%"
"06/27/2019","16,307.70","16,306.70","16,319.60","16,268.20","177.47M","-0.03%"
"06/26/2019","16,312.20","16,393.90","16,393.90","16,302.40","211.05M","-0.36%"
"06/25/2019","16,371.30","16,504.60","16,514.80","16,371.30","207.16M","-0.92%"
"06/24/2019","16,523.50","16,527.10","16,547.80","16,506.80","198.18M","-0.01%"
"06/21/2019","16,525.40","16,558.90","16,558.90","16,508.40","493.94M","-0.30%"
"06/20/2019","16,574.80","16,585.90","16,603.90","16,548.40","235.06M","0.38%"
"06/19/2019","16,511.80","16,515.40","16,529.60","16,492.30","190.09M","0.05%"
"06/18/2019","16,503.40","16,451.50","16,527.30","16,448.80","218.95M","0.92%"
"06/17/2019","16,353.50","16,301.70","16,360.10","16,286.50","185.24M","0.32%"
"06/14/2019","16,301.90","16,228.10","16,325.40","16,190.90","170.25M","0.39%"
"06/13/2019","16,239.30","16,261.10","16,267.10","16,213.30","184.29M","0.07%"
"06/12/2019","16,227.20","16,201.70","16,253.30","16,199.90","190.86M","-0.13%"
"06/11/2019","16,248.80","16,290.10","16,302.00","16,228.20","178.85M","0.20%"
"06/10/2019","16,216.30","16,234.40","16,262.20","16,201.60","172.57M","-0.09%"
"06/07/2019","16,231.00","16,237.30","16,277.40","16,220.70","171.07M","0.02%"
"06/06/2019","16,227.80","16,237.40","16,241.60","16,175.10","164.79M","0.09%"
"06/05/2019","16,212.70","16,219.50","16,224.80","16,128.60","230.60M","0.29%"
"06/04/2019","16,166.20","16,075.60","16,166.20","16,027.30","211.12M","0.94%"
"06/03/2019","16,015.90","16,053.50","16,105.90","15,960.90","223.72M","-0.13%"
"05/31/2019","16,037.50","15,997.70","16,047.40","15,963.30","224.73M","-0.32%"
"05/30/2019","16,089.20","16,144.90","16,151.60","16,062.50","171.20M","-0.26%"
"05/29/2019","16,131.50","16,196.00","16,215.30","16,105.00","206.80M","-1.02%"
"05/28/2019","16,297.50","16,326.90","16,355.50","16,266.30","396.20M","-0.30%"
"05/27/2019","16,346.70","16,241.40","16,346.70","16,238.30","73.32M","0.72%"
"05/24/2019","16,230.00","16,221.70","16,251.50","16,181.60","192.19M","0.40%"
"05/23/2019","16,164.60","16,228.50","16,228.50","16,105.50","243.74M","-1.00%"
"05/22/2019","16,327.40","16,345.80","16,355.10","16,308.80","197.46M","-0.60%"
"05/21/2019","16,426.50","16,383.30","16,426.50","16,354.30","218.95M","0.15%"
"05/17/2019","16,401.80","16,383.50","16,456.10","16,376.80","182.49M","-0.26%"
"05/16/2019","16,443.90","16,361.10","16,461.90","16,349.70","207.25M","0.77%"
"05/15/2019","16,318.10","16,237.80","16,341.30","16,229.70","203.56M","0.21%"
"05/14/2019","16,284.50","16,227.40","16,320.90","16,206.20","205.38M","0.56%"
"05/13/2019","16,193.40","16,158.20","16,199.90","16,111.30","232.64M","-0.64%"
"05/10/2019","16,297.60","16,278.30","16,351.70","16,139.00","233.58M","-0.15%"
"05/09/2019","16,321.80","16,342.10","16,379.00","16,258.90","224.37M","-0.46%"
"05/08/2019","16,397.40","16,349.10","16,451.40","16,347.20","213.60M","0.24%"
"05/07/2019","16,357.80","16,378.00","16,408.50","16,317.90","248.84M","-0.82%"
"05/06/2019","16,493.50","16,332.80","16,493.50","16,327.10","197.20M","-0.01%"
"05/03/2019","16,494.40","16,467.70","16,496.60","16,430.00","202.16M","0.51%"
"05/02/2019","16,410.90","16,485.00","16,492.90","16,402.20","255.50M","-0.56%"
"05/01/2019","16,502.80","16,580.60","16,604.90","16,493.80","220.86M","-0.47%"
"04/30/2019","16,580.70","16,582.70","16,618.80","16,544.60","207.32M","-0.12%"
"04/29/2019","16,600.40","16,612.10","16,642.10","16,589.80","180.94M","-0.08%"
"04/26/2019","16,613.50","16,554.30","16,615.20","16,515.50","282.66M","0.23%"
"04/25/2019","16,576.10","16,567.20","16,593.20","16,527.90","278.77M","-0.06%"
"04/24/2019","16,586.50","16,642.10","16,666.00","16,572.10","212.96M","-0.50%"
"04/23/2019","16,669.40","16,591.60","16,672.70","16,581.10","221.71M","0.56%"
"04/22/2019","16,577.30","16,607.20","16,616.30","16,552.80","169.94M","-0.21%"
"04/18/2019","16,612.80","16,558.50","16,615.10","16,557.50","195.73M","0.41%"
"04/17/2019","16,544.20","16,535.90","16,553.40","16,495.70","333.38M","0.25%"
"04/16/2019","16,502.20","16,537.70","16,553.40","16,498.60","202.48M","-0.08%"
"04/15/2019","16,515.50","16,459.90","16,532.70","16,443.30","194.88M","0.21%"
"04/12/2019","16,480.50","16,473.90","16,487.10","16,437.30","195.85M","0.49%"
"04/11/2019","16,399.50","16,412.80","16,471.80","16,399.50","230.08M","0.02%"
"04/10/2019","16,396.30","16,369.00","16,409.80","16,368.00","213.55M","0.37%"
"04/09/2019","16,336.50","16,340.60","16,345.90","16,294.30","175.14M","-0.43%"
"04/08/2019","16,407.30","16,373.10","16,407.30","16,326.70","207.57M","0.07%"
"04/05/2019","16,396.20","16,337.90","16,396.20","16,330.20","170.62M","0.52%"
"04/04/2019","16,311.60","16,290.00","16,311.60","16,249.90","189.92M","0.19%"
"04/03/2019","16,279.90","16,296.00","16,338.00","16,244.50","224.15M","0.10%"
"04/02/2019","16,263.90","16,240.40","16,263.90","16,194.90","178.28M","0.22%"
"04/01/2019","16,228.10","16,187.90","16,228.10","16,153.60","233.23M","0.78%"
"03/29/2019","16,102.10","16,200.30","16,212.70","16,081.10","227.96M","-0.33%"
"03/28/2019","16,155.50","16,094.10","16,173.20","16,094.10","223.25M","0.14%"
"03/27/2019","16,132.50","16,147.40","16,187.40","16,079.10","244.63M","-0.14%"
"03/26/2019","16,155.20","16,138.90","16,192.20","16,116.70","242.53M","0.56%"
"03/25/2019","16,065.90","16,066.30","16,113.20","16,021.00","234.40M","-0.15%"
"03/22/2019","16,089.30","16,172.90","16,185.40","16,043.90","325.52M","-0.96%"
"03/21/2019","16,244.60","16,148.80","16,266.50","16,146.40","254.95M","0.48%"
"03/20/2019","16,167.60","16,168.20","16,214.70","16,118.00","261.72M","-0.13%"
"03/19/2019","16,188.10","16,275.30","16,275.30","16,188.10","250.96M","-0.39%"
"03/18/2019","16,251.40","16,149.10","16,251.40","16,148.30","231.37M","0.69%"
"03/15/2019","16,140.40","16,156.70","16,174.50","16,123.80","635.54M","0.33%"
"03/14/2019","16,087.60","16,139.40","16,144.50","16,083.10","196.60M","-0.39%"
"03/13/2019","16,150.00","16,193.10","16,212.60","16,143.50","271.09M","0.08%"
"03/12/2019","16,136.70","16,142.60","16,149.00","16,099.60","229.11M","0.19%"
"03/11/2019","16,106.20","16,028.10","16,131.90","16,028.10","250.34M","0.69%"
"03/08/2019","15,996.20","15,958.10","16,000.80","15,891.90","255.41M","-0.38%"
"03/07/2019","16,056.50","16,079.00","16,085.40","15,981.80","271.72M","-0.22%"
"03/06/2019","16,092.10","16,098.70","16,145.80","16,077.60","272.53M","0.03%"
"03/05/2019","16,086.50","16,077.30","16,105.30","16,068.60","256.50M","0.30%"
"03/04/2019","16,038.10","16,088.60","16,093.50","15,955.00","286.36M","-0.19%"
"03/01/2019","16,068.30","16,086.30","16,122.10","16,058.10","243.00M","0.43%"
"02/28/2019","15,999.00","16,054.80","16,067.00","15,975.10","304.60M","-0.47%"
"02/27/2019","16,074.30","16,043.80","16,077.60","15,990.30","226.35M","0.04%"
"02/26/2019","16,067.90","16,051.00","16,115.80","16,051.00","266.32M","0.07%"
"02/25/2019","16,057.00","16,051.00","16,099.90","16,051.00","219.23M","0.27%"
"02/22/2019","16,013.00","16,038.40","16,071.00","15,997.40","222.86M","0.08%"
"02/21/2019","16,000.90","16,001.90","16,030.70","15,979.70","298.53M","-0.19%"
"02/20/2019","16,031.20","15,942.90","16,036.90","15,942.90","268.33M","0.59%"
"02/19/2019","15,937.40","15,856.90","15,953.90","15,831.90","336.23M","0.63%"
"02/15/2019","15,838.20","15,770.00","15,866.60","15,763.40","255.72M","0.91%"
"02/14/2019","15,696.00","15,622.30","15,733.10","15,608.20","305.83M","0.44%"
"02/13/2019","15,626.70","15,679.20","15,689.70","15,623.70","236.82M","-0.10%"
"02/12/2019","15,642.10","15,613.10","15,654.80","15,583.40","248.56M","0.47%"
"02/11/2019","15,568.90","15,660.50","15,660.50","15,545.90","193.01M","-0.41%"
"02/08/2019","15,633.30","15,648.30","15,659.80","15,567.80","211.88M","-0.45%"
"02/07/2019","15,703.40","15,697.60","15,726.50","15,588.70","253.79M","-0.06%"
"02/06/2019","15,712.30","15,679.90","15,745.40","15,668.60","218.14M","0.06%"
"02/05/2019","15,702.70","15,631.80","15,702.70","15,627.80","217.73M","0.64%"
"02/04/2019","15,602.30","15,527.40","15,606.30","15,513.70","245.28M","0.62%"
"02/01/2019","15,506.30","15,562.30","15,569.00","15,483.40","224.78M","-0.22%"
"01/31/2019","15,540.60","15,507.40","15,564.60","15,486.50","286.42M","0.36%"
"01/30/2019","15,484.60","15,493.40","15,520.90","15,418.60","233.83M","0.14%"
"01/29/2019","15,463.10","15,414.70","15,497.40","15,413.90","233.36M","0.55%"
"01/28/2019","15,378.60","15,289.10","15,378.60","15,276.90","226.01M","0.08%"
"01/25/2019","15,366.10","15,350.20","15,388.00","15,298.40","216.01M","0.56%"
"01/24/2019","15,280.80","15,201.50","15,281.30","15,194.30","206.08M","0.48%"
"01/23/2019","15,208.30","15,275.70","15,293.30","15,141.50","210.17M","-0.17%"
"01/22/2019","15,233.80","15,276.30","15,285.20","15,160.50","228.36M","-0.78%"
"01/21/2019","15,354.20","15,300.40","15,354.20","15,263.00","92.56M","0.33%"
"01/18/2019","15,303.80","15,295.00","15,325.60","15,258.90","293.70M","0.61%"
"01/17/2019","15,211.20","15,077.10","15,238.10","15,066.50","257.30M","0.66%"
"01/16/2019","15,111.30","15,072.30","15,118.30","15,057.00","248.82M","0.43%"
"01/15/2019","15,046.30","15,002.00","15,079.80","14,966.50","241.30M","0.47%"
"01/14/2019","14,975.50","14,881.00","14,997.90","14,881.00","228.99M","0.24%"
"01/11/2019","14,939.20","14,874.20","14,956.20","14,855.20","249.30M","0.24%"
"01/10/2019","14,903.50","14,770.70","14,921.10","14,702.30","262.98M","0.67%"
"01/09/2019","14,804.70","14,668.50","14,811.10","14,644.10","269.09M","1.37%"
"01/08/2019","14,605.20","14,610.50","14,645.60","14,533.90","260.10M","0.70%"
"01/07/2019","14,504.10","14,471.00","14,515.10","14,383.10","257.83M","0.54%"
"01/04/2019","14,426.60","14,351.60","14,438.60","14,314.80","231.24M","1.50%"
"01/03/2019","14,212.80","14,294.10","14,297.90","14,155.30","211.59M","-0.94%"
"01/02/2019","14,347.20","14,163.90","14,400.30","14,112.80","270.32M","0.17%"
"12/31/2018","14,322.90","14,312.40","14,349.20","14,218.50","171.36M","0.71%"
"12/28/2018","14,222.00","14,234.20","14,326.90","14,174.00","266.93M","0.40%"
"12/27/2018","14,165.20","14,018.00","14,165.50","13,918.30","235.41M","2.79%"
"12/24/2018","13,780.20","13,857.80","13,924.00","13,776.90","170.61M","-1.11%"
"12/21/2018","13,935.40","14,161.80","14,220.90","13,924.40","614.35M","-1.46%"
"12/20/2018","14,141.80","14,244.70","14,341.70","14,075.90","308.25M","-0.86%"
"12/19/2018","14,264.10","14,452.00","14,552.30","14,256.10","370.36M","-1.06%"
"12/18/2018","14,416.90","14,378.50","14,502.60","14,373.80","386.85M","0.38%"
"12/17/2018","14,362.70","14,567.60","14,577.60","14,323.70","264.32M","-1.59%"
"12/14/2018","14,595.10","14,651.20","14,715.30","14,567.30","277.09M","-1.05%"
"12/13/2018","14,750.40","14,814.10","14,871.70","14,721.30","264.77M","-0.22%"
"12/12/2018","14,783.10","14,802.30","14,902.70","14,778.90","268.23M","0.79%"
"12/11/2018","14,667.80","14,891.20","14,957.80","14,665.90","275.64M","-0.41%"
"12/10/2018","14,728.30","14,769.60","14,795.90","14,610.20","275.81M","-0.45%"
"12/07/2018","14,795.10","14,986.50","15,059.70","14,763.90","311.25M","-0.95%"
"12/06/2018","14,937.00","14,972.70","14,972.70","14,773.90","28.34M","-1.62%"
"12/05/2018","15,182.60","15,139.30","15,253.80","15,122.60","180.10M","0.79%"
"12/04/2018","15,063.60","15,226.80","15,259.30","15,047.10","285.13M","-1.38%"
"12/03/2018","15,275.00","15,358.90","15,378.90","15,154.70","294.48M","0.51%"
"11/30/2018","15,197.80","15,135.00","15,214.30","15,125.40","339.23M","0.03%"
"11/29/2018","15,194.00","15,157.10","15,251.20","15,138.90","223.08M","0.15%"
"11/28/2018","15,171.30","15,002.90","15,171.30","14,981.70","244.84M","1.52%"
"11/27/2018","14,944.10","14,994.40","15,021.70","14,907.50","219.18M","-0.46%"
"11/26/2018","15,012.70","15,066.70","15,127.10","14,994.30","245.89M","0.01%"
"11/23/2018","15,010.70","14,998.10","15,028.60","14,900.30","154.97M","-0.54%"
"11/22/2018","15,091.60","15,077.90","15,105.60","15,059.10","83.39M","-0.02%"
"11/21/2018","15,095.00","14,941.70","15,195.40","14,938.30","270.57M","1.47%"
"11/20/2018","14,877.00","14,941.70","14,952.50","14,810.60","292.34M","-1.29%"
"11/19/2018","15,071.00","15,137.40","15,170.80","15,040.50","225.78M","-0.56%"
"11/16/2018","15,155.50","15,082.90","15,170.30","15,082.90","285.19M","0.07%"
"11/15/2018","15,144.90","15,104.80","15,177.60","15,068.20","268.32M","0.08%"
"11/14/2018","15,133.10","15,172.00","15,258.00","15,046.80","295.36M","0.01%"
"11/13/2018","15,131.80","15,167.70","15,245.50","15,108.60","300.19M","-0.16%"
"11/12/2018","15,156.40","15,263.20","15,263.70","15,145.60","241.20M","-0.77%"
"11/09/2018","15,274.40","15,271.40","15,304.00","15,196.10","287.40M","-0.54%"
"11/08/2018","15,357.50","15,349.60","15,393.10","15,293.30","281.15M","-0.08%"
"11/07/2018","15,369.40","15,385.50","15,392.00","15,293.30","271.24M","0.50%"
"11/06/2018","15,292.70","15,245.00","15,295.30","15,220.20","237.09M","0.49%"
"11/05/2018","15,217.70","15,136.80","15,242.40","15,136.80","255.48M","0.65%"
"11/02/2018","15,119.30","15,204.30","15,222.90","15,037.20","268.96M","-0.20%"
"11/01/2018","15,150.20","15,032.80","15,150.20","15,029.20","290.14M","0.82%"
"10/31/2018","15,027.30","15,004.90","15,085.50","14,982.70","310.55M","0.89%"
"10/30/2018","14,894.50","14,715.70","14,899.20","14,696.30","286.52M","1.17%"
"10/29/2018","14,721.80","14,987.00","15,019.60","14,639.70","283.76M","-1.12%"
"10/26/2018","14,888.30","14,827.60","14,950.80","14,732.00","269.26M","-0.24%"
"10/25/2018","14,924.10","14,988.70","15,009.90","14,905.30","300.11M","0.10%"
"10/24/2018","14,909.10","15,265.70","15,295.70","14,900.40","290.19M","-2.46%"
"10/23/2018","15,285.20","15,244.90","15,323.20","15,094.70","346.69M","-0.83%"
"10/22/2018","15,412.70","15,488.10","15,492.90","15,364.10","278.75M","-0.37%"
"10/19/2018","15,470.10","15,478.60","15,579.80","15,466.50","251.48M","0.43%"
"10/18/2018","15,404.10","15,486.40","15,513.60","15,380.70","268.98M","-0.81%"
"10/17/2018","15,529.90","15,548.80","15,556.60","15,452.70","312.77M","-0.32%"
"10/16/2018","15,579.70","15,456.90","15,579.70","15,399.50","280.53M","1.10%"
"10/15/2018","15,409.50","15,441.40","15,476.30","15,398.50","246.96M","-0.03%"
"10/12/2018","15,414.30","15,464.00","15,470.90","15,317.70","289.28M","0.63%"
"10/11/2018","15,317.10","15,416.80","15,482.30","15,317.10","389.02M","-1.29%"
"10/10/2018","15,517.40","15,830.20","15,830.20","15,511.80","339.86M","-2.12%"
"10/09/2018","15,854.10","15,891.30","15,917.80","15,853.90","228.17M","-0.58%"
"10/05/2018","15,946.20","15,986.60","16,028.00","15,895.50","208.17M","-0.38%"
"10/04/2018","16,006.70","16,057.30","16,057.70","15,928.20","253.04M","-0.41%"
"10/03/2018","16,072.10","16,069.50","16,082.30","16,006.20","225.95M","0.34%"
"10/02/2018","16,017.20","16,086.30","16,086.30","15,987.10","248.21M","-0.54%"
"10/01/2018","16,104.40","16,152.30","16,193.10","16,069.70","232.65M","0.19%"
"09/28/2018","16,073.10","16,167.40","16,177.50","16,063.70","260.48M","-0.81%"
"09/27/2018","16,204.60","16,195.40","16,262.80","16,193.00","224.43M","0.22%"
"09/26/2018","16,169.30","16,166.70","16,241.40","16,146.90","234.65M","0.06%"
"09/25/2018","16,159.50","16,269.20","16,300.70","16,159.50","237.37M","-0.29%"
"09/24/2018","16,207.30","16,244.50","16,276.80","16,198.70","234.91M","-0.10%"
"09/21/2018","16,224.10","16,235.10","16,267.70","16,211.00","497.54M","0.06%"
"09/20/2018","16,214.80","16,210.00","16,225.30","16,147.10","259.24M","0.40%"
"09/19/2018","16,149.90","16,206.80","16,230.00","16,149.90","348.87M","-0.28%"
"09/18/2018","16,196.00","16,120.80","16,198.70","16,091.50","228.91M","0.71%"
"09/17/2018","16,082.30","16,046.50","16,118.00","16,045.30","222.71M","0.43%"
"09/14/2018","16,013.50","15,990.30","16,032.50","15,981.00","194.44M","0.07%"
"09/13/2018","16,001.70","16,059.20","16,071.20","15,987.20","221.71M","-0.29%"
"09/12/2018","16,049.00","16,093.30","16,096.10","15,993.60","266.57M","-0.28%"
"09/11/2018","16,094.30","16,042.30","16,111.70","15,975.80","215.65M","0.23%"
"09/10/2018","16,057.10","16,121.00","16,147.10","16,057.10","200.68M","-0.21%"
"09/07/2018","16,090.30","16,028.90","16,093.40","15,994.30","225.13M","-0.07%"
"09/06/2018","16,100.90","16,162.20","16,196.20","16,077.40","229.17M","-0.23%"
"09/05/2018","16,137.60","16,144.60","16,156.80","16,033.00","255.58M","-0.15%"
"09/04/2018","16,161.30","16,276.30","16,276.30","16,152.20","239.50M","-0.62%"
"08/31/2018","16,262.90","16,361.20","16,390.40","16,252.40","217.16M","-0.66%"
"08/30/2018","16,371.60","16,375.30","16,439.20","16,349.60","216.60M","-0.11%"
"08/29/2018","16,390.30","16,380.60","16,432.90","16,339.10","180.13M","0.21%"
"08/28/2018","16,355.50","16,464.90","16,464.90","16,328.90","198.61M","-0.54%"
"08/27/2018","16,444.40","16,416.10","16,475.30","16,416.10","213.88M","0.54%"
"08/24/2018","16,356.10","16,382.80","16,400.90","16,331.50","211.61M","0.18%"
"08/23/2018","16,326.80","16,336.20","16,358.60","16,309.20","171.14M","-0.13%"
"08/22/2018","16,347.30","16,322.80","16,397.10","16,322.80","200.20M","0.31%"
"08/21/2018","16,297.00","16,340.30","16,398.60","16,296.40","219.44M","-0.21%"
"08/20/2018","16,331.00","16,332.10","16,370.90","16,317.40","208.75M","0.04%"
"08/17/2018","16,323.70","16,219.60","16,336.90","16,194.90","173.99M","0.60%"
"08/16/2018","16,225.70","16,226.40","16,287.70","16,214.80","199.69M","0.48%"
"08/15/2018","16,148.50","16,260.30","16,260.30","16,075.30","284.16M","-1.12%"
"08/14/2018","16,330.70","16,296.10","16,342.00","16,250.60","187.17M","0.49%"
"08/13/2018","16,250.80","16,318.30","16,371.90","16,239.70","169.20M","-0.46%"
"08/10/2018","16,326.50","16,353.50","16,362.50","16,281.80","181.11M","-0.55%"
"08/09/2018","16,417.00","16,327.10","16,430.90","16,326.90","178.86M","0.62%"
"08/08/2018","16,315.10","16,302.10","16,325.10","16,235.60","173.12M","0.18%"
"08/07/2018","16,286.30","16,491.60","16,494.10","16,281.00","247.97M","-0.82%"
"08/03/2018","16,420.20","16,390.90","16,429.10","16,369.80","169.21M","0.07%"
"08/02/2018","16,409.20","16,322.00","16,418.80","16,266.60","177.62M","0.20%"
"08/01/2018","16,376.80","16,383.80","16,432.20","16,328.60","183.22M","-0.35%"
"07/31/2018","16,434.00","16,358.60","16,434.00","16,324.70","218.91M","0.54%"
"07/30/2018","16,345.50","16,443.00","16,443.00","16,340.50","143.94M","-0.30%"
"07/27/2018","16,394.00","16,465.40","16,489.10","16,361.30","213.66M","-0.37%"
"07/26/2018","16,455.70","16,387.60","16,480.60","16,364.30","185.50M","0.21%"
"07/25/2018","16,420.80","16,366.50","16,421.90","16,351.00","158.51M","0.19%"
"07/24/2018","16,390.10","16,460.30","16,512.30","16,390.10","178.75M","-0.19%"
"07/23/2018","16,420.80","16,444.50","16,444.50","16,389.40","154.96M","-0.09%"
"07/20/2018","16,435.50","16,491.90","16,498.60","16,424.80","175.73M","-0.65%"
"07/19/2018","16,543.00","16,463.00","16,564.40","16,463.00","179.82M","0.40%"
"07/18/2018","16,477.40","16,547.90","16,557.40","16,477.40","182.82M","-0.25%"
"07/17/2018","16,519.20","16,462.20","16,546.30","16,445.20","164.40M","0.15%"
"07/16/2018","16,494.70","16,531.10","16,531.10","16,467.80","152.59M","-0.40%"
"07/13/2018","16,561.10","16,560.90","16,586.50","16,539.20","140.91M","-0.04%"
"07/12/2018","16,567.40","16,490.20","16,577.10","16,449.10","168.85M","0.91%"
"07/11/2018","16,417.30","16,448.90","16,464.00","16,390.10","223.77M","-0.79%"
"07/10/2018","16,548.70","16,481.30","16,553.80","16,481.30","179.45M","0.59%"
"07/09/2018","16,452.30","16,402.70","16,460.50","16,382.30","149.28M","0.49%"
"07/06/2018","16,371.80","16,242.40","16,378.60","16,230.30","141.59M","0.65%"
"07/05/2018","16,266.60","16,326.90","16,330.90","16,235.60","169.77M","-0.23%"
"07/04/2018","16,304.70","16,272.40","16,330.70","16,260.30","63.10M","0.26%"
"07/03/2018","16,263.20","16,332.40","16,346.10","16,227.30","167.71M","-0.09%"
"06/29/2018","16,277.70","16,230.00","16,304.30","16,230.00","215.94M","0.60%"
"06/28/2018","16,179.90","16,163.60","16,218.00","16,112.60","212.39M","-0.32%"
"06/27/2018","16,231.30","16,320.60","16,344.40","16,218.00","233.95M","-0.30%"
"06/26/2018","16,280.10","16,239.00","16,347.50","16,199.80","249.09M","0.59%"
"06/25/2018","16,184.00","16,381.50","16,384.80","16,165.60","255.37M","-1.62%"
"06/22/2018","16,450.10","16,457.30","16,489.50","16,438.10","230.35M","0.70%"
"06/21/2018","16,335.20","16,401.40","16,412.30","16,323.20","196.89M","-0.52%"
"06/20/2018","16,421.00","16,388.50","16,444.50","16,374.70","214.36M","0.64%"
"06/19/2018","16,316.50","16,291.70","16,351.90","16,264.60","195.32M","-0.41%"
"06/18/2018","16,383.60","16,275.50","16,389.30","16,253.30","203.50M","0.42%"
"06/15/2018","16,314.40","16,309.30","16,329.90","16,257.30","448.10M","-0.09%"
"06/14/2018","16,329.00","16,308.00","16,351.60","16,254.00","166.51M","0.39%"
"06/13/2018","16,265.80","16,299.90","16,321.00","16,259.00","168.59M","-0.14%"
"06/12/2018","16,289.00","16,275.80","16,290.80","16,240.60","176.74M","0.16%"
"06/11/2018","16,263.30","16,229.20","16,294.80","16,220.50","169.66M","0.37%"
"06/08/2018","16,202.70","16,179.90","16,202.70","16,142.20","171.12M","0.06%"
"06/07/2018","16,192.80","16,201.00","16,249.20","16,149.40","202.17M","0.05%"
"06/06/2018","16,183.90","16,128.80","16,183.90","16,072.40","185.48M","0.38%"
"06/05/2018","16,122.30","16,100.90","16,176.20","16,080.00","188.42M","0.44%"
"06/04/2018","16,052.20","16,064.90","16,121.20","16,038.00","172.74M","0.05%"
"06/01/2018","16,043.50","16,075.80","16,095.20","16,040.50","181.96M","-0.11%"
"05/31/2018","16,061.50","16,013.50","16,064.40","15,979.60","288.78M","0.08%"
"05/30/2018","16,048.70","15,964.20","16,048.90","15,938.60","187.81M","0.79%"
"05/29/2018","15,922.60","15,958.50","16,013.60","15,884.30","196.78M","-0.58%"
"05/28/2018","16,016.10","16,059.40","16,089.30","16,001.90","83.34M","-0.37%"
"05/25/2018","16,075.70","16,085.00","16,148.20","16,059.70","182.24M","-0.24%"
"05/24/2018","16,113.60","16,147.60","16,171.50","16,086.00","204.77M","-0.13%"
"05/23/2018","16,133.80","16,084.10","16,151.90","16,072.40","195.49M","-0.07%"
"05/22/2018","16,144.80","16,179.30","16,238.80","16,139.80","231.83M","-0.11%"
"05/18/2018","16,162.30","16,151.30","16,168.20","16,108.00","181.37M","0.12%"
"05/17/2018","16,143.60","16,125.30","16,179.50","16,117.50","208.70M","0.22%"
"05/16/2018","16,108.10","16,105.80","16,120.30","16,067.20","202.00M","0.06%"
"05/15/2018","16,097.80","16,097.80","16,132.10","16,053.30","224.44M","0.08%"
"05/14/2018","16,085.60","16,023.90","16,101.60","16,016.90","226.31M","0.64%"
"05/11/2018","15,983.30","15,998.10","16,030.40","15,975.90","196.73M","0.15%"
"05/10/2018","15,959.50","15,929.40","16,000.20","15,910.10","230.42M","0.31%"
"05/09/2018","15,910.80","15,902.60","15,910.80","15,828.20","249.62M","0.43%"
"05/08/2018","15,842.70","15,815.60","15,842.70","15,771.90","239.41M","0.22%"
"05/07/2018","15,808.60","15,759.70","15,848.40","15,759.70","204.42M","0.50%"
"05/04/2018","15,729.40","15,602.60","15,752.50","15,600.20","180.93M","0.69%"
"05/03/2018","15,621.50","15,633.10","15,644.90","15,548.70","234.87M","-0.04%"
"05/02/2018","15,627.90","15,634.30","15,681.50","15,620.90","208.38M","0.06%"
"05/01/2018","15,618.90","15,592.50","15,628.00","15,550.10","166.61M","0.07%"
"04/30/2018","15,607.90","15,676.80","15,702.60","15,607.90","202.54M","-0.39%"
"04/27/2018","15,668.90","15,649.80","15,682.30","15,631.90","111.78M","0.20%"
"04/26/2018","15,637.60","15,557.60","15,658.80","15,526.40","208.96M","0.82%"
"04/25/2018","15,509.80","15,470.60","15,538.50","15,443.40","189.57M","0.21%"
"04/24/2018","15,477.00","15,585.00","15,589.20","15,430.60","202.52M","-0.48%"
"04/23/2018","15,552.10","15,503.40","15,582.30","15,495.90","202.79M","0.44%"
"04/20/2018","15,484.30","15,470.30","15,501.10","15,442.40","170.64M","0.19%"
"04/19/2018","15,454.40","15,542.60","15,559.40","15,434.40","191.72M","-0.49%"
"04/18/2018","15,530.00","15,422.90","15,576.70","15,422.90","230.94M","1.15%"
"04/17/2018","15,353.30","15,336.40","15,404.50","15,325.00","167.45M","0.35%"
"04/16/2018","15,300.40","15,298.80","15,326.10","15,266.90","188.53M","0.17%"
"04/13/2018","15,274.00","15,337.30","15,349.60","15,254.90","190.23M","0.03%"
"04/12/2018","15,269.30","15,288.60","15,313.60","15,259.00","160.61M","0.07%"
"04/11/2018","15,257.90","15,234.40","15,318.90","15,231.80","229.95M","-0.03%"
"04/10/2018","15,262.10","15,339.80","15,339.80","15,252.80","212.90M","0.23%"
"04/09/2018","15,227.70","15,268.40","15,320.50","15,216.00","174.47M","0.13%"
"04/06/2018","15,207.40","15,294.80","15,367.10","15,160.60","200.47M","-0.97%"
"04/05/2018","15,356.10","15,194.60","15,371.40","15,187.20","214.61M","1.26%"
"04/04/2018","15,164.40","15,050.90","15,180.10","14,991.20","227.79M","-0.11%"
"04/03/2018","15,180.80","15,215.10","15,228.00","15,104.20","199.12M","-0.21%"
"04/02/2018","15,213.50","15,351.20","15,351.20","15,157.30","166.74M","-1.00%"
"03/29/2018","15,367.30","15,224.30","15,390.80","15,204.00","227.29M","1.30%"
"03/28/2018","15,169.90","15,198.70","15,232.00","15,150.50","214.71M","-0.30%"
"03/27/2018","15,216.20","15,307.80","15,367.50","15,171.80","212.06M","-0.54%"
"03/26/2018","15,298.60","15,334.20","15,356.90","15,211.40","213.98M","0.49%"
"03/23/2018","15,223.70","15,415.40","15,455.60","15,203.90","213.91M","-1.14%"
"03/22/2018","15,399.90","15,563.50","15,570.90","15,387.10","230.35M","-1.76%"
"03/21/2018","15,675.30","15,593.90","15,741.50","15,580.60","261.39M","0.38%"
"03/20/2018","15,616.40","15,608.80","15,642.50","15,593.10","215.90M","0.17%"
"03/19/2018","15,589.40","15,693.10","15,693.10","15,540.90","175.99M","-0.78%"
"03/16/2018","15,711.30","15,694.30","15,791.20","15,694.30","478.27M","0.26%"
"03/15/2018","15,670.60","15,687.90","15,735.30","15,642.40","186.61M","0.11%"
"03/14/2018","15,653.60","15,696.60","15,712.60","15,619.70","167.70M","0.04%"
"03/13/2018","15,647.10","15,661.50","15,709.40","15,628.80","158.92M","0.27%"
"03/12/2018","15,604.80","15,579.60","15,628.10","15,549.00","152.23M","0.17%"
"03/09/2018","15,577.80","15,581.00","15,598.80","15,503.00","163.81M","0.25%"
"03/08/2018","15,538.70","15,511.10","15,552.70","15,477.80","173.27M","0.43%"
"03/07/2018","15,472.60","15,487.20","15,611.90","15,471.60","183.07M","-0.47%"
"03/06/2018","15,545.20","15,568.90","15,591.00","15,503.80","220.91M","0.03%"
"03/05/2018","15,541.30","15,340.20","15,559.20","15,334.70","20.66M","1.02%"
"03/02/2018","15,384.60","15,314.60","15,404.90","15,286.60","218.61M","-0.06%"
"03/01/2018","15,394.00","15,452.70","15,455.90","15,313.90","234.93M","-0.32%"
"02/28/2018","15,442.70","15,723.60","15,726.10","15,442.00","268.25M","-1.46%"
"02/27/2018","15,671.20","15,703.70","15,766.50","15,655.50","195.62M","-0.28%"
"02/26/2018","15,714.70","15,701.10","15,735.20","15,652.20","172.84M","0.49%"
"02/23/2018","15,638.50","15,560.20","15,641.10","15,533.30","163.63M","0.84%"
"02/22/2018","15,508.20","15,588.90","15,638.00","15,493.60","208.98M","-0.10%"
"02/21/2018","15,524.00","15,472.90","15,625.60","15,472.90","221.87M","0.55%"
"02/20/2018","15,439.40","15,427.20","15,499.00","15,414.60","191.94M","-0.09%"
"02/16/2018","15,452.60","15,424.60","15,500.80","15,404.20","215.29M","0.29%"
"02/15/2018","15,407.70","15,438.40","15,445.80","15,276.60","248.75M","0.52%"
"02/14/2018","15,328.30","15,143.80","15,391.10","15,120.80","286.18M","0.73%"
"02/13/2018","15,216.50","15,206.20","15,250.00","15,147.00","219.33M","-0.17%"
"02/12/2018","15,241.90","15,148.10","15,292.50","15,114.00","254.22M","1.38%"
"02/09/2018","15,034.50","15,087.60","15,110.90","14,785.80","290.43M","-0.21%"
"02/08/2018","15,065.60","15,335.10","15,359.50","15,065.60","256.44M","-1.73%"
"02/07/2018","15,330.60","15,365.40","15,421.20","15,325.70","243.34M","-0.22%"
"02/06/2018","15,363.90","15,112.30","15,401.80","14,945.80","289.21M","0.19%"
"02/05/2018","15,334.80","15,490.10","15,584.10","15,284.40","264.58M","-1.74%"
"02/02/2018","15,606.00","15,780.50","15,783.00","15,600.90","233.25M","-1.61%"
"02/01/2018","15,860.90","15,920.00","15,922.60","15,818.00","224.85M","-0.57%"
"01/31/2018","15,951.70","15,956.10","15,979.90","15,898.70","249.79M","-0.02%"
"01/30/2018","15,955.50","16,030.20","16,054.50","15,947.10","227.04M","-0.86%"
"01/29/2018","16,094.70","16,195.70","16,195.70","16,090.70","200.16M","-0.89%"
"01/26/2018","16,239.20","16,227.20","16,239.70","16,180.70","202.11M","0.22%"
"01/25/2018","16,204.00","16,309.40","16,315.10","16,194.30","234.94M","-0.49%"
"01/24/2018","16,284.20","16,360.80","16,365.00","16,238.40","245.79M","-0.45%"
"01/23/2018","16,357.60","16,342.00","16,383.80","16,252.40","234.09M","0.06%"
"01/22/2018","16,348.00","16,348.90","16,360.50","16,303.40","205.29M","-0.03%"
"01/19/2018","16,353.50","16,311.30","16,364.30","16,288.40","201.14M","0.42%"
"01/18/2018","16,284.50","16,339.80","16,344.10","16,270.60","212.31M","-0.26%"
"01/17/2018","16,326.70","16,320.80","16,358.20","16,277.60","221.46M","0.17%"
"01/16/2018","16,298.90","16,368.60","16,373.30","16,270.90","246.63M","-0.45%"
"01/15/2018","16,371.80","16,321.80","16,384.50","16,313.50","123.89M","0.39%"
"01/12/2018","16,308.20","16,296.10","16,323.50","16,278.10","242.89M","0.13%"
"01/11/2018","16,286.90","16,276.20","16,301.40","16,244.90","231.16M","0.24%"
"01/10/2018","16,248.00","16,314.20","16,341.10","16,229.30","243.95M","-0.44%"
"01/09/2018","16,319.20","16,351.40","16,358.20","16,309.80","236.91M","0.01%"
"01/08/2018","16,317.70","16,355.40","16,373.50","16,297.90","166.10M","-0.19%"
"01/05/2018","16,349.40","16,362.60","16,370.30","16,309.90","160.31M","-0.39%"
"01/04/2018","16,412.90","16,385.40","16,421.40","16,344.90","195.98M","0.25%"
"01/03/2018","16,371.60","16,336.70","16,386.30","16,322.60","196.87M","0.38%"
"01/02/2018","16,310.00","16,213.40","16,310.00","16,181.00","157.07M","0.62%"
"12/29/2017","16,209.10","16,232.20","16,232.20","16,162.30","179.57M","-0.08%"
"12/28/2017","16,222.00","16,185.50","16,222.00","16,131.80","133.91M","0.12%"
"12/27/2017","16,203.10","16,180.40","16,207.50","16,163.50","131.76M","0.23%"
"12/22/2017","16,165.30","16,180.50","16,197.00","16,147.10","133.17M","-0.11%"
"12/21/2017","16,182.60","16,139.00","16,195.50","16,111.60","159.27M","0.14%"
"12/20/2017","16,159.70","16,163.90","16,173.40","16,099.70","178.79M","0.16%"
"12/19/2017","16,133.40","16,172.10","16,199.30","16,133.40","191.02M","0.01%"
"12/18/2017","16,131.60","16,107.80","16,200.80","16,099.60","172.51M","0.56%"
"12/15/2017","16,042.00","16,035.60","16,104.60","16,035.60","414.09M","0.16%"
"12/14/2017","16,016.50","16,124.40","16,161.50","16,008.50","187.15M","-0.74%"
"12/13/2017","16,136.60","16,135.40","16,187.90","16,131.60","211.58M","0.14%"
"12/12/2017","16,114.00","16,121.80","16,142.80","16,111.40","192.68M","0.07%"
"12/11/2017","16,103.50","16,096.00","16,124.80","16,073.10","150.67M","0.05%"
"12/08/2017","16,096.10","16,048.30","16,113.30","16,047.30","149.42M","0.50%"
"12/07/2017","16,015.70","15,921.10","16,016.40","15,921.10","168.83M","0.67%"
"12/06/2017","15,908.80","15,870.50","15,992.20","15,853.10","180.01M","-0.04%"
"12/05/2017","15,915.70","15,953.90","15,973.80","15,908.40","173.45M","-0.33%"
"12/04/2017","15,969.00","16,069.40","16,092.10","15,966.00","172.66M","-0.44%"
"12/01/2017","16,039.00","16,058.20","16,102.80","15,963.00","220.63M","-0.18%"
"11/30/2017","16,067.50","16,004.90","16,101.20","16,004.90","440.68M","0.63%"
"11/29/2017","15,967.70","16,046.40","16,046.40","15,926.60","169.84M","-0.39%"
"11/28/2017","16,029.60","16,064.20","16,086.00","16,019.40","153.99M","-0.08%"
"11/27/2017","16,042.10","16,110.60","16,110.60","16,032.30","135.24M","-0.41%"
"11/24/2017","16,108.10","16,103.40","16,126.00","16,091.70","99.35M","0.21%"
"11/23/2017","16,074.30","16,077.60","16,101.10","16,068.20","49.98M","0.00%"
"11/22/2017","16,073.60","16,100.50","16,126.00","16,059.20","150.76M","-0.02%"
"11/21/2017","16,076.70","16,036.80","16,105.90","16,035.60","156.33M","0.45%"
"11/20/2017","16,004.40","15,988.80","16,035.30","15,986.00","154.50M","0.04%"
"11/17/2017","15,998.60","15,962.10","16,006.40","15,960.80","169.09M","0.40%"
"11/16/2017","15,935.40","15,903.60","15,954.80","15,894.80","160.42M","0.36%"
"11/15/2017","15,878.50","15,876.20","15,915.90","15,829.40","177.05M","-0.22%"
"11/14/2017","15,913.10","15,961.40","15,970.70","15,902.50","166.02M","-0.71%"
"11/13/2017","16,026.30","15,999.10","16,065.90","15,999.10","138.97M","-0.08%"
"11/10/2017","16,039.30","16,073.60","16,085.90","16,006.30","171.53M","-0.27%"
"11/09/2017","16,082.10","16,038.80","16,096.20","16,030.80","194.34M","-0.14%"
"11/08/2017","16,105.40","16,100.20","16,118.50","16,071.30","202.58M","-0.16%"
"11/07/2017","16,131.80","16,097.10","16,131.80","16,075.60","187.89M","0.25%"
"11/06/2017","16,092.20","16,049.40","16,103.80","16,033.60","196.88M","0.45%"
"11/03/2017","16,020.20","16,006.60","16,024.30","15,968.90","178.76M","0.03%"
"11/02/2017","16,015.00","16,026.30","16,045.20","15,994.00","210.15M","-0.09%"
"11/01/2017","16,029.30","16,093.40","16,105.90","16,019.40","224.52M","0.02%"
"10/31/2017","16,025.60","16,017.80","16,064.70","16,003.30","193.92M","0.14%"
"10/30/2017","16,002.80","15,942.90","16,033.10","15,942.90","188.59M","0.31%"
"10/27/2017","15,953.50","15,902.90","15,963.60","15,872.90","209.59M","0.39%"
"10/26/2017","15,891.60","15,881.90","15,913.90","15,864.60","190.17M","0.23%"
"10/25/2017","15,854.80","15,883.00","15,894.50","15,816.50","177.19M","-0.32%"
"10/24/2017","15,905.10","15,887.80","15,922.20","15,886.60","156.39M","0.31%"
"10/23/2017","15,855.80","15,881.60","15,900.60","15,851.50","142.57M","-0.01%"
"10/20/2017","15,857.20","15,877.70","15,880.70","15,852.60","155.95M","0.25%"
"10/19/2017","15,818.00","15,755.60","15,824.10","15,754.10","149.31M","0.23%"
"10/18/2017","15,782.20","15,847.20","15,859.30","15,782.20","154.46M","-0.22%"
"10/17/2017","15,816.90","15,810.00","15,850.20","15,802.50","196.28M","0.09%"
"10/16/2017","15,802.70","15,844.00","15,866.80","15,797.80","146.65M","-0.03%"
"10/13/2017","15,807.20","15,790.50","15,828.90","15,790.50","138.47M","0.41%"
"10/12/2017","15,742.20","15,785.10","15,793.70","15,742.20","153.99M","-0.37%"
"10/11/2017","15,800.40","15,788.60","15,816.80","15,784.40","164.40M","0.19%"
"10/10/2017","15,770.40","15,763.60","15,788.50","15,745.50","156.22M","0.27%"
"10/06/2017","15,728.30","15,732.40","15,732.40","15,680.40","138.49M","-0.30%"
"10/05/2017","15,776.30","15,738.30","15,787.30","15,737.60","163.04M","0.35%"
"10/04/2017","15,721.00","15,732.80","15,752.10","15,702.00","177.40M","-0.05%"
"10/03/2017","15,728.50","15,712.30","15,748.30","15,712.30","173.09M","0.15%"
"10/02/2017","15,705.00","15,640.00","15,705.40","15,619.20","156.58M","0.45%"
"09/29/2017","15,634.90","15,647.60","15,692.00","15,632.90","186.88M","0.11%"
"09/28/2017","15,618.30","15,591.30","15,639.90","15,587.60","186.25M","0.06%"
"09/27/2017","15,609.70","15,499.80","15,609.70","15,492.00","203.12M","0.88%"
"09/26/2017","15,474.10","15,499.60","15,501.40","15,459.40","167.22M","-0.27%"
"09/25/2017","15,516.20","15,453.60","15,519.70","15,437.80","199.18M","0.40%"
"09/22/2017","15,454.20","15,459.80","15,468.30","15,413.80","168.29M","-0.00%"
"09/21/2017","15,454.90","15,379.10","15,479.20","15,373.30","185.35M","0.42%"
"09/20/2017","15,389.60","15,313.00","15,392.20","15,313.00","219.72M","0.63%"
"09/19/2017","15,293.00","15,269.60","15,315.30","15,258.00","170.90M","0.37%"
"09/18/2017","15,236.70","15,175.80","15,249.60","15,173.60","165.35M","0.42%"
"09/15/2017","15,173.00","15,180.10","15,181.60","15,136.60","548.08M","0.00%"
"09/14/2017","15,172.70","15,129.50","15,183.80","15,119.10","186.19M","0.30%"
"09/13/2017","15,126.80","15,148.00","15,163.30","15,123.00","176.84M","-0.11%"
"09/12/2017","15,143.40","15,063.30","15,154.20","15,039.00","163.19M","0.69%"
"09/11/2017","15,040.30","15,023.00","15,067.80","15,015.60","163.38M","0.37%"
"09/08/2017","14,985.30","15,007.70","15,009.20","14,953.90","144.44M","-0.26%"
"09/07/2017","15,024.50","15,062.50","15,072.90","15,018.10","153.85M","-0.23%"
"09/06/2017","15,059.80","15,107.60","15,179.00","15,052.00","174.65M","-0.20%"
"09/05/2017","15,090.20","15,186.10","15,186.10","15,014.10","177.25M","-0.67%"
"09/01/2017","15,191.60","15,194.70","15,217.60","15,148.30","129.94M","-0.13%"
"08/31/2017","15,211.90","15,155.20","15,228.10","15,147.80","195.36M","0.52%"
"08/30/2017","15,133.10","15,092.20","15,174.10","15,070.70","155.35M","0.33%"
"08/29/2017","15,082.70","14,983.80","15,084.00","14,934.00","170.35M","0.20%"
"08/28/2017","15,052.00","15,067.40","15,067.40","14,989.60","126.79M","-0.03%"
"08/25/2017","15,056.00","15,104.20","15,107.70","15,056.00","121.61M","-0.13%"
"08/24/2017","15,076.20","15,095.90","15,108.20","15,045.60","121.82M","0.09%"
"08/23/2017","15,063.20","14,940.40","15,096.10","14,940.40","129.64M","0.52%"
"08/22/2017","14,985.00","14,967.70","15,002.40","14,960.40","108.99M","0.22%"
"08/21/2017","14,951.90","14,946.80","14,967.50","14,918.60","119.61M","-0.00%"
"08/18/2017","14,952.30","15,010.00","15,010.00","14,923.20","150.61M","-0.54%"
"08/17/2017","15,033.60","15,068.30","15,111.30","15,031.40","134.60M","-0.32%"
"08/16/2017","15,082.20","15,124.80","15,173.40","15,077.70","168.48M","-0.10%"
"08/15/2017","15,097.80","15,129.80","15,133.30","15,070.30","139.78M","-0.15%"
"08/14/2017","15,119.90","15,087.10","15,196.10","15,080.20","148.06M","0.58%"
"08/11/2017","15,033.40","15,038.50","15,068.70","14,995.30","164.55M","-0.27%"
"08/10/2017","15,074.30","15,198.00","15,209.60","15,056.80","195.72M","-0.94%"
"08/09/2017","15,217.30","15,247.90","15,287.90","15,191.70","175.11M","-0.26%"
"08/08/2017","15,256.40","15,267.40","15,287.00","15,212.60","174.77M","-0.01%"
"08/04/2017","15,258.00","15,247.40","15,261.50","15,198.50","154.93M","0.43%"
"08/03/2017","15,192.00","15,297.20","15,324.60","15,176.60","171.14M","-0.48%"
"08/02/2017","15,265.60","15,203.90","15,272.30","15,195.50","175.73M","0.42%"
"08/01/2017","15,202.10","15,192.10","15,229.00","15,052.40","166.68M","0.38%"
"07/31/2017","15,143.90","15,150.00","15,207.70","15,140.00","159.56M","0.10%"
"07/28/2017","15,128.70","15,111.50","15,153.50","15,089.40","155.32M","-0.41%"
"07/27/2017","15,191.40","15,218.60","15,232.80","15,070.80","194.48M","0.13%"
"07/26/2017","15,171.40","15,228.40","15,247.30","15,166.90","181.48M","-0.20%"
"07/25/2017","15,202.40","15,199.30","15,276.00","15,178.70","166.05M","0.49%"
"07/24/2017","15,128.70","15,170.50","15,170.50","15,082.90","114.96M","-0.36%"
"07/21/2017","15,183.10","15,234.70","15,237.50","15,134.70","160.56M","-0.53%"
"07/20/2017","15,264.60","15,281.00","15,319.20","15,224.80","141.90M","0.13%"
"07/19/2017","15,244.70","15,162.40","15,257.90","15,161.40","144.51M","0.63%"
"07/18/2017","15,149.60","15,159.60","15,159.60","15,086.30","140.09M","-0.10%"
"07/17/2017","15,165.40","15,186.30","15,209.30","15,155.40","132.56M","-0.06%"
"07/14/2017","15,174.80","15,158.40","15,208.40","15,130.10","132.01M","0.26%"
"07/13/2017","15,135.00","15,147.40","15,159.70","15,113.10","155.22M","-0.06%"
"07/12/2017","15,144.00","15,215.80","15,297.00","15,138.00","177.89M","-0.03%"
"07/11/2017","15,149.10","15,100.60","15,149.10","15,033.70","160.58M","0.29%"
"07/10/2017","15,105.30","15,013.80","15,138.20","14,987.80","149.96M","0.52%"
"07/07/2017","15,027.20","15,037.20","15,037.20","14,915.80","162.70M","-0.34%"
"07/06/2017","15,078.00","15,086.90","15,138.50","15,053.10","188.84M","-0.50%"
"07/05/2017","15,153.10","15,125.00","15,176.80","15,033.80","172.45M","0.15%"
"07/04/2017","15,130.60","15,217.40","15,242.60","15,095.80","65.95M","-0.34%"
"06/30/2017","15,182.20","15,233.80","15,239.60","15,114.60","183.60M","-0.21%"
"06/29/2017","15,213.40","15,359.00","15,359.00","15,148.30","188.73M","-0.93%"
"06/28/2017","15,355.60","15,306.80","15,368.90","15,264.60","170.47M","0.49%"
"06/27/2017","15,281.20","15,328.20","15,354.40","15,274.40","193.09M","-0.23%"
"06/26/2017","15,316.00","15,331.00","15,378.70","15,264.70","149.92M","-0.02%"
"06/23/2017","15,319.60","15,240.70","15,344.60","15,221.80","175.04M","0.66%"
"06/22/2017","15,219.90","15,157.10","15,266.70","15,153.00","208.58M","0.47%"
"06/21/2017","15,148.50","15,163.10","15,246.00","15,125.10","199.18M","-0.01%"
"06/20/2017","15,149.60","15,228.60","15,228.90","15,136.70","187.92M","-0.76%"
"06/19/2017","15,266.00","15,242.90","15,325.90","15,234.70","187.80M","0.48%"
"06/16/2017","15,192.50","15,148.50","15,214.20","15,092.30","858.89M","0.21%"
"06/15/2017","15,160.40","15,111.80","15,176.40","15,078.00","221.26M","-0.06%"
"06/14/2017","15,170.10","15,381.60","15,381.60","15,166.30","273.77M","-1.36%"
"06/13/2017","15,379.80","15,380.20","15,380.90","15,296.10","222.94M","-0.03%"
"06/12/2017","15,383.80","15,476.30","15,594.20","15,354.30","213.19M","-0.58%"
"06/09/2017","15,473.20","15,415.20","15,505.20","15,401.10","234.93M","0.32%"
"06/08/2017","15,423.10","15,354.90","15,423.70","15,342.80","196.67M","0.33%"
"06/07/2017","15,372.10","15,445.70","15,495.80","15,356.80","217.93M","-0.60%"
"06/06/2017","15,464.60","15,378.20","15,471.10","15,368.30","213.76M","0.36%"
"06/05/2017","15,409.80","15,420.60","15,447.70","15,344.90","143.41M","-0.21%"
"06/02/2017","15,442.80","15,466.10","15,466.10","15,419.40","179.06M","-0.18%"
"06/01/2017","15,469.90","15,363.10","15,493.90","15,337.50","224.80M","0.78%"
"05/31/2017","15,349.90","15,374.40","15,382.10","15,254.10","374.62M","-0.15%"
"05/30/2017","15,372.40","15,396.20","15,429.00","15,360.90","161.11M","-0.32%"
"05/29/2017","15,421.90","15,420.30","15,460.50","15,405.30","58.84M","0.03%"
"05/26/2017","15,416.90","15,429.00","15,429.40","15,368.30","151.79M","0.04%"
"05/25/2017","15,410.70","15,463.60","15,504.00","15,340.30","191.40M","-0.06%"
"05/24/2017","15,419.50","15,470.50","15,470.50","15,326.90","204.85M","-0.37%"
"05/23/2017","15,476.90","15,521.10","15,538.80","15,465.90","225.55M","0.12%"
"05/19/2017","15,458.50","15,347.00","15,469.90","15,334.90","209.88M","1.19%"
"05/18/2017","15,277.20","15,229.30","15,336.60","15,164.70","234.16M","0.02%"
"05/17/2017","15,273.70","15,501.60","15,501.60","15,273.70","23.47M","-1.73%"
"05/16/2017","15,543.30","15,650.00","15,700.60","15,542.60","211.46M","-0.55%"
"05/15/2017","15,629.50","15,625.70","15,674.60","15,613.80","207.39M","0.59%"
"05/12/2017","15,537.90","15,550.80","15,603.00","15,505.10","200.34M","-0.08%"
"05/11/2017","15,550.60","15,616.80","15,636.40","15,526.00","255.47M","-0.53%"
"05/10/2017","15,633.20","15,567.50","15,643.10","15,565.90","245.80M","0.41%"
"05/09/2017","15,569.20","15,644.10","15,672.20","15,516.70","209.50M","-0.53%"
"05/08/2017","15,652.10","15,624.90","15,661.30","15,592.50","199.93M","0.45%"
"05/05/2017","15,582.00","15,441.60","15,594.50","15,423.30","213.12M","1.20%"
"05/04/2017","15,396.70","15,510.00","15,523.90","15,367.40","275.48M","-0.94%"
"05/03/2017","15,543.10","15,591.20","15,639.70","15,537.50","240.57M","-0.49%"
"05/02/2017","15,619.70","15,590.30","15,656.00","15,565.70","254.80M","0.28%"
"05/01/2017","15,575.60","15,601.70","15,605.90","15,561.60","202.49M","-0.07%"
"04/28/2017","15,586.10","15,542.20","15,630.00","15,503.60","216.80M","0.51%"
"04/27/2017","15,506.50","15,643.60","15,643.60","15,427.30","277.40M","-0.91%"
"04/26/2017","15,649.50","15,744.70","15,755.20","15,649.50","235.58M","-0.61%"
"04/25/2017","15,745.20","15,748.40","15,792.60","15,735.60","251.93M","0.21%"
"04/24/2017","15,712.50","15,693.90","15,763.30","15,682.60","202.15M","0.63%"
"04/21/2017","15,614.50","15,609.00","15,640.80","15,584.60","177.33M","-0.07%"
"04/20/2017","15,625.60","15,583.50","15,675.00","15,566.00","198.43M","0.47%"
"04/19/2017","15,552.90","15,658.80","15,683.90","15,532.80","222.20M","-0.45%"
"04/18/2017","15,622.60","15,643.00","15,659.40","15,543.40","206.88M","-0.40%"
"04/17/2017","15,684.90","15,562.30","15,687.80","15,562.30","160.82M","0.96%"
"04/13/2017","15,535.50","15,634.70","15,634.70","15,529.00","179.65M","-0.72%"
"04/12/2017","15,648.40","15,701.10","15,714.50","15,643.00","208.13M","-0.50%"
"04/11/2017","15,727.10","15,732.90","15,738.30","15,604.10","221.28M","-0.02%"
"04/10/2017","15,730.80","15,657.30","15,757.80","15,642.80","164.37M","0.41%"
"04/07/2017","15,667.10","15,699.60","15,704.10","15,641.30","214.29M","-0.19%"
"04/06/2017","15,697.20","15,684.80","15,728.60","15,659.80","180.31M","0.35%"
"04/05/2017","15,643.00","15,717.70","15,758.40","15,642.20","227.72M","-0.17%"
"04/04/2017","15,669.10","15,555.30","15,682.70","15,555.30","180.64M","0.54%"
"04/03/2017","15,584.40","15,587.00","15,633.30","15,457.80","208.06M","0.24%"
"03/31/2017","15,547.80","15,557.60","15,607.60","15,544.00","226.08M","-0.20%"
"03/30/2017","15,578.80","15,653.40","15,664.10","15,537.80","184.16M","-0.50%"
"03/29/2017","15,657.60","15,585.50","15,661.60","15,545.00","184.26M","0.38%"
"03/28/2017","15,598.60","15,522.40","15,613.60","15,522.40","232.62M","0.60%"
"03/27/2017","15,506.20","15,368.70","15,512.20","15,332.10","188.28M","0.41%"
"03/24/2017","15,442.70","15,466.80","15,485.30","15,422.20","167.70M","0.06%"
"03/23/2017","15,433.60","15,350.00","15,468.30","15,326.10","191.57M","0.55%"
"03/22/2017","15,348.50","15,274.20","15,365.50","15,241.60","224.72M","0.23%"
"03/21/2017","15,313.10","15,456.10","15,519.50","15,299.50","214.90M","-0.84%"
"03/20/2017","15,442.30","15,490.80","15,508.30","15,391.60","188.53M","-0.31%"
"03/17/2017","15,490.50","15,563.00","15,623.30","15,490.50","498.17M","-0.46%"
"03/16/2017","15,562.40","15,562.90","15,607.10","15,556.60","203.34M","0.27%"
"03/15/2017","15,520.90","15,436.50","15,534.20","15,419.90","259.68M","0.92%"
"03/14/2017","15,379.60","15,474.60","15,474.60","15,370.90","229.41M","-1.06%"
"03/13/2017","15,544.80","15,495.50","15,566.30","15,495.50","233.15M","0.25%"
"03/10/2017","15,506.70","15,543.10","15,573.50","15,422.10","225.50M","0.06%"
"03/09/2017","15,496.80","15,501.50","15,583.90","15,431.00","234.94M","-0.00%"
"03/08/2017","15,497.00","15,602.30","15,645.60","15,488.90","219.32M","-0.72%"
"03/07/2017","15,608.80","15,617.40","15,637.60","15,577.30","209.34M","-0.13%"
"03/06/2017","15,629.80","15,570.70","15,631.20","15,499.60","203.87M","0.14%"
"03/03/2017","15,608.50","15,522.60","15,622.20","15,521.30","216.74M","0.46%"
"03/02/2017","15,536.70","15,586.80","15,620.60","15,532.10","232.76M","-0.40%"
"03/01/2017","15,599.70","15,534.70","15,631.40","15,481.00","267.46M","1.30%"
"02/28/2017","15,399.20","15,465.50","15,525.10","15,396.30","310.03M","-0.42%"
"02/27/2017","15,463.50","15,544.30","15,547.20","15,463.50","431.02M","-0.45%"
"02/24/2017","15,533.50","15,718.00","15,719.70","15,513.80","253.96M","-1.57%"
"02/23/2017","15,781.20","15,900.90","15,913.40","15,774.90","246.19M","-0.31%"
"02/22/2017","15,830.20","15,890.80","15,901.40","15,830.20","219.35M","-0.58%"
"02/21/2017","15,922.40","15,873.80","15,943.10","15,861.60","225.80M","0.53%"
"02/17/2017","15,838.60","15,809.80","15,848.40","15,789.10","201.42M","-0.16%"
"02/16/2017","15,864.20","15,842.30","15,865.50","15,820.70","227.26M","0.12%"
"02/15/2017","15,845.00","15,790.10","15,850.00","15,784.40","218.50M","0.37%"
"02/14/2017","15,786.00","15,756.00","15,800.30","15,713.50","203.94M","0.19%"
"02/13/2017","15,756.60","15,750.70","15,769.70","15,732.80","177.74M","0.17%"
"02/10/2017","15,729.10","15,651.80","15,736.60","15,645.60","220.29M","0.72%"
"02/09/2017","15,617.30","15,583.60","15,635.80","15,583.60","204.20M","0.41%"
"02/08/2017","15,554.00","15,482.10","15,554.00","15,414.10","236.40M","0.36%"
"02/07/2017","15,498.80","15,470.40","15,516.30","15,459.60","217.96M","0.27%"
"02/06/2017","15,456.90","15,488.90","15,492.70","15,425.50","189.74M","-0.13%"
"02/03/2017","15,476.40","15,437.80","15,502.50","15,396.00","189.44M","0.50%"
"02/02/2017","15,399.10","15,409.40","15,435.50","15,375.00","209.70M","-0.02%"
"02/01/2017","15,402.40","15,423.80","15,442.90","15,327.20","219.19M","0.11%"
"01/31/2017","15,386.00","15,393.00","15,421.80","15,313.00","250.65M","-0.12%"
"01/30/2017","15,405.10","15,544.10","15,544.10","15,366.70","201.83M","-1.10%"
"01/27/2017","15,575.80","15,614.70","15,648.20","15,543.50","162.51M","-0.25%"
"01/26/2017","15,615.50","15,634.50","15,652.20","15,590.20","196.64M","-0.18%"
"01/25/2017","15,643.80","15,631.30","15,674.30","15,625.30","225.25M","0.21%"
"01/24/2017","15,610.70","15,489.20","15,622.10","15,467.30","257.48M","0.84%"
"01/23/2017","15,480.10","15,531.00","15,531.00","15,421.20","189.35M","-0.44%"
"01/20/2017","15,547.90","15,467.70","15,573.20","15,467.70","209.61M","0.90%"
"01/19/2017","15,409.80","15,411.60","15,452.20","15,397.30","183.54M","0.08%"
"01/18/2017","15,397.90","15,430.90","15,450.10","15,366.20","232.02M","-0.28%"
"01/17/2017","15,441.40","15,497.90","15,500.40","15,430.90","207.47M","-0.24%"
"01/16/2017","15,479.30","15,494.90","15,505.10","15,442.70","73.29M","-0.12%"
"01/13/2017","15,497.30","15,419.60","15,513.90","15,403.40","188.58M","0.51%"
"01/12/2017","15,418.20","15,499.30","15,499.30","15,380.10","240.68M","-0.47%"
"01/11/2017","15,491.50","15,457.60","15,494.10","15,404.30","247.77M","0.42%"
"01/10/2017","15,426.30","15,422.70","15,459.10","15,422.70","218.07M","0.24%"
"01/09/2017","15,389.00","15,475.50","15,475.50","15,382.00","186.47M","-0.69%"
"01/06/2017","15,496.10","15,562.50","15,562.90","15,477.30","198.91M","-0.58%"
"01/05/2017","15,586.60","15,542.10","15,621.40","15,537.40","247.71M","0.45%"
"01/04/2017","15,516.80","15,433.90","15,520.60","15,412.50","215.08M","0.74%"
"01/03/2017","15,403.00","15,366.80","15,450.30","15,340.00","201.12M","0.75%"
"12/30/2016","15,287.60","15,432.60","15,432.60","15,276.80","151.03M","-0.87%"
"12/29/2016","15,422.10","15,366.50","15,430.40","15,364.20","143.57M","0.40%"
"12/28/2016","15,361.10","15,375.10","15,411.90","15,341.20","150.19M","0.21%"
"12/23/2016","15,328.20","15,348.50","15,363.40","15,328.20","113.54M","-0.05%"
"12/22/2016","15,335.20","15,313.30","15,345.10","15,299.90","150.28M","0.19%"
"12/21/2016","15,305.90","15,301.30","15,328.90","15,297.30","144.85M","0.08%"
"12/20/2016","15,293.00","15,289.10","15,324.90","15,281.30","198.55M","0.15%"
"12/19/2016","15,269.90","15,270.40","15,303.90","15,254.00","206.91M","0.12%"
"12/16/2016","15,252.20","15,292.90","15,302.00","15,234.20","635.49M","0.22%"
"12/15/2016","15,218.30","15,185.50","15,271.20","15,176.00","276.85M","0.14%"
"12/14/2016","15,197.20","15,358.70","15,365.40","15,195.10","288.27M","-1.22%"
"12/13/2016","15,385.30","15,331.00","15,414.60","15,315.70","226.35M","0.64%"
"12/12/2016","15,287.70","15,340.90","15,374.30","15,286.50","238.60M","-0.16%"
"12/09/2016","15,312.20","15,302.30","15,347.70","15,300.60","209.89M","0.11%"
"12/08/2016","15,295.20","15,251.20","15,312.80","15,244.30","210.44M","0.38%"
"12/07/2016","15,237.80","15,129.00","15,249.20","15,124.20","220.65M","0.74%"
"12/06/2016","15,125.80","15,098.50","15,137.70","15,080.70","197.78M","0.20%"
"12/05/2016","15,095.20","15,081.00","15,141.00","15,075.20","227.07M","0.28%"
"12/02/2016","15,052.50","15,014.90","15,100.90","15,000.60","198.30M","0.17%"
"12/01/2016","15,027.50","15,138.60","15,149.50","15,014.80","284.15M","-0.37%"
"11/30/2016","15,082.90","15,118.40","15,141.00","15,076.50","367.86M","0.55%"
"11/29/2016","14,999.80","14,972.20","15,014.70","14,941.30","192.46M","-0.10%"
"11/28/2016","15,015.40","15,064.20","15,069.10","14,996.90","189.24M","-0.40%"
"11/25/2016","15,075.40","15,092.40","15,126.50","15,059.30","129.20M","0.00%"
"11/24/2016","15,075.20","15,082.60","15,121.70","15,067.40","69.56M","-0.04%"
"11/23/2016","15,080.90","15,026.70","15,111.90","15,026.70","216.01M","-0.13%"
"11/22/2016","15,100.40","15,074.20","15,112.70","15,034.50","220.58M","0.40%"
"11/21/2016","15,039.90","14,928.90","15,041.10","14,928.90","212.03M","1.18%"
"11/18/2016","14,864.00","14,810.70","14,872.20","14,797.90","192.17M","0.26%"
"11/17/2016","14,826.10","14,739.30","14,852.40","14,738.60","258.58M","0.63%"
"11/16/2016","14,733.20","14,707.90","14,734.20","14,672.80","223.99M","-0.16%"
"11/15/2016","14,756.10","14,637.38","14,767.80","14,618.34","252.40M","1.08%"
"11/14/2016","14,598.45","14,570.37","14,600.15","14,509.49","289.73M","0.30%"
"11/11/2016","14,555.41","14,722.17","14,728.57","14,481.59","276.19M","-1.28%"
"11/10/2016","14,744.25","14,813.99","14,852.75","14,735.40","314.98M","-0.11%"
"11/09/2016","14,759.91","14,637.90","14,807.05","14,631.72","295.78M","0.70%"
"11/08/2016","14,656.84","14,644.12","14,714.74","14,611.39","210.50M","0.03%"
"11/07/2016","14,652.45","14,596.17","14,664.11","14,594.61","176.60M","0.99%"
"11/04/2016","14,509.25","14,572.24","14,573.63","14,497.63","212.22M","-0.51%"
"11/03/2016","14,583.42","14,613.83","14,669.58","14,556.72","207.05M","-0.08%"
"11/02/2016","14,594.72","14,737.81","14,749.77","14,593.01","243.39M","-1.24%"
"11/01/2016","14,778.32","14,827.87","14,850.25","14,711.18","234.20M","-0.06%"
"10/31/2016","14,787.27","14,781.38","14,830.66","14,764.68","187.21M","0.01%"
"10/28/2016","14,785.29","14,812.09","14,872.81","14,773.09","202.49M","-0.33%"
"10/27/2016","14,833.75","14,863.96","14,898.57","14,820.19","204.34M","0.18%"
"10/26/2016","14,807.56","14,828.18","14,873.53","14,781.16","239.04M","-0.42%"
"10/25/2016","14,870.63","14,921.90","14,933.94","14,865.77","202.16M","-0.35%"
"10/24/2016","14,923.01","14,962.37","14,963.60","14,881.27","175.55M","-0.11%"
"10/21/2016","14,939.04","14,842.53","14,958.86","14,838.38","178.41M","0.61%"
"10/20/2016","14,847.92","14,819.53","14,872.74","14,794.52","192.65M","0.05%"
"10/19/2016","14,840.49","14,776.76","14,883.94","14,747.91","213.00M","0.60%"
"10/18/2016","14,752.25","14,671.68","14,777.40","14,654.23","195.09M","1.07%"
"10/17/2016","14,596.52","14,586.84","14,627.45","14,572.90","140.50M","0.08%"
"10/14/2016","14,584.99","14,681.11","14,726.47","14,584.99","169.90M","-0.40%"
"10/13/2016","14,643.71","14,534.10","14,672.25","14,472.78","212.85M","0.17%"
"10/12/2016","14,618.97","14,544.27","14,634.87","14,529.06","189.87M","0.48%"
"10/11/2016","14,549.60","14,593.98","14,593.98","14,529.60","183.18M","-0.11%"
"10/07/2016","14,566.26","14,606.25","14,626.98","14,496.20","192.56M","-0.20%"
"10/06/2016","14,595.50","14,597.97","14,632.61","14,564.44","222.99M","-0.10%"
"10/05/2016","14,610.58","14,581.97","14,640.43","14,581.18","240.78M","0.62%"
"10/04/2016","14,521.01","14,674.38","14,677.06","14,468.03","248.63M","-1.14%"
"10/03/2016","14,689.04","14,722.54","14,736.84","14,642.57","159.50M","-0.25%"
"09/30/2016","14,725.86","14,798.45","14,821.82","14,725.86","220.20M","-0.19%"
"09/29/2016","14,754.55","14,721.71","14,815.81","14,708.35","217.30M","0.16%"
"09/28/2016","14,731.43","14,606.51","14,740.07","14,574.50","230.93M","1.19%"
"09/27/2016","14,558.04","14,569.44","14,599.11","14,518.43","183.24M","-0.42%"
"09/26/2016","14,619.46","14,652.96","14,664.74","14,611.79","156.35M","-0.53%"
"09/23/2016","14,697.93","14,798.08","14,798.08","14,673.11","178.27M","-0.67%"
"09/22/2016","14,797.18","14,804.72","14,841.23","14,783.36","195.53M","0.59%"
"09/21/2016","14,710.82","14,597.16","14,720.78","14,594.95","202.74M","1.30%"
"09/20/2016","14,521.98","14,555.17","14,573.25","14,514.47","179.85M","0.18%"
"09/19/2016","14,496.23","14,512.21","14,557.48","14,472.61","166.80M","0.32%"
"09/16/2016","14,450.69","14,471.48","14,471.48","14,387.53","462.32M","-0.37%"
"09/15/2016","14,503.67","14,382.87","14,529.79","14,382.87","190.00M","0.96%"
"09/14/2016","14,366.46","14,346.87","14,455.77","14,342.87","196.52M","0.12%"
"09/13/2016","14,349.10","14,500.72","14,500.72","14,319.11","214.21M","-1.70%"
"09/12/2016","14,597.14","14,470.69","14,628.29","14,457.39","202.21M","0.39%"
"09/09/2016","14,540.00","14,717.23","14,717.23","14,502.90","202.11M","-1.78%"
"09/08/2016","14,803.26","14,798.28","14,822.96","14,746.91","199.10M","0.04%"
"09/07/2016","14,796.75","14,800.29","14,806.60","14,736.11","187.92M","-0.11%"
"09/06/2016","14,813.02","14,821.64","14,821.64","14,770.21","209.94M","0.12%"
"09/02/2016","14,795.70","14,736.16","14,841.36","14,736.16","174.03M","0.76%"
"09/01/2016","14,683.91","14,573.27","14,705.27","14,571.10","218.68M","0.59%"
"08/31/2016","14,597.95","14,653.68","14,666.57","14,543.15","239.64M","-0.59%"
"08/30/2016","14,684.85","14,703.55","14,779.58","14,659.01","181.54M","0.02%"
"08/29/2016","14,681.97","14,624.84","14,707.87","14,616.23","136.91M","0.29%"
"08/26/2016","14,639.88","14,662.50","14,746.19","14,596.88","174.59M","0.06%"
"08/25/2016","14,630.72","14,615.88","14,677.68","14,579.64","160.46M","0.03%"
"08/24/2016","14,626.24","14,749.81","14,757.80","14,618.40","181.08M","-0.94%"
"08/23/2016","14,764.77","14,774.38","14,796.56","14,752.71","153.96M","0.11%"
"08/22/2016","14,748.19","14,642.37","14,748.19","14,616.91","157.52M","0.41%"
"08/19/2016","14,687.46","14,679.68","14,700.13","14,633.88","134.94M","-0.06%"
"08/18/2016","14,695.68","14,710.37","14,712.70","14,665.93","149.24M","-0.01%"
"08/17/2016","14,697.60","14,695.91","14,701.78","14,609.70","175.49M","-0.04%"
"08/16/2016","14,703.44","14,765.21","14,765.21","14,688.81","148.23M","-0.50%"
"08/15/2016","14,777.02","14,770.58","14,802.98","14,767.85","149.00M","0.20%"
"08/12/2016","14,747.45","14,799.02","14,799.02","14,703.56","187.46M","-0.33%"
"08/11/2016","14,796.06","14,794.34","14,855.69","14,792.49","187.33M","0.14%"
"08/10/2016","14,775.04","14,820.88","14,846.30","14,751.38","188.37M","-0.18%"
"08/09/2016","14,801.23","14,773.42","14,835.15","14,773.42","170.40M","0.31%"
"08/08/2016","14,755.62","14,663.48","14,783.16","14,663.48","178.59M","0.73%"
"08/05/2016","14,648.77","14,559.64","14,651.43","14,559.64","188.56M","0.83%"
"08/04/2016","14,528.78","14,502.77","14,539.91","14,469.55","187.44M","0.12%"
"08/03/2016","14,512.05","14,477.50","14,523.89","14,439.84","178.76M","0.24%"
"08/02/2016","14,477.01","14,555.20","14,559.45","14,428.23","198.38M","-0.73%"
"07/29/2016","14,582.74","14,535.64","14,591.64","14,498.66","186.15M","0.21%"
"07/28/2016","14,552.72","14,548.82","14,571.56","14,499.48","199.16M","0.04%"
"07/27/2016","14,546.54","14,571.35","14,609.02","14,460.22","192.83M","-0.02%"
"07/26/2016","14,550.00","14,495.80","14,564.89","14,491.67","165.28M","0.36%"
"07/25/2016","14,498.10","14,590.87","14,590.87","14,472.16","155.25M","-0.70%"
"07/22/2016","14,600.66","14,573.52","14,605.25","14,546.57","137.58M","0.24%"
"07/21/2016","14,565.83","14,541.39","14,596.31","14,531.09","156.96M","0.22%"
"07/20/2016","14,533.57","14,508.29","14,567.35","14,484.60","194.10M","0.06%"
"07/19/2016","14,524.61","14,530.45","14,536.63","14,499.76","145.41M","-0.05%"
"07/18/2016","14,532.40","14,485.87","14,534.81","14,482.19","130.54M","0.35%"
"07/15/2016","14,482.42","14,526.55","14,531.74","14,482.42","150.48M","-0.22%"
"07/14/2016","14,514.52","14,518.61","14,558.12","14,494.93","391.81M","0.14%"
"07/13/2016","14,493.80","14,484.94","14,535.65","14,419.26","212.66M","0.11%"
"07/12/2016","14,477.67","14,387.28","14,487.98","14,387.28","246.94M","0.81%"
"07/11/2016","14,361.88","14,277.22","14,415.48","14,277.22","209.80M","0.72%"
"07/08/2016","14,259.84","14,152.79","14,327.80","14,152.79","202.72M","0.89%"
"07/07/2016","14,134.46","14,235.33","14,259.06","14,102.98","205.37M","-0.68%"
"07/06/2016","14,231.06","14,196.14","14,233.93","14,080.24","251.67M","0.08%"
"07/05/2016","14,219.57","14,243.83","14,249.92","14,147.20","221.27M","-0.28%"
"07/04/2016","14,258.87","14,200.05","14,291.62","14,200.05","116.77M","1.38%"
"06/30/2016","14,064.54","14,056.17","14,106.79","13,967.61","246.97M","0.20%"
"06/29/2016","14,036.74","13,928.71","14,057.97","13,928.71","235.54M","1.40%"
"06/28/2016","13,842.69","13,745.59","13,869.20","13,745.59","222.71M","1.12%"
"06/27/2016","13,689.79","13,856.92","13,856.92","13,609.58","285.93M","-1.45%"
"06/24/2016","13,891.88","14,020.54","14,020.54","13,790.71","278.51M","-1.69%"
"06/23/2016","14,131.38","14,071.49","14,150.40","14,071.49","179.67M","0.91%"
"06/22/2016","14,003.81","14,037.72","14,066.56","13,981.77","193.98M","-0.06%"
"06/21/2016","14,012.32","14,007.04","14,049.22","13,956.88","162.88M","-0.02%"
"06/20/2016","14,015.14","13,915.26","14,059.44","13,915.26","192.09M","0.82%"
"06/17/2016","13,901.77","13,894.89","13,957.21","13,891.96","587.68M","0.14%"
"06/16/2016","13,882.41","13,907.92","13,907.92","13,814.19","252.33M","-0.29%"
"06/15/2016","13,923.45","13,883.87","13,987.57","13,883.87","233.77M","0.28%"
"06/14/2016","13,884.23","13,981.59","13,999.96","13,855.48","212.74M","-0.78%"
"06/13/2016","13,993.88","14,035.42","14,078.63","13,958.82","230.79M","-0.31%"
"06/10/2016","14,037.54","14,214.77","14,214.77","14,003.74","206.94M","-1.42%"
"06/09/2016","14,240.02","14,270.48","14,270.48","14,203.37","204.02M","-0.51%"
"06/08/2016","14,313.10","14,411.60","14,450.91","14,289.66","273.08M","-0.37%"
"06/07/2016","14,365.61","14,272.11","14,365.61","14,272.11","231.78M","0.63%"
"06/06/2016","14,276.16","14,261.21","14,297.51","14,236.72","221.59M","0.35%"
"06/03/2016","14,226.78","14,153.97","14,240.29","14,128.16","225.08M","0.64%"
"06/02/2016","14,136.99","14,055.84","14,147.63","14,017.05","159.51M","0.52%"
"06/01/2016","14,063.54","14,017.03","14,066.01","13,959.59","197.73M","-0.02%"
"05/31/2016","14,065.78","14,099.71","14,172.35","14,063.26","350.40M","-0.15%"
"05/30/2016","14,086.67","14,119.64","14,123.97","14,068.85","69.15M","-0.13%"
"05/27/2016","14,105.23","14,050.48","14,130.91","14,045.59","178.30M","0.40%"
"05/26/2016","14,049.20","14,126.95","14,143.50","14,048.99","205.33M","-0.03%"
"05/25/2016","14,053.74","13,963.68","14,093.29","13,963.68","225.24M","0.72%"
"05/24/2016","13,952.85","13,927.68","14,025.82","13,920.28","213.00M","0.24%"
"05/20/2016","13,919.58","13,863.85","13,962.01","13,863.85","192.30M","0.74%"
"05/19/2016","13,817.32","13,759.06","13,817.32","13,690.16","245.23M","-0.06%"
"05/18/2016","13,826.01","13,900.65","13,949.50","13,792.21","270.18M","-0.65%"
"05/17/2016","13,917.10","13,886.64","13,981.23","13,873.67","237.68M","0.17%"
"05/16/2016","13,893.49","13,807.24","13,930.61","13,807.24","213.15M","1.05%"
"05/13/2016","13,748.58","13,774.31","13,833.61","13,725.53","221.86M","-0.28%"
"05/12/2016","13,787.80","13,843.06","13,882.54","13,670.24","229.07M","-0.00%"
"05/11/2016","13,788.21","13,779.00","13,829.73","13,737.33","256.55M","0.09%"
"05/10/2016","13,775.19","13,581.98","13,797.96","13,581.98","217.46M","1.56%"
"05/09/2016","13,563.84","13,663.57","13,663.57","13,535.54","200.74M","-1.00%"
"05/06/2016","13,701.47","13,621.84","13,768.36","13,597.62","236.54M","0.51%"
"05/05/2016","13,632.01","13,683.83","13,758.90","13,578.79","241.88M","0.00%"
"05/04/2016","13,632.00","13,680.72","13,734.08","13,570.02","242.92M","-0.55%"
"05/03/2016","13,707.68","13,842.06","13,842.06","13,599.93","254.40M","-1.14%"
"05/02/2016","13,865.63","13,963.92","13,963.92","13,836.38","240.76M","-0.62%"
"04/29/2016","13,951.45","13,891.73","13,972.62","13,889.23","330.82M","0.47%"
"04/28/2016","13,886.43","13,874.05","13,966.52","13,780.23","300.92M","-0.01%"
"04/27/2016","13,887.66","13,833.90","13,902.80","13,823.51","267.46M","0.57%"
"04/26/2016","13,809.44","13,821.40","13,862.36","13,792.98","223.16M","0.10%"
"04/25/2016","13,795.99","13,861.12","13,861.12","13,755.98","182.89M","-0.56%"
"04/22/2016","13,874.00","13,874.73","13,928.81","13,854.35","224.86M","-0.05%"
"04/21/2016","13,881.20","13,924.20","13,963.09","13,844.74","263.39M","-0.22%"
"04/20/2016","13,911.29","13,873.00","13,971.83","13,854.02","302.42M","0.32%"
"04/19/2016","13,867.28","13,761.14","13,871.84","13,739.21","260.81M","1.07%"
"04/18/2016","13,719.82","13,595.59","13,730.59","13,548.83","223.28M","0.61%"
"04/15/2016","13,637.20","13,632.17","13,657.56","13,596.15","201.68M","-0.23%"
"04/14/2016","13,668.29","13,679.99","13,701.07","13,629.59","227.93M","-0.02%"
"04/13/2016","13,671.35","13,617.94","13,703.61","13,608.89","236.99M","0.66%"
"04/12/2016","13,581.42","13,447.47","13,632.76","13,444.45","288.00M","1.18%"
"04/11/2016","13,422.76","13,422.13","13,528.95","13,422.13","215.51M","0.19%"
"04/08/2016","13,396.73","13,328.35","13,428.81","13,328.35","226.78M","0.98%"
"04/07/2016","13,266.44","13,327.30","13,327.30","13,217.17","209.40M","-0.61%"
"04/06/2016","13,347.46","13,308.93","13,348.00","13,237.91","209.95M","0.32%"
"04/05/2016","13,304.66","13,309.30","13,326.53","13,262.24","181.70M","-0.24%"
"04/04/2016","13,336.15","13,450.04","13,452.92","13,314.60","162.70M","-0.78%"
"04/01/2016","13,440.44","13,404.58","13,440.84","13,323.57","205.61M","-0.40%"
"03/31/2016","13,494.36","13,495.46","13,548.17","13,475.28","219.05M","-0.07%"
"03/30/2016","13,503.98","13,475.37","13,574.99","13,475.37","212.73M","0.58%"
"03/29/2016","13,426.23","13,353.58","13,443.80","13,270.17","189.20M","0.27%"
"03/28/2016","13,390.19","13,369.34","13,395.51","13,277.21","133.83M","0.24%"
"03/24/2016","13,358.11","13,302.86","13,358.11","13,255.47","192.38M","-0.16%"
"03/23/2016","13,379.48","13,503.14","13,503.14","13,364.98","247.56M","-0.84%"
"03/22/2016","13,493.49","13,527.11","13,565.41","13,493.49","191.54M","-0.50%"
"03/21/2016","13,561.09","13,496.03","13,567.37","13,479.27","182.30M","0.47%"
"03/18/2016","13,497.07","13,607.87","13,621.77","13,490.10","680.62M","-0.91%"
"03/17/2016","13,621.30","13,505.15","13,685.45","13,494.57","314.59M","1.06%"
"03/16/2016","13,478.13","13,410.45","13,507.32","13,402.02","265.55M","0.58%"
"03/15/2016","13,400.31","13,383.13","13,400.31","13,284.22","245.98M","-0.57%"
"03/14/2016","13,477.54","13,520.08","13,530.33","13,426.11","232.68M","-0.33%"
"03/11/2016","13,522.00","13,434.45","13,543.29","13,434.45","239.95M","1.07%"
"03/10/2016","13,379.14","13,423.57","13,513.20","13,298.32","274.93M","-0.10%"
"03/09/2016","13,392.90","13,346.17","13,435.94","13,342.74","300.41M","0.61%"
"03/08/2016","13,311.05","13,374.14","13,391.84","13,256.75","330.24M","-0.54%"
"03/07/2016","13,383.60","13,235.25","13,447.68","13,235.25","343.22M","1.29%"
"03/04/2016","13,212.50","13,150.54","13,281.83","13,150.54","394.17M","0.68%"
"03/03/2016","13,123.65","13,055.19","13,157.42","13,025.54","343.30M","0.81%"
"03/02/2016","13,017.93","12,985.23","13,030.37","12,857.97","295.88M","0.28%"
"03/01/2016","12,982.10","12,896.32","12,998.53","12,896.32","285.26M","0.95%"
"02/29/2016","12,860.35","12,820.09","12,912.60","12,784.79","299.13M","0.49%"
"02/26/2016","12,797.79","12,817.54","12,915.72","12,781.15","255.41M","0.35%"
"02/25/2016","12,753.60","12,723.98","12,753.60","12,633.69","248.83M","0.10%"
"02/24/2016","12,740.27","12,727.38","12,754.88","12,506.05","312.13M","-0.18%"
"02/23/2016","12,763.44","12,867.59","12,962.78","12,727.54","235.36M","-0.64%"
"02/22/2016","12,845.63","12,888.72","12,984.72","12,844.77","293.52M","0.25%"
"02/19/2016","12,813.40","12,858.75","12,858.75","12,734.94","252.61M","-0.91%"
"02/18/2016","12,931.36","12,904.45","12,947.34","12,839.38","317.56M","0.50%"
"02/17/2016","12,867.16","12,644.36","12,880.69","12,639.00","328.30M","2.49%"
"02/16/2016","12,554.98","12,431.27","12,561.31","12,373.15","282.62M","1.40%"
"02/12/2016","12,381.24","12,136.27","12,381.87","12,136.27","252.63M","2.43%"
"02/11/2016","12,087.37","12,162.99","12,162.99","11,985.68","355.03M","-0.81%"
"02/10/2016","12,185.72","12,314.33","12,392.27","12,171.93","286.73M","-0.79%"
"02/09/2016","12,282.65","12,448.11","12,448.11","12,192.45","309.79M","-2.02%"
"02/08/2016","12,535.40","12,691.05","12,691.05","12,486.46","275.96M","-1.79%"
"02/05/2016","12,763.99","12,763.99","12,776.99","12,669.63","244.55M","-0.08%"
"02/04/2016","12,774.50","12,606.12","12,826.74","12,606.12","304.63M","1.44%"
"02/03/2016","12,593.02","12,492.30","12,613.90","12,320.43","282.03M","1.21%"
"02/02/2016","12,442.26","12,646.80","12,646.80","12,387.15","209.65M","-1.83%"
"02/01/2016","12,674.37","12,766.15","12,766.15","12,590.86","207.05M","-1.15%"
"01/29/2016","12,822.13","12,636.10","12,822.13","12,601.69","331.43M","1.83%"
"01/28/2016","12,591.93","12,432.41","12,612.17","12,420.87","295.77M","1.73%"
"01/27/2016","12,377.77","12,309.62","12,524.13","12,249.81","281.40M","0.38%"
"01/26/2016","12,331.32","12,192.25","12,373.98","12,175.44","247.22M","1.55%"
"01/25/2016","12,143.16","12,377.49","12,377.49","12,130.29","224.92M","-1.99%"
"01/22/2016","12,389.58","12,191.61","12,389.58","12,191.61","300.42M","2.94%"
"01/21/2016","12,035.86","11,834.93","12,070.73","11,772.19","310.39M","1.63%"
"01/20/2016","11,843.11","11,897.57","11,932.42","11,531.22","357.07M","-1.33%"
"01/19/2016","12,002.24","12,002.33","12,099.56","11,894.24","281.06M","0.50%"
"01/18/2016","11,942.17","12,025.60","12,047.93","11,913.36","100.10M","-1.09%"
"01/15/2016","12,073.46","12,184.60","12,184.60","11,950.85","285.85M","-2.13%"
"01/14/2016","12,336.03","12,176.33","12,362.79","12,060.31","277.74M","1.36%"
"01/13/2016","12,170.41","12,426.49","12,499.46","12,141.71","261.53M","-1.64%"
"01/12/2016","12,373.90","12,361.39","12,451.67","12,192.92","258.26M","0.44%"
"01/11/2016","12,319.25","12,464.49","12,479.36","12,230.01","208.50M","-1.01%"
"01/08/2016","12,445.45","12,470.87","12,543.39","12,431.89","220.25M","-0.02%"
"01/07/2016","12,448.21","12,661.16","12,661.16","12,439.14","293.24M","-2.19%"
"01/06/2016","12,726.80","12,854.57","12,854.57","12,701.71","225.65M","-1.50%"
"01/05/2016","12,920.14","12,929.22","12,954.89","12,839.79","181.90M","-0.05%"
"01/04/2016","12,927.15","12,920.64","12,928.90","12,748.45","186.95M","-0.64%"
"12/31/2015","13,009.95","13,077.55","13,098.61","12,987.97","111.10M","-1.01%"
"12/30/2015","13,142.29","13,225.47","13,244.76","13,121.88","97.14M","-0.78%"
"12/29/2015","13,245.75","13,279.45","13,315.24","13,193.57","120.78M","-0.48%"
"12/24/2015","13,309.80","13,290.50","13,344.18","13,280.28","72.36M","0.19%"
"12/23/2015","13,284.91","13,141.43","13,284.91","13,141.43","192.26M","1.54%"
"12/22/2015","13,082.86","13,034.81","13,103.13","12,950.47","162.29M","0.37%"
"12/21/2015","13,034.38","13,051.51","13,141.05","12,983.65","192.21M","0.08%"
"12/18/2015","13,024.30","12,971.62","13,061.73","12,968.01","530.06M","0.11%"
"12/17/2015","13,009.93","13,141.52","13,158.86","12,967.43","262.46M","-1.19%"
"12/16/2015","13,166.08","12,967.12","13,182.66","12,967.12","284.65M","1.91%"
"12/15/2015","12,919.57","12,783.73","12,932.42","12,783.73","228.82M","1.77%"
"12/14/2015","12,695.49","12,776.28","12,805.24","12,617.66","246.22M","-0.74%"
"12/11/2015","12,789.95","12,956.92","12,956.92","12,771.16","205.78M","-1.74%"
"12/10/2015","13,016.59","12,922.66","13,081.81","12,895.02","223.40M","0.61%"
"12/09/2015","12,937.59","12,927.86","13,133.54","12,877.61","245.50M","0.12%"
"12/08/2015","12,922.47","12,972.15","13,007.69","12,872.33","228.97M","-0.92%"
"12/07/2015","13,042.83","13,316.23","13,316.23","13,018.70","228.59M","-2.37%"
"12/04/2015","13,358.77","13,307.63","13,374.16","13,268.43","225.39M","0.26%"
"12/03/2015","13,324.67","13,515.58","13,529.03","13,288.15","199.94M","-1.03%"
"12/02/2015","13,463.82","13,622.52","13,629.18","13,442.28","215.06M","-1.26%"
"12/01/2015","13,636.06","13,488.41","13,653.70","13,482.35","222.51M","1.23%"
"11/30/2015","13,469.83","13,390.61","13,495.47","13,390.61","298.49M","0.76%"
"11/27/2015","13,368.24","13,406.79","13,424.78","13,353.45","100.02M","-0.42%"
"11/26/2015","13,425.19","13,410.25","13,451.56","13,401.17","61.26M","0.16%"
"11/25/2015","13,403.42","13,410.39","13,481.33","13,368.11","188.90M","-0.03%"
"11/24/2015","13,407.83","13,371.74","13,461.17","13,359.57","218.59M","0.19%"
"11/23/2015","13,382.38","13,417.63","13,508.09","13,372.04","156.08M","-0.38%"
"11/20/2015","13,433.49","13,504.47","13,514.77","13,413.66","200.46M","-0.30%"
"11/19/2015","13,473.83","13,399.70","13,478.82","13,384.75","189.70M","0.55%"
"11/18/2015","13,399.97","13,317.89","13,421.83","13,317.89","183.32M","0.90%"
"11/17/2015","13,280.39","13,323.80","13,379.89","13,247.96","181.96M","-0.28%"
"11/16/2015","13,317.52","13,080.69","13,317.52","13,078.82","181.70M","1.85%"
"11/13/2015","13,075.42","13,104.73","13,162.41","13,030.46","204.07M","-0.39%"
"11/12/2015","13,127.18","13,318.12","13,318.12","13,119.00","234.87M","-1.61%"
"11/11/2015","13,341.93","13,429.16","13,438.78","13,325.62","185.49M","-0.52%"
"11/10/2015","13,411.63","13,451.15","13,451.15","13,336.90","193.36M","-0.53%"
"11/09/2015","13,482.62","13,556.59","13,556.59","13,385.77","185.88M","-0.52%"
"11/06/2015","13,553.30","13,562.23","13,593.67","13,481.45","202.94M","-0.04%"
"11/05/2015","13,558.78","13,652.23","13,664.50","13,534.86","225.69M","-0.75%"
"11/04/2015","13,661.82","13,745.78","13,790.07","13,637.34","234.64M","-0.35%"
"11/03/2015","13,710.31","13,643.33","13,740.36","13,609.56","213.87M","0.64%"
"11/02/2015","13,623.01","13,530.95","13,632.65","13,515.93","172.22M","0.69%"
"10/30/2015","13,529.17","13,762.77","13,766.57","13,519.52","262.59M","-1.90%"
"10/29/2015","13,791.88","13,841.85","13,869.94","13,773.80","248.80M","-0.51%"
"10/28/2015","13,863.16","13,733.34","13,911.81","13,727.51","245.56M","1.19%"
"10/27/2015","13,699.60","13,758.41","13,789.33","13,662.48","220.05M","-0.66%"
"10/26/2015","13,790.90","13,940.50","13,947.74","13,784.05","188.86M","-1.17%"
"10/23/2015","13,953.66","13,944.48","14,014.83","13,924.28","209.00M","0.54%"
"10/22/2015","13,878.11","13,732.54","13,888.50","13,730.66","213.31M","1.27%"
"10/21/2015","13,704.19","13,850.91","13,882.56","13,626.07","187.23M","-1.00%"
"10/20/2015","13,841.92","13,762.94","13,916.02","13,740.70","169.69M","0.61%"
"10/19/2015","13,758.38","13,777.01","13,818.19","13,718.61","180.21M","-0.58%"
"10/16/2015","13,838.10","13,888.11","13,925.50","13,838.10","206.49M","0.07%"
"10/15/2015","13,828.97","13,822.35","13,873.20","13,761.18","198.09M","-0.33%"
"10/14/2015","13,875.33","13,861.41","13,958.46","13,850.88","211.04M","0.22%"
"10/13/2015","13,844.73","13,927.20","13,952.71","13,828.80","212.04M","-0.86%"
"10/09/2015","13,964.36","14,012.78","14,053.19","13,948.10","252.71M","-0.10%"
"10/08/2015","13,978.66","13,860.99","13,994.52","13,839.52","264.68M","0.80%"
"10/07/2015","13,868.35","13,735.38","13,873.84","13,735.38","338.06M","1.62%"
"10/06/2015","13,647.26","13,582.12","13,690.86","13,582.12","284.12M","0.70%"
"10/05/2015","13,552.20","13,416.25","13,590.73","13,416.25","304.42M","1.59%"
"10/02/2015","13,339.74","13,179.52","13,341.68","13,086.39","215.95M","0.74%"
"10/01/2015","13,241.89","13,362.53","13,379.85","13,152.09","226.51M","-0.49%"
"09/30/2015","13,306.96","13,135.19","13,310.55","13,135.19","234.92M","2.07%"
"09/29/2015","13,036.96","13,025.03","13,111.38","12,964.12","205.45M","0.25%"
"09/28/2015","13,004.58","13,295.87","13,297.81","13,004.58","188.78M","-2.80%"
"09/25/2015","13,378.57","13,450.98","13,468.75","13,350.66","207.20M","0.30%"
"09/24/2015","13,338.67","13,334.25","13,384.51","13,237.43","211.14M","-0.34%"
"09/23/2015","13,383.69","13,537.07","13,560.07","13,378.01","155.14M","-0.80%"
"09/22/2015","13,491.09","13,646.13","13,646.13","13,452.51","173.97M","-2.09%"
"09/21/2015","13,779.44","13,701.70","13,847.41","13,687.09","185.41M","0.97%"
"09/18/2015","13,646.90","13,692.58","13,692.58","13,587.44","608.10M","-1.02%"
"09/17/2015","13,787.16","13,762.98","13,876.00","13,704.56","216.80M","0.17%"
"09/16/2015","13,763.78","13,501.27","13,776.69","13,501.27","245.11M","2.24%"
"09/15/2015","13,462.71","13,370.24","13,478.67","13,365.31","170.46M","0.82%"
"09/14/2015","13,353.34","13,459.99","13,459.99","13,353.34","161.27M","-0.80%"
"09/11/2015","13,461.47","13,522.76","13,523.46","13,404.63","188.37M","-0.80%"
"09/10/2015","13,569.89","13,504.08","13,643.54","13,504.08","189.54M","0.28%"
"09/09/2015","13,531.85","13,706.57","13,766.65","13,516.99","208.37M","-0.72%"
"09/08/2015","13,630.67","13,636.12","13,683.57","13,593.48","165.29M","1.13%"
"09/04/2015","13,478.31","13,469.25","13,509.95","13,414.58","142.02M","-0.87%"
"09/03/2015","13,596.41","13,567.01","13,706.76","13,538.81","179.60M","0.38%"
"09/02/2015","13,545.25","13,553.31","13,626.94","13,419.99","197.08M","0.47%"
"09/01/2015","13,481.90","13,691.80","13,691.80","13,419.12","223.51M","-2.72%"
"08/31/2015","13,859.12","13,832.85","13,888.19","13,653.87","274.56M","-0.04%"
"08/28/2015","13,865.07","13,734.67","13,866.27","13,710.09","217.02M","0.71%"
"08/27/2015","13,766.67","13,465.57","13,845.66","13,465.57","269.53M","2.88%"
"08/26/2015","13,381.59","13,318.99","13,393.22","13,061.90","229.14M","1.75%"
"08/25/2015","13,150.93","13,314.57","13,445.63","13,134.33","242.92M","0.75%"
"08/24/2015","13,052.74","13,350.97","13,396.76","12,705.17","318.86M","-3.12%"
"08/21/2015","13,473.67","13,664.84","13,697.53","13,468.72","242.63M","-1.92%"
"08/20/2015","13,737.00","14,022.14","14,022.14","13,736.96","220.46M","-2.13%"
"08/19/2015","14,036.63","14,187.62","14,187.62","14,013.99","216.71M","-1.11%"
"08/18/2015","14,193.87","14,217.69","14,227.44","14,125.54","155.04M","-0.40%"
"08/17/2015","14,251.53","14,267.24","14,267.24","14,184.58","145.43M","-0.18%"
"08/14/2015","14,277.88","14,251.78","14,304.38","14,224.53","170.58M","0.28%"
"08/13/2015","14,238.40","14,322.23","14,340.57","14,223.62","169.97M","-0.71%"
"08/12/2015","14,339.53","14,359.62","14,359.62","14,182.46","214.90M","-0.52%"
"08/11/2015","14,414.67","14,408.48","14,414.67","14,264.32","195.19M","-0.36%"
"08/10/2015","14,466.39","14,346.69","14,471.13","14,343.09","175.19M","1.14%"
"08/07/2015","14,302.70","14,397.92","14,458.11","14,265.03","175.11M","-0.72%"
"08/06/2015","14,405.91","14,499.43","14,499.43","14,378.62","221.73M","-0.67%"
"08/05/2015","14,502.99","14,538.38","14,622.35","14,484.69","174.76M","0.08%"
"08/04/2015","14,491.05","14,465.83","14,515.79","14,424.89","177.55M","0.16%"
"07/31/2015","14,468.44","14,420.60","14,501.58","14,391.60","191.98M","0.60%"
"07/30/2015","14,382.78","14,308.68","14,386.75","14,226.57","208.09M","0.57%"
"07/29/2015","14,301.80","14,079.38","14,303.81","14,059.28","207.64M","1.59%"
"07/28/2015","14,077.36","14,031.16","14,104.30","13,938.90","189.40M","0.54%"
"07/27/2015","14,001.37","14,101.04","14,112.13","13,956.05","190.02M","-1.30%"
"07/24/2015","14,186.24","14,260.13","14,275.47","14,145.27","213.18M","-0.55%"
"07/23/2015","14,265.37","14,339.29","14,339.29","14,168.90","192.10M","-0.29%"
"07/22/2015","14,307.12","14,334.96","14,361.01","14,231.10","189.87M","-0.48%"
"07/21/2015","14,376.24","14,452.45","14,511.99","14,335.76","158.80M","-0.34%"
"07/20/2015","14,425.55","14,630.51","14,630.51","14,405.06","159.51M","-1.48%"
"07/17/2015","14,642.84","14,738.30","14,738.30","14,597.56","145.24M","-0.60%"
"07/16/2015","14,731.08","14,713.68","14,748.00","14,693.99","155.61M","0.47%"
"07/15/2015","14,662.28","14,608.86","14,706.34","14,541.74","158.32M","0.43%"
"07/14/2015","14,599.40","14,527.03","14,613.45","14,453.68","153.72M","0.46%"
"07/13/2015","14,533.22","14,499.36","14,566.02","14,453.26","166.20M","0.85%"
"07/10/2015","14,411.07","14,338.06","14,419.52","14,338.06","156.18M","0.93%"
"07/09/2015","14,278.49","14,451.50","14,558.69","14,275.54","188.52M","-0.93%"
"07/08/2015","14,412.07","14,599.99","14,599.99","14,379.92","166.32M","-1.45%"
"07/07/2015","14,624.50","14,602.37","14,625.11","14,389.10","194.13M","0.21%"
"07/06/2015","14,593.57","14,594.64","14,670.26","14,524.64","194.85M","-0.60%"
"07/03/2015","14,682.39","14,637.07","14,682.39","14,622.30","51.35M","0.30%"
"07/02/2015","14,637.99","14,588.16","14,663.41","14,560.27","173.44M","0.58%"
"06/30/2015","14,553.33","14,542.08","14,607.90","14,492.23","180.53M","0.44%"
"06/29/2015","14,490.15","14,738.48","14,738.48","14,482.16","162.38M","-2.15%"
"06/26/2015","14,808.09","14,886.34","14,886.34","14,782.47","142.47M","-0.60%"
"06/25/2015","14,897.50","14,957.24","14,957.24","14,861.68","149.49M","-0.33%"
"06/24/2015","14,947.51","14,901.23","14,995.33","14,871.88","170.67M","0.29%"
"06/23/2015","14,904.91","14,814.37","14,923.76","14,814.37","145.32M","0.77%"
"06/22/2015","14,790.48","14,644.92","14,827.20","14,644.92","150.37M","0.94%"
"06/19/2015","14,653.12","14,680.26","14,746.39","14,584.43","482.10M","-0.80%"
"06/18/2015","14,770.64","14,731.55","14,781.45","14,685.15","149.85M","0.26%"
"06/17/2015","14,732.98","14,773.03","14,825.13","14,659.89","162.17M","-0.14%"
"06/16/2015","14,753.05","14,743.70","14,753.99","14,683.38","162.53M","-0.02%"
"06/15/2015","14,756.05","14,684.22","14,784.53","14,651.36","147.92M","0.10%"
"06/12/2015","14,741.15","14,798.31","14,798.31","14,725.25","141.00M","-0.61%"
"06/11/2015","14,830.88","14,894.19","14,921.47","14,810.66","152.42M","-0.39%"
"06/10/2015","14,889.04","14,860.93","14,953.03","14,843.48","166.02M","0.48%"
"06/09/2015","14,817.71","14,742.10","14,840.12","14,687.00","156.71M","0.50%"
"06/08/2015","14,743.33","14,939.12","14,939.12","14,714.72","153.65M","-1.43%"
"06/05/2015","14,957.16","14,995.31","15,060.90","14,946.00","153.57M","-0.41%"
"06/04/2015","15,019.39","15,096.19","15,114.51","14,957.57","153.52M","-0.89%"
"06/03/2015","15,154.68","15,119.45","15,182.22","15,104.04","154.33M","0.33%"
"06/02/2015","15,104.74","15,075.90","15,155.65","15,049.54","149.22M","0.20%"
"06/01/2015","15,074.13","15,040.88","15,078.58","14,982.35","139.63M","0.40%"
"05/29/2015","15,014.09","15,096.97","15,118.57","14,956.00","281.16M","-0.62%"
"05/28/2015","15,107.00","15,110.59","15,161.29","15,005.03","148.95M","-0.02%"
"05/27/2015","15,110.47","15,066.70","15,144.40","15,016.42","147.68M","0.40%"
"05/26/2015","15,050.81","15,181.02","15,188.65","14,974.30","148.93M","-0.90%"
"05/25/2015","15,187.40","15,192.59","15,205.34","15,172.15","37.86M","-0.09%"
"05/22/2015","15,200.76","15,196.80","15,218.02","15,139.16","122.90M","-0.02%"
"05/21/2015","15,203.61","15,092.25","15,230.72","15,092.25","173.03M","0.87%"
"05/20/2015","15,072.83","15,146.70","15,187.02","15,051.70","150.69M","-0.32%"
"05/19/2015","15,121.02","15,115.84","15,159.08","15,063.32","177.61M","0.09%"
"05/15/2015","15,108.12","15,020.34","15,108.12","14,990.72","163.16M","0.53%"
"05/14/2015","15,028.12","14,999.61","15,036.82","14,983.97","183.19M","0.32%"
"05/13/2015","14,980.72","15,053.53","15,095.54","14,948.28","191.79M","-0.42%"
"05/12/2015","15,043.15","15,127.02","15,127.02","15,026.19","189.07M","-0.72%"
"05/11/2015","15,152.64","15,182.17","15,237.18","15,108.85","146.60M","-0.11%"
"05/08/2015","15,170.02","15,141.65","15,200.22","15,099.22","185.15M","0.54%"
"05/07/2015","15,088.82","15,016.86","15,103.53","14,934.30","276.98M","0.43%"
"05/06/2015","15,023.89","15,145.48","15,148.51","14,945.01","244.36M","-0.99%"
"05/05/2015","15,173.94","15,378.81","15,416.56","15,128.22","204.04M","-1.26%"
"05/04/2015","15,367.47","15,347.73","15,403.45","15,340.88","150.91M","0.18%"
"05/01/2015","15,339.77","15,224.38","15,362.88","15,208.43","158.96M","0.76%"
"04/30/2015","15,224.52","15,324.20","15,324.20","15,192.46","229.90M","-0.80%"
"04/29/2015","15,347.34","15,288.04","15,363.79","15,242.10","192.32M","0.01%"
"04/28/2015","15,346.07","15,340.80","15,348.34","15,278.69","168.47M","0.01%"
"04/27/2015","15,344.08","15,442.32","15,456.35","15,319.58","188.78M","-0.42%"
"04/24/2015","15,408.33","15,406.00","15,440.36","15,367.99","139.73M","0.10%"
"04/23/2015","15,392.35","15,285.35","15,425.81","15,266.85","160.97M","0.57%"
"04/22/2015","15,304.77","15,341.92","15,341.92","15,215.87","157.45M","-0.27%"
"04/21/2015","15,346.44","15,418.27","15,434.06","15,300.19","162.76M","-0.43%"
"04/20/2015","15,412.60","15,376.78","15,483.12","15,376.78","153.46M","0.34%"
"04/17/2015","15,360.55","15,364.63","15,367.56","15,275.53","163.53M","-0.17%"
"04/16/2015","15,386.77","15,429.72","15,454.25","15,324.96","208.30M","-0.41%"
"04/15/2015","15,450.87","15,437.02","15,524.75","15,437.02","254.30M","0.40%"
"04/14/2015","15,389.28","15,372.11","15,402.98","15,342.06","179.25M","0.04%"
"04/13/2015","15,383.59","15,401.34","15,446.45","15,352.14","154.72M","-0.03%"
"04/10/2015","15,388.43","15,362.27","15,406.06","15,350.36","179.80M","0.41%"
"04/09/2015","15,326.31","15,216.21","15,359.30","15,216.21","176.80M","0.74%"
"04/08/2015","15,213.60","15,188.59","15,249.52","15,175.35","177.05M","0.16%"
"04/07/2015","15,188.84","15,115.25","15,266.62","15,115.25","221.95M","0.58%"
"04/06/2015","15,100.65","15,028.73","15,160.72","15,016.49","157.70M","0.49%"
"04/02/2015","15,026.62","14,925.54","15,070.31","14,912.33","156.41M","0.56%"
"04/01/2015","14,942.55","14,925.16","14,972.28","14,878.53","188.68M","0.27%"
"03/31/2015","14,902.44","14,867.80","14,962.83","14,813.71","201.75M","-0.04%"
"03/30/2015","14,908.39","14,855.40","14,994.95","14,855.40","167.65M","0.65%"
"03/27/2015","14,812.42","14,856.08","14,897.78","14,717.68","147.46M","-0.39%"
"03/26/2015","14,869.80","14,945.39","14,996.74","14,848.99","207.99M","-0.40%"
"03/25/2015","14,929.37","15,103.16","15,161.61","14,929.37","221.78M","-1.01%"
"03/24/2015","15,081.26","14,959.42","15,103.18","14,930.92","179.67M","0.83%"
"03/23/2015","14,957.21","14,962.87","15,019.07","14,925.10","161.63M","0.10%"
"03/20/2015","14,942.41","14,913.86","14,998.03","14,913.86","496.19M","0.46%"
"03/19/2015","14,873.93","14,942.45","14,964.18","14,817.49","184.97M","-0.59%"
"03/18/2015","14,962.24","14,869.00","15,028.01","14,825.18","201.34M","0.43%"
"03/17/2015","14,898.53","14,817.96","14,922.09","14,722.47","176.40M","0.24%"
"03/16/2015","14,862.76","14,733.51","14,913.54","14,719.27","187.66M","0.89%"
"03/13/2015","14,731.50","14,734.66","14,738.93","14,606.19","185.44M","-0.27%"
"03/12/2015","14,770.72","14,744.84","14,809.06","14,719.68","182.56M","0.21%"
"03/11/2015","14,739.20","14,650.49","14,778.92","14,637.62","189.46M","0.67%"
"03/10/2015","14,641.76","14,784.72","14,784.72","14,627.97","198.31M","-1.43%"
"03/09/2015","14,854.49","14,964.60","14,964.60","14,854.49","182.39M","-0.66%"
"03/06/2015","14,952.50","15,067.46","15,145.28","14,910.30","230.72M","-1.00%"
"03/05/2015","15,103.11","15,136.70","15,189.10","15,094.84","191.33M","0.13%"
"03/04/2015","15,082.84","15,108.70","15,135.92","14,995.07","196.31M","-0.34%"
"03/03/2015","15,133.85","15,258.04","15,258.04","15,109.88","195.70M","-0.85%"
"03/02/2015","15,264.05","15,240.93","15,283.72","15,212.26","192.65M","0.20%"
"02/27/2015","15,234.34","15,237.63","15,333.61","15,234.34","339.75M","-0.04%"
"02/26/2015","15,241.16","15,273.09","15,318.36","15,241.16","189.36M","0.08%"
"02/25/2015","15,228.57","15,201.43","15,258.85","15,155.11","202.16M","0.42%"
"02/24/2015","15,164.97","15,215.10","15,274.99","15,150.70","202.90M","-0.23%"
"02/23/2015","15,200.26","15,127.59","15,204.59","15,120.75","188.33M","0.18%"
"02/20/2015","15,172.24","15,187.71","15,232.74","15,124.30","212.48M","-0.05%"
"02/19/2015","15,180.33","15,198.88","15,211.81","15,099.91","196.61M","-0.21%"
"02/18/2015","15,212.75","15,276.19","15,286.39","15,178.04","216.99M","-0.47%"
"02/17/2015","15,284.61","15,249.03","15,349.01","15,190.16","188.67M","0.13%"
"02/13/2015","15,264.81","15,281.86","15,339.46","15,256.73","194.13M","0.24%"
"02/12/2015","15,228.52","15,192.83","15,236.72","15,114.87","260.69M","0.51%"
"02/11/2015","15,151.50","15,092.88","15,170.56","15,080.74","223.44M","0.26%"
"02/10/2015","15,112.52","15,114.49","15,147.73","14,977.18","206.42M","0.08%"
"02/09/2015","15,100.70","15,084.93","15,168.05","15,056.60","207.88M","0.11%"
"02/06/2015","15,083.92","15,149.54","15,204.45","15,025.64","221.62M","-0.27%"
"02/05/2015","15,124.92","15,031.11","15,172.32","15,031.11","237.02M","0.86%"
"02/04/2015","14,995.65","15,027.51","15,056.35","14,939.17","259.14M","-0.45%"
"02/03/2015","15,062.88","14,955.79","15,154.92","14,955.79","316.77M","1.09%"
"02/02/2015","14,900.47","14,713.87","14,931.07","14,713.87","228.90M","1.55%"
"01/30/2015","14,673.48","14,581.24","14,812.52","14,514.60","324.26M","0.25%"
"01/29/2015","14,637.28","14,599.72","14,672.58","14,392.55","253.82M","0.24%"
"01/28/2015","14,602.88","14,849.26","14,852.68","14,599.65","239.06M","-1.56%"
"01/27/2015","14,833.88","14,773.46","14,838.84","14,656.27","223.93M","0.24%"
"01/26/2015","14,797.83","14,787.72","14,803.73","14,702.89","186.84M","0.13%"
"01/23/2015","14,779.35","14,775.05","14,853.30","14,741.63","226.37M","0.10%"
"01/22/2015","14,763.98","14,589.46","14,792.49","14,589.46","266.87M","1.40%"
"01/21/2015","14,560.42","14,315.58","14,624.24","14,266.24","300.49M","1.76%"
"01/20/2015","14,308.44","14,368.36","14,377.63","14,260.43","279.25M","-0.03%"
"01/19/2015","14,312.50","14,307.65","14,323.82","14,195.39","97.31M","0.02%"
"01/16/2015","14,309.41","14,043.83","14,330.80","14,043.83","303.92M","1.91%"
"01/15/2015","14,041.82","14,149.71","14,170.67","14,017.17","353.73M","-0.30%"
"01/14/2015","14,084.43","14,119.75","14,119.75","13,892.57","298.84M","-0.72%"
"01/13/2015","14,187.16","14,285.13","14,369.84","14,074.95","276.62M","-0.55%"
"01/12/2015","14,265.01","14,378.32","14,378.32","14,122.38","240.04M","-0.83%"
"01/09/2015","14,384.92","14,484.62","14,496.91","14,325.15","216.29M","-0.50%"
"01/08/2015","14,457.72","14,368.58","14,506.14","14,368.58","225.81M","1.21%"
"01/07/2015","14,285.00","14,324.37","14,427.44","14,265.71","234.52M","0.27%"
"01/06/2015","14,246.77","14,368.11","14,370.40","14,161.98","273.37M","-1.01%"
"01/05/2015","14,392.70","14,709.02","14,709.02","14,339.50","224.21M","-2.45%"
"01/02/2015","14,753.65","14,637.34","14,756.30","14,631.35","132.97M","0.83%"
"12/31/2014","14,632.44","14,632.40","14,670.21","14,555.71","106.69M","-0.05%"
"12/30/2014","14,640.04","14,663.24","14,681.05","14,601.79","123.98M","-0.16%"
"12/29/2014","14,663.92","14,634.33","14,738.57","14,628.89","122.92M","0.37%"
"12/24/2014","14,609.25","14,595.35","14,645.07","14,516.23","72.37M","0.10%"
"12/23/2014","14,594.03","14,471.02","14,597.59","14,471.02","164.41M","1.12%"
"12/22/2014","14,432.38","14,494.62","14,547.02","14,395.44","210.37M","-0.25%"
"12/19/2014","14,468.26","14,389.96","14,530.47","14,348.65","795.34M","0.85%"
"12/18/2014","14,346.75","14,356.09","14,439.06","14,193.22","333.42M","0.93%"
"12/17/2014","14,213.88","13,880.22","14,226.97","13,831.80","373.36M","2.54%"
"12/16/2014","13,861.52","13,677.33","14,056.85","13,670.78","425.34M","1.14%"
"12/15/2014","13,705.14","13,758.28","13,852.14","13,635.53","300.38M","-0.19%"
"12/12/2014","13,731.05","13,847.33","13,889.07","13,713.17","274.63M","-1.25%"
"12/11/2014","13,905.12","13,828.25","14,083.74","13,827.43","258.58M","0.38%"
"12/10/2014","13,852.95","14,167.27","14,167.27","13,779.54","307.75M","-2.41%"
"12/09/2014","14,195.73","14,083.33","14,195.73","14,001.03","279.98M","0.36%"
"12/08/2014","14,144.17","14,410.05","14,410.05","13,983.71","285.28M","-2.28%"
"12/05/2014","14,473.70","14,483.29","14,542.02","14,435.04","252.70M","0.03%"
"12/04/2014","14,469.95","14,789.02","14,789.02","14,433.59","316.82M","-1.93%"
"12/03/2014","14,754.06","14,638.32","14,769.27","14,627.06","240.76M","0.92%"
"12/02/2014","14,620.07","14,610.06","14,707.65","14,570.67","294.65M","-0.04%"
"12/01/2014","14,625.32","14,753.51","14,771.78","14,558.20","303.96M","-0.81%"
"11/28/2014","14,744.70","14,871.81","14,871.81","14,743.85","211.44M","-1.19%"
"11/27/2014","14,922.44","15,026.01","15,033.63","14,866.59","156.01M","-0.77%"
"11/26/2014","15,038.41","15,055.82","15,060.38","15,003.86","152.80M","-0.23%"
"11/25/2014","15,073.65","15,031.60","15,100.48","15,031.60","286.52M","0.39%"
"11/24/2014","15,015.41","15,121.42","15,132.64","14,980.16","164.25M","-0.63%"
"11/21/2014","15,111.13","15,134.12","15,184.36","15,087.42","206.02M","0.24%"
"11/20/2014","15,075.18","14,966.41","15,075.18","14,948.20","197.52M","0.63%"
"11/19/2014","14,980.15","14,996.88","15,012.61","14,914.38","211.94M","0.05%"
"11/18/2014","14,972.97","14,911.93","14,989.96","14,911.93","193.04M","0.61%"
"11/17/2014","14,882.50","14,825.86","14,950.53","14,825.86","183.31M","0.27%"
"11/14/2014","14,843.10","14,778.99","14,843.10","14,748.10","210.83M","0.44%"
"11/13/2014","14,778.77","14,867.14","14,890.82","14,739.79","196.54M","-0.52%"
"11/12/2014","14,856.20","14,736.25","14,856.20","14,696.92","209.37M","0.65%"
"11/11/2014","14,760.27","14,720.84","14,770.72","14,688.18","162.24M","0.34%"
"11/10/2014","14,709.80","14,729.13","14,768.98","14,671.74","191.84M","0.13%"
"11/07/2014","14,690.83","14,574.13","14,712.05","14,561.33","216.67M","0.88%"
"11/06/2014","14,563.38","14,576.46","14,640.92","14,488.11","215.20M","0.10%"
"11/05/2014","14,548.26","14,452.26","14,599.72","14,441.21","235.83M","1.10%"
"11/04/2014","14,390.43","14,522.84","14,522.84","14,327.02","234.61M","-1.01%"
"11/03/2014","14,537.62","14,632.15","14,637.56","14,519.33","173.20M","-0.52%"
"10/31/2014","14,613.32","14,510.38","14,626.98","14,507.55","261.26M","1.07%"
"10/30/2014","14,458.69","14,500.89","14,546.49","14,412.96","193.27M","-0.47%"
"10/29/2014","14,527.57","14,634.25","14,641.33","14,471.60","197.55M","-0.66%"
"10/28/2014","14,624.25","14,503.11","14,628.62","14,473.87","161.52M","1.07%"
"10/27/2014","14,469.00","14,525.95","14,525.95","14,385.32","150.43M","-0.51%"
"10/24/2014","14,543.82","14,489.04","14,569.42","14,436.64","143.07M","0.39%"
"10/23/2014","14,486.83","14,407.83","14,529.13","14,384.53","174.79M","1.22%"
"10/22/2014","14,312.07","14,574.25","14,584.33","14,295.07","202.87M","-1.62%"
"10/21/2014","14,547.71","14,413.18","14,564.06","14,364.57","189.09M","1.46%"
"10/20/2014","14,337.77","14,240.11","14,354.77","14,180.10","162.36M","0.77%"
"10/17/2014","14,227.68","14,142.04","14,297.17","14,142.04","238.64M","1.24%"
"10/16/2014","14,052.97","13,775.76","14,166.33","13,646.79","267.56M","1.32%"
"10/15/2014","13,869.88","13,957.26","13,957.26","13,677.34","305.50M","-1.19%"
"10/14/2014","14,036.68","14,185.21","14,185.21","13,977.73","257.77M","-1.34%"
"10/10/2014","14,227.36","14,438.45","14,438.45","14,188.75","245.69M","-1.61%"
"10/09/2014","14,460.60","14,661.66","14,661.66","14,399.98","226.72M","-1.40%"
"10/08/2014","14,666.47","14,584.50","14,678.32","14,439.62","257.07M","0.62%"
"10/07/2014","14,576.45","14,716.14","14,757.89","14,572.18","189.99M","-1.13%"
"10/06/2014","14,743.12","14,829.59","14,878.67","14,743.12","153.07M","-0.32%"
"10/03/2014","14,789.78","14,782.04","14,875.01","14,763.66","195.63M","0.20%"
"10/02/2014","14,760.64","14,781.48","14,781.48","14,545.59","234.46M","-0.30%"
"10/01/2014","14,805.44","14,958.50","14,958.50","14,764.02","192.40M","-1.04%"
"09/30/2014","14,960.51","14,968.38","15,047.13","14,899.28","217.76M","-0.11%"
"09/29/2014","14,976.92","14,976.24","15,011.88","14,853.64","161.73M","-0.33%"
"09/26/2014","15,026.77","14,893.83","15,055.82","14,821.71","162.32M","0.89%"
"09/25/2014","14,893.57","15,120.54","15,120.54","14,879.30","191.93M","-1.50%"
"09/24/2014","15,120.54","15,125.67","15,164.68","15,005.62","192.04M","-0.03%"
"09/23/2014","15,125.67","15,124.98","15,171.00","15,089.41","163.29M","-0.02%"
"09/22/2014","15,129.00","15,259.41","15,266.11","15,117.50","182.38M","-0.89%"
"09/19/2014","15,265.35","15,461.26","15,461.26","15,238.00","453.00M","-1.29%"
"09/18/2014","15,465.54","15,458.88","15,477.02","15,422.47","173.52M","0.04%"
"09/17/2014","15,458.88","15,509.68","15,520.40","15,428.34","152.94M","-0.33%"
"09/16/2014","15,510.54","15,482.15","15,556.18","15,442.71","182.34M","0.18%"
"09/15/2014","15,482.56","15,530.85","15,530.85","15,442.05","149.60M","-0.32%"
"09/12/2014","15,531.58","15,534.07","15,580.46","15,498.12","147.28M","-0.02%"
"09/11/2014","15,534.32","15,471.56","15,546.54","15,432.28","164.48M","0.40%"
"09/10/2014","15,471.89","15,536.81","15,536.81","15,434.11","135.97M","-0.42%"
"09/09/2014","15,536.81","15,510.11","15,564.23","15,500.06","163.20M","0.18%"
"09/08/2014","15,509.39","15,569.92","15,569.92","15,482.36","132.82M","-0.39%"
"09/05/2014","15,569.92","15,576.79","15,589.90","15,525.16","151.72M","-0.04%"
"09/04/2014","15,576.79","15,657.51","15,674.23","15,541.88","159.22M","-0.52%"
"09/03/2014","15,657.63","15,619.08","15,685.13","15,619.08","153.23M","0.25%"
"09/02/2014","15,619.08","15,626.85","15,627.77","15,574.14","146.21M","-0.04%"
"08/29/2014","15,625.73","15,558.17","15,632.58","15,516.47","157.61M","0.43%"
"08/28/2014","15,558.17","15,600.78","15,600.78","15,541.95","114.80M","-0.29%"
"08/27/2014","15,602.65","15,619.21","15,624.51","15,559.82","119.75M","-0.11%"
"08/26/2014","15,619.21","15,599.50","15,653.38","15,599.50","128.56M","0.13%"
"08/25/2014","15,598.74","15,535.94","15,623.99","15,535.94","101.68M","0.41%"
"08/22/2014","15,535.55","15,556.09","15,574.23","15,495.06","102.24M","-0.13%"
"08/21/2014","15,556.09","15,561.72","15,566.53","15,526.01","123.91M","-0.04%"
"08/20/2014","15,561.95","15,477.68","15,570.45","15,425.82","140.33M","0.55%"
"08/19/2014","15,477.17","15,339.53","15,496.32","15,339.53","126.25M","0.90%"
"08/18/2014","15,338.47","15,304.24","15,368.98","15,304.24","109.60M","0.22%"
"08/15/2014","15,304.24","15,290.75","15,307.31","15,182.13","147.69M","0.09%"
"08/14/2014","15,291.18","15,262.73","15,312.86","15,257.46","138.44M","0.19%"
"08/13/2014","15,262.73","15,274.78","15,309.87","15,242.86","140.80M","-0.08%"
"08/12/2014","15,274.23","15,261.64","15,319.87","15,229.69","153.17M","0.08%"
"08/11/2014","15,261.64","15,196.31","15,301.18","15,196.31","126.26M","0.43%"
"08/08/2014","15,196.31","15,118.43","15,204.56","15,092.11","137.21M","0.52%"
"08/07/2014","15,118.43","15,201.42","15,254.75","15,056.11","172.81M","-0.55%"
"08/06/2014","15,202.09","15,184.58","15,226.31","15,121.99","149.16M","0.09%"
"08/05/2014","15,187.71","15,215.87","15,254.68","15,130.82","173.57M","-0.18%"
"08/01/2014","15,215.26","15,330.77","15,371.76","15,130.85","170.39M","-0.75%"
"07/31/2014","15,330.74","15,524.82","15,524.82","15,275.05","207.81M","-1.25%"
"07/30/2014","15,524.82","15,449.03","15,527.30","15,449.03","185.08M","0.51%"
"07/29/2014","15,446.55","15,445.22","15,506.09","15,445.22","139.32M","0.01%"
"07/28/2014","15,445.22","15,452.25","15,465.29","15,406.10","134.92M","-0.06%"
"07/25/2014","15,455.04","15,394.45","15,503.40","15,379.68","140.41M","0.39%"
"07/24/2014","15,394.45","15,394.38","15,421.39","15,370.09","157.10M","0.00%"
"07/23/2014","15,394.38","15,314.88","15,395.74","15,313.34","146.91M","0.52%"
"07/22/2014","15,315.13","15,251.86","15,343.51","15,251.86","147.36M","0.43%"
"07/21/2014","15,249.99","15,266.37","15,266.37","15,208.84","96.35M","-0.11%"
"07/18/2014","15,266.57","15,202.10","15,291.15","15,179.26","132.33M","0.41%"
"07/17/2014","15,204.48","15,226.34","15,269.39","15,186.14","163.18M","-0.14%"
"07/16/2014","15,226.34","15,081.32","15,240.84","15,081.32","160.84M","0.96%"
"07/15/2014","15,081.32","15,171.11","15,177.85","15,057.35","187.12M","-0.59%"
"07/14/2014","15,171.23","15,125.05","15,180.41","15,125.05","141.52M","0.30%"
"07/11/2014","15,125.50","15,115.09","15,138.72","15,082.80","140.34M","0.07%"
"07/10/2014","15,114.48","15,214.35","15,214.35","15,100.15","175.00M","-0.66%"
"07/09/2014","15,215.19","15,136.85","15,216.08","15,120.98","176.98M","0.52%"
"07/08/2014","15,137.18","15,172.93","15,172.93","15,021.05","185.87M","-0.24%"
"07/07/2014","15,172.93","15,215.39","15,215.39","15,107.18","143.43M","-0.28%"
"07/04/2014","15,214.96","15,207.11","15,246.80","15,207.11","48.78M","0.05%"
"07/03/2014","15,207.11","15,210.16","15,256.36","15,195.88","145.99M","-0.02%"
"07/02/2014","15,209.79","15,146.01","15,223.04","15,146.01","166.81M","0.42%"
"06/30/2014","15,146.01","15,092.75","15,146.01","15,060.83","122.51M","0.34%"
"06/27/2014","15,094.25","15,030.74","15,094.25","15,016.96","122.73M","0.42%"
"06/26/2014","15,030.74","14,974.65","15,036.78","14,937.88","121.77M","0.37%"
"06/25/2014","14,974.65","14,962.75","15,013.21","14,952.37","156.10M","0.08%"
"06/24/2014","14,962.37","15,106.21","15,137.68","14,956.76","185.12M","-0.95%"
"06/23/2014","15,105.63","15,109.42","15,117.95","15,073.82","145.50M","-0.02%"
"06/20/2014","15,108.97","15,112.22","15,124.89","15,086.62","359.78M","-0.02%"
"06/19/2014","15,112.21","15,109.25","15,119.94","15,081.93","225.80M","0.02%"
"06/18/2014","15,109.25","15,059.16","15,115.38","15,057.96","155.02M","0.35%"
"06/17/2014","15,055.89","15,039.97","15,074.74","15,006.37","136.56M","0.10%"
"06/16/2014","15,040.43","15,001.61","15,075.70","15,001.61","150.46M","0.26%"
"06/13/2014","15,001.61","14,910.20","15,017.19","14,904.68","154.13M","0.62%"
"06/12/2014","14,909.63","14,891.43","14,922.64","14,857.43","179.03M","0.12%"
"06/11/2014","14,892.13","14,904.47","14,904.47","14,850.41","164.84M","-0.08%"
"06/10/2014","14,904.38","14,870.31","14,909.31","14,858.95","136.80M","0.22%"
"06/09/2014","14,871.21","14,838.90","14,896.68","14,832.63","120.80M","0.22%"
"06/06/2014","14,838.90","14,800.18","14,840.45","14,788.57","122.81M","0.26%"
"06/05/2014","14,800.18","14,796.97","14,821.73","14,736.39","175.14M","0.02%"
"06/04/2014","14,796.79","14,734.61","14,805.96","14,670.03","150.93M","0.42%"
"06/03/2014","14,734.69","14,680.91","14,747.86","14,659.36","171.52M","0.37%"
"06/02/2014","14,680.76","14,604.19","14,680.76","14,604.19","136.35M","0.52%"
"05/30/2014","14,604.16","14,588.98","14,630.31","14,537.08","220.32M","0.10%"
"05/29/2014","14,588.95","14,610.96","14,631.12","14,529.09","146.30M","-0.15%"
"05/28/2014","14,610.96","14,658.02","14,658.02","14,557.89","133.45M","-0.32%"
"05/27/2014","14,658.02","14,715.71","14,725.42","14,634.94","159.88M","-0.39%"
"05/26/2014","14,715.69","14,708.11","14,764.97","14,701.07","39.63M","0.05%"
"05/23/2014","14,708.10","14,702.29","14,713.69","14,684.80","110.15M","0.04%"
"05/22/2014","14,702.29","14,649.86","14,742.48","14,649.86","123.30M","0.36%"
"05/21/2014","14,649.86","14,525.19","14,650.25","14,525.19","145.06M","0.86%"
"05/20/2014","14,525.19","14,514.74","14,564.97","14,488.59","129.60M","0.07%"
"05/16/2014","14,514.74","14,588.89","14,588.89","14,473.78","139.02M","-0.51%"
"05/15/2014","14,588.89","14,673.73","14,673.73","14,516.15","205.18M","-0.58%"
"05/14/2014","14,673.73","14,679.81","14,706.13","14,660.43","121.70M","-0.04%"
"05/13/2014","14,679.81","14,654.94","14,687.76","14,636.50","131.26M","0.17%"
"05/12/2014","14,654.94","14,535.56","14,657.28","14,535.56","136.03M","0.83%"
"05/09/2014","14,534.06","14,546.03","14,580.90","14,491.89","153.78M","-0.08%"
"05/08/2014","14,546.03","14,656.40","14,693.15","14,512.12","167.13M","-0.75%"
"05/07/2014","14,656.40","14,612.64","14,662.28","14,572.13","164.76M","0.30%"
"05/06/2014","14,612.29","14,697.03","14,697.03","14,593.61","134.64M","-0.58%"
"05/05/2014","14,697.03","14,765.15","14,765.15","14,665.82","126.81M","-0.46%"
"05/02/2014","14,765.15","14,664.48","14,765.15","14,664.48","152.16M","0.69%"
"05/01/2014","14,664.07","14,651.87","14,684.15","14,639.54","155.59M","0.08%"
"04/30/2014","14,651.87","14,583.11","14,662.01","14,569.32","173.05M","0.47%"
"04/29/2014","14,583.11","14,530.91","14,613.03","14,520.22","153.53M","0.36%"
"04/28/2014","14,530.91","14,533.57","14,557.31","14,459.78","135.66M","-0.02%"
"04/25/2014","14,533.57","14,554.25","14,554.25","14,472.08","149.22M","-0.14%"
"04/24/2014","14,554.25","14,533.39","14,584.10","14,522.16","181.77M","0.14%"
"04/23/2014","14,533.39","14,556.27","14,587.09","14,533.39","166.98M","-0.16%"
"04/22/2014","14,555.97","14,492.87","14,556.60","14,471.87","159.64M","0.43%"
"04/21/2014","14,493.68","14,500.39","14,509.66","14,465.30","135.97M","-0.05%"
"04/17/2014","14,500.39","14,446.52","14,508.54","14,423.73","169.28M","0.37%"
"04/16/2014","14,446.52","14,303.92","14,448.64","14,303.92","196.05M","1.00%"
"04/15/2014","14,303.92","14,284.43","14,355.47","14,224.85","176.43M","0.14%"
"04/14/2014","14,284.43","14,257.69","14,357.03","14,245.46","161.85M","0.19%"
"04/11/2014","14,257.69","14,308.00","14,308.00","14,221.39","159.71M","-0.35%"
"04/10/2014","14,308.00","14,435.58","14,444.94","14,266.57","209.55M","-0.88%"
"04/09/2014","14,435.58","14,372.43","14,444.56","14,372.43","182.48M","0.44%"
"04/08/2014","14,372.45","14,270.33","14,382.79","14,251.92","161.33M","0.72%"
"04/07/2014","14,270.33","14,393.10","14,393.10","14,247.05","151.54M","-0.85%"
"04/04/2014","14,393.10","14,402.14","14,474.65","14,364.03","165.40M","-0.06%"
"04/03/2014","14,402.21","14,459.11","14,459.11","14,352.13","154.67M","-0.39%"
"04/02/2014","14,459.11","14,380.57","14,471.53","14,380.57","206.41M","0.55%"
"04/01/2014","14,380.55","14,335.31","14,390.26","14,335.31","155.76M","0.32%"
"03/31/2014","14,335.31","14,260.72","14,358.47","14,260.72","210.51M","0.52%"
"03/28/2014","14,260.72","14,178.84","14,300.21","14,178.84","172.80M","0.58%"
"03/27/2014","14,178.84","14,184.10","14,197.71","14,139.29","189.63M","-0.04%"
"03/26/2014","14,184.10","14,299.93","14,345.40","14,179.47","192.88M","-0.81%"
"03/25/2014","14,299.49","14,278.55","14,328.38","14,278.55","137.84M","0.15%"
"03/24/2014","14,278.55","14,335.76","14,402.49","14,226.88","163.18M","-0.40%"
"03/21/2014","14,335.76","14,361.87","14,406.86","14,335.76","307.31M","-0.18%"
"03/20/2014","14,361.83","14,332.21","14,377.61","14,264.81","153.13M","0.19%"
"03/19/2014","14,334.04","14,368.98","14,380.91","14,297.35","159.49M","-0.24%"
"03/18/2014","14,368.98","14,232.00","14,372.46","14,228.58","173.98M","0.96%"
"03/17/2014","14,231.89","14,227.71","14,315.22","14,219.97","155.01M","0.03%"
"03/14/2014","14,227.66","14,245.03","14,276.85","14,205.73","153.69M","-0.12%"
"03/13/2014","14,245.14","14,319.00","14,328.66","14,215.26","182.70M","-0.52%"
"03/12/2014","14,319.00","14,267.23","14,329.78","14,201.18","178.73M","0.36%"
"03/11/2014","14,267.23","14,302.06","14,330.38","14,260.06","158.44M","-0.24%"
"03/10/2014","14,302.06","14,298.97","14,323.37","14,266.75","134.74M","0.02%"
"03/07/2014","14,299.08","14,276.45","14,335.52","14,268.77","169.91M","0.19%"
"03/06/2014","14,271.92","14,304.17","14,323.28","14,264.68","174.34M","-0.23%"
"03/05/2014","14,304.17","14,289.86","14,309.20","14,260.97","161.99M","0.10%"
"03/04/2014","14,289.86","14,212.74","14,328.48","14,212.74","160.31M","0.54%"
"03/03/2014","14,212.74","14,209.67","14,258.96","14,160.93","173.74M","0.02%"
"02/28/2014","14,209.59","14,214.43","14,280.85","14,203.36","210.87M","-0.04%"
"02/27/2014","14,214.74","14,188.58","14,247.32","14,185.53","182.31M","0.18%"
"02/26/2014","14,188.58","14,189.17","14,228.82","14,176.44","178.40M","-0.00%"
"02/25/2014","14,188.98","14,227.08","14,232.94","14,179.27","171.87M","-0.27%"
"02/24/2014","14,227.08","14,205.72","14,278.63","14,205.72","178.50M","0.15%"
"02/21/2014","14,205.72","14,212.05","14,253.16","14,205.72","184.29M","-0.03%"
"02/20/2014","14,210.37","14,119.73","14,222.60","14,112.02","207.86M","0.64%"
"02/19/2014","14,119.73","14,077.47","14,174.27","14,077.47","218.23M","0.30%"
"02/18/2014","14,077.47","14,054.76","14,109.79","14,054.76","186.74M","0.16%"
"02/14/2014","14,054.76","14,001.65","14,071.54","13,998.16","189.41M","0.38%"
"02/13/2014","14,001.65","13,900.49","14,001.65","13,839.00","258.10M","0.73%"
"02/12/2014","13,900.49","13,880.99","13,947.34","13,880.99","201.67M","0.14%"
"02/11/2014","13,880.99","13,794.36","13,926.00","13,794.36","203.68M","0.63%"
"02/10/2014","13,794.18","13,786.50","13,839.48","13,780.13","149.92M","0.06%"
"02/07/2014","13,786.50","13,717.56","13,793.51","13,698.35","171.76M","0.53%"
"02/06/2014","13,713.40","13,560.33","13,732.74","13,560.33","190.31M","1.13%"
"02/05/2014","13,559.69","13,504.48","13,569.78","13,455.80","201.96M","0.41%"
"02/04/2014","13,504.48","13,486.20","13,506.93","13,463.36","184.28M","0.14%"
"02/03/2014","13,486.20","13,694.94","13,694.94","13,450.31","180.78M","-1.52%"
"01/31/2014","13,694.94","13,735.28","13,735.28","13,598.03","181.44M","-0.29%"
"01/30/2014","13,735.28","13,643.22","13,750.26","13,634.13","166.74M","0.67%"
"01/29/2014","13,643.22","13,687.66","13,687.66","13,587.29","186.22M","-0.32%"
"01/28/2014","13,687.66","13,583.00","13,706.45","13,583.00","174.77M","0.78%"
"01/27/2014","13,582.29","13,717.76","13,717.76","13,520.51","179.32M","-0.99%"
"01/24/2014","13,717.76","13,932.97","13,932.97","13,698.31","208.91M","-1.54%"
"01/23/2014","13,932.97","13,988.20","14,002.39","13,932.28","192.45M","-0.39%"
"01/22/2014","13,988.20","13,951.77","13,999.58","13,933.58","250.15M","0.26%"
"01/21/2014","13,951.77","13,990.24","13,999.60","13,948.26","213.02M","-0.28%"
"01/20/2014","13,990.29","13,888.21","13,990.29","13,888.21","104.00M","0.74%"
"01/17/2014","13,888.21","13,831.58","13,910.38","13,829.16","214.75M","0.41%"
"01/16/2014","13,831.58","13,772.75","13,831.58","13,741.74","225.59M","0.43%"
"01/15/2014","13,772.58","13,692.38","13,785.02","13,692.38","191.85M","0.59%"
"01/14/2014","13,692.38","13,681.48","13,747.04","13,681.48","206.28M","0.08%"
"01/13/2014","13,681.48","13,747.52","13,771.13","13,658.03","247.67M","-0.48%"
"01/10/2014","13,747.52","13,629.69","13,750.66","13,629.69","182.52M","0.87%"
"01/09/2014","13,629.41","13,614.73","13,644.16","13,585.01","170.19M","0.11%"
"01/08/2014","13,614.63","13,596.93","13,639.20","13,586.76","164.83M","0.13%"
"01/07/2014","13,596.93","13,495.05","13,617.09","13,495.05","154.23M","0.75%"
"01/06/2014","13,495.54","13,548.86","13,560.64","13,473.23","129.26M","-0.39%"
"01/03/2014","13,548.86","13,594.19","13,594.19","13,521.75","102.23M","-0.33%"
"01/02/2014","13,594.19","13,621.40","13,621.40","13,528.29","112.48M","-0.20%"
"12/31/2013","13,621.55","13,581.45","13,644.28","13,580.89","75.51M","0.30%"
"12/30/2013","13,581.39","13,587.55","13,597.48","13,572.26","77.79M","-0.05%"
"12/27/2013","13,587.98","13,517.92","13,604.31","13,517.92","82.10M","0.52%"
"12/24/2013","13,518.02","13,447.70","13,531.41","13,447.70","51.76M","0.52%"
"12/23/2013","13,447.70","13,399.92","13,463.53","13,399.92","99.25M","0.36%"
"12/20/2013","13,399.60","13,392.19","13,504.33","13,392.19","337.62M","0.06%"
"12/19/2013","13,392.20","13,334.73","13,396.62","13,322.87","162.25M","0.43%"
"12/18/2013","13,334.73","13,180.16","13,358.10","13,180.16","184.61M","1.17%"
"12/17/2013","13,180.16","13,184.41","13,224.83","13,169.96","153.83M","-0.03%"
"12/16/2013","13,184.41","13,125.68","13,226.35","13,125.68","148.01M","0.45%"
"12/13/2013","13,125.70","13,114.39","13,144.56","13,098.01","137.59M","0.09%"
"12/12/2013","13,114.39","13,133.42","13,143.80","13,059.74","167.15M","-0.14%"
"12/11/2013","13,133.42","13,324.09","13,324.09","13,133.42","160.83M","-1.43%"
"12/10/2013","13,324.01","13,312.76","13,360.82","13,312.76","166.95M","0.08%"
"12/09/2013","13,312.78","13,280.72","13,352.03","13,280.72","163.56M","0.24%"
"12/06/2013","13,280.72","13,200.64","13,313.62","13,200.64","131.03M","0.61%"
"12/05/2013","13,200.40","13,304.92","13,304.92","13,200.40","223.23M","-0.79%"
"12/04/2013","13,304.92","13,319.87","13,319.87","13,234.47","182.43M","-0.11%"
"12/03/2013","13,319.87","13,419.51","13,419.51","13,279.08","178.38M","-0.74%"
"12/02/2013","13,419.57","13,395.40","13,459.04","13,389.47","162.08M","0.18%"
"11/29/2013","13,395.40","13,371.75","13,496.68","13,371.75","108.24M","0.18%"
"11/28/2013","13,370.83","13,362.06","13,400.77","13,362.06","51.62M","0.07%"
"11/27/2013","13,362.06","13,349.60","13,389.12","13,349.60","133.61M","0.09%"
"11/26/2013","13,349.77","13,472.11","13,472.11","13,348.83","206.49M","-0.91%"
"11/25/2013","13,472.22","13,478.37","13,507.27","13,460.92","179.81M","-0.05%"
"11/22/2013","13,478.34","13,475.33","13,517.02","13,469.21","144.17M","0.02%"
"11/21/2013","13,475.33","13,430.14","13,505.35","13,430.14","178.72M","0.34%"
"11/20/2013","13,430.01","13,442.77","13,459.95","13,387.29","169.46M","-0.09%"
"11/19/2013","13,442.77","13,458.06","13,497.51","13,442.55","138.47M","-0.11%"
"11/18/2013","13,458.06","13,482.63","13,512.47","13,441.40","141.56M","-0.18%"
"11/15/2013","13,482.57","13,431.38","13,490.19","13,431.38","150.69M","0.38%"
"11/14/2013","13,431.38","13,370.66","13,460.79","13,370.66","172.62M","0.45%"
"11/13/2013","13,370.66","13,325.90","13,379.29","13,289.75","175.00M","0.33%"
"11/12/2013","13,326.04","13,358.39","13,378.51","13,324.70","155.09M","-0.24%"
"11/11/2013","13,358.39","13,378.33","13,393.64","13,358.39","106.10M","-0.15%"
"11/08/2013","13,378.33","13,294.20","13,394.32","13,291.38","179.03M","0.63%"
"11/07/2013","13,294.20","13,380.41","13,394.17","13,285.23","184.11M","-0.64%"
"11/06/2013","13,380.41","13,361.71","13,412.33","13,354.28","154.90M","0.14%"
"11/05/2013","13,361.71","13,361.71","13,364.02","13,305.15","163.25M","-0.00%"
"11/04/2013","13,361.78","13,337.46","13,374.02","13,309.63","142.47M","0.18%"
"11/01/2013","13,337.46","13,362.93","13,402.47","13,326.19","176.21M","-0.18%"
"10/31/2013","13,361.26","13,454.24","13,463.73","13,361.26","213.91M","-0.70%"
"10/30/2013","13,455.33","13,440.61","13,471.06","13,364.95","173.30M","0.11%"
"10/29/2013","13,440.61","13,371.84","13,443.30","13,371.84","149.84M","0.51%"
"10/28/2013","13,371.84","13,399.42","13,416.16","13,366.25","135.95M","-0.21%"
"10/25/2013","13,399.42","13,324.75","13,402.43","13,315.76","146.25M","0.56%"
"10/24/2013","13,324.75","13,243.34","13,329.28","13,243.34","206.17M","0.61%"
"10/23/2013","13,243.32","13,248.06","13,308.16","13,226.19","195.69M","-0.04%"
"10/22/2013","13,248.06","13,186.53","13,291.17","13,186.53","203.81M","0.47%"
"10/21/2013","13,186.53","13,136.09","13,190.92","13,136.09","141.92M","0.38%"
"10/18/2013","13,136.09","13,035.89","13,156.75","13,035.89","155.39M","0.77%"
"10/17/2013","13,036.36","12,956.89","13,042.06","12,951.33","148.06M","0.61%"
"10/16/2013","12,957.21","12,931.46","12,957.21","12,912.22","119.94M","0.20%"
"10/15/2013","12,931.46","12,892.11","12,934.50","12,839.31","128.01M","0.31%"
"10/11/2013","12,892.11","12,894.41","12,924.89","12,874.09","115.81M","-0.02%"
"10/10/2013","12,894.41","12,730.33","12,934.61","12,730.33","163.86M","1.29%"
"10/09/2013","12,730.33","12,692.41","12,763.53","12,678.02","151.68M","0.30%"
"10/08/2013","12,692.41","12,788.25","12,824.22","12,682.94","140.46M","-0.75%"
"10/07/2013","12,788.25","12,758.65","12,814.68","12,704.59","123.59M","0.23%"
"10/04/2013","12,758.65","12,735.12","12,787.07","12,729.98","129.49M","0.18%"
"10/03/2013","12,735.12","12,839.00","12,844.90","12,700.42","137.56M","-0.81%"
"10/02/2013","12,839.00","12,847.44","12,853.29","12,790.07","149.80M","-0.07%"
"10/01/2013","12,847.44","12,787.19","12,866.94","12,753.41","166.04M","0.47%"
"09/30/2013","12,787.19","12,843.17","12,858.60","12,734.71","172.23M","-0.44%"
"09/27/2013","12,844.08","12,841.62","12,865.85","12,818.14","130.69M","0.02%"
"09/26/2013","12,841.62","12,836.71","12,905.11","12,836.71","128.19M","0.04%"
"09/25/2013","12,836.71","12,848.89","12,913.57","12,832.52","160.86M","-0.09%"
"09/24/2013","12,848.89","12,809.56","12,878.71","12,784.07","149.41M","0.29%"
"09/23/2013","12,811.18","12,806.47","12,828.40","12,798.30","151.45M","0.04%"
"09/20/2013","12,806.47","12,926.73","12,942.70","12,806.47","458.82M","-0.93%"
"09/19/2013","12,926.78","12,931.40","12,964.86","12,892.77","164.90M","-0.04%"
"09/18/2013","12,931.40","12,834.11","12,958.88","12,794.86","218.09M","0.76%"
"09/17/2013","12,834.11","12,816.88","12,847.18","12,812.23","128.79M","0.13%"
"09/16/2013","12,816.88","12,723.40","12,847.78","12,723.40","190.62M","0.73%"
"09/13/2013","12,723.40","12,701.14","12,761.08","12,701.14","134.05M","0.18%"
"09/12/2013","12,701.05","12,825.41","12,825.41","12,693.86","144.15M","-0.97%"
"09/11/2013","12,825.42","12,824.48","12,840.43","12,764.50","139.02M","0.01%"
"09/10/2013","12,824.48","12,854.64","12,854.64","12,793.70","152.98M","-0.23%"
"09/09/2013","12,854.64","12,820.92","12,861.39","12,820.92","116.09M","0.26%"
"09/06/2013","12,820.92","12,845.06","12,888.69","12,796.66","138.60M","-0.19%"
"09/05/2013","12,845.06","12,757.81","12,851.74","12,757.81","161.15M","0.68%"
"09/04/2013","12,757.81","12,740.50","12,758.87","12,692.06","124.53M","0.14%"
"09/03/2013","12,740.50","12,654.31","12,828.13","12,654.31","133.24M","0.68%"
"08/30/2013","12,653.90","12,704.59","12,746.52","12,652.95","134.05M","-0.40%"
"08/29/2013","12,704.73","12,607.22","12,742.71","12,607.22","153.80M","0.77%"
"08/28/2013","12,607.22","12,591.21","12,677.47","12,582.61","150.20M","0.13%"
"08/27/2013","12,591.21","12,760.30","12,760.30","12,567.16","168.68M","-1.33%"
"08/26/2013","12,760.30","12,762.30","12,812.58","12,751.85","127.82M","-0.02%"
"08/23/2013","12,762.30","12,674.35","12,776.14","12,674.35","131.40M","0.69%"
"08/22/2013","12,674.35","12,573.08","12,700.16","12,573.08","147.39M","0.81%"
"08/21/2013","12,573.08","12,670.11","12,670.11","12,542.84","159.39M","-0.77%"
"08/20/2013","12,670.11","12,588.02","12,707.54","12,573.54","143.29M","0.65%"
"08/19/2013","12,588.02","12,735.49","12,735.49","12,578.80","127.04M","-1.17%"
"08/16/2013","12,736.92","12,704.52","12,799.99","12,704.51","152.86M","0.26%"
"08/15/2013","12,704.52","12,639.02","12,704.52","12,562.02","212.85M","0.52%"
"08/14/2013","12,639.30","12,642.19","12,664.17","12,614.39","195.46M","-0.02%"
"08/13/2013","12,642.19","12,594.27","12,655.79","12,594.26","158.47M","0.38%"
"08/12/2013","12,594.27","12,542.21","12,594.27","12,542.21","155.37M","0.42%"
"08/09/2013","12,542.13","12,552.92","12,557.31","12,502.23","154.69M","-0.09%"
"08/08/2013","12,552.92","12,412.73","12,564.06","12,412.73","174.20M","1.13%"
"08/07/2013","12,412.73","12,469.32","12,469.32","12,400.15","149.94M","-0.45%"
"08/06/2013","12,469.32","12,603.25","12,603.25","12,419.04","173.30M","-1.06%"
"08/02/2013","12,603.25","12,593.96","12,627.64","12,579.02","124.50M","0.07%"
"08/01/2013","12,593.96","12,486.64","12,623.43","12,486.64","165.72M","0.86%"
"07/31/2013","12,486.64","12,581.75","12,631.70","12,486.64","203.82M","-0.76%"
"07/30/2013","12,581.75","12,669.04","12,669.04","12,555.82","176.27M","-0.69%"
"07/29/2013","12,669.04","12,647.92","12,688.41","12,618.01","115.33M","0.17%"
"07/26/2013","12,647.90","12,666.93","12,676.78","12,614.56","129.95M","-0.17%"
"07/25/2013","12,669.14","12,672.36","12,705.03","12,637.27","166.55M","-0.02%"
"07/24/2013","12,672.30","12,745.38","12,766.93","12,632.73","183.34M","-0.57%"
"07/23/2013","12,745.38","12,759.11","12,772.06","12,710.41","167.95M","-0.10%"
"07/22/2013","12,758.38","12,685.13","12,761.44","12,685.13","158.15M","0.58%"
"07/19/2013","12,685.13","12,628.35","12,693.87","12,624.99","166.61M","0.45%"
"07/18/2013","12,628.85","12,593.81","12,680.23","12,568.34","169.51M","0.48%"
"07/17/2013","12,568.77","12,536.34","12,597.99","12,518.96","162.77M","0.41%"
"07/16/2013","12,516.89","12,568.96","12,567.15","12,490.60","146.65M","-0.09%"
"07/15/2013","12,528.35","12,515.93","12,569.93","12,462.18","137.78M","0.53%"
"07/12/2013","12,462.18","12,516.32","12,519.65","12,436.76","123.87M","-0.25%"
"07/11/2013","12,493.26","12,420.13","12,496.29","12,306.93","225.10M","1.51%"
"07/10/2013","12,306.93","12,311.62","12,315.53","12,250.06","146.94M","0.08%"
"07/09/2013","12,297.09","12,247.05","12,298.67","12,203.46","142.96M","0.72%"
"07/08/2013","12,208.87","12,188.14","12,219.84","12,134.91","139.28M","0.61%"
"07/05/2013","12,134.91","12,160.16","12,170.90","12,073.64","144.08M","-0.26%"
"07/04/2013","12,166.66","12,174.92","12,217.21","12,138.39","41.57M","0.17%"
"07/03/2013","12,145.68","12,175.46","12,179.07","12,055.63","129.35M","-0.27%"
"07/02/2013","12,178.38","12,178.05","12,217.36","12,113.82","182.47M","0.41%"
"06/28/2013","12,129.11","11,995.90","12,181.03","11,992.92","209.08M","1.03%"
"06/27/2013","12,005.78","12,003.89","12,053.63","11,951.90","199.34M","0.45%"
"06/26/2013","11,951.90","11,990.48","12,005.42","11,934.70","189.59M","-0.45%"
"06/25/2013","12,005.42","11,893.72","12,007.72","11,838.46","182.14M","1.42%"
"06/24/2013","11,836.86","11,909.00","11,994.65","11,759.04","181.13M","-1.32%"
"06/21/2013","11,995.66","12,019.06","12,067.54","11,935.72","378.52M","0.23%"
"06/20/2013","11,968.57","12,100.09","12,268.29","11,940.46","297.33M","-2.44%"
"06/19/2013","12,268.29","12,347.74","12,365.48","12,237.72","175.98M","-0.80%"
"06/18/2013","12,367.46","12,299.18","12,389.07","12,288.35","163.82M","0.64%"
"06/17/2013","12,288.90","12,249.33","12,325.81","12,189.82","143.28M","0.83%"
"06/14/2013","12,187.36","12,271.00","12,298.31","12,178.21","172.52M","-0.73%"
"06/13/2013","12,277.13","12,064.40","12,291.16","12,032.42","168.40M","1.38%"
"06/12/2013","12,109.89","12,246.13","12,245.19","12,092.53","180.00M","-0.93%"
"06/11/2013","12,223.57","12,301.05","12,375.81","12,217.73","172.81M","-1.28%"
"06/10/2013","12,382.67","12,375.64","12,400.68","12,328.45","122.70M","0.08%"
"06/07/2013","12,373.30","12,388.49","12,412.96","12,310.27","158.85M","-0.29%"
"06/06/2013","12,409.33","12,406.76","12,453.85","12,327.66","180.62M","-0.28%"
"06/05/2013","12,443.65","12,541.01","12,588.64","12,422.39","209.50M","-1.19%"
"06/04/2013","12,593.97","12,600.46","12,636.38","12,568.94","142.09M","-0.13%"
"06/03/2013","12,609.80","12,661.22","12,681.22","12,570.91","168.85M","-0.32%"
"05/31/2013","12,650.42","12,691.36","12,745.66","12,620.08","295.77M","-0.75%"
"05/30/2013","12,746.55","12,745.22","12,767.55","12,725.90","203.42M","0.11%"
"05/29/2013","12,732.61","12,677.44","12,750.52","12,658.57","176.31M","-0.14%"
"05/28/2013","12,750.52","12,755.63","12,798.54","12,704.66","204.66M","0.43%"
"05/27/2013","12,696.37","12,688.57","12,703.13","12,662.76","54.71M","0.23%"
"05/24/2013","12,667.22","12,617.19","12,670.65","12,620.01","139.67M","0.07%"
"05/23/2013","12,658.09","12,648.79","12,748.57","12,598.87","159.31M","-0.74%"
"05/22/2013","12,752.50","12,801.49","12,889.26","12,735.58","219.50M","0.08%"
"05/21/2013","12,742.43","12,669.51","12,806.54","12,613.05","241.99M","1.03%"
"05/17/2013","12,613.05","12,487.25","12,636.31","12,491.45","171.38M","0.84%"
"05/16/2013","12,507.60","12,473.39","12,562.98","12,463.40","162.65M","0.27%"
"05/15/2013","12,473.65","12,526.07","12,575.01","12,439.13","164.96M","-0.82%"
"05/14/2013","12,577.05","12,529.18","12,600.70","12,529.41","170.08M","0.38%"
"05/13/2013","12,529.55","12,572.95","12,586.25","12,479.11","161.56M","-0.47%"
"05/10/2013","12,589.09","12,517.15","12,589.09","12,511.94","170.82M","0.36%"
"05/09/2013","12,543.90","12,584.67","12,601.07","12,530.00","208.95M","-0.33%"
"05/08/2013","12,585.05","12,480.10","12,598.39","12,464.11","192.50M","0.97%"
"05/07/2013","12,464.11","12,443.04","12,489.80","12,416.29","186.24M","0.08%"
"05/06/2013","12,453.92","12,480.17","12,505.37","12,440.80","143.00M","0.13%"
"05/03/2013","12,438.03","12,459.89","12,533.83","12,381.30","158.24M","0.47%"
"05/02/2013","12,379.64","12,326.39","12,415.79","12,275.98","177.85M","0.47%"
"05/01/2013","12,321.29","12,408.00","12,454.92","12,285.11","209.32M","-1.09%"
"04/30/2013","12,456.50","12,310.69","12,460.47","12,244.20","215.98M","1.17%"
"04/29/2013","12,312.67","12,283.32","12,322.93","12,220.20","123.66M","0.76%"
"04/26/2013","12,220.20","12,306.14","12,329.51","12,181.18","148.58M","-0.89%"
"04/25/2013","12,329.51","12,308.59","12,370.74","12,270.43","222.02M","0.48%"
"04/24/2013","12,270.43","12,127.71","12,271.29","12,090.94","182.00M","1.48%"
"04/23/2013","12,090.94","12,097.48","12,127.07","12,031.64","97.39M","0.00%"
"04/22/2013","12,090.68","12,117.81","12,122.85","12,026.90","131.46M","0.21%"
"04/19/2013","12,065.55","11,987.44","12,067.07","11,987.21","156.91M","0.58%"
"04/18/2013","11,996.34","12,024.21","12,036.52","11,918.88","194.54M","0.41%"
"04/17/2013","11,947.29","12,086.03","12,116.14","11,916.64","230.91M","-1.42%"
"04/16/2013","12,119.92","12,061.24","12,124.76","12,002.54","181.11M","0.96%"
"04/15/2013","12,004.88","12,184.11","12,335.90","11,998.02","302.81M","-2.70%"
"04/12/2013","12,337.59","12,404.74","12,481.37","12,300.00","177.98M","-1.15%"
"04/11/2013","12,481.37","12,523.36","12,534.91","12,458.64","139.52M","-0.43%"
"04/10/2013","12,534.91","12,503.13","12,555.68","12,485.69","195.27M","0.41%"
"04/09/2013","12,484.05","12,369.75","12,497.96","12,344.81","170.73M","1.13%"
"04/08/2013","12,344.56","12,325.13","12,351.98","12,290.34","131.84M","0.10%"
"04/05/2013","12,331.85","12,293.66","12,363.00","12,244.23","186.50M","-0.25%"
"04/04/2013","12,363.05","12,404.82","12,422.12","12,338.32","179.00M","-0.48%"
"04/03/2013","12,422.12","12,678.90","12,688.64","12,390.79","225.50M","-2.05%"
"04/02/2013","12,682.10","12,679.99","12,718.32","12,672.06","150.45M","-0.10%"
"04/01/2013","12,695.14","12,751.60","12,750.96","12,685.50","101.53M","-0.43%"
"03/28/2013","12,749.90","12,661.32","12,764.92","12,647.24","169.49M","0.40%"
"03/27/2013","12,699.65","12,673.60","12,712.41","12,622.50","148.62M","-0.05%"
"03/26/2013","12,706.38","12,686.65","12,709.84","12,651.31","137.28M","0.20%"
"03/25/2013","12,680.71","12,783.74","12,788.41","12,668.62","185.89M","-0.60%"
"03/22/2013","12,757.35","12,751.15","12,818.43","12,745.35","139.54M","0.07%"
"03/21/2013","12,747.87","12,826.53","12,831.15","12,747.48","174.73M","-0.61%"
"03/20/2013","12,826.55","12,816.31","12,828.55","12,776.02","190.05M","0.41%"
"03/19/2013","12,773.87","12,780.82","12,826.26","12,752.11","174.53M","-0.06%"
"03/18/2013","12,781.76","12,788.85","12,830.03","12,759.09","196.87M","-0.38%"
"03/15/2013","12,830.03","12,795.24","12,865.95","12,789.95","344.80M","0.24%"
"03/14/2013","12,799.91","12,751.60","12,816.78","12,736.11","201.65M","0.44%"
"03/13/2013","12,744.11","12,873.47","12,878.59","12,725.75","169.07M","-1.04%"
"03/12/2013","12,878.58","12,879.87","12,904.71","12,853.90","211.01M","0.16%"
"03/11/2013","12,858.49","12,824.90","12,865.32","12,812.82","136.22M","0.18%"
"03/08/2013","12,835.61","12,833.28","12,843.71","12,795.34","220.26M","0.07%"
"03/07/2013","12,826.52","12,853.52","12,869.64","12,814.31","178.96M","-0.04%"
"03/06/2013","12,831.96","12,793.79","12,833.49","12,736.26","181.73M","0.75%"
"03/05/2013","12,736.04","12,783.58","12,820.11","12,707.41","172.74M","0.23%"
"03/04/2013","12,707.41","12,765.80","12,773.12","12,705.02","161.52M","-0.51%"
"03/01/2013","12,773.12","12,798.74","12,819.43","12,736.13","176.71M","-0.38%"
"02/28/2013","12,821.83","12,741.00","12,821.83","12,725.98","196.03M","0.70%"
"02/27/2013","12,732.39","12,624.76","12,738.03","12,624.76","179.29M","0.57%"
"02/26/2013","12,660.44","12,659.68","12,673.00","12,605.78","182.78M","0.08%"
"02/25/2013","12,650.87","12,760.86","12,832.71","12,648.94","185.36M","-0.40%"
"02/22/2013","12,701.63","12,660.39","12,707.18","12,641.65","143.58M","0.49%"
"02/21/2013","12,639.97","12,676.24","12,714.05","12,602.54","234.48M","-0.58%"
"02/20/2013","12,714.05","12,788.40","12,809.07","12,684.58","251.71M","-0.75%"
"02/19/2013","12,810.21","12,722.16","12,810.21","12,686.18","175.22M","0.97%"
"02/15/2013","12,686.63","12,686.51","12,719.16","12,667.70","190.27M","-0.28%"
"02/14/2013","12,721.79","12,769.77","12,775.05","12,699.68","180.84M","-0.42%"
"02/13/2013","12,775.28","12,813.50","12,814.53","12,763.44","176.90M","-0.11%"
"02/12/2013","12,789.02","12,746.55","12,815.39","12,746.82","166.80M","0.32%"
"02/11/2013","12,748.15","12,789.18","12,800.69","12,748.15","133.83M","-0.41%"
"02/08/2013","12,801.23","12,773.00","12,823.50","12,756.24","140.53M","0.36%"
"02/07/2013","12,755.92","12,762.49","12,790.11","12,737.22","183.25M","-0.04%"
"02/06/2013","12,761.59","12,713.96","12,783.73","12,724.38","164.00M","0.13%"
"02/05/2013","12,745.65","12,740.35","12,786.79","12,717.62","157.06M","0.22%"
"02/04/2013","12,717.62","12,683.73","12,768.83","12,668.81","122.96M","-0.40%"
"02/01/2013","12,768.83","12,741.18","12,783.13","12,691.92","163.62M","0.66%"
"01/31/2013","12,685.24","12,760.67","12,794.44","12,682.69","201.18M","-0.85%"
"01/30/2013","12,794.44","12,846.29","12,895.28","12,773.62","175.69M","-0.28%"
"01/29/2013","12,830.56","12,817.40","12,849.16","12,812.99","170.44M","0.11%"
"01/28/2013","12,815.91","12,860.36","12,859.93","12,812.06","154.40M","-0.01%"
"01/25/2013","12,816.63","12,851.52","12,875.35","12,808.66","163.20M","-0.05%"
"01/24/2013","12,823.62","12,802.32","12,863.47","12,794.05","176.34M","0.23%"
"01/23/2013","12,794.05","12,779.66","12,828.93","12,792.07","156.83M","-0.24%"
"01/22/2013","12,824.63","12,774.71","12,824.63","12,758.64","178.76M","0.24%"
"01/21/2013","12,794.25","12,748.12","12,798.92","12,725.69","97.17M","0.54%"
"01/18/2013","12,725.69","12,701.96","12,751.16","12,675.61","192.76M","0.40%"
"01/17/2013","12,674.73","12,614.30","12,684.07","12,608.82","160.68M","0.52%"
"01/16/2013","12,608.82","12,602.47","12,638.42","12,580.32","143.64M","-0.26%"
"01/15/2013","12,641.97","12,569.21","12,642.03","12,569.77","186.58M","0.31%"
"01/14/2013","12,603.09","12,627.41","12,636.68","12,582.15","216.47M","0.01%"
"01/11/2013","12,602.18","12,600.90","12,603.15","12,545.03","155.72M","0.02%"
"01/10/2013","12,599.74","12,571.95","12,618.43","12,523.56","207.72M","0.62%"
"01/09/2013","12,522.24","12,508.13","12,528.86","12,484.80","166.36M","0.14%"
"01/08/2013","12,504.81","12,490.37","12,504.81","12,456.00","168.87M","0.04%"
"01/07/2013","12,499.55","12,503.24","12,540.81","12,448.21","152.63M","-0.33%"
"01/04/2013","12,540.81","12,435.12","12,540.81","12,442.84","133.01M","0.56%"
"01/03/2013","12,470.44","12,539.14","12,540.58","12,430.41","160.67M","-0.56%"
"01/02/2013","12,540.77","12,571.76","12,588.75","12,439.25","149.63M","0.86%"
"12/31/2012","12,433.53","12,296.11","12,457.33","12,289.66","99.70M","0.95%"
"12/28/2012","12,316.12","12,316.99","12,371.22","12,304.98","84.46M","-0.47%"
"12/27/2012","12,373.77","12,324.96","12,373.77","12,289.68","110.47M","0.02%"
"12/24/2012","12,370.80","12,379.33","12,400.02","12,350.31","56.86M","-0.12%"
"12/21/2012","12,385.70","12,383.72","12,414.85","12,313.73","345.42M","-0.02%"
"12/20/2012","12,388.71","12,376.00","12,403.13","12,335.40","170.13M","-0.12%"
"12/19/2012","12,403.63","12,356.08","12,414.06","12,335.36","206.85M","0.56%"
"12/18/2012","12,334.34","12,285.86","12,353.92","12,279.70","220.02M","0.43%"
"12/17/2012","12,281.35","12,281.33","12,296.86","12,233.09","232.32M","-0.12%"
"12/14/2012","12,296.72","12,284.29","12,307.05","12,256.55","236.86M","0.06%"
"12/13/2012","12,289.17","12,305.39","12,346.24","12,261.99","205.05M","-0.52%"
"12/12/2012","12,353.09","12,305.80","12,365.83","12,282.57","223.02M","0.58%"
"12/11/2012","12,282.36","12,242.48","12,306.82","12,234.96","191.88M","0.42%"
"12/10/2012","12,230.47","12,212.14","12,236.71","12,161.08","182.79M","0.58%"
"12/07/2012","12,159.59","12,189.41","12,208.05","12,144.15","201.05M","0.07%"
"12/06/2012","12,151.13","12,189.25","12,186.11","12,132.74","194.66M","-0.05%"
"12/05/2012","12,157.29","12,155.29","12,208.45","12,136.39","179.54M","0.17%"
"12/04/2012","12,137.18","12,106.20","12,169.74","12,095.45","162.21M","-0.27%"
"12/03/2012","12,169.74","12,253.70","12,252.27","12,151.30","165.23M","-0.57%"
"11/30/2012","12,239.36","12,203.83","12,246.32","12,170.35","217.84M","0.30%"
"11/29/2012","12,202.85","12,207.94","12,227.52","12,140.33","163.10M","0.51%"
"11/28/2012","12,140.33","12,012.59","12,141.44","12,004.49","157.29M","0.24%"
"11/27/2012","12,111.63","12,194.38","12,196.47","12,105.97","152.66M","-0.60%"
"11/26/2012","12,185.05","12,199.17","12,212.90","12,148.96","127.85M","-0.23%"
"11/23/2012","12,213.24","12,169.19","12,229.77","12,142.27","99.29M","0.49%"
"11/22/2012","12,153.10","12,129.28","12,171.20","12,100.06","59.03M","0.44%"
"11/21/2012","12,100.06","12,016.66","12,104.68","12,023.15","146.58M","0.45%"
"11/20/2012","12,046.28","12,040.75","12,051.70","11,986.01","164.43M","0.05%"
"11/19/2012","12,040.40","12,003.45","12,040.40","11,878.18","139.72M","1.37%"
"11/16/2012","11,877.72","11,814.39","11,877.72","11,761.86","160.13M","0.56%"
"11/15/2012","11,811.38","11,879.57","11,926.39","11,761.34","227.35M","-0.99%"
"11/14/2012","11,929.79","12,139.75","12,136.55","11,915.07","192.50M","-1.69%"
"11/13/2012","12,134.66","12,130.32","12,212.94","12,124.35","136.35M","-0.47%"
"11/12/2012","12,191.46","12,219.78","12,239.56","12,186.99","106.61M","-0.04%"
"11/09/2012","12,196.80","12,166.64","12,251.45","12,151.17","157.80M","0.05%"
"11/08/2012","12,191.05","12,227.85","12,252.19","12,164.11","185.66M","-0.32%"
"11/07/2012","12,230.59","12,326.84","12,360.90","12,201.87","167.32M","-1.06%"
"11/06/2012","12,361.20","12,380.33","12,395.61","12,334.13","156.46M","0.07%"
"11/05/2012","12,352.78","12,373.51","12,417.25","12,347.14","131.37M","-0.22%"
"11/02/2012","12,380.41","12,489.69","12,501.56","12,373.16","182.36M","-0.95%"
"11/01/2012","12,499.76","12,408.53","12,511.46","12,413.72","182.87M","0.62%"
"10/31/2012","12,422.91","12,416.67","12,462.26","12,389.97","185.57M","0.37%"
"10/30/2012","12,377.05","12,302.52","12,395.43","12,294.59","99.13M","0.52%"
"10/29/2012","12,312.75","12,282.08","12,317.95","12,250.47","77.74M","0.10%"
"10/26/2012","12,300.30","12,301.60","12,353.16","12,290.44","151.53M","0.00%"
"10/25/2012","12,300.23","12,289.67","12,326.69","12,195.02","160.95M","0.86%"
"10/24/2012","12,195.02","12,258.07","12,261.05","12,186.59","151.74M","-0.25%"
"10/23/2012","12,225.84","12,260.95","12,391.86","12,141.19","165.77M","-1.43%"
"10/22/2012","12,403.54","12,362.66","12,430.48","12,340.41","155.42M","-0.10%"
"10/19/2012","12,415.98","12,437.91","12,465.02","12,372.91","163.59M","-0.40%"
"10/18/2012","12,466.12","12,425.51","12,494.00","12,425.04","154.96M","0.04%"
"10/17/2012","12,461.25","12,423.72","12,463.33","12,396.67","194.27M","0.43%"
"10/16/2012","12,407.70","12,298.12","12,412.23","12,232.05","150.61M","1.45%"
"10/15/2012","12,229.96","12,181.93","12,229.96","12,137.18","109.71M","0.23%"
"10/12/2012","12,202.04","12,225.45","12,250.41","12,170.11","131.41M","-0.26%"
"10/11/2012","12,233.95","12,263.63","12,295.43","12,215.01","151.20M","0.18%"
"10/10/2012","12,212.42","12,241.06","12,278.68","12,195.81","138.92M","-0.50%"
"10/09/2012","12,273.57","12,389.54","12,415.68","12,266.98","161.13M","-1.17%"
"10/05/2012","12,418.99","12,460.78","12,480.83","12,388.76","130.59M","-0.23%"
"10/04/2012","12,447.68","12,403.13","12,458.21","12,371.62","162.61M","0.71%"
"10/03/2012","12,359.47","12,406.44","12,411.51","12,341.90","153.55M","-0.26%"
"10/02/2012","12,391.23","12,396.86","12,414.42","12,340.64","184.55M","0.17%"
"10/01/2012","12,370.19","12,372.45","12,452.28","12,318.17","156.97M","0.43%"
"09/28/2012","12,317.46","12,291.24","12,336.31","12,248.78","201.03M","-0.17%"
"09/27/2012","12,338.85","12,297.73","12,363.27","12,241.46","165.74M","0.87%"
"09/26/2012","12,232.86","12,163.86","12,254.41","12,168.10","167.30M","-0.20%"
"09/25/2012","12,257.18","12,351.43","12,382.86","12,240.06","186.59M","-0.46%"
"09/24/2012","12,313.54","12,342.42","12,382.38","12,296.20","145.96M","-0.57%"
"09/21/2012","12,383.60","12,454.02","12,473.45","12,383.60","516.67M","-0.21%"
"09/20/2012","12,409.25","12,372.31","12,432.08","12,358.37","165.23M","-0.22%"
"09/19/2012","12,436.16","12,441.69","12,462.83","12,405.85","188.50M","0.11%"
"09/18/2012","12,422.71","12,422.82","12,450.04","12,391.40","179.56M","-0.19%"
"09/17/2012","12,446.86","12,494.57","12,508.71","12,432.37","162.68M","-0.42%"
"09/14/2012","12,499.47","12,446.13","12,529.77","12,360.16","240.49M","1.13%"
"09/13/2012","12,360.16","12,234.75","12,366.04","12,194.21","189.01M","1.04%"
"09/12/2012","12,232.62","12,262.31","12,284.75","12,200.98","167.36M","0.10%"
"09/11/2012","12,220.45","12,239.16","12,264.13","12,193.78","155.73M","0.04%"
"09/10/2012","12,215.43","12,257.18","12,303.78","12,213.65","148.47M","-0.43%"
"09/07/2012","12,268.01","12,194.50","12,270.97","12,144.36","191.32M","1.06%"
"09/06/2012","12,139.73","12,041.08","12,144.34","11,996.46","165.57M","1.25%"
"09/05/2012","11,990.14","11,934.09","11,994.00","11,931.31","149.19M","0.41%"
"09/04/2012","11,941.70","11,977.96","11,974.69","11,904.48","156.16M","-0.06%"
"08/31/2012","11,949.26","11,932.31","11,985.09","11,872.26","159.48M","0.53%"
"08/30/2012","11,886.65","11,986.87","12,007.91","11,875.05","131.15M","-1.03%"
"08/29/2012","12,009.79","12,025.22","12,033.99","11,952.08","128.07M","-0.00%"
"08/28/2012","12,009.90","12,060.96","12,080.51","12,005.34","136.83M","-0.32%"
"08/27/2012","12,048.82","12,097.86","12,100.16","12,030.63","95.74M","-0.28%"
"08/24/2012","12,082.23","12,038.97","12,130.47","12,036.51","107.86M","0.16%"
"08/23/2012","12,062.51","12,128.79","12,125.98","12,033.55","155.45M","-0.47%"
"08/22/2012","12,118.99","12,102.07","12,125.84","12,034.10","137.48M","0.02%"
"08/21/2012","12,116.92","12,134.21","12,196.77","12,091.48","164.79M","0.34%"
"08/20/2012","12,076.03","12,088.87","12,100.04","12,034.23","106.62M","-0.11%"
"08/17/2012","12,089.89","12,054.81","12,089.89","12,034.88","122.09M","0.48%"
"08/16/2012","12,032.58","11,938.96","12,032.58","11,918.08","141.99M","1.07%"
"08/15/2012","11,905.44","11,851.93","11,914.76","11,841.57","159.67M","0.44%"
"08/14/2012","11,853.61","11,865.48","11,899.45","11,838.42","134.99M","0.13%"
"08/13/2012","11,838.33","11,898.30","11,913.13","11,802.86","126.55M","-0.44%"
"08/10/2012","11,890.89","11,841.98","11,890.89","11,816.71","131.49M","0.28%"
"08/09/2012","11,858.13","11,799.52","11,882.84","11,788.19","145.39M","0.65%"
"08/08/2012","11,781.04","11,861.29","11,884.21","11,780.19","166.14M","-0.70%"
"08/07/2012","11,863.50","11,764.23","11,874.66","11,666.18","151.85M","1.72%"
"08/03/2012","11,662.59","11,635.04","11,687.65","11,512.16","125.81M","1.36%"
"08/02/2012","11,506.50","11,556.28","11,611.16","11,475.43","149.73M","-0.96%"
"08/01/2012","11,618.53","11,693.11","11,693.11","11,600.94","156.66M","-0.40%"
"07/31/2012","11,664.71","11,795.83","11,797.29","11,651.82","159.36M","-0.79%"
"07/30/2012","11,757.88","11,763.81","11,803.78","11,724.34","148.42M","-0.07%"
"07/27/2012","11,766.36","11,695.88","11,802.51","11,640.22","213.59M","1.09%"
"07/26/2012","11,639.75","11,527.96","11,655.39","11,492.51","214.68M","1.28%"
"07/25/2012","11,492.51","11,510.62","11,519.58","11,428.67","160.60M","0.22%"
"07/24/2012","11,466.95","11,555.56","11,577.63","11,441.70","158.28M","-0.68%"
"07/23/2012","11,545.54","11,535.43","11,609.89","11,416.49","198.82M","-0.67%"
"07/20/2012","11,622.91","11,613.14","11,642.65","11,586.32","118.15M","-0.37%"
"07/19/2012","11,665.70","11,620.91","11,674.37","11,585.42","195.02M","0.75%"
"07/18/2012","11,579.15","11,578.51","11,615.38","11,554.75","131.48M","0.07%"
"07/17/2012","11,571.19","11,553.16","11,572.21","11,479.52","133.91M","0.43%"
"07/16/2012","11,521.18","11,511.25","11,542.38","11,467.61","134.89M","0.06%"
"07/13/2012","11,514.53","11,470.22","11,525.75","11,451.27","148.96M","0.78%"
"07/12/2012","11,425.47","11,473.54","11,527.19","11,366.74","164.43M","-1.03%"
"07/11/2012","11,544.64","11,496.36","11,561.64","11,488.84","159.79M","0.28%"
"07/10/2012","11,512.22","11,643.54","11,706.68","11,459.77","154.98M","-1.05%"
"07/09/2012","11,634.67","11,659.59","11,692.45","11,565.04","127.93M","-0.22%"
"07/06/2012","11,659.96","11,727.70","11,750.83","11,646.77","153.94M","-1.33%"
"07/05/2012","11,817.03","11,879.51","11,894.81","11,816.91","178.43M","-0.81%"
"07/04/2012","11,913.87","11,841.26","11,936.16","11,829.85","83.93M","0.55%"
"07/03/2012","11,848.75","11,727.50","11,885.33","11,596.56","191.70M","2.17%"
"06/29/2012","11,596.56","11,621.37","11,629.62","11,483.83","227.39M","1.50%"
"06/28/2012","11,424.70","11,384.39","11,424.70","11,270.15","222.92M","0.12%"
"06/27/2012","11,410.94","11,357.88","11,419.36","11,326.91","146.45M","0.68%"
"06/26/2012","11,334.42","11,310.11","11,344.99","11,251.85","182.89M","0.04%"
"06/25/2012","11,330.39","11,373.62","11,419.83","11,295.06","124.80M","-0.92%"
"06/22/2012","11,435.54","11,453.54","11,472.72","11,381.71","137.14M","0.24%"
"06/21/2012","11,408.32","11,698.56","11,752.92","11,405.83","172.55M","-2.99%"
"06/20/2012","11,759.34","11,778.00","11,824.61","11,681.23","161.46M","-0.25%"
"06/19/2012","11,788.36","11,633.04","11,801.94","11,623.69","175.49M","1.61%"
"06/18/2012","11,601.13","11,490.35","11,635.06","11,483.73","240.21M","0.66%"
"06/15/2012","11,524.90","11,495.76","11,540.43","11,487.63","350.27M","0.51%"
"06/14/2012","11,466.42","11,520.05","11,517.28","11,423.24","196.19M","-0.27%"
"06/13/2012","11,497.87","11,452.62","11,580.39","11,440.36","190.98M","0.00%"
"06/12/2012","11,497.30","11,432.87","11,497.30","11,385.50","218.52M","0.84%"
"06/11/2012","11,401.78","11,592.49","11,593.66","11,382.37","145.43M","-0.86%"
"06/08/2012","11,500.63","11,515.33","11,575.33","11,480.45","140.08M","-0.79%"
"06/07/2012","11,592.12","11,716.27","11,727.58","11,586.03","190.28M","-0.35%"
"06/06/2012","11,633.40","11,607.07","11,686.99","11,517.66","219.27M","1.09%"
"06/05/2012","11,507.71","11,331.35","11,511.58","11,325.27","196.55M","1.52%"
"06/04/2012","11,335.77","11,347.05","11,370.09","11,209.55","191.44M","-0.22%"
"06/01/2012","11,361.20","11,413.12","11,512.83","11,344.43","269.93M","-1.32%"
"05/31/2012","11,513.21","11,459.18","11,518.44","11,361.37","240.42M","0.70%"
"05/30/2012","11,433.22","11,498.31","11,609.30","11,422.69","176.00M","-1.52%"
"05/29/2012","11,609.30","11,611.50","11,687.71","11,572.49","157.05M","0.37%"
"05/28/2012","11,566.15","11,622.06","11,634.83","11,523.47","82.64M","-0.09%"
"05/25/2012","11,576.47","11,569.29","11,588.29","11,524.68","155.87M","0.09%"
"05/24/2012","11,566.07","11,600.99","11,627.59","11,472.95","184.82M","0.01%"
"05/23/2012","11,564.80","11,363.66","11,567.20","11,260.04","194.36M","0.99%"
"05/22/2012","11,451.78","11,444.61","11,534.20","11,283.00","191.02M","1.52%"
"05/18/2012","11,280.64","11,415.20","11,435.70","11,256.72","213.16M","-0.44%"
"05/17/2012","11,330.68","11,370.25","11,421.83","11,317.11","255.38M","0.04%"
"05/16/2012","11,326.08","11,348.15","11,474.05","11,298.46","213.10M","-0.15%"
"05/15/2012","11,343.05","11,494.83","11,502.24","11,325.71","187.47M","-1.27%"
"05/14/2012","11,488.53","11,571.70","11,689.39","11,484.72","182.84M","-1.76%"
"05/11/2012","11,694.67","11,681.33","11,795.66","11,646.37","159.65M","-0.35%"
"05/10/2012","11,736.17","11,759.71","11,812.16","11,682.70","207.54M","0.52%"
"05/09/2012","11,675.01","11,588.18","11,755.80","11,555.08","241.46M","-0.25%"
"05/08/2012","11,704.74","11,786.94","11,821.93","11,609.51","262.14M","-1.31%"
"05/07/2012","11,860.66","11,805.29","11,879.02","11,785.74","162.63M","-0.09%"
"05/04/2012","11,871.23","11,935.65","11,985.28","11,824.27","183.05M","-1.20%"
"05/03/2012","12,014.90","12,223.53","12,227.41","11,981.28","194.21M","-1.76%"
"05/02/2012","12,230.12","12,272.17","12,332.68","12,178.08","161.34M","-0.83%"
"05/01/2012","12,332.79","12,325.70","12,364.59","12,292.72","192.40M","0.33%"
"04/30/2012","12,292.69","12,203.83","12,292.69","12,156.76","169.65M","0.45%"
"04/27/2012","12,237.75","12,157.96","12,248.07","12,139.68","184.52M","0.76%"
"04/26/2012","12,145.85","12,084.60","12,146.01","12,073.81","174.34M","0.29%"
"04/25/2012","12,111.06","12,057.49","12,112.22","11,997.31","177.53M","1.09%"
"04/24/2012","11,980.10","11,997.37","12,034.51","11,957.59","142.97M","-0.07%"
"04/23/2012","11,988.95","12,025.07","12,136.28","11,919.13","171.22M","-1.30%"
"04/20/2012","12,147.28","12,197.94","12,227.99","12,142.62","149.30M","-0.05%"
"04/19/2012","12,153.69","12,148.18","12,227.75","12,118.38","168.23M","0.20%"
"04/18/2012","12,128.89","12,110.53","12,162.60","12,077.87","158.12M","-0.07%"
"04/17/2012","12,136.94","12,065.97","12,176.76","12,039.70","176.20M","0.83%"
"04/16/2012","12,037.59","12,076.23","12,121.36","12,016.18","193.24M","-0.02%"
"04/13/2012","12,040.39","12,180.55","12,214.65","12,040.38","174.27M","-1.43%"
"04/12/2012","12,214.65","12,035.66","12,230.54","12,023.37","211.05M","1.56%"
"04/11/2012","12,026.76","11,970.65","12,056.82","11,939.96","184.93M","0.77%"
"04/10/2012","11,935.29","12,012.04","12,032.67","11,868.97","203.68M","-0.69%"
"04/09/2012","12,018.50","12,047.04","12,098.24","12,004.15","124.05M","-0.70%"
"04/05/2012","12,103.11","12,147.85","12,172.08","12,051.20","198.23M","-0.62%"
"04/04/2012","12,178.66","12,191.07","12,310.26","12,098.60","221.61M","-1.18%"
"04/03/2012","12,323.61","12,465.30","12,498.71","12,284.61","233.99M","-1.47%"
"04/02/2012","12,507.06","12,381.48","12,526.55","12,373.43","219.84M","0.93%"
"03/30/2012","12,392.18","12,391.61","12,433.31","12,333.11","233.37M","0.43%"
"03/29/2012","12,339.36","12,379.60","12,413.84","12,194.53","246.98M","-0.60%"
"03/28/2012","12,413.86","12,470.96","12,491.82","12,354.85","209.31M","-0.78%"
"03/27/2012","12,512.04","12,595.35","12,603.71","12,498.77","192.30M","-0.50%"
"03/26/2012","12,574.79","12,535.58","12,583.12","12,486.77","220.26M","0.88%"
"03/23/2012","12,465.66","12,376.87","12,465.66","12,364.26","185.97M","0.84%"
"03/22/2012","12,361.81","12,354.79","12,418.87","12,335.37","220.25M","-0.60%"
"03/21/2012","12,436.49","12,427.24","12,462.90","12,380.85","194.59M","0.05%"
"03/20/2012","12,430.70","12,422.11","12,473.89","12,336.89","250.58M","-0.39%"
"03/19/2012","12,479.70","12,494.61","12,561.75","12,475.46","183.86M","-0.14%"
"03/16/2012","12,496.96","12,467.12","12,537.51","12,455.03","416.62M","0.33%"
"03/15/2012","12,455.82","12,376.55","12,530.70","12,372.73","275.88M","0.63%"
"03/14/2012","12,377.90","12,519.02","12,536.88","12,354.14","242.91M","-1.27%"
"03/13/2012","12,537.69","12,424.03","12,538.51","12,425.76","205.10M","0.88%"
"03/12/2012","12,428.01","12,492.98","12,518.61","12,408.25","192.77M","-0.60%"
"03/09/2012","12,503.62","12,476.09","12,528.32","12,457.53","209.22M","0.33%"
"03/08/2012","12,461.93","12,430.61","12,485.29","12,359.18","192.37M","0.91%"
"03/07/2012","12,350.16","12,311.16","12,367.14","12,237.69","212.82M","0.42%"
"03/06/2012","12,298.63","12,406.60","12,486.78","12,249.85","281.23M","-1.80%"
"03/05/2012","12,523.95","12,630.35","12,644.91","12,507.31","187.67M","-0.95%"
"03/02/2012","12,643.82","12,713.90","12,722.53","12,621.89","167.51M","-0.63%"
"03/01/2012","12,723.46","12,642.98","12,731.49","12,644.96","216.69M","0.63%"
"02/29/2012","12,644.01","12,757.08","12,788.63","12,602.47","324.59M","-0.76%"
"02/28/2012","12,740.47","12,695.21","12,753.01","12,678.64","209.89M","0.32%"
"02/27/2012","12,700.38","12,703.30","12,723.18","12,624.14","150.06M","-0.20%"
"02/24/2012","12,725.77","12,741.98","12,763.75","12,710.64","199.61M","-0.04%"
"02/23/2012","12,731.28","12,695.87","12,734.27","12,657.73","218.67M","0.24%"
"02/22/2012","12,701.26","12,639.20","12,719.31","12,618.55","253.71M","0.62%"
"02/21/2012","12,623.36","12,538.58","12,656.31","12,468.97","240.74M","1.32%"
"02/17/2012","12,458.30","12,516.83","12,510.35","12,428.90","187.92M","-0.22%"
"02/16/2012","12,485.59","12,333.06","12,486.81","12,326.79","231.21M","1.00%"
"02/15/2012","12,362.03","12,390.12","12,399.97","12,328.45","172.74M","0.06%"
"02/14/2012","12,354.47","12,380.98","12,399.62","12,291.76","182.82M","-0.36%"
"02/13/2012","12,398.69","12,428.36","12,458.13","12,382.41","193.32M","0.07%"
"02/10/2012","12,389.42","12,403.02","12,458.42","12,328.92","192.17M","-0.87%"
"02/09/2012","12,497.94","12,521.05","12,547.44","12,461.88","200.22M","-0.18%"
"02/08/2012","12,521.02","12,543.80","12,575.15","12,469.46","181.28M","0.07%"
"02/07/2012","12,512.42","12,568.90","12,566.70","12,424.75","203.80M","-0.38%"
"02/06/2012","12,559.85","12,547.18","12,592.12","12,521.56","147.98M","-0.14%"
"02/03/2012","12,577.28","12,580.68","12,623.98","12,553.48","213.28M","0.19%"
"02/02/2012","12,553.48","12,515.22","12,574.63","12,497.94","200.59M","0.29%"
"02/01/2012","12,517.66","12,510.67","12,542.34","12,463.76","213.03M","0.53%"
"01/31/2012","12,452.15","12,518.53","12,532.74","12,366.74","209.44M","0.13%"
"01/30/2012","12,436.42","12,371.65","12,454.29","12,338.25","187.57M","-0.24%"
"01/27/2012","12,466.50","12,430.32","12,528.99","12,443.99","187.54M","0.02%"
"01/26/2012","12,464.32","12,591.12","12,615.99","12,424.69","240.86M","-0.60%"
"01/25/2012","12,539.21","12,375.00","12,539.63","12,326.80","294.33M","1.16%"
"01/24/2012","12,395.24","12,454.49","12,509.62","12,355.24","242.25M","-1.01%"
"01/23/2012","12,521.70","12,433.04","12,530.28","12,408.00","207.74M","1.01%"
"01/20/2012","12,397.10","12,361.51","12,397.10","12,354.04","191.75M","0.13%"
"01/19/2012","12,380.69","12,378.82","12,417.69","12,335.39","261.85M","0.43%"
"01/18/2012","12,327.52","12,209.70","12,346.74","12,218.98","255.76M","0.77%"
"01/17/2012","12,232.83","12,302.52","12,316.96","12,198.88","276.86M","-0.21%"
"01/16/2012","12,258.60","12,232.60","12,272.46","12,226.60","94.80M","0.23%"
"01/13/2012","12,231.06","12,216.68","12,268.12","12,116.98","179.58M","-0.35%"
"01/12/2012","12,274.32","12,279.00","12,307.45","12,227.57","231.83M","0.11%"
"01/11/2012","12,260.94","12,268.42","12,284.74","12,228.74","178.80M","-0.08%"
"01/10/2012","12,270.66","12,320.66","12,346.82","12,198.35","188.41M","0.61%"
"01/09/2012","12,196.72","12,194.98","12,210.58","12,150.68","149.90M","0.07%"
"01/06/2012","12,188.64","12,241.82","12,245.99","12,148.31","144.78M","-0.40%"
"01/05/2012","12,237.40","12,196.24","12,253.13","12,137.11","161.56M","0.09%"
"01/04/2012","12,226.47","12,189.71","12,234.27","12,154.04","175.58M","0.15%"
"01/03/2012","12,208.43","12,097.23","12,216.76","11,955.94","162.33M","2.12%"
"12/30/2011","11,955.09","11,837.54","11,959.81","11,839.67","94.68M","0.96%"
"12/29/2011","11,841.70","11,703.18","11,842.06","11,703.87","95.63M","0.97%"
"12/28/2011","11,728.41","11,893.36","11,916.95","11,709.77","98.27M","-1.66%"
"12/23/2011","11,926.67","11,900.61","11,949.08","11,884.18","122.28M","0.42%"
"12/22/2011","11,876.48","11,766.22","11,879.99","11,743.94","172.97M","1.05%"
"12/21/2011","11,753.53","11,718.08","11,768.80","11,670.23","227.28M","0.31%"
"12/20/2011","11,716.88","11,627.01","11,753.50","11,573.36","278.01M","1.54%"
"12/19/2011","11,539.70","11,659.78","11,666.86","11,507.62","200.57M","-0.82%"
"12/16/2011","11,635.38","11,520.72","11,667.32","11,508.17","465.64M","1.14%"
"12/15/2011","11,504.42","11,610.00","11,630.60","11,468.70","212.93M","-0.33%"
"12/14/2011","11,543.05","11,671.20","11,750.67","11,496.65","258.37M","-1.84%"
"12/13/2011","11,759.94","11,913.58","11,987.47","11,688.23","225.19M","-1.24%"
"12/12/2011","11,907.89","11,905.85","12,034.42","11,805.80","223.75M","-1.05%"
"12/09/2011","12,034.75","11,964.55","12,068.34","11,957.96","168.92M","0.69%"
"12/08/2011","11,951.79","12,067.64","12,117.82","11,916.96","236.45M","-1.62%"
"12/07/2011","12,148.73","12,071.91","12,167.13","11,997.28","234.98M","0.56%"
"12/06/2011","12,081.25","12,092.75","12,162.29","12,010.45","294.25M","-0.31%"
"12/05/2011","12,119.33","12,152.06","12,268.91","12,076.17","188.98M","0.37%"
"12/02/2011","12,075.09","12,225.42","12,229.90","12,061.68","195.80M","-0.32%"
"12/01/2011","12,113.29","12,174.09","12,215.21","12,088.23","201.00M","-0.74%"
"11/30/2011","12,204.11","11,966.42","12,204.17","11,798.64","282.70M","4.02%"
"11/29/2011","11,732.50","11,654.43","11,766.54","11,638.48","222.46M","0.79%"
"11/28/2011","11,640.21","11,672.01","11,741.29","11,462.06","186.59M","1.55%"
"11/25/2011","11,462.06","11,465.40","11,536.77","11,420.78","114.69M","-0.20%"
"11/24/2011","11,485.32","11,595.95","11,604.63","11,470.28","48.90M","-0.75%"
"11/23/2011","11,571.71","11,689.64","11,780.85","11,540.23","189.95M","-1.89%"
"11/22/2011","11,795.19","11,801.71","11,842.37","11,730.64","199.92M","0.09%"
"11/21/2011","11,784.72","11,751.31","11,892.44","11,636.12","196.26M","-0.91%"
"11/18/2011","11,892.44","11,982.36","11,994.41","11,876.49","208.88M","-0.19%"
"11/17/2011","11,915.43","12,152.86","12,162.72","11,878.68","222.26M","-2.13%"
"11/16/2011","12,174.36","12,189.27","12,295.32","12,163.35","264.22M","-0.45%"
"11/15/2011","12,229.27","12,189.97","12,258.04","12,147.86","182.34M","0.04%"
"11/14/2011","12,224.19","12,276.85","12,342.03","12,157.68","136.41M","-0.43%"
"11/11/2011","12,276.85","12,198.89","12,321.45","12,116.40","165.64M","1.39%"
"11/10/2011","12,108.87","12,218.82","12,260.30","12,025.57","192.24M","-0.39%"
"11/09/2011","12,156.22","12,314.61","12,437.17","12,156.10","222.08M","-2.66%"
"11/08/2011","12,488.85","12,507.03","12,542.58","12,431.45","199.38M","0.22%"
"11/07/2011","12,461.98","12,416.16","12,485.20","12,402.65","205.59M","0.43%"
"11/04/2011","12,408.25","12,432.56","12,470.04","12,308.21","190.78M","-0.48%"
"11/03/2011","12,468.35","12,347.35","12,471.39","12,237.26","258.62M","1.85%"
"11/02/2011","12,241.76","12,210.72","12,325.77","12,138.79","210.86M","1.05%"
"11/01/2011","12,115.10","11,963.21","12,244.49","11,913.72","295.02M","-1.12%"
"10/31/2011","12,252.06","12,416.88","12,510.84","12,252.06","290.37M","-2.14%"
"10/28/2011","12,519.51","12,427.18","12,541.84","12,415.46","239.91M","0.43%"
"10/27/2011","12,465.44","12,425.26","12,526.29","12,186.06","330.55M","2.29%"
"10/26/2011","12,186.06","12,172.43","12,208.07","12,052.53","236.79M","0.63%"
"10/25/2011","12,109.75","12,173.75","12,230.82","12,030.09","286.07M","-0.43%"
"10/24/2011","12,162.28","12,005.66","12,162.28","11,957.00","231.50M","1.78%"
"10/21/2011","11,949.49","11,982.73","11,993.90","11,876.87","185.07M","1.01%"
"10/20/2011","11,830.33","11,794.34","11,898.44","11,697.53","196.84M","-0.16%"
"10/19/2011","11,849.50","12,015.17","12,051.02","11,832.24","202.47M","-1.69%"
"10/18/2011","12,053.11","11,867.50","12,066.18","11,755.85","204.17M","1.09%"
"10/17/2011","11,923.04","12,067.69","12,084.05","11,891.36","158.83M","-1.31%"
"10/14/2011","12,081.73","12,031.57","12,081.73","11,926.55","222.92M","1.43%"
"10/13/2011","11,911.89","11,990.52","12,029.91","11,830.04","206.24M","-0.98%"
"10/12/2011","12,029.96","11,956.71","12,094.65","11,887.17","263.44M","1.30%"
"10/11/2011","11,875.55","11,846.43","11,890.20","11,596.90","316.41M","2.48%"
"10/07/2011","11,588.36","11,816.49","11,819.55","11,574.12","198.45M","-1.63%"
"10/06/2011","11,780.07","11,530.63","11,782.68","11,458.82","260.30M","2.82%"
"10/05/2011","11,457.22","11,215.83","11,509.22","11,135.52","271.72M","2.50%"
"10/04/2011","11,177.91","11,049.74","11,242.14","10,848.19","299.57M","-0.66%"
"10/03/2011","11,251.84","11,516.86","11,623.46","11,221.21","230.27M","-3.20%"
"09/30/2011","11,623.84","11,565.78","11,685.08","11,535.22","257.34M","-0.53%"
"09/29/2011","11,686.32","11,721.35","11,754.62","11,547.72","257.83M","0.87%"
"09/28/2011","11,585.87","11,868.38","11,866.82","11,569.04","229.59M","-1.99%"
"09/27/2011","11,821.09","11,940.27","12,057.95","11,710.76","277.82M","0.97%"
"09/26/2011","11,707.19","11,487.07","11,707.19","11,293.63","261.49M","2.13%"
"09/23/2011","11,462.87","11,373.14","11,557.58","11,355.82","290.86M","-0.86%"
"09/22/2011","11,562.51","11,653.06","11,944.22","11,420.35","389.20M","-3.28%"
"09/21/2011","11,955.01","12,203.18","12,230.80","11,948.40","230.03M","-2.09%"
"09/20/2011","12,209.88","12,203.16","12,356.82","12,168.54","216.52M","0.31%"
"09/19/2011","12,172.04","12,187.11","12,263.83","12,117.77","158.45M","-0.75%"
"09/16/2011","12,263.71","12,436.68","12,466.80","12,263.71","497.60M","-1.30%"
"09/15/2011","12,424.84","12,369.83","12,428.09","12,293.38","198.10M","1.07%"
"09/14/2011","12,293.38","12,275.32","12,372.89","12,165.26","211.70M","0.72%"
"09/13/2011","12,205.48","12,187.73","12,248.63","12,139.04","221.93M","0.47%"
"09/12/2011","12,148.83","12,213.95","12,387.54","12,041.61","212.10M","-1.93%"
"09/09/2011","12,387.54","12,589.12","12,674.60","12,361.05","201.76M","-2.34%"
"09/08/2011","12,683.96","12,654.06","12,745.14","12,659.30","177.33M","-0.29%"
"09/07/2011","12,720.56","12,570.44","12,720.56","12,514.84","188.97M","1.61%"
"09/06/2011","12,518.54","12,406.08","12,596.51","12,355.92","221.62M","-0.67%"
"09/02/2011","12,602.41","12,566.24","12,700.74","12,556.68","180.31M","-0.77%"
"09/01/2011","12,700.74","12,770.65","12,798.53","12,689.26","237.90M","-0.53%"
"08/31/2011","12,768.70","12,690.21","12,778.42","12,640.42","286.67M","1.06%"
"08/30/2011","12,634.71","12,530.20","12,664.72","12,460.50","196.73M","1.04%"
"08/29/2011","12,504.85","12,433.54","12,523.92","12,340.52","172.83M","1.44%"
"08/26/2011","12,327.51","12,208.02","12,339.84","12,066.96","170.61M","0.35%"
"08/25/2011","12,284.31","12,360.89","12,379.32","12,221.72","178.36M","-0.48%"
"08/24/2011","12,343.81","12,311.16","12,410.01","12,225.89","206.58M","0.04%"
"08/23/2011","12,338.33","12,111.72","12,338.44","12,025.90","267.43M","2.24%"
"08/22/2011","12,068.36","12,235.94","12,218.03","12,041.71","190.17M","0.51%"
"08/19/2011","12,007.47","12,053.44","12,261.69","11,988.57","240.21M","-1.47%"
"08/18/2011","12,186.71","12,388.98","12,545.11","12,122.43","237.56M","-3.12%"
"08/17/2011","12,579.61","12,595.70","12,715.04","12,542.26","202.29M","0.39%"
"08/16/2011","12,530.71","12,623.68","12,668.81","12,487.33","220.35M","-1.21%"
"08/15/2011","12,683.61","12,626.85","12,710.08","12,550.86","185.10M","1.13%"
"08/12/2011","12,542.20","12,638.29","12,603.54","12,501.49","192.82M","0.02%"
"08/11/2011","12,539.80","12,183.35","12,543.81","12,063.84","306.68M","2.79%"
"08/10/2011","12,198.89","12,126.21","12,307.87","11,916.81","327.94M","0.74%"
"08/09/2011","12,109.26","11,786.13","12,109.26","11,663.28","422.38M","3.76%"
"08/08/2011","11,670.96","11,746.98","12,159.67","11,617.81","391.28M","-4.04%"
"08/05/2011","12,162.17","12,356.74","12,400.09","11,894.70","347.26M","-1.76%"
"08/04/2011","12,380.13","12,764.12","12,815.20","12,322.06","349.17M","-3.40%"
"08/03/2011","12,816.03","12,742.02","12,816.42","12,567.70","263.17M","0.50%"
"08/02/2011","12,752.32","13,010.58","12,996.10","12,751.25","204.53M","-1.49%"
"07/29/2011","12,945.63","12,983.46","13,039.09","12,858.39","169.30M","-0.78%"
"07/28/2011","13,047.78","12,997.22","13,107.01","12,931.17","198.58M","0.12%"
"07/27/2011","13,032.67","13,261.32","13,299.11","13,032.67","192.96M","-2.01%"
"07/26/2011","13,300.56","13,413.88","13,429.15","13,286.92","178.84M","-1.01%"
"07/25/2011","13,435.95","13,451.46","13,486.31","13,413.01","162.65M","-0.43%"
"07/22/2011","13,494.63","13,473.65","13,516.17","13,438.99","171.35M","0.45%"
"07/21/2011","13,434.30","13,371.07","13,469.11","13,345.06","205.53M","0.70%"
"07/20/2011","13,340.83","13,348.87","13,374.38","13,312.92","223.66M","0.06%"
"07/19/2011","13,332.92","13,284.12","13,346.40","13,261.11","212.81M","0.59%"
"07/18/2011","13,254.14","13,291.43","13,338.21","13,210.14","160.50M","-0.34%"
"07/15/2011","13,299.54","13,308.24","13,337.24","13,252.92","155.73M","0.35%"
"07/14/2011","13,252.92","13,397.69","13,399.94","13,221.99","173.92M","-0.54%"
"07/13/2011","13,324.94","13,268.59","13,428.48","13,243.93","217.84M","0.69%"
"07/12/2011","13,234.07","13,101.89","13,272.80","13,107.63","181.69M","0.41%"
"07/11/2011","13,179.75","13,339.52","13,370.24","13,134.73","155.02M","-1.44%"
"07/08/2011","13,371.70","13,368.44","13,410.74","13,335.62","127.95M","-0.26%"
"07/07/2011","13,406.00","13,459.56","13,474.89","13,396.46","169.60M","0.02%"
"07/06/2011","13,403.10","13,450.90","13,454.97","13,371.28","225.54M","-0.17%"
"07/05/2011","13,425.30","13,423.79","13,474.10","13,395.70","244.40M","0.29%"
"07/04/2011","13,386.49","13,315.42","13,413.96","13,297.68","104.95M","0.64%"
"06/30/2011","13,300.87","13,219.51","13,301.68","13,189.56","190.15M","0.85%"
"06/29/2011","13,188.94","13,155.68","13,233.76","13,069.45","200.24M","0.64%"
"06/28/2011","13,104.98","12,996.86","13,112.04","12,966.49","179.19M","1.07%"
"06/27/2011","12,966.49","12,886.00","12,974.79","12,858.37","162.64M","0.45%"
"06/24/2011","12,908.89","13,017.61","13,014.22","12,893.80","143.88M","-0.54%"
"06/23/2011","12,979.58","12,928.22","13,060.56","12,838.81","210.39M","-0.62%"
"06/22/2011","13,060.56","13,050.02","13,160.90","13,041.74","226.69M","-0.02%"
"06/21/2011","13,063.32","12,901.44","13,085.36","12,860.65","277.60M","1.60%"
"06/20/2011","12,857.70","12,788.96","12,872.84","12,763.54","197.59M","0.53%"
"06/17/2011","12,789.95","12,852.48","12,948.75","12,789.95","346.48M","-0.49%"
"06/16/2011","12,853.13","12,964.00","12,994.81","12,834.64","209.64M","-0.92%"
"06/15/2011","12,972.03","13,012.12","13,082.26","12,938.38","205.17M","-0.96%"
"06/14/2011","13,097.82","13,004.29","13,122.37","12,947.65","223.18M","1.22%"
"06/13/2011","12,939.72","13,050.24","13,085.75","12,906.38","172.66M","-1.10%"
"06/10/2011","13,084.00","13,179.58","13,242.72","13,008.75","164.13M","-1.30%"
"06/09/2011","13,255.74","13,202.51","13,266.67","13,164.81","206.09M","0.55%"
"06/08/2011","13,183.79","13,223.57","13,288.73","13,161.36","225.59M","-0.75%"
"06/07/2011","13,282.92","13,320.07","13,392.01","13,272.92","195.37M","-0.27%"
"06/06/2011","13,318.66","13,517.49","13,538.12","13,284.64","157.09M","-1.47%"
"06/03/2011","13,517.91","13,388.86","13,532.52","13,365.42","182.50M","-0.01%"
"06/02/2011","13,519.50","13,555.87","13,622.68","13,457.87","188.48M","-0.06%"
"06/01/2011","13,527.88","13,806.13","13,823.43","13,527.88","222.84M","-1.99%"
"05/31/2011","13,802.88","13,892.06","13,901.56","13,737.57","275.44M","-0.19%"
"05/30/2011","13,829.66","13,810.57","13,856.15","13,796.21","86.70M","0.23%"
"05/27/2011","13,797.59","13,777.50","13,856.49","13,781.73","254.04M","0.16%"
"05/26/2011","13,775.90","13,692.86","13,775.90","13,671.03","228.21M","0.18%"
"05/25/2011","13,751.47","13,578.22","13,768.23","13,582.79","173.71M","1.15%"
"05/24/2011","13,595.12","13,631.70","13,691.09","13,584.45","200.12M","-0.42%"
"05/20/2011","13,652.27","13,591.37","13,682.94","13,537.60","202.87M","0.20%"
"05/19/2011","13,625.09","13,624.20","13,646.76","13,566.94","205.30M","0.13%"
"05/18/2011","13,607.25","13,513.61","13,646.26","13,446.32","214.28M","1.24%"
"05/17/2011","13,441.06","13,368.69","13,472.79","13,348.97","225.33M","0.37%"
"05/16/2011","13,391.35","13,360.60","13,519.19","13,337.96","184.64M","0.11%"
"05/13/2011","13,377.16","13,424.72","13,439.94","13,341.40","171.97M","-0.09%"
"05/12/2011","13,389.42","13,340.64","13,440.80","13,264.80","270.59M","-0.23%"
"05/11/2011","13,419.74","13,597.18","13,641.68","13,386.94","221.13M","-1.63%"
"05/10/2011","13,642.06","13,702.98","13,690.71","13,632.49","168.17M","-0.26%"
"05/09/2011","13,677.13","13,628.29","13,678.90","13,561.40","175.74M","0.81%"
"05/06/2011","13,566.60","13,513.23","13,615.47","13,456.57","208.96M","0.83%"
"05/05/2011","13,455.38","13,521.73","13,606.90","13,415.95","235.27M","-1.15%"
"05/04/2011","13,611.32","13,676.53","13,694.34","13,499.77","214.50M","-0.59%"
"05/03/2011","13,692.37","13,912.23","13,931.73","13,618.76","24.58M","-1.74%"
"05/02/2011","13,934.51","13,944.79","14,089.10","13,893.01","15.91M","-0.07%"
"04/29/2011","13,944.79","13,872.20","13,945.70","13,861.43","197.82M","0.36%"
"04/28/2011","13,894.40","13,891.57","13,936.68","13,848.32","175.47M","0.01%"
"04/27/2011","13,892.57","13,941.08","13,942.95","13,770.81","244.52M","-0.12%"
"04/26/2011","13,909.10","13,896.75","13,926.15","13,871.24","193.03M","0.01%"
"04/25/2011","13,907.32","13,983.30","13,997.90","13,888.27","191.20M","-0.46%"
"04/21/2011","13,972.02","13,946.86","13,977.51","13,898.34","145.02M","0.54%"
"04/20/2011","13,897.48","13,866.73","13,921.27","13,737.96","177.96M","1.17%"
"04/19/2011","13,736.83","13,688.33","13,756.33","13,671.73","174.83M","0.25%"
"04/18/2011","13,702.33","13,738.75","13,798.46","13,584.55","183.79M","-0.70%"
"04/15/2011","13,799.12","13,824.82","13,889.49","13,798.26","183.78M","-0.16%"
"04/14/2011","13,821.80","13,807.50","13,848.19","13,781.82","184.42M","-0.09%"
"04/13/2011","13,833.64","13,882.44","13,947.19","13,805.06","231.92M","0.23%"
"04/12/2011","13,801.40","13,902.50","13,996.19","13,720.10","229.06M","-1.40%"
"04/11/2011","13,996.86","14,187.78","14,208.04","13,933.06","177.51M","-1.49%"
"04/08/2011","14,208.43","14,195.04","14,229.80","14,107.77","205.88M","0.71%"
"04/07/2011","14,107.77","14,181.86","14,215.61","14,096.87","194.13M","-0.67%"
"04/06/2011","14,202.65","14,315.36","14,314.45","14,139.45","234.21M","-0.48%"
"04/05/2011","14,270.53","14,201.21","14,270.53","14,187.94","233.51M","0.37%"
"04/04/2011","14,218.35","14,212.66","14,248.73","14,145.45","226.20M","0.62%"
"04/01/2011","14,130.15","14,118.21","14,181.48","14,116.79","240.07M","0.10%"
"03/31/2011","14,116.10","14,154.43","14,166.60","14,083.66","253.33M","0.23%"
"03/30/2011","14,083.58","14,007.47","14,095.98","13,934.47","234.49M","1.10%"
"03/29/2011","13,930.35","13,890.99","13,961.01","13,843.39","181.05M","0.27%"
"03/28/2011","13,892.73","14,003.62","14,036.54","13,888.67","177.98M","-1.04%"
"03/25/2011","14,039.39","14,014.20","14,130.41","14,015.21","185.20M","0.07%"
"03/24/2011","14,029.37","14,084.44","14,107.02","14,015.25","206.26M","-0.41%"
"03/23/2011","14,087.18","14,017.34","14,100.13","13,985.59","209.49M","0.62%"
"03/22/2011","14,000.00","14,008.31","14,035.05","13,967.39","183.08M","-0.10%"
"03/21/2011","14,013.70","13,919.01","14,016.74","13,812.33","184.43M","1.62%"
"03/18/2011","13,789.63","13,819.63","13,875.70","13,746.32","352.30M","0.32%"
"03/17/2011","13,746.15","13,682.75","13,755.38","13,524.82","242.80M","1.64%"
"03/16/2011","13,524.82","13,541.05","13,680.87","13,430.79","302.40M","-0.16%"
"03/15/2011","13,546.96","13,275.44","13,604.05","13,237.93","333.46M","-0.53%"
"03/14/2011","13,619.19","13,545.01","13,673.88","13,511.23","249.15M","-0.40%"
"03/11/2011","13,674.25","13,477.97","13,709.38","13,477.40","190.93M","0.26%"
"03/10/2011","13,638.58","13,746.69","13,884.43","13,578.27","236.81M","-1.77%"
"03/09/2011","13,884.71","14,014.22","14,031.85","13,840.38","235.82M","-0.92%"
"03/08/2011","14,012.97","14,130.57","14,110.38","13,973.62","222.44M","-0.56%"
"03/07/2011","14,092.35","14,303.29","14,329.49","14,077.63","211.33M","-1.13%"
"03/04/2011","14,252.77","14,260.26","14,280.62","14,214.53","203.11M","0.27%"
"03/03/2011","14,214.72","14,184.03","14,220.22","14,143.88","248.63M","0.50%"
"03/02/2011","14,144.02","14,123.16","14,160.91","14,093.02","210.06M","0.15%"
"03/01/2011","14,122.85","14,167.01","14,213.21","14,092.35","237.70M","-0.10%"
"02/28/2011","14,136.50","14,083.01","14,159.94","14,053.12","287.67M","0.60%"
"02/25/2011","14,052.13","13,950.39","14,052.13","13,885.87","252.05M","1.33%"
"02/24/2011","13,867.31","13,994.16","14,034.62","13,810.54","249.33M","-0.64%"
"02/23/2011","13,956.19","13,983.34","14,080.89","13,951.17","256.08M","-0.05%"
"02/22/2011","13,963.68","14,155.57","14,160.70","13,946.22","247.89M","-1.13%"
"02/18/2011","14,123.11","14,153.55","14,156.37","14,094.72","242.27M","-0.09%"
"02/17/2011","14,136.15","14,068.66","14,136.15","14,018.64","221.04M","0.55%"
"02/16/2011","14,059.18","13,980.12","14,092.29","13,929.61","220.11M","0.93%"
"02/15/2011","13,929.35","13,944.79","13,971.83","13,910.70","202.77M","0.13%"
"02/14/2011","13,910.77","13,835.11","13,923.42","13,776.60","198.35M","1.05%"
"02/11/2011","13,766.76","13,823.82","13,854.01","13,766.76","190.41M","-0.53%"
"02/10/2011","13,840.57","13,741.62","13,848.59","13,692.79","210.19M","0.41%"
"02/09/2011","13,784.30","13,892.30","13,905.41","13,774.77","218.83M","-0.78%"
"02/08/2011","13,892.52","13,841.30","13,909.84","13,786.40","219.47M","0.58%"
"02/07/2011","13,811.93","13,854.06","13,872.13","13,791.81","240.76M","0.15%"
"02/04/2011","13,791.85","13,843.51","13,863.13","13,778.10","212.05M","-0.36%"
"02/03/2011","13,841.35","13,733.05","13,844.11","13,683.46","287.57M","1.18%"
"02/02/2011","13,680.29","13,729.09","13,731.30","13,673.14","193.31M","-0.24%"
"02/01/2011","13,712.62","13,617.70","13,714.49","13,552.27","253.79M","1.19%"
"01/31/2011","13,551.99","13,449.74","13,588.47","13,438.38","231.29M","0.85%"
"01/28/2011","13,437.58","13,406.42","13,497.55","13,406.03","234.65M","0.20%"
"01/27/2011","13,410.20","13,473.01","13,497.20","13,397.46","215.48M","-0.41%"
"01/26/2011","13,465.75","13,300.27","13,477.93","13,259.63","252.21M","1.55%"
"01/25/2011","13,259.63","13,322.40","13,347.04","13,192.72","253.73M","-0.66%"
"01/24/2011","13,347.58","13,313.74","13,369.33","13,264.72","185.93M","0.67%"
"01/21/2011","13,258.57","13,355.29","13,408.01","13,258.57","406.15M","-0.55%"
"01/20/2011","13,331.32","13,362.41","13,429.50","13,238.89","260.26M","-0.80%"
"01/19/2011","13,439.04","13,570.06","13,572.32","13,411.45","219.38M","-0.89%"
"01/18/2011","13,559.20","13,486.19","13,565.62","13,440.69","288.00M","0.89%"
"01/17/2011","13,440.11","13,427.11","13,472.99","13,424.38","93.11M","-0.18%"
"01/14/2011","13,464.06","13,408.89","13,464.06","13,376.14","245.39M","0.47%"
"01/13/2011","13,401.48","13,492.26","13,505.44","13,383.53","279.59M","-0.44%"
"01/12/2011","13,460.21","13,467.43","13,497.68","13,402.27","270.39M","0.44%"
"01/11/2011","13,401.05","13,341.90","13,421.81","13,245.12","248.49M","1.18%"
"01/10/2011","13,245.12","13,291.61","13,295.37","13,139.50","179.38M","-0.20%"
"01/07/2011","13,272.30","13,263.08","13,329.64","13,233.32","208.03M","-0.30%"
"01/06/2011","13,311.67","13,407.56","13,413.18","13,290.89","225.91M","-0.63%"
"01/05/2011","13,395.99","13,365.33","13,400.03","13,301.15","226.95M","-0.05%"
"01/04/2011","13,402.31","13,530.35","13,529.98","13,326.70","203.99M","-0.30%"
"12/31/2010","13,443.22","13,416.53","13,465.46","13,382.97","80.43M","0.07%"
"12/30/2010","13,434.41","13,449.77","13,493.64","13,400.71","95.73M","-0.11%"
"12/29/2010","13,449.17","13,413.17","13,449.81","13,383.16","108.95M","0.49%"
"12/24/2010","13,383.16","13,371.43","13,394.39","13,366.58","18.25M","0.09%"
"12/23/2010","13,371.20","13,353.92","13,397.01","13,316.60","119.63M","-0.07%"
"12/22/2010","13,380.70","13,380.75","13,397.29","13,349.72","150.81M","0.12%"
"12/21/2010","13,365.15","13,240.77","13,365.15","13,194.66","159.00M","1.30%"
"12/20/2010","13,193.28","13,231.49","13,262.76","13,193.28","173.58M","-0.06%"
"12/17/2010","13,201.46","13,194.61","13,220.47","13,094.05","431.22M","0.15%"
"12/16/2010","13,181.23","13,205.29","13,223.71","13,122.92","209.99M","-0.36%"
"12/15/2010","13,229.07","13,233.98","13,281.02","13,168.05","236.64M","-0.38%"
"12/14/2010","13,280.08","13,313.94","13,328.41","13,241.71","210.58M","-0.12%"
"12/13/2010","13,295.86","13,290.27","13,360.11","13,256.59","215.55M","0.43%"
"12/10/2010","13,239.47","13,163.34","13,253.43","13,166.02","188.78M","0.55%"
"12/09/2010","13,166.94","13,221.79","13,224.99","13,144.32","201.10M","0.11%"
"12/08/2010","13,152.00","13,211.27","13,234.29","13,132.44","239.69M","-0.74%"
"12/07/2010","13,250.67","13,368.82","13,367.60","13,240.48","249.67M","-0.19%"
"12/06/2010","13,276.01","13,207.20","13,276.01","13,181.29","207.72M","0.74%"
"12/03/2010","13,178.95","13,134.75","13,196.52","13,135.67","300.83M","0.12%"
"12/02/2010","13,163.53","13,139.71","13,190.70","13,132.02","252.67M","0.12%"
"12/01/2010","13,148.35","13,067.03","13,154.42","12,952.88","269.40M","1.51%"
"11/30/2010","12,952.88","12,882.83","13,032.45","12,883.27","330.68M","0.44%"
"11/29/2010","12,895.65","12,888.13","12,930.29","12,783.42","208.34M","0.02%"
"11/26/2010","12,892.71","12,865.91","12,917.62","12,845.37","151.96M","-0.41%"
"11/25/2010","12,945.81","12,912.12","12,945.81","12,902.21","73.68M","0.34%"
"11/24/2010","12,901.99","12,843.90","12,901.99","12,795.68","191.36M","0.85%"
"11/23/2010","12,793.75","12,858.62","12,929.01","12,780.89","211.52M","-1.05%"
"11/22/2010","12,929.01","12,931.77","12,964.00","12,850.75","160.17M","-0.21%"
"11/19/2010","12,956.33","12,835.44","12,967.47","12,813.80","175.93M","0.67%"
"11/18/2010","12,870.01","12,769.64","12,903.25","12,684.62","215.55M","1.68%"
"11/17/2010","12,657.83","12,556.83","12,673.40","12,542.41","177.50M","0.44%"
"11/16/2010","12,602.23","12,663.53","12,726.55","12,501.82","235.13M","-1.05%"
"11/15/2010","12,735.41","12,757.54","12,820.38","12,712.62","177.64M","-0.11%"
"11/12/2010","12,749.24","12,838.35","12,934.23","12,661.88","259.86M","-1.43%"
"11/11/2010","12,934.74","12,925.08","12,941.94","12,850.75","201.99M","-0.06%"
"11/10/2010","12,942.64","12,905.02","12,942.64","12,786.97","257.64M","0.20%"
"11/09/2010","12,916.63","13,109.32","13,114.05","12,877.55","292.26M","-1.04%"
"11/08/2010","13,052.48","12,940.31","13,052.48","12,923.96","222.27M","0.99%"
"11/05/2010","12,925.11","12,894.56","13,001.16","12,881.20","272.72M","0.36%"
"11/04/2010","12,878.79","12,831.11","12,921.27","12,676.00","301.96M","1.64%"
"11/03/2010","12,671.12","12,685.39","12,703.90","12,569.44","232.23M","-0.08%"
"11/02/2010","12,681.42","12,718.92","12,721.49","12,660.46","159.42M","0.13%"
"11/01/2010","12,664.81","12,725.90","12,759.06","12,639.79","158.68M","-0.09%"
"10/29/2010","12,676.24","12,560.29","12,681.92","12,561.38","184.43M","0.89%"
"10/28/2010","12,564.09","12,611.13","12,620.95","12,504.80","190.64M","-0.03%"
"10/27/2010","12,567.25","12,626.26","12,680.54","12,508.67","213.78M","-0.93%"
"10/26/2010","12,684.68","12,607.05","12,694.52","12,602.79","180.93M","0.17%"
"10/25/2010","12,663.58","12,671.26","12,692.59","12,608.95","171.42M","0.50%"
"10/22/2010","12,601.18","12,621.25","12,625.26","12,566.32","161.47M","0.02%"
"10/21/2010","12,599.23","12,658.55","12,674.09","12,575.47","219.44M","-0.40%"
"10/20/2010","12,649.92","12,561.16","12,667.66","12,557.29","179.93M","0.63%"
"10/19/2010","12,570.55","12,551.29","12,661.02","12,518.54","216.52M","-0.77%"
"10/18/2010","12,668.01","12,596.15","12,672.63","12,600.91","148.48M","0.47%"
"10/15/2010","12,609.07","12,648.01","12,652.80","12,549.46","181.51M","-0.08%"
"10/14/2010","12,619.69","12,670.92","12,708.37","12,588.48","208.12M","-0.42%"
"10/13/2010","12,673.31","12,638.08","12,710.19","12,576.70","274.72M","0.78%"
"10/12/2010","12,575.64","12,530.03","12,581.85","12,479.57","184.26M","0.32%"
"10/08/2010","12,535.59","12,466.95","12,540.95","12,445.93","180.41M","0.72%"
"10/07/2010","12,445.93","12,509.30","12,522.96","12,375.02","232.35M","-0.45%"
"10/06/2010","12,501.72","12,511.76","12,511.65","12,447.06","207.40M","0.03%"
"10/05/2010","12,498.00","12,394.38","12,509.83","12,327.77","246.21M","1.42%"
"10/04/2010","12,322.94","12,368.04","12,375.15","12,262.69","157.34M","-0.32%"
"10/01/2010","12,363.08","12,400.11","12,446.85","12,363.08","208.56M","-0.05%"
"09/30/2010","12,368.65","12,404.21","12,406.36","12,257.85","271.24M","-0.11%"
"09/29/2010","12,382.82","12,255.50","12,382.82","12,237.28","216.33M","0.85%"
"09/28/2010","12,278.88","12,178.95","12,279.67","12,123.80","219.39M","0.72%"
"09/27/2010","12,190.60","12,211.11","12,246.37","12,189.61","166.25M","-0.12%"
"09/24/2010","12,204.86","12,168.05","12,219.20","12,103.63","200.78M","0.85%"
"09/23/2010","12,101.79","12,098.69","12,159.63","12,055.55","183.98M","-0.37%"
"09/22/2010","12,147.26","12,209.26","12,253.15","12,139.75","186.61M","-0.19%"
"09/21/2010","12,170.57","12,256.85","12,253.16","12,129.84","255.13M","-0.52%"
"09/20/2010","12,234.51","12,190.47","12,281.36","12,166.67","191.04M","0.58%"
"09/17/2010","12,164.56","12,262.30","12,250.78","12,140.82","437.46M","-0.07%"
"09/16/2010","12,173.35","12,145.96","12,180.19","12,106.45","198.80M","0.23%"
"09/15/2010","12,144.84","12,160.10","12,191.92","12,081.57","184.88M","-0.39%"
"09/14/2010","12,192.98","12,151.14","12,251.47","12,147.03","207.85M","0.35%"
"09/13/2010","12,149.86","12,147.35","12,156.97","12,101.41","189.97M","0.44%"
"09/10/2010","12,097.09","12,023.51","12,097.09","12,021.80","213.19M","0.53%"
"09/09/2010","12,033.53","12,106.43","12,116.05","11,997.72","185.54M","-0.07%"
"09/08/2010","12,042.26","12,102.41","12,160.70","12,040.17","191.01M","-0.49%"
"09/07/2010","12,101.98","12,148.05","12,146.49","12,070.58","147.62M","-0.35%"
"09/03/2010","12,144.92","12,136.60","12,197.89","12,108.97","199.11M","0.28%"
"09/02/2010","12,111.09","12,040.34","12,111.94","12,003.70","215.06M","0.89%"
"09/01/2010","12,003.78","11,978.29","12,016.06","11,914.23","236.08M","0.75%"
"08/31/2010","11,913.86","11,894.34","11,990.76","11,845.17","231.32M","0.15%"
"08/30/2010","11,895.55","11,873.12","11,952.64","11,865.75","137.65M","0.13%"
"08/27/2010","11,879.72","11,700.42","11,887.81","11,637.95","178.41M","1.94%"
"08/26/2010","11,653.18","11,667.25","11,707.07","11,618.69","190.94M","0.04%"
"08/25/2010","11,648.12","11,515.08","11,648.12","11,469.25","202.77M","0.79%"
"08/24/2010","11,557.35","11,610.81","11,706.94","11,553.43","193.43M","-1.38%"
"08/23/2010","11,718.63","11,751.52","11,774.36","11,712.28","162.05M","-0.03%"
"08/20/2010","11,722.07","11,672.53","11,736.18","11,594.72","160.72M","0.10%"
"08/19/2010","11,710.18","11,775.28","11,801.15","11,669.33","187.37M","-0.60%"
"08/18/2010","11,781.08","11,722.49","11,806.46","11,646.03","173.70M","0.45%"
"08/17/2010","11,728.64","11,677.33","11,744.84","11,552.63","207.05M","1.52%"
"08/16/2010","11,552.76","11,527.70","11,558.82","11,493.62","152.06M","0.21%"
"08/13/2010","11,528.25","11,505.17","11,548.57","11,491.07","164.37M","0.04%"
"08/12/2010","11,523.60","11,513.16","11,579.71","11,480.52","243.57M","-0.51%"
"08/11/2010","11,582.21","11,736.42","11,833.87","11,565.03","187.67M","-2.16%"
"08/10/2010","11,838.29","11,778.43","11,871.25","11,749.46","166.18M","-0.21%"
"08/09/2010","11,863.56","11,846.69","11,878.36","11,783.40","146.66M","0.54%"
"08/06/2010","11,799.97","11,752.90","11,822.38","11,700.08","187.28M","0.21%"
"08/05/2010","11,774.77","11,819.17","11,845.43","11,747.79","227.18M","-0.59%"
"08/04/2010","11,845.05","11,843.80","11,855.92","11,784.79","191.09M","0.53%"
"08/03/2010","11,782.60","11,829.32","11,872.89","11,713.91","228.19M","0.59%"
"07/30/2010","11,713.43","11,667.89","11,746.80","11,603.81","153.67M","-0.13%"
"07/29/2010","11,728.64","11,746.77","11,771.78","11,634.13","205.44M","0.27%"
"07/28/2010","11,696.63","11,667.54","11,716.29","11,659.11","174.78M","-0.17%"
"07/27/2010","11,716.69","11,803.73","11,822.68","11,683.83","190.68M","-0.25%"
"07/26/2010","11,746.07","11,742.41","11,768.46","11,679.62","134.59M","0.27%"
"07/23/2010","11,714.21","11,679.04","11,722.64","11,622.93","147.80M","0.40%"
"07/22/2010","11,667.76","11,573.20","11,667.95","11,513.37","182.22M","1.34%"
"07/21/2010","11,513.33","11,668.67","11,661.42","11,465.65","166.37M","-1.00%"
"07/20/2010","11,629.88","11,454.30","11,629.88","11,446.01","187.92M","0.75%"
"07/19/2010","11,543.47","11,542.22","11,580.30","11,447.80","157.28M","-0.23%"
"07/16/2010","11,569.65","11,690.19","11,741.80","11,503.82","186.76M","-1.47%"
"07/15/2010","11,741.77","11,643.11","11,741.77","11,552.40","191.61M","1.05%"
"07/14/2010","11,620.16","11,673.00","11,694.05","11,606.84","169.89M","-0.45%"
"07/13/2010","11,672.84","11,678.39","11,695.56","11,573.25","196.26M","0.93%"
"07/12/2010","11,565.76","11,567.36","11,600.81","11,497.32","146.21M","-0.04%"
"07/09/2010","11,570.45","11,430.74","11,570.45","11,393.86","159.36M","1.20%"
"07/08/2010","11,433.37","11,482.61","11,475.72","11,330.61","222.37M","0.32%"
"07/07/2010","11,397.27","11,227.69","11,397.34","11,201.33","315.67M","1.76%"
"07/06/2010","11,200.17","11,195.31","11,269.88","11,093.92","218.61M","0.97%"
"07/05/2010","11,092.50","11,163.03","11,192.37","11,065.53","54.28M","-0.92%"
"07/02/2010","11,196.06","11,245.26","11,311.01","11,146.79","149.31M","-0.87%"
"06/30/2010","11,294.42","11,266.53","11,415.26","11,258.36","198.63M","0.27%"
"06/29/2010","11,263.83","11,508.07","11,594.61","11,244.03","237.76M","-2.96%"
"06/28/2010","11,607.00","11,715.25","11,718.90","11,602.22","142.22M","-0.86%"
"06/25/2010","11,707.85","11,692.92","11,774.42","11,619.36","150.62M","0.32%"
"06/24/2010","11,670.18","11,774.91","11,805.75","11,661.07","131.02M","-1.16%"
"06/23/2010","11,807.50","11,784.13","11,849.83","11,729.95","164.07M","0.08%"
"06/22/2010","11,797.94","11,910.61","11,952.89","11,796.37","158.05M","-1.16%"
"06/21/2010","11,936.08","12,042.75","12,077.01","11,905.65","192.62M","0.07%"
"06/18/2010","11,927.59","11,990.17","12,017.92","11,927.59","355.14M","-0.15%"
"06/17/2010","11,945.97","11,968.44","11,981.36","11,908.88","177.61M","0.21%"
"06/16/2010","11,921.05","11,873.92","11,938.59","11,864.87","166.23M","0.11%"
"06/15/2010","11,907.54","11,702.13","11,907.54","11,670.53","188.67M","2.06%"
"06/14/2010","11,667.34","11,730.06","11,781.20","11,652.98","164.95M","0.00%"
"06/11/2010","11,666.92","11,591.38","11,693.69","11,586.35","150.09M","0.27%"
"06/10/2010","11,635.85","11,514.78","11,637.83","11,450.64","177.33M","1.62%"
"06/09/2010","11,450.64","11,575.02","11,613.08","11,436.37","208.97M","-0.58%"
"06/08/2010","11,517.18","11,522.17","11,559.47","11,402.45","230.88M","0.11%"
"06/07/2010","11,504.74","11,570.37","11,616.67","11,493.63","201.11M","-0.56%"
"06/04/2010","11,569.61","11,661.89","11,811.87","11,548.93","212.46M","-2.05%"
"06/03/2010","11,811.87","11,824.24","11,842.29","11,692.03","227.71M","0.26%"
"06/02/2010","11,780.67","11,619.17","11,780.67","11,569.34","277.59M","1.80%"
"06/01/2010","11,571.97","11,702.20","11,778.84","11,566.85","247.64M","-1.62%"
"05/31/2010","11,762.99","11,765.45","11,762.99","11,671.44","58.67M","0.78%"
"05/28/2010","11,671.44","11,778.93","11,799.56","11,640.85","174.61M","-0.66%"
"05/27/2010","11,749.12","11,608.64","11,755.09","11,543.90","235.53M","1.78%"
"05/26/2010","11,543.90","11,699.74","11,723.88","11,518.06","295.82M","0.22%"
"05/25/2010","11,518.08","11,270.73","11,522.29","11,263.16","253.64M","-0.03%"
"05/21/2010","11,521.35","11,244.45","11,539.11","11,179.97","212.58M","1.01%"
"05/20/2010","11,405.95","11,494.98","11,665.77","11,381.41","287.93M","-2.23%"
"05/19/2010","11,665.77","11,700.46","11,787.21","11,514.14","260.92M","-0.84%"
"05/18/2010","11,764.51","11,891.10","11,959.69","11,760.78","227.52M","-0.41%"
"05/17/2010","11,813.00","11,999.83","12,014.97","11,695.61","230.55M","-1.68%"
"05/14/2010","12,014.97","12,088.02","12,116.59","11,891.04","210.46M","-0.84%"
"05/13/2010","12,116.59","12,170.89","12,210.39","12,059.06","205.67M","-0.65%"
"05/12/2010","12,195.97","12,102.63","12,204.98","12,000.61","237.16M","1.63%"
"05/11/2010","12,000.61","11,931.71","12,093.51","11,916.16","255.88M","0.44%"
"05/10/2010","11,947.90","12,011.82","12,024.49","11,692.43","205.45M","2.18%"
"05/07/2010","11,692.43","11,749.90","11,842.43","11,556.95","281.58M","-1.27%"
"05/06/2010","11,842.43","11,845.75","11,949.00","11,422.73","365.16M","-0.28%"
"05/05/2010","11,875.13","11,862.43","12,030.86","11,754.28","284.61M","-1.29%"
"05/04/2010","12,030.86","12,164.88","12,196.51","11,954.50","256.14M","-1.36%"
"05/03/2010","12,196.51","12,273.98","12,294.63","12,165.84","179.45M","-0.12%"
"04/30/2010","12,210.70","12,247.37","12,308.13","12,184.25","246.93M","0.09%"
"04/29/2010","12,200.32","12,110.72","12,227.03","12,076.89","223.55M","1.02%"
"04/28/2010","12,076.89","12,165.01","12,173.27","12,075.79","222.61M","-0.58%"
"04/27/2010","12,146.74","12,255.55","12,321.76","12,143.16","221.20M","-1.09%"
"04/26/2010","12,280.97","12,254.22","12,297.88","12,234.68","155.93M","0.34%"
"04/23/2010","12,239.64","12,167.85","12,248.41","12,126.79","192.23M","0.65%"
"04/22/2010","12,160.87","12,053.30","12,160.87","11,985.32","201.92M","0.22%"
"04/21/2010","12,134.56","12,135.29","12,158.18","12,070.69","182.20M","0.17%"
"04/20/2010","12,113.53","12,122.03","12,159.90","12,102.97","179.25M","0.09%"
"04/19/2010","12,102.97","11,974.71","12,102.97","11,953.95","185.35M","0.27%"
"04/16/2010","12,070.66","12,190.58","12,211.52","12,019.90","209.41M","-1.15%"
"04/15/2010","12,211.52","12,178.62","12,249.54","12,168.71","164.37M","0.06%"
"04/14/2010","12,204.41","12,141.70","12,211.57","12,095.93","177.25M","0.85%"
"04/13/2010","12,101.52","12,091.45","12,148.66","12,025.41","145.61M","-0.39%"
"04/12/2010","12,148.66","12,167.53","12,214.39","12,139.23","163.20M","-0.23%"
"04/09/2010","12,176.84","12,150.53","12,211.12","12,113.53","163.37M","0.52%"
"04/08/2010","12,113.53","12,060.65","12,139.01","11,975.94","179.57M","0.02%"
"04/07/2010","12,110.90","12,137.14","12,159.97","12,059.31","210.59M","-0.38%"
"04/06/2010","12,156.71","12,135.57","12,200.07","12,120.25","163.85M","-0.24%"
"04/05/2010","12,186.35","12,190.83","12,203.39","12,151.06","146.62M","0.29%"
"04/01/2010","12,151.06","12,069.91","12,157.35","12,037.73","190.58M","0.94%"
"03/31/2010","12,037.73","12,063.33","12,080.47","11,983.35","192.93M","-0.05%"
"03/30/2010","12,044.21","12,042.17","12,061.71","12,022.83","153.31M","0.12%"
"03/29/2010","12,029.72","11,999.47","12,034.94","11,957.37","159.04M","0.61%"
"03/26/2010","11,957.37","11,992.03","12,040.64","11,909.08","197.41M","-0.01%"
"03/25/2010","11,958.11","12,010.06","12,048.67","11,957.74","208.24M","-0.04%"
"03/24/2010","11,962.97","12,008.65","12,044.54","11,962.71","206.40M","-0.68%"
"03/23/2010","12,044.54","11,987.98","12,047.97","11,967.17","193.10M","0.65%"
"03/22/2010","11,967.17","11,876.64","11,991.45","11,843.95","211.05M","0.16%"
"03/19/2010","11,947.98","12,031.96","12,047.41","11,925.95","342.07M","-0.76%"
"03/18/2010","12,040.01","12,091.09","12,129.26","12,008.06","155.66M","-0.50%"
"03/17/2010","12,100.66","12,122.47","12,119.21","12,085.32","158.07M","0.09%"
"03/16/2010","12,089.40","12,048.79","12,097.72","12,008.80","155.50M","0.67%"
"03/15/2010","12,008.80","11,988.40","12,016.79","11,908.04","128.56M","-0.04%"
"03/12/2010","12,013.82","12,019.84","12,047.57","11,954.38","177.28M","0.28%"
"03/11/2010","11,979.70","11,935.78","11,981.76","11,909.55","142.98M","0.16%"
"03/10/2010","11,961.06","11,931.75","11,994.61","11,916.55","199.90M","0.36%"
"03/09/2010","11,918.71","11,923.08","11,965.09","11,893.41","177.58M","-0.38%"
"03/08/2010","11,963.84","12,026.34","12,039.51","11,958.45","143.49M","-0.09%"
"03/05/2010","11,975.14","11,878.37","11,975.14","11,824.97","170.07M","1.27%"
"03/04/2010","11,824.97","11,866.76","11,876.70","11,792.35","175.29M","-0.24%"
"03/03/2010","11,852.85","11,842.15","11,876.46","11,811.42","163.14M","0.21%"
"03/02/2010","11,828.31","11,751.60","11,843.67","11,728.06","161.26M","0.85%"
"03/01/2010","11,728.06","11,682.78","11,732.12","11,629.63","138.62M","0.85%"
"02/26/2010","11,629.63","11,654.77","11,664.44","11,591.02","159.87M","-0.02%"
"02/25/2010","11,631.44","11,457.43","11,637.44","11,420.96","177.11M","0.95%"
"02/24/2010","11,521.83","11,526.81","11,584.39","11,492.77","124.59M","-0.04%"
"02/23/2010","11,526.71","11,606.64","11,634.75","11,481.60","149.78M","-0.93%"
"02/22/2010","11,634.75","11,745.11","11,763.31","11,634.75","119.08M","-0.64%"
"02/19/2010","11,709.29","11,692.00","11,758.19","11,679.64","138.42M","0.12%"
"02/18/2010","11,694.84","11,629.67","11,712.30","11,618.59","144.87M","0.51%"
"02/17/2010","11,635.49","11,605.57","11,697.04","11,586.37","166.42M","0.42%"
"02/16/2010","11,586.37","11,545.50","11,601.46","11,469.81","156.18M","1.02%"
"02/12/2010","11,469.81","11,349.19","11,469.81","11,335.67","175.66M","0.30%"
"02/11/2010","11,435.49","11,300.06","11,437.97","11,232.92","202.98M","1.32%"
"02/10/2010","11,286.33","11,280.33","11,321.40","11,212.44","153.65M","0.11%"
"02/09/2010","11,274.24","11,210.03","11,314.44","11,115.30","166.71M","1.43%"
"02/08/2010","11,115.30","11,135.10","11,277.56","11,099.51","151.08M","-0.96%"
"02/05/2010","11,223.12","11,123.73","11,223.12","10,990.41","213.14M","0.85%"
"02/04/2010","11,128.76","11,163.58","11,390.46","11,120.09","213.83M","-2.30%"
"02/03/2010","11,390.46","11,395.57","11,454.61","11,348.65","177.83M","-0.16%"
"02/02/2010","11,408.34","11,365.99","11,430.25","11,297.63","201.38M","0.80%"
"02/01/2010","11,317.55","11,147.49","11,317.55","11,094.31","151.74M","2.01%"
"01/29/2010","11,094.31","11,142.80","11,324.18","11,084.27","183.16M","-1.60%"
"01/28/2010","11,274.20","11,279.62","11,389.15","11,162.11","181.34M","-0.62%"
"01/27/2010","11,344.11","11,324.66","11,367.36","11,258.98","196.45M","-0.15%"
"01/26/2010","11,361.19","11,349.26","11,421.55","11,271.39","165.12M","0.06%"
"01/25/2010","11,354.51","11,384.74","11,423.30","11,343.43","134.68M","0.10%"
"01/22/2010","11,343.43","11,400.01","11,480.97","11,318.33","194.09M","-1.10%"
"01/21/2010","11,469.10","11,557.22","11,679.32","11,461.25","197.66M","-1.80%"
"01/20/2010","11,679.32","11,699.10","11,763.42","11,581.64","193.86M","-0.71%"
"01/19/2010","11,763.42","11,746.18","11,765.55","11,710.40","144.21M","0.11%"
"01/18/2010","11,750.54","11,711.12","11,754.06","11,685.37","63.21M","0.56%"
"01/15/2010","11,685.37","11,782.62","11,804.38","11,684.23","148.63M","-1.01%"
"01/14/2010","11,804.38","11,873.62","11,888.33","11,776.44","161.04M","-0.41%"
"01/13/2010","11,853.56","11,802.81","11,865.19","11,738.56","172.42M","0.28%"
"01/12/2010","11,820.18","11,866.63","11,947.13","11,766.51","177.64M","-1.06%"
"01/11/2010","11,947.13","12,070.74","12,070.20","11,923.22","172.30M","-0.06%"
"01/08/2010","11,953.83","11,883.26","11,953.83","11,863.13","167.76M","0.56%"
"01/07/2010","11,887.51","11,925.03","11,944.54","11,819.50","190.57M","-0.48%"
"01/06/2010","11,944.54","11,912.88","11,971.62","11,888.08","194.40M","0.47%"
"01/05/2010","11,888.08","11,900.01","11,935.24","11,837.23","167.80M","0.18%"
"01/04/2010","11,866.90","11,847.34","11,872.15","11,746.11","132.67M","1.03%"
"12/31/2009","11,746.11","11,745.18","11,766.04","11,717.46","64.62M","0.24%"
"12/30/2009","11,717.46","11,687.10","11,728.41","11,672.99","68.74M","0.13%"
"12/29/2009","11,701.81","11,740.37","11,754.61","11,691.72","77.56M","-0.45%"
"12/24/2009","11,754.61","11,666.24","11,754.61","11,658.70","47.05M","0.82%"
"12/23/2009","11,658.70","11,625.02","11,688.12","11,625.14","118.37M","0.26%"
"12/22/2009","11,627.98","11,538.96","11,627.98","11,522.44","125.60M","0.63%"
"12/21/2009","11,554.72","11,559.63","11,596.70","11,463.40","147.84M","0.80%"
"12/18/2009","11,463.40","11,510.09","11,562.04","11,447.95","336.89M","-0.08%"
"12/17/2009","11,473.06","11,570.24","11,637.04","11,473.06","169.45M","-1.41%"
"12/16/2009","11,637.04","11,609.18","11,691.73","11,541.02","168.26M","0.83%"
"12/15/2009","11,541.02","11,532.84","11,581.49","11,498.79","165.29M","-0.04%"
"12/14/2009","11,545.69","11,481.62","11,549.71","11,423.93","166.93M","1.07%"
"12/11/2009","11,423.93","11,472.05","11,504.29","11,387.40","158.97M","-0.35%"
"12/10/2009","11,464.57","11,399.65","11,464.57","11,369.95","167.44M","0.75%"
"12/09/2009","11,379.22","11,428.58","11,396.06","11,248.92","186.47M","0.09%"
"12/08/2009","11,368.93","11,411.98","11,489.63","11,342.48","172.53M","-1.05%"
"12/07/2009","11,489.63","11,467.52","11,571.47","11,445.52","177.90M","-0.18%"
"12/04/2009","11,510.80","11,672.14","11,700.09","11,414.87","195.12M","-1.08%"
"12/03/2009","11,636.55","11,775.03","11,816.33","11,629.01","177.77M","-1.22%"
"12/02/2009","11,779.73","11,729.35","11,802.43","11,707.32","206.69M","0.62%"
"12/01/2009","11,707.32","11,574.65","11,715.55","11,447.20","223.00M","2.27%"
"11/30/2009","11,447.20","11,476.32","11,586.22","11,447.20","182.47M","-0.15%"
"11/27/2009","11,464.41","11,281.12","11,539.94","11,299.86","121.02M","0.24%"
"11/26/2009","11,436.80","11,569.29","11,636.90","11,428.32","69.47M","-1.72%"
"11/25/2009","11,636.90","11,594.05","11,647.57","11,539.63","161.89M","0.84%"
"11/24/2009","11,539.63","11,644.46","11,642.67","11,539.63","174.54M","-0.73%"
"11/23/2009","11,624.02","11,689.36","11,737.84","11,579.33","167.18M","0.39%"
"11/20/2009","11,579.33","11,524.51","11,600.30","11,508.79","151.52M","-0.18%"
"11/19/2009","11,600.30","11,588.40","11,652.69","11,484.44","218.47M","-0.45%"
"11/18/2009","11,652.69","11,667.87","11,702.24","11,604.92","200.22M","0.20%"
"11/17/2009","11,630.00","11,507.77","11,631.62","11,502.64","161.56M","1.02%"
"11/16/2009","11,512.26","11,496.76","11,539.78","11,407.68","194.39M","0.92%"
"11/13/2009","11,407.68","11,348.29","11,417.41","11,322.07","153.41M","0.41%"
"11/12/2009","11,360.76","11,383.25","11,456.12","11,330.33","169.07M","-0.69%"
"11/11/2009","11,439.75","11,545.99","11,559.67","11,419.41","161.13M","0.11%"
"11/10/2009","11,426.74","11,457.46","11,486.88","11,368.96","177.80M","-0.52%"
"11/09/2009","11,486.88","11,372.21","11,488.27","11,250.42","195.84M","2.10%"
"11/06/2009","11,250.42","11,100.86","11,259.58","11,098.66","184.89M","0.62%"
"11/05/2009","11,180.70","11,070.23","11,180.70","11,041.72","169.60M","0.99%"
"11/04/2009","11,071.20","11,103.38","11,187.87","11,025.90","223.21M","0.41%"
"11/03/2009","11,025.90","10,777.79","11,025.90","10,751.72","212.42M","1.36%"
"11/02/2009","10,878.35","10,896.74","10,963.67","10,745.25","189.35M","-0.30%"
"10/30/2009","10,910.75","11,091.56","11,081.15","10,767.58","219.73M","-1.49%"
"10/29/2009","11,075.22","10,916.55","11,075.22","10,805.33","220.21M","2.50%"
"10/28/2009","10,805.33","11,000.05","11,053.54","10,805.33","229.66M","-2.25%"
"10/27/2009","11,053.54","11,229.58","11,247.14","11,053.54","198.48M","-1.61%"
"10/26/2009","11,234.88","11,426.29","11,525.82","11,210.64","169.73M","-1.29%"
"10/23/2009","11,382.13","11,564.70","11,569.43","11,357.78","178.16M","-1.31%"
"10/22/2009","11,533.37","11,427.44","11,533.37","11,365.82","199.42M","0.80%"
"10/21/2009","11,442.02","11,475.01","11,595.04","11,437.60","190.20M","-0.83%"
"10/20/2009","11,538.12","11,586.87","11,589.92","11,496.92","154.63M","-0.00%"
"10/19/2009","11,538.39","11,566.78","11,571.25","11,485.07","152.41M","0.29%"
"10/16/2009","11,504.76","11,459.55","11,514.24","11,408.95","158.65M","0.00%"
"10/15/2009","11,504.51","11,459.02","11,532.78","11,448.59","166.23M","-0.25%"
"10/14/2009","11,532.78","11,531.50","11,539.17","11,413.54","190.89M","1.04%"
"10/13/2009","11,413.54","11,423.27","11,445.07","11,299.60","199.71M","-0.20%"
"10/09/2009","11,436.92","11,432.38","11,497.19","11,382.50","176.70M","-0.41%"
"10/08/2009","11,484.51","11,422.63","11,513.13","11,349.88","245.39M","1.19%"
"10/07/2009","11,349.88","11,275.30","11,351.59","11,194.42","197.36M","0.91%"
"10/06/2009","11,247.97","11,230.17","11,358.70","11,102.62","238.05M","1.31%"
"10/05/2009","11,102.62","10,975.68","11,142.27","10,932.15","184.67M","1.32%"
"10/02/2009","10,958.33","10,922.34","11,071.76","10,855.16","185.08M","-1.02%"
"10/01/2009","11,071.76","11,403.33","11,394.96","11,070.69","186.54M","-2.84%"
"09/30/2009","11,394.96","11,480.85","11,458.50","11,250.98","257.24M","-0.00%"
"09/29/2009","11,394.99","11,354.63","11,403.62","11,313.73","194.92M","0.50%"
"09/28/2009","11,338.72","11,269.36","11,390.03","11,212.39","166.61M","1.13%"
"09/25/2009","11,212.39","11,237.24","11,300.21","11,174.61","159.28M","-0.65%"
"09/24/2009","11,285.76","11,547.66","11,553.02","11,284.24","217.67M","-2.01%"
"09/23/2009","11,517.54","11,596.33","11,648.55","11,502.72","197.62M","-0.59%"
"09/22/2009","11,585.73","11,533.72","11,602.27","11,424.61","211.36M","1.41%"
"09/21/2009","11,424.61","11,348.13","11,445.95","11,329.50","173.70M","-0.19%"
"09/18/2009","11,445.95","11,531.99","11,540.19","11,445.95","369.94M","-0.71%"
"09/17/2009","11,528.23","11,536.39","11,613.83","11,447.03","223.68M","-0.24%"
"09/16/2009","11,555.60","11,551.80","11,592.39","11,495.83","257.00M","0.52%"
"09/15/2009","11,495.83","11,360.15","11,495.83","11,332.04","209.96M","1.45%"
"09/14/2009","11,332.04","11,174.66","11,332.04","11,167.35","167.91M","0.70%"
"09/11/2009","11,253.23","11,216.28","11,283.31","11,155.00","208.12M","0.88%"
"09/10/2009","11,155.00","11,011.69","11,155.00","11,000.17","213.76M","1.41%"
"09/09/2009","11,000.17","11,081.95","11,113.81","10,966.23","243.70M","-0.95%"
"09/08/2009","11,105.30","11,147.87","11,176.35","11,017.47","210.67M","0.80%"
"09/04/2009","11,017.47","10,901.15","11,017.47","10,872.51","148.07M","0.88%"
"09/03/2009","10,921.49","10,768.84","10,922.00","10,701.32","251.78M","2.06%"
"09/02/2009","10,701.32","10,656.08","10,736.98","10,634.83","246.02M","0.11%"
"09/01/2009","10,689.78","10,840.89","10,926.98","10,665.86","206.26M","-1.64%"
"08/31/2009","10,868.21","10,866.20","10,977.97","10,772.75","179.47M","-1.00%"
"08/28/2009","10,977.97","10,979.75","11,010.95","10,893.57","164.48M","0.40%"
"08/27/2009","10,933.96","10,986.44","10,969.75","10,807.94","177.97M","0.20%"
"08/26/2009","10,912.17","10,861.15","10,960.59","10,838.46","172.42M","-0.08%"
"08/25/2009","10,920.53","10,872.06","10,963.01","10,789.97","186.17M","1.21%"
"08/24/2009","10,789.97","10,865.41","10,903.29","10,747.18","158.91M","-0.38%"
"08/21/2009","10,831.18","10,825.60","10,836.91","10,700.51","176.23M","1.22%"
"08/20/2009","10,700.51","10,707.74","10,763.68","10,686.83","159.80M","0.13%"
"08/19/2009","10,686.83","10,536.35","10,737.53","10,519.00","181.32M","0.12%"
"08/18/2009","10,673.84","10,601.18","10,680.43","10,531.59","141.82M","1.35%"
"08/17/2009","10,531.59","10,576.97","10,848.01","10,480.18","151.83M","-2.92%"
"08/14/2009","10,848.01","10,832.05","10,848.01","10,713.21","145.78M","0.21%"
"08/13/2009","10,825.56","10,789.51","10,849.47","10,659.87","200.78M","1.55%"
"08/12/2009","10,659.87","10,596.67","10,742.08","10,587.67","156.10M","0.29%"
"08/11/2009","10,629.47","10,760.22","10,795.63","10,607.58","156.99M","-1.52%"
"08/10/2009","10,793.67","10,833.28","10,885.33","10,767.71","153.94M","-0.84%"
"08/07/2009","10,885.33","10,895.97","10,964.10","10,793.37","183.31M","0.85%"
"08/06/2009","10,793.37","11,042.01","11,065.19","10,793.37","251.85M","-2.30%"
"08/05/2009","11,046.93","11,014.15","11,065.40","10,952.63","229.50M","0.26%"
"08/04/2009","11,018.10","10,943.30","11,018.10","10,787.15","213.63M","2.14%"
"07/31/2009","10,787.15","10,632.54","10,841.54","10,626.41","164.08M","1.03%"
"07/30/2009","10,676.72","10,601.65","10,687.59","10,455.33","188.62M","2.12%"
"07/29/2009","10,455.33","10,482.74","10,570.54","10,384.64","163.72M","-1.09%"
"07/28/2009","10,570.54","10,613.46","10,757.43","10,521.26","196.89M","-1.74%"
"07/27/2009","10,757.43","10,727.12","10,806.50","10,687.90","170.87M","0.65%"
"07/24/2009","10,687.90","10,665.51","10,717.75","10,574.09","152.62M","0.11%"
"07/23/2009","10,675.68","10,425.88","10,675.68","10,432.35","206.71M","2.33%"
"07/22/2009","10,432.35","10,422.71","10,545.27","10,404.93","166.25M","-0.79%"
"07/21/2009","10,515.32","10,592.28","10,597.68","10,423.14","194.32M","-0.24%"
"07/20/2009","10,540.71","10,478.53","10,561.66","10,369.42","176.19M","1.65%"
"07/17/2009","10,369.42","10,324.41","10,404.27","10,251.65","152.72M","0.63%"
"07/16/2009","10,304.42","10,178.84","10,335.50","10,163.50","146.06M","0.87%"
"07/15/2009","10,215.46","10,123.16","10,244.30","9,986.15","212.36M","2.30%"
"07/14/2009","9,986.15","9,967.99","9,993.78","9,881.05","161.04M","0.95%"
"07/13/2009","9,891.93","9,733.74","9,891.93","9,588.44","171.59M","1.49%"
"07/10/2009","9,747.13","9,698.66","9,773.92","9,630.03","140.87M","-0.27%"
"07/09/2009","9,773.92","9,718.47","9,820.46","9,647.06","182.28M","1.25%"
"07/08/2009","9,653.45","9,794.14","9,867.87","9,535.50","241.77M","-1.94%"
"07/07/2009","9,844.35","10,029.21","10,078.56","9,836.77","193.19M","-1.83%"
"07/06/2009","10,027.43","10,115.00","10,283.10","9,927.16","169.51M","-2.49%"
"07/03/2009","10,283.10","10,228.67","10,294.20","10,231.12","56.69M","0.36%"
"07/02/2009","10,245.91","10,290.54","10,374.91","10,217.13","166.63M","-1.24%"
"06/30/2009","10,374.91","10,471.23","10,528.49","10,308.01","180.97M","-0.97%"
"06/29/2009","10,476.77","10,455.37","10,516.88","10,389.76","138.13M","0.84%"
"06/26/2009","10,389.76","10,315.02","10,423.57","10,268.97","164.45M","0.33%"
"06/25/2009","10,355.85","10,106.27","10,366.73","10,078.30","221.36M","2.52%"
"06/24/2009","10,100.93","10,004.49","10,138.14","9,896.72","209.75M","2.06%"
"06/23/2009","9,896.72","9,865.38","9,912.19","9,727.26","224.77M","0.64%"
"06/22/2009","9,834.18","10,105.70","10,287.95","9,830.18","224.23M","-4.41%"
"06/19/2009","10,287.95","10,204.50","10,287.95","10,121.50","321.34M","1.64%"
"06/18/2009","10,121.50","10,066.24","10,142.63","10,005.36","219.82M","0.55%"
"06/17/2009","10,066.11","10,278.85","10,307.40","10,056.34","227.92M","-2.34%"
"06/16/2009","10,307.40","10,554.23","10,561.14","10,292.58","218.20M","-0.84%"
"06/15/2009","10,394.78","10,581.84","10,644.96","10,341.79","189.47M","-2.35%"
"06/12/2009","10,644.96","10,648.48","10,714.11","10,612.96","179.02M","-0.65%"
"06/11/2009","10,714.11","10,568.33","10,726.01","10,554.44","228.19M","1.10%"
"06/10/2009","10,597.98","10,673.48","10,674.14","10,523.23","250.90M","0.48%"
"06/09/2009","10,547.86","10,597.52","10,604.97","10,502.86","225.29M","-0.01%"
"06/08/2009","10,549.12","10,466.70","10,569.29","10,380.76","186.31M","-0.19%"
"06/05/2009","10,569.29","10,544.44","10,581.58","10,413.52","224.65M","0.88%"
"06/04/2009","10,477.24","10,410.17","10,500.12","10,290.12","204.01M","1.82%"
"06/03/2009","10,290.12","10,484.92","10,588.79","10,235.39","256.64M","-2.82%"
"06/02/2009","10,588.79","10,566.16","10,634.42","10,515.06","240.68M","-0.14%"
"06/01/2009","10,604.06","10,530.80","10,637.73","10,370.07","263.26M","2.26%"
"05/29/2009","10,370.07","10,473.40","10,493.12","10,320.00","303.62M","-0.21%"
"05/28/2009","10,392.37","10,270.55","10,413.94","10,142.16","268.21M","2.47%"
"05/27/2009","10,142.16","10,313.63","10,335.18","10,142.16","242.73M","-1.40%"
"05/26/2009","10,285.90","9,989.62","10,286.85","9,971.58","215.72M","2.15%"
"05/25/2009","10,069.50","10,004.78","10,073.16","9,993.42","67.19M","0.76%"
"05/22/2009","9,993.42","10,014.90","10,065.80","9,941.85","217.20M","0.44%"
"05/21/2009","9,949.59","10,090.59","10,232.44","9,935.23","207.26M","-2.76%"
"05/20/2009","10,232.44","10,191.23","10,365.39","10,100.95","259.14M","1.30%"
"05/19/2009","10,100.95","10,037.74","10,139.56","9,762.85","219.89M","3.46%"
"05/15/2009","9,762.85","9,877.03","9,947.06","9,750.94","164.84M","-0.88%"
"05/14/2009","9,849.20","9,700.16","9,937.96","9,683.13","228.31M","1.44%"
"05/13/2009","9,709.51","9,958.60","10,077.70","9,695.56","258.72M","-3.65%"
"05/12/2009","10,077.70","10,184.02","10,193.08","9,970.26","248.32M","-0.16%"
"05/11/2009","10,094.14","10,069.52","10,237.99","9,995.82","294.93M","-1.41%"
"05/08/2009","10,237.99","10,118.33","10,256.01","9,967.05","242.24M","2.72%"
"05/07/2009","9,967.05","10,332.06","10,340.78","9,922.03","301.15M","-1.74%"
"05/06/2009","10,143.43","9,992.22","10,158.20","9,880.72","295.07M","2.66%"
"05/05/2009","9,880.72","9,869.25","9,918.93","9,783.65","231.63M","0.10%"
"05/04/2009","9,870.37","9,604.59","9,870.37","9,496.96","244.65M","3.93%"
"05/01/2009","9,496.96","9,369.15","9,527.70","9,324.83","195.21M","1.85%"
"04/30/2009","9,324.83","9,454.23","9,568.32","9,321.39","257.41M","-0.97%"
"04/29/2009","9,416.31","9,429.51","9,476.55","9,348.03","205.91M","0.73%"
"04/28/2009","9,348.03","9,268.85","9,394.80","9,273.80","219.94M","-0.50%"
"04/27/2009","9,394.80","9,345.88","9,549.48","9,351.54","196.36M","-1.62%"
"04/24/2009","9,549.48","9,483.44","9,566.68","9,409.50","245.77M","1.49%"
"04/23/2009","9,409.50","9,341.53","9,412.97","9,279.15","250.47M","1.40%"
"04/22/2009","9,279.15","9,223.63","9,411.55","9,189.61","211.92M","0.35%"
"04/21/2009","9,247.17","9,034.84","9,254.20","9,014.08","247.19M","1.33%"
"04/20/2009","9,126.15","9,324.42","9,437.65","9,125.27","238.68M","-3.30%"
"04/17/2009","9,437.65","9,365.28","9,483.58","9,343.37","237.75M","1.01%"
"04/16/2009","9,343.37","9,293.17","9,356.46","9,184.70","244.88M","1.05%"
"04/15/2009","9,246.11","9,196.79","9,251.38","9,118.85","201.11M","0.16%"
"04/14/2009","9,231.62","9,292.62","9,330.61","9,185.94","266.51M","-0.58%"
"04/13/2009","9,285.62","9,142.15","9,310.89","9,114.87","190.85M","1.07%"
"04/09/2009","9,187.12","9,110.03","9,187.12","8,969.28","234.97M","2.43%"
"04/08/2009","8,969.28","8,819.62","8,969.28","8,782.69","187.00M","1.64%"
"04/07/2009","8,824.75","8,940.26","9,016.17","8,820.20","206.40M","-2.12%"
"04/06/2009","9,016.17","8,963.77","9,065.76","8,918.98","230.34M","-0.55%"
"04/03/2009","9,065.76","9,107.11","9,140.12","8,987.73","248.89M","-0.08%"
"04/02/2009","9,073.14","9,093.46","9,139.48","8,941.82","306.83M","1.47%"
"04/01/2009","8,941.82","8,647.56","8,941.82","8,617.28","228.01M","2.54%"
"03/31/2009","8,720.39","8,673.43","8,780.61","8,596.22","222.85M","1.44%"
"03/30/2009","8,596.22","8,605.39","8,821.06","8,453.09","236.76M","-2.55%"
"03/27/2009","8,821.06","8,894.83","8,995.50","8,807.20","240.94M","-1.94%"
"03/26/2009","8,995.50","8,939.75","9,018.50","8,797.44","279.14M","2.25%"
"03/25/2009","8,797.44","8,890.72","8,981.80","8,692.56","298.05M","-0.59%"
"03/24/2009","8,849.39","8,825.68","8,958.51","8,766.65","268.01M","-1.22%"
"03/23/2009","8,958.51","8,765.47","8,958.51","8,506.35","287.22M","5.32%"
"03/20/2009","8,506.35","8,708.12","8,737.83","8,506.35","338.24M","-2.12%"
"03/19/2009","8,690.49","8,797.44","8,845.84","8,629.10","310.97M","0.71%"
"03/18/2009","8,629.10","8,460.98","8,669.79","8,287.69","274.61M","0.81%"
"03/17/2009","8,559.60","8,434.16","8,559.60","8,304.57","234.23M","2.06%"
"03/16/2009","8,386.71","8,289.86","8,550.77","8,278.93","234.87M","1.00%"
"03/13/2009","8,303.39","8,359.44","8,351.85","8,183.79","218.64M","0.26%"
"03/12/2009","8,282.27","8,027.32","8,332.53","7,975.01","273.30M","3.39%"
"03/11/2009","8,011.02","7,922.38","8,056.79","7,858.41","284.73M","1.66%"
"03/10/2009","7,880.41","7,699.87","7,886.82","7,566.94","323.57M","4.14%"
"03/09/2009","7,566.94","7,527.44","7,695.32","7,515.01","196.93M","-0.32%"
"03/06/2009","7,591.47","7,686.76","7,764.84","7,479.96","241.50M","-0.49%"
"03/05/2009","7,629.17","7,734.31","7,814.75","7,589.84","263.63M","-2.37%"
"03/04/2009","7,814.75","7,857.54","7,866.03","7,631.62","292.50M","2.40%"
"03/03/2009","7,631.62","7,752.92","7,797.67","7,501.12","259.56M","-0.73%"
"03/02/2009","7,687.51","7,997.63","8,123.02","7,589.66","259.17M","-5.36%"
"02/27/2009","8,123.02","8,061.54","8,188.72","8,005.09","268.43M","-0.78%"
"02/26/2009","8,186.82","8,052.21","8,195.93","7,932.30","306.89M","3.21%"
"02/25/2009","7,932.30","7,885.96","8,033.14","7,753.85","255.04M","0.93%"
"02/24/2009","7,859.33","7,674.07","7,859.33","7,566.32","349.88M","2.77%"
"02/23/2009","7,647.67","8,014.40","8,032.08","7,640.84","257.61M","-3.80%"
"02/20/2009","7,949.99","8,103.23","8,185.35","7,874.90","261.80M","-2.88%"
"02/19/2009","8,185.35","8,234.12","8,296.33","8,117.41","263.96M","0.11%"
"02/18/2009","8,175.95","8,419.48","8,413.02","8,138.98","273.96M","-2.42%"
"02/17/2009","8,378.70","8,630.28","8,678.10","8,351.94","230.62M","-3.45%"
"02/13/2009","8,678.10","8,797.02","8,792.30","8,669.15","177.56M","-1.15%"
"02/12/2009","8,778.78","8,698.25","8,785.09","8,590.49","242.73M","0.47%"
"02/11/2009","8,737.89","8,840.34","8,919.21","8,731.15","282.02M","-0.91%"
"02/10/2009","8,817.89","9,084.31","9,114.48","8,771.75","232.53M","-2.54%"
"02/09/2009","9,047.28","9,055.76","9,151.58","8,997.44","194.10M","0.44%"
"02/06/2009","9,008.02","8,827.09","9,102.00","8,824.68","245.33M","1.66%"
"02/05/2009","8,860.98","8,708.05","8,860.98","8,607.45","243.66M","1.93%"
"02/04/2009","8,693.09","8,700.04","8,814.02","8,628.63","282.62M","0.75%"
"02/03/2009","8,628.63","8,643.93","8,663.02","8,540.47","206.61M","0.04%"
"02/02/2009","8,624.83","8,602.98","8,694.90","8,533.63","186.57M","-0.81%"
"01/30/2009","8,694.90","8,901.45","8,892.20","8,579.89","264.80M","-0.77%"
"01/29/2009","8,762.76","8,815.51","8,906.23","8,740.78","231.91M","-1.61%"
"01/28/2009","8,906.23","8,900.46","8,966.72","8,759.63","271.16M","1.67%"
"01/27/2009","8,759.63","8,692.07","8,762.70","8,621.35","183.25M","1.19%"
"01/26/2009","8,656.51","8,700.12","8,821.92","8,539.44","196.54M","0.33%"
"01/23/2009","8,627.97","8,428.53","8,687.80","8,387.56","272.41M","1.67%"
"01/22/2009","8,486.56","8,619.17","8,757.89","8,472.52","210.89M","-3.10%"
"01/21/2009","8,757.89","8,574.51","8,763.52","8,392.12","245.97M","2.97%"
"01/20/2009","8,504.93","8,867.88","8,869.30","8,486.32","271.03M","-3.81%"
"01/19/2009","8,841.48","8,864.35","8,920.40","8,807.73","95.88M","-0.88%"
"01/16/2009","8,920.40","9,082.14","9,036.44","8,734.42","210.11M","0.46%"
"01/15/2009","8,879.61","8,730.77","8,879.61","8,470.97","333.60M","2.20%"
"01/14/2009","8,688.36","8,863.80","8,961.55","8,608.63","285.19M","-3.05%"
"01/13/2009","8,961.55","8,826.35","8,986.15","8,793.33","203.53M","1.91%"
"01/12/2009","8,793.33","8,952.50","9,085.18","8,751.58","210.80M","-3.21%"
"01/09/2009","9,085.18","9,237.83","9,267.51","9,053.16","199.52M","-1.48%"
"01/08/2009","9,221.58","9,075.47","9,224.07","9,016.69","204.08M","1.10%"
"01/07/2009","9,121.32","9,362.87","9,472.09","9,100.24","222.08M","-3.70%"
"01/06/2009","9,472.09","9,409.77","9,505.72","9,285.51","263.95M","2.01%"
"01/05/2009","9,285.51","9,233.04","9,372.92","9,115.96","242.54M","0.56%"
"01/02/2009","9,234.11","8,951.85","9,235.18","8,918.11","150.69M","2.74%"
"12/31/2008","8,987.70","8,794.53","8,998.37","8,790.43","197.77M","1.78%"
"12/30/2008","8,830.72","8,645.28","8,833.26","8,591.49","189.07M","2.24%"
"12/29/2008","8,637.29","8,508.33","8,637.29","8,310.55","150.96M","3.93%"
"12/24/2008","8,310.55","8,286.73","8,357.23","8,253.45","103.41M","-0.02%"
"12/23/2008","8,311.91","8,310.30","8,421.13","8,227.04","201.54M","0.76%"
"12/22/2008","8,249.53","8,511.07","8,552.00","8,206.55","197.90M","-3.54%"
"12/19/2008","8,552.00","8,346.58","8,552.50","8,305.39","587.41M","1.50%"
"12/18/2008","8,425.35","8,613.13","8,724.11","8,262.10","403.28M","-3.42%"
"12/16/2008","8,724.11","8,426.29","8,724.11","8,436.05","316.24M","3.10%"
"12/15/2008","8,461.83","8,608.23","8,609.42","8,362.29","270.70M","-0.63%"
"12/12/2008","8,515.45","8,140.29","8,537.89","8,110.13","286.91M","1.47%"
"12/11/2008","8,391.90","8,634.97","8,684.73","8,304.59","327.38M","-2.80%"
"12/10/2008","8,634.00","8,539.22","8,692.88","8,397.56","363.80M","2.82%"
"12/09/2008","8,397.56","8,442.25","8,598.72","8,348.58","299.39M","-1.98%"
"12/08/2008","8,567.12","8,425.98","8,625.02","8,117.03","292.67M","5.55%"
"12/05/2008","8,117.03","7,954.23","8,126.30","7,802.32","264.16M","0.73%"
"12/04/2008","8,057.82","8,295.11","8,483.35","7,978.47","270.11M","-2.88%"
"12/03/2008","8,296.96","8,117.27","8,352.61","8,081.26","300.35M","-0.37%"
"12/02/2008","8,327.81","8,509.87","8,527.02","8,220.17","334.71M","-0.93%"
"12/01/2008","8,406.21","8,816.36","9,270.62","8,380.77","293.16M","-9.32%"
"11/28/2008","9,270.62","8,737.24","9,270.62","8,635.57","228.56M","5.90%"
"11/27/2008","8,753.77","8,599.13","8,757.02","8,584.64","131.52M","1.28%"
"11/26/2008","8,643.52","8,300.19","8,645.70","8,222.59","333.42M","2.38%"
"11/25/2008","8,442.86","8,494.08","8,563.69","8,269.50","364.71M","0.02%"
"11/24/2008","8,440.87","8,276.53","8,607.90","8,136.78","382.06M","3.50%"
"11/21/2008","8,155.39","8,079.79","8,175.63","7,647.11","454.00M","5.57%"
"11/20/2008","7,724.76","8,347.36","8,490.56","7,713.60","422.26M","-9.02%"
"11/19/2008","8,490.56","8,827.05","8,872.00","8,451.17","304.60M","-3.91%"
"11/18/2008","8,835.73","8,865.19","8,923.03","8,659.26","284.91M","0.46%"
"11/17/2008","8,795.45","9,024.54","9,055.96","8,779.84","241.68M","-2.88%"
"11/14/2008","9,055.96","9,249.40","9,352.78","9,025.75","307.83M","-3.17%"
"11/13/2008","9,352.78","9,013.66","9,352.78","8,572.36","370.93M","4.82%"
"11/12/2008","8,922.57","9,286.94","9,424.00","8,861.83","284.91M","-5.32%"
"11/11/2008","9,424.00","9,538.14","9,688.80","9,328.07","252.46M","-2.73%"
"11/10/2008","9,688.80","9,892.24","9,928.75","9,596.21","247.14M","0.96%"
"11/07/2008","9,596.21","9,635.46","9,674.34","9,501.39","220.04M","0.43%"
"11/06/2008","9,555.41","9,843.91","9,887.20","9,424.41","309.25M","-3.36%"
"11/05/2008","9,887.20","10,066.48","10,199.78","9,813.35","272.13M","-2.27%"
"11/04/2008","10,116.58","9,906.24","10,165.41","9,721.26","304.54M","4.07%"
"11/03/2008","9,721.26","9,841.26","9,878.13","9,649.46","211.11M","-0.43%"
"10/31/2008","9,762.76","9,736.55","9,941.01","9,614.12","280.33M","-0.95%"
"10/30/2008","9,856.21","9,700.49","9,856.21","9,457.16","297.07M","3.73%"
"10/29/2008","9,501.56","9,238.63","9,628.87","9,151.63","378.66M","3.82%"
"10/28/2008","9,151.63","8,973.26","9,151.63","8,537.34","328.99M","7.20%"
"10/27/2008","8,537.34","9,142.97","9,294.09","8,537.34","240.55M","-8.14%"
"10/24/2008","9,294.09","8,652.38","9,331.35","8,633.67","302.98M","-0.40%"
"10/23/2008","9,331.35","9,351.54","9,466.50","8,887.53","325.75M","1.02%"
"10/22/2008","9,236.88","9,591.14","9,795.80","9,202.29","263.65M","-5.71%"
"10/21/2008","9,795.80","9,987.95","10,251.40","9,770.28","238.18M","-4.44%"
"10/20/2008","10,251.40","9,839.46","10,251.40","9,562.49","278.14M","7.20%"
"10/17/2008","9,562.49","9,253.28","9,862.31","9,064.28","285.03M","3.16%"
"10/16/2008","9,269.97","9,327.03","9,430.61","8,761.02","324.33M","-0.58%"
"10/15/2008","9,323.85","9,652.25","9,955.66","9,264.23","291.99M","-6.35%"
"10/14/2008","9,955.66","10,773.14","10,702.30","9,065.16","394.61M","9.82%"
"10/10/2008","9,065.16","9,065.20","9,600.18","8,850.51","390.42M","-5.57%"
"10/09/2008","9,600.18","10,302.53","10,385.36","9,449.63","304.73M","-4.54%"
"10/08/2008","10,056.31","9,520.29","10,103.68","9,496.67","384.03M","2.31%"
"10/07/2008","9,829.55","10,442.54","10,523.18","9,782.87","355.60M","-3.92%"
"10/06/2008","10,230.43","10,444.96","10,803.35","9,617.93","398.40M","-5.30%"
"10/03/2008","10,803.35","11,074.62","11,356.37","10,798.50","330.80M","-0.89%"
"10/02/2008","10,900.54","11,513.87","11,714.51","10,900.54","320.49M","-6.95%"
"10/01/2008","11,714.51","11,730.65","11,775.76","11,550.91","276.04M","-0.33%"
"09/30/2008","11,752.90","11,559.19","11,902.65","11,285.07","328.66M","4.15%"
"09/29/2008","11,285.07","11,987.14","12,126.00","11,171.32","288.95M","-6.93%"
"09/26/2008","12,126.00","12,242.24","12,546.51","12,028.27","201.70M","-3.35%"
"09/25/2008","12,546.51","12,427.22","12,601.59","12,405.63","246.65M","0.26%"
"09/24/2008","12,513.36","12,643.24","12,664.33","12,467.55","260.78M","-0.15%"
"09/23/2008","12,532.63","12,599.88","12,758.82","12,449.95","259.66M","-0.83%"
"09/22/2008","12,638.07","12,896.75","12,968.21","12,638.07","276.06M","-2.13%"
"09/19/2008","12,912.99","12,626.01","12,912.99","12,064.57","579.79M","7.03%"
"09/18/2008","12,064.57","12,082.13","12,382.67","11,877.69","599.76M","1.57%"
"09/17/2008","11,877.69","12,151.07","12,226.99","11,788.03","443.86M","-2.86%"
"09/16/2008","12,226.99","11,958.35","12,254.03","11,903.09","341.58M","-0.22%"
"09/15/2008","12,254.03","12,325.70","12,769.58","12,254.03","231.95M","-4.04%"
"09/12/2008","12,769.58","12,582.32","12,779.96","12,568.72","246.22M","1.24%"
"09/11/2008","12,612.76","12,373.00","12,628.38","12,258.21","260.69M","0.93%"
"09/10/2008","12,497.15","12,279.65","12,550.72","12,146.76","330.26M","2.88%"
"09/09/2008","12,146.76","12,605.67","12,634.64","12,146.76","307.16M","-3.86%"
"09/08/2008","12,634.64","13,160.90","13,163.97","12,634.64","292.29M","-1.42%"
"09/05/2008","12,816.42","12,765.29","12,868.70","12,549.94","261.89M","0.02%"
"09/04/2008","12,814.14","13,134.26","13,137.72","12,708.91","280.26M","-2.46%"
"09/03/2008","13,137.72","13,288.40","13,299.54","12,959.86","260.43M","-1.22%"
"09/02/2008","13,299.54","13,558.84","13,771.25","13,299.54","209.85M","-3.43%"
"08/29/2008","13,771.25","13,720.14","13,771.25","13,663.27","159.77M","0.15%"
"08/28/2008","13,750.48","13,659.32","13,750.48","13,530.65","199.78M","1.62%"
"08/27/2008","13,530.65","13,387.93","13,574.70","13,299.07","202.06M","1.74%"
"08/26/2008","13,299.07","13,273.94","13,322.17","13,243.93","177.94M","0.08%"
"08/25/2008","13,288.96","13,422.23","13,447.29","13,258.58","128.99M","-1.18%"
"08/22/2008","13,447.29","13,461.63","13,539.22","13,339.84","150.23M","-0.68%"
"08/21/2008","13,539.22","13,430.95","13,575.83","13,350.14","212.66M","1.42%"
"08/20/2008","13,350.14","13,190.89","13,360.05","13,063.85","204.32M","2.19%"
"08/19/2008","13,063.85","13,049.75","13,185.12","13,015.88","213.02M","-0.42%"
"08/18/2008","13,119.37","13,197.12","13,234.81","13,073.92","161.71M","0.17%"
"08/15/2008","13,096.70","13,251.83","13,358.91","13,063.93","175.12M","-1.96%"
"08/14/2008","13,358.91","13,282.94","13,409.16","13,254.80","186.60M","-0.14%"
"08/13/2008","13,377.22","13,155.55","13,377.22","13,086.45","280.38M","1.60%"
"08/12/2008","13,167.00","13,229.24","13,272.35","13,141.45","220.59M","-0.27%"
"08/11/2008","13,203.19","13,310.55","13,341.74","13,167.60","247.06M","-1.04%"
"08/08/2008","13,341.74","13,301.79","13,386.65","13,223.49","200.13M","-0.32%"
"08/07/2008","13,385.17","13,441.34","13,493.53","13,348.29","222.86M","-0.51%"
"08/06/2008","13,453.51","13,331.24","13,504.02","13,242.20","236.54M","1.60%"
"08/05/2008","13,242.20","13,148.85","13,496.53","13,130.54","292.12M","-1.88%"
"08/01/2008","13,496.53","13,645.14","13,665.18","13,399.99","199.08M","-0.71%"
"07/31/2008","13,592.91","13,654.71","13,727.97","13,564.18","270.46M","-0.66%"
"07/30/2008","13,683.21","13,374.05","13,691.08","13,342.55","272.73M","2.55%"
"07/29/2008","13,342.55","13,303.62","13,348.48","13,240.15","197.95M","0.29%"
"07/28/2008","13,303.96","13,406.91","13,534.27","13,288.09","176.41M","-0.56%"
"07/25/2008","13,378.81","13,303.59","13,390.57","13,157.88","214.83M","1.31%"
"07/24/2008","13,206.14","13,567.41","13,592.73","13,196.87","334.20M","-2.27%"
"07/23/2008","13,512.66","13,624.27","13,644.73","13,509.24","268.33M","-0.96%"
"07/22/2008","13,643.19","13,634.19","13,689.19","13,476.32","196.40M","-0.34%"
"07/21/2008","13,689.19","13,658.49","13,740.38","13,515.96","170.34M","1.28%"
"07/18/2008","13,515.96","13,556.81","13,607.75","13,460.25","207.76M","0.41%"
"07/17/2008","13,460.25","13,595.57","13,662.51","13,348.40","275.37M","-0.32%"
"07/16/2008","13,503.80","13,356.25","13,514.65","13,167.34","272.21M","1.09%"
"07/15/2008","13,357.56","13,651.75","13,741.29","13,256.16","302.77M","-2.79%"
"07/14/2008","13,741.29","13,855.32","13,888.29","13,663.40","263.82M","0.23%"
"07/11/2008","13,709.10","13,797.44","13,859.93","13,596.56","229.44M","-0.25%"
"07/10/2008","13,743.88","13,727.86","13,776.48","13,572.63","202.96M","0.98%"
"07/09/2008","13,610.84","13,932.71","13,981.17","13,609.48","213.15M","-1.44%"
"07/08/2008","13,809.77","13,689.62","13,823.23","13,557.08","246.56M","0.71%"
"07/07/2008","13,712.80","13,971.31","14,068.72","13,640.24","244.55M","-2.12%"
"07/04/2008","14,010.39","14,176.29","14,157.59","14,010.39","98.10M","-0.94%"
"07/03/2008","14,143.57","13,992.76","14,143.57","13,796.48","204.98M","0.78%"
"07/02/2008","14,034.11","14,573.50","14,584.85","13,983.65","253.85M","-2.99%"
"06/30/2008","14,467.03","14,402.99","14,492.09","14,346.57","200.52M","0.78%"
"06/27/2008","14,355.21","14,281.64","14,397.53","14,235.96","222.41M","0.44%"
"06/26/2008","14,292.14","14,417.66","14,441.13","14,156.52","243.09M","-1.03%"
"06/25/2008","14,441.13","14,442.07","14,503.85","14,259.88","252.79M","0.22%"
"06/24/2008","14,409.60","14,679.06","14,693.98","14,376.04","231.72M","-1.92%"
"06/23/2008","14,691.82","14,621.96","14,719.87","14,580.67","218.06M","0.76%"
"06/20/2008","14,580.67","14,804.88","14,854.44","14,580.67","392.12M","-1.42%"
"06/19/2008","14,790.15","15,049.09","15,073.13","14,767.96","201.16M","-1.88%"
"06/18/2008","15,073.13","15,068.60","15,092.98","14,949.63","243.90M","0.03%"
"06/17/2008","15,068.83","14,950.38","15,096.93","14,944.28","207.23M","0.83%"
"06/16/2008","14,944.28","14,893.12","15,006.57","14,778.46","169.14M","1.12%"
"06/13/2008","14,778.46","14,591.94","14,789.00","14,578.07","173.17M","1.20%"
"06/12/2008","14,602.59","14,650.36","14,716.52","14,576.54","212.50M","-0.77%"
"06/11/2008","14,716.52","14,816.77","14,817.09","14,687.41","260.04M","-0.13%"
"06/10/2008","14,736.20","14,897.46","14,960.76","14,660.61","236.98M","-1.50%"
"06/09/2008","14,960.76","14,978.57","15,096.69","14,901.94","182.80M","-0.06%"
"06/06/2008","14,969.55","15,071.56","15,154.77","14,948.73","230.36M","-0.09%"
"06/05/2008","14,982.91","14,761.76","14,991.87","14,690.46","236.13M","1.99%"
"06/04/2008","14,690.46","14,691.48","14,790.31","14,640.71","199.24M","-0.26%"
"06/03/2008","14,728.61","14,787.15","14,915.15","14,678.13","188.98M","-0.58%"
"06/02/2008","14,814.18","14,673.89","14,858.89","14,647.73","205.81M","0.68%"
"05/30/2008","14,714.73","14,684.50","14,804.28","14,577.17","252.81M","0.94%"
"05/29/2008","14,577.17","14,590.89","14,696.95","14,561.63","198.54M","-0.76%"
"05/28/2008","14,688.62","14,508.18","14,698.11","14,464.68","216.39M","1.15%"
"05/27/2008","14,522.13","14,700.90","14,758.57","14,515.77","214.06M","-1.60%"
"05/26/2008","14,758.57","14,750.44","14,775.14","14,695.12","78.24M","0.24%"
"05/23/2008","14,723.36","14,813.27","14,835.69","14,616.13","200.59M","-0.47%"
"05/22/2008","14,792.36","14,781.05","14,878.03","14,728.64","249.17M","0.01%"
"05/21/2008","14,790.37","15,017.10","15,128.56","14,779.31","306.77M","-1.71%"
"05/20/2008","15,047.34","14,944.75","15,090.74","14,914.85","273.79M","0.42%"
"05/16/2008","14,984.20","15,012.31","14,991.83","14,828.06","245.98M","1.05%"
"05/15/2008","14,828.06","14,687.23","14,828.06","14,626.31","244.60M","1.38%"
"05/14/2008","14,626.31","14,627.97","14,737.18","14,613.98","235.58M","0.07%"
"05/13/2008","14,616.70","14,628.44","14,666.07","14,553.06","201.09M","-0.34%"
"05/12/2008","14,666.07","14,611.61","14,695.75","14,506.84","209.33M","1.00%"
"05/09/2008","14,521.19","14,567.49","14,633.99","14,510.16","262.00M","-0.59%"
"05/08/2008","14,607.99","14,388.21","14,609.24","14,371.53","289.04M","1.65%"
"05/07/2008","14,371.53","14,416.94","14,448.08","14,350.75","251.69M","-0.30%"
"05/06/2008","14,414.30","14,246.52","14,430.84","14,226.14","226.28M","0.98%"
"05/05/2008","14,274.34","14,356.92","14,365.77","14,266.30","207.44M","-0.04%"
"05/02/2008","14,280.28","14,203.65","14,301.02","14,065.81","210.84M","1.52%"
"05/01/2008","14,065.81","13,920.25","14,087.93","13,846.57","220.04M","0.92%"
"04/30/2008","13,937.04","13,876.88","14,039.58","13,825.60","281.02M","0.81%"
"04/29/2008","13,825.60","14,008.34","14,085.85","13,820.17","220.93M","-1.85%"
"04/28/2008","14,085.85","14,171.06","14,233.93","14,082.36","190.18M","-0.13%"
"04/25/2008","14,103.87","14,063.44","14,114.18","13,966.33","217.54M","0.98%"
"04/24/2008","13,966.33","14,058.63","14,069.80","13,859.36","214.44M","-0.74%"
"04/23/2008","14,069.80","14,253.67","14,267.88","14,069.80","215.78M","-1.38%"
"04/22/2008","14,266.34","14,299.59","14,372.31","14,236.87","212.22M","-0.38%"
"04/21/2008","14,321.16","14,286.59","14,330.17","14,237.06","192.46M","0.59%"
"04/18/2008","14,237.06","14,188.21","14,272.16","14,096.41","243.54M","0.86%"
"04/17/2008","14,115.50","14,085.72","14,172.75","14,052.83","198.43M","0.11%"
"04/16/2008","14,099.48","13,929.88","14,103.75","13,850.95","219.90M","1.79%"
"04/15/2008","13,850.95","13,833.31","13,878.22","13,738.60","191.83M","0.82%"
"04/14/2008","13,738.60","13,689.61","13,775.08","13,669.63","167.64M","0.41%"
"04/11/2008","13,683.03","13,787.66","13,909.58","13,666.51","185.12M","-1.63%"
"04/10/2008","13,909.58","13,804.39","13,909.58","13,704.77","218.20M","1.16%"
"04/09/2008","13,750.55","13,737.33","13,767.39","13,682.59","212.50M","0.17%"
"04/08/2008","13,727.53","13,626.12","13,763.67","13,643.12","202.98M","-0.13%"
"04/07/2008","13,745.01","13,800.19","13,897.39","13,668.19","221.76M","0.56%"
"04/04/2008","13,668.19","13,598.49","13,721.06","13,551.29","217.66M","0.86%"
"04/03/2008","13,551.29","13,475.71","13,633.44","13,472.14","240.89M","0.27%"
"04/02/2008","13,514.14","13,514.96","13,598.26","13,440.72","249.82M","0.55%"
"04/01/2008","13,440.72","13,337.71","13,440.72","13,254.04","240.40M","0.68%"
"03/31/2008","13,350.13","13,281.20","13,350.13","13,131.08","240.60M","0.88%"
"03/28/2008","13,233.79","13,402.04","13,419.44","13,224.82","245.54M","-1.28%"
"03/27/2008","13,405.78","13,403.23","13,454.47","13,350.02","243.02M","0.10%"
"03/26/2008","13,391.86","13,329.68","13,419.69","13,277.67","284.19M","0.52%"
"03/25/2008","13,322.22","13,126.38","13,324.07","13,019.72","280.18M","2.32%"
"03/24/2008","13,019.72","12,892.57","13,113.53","12,775.64","199.12M","1.91%"
"03/20/2008","12,775.64","12,617.99","12,833.62","12,453.90","374.70M","0.52%"
"03/19/2008","12,709.38","13,119.79","13,147.04","12,695.23","275.04M","-3.25%"
"03/18/2008","13,136.70","13,068.31","13,140.20","12,952.15","220.57M","1.42%"
"03/17/2008","12,952.15","12,922.72","13,252.84","12,797.84","268.05M","-2.27%"
"03/14/2008","13,252.84","13,486.36","13,495.63","13,160.36","251.02M","-1.42%"
"03/13/2008","13,443.50","13,171.36","13,454.23","13,123.37","251.92M","1.10%"
"03/12/2008","13,297.35","13,349.21","13,381.09","13,237.37","216.39M","-0.35%"
"03/11/2008","13,344.53","13,197.23","13,344.53","13,005.09","252.83M","2.61%"
"03/10/2008","13,005.09","13,266.91","13,281.72","12,980.37","196.91M","-2.08%"
"03/07/2008","13,281.72","13,215.16","13,419.45","13,147.65","214.55M","-0.59%"
"03/06/2008","13,360.44","13,617.07","13,604.87","13,347.77","223.79M","-1.79%"
"03/05/2008","13,603.32","13,565.89","13,650.07","13,476.81","277.05M","0.94%"
"03/04/2008","13,476.81","13,525.93","13,570.07","13,297.49","273.47M","-0.50%"
"03/03/2008","13,544.38","13,622.46","13,667.60","13,449.03","220.83M","-0.28%"
"02/29/2008","13,582.69","13,804.13","13,873.89","13,546.92","252.22M","-2.10%"
"02/28/2008","13,873.89","13,773.72","13,891.78","13,738.27","286.85M","0.69%"
"02/27/2008","13,778.38","13,741.77","13,851.68","13,732.95","259.07M","-0.14%"
"02/26/2008","13,797.01","13,639.82","13,846.82","13,634.54","241.20M","0.73%"
"02/25/2008","13,697.45","13,559.97","13,728.45","13,527.43","191.26M","0.82%"
"02/22/2008","13,585.93","13,564.31","13,603.41","13,395.32","219.60M","0.57%"
"02/21/2008","13,509.55","13,669.94","13,657.24","13,489.82","274.90M","-0.31%"
"02/20/2008","13,551.69","13,339.24","13,566.02","13,331.87","221.03M","0.77%"
"02/19/2008","13,447.74","13,399.39","13,480.62","13,226.76","240.14M","1.67%"
"02/15/2008","13,226.76","13,223.80","13,227.64","13,106.97","182.06M","0.14%"
"02/14/2008","13,208.03","13,350.78","13,346.54","13,204.50","217.02M","-0.56%"
"02/13/2008","13,282.30","13,141.39","13,282.30","13,087.38","206.39M","1.49%"
"02/12/2008","13,087.38","13,141.82","13,219.17","13,036.49","204.57M","-0.33%"
"02/11/2008","13,130.92","13,051.94","13,139.27","12,928.68","180.31M","1.09%"
"02/08/2008","12,989.34","12,890.59","13,016.45","12,894.65","202.23M","0.49%"
"02/07/2008","12,925.37","12,832.25","12,980.41","12,747.61","194.63M","0.45%"
"02/06/2008","12,867.20","13,064.85","13,067.31","12,838.26","180.12M","-0.50%"
"02/05/2008","12,931.95","13,169.14","13,258.16","12,931.95","206.92M","-2.46%"
"02/04/2008","13,258.16","13,338.23","13,351.73","13,234.71","210.06M","-0.45%"
"02/01/2008","13,318.37","13,202.58","13,331.08","13,155.10","335.26M","1.24%"
"01/31/2008","13,155.10","12,887.42","13,176.62","12,817.74","288.02M","1.21%"
"01/30/2008","12,998.21","13,033.00","13,135.64","12,946.13","224.48M","-0.37%"
"01/29/2008","13,046.43","13,037.85","13,069.16","12,972.87","200.17M","0.46%"
"01/28/2008","12,986.90","12,891.49","12,989.71","12,774.75","202.35M","0.71%"
"01/25/2008","12,894.83","13,171.33","13,157.67","12,837.93","281.09M","-0.10%"
"01/24/2008","12,907.27","12,936.00","12,974.12","12,657.34","292.33M","1.97%"
"01/23/2008","12,657.40","12,415.50","12,681.95","12,216.79","300.86M","0.13%"
"01/22/2008","12,640.88","11,982.89","12,640.89","12,011.68","332.06M","4.19%"
"01/21/2008","12,132.13","12,249.06","12,737.80","12,119.88","170.83M","-4.75%"
"01/18/2008","12,737.12","12,897.84","12,962.49","12,598.43","262.42M","-0.46%"
"01/17/2008","12,795.63","13,154.86","13,209.28","12,766.09","262.74M","-2.14%"
"01/16/2008","13,074.86","13,177.70","13,316.81","12,989.15","289.47M","-1.82%"
"01/15/2008","13,316.78","13,580.81","13,698.28","13,314.55","263.79M","-2.79%"
"01/14/2008","13,698.28","13,729.46","13,734.38","13,632.56","208.30M","0.48%"
"01/11/2008","13,632.57","13,586.98","13,679.46","13,568.26","236.68M","-0.07%"
"01/10/2008","13,642.65","13,501.26","13,683.92","13,436.97","240.16M","0.46%"
"01/09/2008","13,579.94","13,528.33","13,586.61","13,414.06","246.85M","0.28%"
"01/08/2008","13,541.75","13,749.03","13,771.16","13,521.80","235.68M","-0.57%"
"01/07/2008","13,618.87","13,781.87","13,839.65","13,569.65","195.41M","-1.16%"
"01/04/2008","13,778.58","13,874.97","13,978.20","13,769.06","169.91M","-1.43%"
"01/03/2008","13,978.20","13,906.78","14,037.67","13,877.33","193.89M","0.37%"
"01/02/2008","13,926.76","13,907.73","13,945.35","13,833.06","148.68M","0.68%"
"12/31/2007","13,833.06","13,816.26","13,864.91","13,788.18","82.17M","0.08%"
"12/28/2007","13,821.34","13,695.31","13,822.30","13,675.57","88.69M","1.07%"
"12/27/2007","13,675.57","13,686.55","13,738.56","13,666.38","101.61M","-0.14%"
"12/24/2007","13,694.84","13,608.46","13,694.84","13,596.09","57.12M","0.73%"
"12/21/2007","13,596.09","13,348.68","13,603.31","13,348.36","307.81M","1.41%"
"12/20/2007","13,407.01","13,456.73","13,468.36","13,350.24","180.32M","0.13%"
"12/19/2007","13,389.82","13,368.92","13,492.70","13,358.07","180.99M","0.24%"
"12/18/2007","13,358.07","13,534.46","13,535.93","13,295.59","220.47M","-0.22%"
"12/17/2007","13,387.11","13,587.97","13,674.23","13,376.26","208.91M","-2.10%"
"12/14/2007","13,674.23","13,689.28","13,747.25","13,636.89","181.77M","-0.53%"
"12/13/2007","13,747.25","13,677.10","13,809.38","13,626.41","199.19M","-0.45%"
"12/12/2007","13,809.38","13,906.20","13,942.04","13,723.71","201.44M","0.62%"
"12/11/2007","13,723.71","13,963.37","14,027.22","13,722.57","223.17M","-1.55%"
"12/10/2007","13,940.36","13,915.75","13,988.48","13,862.97","191.32M","0.56%"
"12/07/2007","13,862.97","13,896.79","13,897.94","13,826.44","199.12M","0.10%"
"12/06/2007","13,849.80","13,753.66","13,850.80","13,706.13","244.33M","0.84%"
"12/05/2007","13,734.54","13,662.37","13,769.39","13,579.62","290.44M","1.14%"
"12/04/2007","13,579.62","13,664.48","13,667.98","13,568.45","230.72M","-0.57%"
"12/03/2007","13,657.17","13,671.55","13,718.15","13,635.03","198.37M","-0.23%"
"11/30/2007","13,689.12","13,705.25","13,785.48","13,610.48","294.04M","0.18%"
"11/29/2007","13,663.89","13,638.42","13,679.26","13,585.89","240.80M","0.23%"
"11/28/2007","13,632.15","13,422.26","13,637.89","13,369.12","265.41M","1.97%"
"11/27/2007","13,369.12","13,268.68","13,374.80","13,190.13","245.63M","0.36%"
"11/26/2007","13,321.05","13,501.10","13,552.68","13,309.29","219.87M","-1.09%"
"11/23/2007","13,467.20","13,403.10","13,490.83","13,381.00","188.03M","0.64%"
"11/22/2007","13,381.00","13,290.80","13,381.00","13,269.14","86.18M","0.76%"
"11/21/2007","13,280.58","13,370.50","13,459.77","13,264.48","216.49M","-1.33%"
"11/20/2007","13,459.77","13,393.73","13,541.85","13,312.55","245.31M","0.84%"
"11/19/2007","13,348.24","13,521.05","13,536.84","13,310.42","202.19M","-1.35%"
"11/16/2007","13,530.36","13,565.07","13,576.42","13,450.77","201.21M","0.04%"
"11/15/2007","13,524.43","13,692.12","13,774.54","13,450.75","228.56M","-1.82%"
"11/14/2007","13,774.54","13,873.07","13,878.06","13,705.14","226.80M","0.51%"
"11/13/2007","13,705.14","13,742.89","13,753.08","13,579.79","227.89M","0.74%"
"11/12/2007","13,604.96","13,819.01","13,869.82","13,589.98","217.17M","-1.91%"
"11/09/2007","13,869.82","13,972.94","14,128.59","13,840.26","236.53M","-1.83%"
"11/08/2007","14,128.59","14,166.15","14,214.14","13,881.78","279.33M","0.07%"
"11/07/2007","14,118.18","14,342.49","14,370.56","14,117.23","276.43M","-1.76%"
"11/06/2007","14,370.56","14,385.41","14,391.71","14,273.37","259.33M","0.68%"
"11/05/2007","14,273.37","14,214.08","14,363.88","14,158.84","188.25M","-0.63%"
"11/02/2007","14,363.88","14,427.59","14,422.70","14,216.72","246.74M","-0.06%"
"11/01/2007","14,372.54","14,485.67","14,625.00","14,345.97","265.71M","-1.73%"
"10/31/2007","14,625.00","14,384.43","14,625.00","14,312.08","422.72M","2.19%"
"10/30/2007","14,312.08","14,356.82","14,427.35","14,290.70","209.99M","-0.80%"
"10/29/2007","14,427.35","14,351.92","14,431.37","14,296.43","252.24M","0.92%"
"10/26/2007","14,296.43","14,154.55","14,296.43","14,124.94","249.23M","1.21%"
"10/25/2007","14,124.94","14,153.05","14,175.65","14,059.55","206.93M","0.26%"
"10/24/2007","14,088.51","14,065.39","14,107.69","13,933.73","207.27M","0.01%"
"10/23/2007","14,087.49","14,030.40","14,102.85","13,977.95","216.36M","0.31%"
"10/22/2007","14,043.60","13,874.68","14,043.60","13,869.13","192.02M","0.30%"
"10/19/2007","14,001.66","14,231.91","14,332.03","13,992.03","233.14M","-2.31%"
"10/18/2007","14,332.03","14,191.86","14,335.92","14,191.86","232.32M","0.79%"
"10/17/2007","14,219.50","14,250.64","14,254.15","14,116.95","232.74M","0.47%"
"10/16/2007","14,153.03","14,205.54","14,231.28","14,117.43","242.59M","-0.55%"
"10/15/2007","14,231.28","14,358.19","14,360.67","14,196.25","265.74M","-0.45%"
"10/12/2007","14,295.86","14,267.38","14,307.27","14,212.07","230.27M","0.47%"
"10/11/2007","14,229.44","14,356.97","14,407.92","14,161.61","337.40M","-0.33%"
"10/10/2007","14,276.19","14,268.16","14,306.71","14,190.10","295.09M","0.10%"
"10/09/2007","14,262.19","14,284.65","14,285.34","14,186.17","297.42M","0.20%"
"10/05/2007","14,233.34","14,171.51","14,261.70","14,125.11","188.07M","0.77%"
"10/04/2007","14,125.11","14,059.30","14,125.11","14,015.90","207.79M","0.74%"
"10/03/2007","14,020.85","14,145.18","14,180.68","14,016.88","204.69M","-0.93%"
"10/02/2007","14,152.73","14,141.42","14,200.58","14,061.25","233.91M","-0.34%"
"10/01/2007","14,200.58","14,113.13","14,214.71","14,098.89","186.57M","0.72%"
"09/28/2007","14,098.89","14,138.29","14,167.32","14,081.15","215.80M","-0.22%"
"09/27/2007","14,129.73","14,130.00","14,139.55","14,034.97","195.03M","0.68%"
"09/26/2007","14,034.97","14,061.36","14,080.25","13,975.58","225.93M","0.27%"
"09/25/2007","13,997.62","13,889.03","13,999.01","13,874.34","223.89M","0.28%"
"09/24/2007","13,958.28","13,960.67","14,040.58","13,940.07","288.13M","0.13%"
"09/21/2007","13,940.07","13,962.91","13,959.01","13,838.43","332.40M","0.73%"
"09/20/2007","13,838.43","13,941.50","13,939.78","13,814.48","331.14M","-0.73%"
"09/19/2007","13,939.78","14,010.94","14,070.73","13,899.86","251.77M","-0.47%"
"09/18/2007","14,005.40","13,808.35","14,005.40","13,793.17","218.28M","1.42%"
"09/17/2007","13,809.86","13,832.03","13,877.40","13,769.93","136.17M","-0.26%"
"09/14/2007","13,846.41","13,810.57","13,905.13","13,801.16","182.69M","0.02%"
"09/13/2007","13,843.20","13,787.49","13,895.93","13,756.72","201.07M","0.63%"
"09/12/2007","13,756.72","13,689.59","13,766.97","13,685.84","202.76M","0.38%"
"09/11/2007","13,704.28","13,632.64","13,727.64","13,625.49","229.45M","0.58%"
"09/10/2007","13,625.49","13,645.70","13,677.65","13,539.93","193.61M","-0.19%"
"09/07/2007","13,651.21","13,661.35","13,795.69","13,620.26","243.16M","-1.05%"
"09/06/2007","13,795.69","13,739.52","13,795.69","13,669.96","229.20M","0.82%"
"09/05/2007","13,683.28","13,688.04","13,785.73","13,652.81","168.67M","-0.52%"
"09/04/2007","13,755.23","13,673.69","13,781.56","13,660.48","157.41M","0.69%"
"08/31/2007","13,660.48","13,590.25","13,660.48","13,444.63","155.69M","1.61%"
"08/30/2007","13,444.63","13,425.68","13,501.28","13,367.61","149.59M","-0.34%"
"08/29/2007","13,490.12","13,311.84","13,494.08","13,264.87","170.08M","1.70%"
"08/28/2007","13,264.87","13,419.72","13,487.43","13,252.46","149.99M","-1.65%"
"08/27/2007","13,487.43","13,479.95","13,526.81","13,421.76","113.34M","-0.24%"
"08/24/2007","13,520.33","13,493.29","13,560.64","13,417.97","133.89M","0.51%"
"08/23/2007","13,451.11","13,538.98","13,547.48","13,358.14","178.06M","-0.09%"
"08/22/2007","13,463.14","13,383.70","13,470.83","13,238.71","214.54M","1.70%"
"08/21/2007","13,238.71","13,148.25","13,257.85","13,110.34","186.51M","0.98%"
"08/20/2007","13,110.34","13,117.40","13,170.99","12,968.25","180.23M","0.47%"
"08/17/2007","13,049.58","13,161.72","13,245.28","12,835.69","279.42M","1.56%"
"08/16/2007","12,848.70","12,834.03","13,048.76","12,463.78","376.24M","-1.53%"
"08/15/2007","13,048.76","13,145.12","13,323.13","13,043.41","253.14M","-1.46%"
"08/14/2007","13,242.62","13,501.08","13,525.75","13,210.14","224.31M","-1.38%"
"08/13/2007","13,427.45","13,596.21","13,652.64","13,427.45","200.99M","-0.29%"
"08/10/2007","13,466.28","13,400.69","13,478.01","13,228.71","286.59M","-0.09%"
"08/09/2007","13,478.01","13,558.27","13,758.19","13,460.93","310.05M","-2.04%"
"08/08/2007","13,758.19","13,684.91","13,835.44","13,560.57","261.54M","1.46%"
"08/07/2007","13,560.57","13,570.36","13,627.94","13,450.69","238.43M","-0.03%"
"08/03/2007","13,565.24","13,804.89","13,813.62","13,565.24","227.23M","-1.80%"
"08/02/2007","13,813.62","13,768.60","13,813.62","13,654.74","195.14M","1.16%"
"08/01/2007","13,654.74","13,751.77","13,868.63","13,527.37","236.57M","-1.54%"
"07/31/2007","13,868.63","13,990.67","14,029.12","13,864.28","259.32M","0.03%"
"07/30/2007","13,864.72","13,838.70","13,881.28","13,748.53","197.17M","0.85%"
"07/27/2007","13,748.53","13,813.45","13,959.07","13,729.96","208.56M","-0.69%"
"07/26/2007","13,844.60","14,027.25","14,105.32","13,704.97","259.86M","-1.85%"
"07/25/2007","14,105.32","14,116.67","14,205.85","13,949.87","228.08M","0.26%"
"07/24/2007","14,068.16","14,365.40","14,468.33","14,065.03","228.17M","-2.77%"
"07/23/2007","14,468.33","14,542.59","14,582.87","14,429.18","163.20M","-0.79%"
"07/20/2007","14,582.87","14,607.34","14,633.81","14,553.43","191.95M","-0.29%"
"07/19/2007","14,625.76","14,584.55","14,646.82","14,558.83","211.90M","0.29%"
"07/18/2007","14,583.66","14,369.21","14,583.66","14,354.56","264.11M","1.40%"
"07/17/2007","14,382.01","14,370.87","14,428.57","14,338.25","212.66M","0.31%"
"07/16/2007","14,338.25","14,460.46","14,496.50","14,309.45","232.94M","-1.09%"
"07/13/2007","14,496.50","14,369.98","14,496.50","14,356.00","190.35M","0.98%"
"07/12/2007","14,356.00","14,210.79","14,356.00","14,166.09","293.55M","1.34%"
"07/11/2007","14,166.09","14,126.43","14,171.74","14,087.11","207.10M","0.24%"
"07/10/2007","14,131.93","14,156.82","14,207.07","14,131.93","195.34M","-0.32%"
"07/09/2007","14,177.52","14,159.36","14,211.28","14,118.70","202.98M","0.42%"
"07/06/2007","14,118.70","14,055.95","14,128.44","14,034.75","198.63M","0.28%"
"07/05/2007","14,079.41","14,093.16","14,093.66","13,952.70","228.64M","0.14%"
"07/04/2007","14,060.39","14,050.16","14,092.01","14,039.80","88.82M","-0.03%"
"07/03/2007","14,064.74","14,001.37","14,064.74","13,906.57","210.75M","1.14%"
"06/29/2007","13,906.57","13,843.73","13,906.57","13,715.67","218.88M","1.39%"
"06/28/2007","13,715.67","13,784.60","13,824.22","13,708.96","267.82M","-0.19%"
"06/27/2007","13,741.92","13,618.42","13,741.92","13,535.27","231.44M","0.57%"
"06/26/2007","13,663.88","13,861.54","13,882.44","13,646.83","254.98M","-1.29%"
"06/25/2007","13,841.86","13,931.87","13,988.93","13,838.83","194.15M","-1.03%"
"06/22/2007","13,986.03","14,076.89","14,095.73","13,913.89","159.96M","-0.78%"
"06/21/2007","14,095.73","14,041.81","14,107.28","13,941.64","186.21M","0.84%"
"06/20/2007","13,978.16","14,139.18","14,174.11","13,978.16","204.07M","-1.00%"
"06/19/2007","14,119.49","14,161.00","14,176.42","14,080.92","217.83M","-0.40%"
"06/18/2007","14,176.42","14,155.54","14,209.42","14,137.41","214.14M","0.28%"
"06/15/2007","14,137.41","14,017.39","14,146.11","14,001.99","309.28M","0.97%"
"06/14/2007","14,001.99","13,864.36","14,003.07","13,859.52","225.14M","1.03%"
"06/13/2007","13,859.52","13,773.97","13,862.54","13,724.33","196.39M","0.99%"
"06/12/2007","13,724.33","13,775.73","13,852.07","13,721.71","199.45M","-0.78%"
"06/11/2007","13,832.82","13,826.29","13,893.77","13,798.50","159.24M","0.25%"
"06/08/2007","13,798.50","13,650.08","13,809.39","13,650.78","206.59M","0.69%"
"06/07/2007","13,703.88","13,924.19","13,964.50","13,700.58","254.42M","-1.71%"
"06/06/2007","13,941.59","14,094.62","14,141.69","13,914.64","240.05M","-1.41%"
"06/05/2007","14,141.69","14,133.10","14,170.25","14,108.63","234.03M","-0.04%"
"06/04/2007","14,146.74","14,044.36","14,146.74","14,009.01","258.58M","0.19%"
"06/01/2007","14,119.37","14,084.53","14,151.43","14,056.78","242.38M","0.45%"
"05/31/2007","14,056.78","14,085.26","14,132.20","14,056.78","265.41M","-0.18%"
"05/30/2007","14,081.71","13,927.23","14,096.52","13,895.88","227.62M","0.85%"
"05/29/2007","13,962.72","14,073.00","14,084.34","13,962.72","223.90M","-0.79%"
"05/28/2007","14,073.74","14,041.32","14,073.74","14,024.07","59.85M","0.35%"
"05/25/2007","14,024.07","13,988.89","14,076.96","13,946.27","193.97M","0.56%"
"05/24/2007","13,946.27","14,145.06","14,182.22","13,925.44","209.70M","-1.39%"
"05/23/2007","14,142.51","14,173.76","14,216.21","14,112.19","264.42M","0.21%"
"05/22/2007","14,112.19","14,129.20","14,161.94","14,098.56","210.45M","0.05%"
"05/18/2007","14,105.34","14,112.95","14,111.49","14,055.36","181.98M","0.03%"
"05/17/2007","14,100.71","14,011.05","14,100.71","13,946.25","211.90M","0.54%"
"05/16/2007","14,025.03","13,927.54","14,026.58","13,923.08","209.77M","0.65%"
"05/15/2007","13,934.64","13,913.73","13,979.10","13,883.62","211.51M","0.23%"
"05/14/2007","13,903.28","13,980.01","14,003.82","13,893.55","168.25M","-0.72%"
"05/11/2007","14,003.82","13,852.21","14,009.30","13,851.87","205.22M","1.09%"
"05/10/2007","13,853.13","13,875.08","13,925.48","13,819.91","223.11M","-0.30%"
"05/09/2007","13,895.16","13,890.70","13,950.89","13,847.46","258.61M","-0.15%"
"05/08/2007","13,915.36","13,856.94","13,915.36","13,793.17","240.39M","0.36%"
"05/07/2007","13,865.51","13,844.16","13,896.94","13,769.89","217.70M","0.69%"
"05/04/2007","13,769.89","13,729.50","13,808.81","13,687.00","258.21M","0.61%"
"05/03/2007","13,687.00","13,639.87","13,687.00","13,578.74","262.88M","0.80%"
"05/02/2007","13,578.74","13,385.11","13,598.26","13,363.36","262.61M","1.29%"
"05/01/2007","13,406.33","13,430.18","13,447.50","13,305.08","222.95M","-0.08%"
"04/30/2007","13,416.68","13,617.04","13,632.01","13,416.68","189.74M","-1.58%"
"04/27/2007","13,632.01","13,524.81","13,632.10","13,507.35","204.15M","0.25%"
"04/26/2007","13,597.52","13,628.80","13,672.85","13,597.52","198.62M","-0.55%"
"04/25/2007","13,672.85","13,610.01","13,675.30","13,589.97","198.45M","0.61%"
"04/24/2007","13,590.33","13,607.41","13,656.47","13,572.07","198.85M","-0.28%"
"04/23/2007","13,628.97","13,639.05","13,683.96","13,605.56","169.16M","-0.26%"
"04/20/2007","13,664.71","13,666.14","13,673.61","13,574.70","348.11M","0.66%"
"04/19/2007","13,574.70","13,582.46","13,711.96","13,538.98","185.49M","-1.00%"
"04/18/2007","13,711.96","13,612.66","13,713.14","13,617.18","183.66M","0.40%"
"04/17/2007","13,657.95","13,712.20","13,711.95","13,630.33","226.25M","-0.01%"
"04/16/2007","13,659.98","13,599.75","13,667.12","13,578.62","205.98M","0.60%"
"04/13/2007","13,578.62","13,509.69","13,581.27","13,491.87","203.28M","0.58%"
"04/12/2007","13,499.65","13,396.54","13,502.41","13,359.03","197.81M","0.74%"
"04/11/2007","13,400.99","13,447.72","13,474.57","13,398.21","241.55M","-0.23%"
"04/10/2007","13,431.30","13,518.43","13,518.43","13,429.05","225.57M","-0.38%"
"04/09/2007","13,482.33","13,459.40","13,519.09","13,425.02","132.14M","0.43%"
"04/05/2007","13,425.02","13,445.31","13,460.25","13,425.02","165.52M","-0.17%"
"04/04/2007","13,448.31","13,367.90","13,448.31","13,322.16","222.44M","0.65%"
"04/03/2007","13,361.23","13,275.08","13,383.58","13,254.14","208.47M","0.72%"
"04/02/2007","13,265.80","13,185.32","13,268.55","13,165.50","145.32M","0.76%"
"03/30/2007","13,165.50","13,229.10","13,258.02","13,143.05","202.29M","-0.70%"
"03/29/2007","13,258.02","13,275.25","13,299.47","13,197.15","193.22M","0.46%"
"03/28/2007","13,197.15","13,216.45","13,247.56","13,182.48","225.51M","-0.16%"
"03/27/2007","13,218.76","13,254.22","13,302.88","13,203.09","176.65M","-0.63%"
"03/26/2007","13,302.88","13,306.15","13,308.11","13,216.27","222.15M","0.49%"
"03/23/2007","13,237.66","13,152.37","13,237.66","13,139.64","189.59M","0.75%"
"03/22/2007","13,139.64","13,190.55","13,231.57","13,135.83","229.22M","-0.12%"
"03/21/2007","13,155.55","12,985.03","13,155.55","12,977.41","185.14M","1.37%"
"03/20/2007","12,977.41","13,012.51","13,045.81","12,975.15","153.81M","-0.26%"
"03/19/2007","13,011.74","12,894.74","13,025.73","12,829.68","155.10M","1.42%"
"03/16/2007","12,829.68","12,873.54","12,932.94","12,813.99","253.31M","-0.35%"
"03/15/2007","12,874.32","12,859.81","12,901.40","12,808.73","168.91M","0.51%"
"03/14/2007","12,808.73","12,776.21","12,842.50","12,661.52","199.02M","-0.01%"
"03/13/2007","12,809.60","13,042.17","13,095.54","12,804.49","175.19M","-1.96%"
"03/12/2007","13,065.15","13,032.55","13,065.15","13,004.05","151.88M","0.06%"
"03/09/2007","13,057.37","13,050.74","13,102.43","13,026.74","152.61M","0.05%"
"03/08/2007","13,050.97","13,030.56","13,102.30","12,989.61","188.97M","0.47%"
"03/07/2007","12,989.61","12,891.93","13,016.58","12,868.19","186.82M","0.94%"
"03/06/2007","12,868.19","12,831.67","12,885.99","12,711.25","213.56M","1.23%"
"03/05/2007","12,711.25","12,691.47","12,863.27","12,674.66","202.80M","-1.18%"
"03/02/2007","12,863.27","12,930.25","13,024.89","12,857.00","232.96M","-0.91%"
"03/01/2007","12,981.13","12,919.95","13,045.02","12,794.86","212.76M","-0.49%"
"02/28/2007","13,045.02","13,048.98","13,086.08","12,951.68","218.01M","0.04%"
"02/27/2007","13,040.11","13,259.30","13,404.46","12,947.94","249.33M","-2.72%"
"02/26/2007","13,404.46","13,406.15","13,433.01","13,343.53","197.05M","0.46%"
"02/23/2007","13,343.53","13,364.87","13,376.31","13,317.98","171.31M","0.19%"
"02/22/2007","13,317.98","13,373.25","13,377.76","13,248.41","198.73M","-0.09%"
"02/21/2007","13,330.28","13,309.46","13,331.57","13,238.19","239.69M","0.08%"
"02/20/2007","13,319.65","13,220.68","13,322.66","13,200.68","206.97M","0.21%"
"02/19/2007","13,291.55","13,314.01","13,323.78","13,281.83","86.85M","-0.15%"
"02/16/2007","13,311.95","13,310.10","13,325.13","13,279.18","208.04M","0.18%"
"02/15/2007","13,288.16","13,218.27","13,294.25","13,204.46","223.17M","0.63%"
"02/14/2007","13,204.46","13,209.54","13,258.75","13,171.76","195.65M","0.25%"
"02/13/2007","13,171.76","13,068.13","13,171.76","13,040.54","191.16M","1.01%"
"02/12/2007","13,040.54","13,100.58","13,128.84","13,018.64","157.70M","-0.33%"
"02/09/2007","13,083.95","13,177.49","13,209.29","13,069.84","201.59M","-0.76%"
"02/08/2007","13,184.30","13,138.94","13,185.12","13,095.55","199.77M","0.32%"
"02/07/2007","13,142.25","13,210.57","13,237.74","13,108.23","194.20M","-0.31%"
"02/06/2007","13,183.33","13,204.03","13,222.35","13,158.36","174.21M","0.13%"
"02/05/2007","13,166.69","13,144.93","13,176.99","13,111.57","140.38M","0.42%"
"02/02/2007","13,111.57","13,177.66","13,177.78","13,102.45","187.39M","-0.25%"
"02/01/2007","13,144.74","13,090.74","13,178.91","13,034.12","220.03M","0.85%"
"01/31/2007","13,034.12","12,967.02","13,074.12","12,970.52","221.98M","0.15%"
"01/30/2007","13,014.60","12,951.92","13,034.17","12,924.36","229.12M","0.53%"
"01/29/2007","12,945.96","12,988.68","13,025.04","12,926.02","216.58M","-0.26%"
"01/26/2007","12,979.26","12,976.20","13,006.83","12,927.28","154.45M","0.40%"
"01/25/2007","12,927.28","13,038.24","13,046.60","12,921.80","221.64M","-0.64%"
"01/24/2007","13,010.73","12,875.78","13,030.13","12,875.78","196.44M","0.77%"
"01/23/2007","12,910.87","12,765.52","12,910.87","12,705.77","220.49M","1.61%"
"01/22/2007","12,705.77","12,779.33","12,790.60","12,696.18","161.89M","-0.10%"
"01/19/2007","12,718.99","12,638.68","12,751.60","12,637.53","184.05M","0.62%"
"01/18/2007","12,640.68","12,762.44","12,795.94","12,629.66","202.79M","-0.70%"
"01/17/2007","12,730.41","12,705.71","12,751.16","12,651.37","193.31M","0.08%"
"01/16/2007","12,720.32","12,708.19","12,760.22","12,679.59","186.47M","-0.27%"
"01/15/2007","12,755.36","12,714.67","12,776.40","12,678.81","75.25M","0.60%"
"01/12/2007","12,678.81","12,565.16","12,702.93","12,519.90","186.50M","1.27%"
"01/11/2007","12,519.90","12,454.97","12,594.09","12,453.13","213.04M","0.50%"
"01/10/2007","12,457.55","12,461.21","12,474.16","12,412.55","196.38M","-0.08%"
"01/09/2007","12,467.99","12,496.75","12,553.09","12,412.76","207.62M","-0.68%"
"01/08/2007","12,553.09","12,558.29","12,617.28","12,477.97","172.71M","0.60%"
"01/05/2007","12,477.97","12,517.64","12,553.60","12,439.30","201.71M","-0.60%"
"01/04/2007","12,553.60","12,679.15","12,701.44","12,519.40","247.37M","-1.16%"
"01/03/2007","12,701.44","12,919.21","12,926.44","12,672.79","199.79M","-1.72%"
"01/02/2007","12,923.66","12,924.53","12,989.57","12,908.39","60.86M","0.12%"
"12/29/2006","12,908.39","12,873.83","12,942.55","12,873.30","72.09M","-0.01%"
"12/28/2006","12,909.54","12,846.87","12,919.20","12,847.56","96.05M","0.44%"
"12/27/2006","12,852.59","12,754.90","12,860.99","12,718.17","79.76M","1.06%"
"12/22/2006","12,718.17","12,753.08","12,750.09","12,699.52","89.94M","-0.15%"
"12/21/2006","12,737.21","12,808.22","12,813.90","12,696.43","156.82M","-0.36%"
"12/20/2006","12,782.99","12,761.09","12,859.86","12,753.09","167.28M","0.01%"
"12/19/2006","12,781.54","12,751.03","12,825.02","12,718.18","168.19M","-0.03%"
"12/18/2006","12,785.20","12,873.39","12,931.05","12,764.47","175.26M","-0.63%"
"12/15/2006","12,866.27","13,053.19","13,053.19","12,866.27","276.05M","-1.19%"
"12/14/2006","13,021.77","12,909.22","13,033.52","12,902.09","191.49M","0.86%"
"12/13/2006","12,910.32","12,891.76","12,918.36","12,855.80","186.95M","0.40%"
"12/12/2006","12,858.48","12,896.94","12,897.76","12,832.25","188.80M","-0.15%"
"12/11/2006","12,878.18","12,885.28","12,927.92","12,865.11","160.98M","-0.17%"
"12/08/2006","12,899.58","12,948.55","12,962.84","12,879.48","165.52M","-0.12%"
"12/07/2006","12,915.72","12,910.77","12,940.17","12,853.67","167.33M","0.20%"
"12/06/2006","12,889.84","12,878.07","12,951.14","12,878.07","227.15M","-0.05%"
"12/05/2006","12,895.90","12,856.18","12,927.35","12,831.98","186.83M","0.37%"
"12/04/2006","12,848.67","12,767.36","12,852.92","12,754.75","167.45M","0.74%"
"12/01/2006","12,754.75","12,757.40","12,766.29","12,665.91","164.87M","0.02%"
"11/30/2006","12,752.38","12,726.89","12,782.55","12,668.16","233.10M","0.66%"
"11/29/2006","12,668.16","12,570.47","12,668.16","12,530.87","226.28M","1.10%"
"11/28/2006","12,530.87","12,484.08","12,576.38","12,481.54","195.20M","-0.09%"
"11/27/2006","12,542.45","12,669.76","12,676.85","12,518.80","180.35M","-0.70%"
"11/24/2006","12,631.08","12,622.22","12,663.13","12,606.70","119.63M","-0.11%"
"11/23/2006","12,644.90","12,557.54","12,653.96","12,556.98","71.05M","0.70%"
"11/22/2006","12,556.98","12,556.98","12,556.98","12,556.98","174.88M","-0.36%"
"11/21/2006","12,602.30","12,472.48","12,623.43","12,416.63","198.38M","1.50%"
"11/20/2006","12,416.63","12,367.22","12,470.32","12,360.97","188.06M","0.35%"
"11/17/2006","12,372.87","12,351.70","12,401.81","12,246.53","188.02M","0.06%"
"11/16/2006","12,365.85","12,492.49","12,528.51","12,364.27","219.10M","-0.48%"
"11/15/2006","12,425.37","12,283.23","12,436.28","12,279.50","227.45M","1.19%"
"11/14/2006","12,279.59","12,346.38","12,361.88","12,249.98","213.32M","-0.24%"
"11/13/2006","12,309.40","12,316.59","12,340.47","12,262.68","187.47M","-0.25%"
"11/10/2006","12,340.47","12,397.34","12,417.06","12,316.43","178.27M","-0.56%"
"11/09/2006","12,410.23","12,418.51","12,480.16","12,378.20","260.63M","0.26%"
"11/08/2006","12,378.20","12,307.49","12,378.20","12,295.56","268.74M","0.55%"
"11/07/2006","12,310.21","12,379.35","12,394.83","12,298.54","252.51M","-0.19%"
"11/06/2006","12,333.28","12,294.24","12,377.60","12,239.04","309.40M","0.77%"
"11/03/2006","12,239.04","12,197.36","12,251.49","12,130.73","225.04M","0.89%"
"11/02/2006","12,130.73","12,071.99","12,149.37","12,015.87","283.87M","0.67%"
"11/01/2006","12,050.39","12,023.30","12,344.59","12,002.60","322.28M","-2.38%"
"10/31/2006","12,344.59","12,248.22","12,358.85","12,246.14","231.74M","0.57%"
"10/30/2006","12,274.40","12,260.32","12,287.01","12,206.47","210.58M","0.05%"
"10/27/2006","12,268.86","12,324.15","12,374.54","12,268.86","160.47M","-0.54%"
"10/26/2006","12,335.68","12,371.48","12,415.92","12,331.71","231.94M","-0.05%"
"10/25/2006","12,341.65","12,184.82","12,354.09","12,133.00","268.11M","1.20%"
"10/24/2006","12,195.54","12,109.63","12,195.54","12,071.76","248.35M","0.63%"
"10/23/2006","12,119.15","12,027.91","12,120.58","11,999.88","226.54M","0.69%"
"10/20/2006","12,035.57","12,107.75","12,103.84","12,005.55","178.46M","-0.21%"
"10/19/2006","12,060.62","11,974.34","12,072.91","11,966.00","222.36M","0.79%"
"10/18/2006","11,966.00","12,044.70","12,066.35","11,917.97","201.33M","-0.26%"
"10/17/2006","11,996.63","12,082.39","12,075.84","11,914.77","189.58M","-0.54%"
"10/16/2006","12,061.54","11,947.41","12,072.26","11,908.57","196.98M","1.28%"
"10/13/2006","11,908.57","11,754.61","11,908.57","11,719.09","223.99M","1.62%"
"10/12/2006","11,719.09","11,667.42","11,719.09","11,619.14","194.30M","0.86%"
"10/11/2006","11,619.14","11,782.40","11,784.43","11,619.14","250.89M","-1.16%"
"10/10/2006","11,755.15","11,716.64","11,757.75","11,690.89","180.17M","0.55%"
"10/06/2006","11,690.89","11,695.70","11,750.00","11,641.12","178.27M","-0.50%"
"10/05/2006","11,750.00","11,735.36","11,784.52","11,618.12","228.28M","1.14%"
"10/04/2006","11,618.12","11,542.44","11,624.70","11,407.27","258.42M","0.80%"
"10/03/2006","11,526.13","11,693.11","11,787.39","11,523.78","217.33M","-2.22%"
"10/02/2006","11,787.39","11,767.40","11,823.14","11,717.63","177.64M","0.22%"
"09/29/2006","11,761.27","11,812.30","11,854.13","11,760.16","200.59M","-0.48%"
"09/28/2006","11,817.44","11,797.24","11,845.42","11,751.58","207.44M","0.56%"
"09/27/2006","11,751.58","11,669.75","11,761.28","11,628.56","206.72M","0.94%"
"09/26/2006","11,642.40","11,642.40","11,642.40","11,642.40","-","0.52%"
"09/25/2006","11,582.72","11,529.99","11,588.07","11,464.55","246.46M","0.01%"
"09/22/2006","11,581.61","11,664.73","11,667.12","11,569.10","195.35M","-0.40%"
"09/21/2006","11,627.74","11,622.07","11,720.68","11,608.48","206.35M","-0.07%"
"09/20/2006","11,635.39","11,689.37","11,772.67","11,629.19","202.76M","-0.57%"
"09/19/2006","11,701.71","11,769.29","11,798.18","11,677.76","191.84M","-0.53%"
"09/18/2006","11,763.55","11,672.11","11,786.90","11,656.04","179.90M","0.92%"
"09/15/2006","11,656.04","11,661.83","11,684.31","11,640.79","348.97M","0.06%"
"09/14/2006","11,648.74","11,779.78","11,807.89","11,646.62","218.91M","-1.09%"
"09/13/2006","11,777.20","11,694.87","11,779.01","11,677.67","180.32M","0.84%"
"09/12/2006","11,678.91","11,658.16","11,771.09","11,630.17","214.86M","0.19%"
"09/11/2006","11,656.57","11,798.68","11,869.59","11,643.97","263.12M","-1.79%"
"09/08/2006","11,869.59","11,894.75","11,919.61","11,855.62","135.83M","-0.21%"
"09/07/2006","11,895.04","11,930.87","11,999.74","11,846.85","195.13M","-0.87%"
"09/06/2006","11,999.74","12,135.14","12,198.63","11,995.18","205.44M","-1.63%"
"09/05/2006","12,198.63","12,142.37","12,210.89","12,133.50","188.14M","0.44%"
"09/01/2006","12,145.10","12,121.58","12,184.64","12,073.75","146.62M","0.59%"
"08/31/2006","12,073.75","12,113.19","12,127.59","12,067.83","218.90M","0.04%"
"08/30/2006","12,068.36","12,087.21","12,094.97","12,010.09","181.33M","0.07%"
"08/29/2006","12,060.48","12,120.34","12,167.35","12,002.27","230.10M","-0.88%"
"08/28/2006","12,167.35","12,082.82","12,170.03","12,056.79","120.77M","0.39%"
"08/25/2006","12,119.83","12,153.47","12,161.28","12,114.14","117.65M","-0.10%"
"08/24/2006","12,132.30","12,192.91","12,208.19","12,107.31","164.62M","-0.51%"
"08/23/2006","12,195.08","12,185.48","12,226.60","12,153.98","153.99M","-0.05%"
"08/22/2006","12,201.15","12,146.59","12,204.91","12,135.07","187.53M","0.53%"
"08/21/2006","12,136.93","12,085.62","12,143.55","12,044.83","171.04M","0.76%"
"08/18/2006","12,044.83","12,074.87","12,084.04","11,968.66","155.25M","-0.09%"
"08/17/2006","12,056.01","11,980.56","12,056.01","11,961.11","253.70M","0.21%"
"08/16/2006","12,030.25","12,004.38","12,049.42","11,977.15","166.28M","0.44%"
"08/15/2006","11,977.15","11,900.40","11,977.15","11,850.16","165.12M","1.07%"
"08/14/2006","11,850.16","11,897.30","11,944.90","11,817.54","121.29M","-0.79%"
"08/11/2006","11,944.90","11,966.21","11,973.11","11,931.85","139.39M","-0.12%"
"08/10/2006","11,959.05","11,972.22","12,008.15","11,916.35","143.38M","-0.41%"
"08/09/2006","12,008.15","12,042.75","12,108.92","11,998.18","176.85M","0.08%"
"08/08/2006","11,998.18","11,957.64","12,039.21","11,936.68","149.70M","0.52%"
"08/04/2006","11,936.68","12,010.86","12,076.88","11,880.29","125.53M","0.00%"
"08/03/2006","11,936.66","11,913.53","11,987.93","11,878.61","151.69M","-0.28%"
"08/02/2006","11,969.86","11,953.57","12,014.02","11,907.65","200.74M","0.52%"
"08/01/2006","11,907.65","11,864.09","11,907.65","11,821.68","180.24M","0.65%"
"07/31/2006","11,830.96","11,830.96","11,830.96","11,830.96","150.11M","0.06%"
"07/28/2006","11,823.68","11,823.68","11,823.68","11,823.68","187.38M","0.55%"
"07/27/2006","11,758.91","11,898.55","11,929.91","11,758.91","175.26M","-1.02%"
"07/26/2006","11,879.55","11,750.39","11,879.55","11,698.23","187.80M","1.06%"
"07/25/2006","11,754.60","11,664.46","11,769.14","11,625.16","181.13M","1.11%"
"07/24/2006","11,625.16","11,459.64","11,625.16","11,418.33","164.27M","1.81%"
"07/21/2006","11,418.33","11,574.34","11,565.03","11,418.33","141.30M","-0.41%"
"07/20/2006","11,465.50","11,616.01","11,660.79","11,465.50","151.85M","-1.33%"
"07/19/2006","11,619.58","11,470.60","11,629.05","11,467.38","165.18M","1.29%"
"07/18/2006","11,471.69","11,493.32","11,536.61","11,410.37","169.61M","-0.08%"
"07/17/2006","11,480.62","11,572.06","11,630.01","11,480.62","126.59M","-1.28%"
"07/14/2006","11,630.01","11,626.35","11,658.25","11,509.71","126.51M","0.24%"
"07/13/2006","11,601.94","11,754.98","11,771.07","11,599.17","165.05M","-1.44%"
"07/12/2006","11,771.07","11,821.12","11,879.10","11,754.72","183.54M","-0.19%"
"07/11/2006","11,792.98","11,703.86","11,803.68","11,654.73","208.86M","1.19%"
"07/10/2006","11,654.73","11,617.36","11,664.92","11,604.74","124.50M","0.20%"
"07/07/2006","11,631.91","11,597.49","11,681.13","11,581.39","145.00M","0.26%"
"07/06/2006","11,602.01","11,577.34","11,677.47","11,577.35","159.96M","-0.21%"
"07/05/2006","11,626.44","11,710.25","11,733.19","11,576.68","157.48M","-0.91%"
"07/04/2006","11,733.19","11,670.17","11,733.19","11,612.87","65.33M","1.04%"
"06/30/2006","11,612.87","11,609.86","11,658.83","11,520.91","152.67M","0.80%"
"06/29/2006","11,520.91","11,353.40","11,539.43","11,332.32","191.62M","1.66%"
"06/28/2006","11,332.32","11,311.89","11,359.76","11,270.55","142.88M","0.35%"
"06/27/2006","11,293.24","11,390.12","11,423.99","11,293.24","171.77M","-0.69%"
"06/26/2006","11,372.20","11,278.81","11,388.35","11,249.02","157.42M","1.10%"
"06/23/2006","11,249.02","11,140.25","11,290.76","11,129.89","115.70M","1.07%"
"06/22/2006","11,130.21","11,138.16","11,182.51","11,112.83","141.76M","0.16%"
"06/21/2006","11,112.83","10,966.91","11,127.09","10,956.83","135.99M","1.07%"
"06/20/2006","10,995.48","11,062.41","11,065.75","10,980.54","131.51M","-0.11%"
"06/19/2006","11,007.58","11,164.85","11,207.95","10,967.74","137.60M","-1.79%"
"06/16/2006","11,207.95","11,193.65","11,268.73","11,189.86","263.84M","-0.05%"
"06/15/2006","11,213.16","11,084.90","11,236.74","10,960.68","182.09M","2.30%"
"06/14/2006","10,960.68","10,936.00","11,007.51","10,875.96","205.15M","0.52%"
"06/13/2006","10,904.34","11,027.16","11,197.58","10,860.72","239.26M","-2.62%"
"06/12/2006","11,197.58","11,398.25","11,417.29","11,147.69","163.95M","-1.70%"
"06/09/2006","11,390.70","11,450.24","11,496.71","11,345.93","185.01M","-0.22%"
"06/08/2006","11,415.52","11,387.49","11,475.42","11,162.86","233.26M","-0.52%"
"06/07/2006","11,475.42","11,612.37","11,666.14","11,475.42","199.09M","-1.63%"
"06/06/2006","11,666.14","11,672.79","11,707.40","11,565.68","169.91M","-0.29%"
"06/05/2006","11,699.49","11,915.01","11,932.42","11,699.49","141.89M","-1.67%"
"06/02/2006","11,898.69","11,871.40","11,918.49","11,846.97","137.45M","0.44%"
"06/01/2006","11,846.97","11,695.02","11,852.90","11,664.28","175.67M","0.87%"
"05/31/2006","11,744.52","11,717.22","11,806.06","11,702.19","309.40M","0.33%"
"05/30/2006","11,705.41","11,888.57","11,881.43","11,701.75","158.32M","-1.18%"
"05/29/2006","11,845.48","11,774.84","11,861.35","11,762.75","56.50M","0.70%"
"05/26/2006","11,762.75","11,718.53","11,766.71","11,653.00","150.00M","0.94%"
"05/25/2006","11,653.00","11,488.01","11,653.00","11,423.91","170.22M","2.01%"
"05/24/2006","11,423.91","11,478.89","11,539.93","11,345.08","191.78M","-1.01%"
"05/23/2006","11,539.93","11,544.61","11,663.34","11,538.25","202.59M","-0.05%"
"05/19/2006","11,545.77","11,483.54","11,591.27","11,402.22","201.34M","0.05%"
"05/18/2006","11,539.95","11,668.97","11,697.33","11,537.88","203.11M","-0.86%"
"05/17/2006","11,640.61","11,837.19","11,853.68","11,629.72","210.90M","-1.60%"
"05/16/2006","11,829.42","11,849.43","11,934.67","11,745.55","206.09M","-0.02%"
"05/15/2006","11,831.73","11,880.97","12,038.07","11,741.90","209.82M","-1.71%"
"05/12/2006","12,038.07","12,141.57","12,165.43","11,990.47","196.87M","-1.05%"
"05/11/2006","12,165.43","12,396.99","12,420.62","12,161.00","261.05M","-1.23%"
"05/10/2006","12,316.31","12,318.42","12,349.22","12,278.36","228.06M","-0.10%"
"05/09/2006","12,328.21","12,294.89","12,385.09","12,285.83","217.62M","0.28%"
"05/08/2006","12,294.20","12,280.33","12,294.20","12,198.17","217.38M","0.20%"
"05/05/2006","12,270.11","12,166.32","12,270.95","12,125.87","193.12M","1.19%"
"05/04/2006","12,125.87","12,161.67","12,220.01","12,125.87","184.08M","-0.58%"
"05/03/2006","12,196.15","12,293.35","12,305.56","12,153.74","184.26M","-0.64%"
"05/02/2006","12,274.46","12,240.98","12,285.99","12,228.73","202.98M","0.33%"
"05/01/2006","12,234.56","12,289.18","12,307.51","12,204.17","139.84M","0.25%"
"04/28/2006","12,204.17","12,219.41","12,250.87","12,187.69","171.84M","0.14%"
"04/27/2006","12,187.69","12,243.63","12,321.73","12,158.76","216.58M","-1.09%"
"04/26/2006","12,321.73","12,364.10","12,385.39","12,315.79","182.46M","-0.07%"
"04/25/2006","12,329.79","12,395.83","12,425.68","12,297.13","181.37M","-0.10%"
"04/24/2006","12,342.23","12,418.08","12,437.22","12,338.31","145.24M","-0.76%"
"04/21/2006","12,437.22","12,364.10","12,440.45","12,313.66","167.92M","1.00%"
"04/20/2006","12,313.66","12,468.47","12,487.32","12,296.53","197.65M","-1.39%"
"04/19/2006","12,487.32","12,441.17","12,494.72","12,412.61","177.93M","0.33%"
"04/18/2006","12,446.79","12,338.12","12,464.49","12,309.02","186.42M","1.12%"
"04/17/2006","12,309.02","12,280.86","12,335.40","12,248.59","128.17M","0.49%"
"04/13/2006","12,248.59","12,178.70","12,248.59","12,123.32","180.18M","0.66%"
"04/12/2006","12,167.70","12,200.34","12,224.66","12,167.70","167.92M","-0.08%"
"04/11/2006","12,177.30","12,310.65","12,342.73","12,165.22","186.02M","-0.91%"
"04/10/2006","12,289.70","12,280.10","12,302.88","12,241.21","153.00M","0.40%"
"04/07/2006","12,241.21","12,270.30","12,342.02","12,212.61","164.68M","-0.82%"
"04/06/2006","12,342.02","12,339.45","12,352.49","12,258.19","205.61M","0.35%"
"04/05/2006","12,299.12","12,184.59","12,304.78","12,174.10","172.95M","1.03%"
"04/04/2006","12,174.10","12,220.31","12,221.75","12,143.47","235.33M","-0.30%"
"04/03/2006","12,210.86","12,200.68","12,298.96","12,110.61","184.89M","0.83%"
"03/31/2006","12,110.61","12,154.97","12,206.95","12,065.53","191.87M","-0.79%"
"03/30/2006","12,206.95","12,224.35","12,287.50","12,190.58","210.09M","0.13%"
"03/29/2006","12,190.58","12,063.17","12,195.47","12,048.79","188.50M","1.18%"
"03/28/2006","12,048.79","12,082.83","12,140.64","12,048.79","174.21M","-0.25%"
"03/27/2006","12,078.52","12,097.03","12,122.78","12,064.39","185.12M","-0.27%"
"03/24/2006","12,111.14","12,037.77","12,121.72","12,017.91","142.40M","0.78%"
"03/23/2006","12,017.91","11,980.69","12,027.78","11,946.80","155.77M","0.39%"
"03/22/2006","11,970.65","11,920.53","11,983.72","11,903.01","146.22M","0.19%"
"03/21/2006","11,947.61","11,900.96","12,004.89","11,871.72","149.47M","0.15%"
"03/20/2006","11,929.32","12,009.59","12,087.65","11,929.32","140.24M","-0.60%"
"03/17/2006","12,000.73","12,000.73","12,000.73","12,000.73","249.95M","-0.70%"
"03/16/2006","12,085.65","12,053.23","12,120.98","12,044.82","146.81M","0.25%"
"03/15/2006","12,055.63","12,055.63","12,055.63","12,055.63","158.35M","0.69%"
"03/14/2006","11,973.25","11,894.21","12,018.34","11,885.62","168.50M","0.56%"
"03/13/2006","11,906.65","11,906.65","11,906.65","11,906.65","131.93M","0.62%"
"03/10/2006","11,833.61","11,735.68","11,880.31","11,721.90","190.08M","0.58%"
"03/09/2006","11,765.33","11,793.51","11,851.55","11,737.07","162.56M","0.24%"
"03/08/2006","11,737.07","11,746.88","11,881.21","11,649.41","179.63M","-0.67%"
"03/07/2006","11,816.46","11,864.33","11,883.31","11,755.00","167.74M","-0.56%"
"03/06/2006","11,883.31","11,972.67","11,987.97","11,847.22","166.34M","-0.80%"
"03/03/2006","11,978.68","11,881.04","12,004.26","11,866.44","160.55M","0.60%"
"03/02/2006","11,906.91","11,833.75","11,906.94","11,794.58","220.24M","0.95%"
"03/01/2006","11,794.58","11,694.70","11,808.50","11,686.27","170.91M","0.91%"
"02/28/2006","11,688.34","11,688.08","11,716.63","11,594.63","186.72M","-0.15%"
"02/27/2006","11,706.47","11,754.29","11,810.55","11,704.54","132.76M","-0.88%"
"02/24/2006","11,810.55","11,813.88","11,841.31","11,738.55","167.75M","0.61%"
"02/23/2006","11,738.55","11,767.27","11,811.29","11,738.55","174.20M","-0.52%"
"02/22/2006","11,800.20","11,783.14","11,826.44","11,744.94","176.25M","-0.22%"
"02/21/2006","11,826.44","11,826.44","11,826.44","11,826.44","160.98M","-0.33%"
"02/20/2006","11,865.76","11,813.07","11,883.13","11,758.04","93.26M","0.92%"
"02/17/2006","11,758.04","11,758.04","11,758.04","11,758.04","140.54M","0.46%"
"02/16/2006","11,704.31","11,565.80","11,709.91","11,557.25","197.78M","1.27%"
"02/15/2006","11,557.25","11,642.53","11,747.72","11,545.42","190.90M","-0.51%"
"02/14/2006","11,616.39","11,504.68","11,624.07","11,458.39","184.99M","0.84%"
"02/13/2006","11,519.49","11,617.69","11,651.69","11,488.04","181.04M","-1.13%"
"02/10/2006","11,651.69","11,710.55","11,757.48","11,563.91","169.52M","-0.49%"
"02/09/2006","11,709.30","11,830.63","11,876.24","11,709.30","203.75M","-0.22%"
"02/08/2006","11,735.12","11,804.22","11,820.11","11,663.30","244.41M","-0.70%"
"02/07/2006","11,817.30","12,029.07","12,080.53","11,806.68","203.74M","-2.18%"
"02/06/2006","12,080.53","11,956.14","12,080.53","11,937.62","156.12M","1.20%"
"02/03/2006","11,937.62","11,913.83","11,952.97","11,860.40","179.05M","0.06%"
"02/02/2006","11,929.91","11,969.71","11,980.48","11,880.80","224.64M","-0.19%"
"02/01/2006","11,952.14","11,962.83","12,012.66","11,938.45","239.76M","0.05%"
"01/31/2006","11,945.64","11,922.67","11,999.95","11,911.36","206.57M","-0.02%"
"01/30/2006","11,947.47","11,875.14","11,971.15","11,856.81","159.97M","0.76%"
"01/27/2006","11,856.81","11,803.72","11,869.78","11,737.43","161.82M","1.02%"
"01/26/2006","11,737.43","11,712.29","11,752.88","11,625.91","190.72M","0.53%"
"01/25/2006","11,675.16","11,747.09","11,800.15","11,652.98","167.86M","-0.15%"
"01/24/2006","11,692.35","11,729.33","11,767.89","11,688.71","177.33M","-0.35%"
"01/23/2006","11,733.37","11,598.05","11,748.97","11,597.67","196.54M","1.10%"
"01/20/2006","11,605.67","11,734.63","11,760.32","11,605.67","178.32M","-0.75%"
"01/19/2006","11,692.97","11,609.94","11,698.72","11,554.49","158.60M","1.20%"
"01/18/2006","11,554.49","11,615.09","11,689.61","11,501.80","181.41M","-1.16%"
"01/17/2006","11,689.61","11,713.51","11,720.97","11,668.66","210.37M","-0.27%"
"01/16/2006","11,720.97","11,627.24","11,720.97","11,604.82","94.80M","1.00%"
"01/13/2006","11,604.82","11,586.74","11,644.90","11,576.12","186.60M","0.08%"
"01/12/2006","11,595.18","11,649.83","11,688.93","11,582.00","167.23M","-0.22%"
"01/11/2006","11,621.03","11,606.52","11,639.54","11,585.85","170.99M","0.20%"
"01/10/2006","11,597.61","11,568.33","11,601.63","11,538.43","192.40M","0.28%"
"01/09/2006","11,565.21","11,618.40","11,640.48","11,565.21","196.62M","-0.48%"
"01/06/2006","11,620.46","11,547.65","11,646.94","11,507.68","182.80M","0.98%"
"01/05/2006","11,507.68","11,475.02","11,507.68","11,447.20","149.33M","0.05%"
"01/04/2006","11,501.48","11,408.99","11,505.46","11,384.66","164.03M","0.52%"
"01/03/2006","11,441.58","11,304.64","11,456.12","11,272.26","139.60M","1.50%"
"12/30/2005","11,272.26","11,282.83","11,296.29","11,219.43","63.65M","-0.21%"
"12/29/2005","11,296.29","11,253.48","11,296.29","11,251.59","79.93M","0.31%"
"12/28/2005","11,261.20","11,211.91","11,276.43","11,178.39","83.56M","0.14%"
"12/23/2005","11,245.37","11,246.54","11,262.55","11,219.11","92.69M","-0.09%"
"12/22/2005","11,255.39","11,294.81","11,296.78","11,236.57","151.83M","0.07%"
"12/21/2005","11,247.25","11,201.45","11,252.66","11,180.63","139.06M","0.60%"
"12/20/2005","11,180.63","11,201.95","11,201.74","11,154.28","121.11M","0.24%"
"12/19/2005","11,154.28","11,192.78","11,213.89","11,132.77","142.28M","0.16%"
"12/16/2005","11,136.58","11,127.75","11,153.70","11,075.50","216.86M","0.39%"
"12/15/2005","11,092.81","11,099.74","11,113.78","11,063.39","165.96M","-0.03%"
"12/14/2005","11,095.81","11,138.26","11,137.44","11,083.95","142.71M","-0.37%"
"12/13/2005","11,137.44","11,101.75","11,179.72","11,096.05","136.41M","0.34%"
"12/12/2005","11,099.26","11,204.14","11,207.33","11,083.72","146.74M","-0.29%"
"12/09/2005","11,132.01","11,174.10","11,197.76","11,121.01","148.22M","-0.32%"
"12/08/2005","11,167.19","11,156.62","11,174.98","11,099.96","144.69M","0.32%"
"12/07/2005","11,131.43","11,123.57","11,165.33","11,094.64","165.35M","0.31%"
"12/06/2005","11,096.82","11,014.68","11,135.56","11,006.01","151.05M","0.80%"
"12/05/2005","11,008.78","11,017.67","11,066.38","11,000.15","127.38M","0.03%"
"12/02/2005","11,005.24","11,031.71","11,032.31","10,986.63","139.18M","0.05%"
"12/01/2005","10,999.64","10,868.20","10,999.64","10,824.14","163.93M","1.62%"
"11/30/2005","10,824.14","10,918.99","10,942.63","10,815.14","164.87M","-1.08%"
"11/29/2005","10,942.63","10,972.24","11,012.41","10,939.21","121.55M","0.03%"
"11/28/2005","10,939.21","11,036.31","11,050.20","10,936.29","134.91M","-0.58%"
"11/25/2005","11,002.57","11,085.75","11,082.80","11,002.57","95.05M","-0.72%"
"11/24/2005","11,081.82","11,068.71","11,146.12","10,919.80","93.26M","1.48%"
"11/23/2005","10,919.80","10,866.30","10,919.80","10,842.97","169.42M","0.25%"
"11/22/2005","10,892.75","10,832.84","10,896.72","10,789.51","154.74M","0.70%"
"11/21/2005","10,817.34","10,758.81","10,817.83","10,720.28","139.53M","0.89%"
"11/18/2005","10,722.10","10,743.84","10,764.56","10,713.89","132.33M","-0.10%"
"11/17/2005","10,733.08","10,770.31","10,796.54","10,727.04","165.68M","0.06%"
"11/16/2005","10,727.04","10,643.95","10,727.04","10,628.90","163.99M","0.92%"
"11/15/2005","10,628.90","10,679.82","10,712.62","10,612.32","111.39M","-0.52%"
"11/14/2005","10,684.72","10,668.30","10,716.70","10,661.28","111.14M","0.14%"
"11/11/2005","10,669.40","10,566.40","10,669.40","10,563.48","105.74M","0.99%"
"11/10/2005","10,565.26","10,623.51","10,656.54","10,519.00","141.20M","-0.86%"
"11/09/2005","10,656.54","10,594.17","10,682.65","10,595.83","121.13M","0.38%"
"11/08/2005","10,616.22","10,669.05","10,690.99","10,603.02","133.82M","-0.61%"
"11/07/2005","10,681.18","10,683.76","10,698.95","10,656.96","134.79M","0.06%"
"11/04/2005","10,674.83","10,652.34","10,678.65","10,577.00","152.52M","0.02%"
"11/03/2005","10,672.58","10,630.94","10,689.79","10,585.65","150.54M","0.82%"
"11/02/2005","10,585.65","10,415.47","10,585.65","10,390.75","164.13M","1.88%"
"11/01/2005","10,390.75","10,390.04","10,444.28","10,383.32","135.78M","0.07%"
"10/31/2005","10,383.32","10,343.17","10,455.71","10,312.30","159.26M","0.69%"
"10/28/2005","10,312.30","10,268.18","10,321.85","10,204.83","132.50M","0.65%"
"10/27/2005","10,245.45","10,286.61","10,314.14","10,164.92","125.04M","-0.37%"
"10/26/2005","10,283.66","10,333.57","10,427.71","10,283.66","136.29M","-0.77%"
"10/25/2005","10,363.74","10,423.26","10,428.17","10,351.79","136.07M","0.03%"
"10/24/2005","10,360.79","10,266.96","10,391.20","10,261.00","123.78M","0.68%"
"10/21/2005","10,290.87","10,153.95","10,310.20","10,145.12","145.86M","0.98%"
"10/20/2005","10,190.73","10,371.67","10,425.78","10,181.40","146.57M","-2.25%"
"10/19/2005","10,425.78","10,317.26","10,433.47","10,205.00","160.28M","0.78%"
"10/18/2005","10,345.09","10,492.21","10,553.44","10,344.05","124.10M","-1.97%"
"10/17/2005","10,553.44","10,551.85","10,593.81","10,488.77","164.14M","0.62%"
"10/14/2005","10,488.77","10,392.04","10,495.13","10,359.23","119.97M","0.57%"
"10/13/2005","10,429.71","10,476.37","10,498.76","10,294.93","146.91M","-0.60%"
"10/12/2005","10,493.11","10,658.20","10,667.11","10,493.11","130.87M","-1.20%"
"10/11/2005","10,620.50","10,673.65","10,693.73","10,600.34","138.48M","0.08%"
"10/07/2005","10,612.15","10,594.28","10,643.89","10,562.23","124.50M","0.47%"
"10/06/2005","10,562.23","10,694.51","10,748.05","10,492.39","163.11M","-1.73%"
"10/05/2005","10,748.05","10,991.51","11,007.87","10,744.69","160.52M","-1.94%"
"10/04/2005","10,960.62","11,058.12","11,081.19","10,960.62","166.72M","-1.09%"
"10/03/2005","11,081.19","11,035.03","11,084.60","11,011.83","107.12M","0.63%"
"09/30/2005","11,011.83","10,997.85","11,086.12","10,964.40","132.07M","-0.06%"
"09/29/2005","11,018.50","11,059.88","11,077.76","11,012.06","143.49M","-0.22%"
"09/28/2005","11,042.26","11,135.48","11,118.03","11,037.78","178.09M","-0.23%"
"09/27/2005","11,067.17","11,012.87","11,089.61","11,005.47","163.52M","0.56%"
"09/26/2005","11,005.47","10,882.62","11,035.87","10,867.37","135.99M","0.93%"
"09/23/2005","10,904.31","10,829.03","10,905.30","10,788.02","145.27M","0.31%"
"09/22/2005","10,870.75","11,005.28","11,007.26","10,846.55","167.24M","-0.79%"
"09/21/2005","10,957.14","10,975.51","11,013.97","10,903.52","133.99M","0.49%"
"09/20/2005","10,903.52","10,991.39","11,049.18","10,903.52","175.39M","-1.10%"
"09/19/2005","11,024.73","11,055.77","11,075.77","10,990.59","137.00M","0.31%"
"09/16/2005","10,990.59","10,988.71","11,028.43","10,966.32","298.06M","0.22%"
"09/15/2005","10,966.32","10,957.56","10,981.17","10,923.08","177.52M","0.31%"
"09/14/2005","10,932.41","10,855.07","10,932.41","10,825.20","130.93M","0.99%"
"09/13/2005","10,825.20","10,915.40","10,915.84","10,822.12","128.58M","-0.55%"
"09/12/2005","10,885.16","10,898.46","10,921.18","10,869.18","102.82M","-0.12%"
"09/09/2005","10,898.20","10,829.43","10,898.20","10,777.23","116.81M","1.12%"
"09/08/2005","10,777.23","10,843.58","10,863.08","10,777.23","151.75M","-0.30%"
"09/07/2005","10,810.05","10,795.06","10,825.60","10,752.18","157.85M","0.11%"
"09/06/2005","10,798.12","10,757.08","10,798.71","10,743.58","138.83M","0.24%"
"09/02/2005","10,771.88","10,777.17","10,813.30","10,732.17","97.23M","-0.38%"
"09/01/2005","10,813.30","10,675.63","10,840.70","10,668.94","139.39M","1.35%"
"08/31/2005","10,668.94","10,579.57","10,694.41","10,573.06","139.41M","0.91%"
"08/30/2005","10,573.06","10,526.24","10,587.99","10,506.82","116.43M","0.14%"
"08/29/2005","10,558.40","10,529.39","10,569.03","10,484.07","90.16M","0.71%"
"08/26/2005","10,484.07","10,540.46","10,582.75","10,484.07","102.51M","-0.52%"
"08/25/2005","10,538.93","10,508.78","10,555.74","10,490.54","110.15M","0.28%"
"08/24/2005","10,509.72","10,491.77","10,540.42","10,470.78","142.38M","0.28%"
"08/23/2005","10,480.03","10,572.31","10,569.99","10,480.03","117.69M","-0.43%"
"08/22/2005","10,525.49","10,552.53","10,594.53","10,502.11","97.58M","0.22%"
"08/19/2005","10,502.11","10,458.16","10,515.07","10,391.30","94.21M","1.07%"
"08/18/2005","10,391.30","10,499.16","10,510.12","10,373.20","113.23M","-1.04%"
"08/17/2005","10,500.72","10,518.71","10,578.50","10,490.86","124.63M","-0.32%"
"08/16/2005","10,534.83","10,628.43","10,650.68","10,534.83","129.75M","-1.09%"
"08/15/2005","10,650.68","10,669.29","10,683.10","10,610.72","105.24M","-0.30%"
"08/12/2005","10,683.10","10,719.87","10,718.32","10,634.83","146.03M","-0.16%"
"08/11/2005","10,699.89","10,697.44","10,728.61","10,671.44","172.27M","0.27%"
"08/10/2005","10,671.44","10,607.54","10,683.98","10,585.93","160.70M","0.81%"
"08/09/2005","10,585.93","10,618.43","10,637.84","10,581.13","143.37M","-0.27%"
"08/08/2005","10,614.35","10,602.83","10,682.92","10,550.51","146.49M","0.61%"
"08/05/2005","10,550.51","10,630.44","10,635.20","10,550.51","108.72M","-0.72%"
"08/04/2005","10,626.71","10,591.93","10,626.71","10,552.13","156.59M","0.26%"
"08/03/2005","10,598.79","10,581.08","10,621.22","10,568.87","166.92M","-0.21%"
"08/02/2005","10,621.22","10,491.67","10,643.24","10,421.80","139.68M","1.90%"
"07/29/2005","10,422.93","10,509.16","10,541.97","10,409.11","90.11M","-0.89%"
"07/28/2005","10,516.23","10,511.93","10,524.86","10,479.12","112.24M","0.15%"
"07/27/2005","10,500.67","10,395.81","10,507.73","10,367.89","115.16M","1.28%"
"07/26/2005","10,367.89","10,370.18","10,377.69","10,336.68","115.49M","0.05%"
"07/25/2005","10,362.55","10,364.70","10,383.83","10,323.53","90.10M","-0.12%"
"07/22/2005","10,374.79","10,347.52","10,374.79","10,317.68","103.41M","0.55%"
"07/21/2005","10,317.68","10,323.15","10,355.78","10,307.42","128.70M","-0.12%"
"07/20/2005","10,329.64","10,274.91","10,340.62","10,247.03","130.17M","0.65%"
"07/19/2005","10,263.24","10,208.07","10,267.67","10,163.03","137.75M","0.99%"
"07/18/2005","10,163.03","10,166.92","10,176.40","10,109.24","105.15M","0.14%"
"07/15/2005","10,148.95","10,156.56","10,172.18","10,113.34","95.17M","0.24%"
"07/14/2005","10,124.89","10,244.43","10,252.60","10,124.89","115.30M","-0.77%"
"07/13/2005","10,203.58","10,218.95","10,239.27","10,178.14","97.75M","-0.04%"
"07/12/2005","10,207.92","10,228.19","10,233.67","10,185.34","122.17M","-0.10%"
"07/11/2005","10,217.72","10,152.91","10,227.39","10,134.16","92.89M","0.39%"
"07/08/2005","10,177.86","10,135.62","10,188.81","10,121.00","104.96M","0.56%"
"07/07/2005","10,121.00","10,067.18","10,126.65","10,049.03","104.41M","0.09%"
"07/06/2005","10,111.89","10,110.59","10,132.03","10,075.13","117.56M","0.36%"
"07/05/2005","10,075.13","9,970.81","10,093.31","9,941.79","138.37M","1.34%"
"07/04/2005","9,941.79","10,033.05","10,033.75","9,902.77","51.07M","0.39%"
"06/30/2005","9,902.77","9,996.48","10,034.63","9,902.77","108.07M","-1.26%"
"06/29/2005","10,029.33","10,030.20","10,042.00","9,982.11","100.74M","-0.12%"
"06/28/2005","10,041.03","9,983.09","10,062.34","9,980.16","95.98M","0.43%"
"06/27/2005","9,998.09","10,023.01","10,031.85","9,978.31","105.11M","0.02%"
"06/24/2005","9,996.17","9,994.89","10,049.96","9,984.76","90.79M","-0.02%"
"06/23/2005","9,998.38","10,046.91","10,075.01","9,995.12","117.10M","-0.53%"
"06/22/2005","10,051.49","9,970.35","10,051.49","9,939.20","105.90M","1.13%"
"06/21/2005","9,939.20","9,966.38","9,998.11","9,924.22","102.64M","-0.59%"
"06/20/2005","9,998.11","9,960.82","10,009.99","9,947.57","105.42M","0.51%"
"06/17/2005","9,947.57","10,049.13","10,045.29","9,946.04","233.54M","-0.21%"
"06/16/2005","9,968.71","9,889.84","9,993.29","9,866.57","143.13M","1.04%"
"06/15/2005","9,866.57","9,842.12","9,869.84","9,799.94","145.88M","0.45%"
"06/14/2005","9,822.85","9,822.94","9,839.94","9,799.77","116.08M","-0.17%"
"06/13/2005","9,839.94","9,790.19","9,843.05","9,775.46","123.63M","0.51%"
"06/10/2005","9,790.09","9,748.61","9,795.93","9,745.47","129.49M","0.27%"
"06/09/2005","9,763.44","9,713.61","9,774.72","9,683.49","110.76M","0.57%"
"06/08/2005","9,707.88","9,671.90","9,746.38","9,656.16","106.79M","0.54%"
"06/07/2005","9,656.16","9,670.21","9,717.14","9,650.18","100.29M","0.02%"
"06/06/2005","9,653.97","9,692.79","9,697.26","9,652.73","91.71M","-0.18%"
"06/03/2005","9,671.17","9,642.64","9,678.89","9,626.64","96.73M","0.46%"
"06/02/2005","9,626.64","9,647.17","9,687.30","9,626.64","131.85M","-0.29%"
"06/01/2005","9,654.16","9,618.36","9,685.65","9,604.57","153.42M","0.49%"
"05/31/2005","9,607.30","9,644.81","9,673.20","9,607.30","139.94M","-0.68%"
"05/30/2005","9,673.20","9,643.44","9,679.94","9,619.36","28.67M","0.56%"
"05/27/2005","9,619.36","9,573.27","9,632.13","9,572.89","81.92M","0.42%"
"05/26/2005","9,579.05","9,517.02","9,579.05","9,508.12","112.22M","0.73%"
"05/25/2005","9,509.52","9,510.51","9,530.63","9,472.85","108.40M","-0.09%"
"05/24/2005","9,518.35","9,506.45","9,537.78","9,452.19","110.49M","0.70%"
"05/20/2005","9,452.19","9,482.32","9,480.65","9,426.96","72.04M","-0.19%"
"05/19/2005","9,469.78","9,440.83","9,479.88","9,407.84","102.10M","0.66%"
"05/18/2005","9,407.84","9,398.43","9,451.69","9,371.40","122.33M","0.39%"
"05/17/2005","9,371.40","9,326.38","9,371.77","9,309.96","110.75M","0.52%"
"05/16/2005","9,323.28","9,304.76","9,330.67","9,261.45","107.72M","0.48%"
"05/13/2005","9,278.45","9,341.06","9,358.22","9,269.49","118.82M","-0.57%"
"05/12/2005","9,331.71","9,446.46","9,450.92","9,297.30","117.36M","-1.21%"
"05/11/2005","9,446.42","9,520.58","9,518.85","9,436.76","140.70M","-0.50%"
"05/10/2005","9,493.59","9,570.26","9,567.74","9,472.05","162.18M","-0.71%"
"05/09/2005","9,561.20","9,548.05","9,561.20","9,507.18","96.55M","0.40%"
"05/06/2005","9,522.74","9,536.17","9,553.69","9,476.27","110.02M","0.49%"
"05/05/2005","9,476.27","9,483.65","9,525.42","9,473.29","134.71M","0.03%"
"05/04/2005","9,473.29","9,403.23","9,473.71","9,370.97","115.69M","1.09%"
"05/03/2005","9,370.97","9,407.55","9,430.21","9,367.57","133.49M","-0.63%"
"05/02/2005","9,430.21","9,349.07","9,433.06","9,347.85","106.99M","0.65%"
"04/29/2005","9,369.30","9,345.68","9,369.30","9,275.10","115.20M","1.02%"
"04/28/2005","9,275.10","9,326.31","9,328.97","9,268.53","123.16M","-0.52%"
"04/27/2005","9,323.52","9,392.61","9,427.65","9,321.61","116.95M","-1.10%"
"04/26/2005","9,427.65","9,409.53","9,464.42","9,405.56","120.87M","0.12%"
"04/25/2005","9,416.13","9,391.06","9,447.85","9,367.49","78.98M","0.52%"
"04/22/2005","9,367.49","9,394.60","9,426.22","9,349.11","86.13M","-0.41%"
"04/21/2005","9,405.78","9,383.19","9,405.78","9,349.39","107.22M","0.30%"
"04/20/2005","9,378.11","9,443.41","9,471.58","9,357.22","111.77M","-0.40%"
"04/19/2005","9,415.70","9,395.92","9,432.83","9,330.99","146.85M","0.91%"
"04/18/2005","9,330.99","9,243.68","9,343.57","9,246.28","104.96M","0.58%"
"04/15/2005","9,277.12","9,415.96","9,413.66","9,275.23","115.27M","-1.41%"
"04/14/2005","9,409.61","9,523.10","9,539.34","9,396.93","128.77M","-0.87%"
"04/13/2005","9,492.12","9,633.82","9,634.23","9,492.12","137.71M","-1.42%"
"04/12/2005","9,629.02","9,662.34","9,683.24","9,579.08","110.47M","-0.15%"
"04/11/2005","9,643.72","9,649.08","9,648.56","9,621.70","84.07M","0.21%"
"04/08/2005","9,623.72","9,637.66","9,661.37","9,615.64","86.22M","-0.02%"
"04/07/2005","9,625.35","9,656.67","9,701.44","9,623.73","145.80M","-0.49%"
"04/06/2005","9,673.01","9,604.98","9,673.25","9,597.85","122.97M","0.56%"
"04/05/2005","9,619.07","9,633.33","9,654.84","9,608.34","98.60M","-0.12%"
"04/04/2005","9,630.90","9,633.09","9,656.94","9,624.09","101.74M","-0.08%"
"04/01/2005","9,638.63","9,675.32","9,679.04","9,612.38","133.54M","0.27%"
"03/31/2005","9,612.38","9,568.28","9,623.98","9,484.26","156.64M","1.35%"
"03/30/2005","9,484.26","9,412.43","9,484.77","9,393.62","126.55M","0.95%"
"03/29/2005","9,395.42","9,460.50","9,513.52","9,390.49","121.97M","-0.92%"
"03/28/2005","9,482.37","9,537.51","9,538.51","9,477.57","78.95M","-0.53%"
"03/24/2005","9,533.10","9,569.21","9,593.94","9,524.92","121.63M","-0.17%"
"03/23/2005","9,549.67","9,599.47","9,647.22","9,547.41","123.37M","-1.01%"
"03/22/2005","9,647.22","9,696.91","9,726.97","9,647.22","110.74M","-0.48%"
"03/21/2005","9,693.55","9,752.35","9,775.27","9,693.55","105.28M","-0.63%"
"03/18/2005","9,754.69","9,784.80","9,816.14","9,752.48","208.23M","-0.24%"
"03/17/2005","9,778.20","9,746.68","9,792.64","9,712.55","114.78M","0.68%"
"03/16/2005","9,712.55","9,754.83","9,759.74","9,705.93","117.27M","0.03%"
"03/15/2005","9,709.27","9,742.81","9,767.82","9,709.27","123.53M","-0.06%"
"03/14/2005","9,715.36","9,690.51","9,721.27","9,668.43","89.60M","0.25%"
"03/11/2005","9,691.44","9,690.87","9,739.48","9,675.57","120.89M","0.16%"
"03/10/2005","9,675.57","9,777.68","9,795.14","9,670.85","149.36M","-1.22%"
"03/09/2005","9,795.14","9,905.07","9,905.21","9,795.14","191.99M","-1.09%"
"03/08/2005","9,903.34","9,877.80","9,910.46","9,864.30","157.68M","0.17%"
"03/07/2005","9,886.09","9,929.68","9,937.55","9,882.38","111.11M","-0.41%"
"03/04/2005","9,927.20","9,884.06","9,968.41","9,859.53","157.25M","0.69%"
"03/03/2005","9,859.53","9,825.17","9,890.56","9,800.07","142.19M","0.61%"
"03/02/2005","9,800.07","9,709.70","9,810.86","9,703.67","158.43M","0.74%"
"03/01/2005","9,728.03","9,701.24","9,757.03","9,668.32","167.93M","0.62%"
"02/28/2005","9,668.32","9,764.10","9,770.88","9,668.32","136.73M","-0.75%"
"02/25/2005","9,741.37","9,701.33","9,774.62","9,657.74","141.41M","0.87%"
"02/24/2005","9,657.74","9,679.34","9,687.06","9,622.17","146.70M","-0.19%"
"02/23/2005","9,675.69","9,653.65","9,693.11","9,633.89","109.97M","0.37%"
"02/22/2005","9,640.47","9,685.03","9,729.91","9,631.95","148.45M","-0.43%"
"02/21/2005","9,682.31","9,658.47","9,682.31","9,639.26","31.84M","0.24%"
"02/18/2005","9,658.75","9,612.76","9,663.37","9,608.15","111.25M","0.41%"
"02/17/2005","9,619.26","9,646.17","9,652.71","9,609.65","143.47M","-0.21%"
"02/16/2005","9,639.59","9,564.82","9,661.73","9,561.31","127.77M","0.73%"
"02/15/2005","9,570.03","9,568.39","9,612.54","9,558.89","117.95M","-0.16%"
"02/14/2005","9,585.22","9,564.72","9,585.22","9,544.51","101.76M","0.28%"
"02/11/2005","9,558.50","9,491.38","9,573.66","9,479.29","126.03M","0.65%"
"02/10/2005","9,496.36","9,426.77","9,509.69","9,402.63","159.67M","1.00%"
"02/09/2005","9,402.63","9,366.48","9,402.63","9,362.77","130.49M","0.11%"
"02/08/2005","9,392.68","9,384.19","9,392.68","9,353.13","133.07M","0.22%"
"02/07/2005","9,371.89","9,380.44","9,399.99","9,358.28","99.22M","0.15%"
"02/04/2005","9,358.28","9,296.60","9,358.28","9,295.49","122.51M","0.59%"
"02/03/2005","9,303.71","9,289.89","9,304.19","9,271.98","125.44M","-0.00%"
"02/02/2005","9,303.94","9,278.44","9,312.87","9,269.40","129.20M","0.36%"
"02/01/2005","9,270.13","9,211.52","9,271.62","9,204.05","135.30M","0.72%"
"01/31/2005","9,204.05","9,134.53","9,204.05","9,102.47","119.85M","0.68%"
"01/28/2005","9,141.78","9,173.36","9,184.93","9,139.95","111.50M","-0.36%"
"01/27/2005","9,174.41","9,167.60","9,185.25","9,153.51","132.26M","0.13%"
"01/26/2005","9,162.36","9,137.56","9,185.32","9,125.10","118.96M","0.41%"
"01/25/2005","9,125.10","9,105.54","9,145.23","9,078.20","122.63M","0.52%"
"01/24/2005","9,078.20","9,100.46","9,111.44","9,059.40","89.64M","-0.09%"
"01/21/2005","9,086.83","9,111.14","9,117.48","9,086.83","109.86M","-0.02%"
"01/20/2005","9,088.98","9,089.71","9,120.35","9,059.35","95.70M","-0.34%"
"01/19/2005","9,120.35","9,134.24","9,151.05","9,114.71","117.96M","-0.16%"
"01/18/2005","9,134.77","9,075.45","9,138.56","9,061.47","160.58M","0.78%"
"01/17/2005","9,063.84","9,053.24","9,074.94","9,042.18","51.12M","0.07%"
"01/14/2005","9,057.16","9,026.81","9,079.90","9,009.14","115.23M","0.53%"
"01/13/2005","9,009.14","9,019.43","9,029.10","8,985.42","144.21M","-0.15%"
"01/12/2005","9,022.71","9,025.43","9,028.99","8,959.87","131.45M","0.02%"
"01/11/2005","9,020.69","9,034.49","9,034.68","9,005.48","127.55M","-0.07%"
"01/10/2005","9,026.83","9,017.79","9,038.38","9,006.22","130.34M","0.23%"
"01/07/2005","9,006.22","9,084.01","9,082.39","8,952.79","139.91M","-0.64%"
"01/06/2005","9,064.26","9,038.05","9,072.92","9,021.05","131.76M","0.48%"
"01/05/2005","9,021.05","9,118.65","9,142.98","9,021.05","119.53M","-1.33%"
"01/04/2005","9,142.98","9,190.12","9,246.84","9,142.98","115.00M","-1.12%"
"12/31/2004","9,246.65","9,264.97","9,275.60","9,246.65","35.52M","-0.19%"
"12/30/2004","9,264.40","9,232.42","9,264.40","9,201.44","44.26M","0.38%"
"12/29/2004","9,229.08","9,236.92","9,286.46","9,224.49","74.23M","-0.63%"
"12/24/2004","9,287.40","9,256.25","9,287.40","9,235.18","16.33M","0.57%"
"12/23/2004","9,235.18","9,247.90","9,273.66","9,233.97","77.86M","-0.17%"
"12/22/2004","9,251.17","9,222.39","9,259.73","9,216.25","91.54M","0.15%"
"12/21/2004","9,237.48","9,186.67","9,253.66","9,176.40","111.84M","1.26%"
"12/17/2004","9,122.62","9,119.64","9,137.52","9,106.80","185.89M","0.07%"
"12/16/2004","9,116.64","9,108.06","9,148.21","9,106.16","178.46M","0.12%"
"12/15/2004","9,106.16","9,083.20","9,119.59","9,068.76","151.03M","0.22%"
"12/14/2004","9,086.36","9,038.01","9,097.24","9,032.77","159.60M","0.59%"
"12/13/2004","9,032.77","8,982.81","9,045.60","8,965.27","174.66M","0.75%"
"12/10/2004","8,965.27","9,019.35","9,037.62","8,965.27","112.32M","-0.54%"
"12/09/2004","9,013.55","9,014.87","9,018.19","8,983.45","116.94M","0.11%"
"12/08/2004","9,003.74","8,978.74","9,010.26","8,970.76","146.22M","0.14%"
"12/07/2004","8,990.95","9,060.79","9,067.54","8,990.95","135.12M","-0.77%"
"12/06/2004","9,060.70","9,049.44","9,079.06","9,031.87","146.61M","0.06%"
"12/03/2004","9,055.66","9,028.97","9,063.09","9,017.02","132.41M","0.19%"
"12/02/2004","9,038.49","9,067.91","9,067.91","9,020.96","169.02M","-0.29%"
"12/01/2004","9,064.47","9,037.75","9,074.49","9,030.05","194.47M","0.38%"
"11/30/2004","9,030.05","9,041.77","9,062.21","9,028.79","142.89M","-0.29%"
"11/29/2004","9,056.41","9,053.72","9,078.67","9,034.96","103.87M","-0.02%"
"11/26/2004","9,057.97","9,012.04","9,059.29","9,011.83","76.35M","0.36%"
"11/25/2004","9,025.90","8,988.77","9,029.71","8,976.09","46.87M","0.55%"
"11/24/2004","8,976.09","8,991.13","9,000.32","8,956.51","123.21M","-0.21%"
"11/23/2004","8,995.19","8,982.89","9,012.69","8,979.63","113.43M","0.04%"
"11/22/2004","8,991.48","8,945.55","9,000.26","8,934.67","99.42M","0.36%"
"11/19/2004","8,959.40","8,951.53","8,994.14","8,954.44","113.44M","-0.14%"
"11/18/2004","8,971.54","8,991.31","9,004.18","8,970.67","137.19M","-0.18%"
"11/17/2004","8,987.60","8,966.43","9,010.29","8,952.00","180.37M","0.40%"
"11/16/2004","8,952.00","8,934.39","8,952.00","8,916.06","131.23M","0.17%"
"11/15/2004","8,937.22","8,906.76","8,954.88","8,896.37","149.19M","0.46%"
"11/12/2004","8,896.37","8,892.35","8,929.36","8,882.68","172.32M","0.11%"
"11/11/2004","8,886.17","8,844.48","8,894.87","8,836.96","106.21M","0.50%"
"11/10/2004","8,841.67","8,849.36","8,860.30","8,814.34","137.19M","-0.04%"
"11/09/2004","8,845.16","8,804.51","8,845.76","8,795.47","122.09M","0.22%"
"11/08/2004","8,825.73","8,863.13","8,868.74","8,815.30","104.83M","-0.48%"
"11/05/2004","8,868.74","8,889.75","8,891.80","8,851.23","127.24M","0.02%"
"11/04/2004","8,866.61","8,853.10","8,878.34","8,821.36","141.28M","0.29%"
"11/03/2004","8,841.35","8,908.28","8,939.77","8,835.28","140.53M","-0.33%"
"11/02/2004","8,870.94","8,834.47","8,887.49","8,830.97","117.61M","0.14%"
"11/01/2004","8,858.23","8,877.71","8,880.53","8,829.92","91.28M","-0.14%"
"10/29/2004","8,870.97","8,808.52","8,874.32","8,781.04","114.69M","1.02%"
"10/28/2004","8,781.04","8,780.77","8,803.88","8,747.36","129.10M","-0.11%"
"10/27/2004","8,791.00","8,792.00","8,821.10","8,791.00","143.75M","-0.31%"
"10/26/2004","8,818.18","8,762.10","8,824.94","8,749.16","116.44M","0.79%"
"10/25/2004","8,749.16","8,788.35","8,809.19","8,720.44","114.57M","-0.36%"
"10/22/2004","8,780.80","8,845.30","8,862.44","8,780.80","107.73M","-0.74%"
"10/21/2004","8,846.65","8,827.60","8,859.40","8,788.11","132.83M","0.67%"
"10/20/2004","8,788.11","8,724.88","8,788.11","8,717.31","137.80M","0.77%"
"10/19/2004","8,720.53","8,821.05","8,828.09","8,720.53","121.75M","-0.78%"
"10/18/2004","8,788.90","8,801.72","8,856.83","8,786.19","133.90M","-0.00%"
"10/15/2004","8,788.93","8,746.75","8,791.53","8,732.57","133.12M","0.49%"
"10/14/2004","8,745.64","8,737.52","8,785.77","8,729.49","120.17M","0.18%"
"10/13/2004","8,729.64","8,792.50","8,794.30","8,722.21","146.99M","-0.64%"
"10/12/2004","8,785.86","8,777.11","8,814.93","8,769.07","102.11M","-0.33%"
"10/08/2004","8,814.89","8,821.27","8,863.36","8,807.83","131.46M","-0.12%"
"10/07/2004","8,825.38","8,881.63","8,899.99","8,817.93","143.40M","-0.52%"
"10/06/2004","8,871.93","8,812.37","8,871.93","8,797.05","118.86M","0.85%"
"10/05/2004","8,797.05","8,802.85","8,830.44","8,778.82","127.01M","-0.18%"
"10/04/2004","8,812.91","8,764.88","8,821.35","8,747.09","119.38M","0.75%"
"10/01/2004","8,747.09","8,665.13","8,755.37","8,663.35","128.11M","0.91%"
"09/30/2004","8,668.29","8,628.22","8,672.04","8,629.89","158.38M","0.40%"
"09/29/2004","8,634.11","8,600.51","8,634.69","8,591.90","142.92M","0.20%"
"09/28/2004","8,617.21","8,522.72","8,621.80","8,497.96","141.13M","1.40%"
"09/27/2004","8,497.96","8,565.33","8,588.40","8,497.96","107.33M","-1.05%"
"09/24/2004","8,588.40","8,567.00","8,591.83","8,558.73","119.97M","-0.04%"
"09/23/2004","8,591.65","8,588.95","8,597.19","8,568.52","114.34M","0.06%"
"09/22/2004","8,586.09","8,635.29","8,643.13","8,582.61","132.09M","-0.66%"
"09/21/2004","8,642.93","8,571.30","8,650.80","8,539.82","110.97M","1.21%"
"09/20/2004","8,539.82","8,535.98","8,579.60","8,529.11","111.03M","0.12%"
"09/17/2004","8,529.89","8,505.61","8,543.93","8,493.38","170.63M","0.43%"
"09/16/2004","8,493.38","8,452.08","8,498.74","8,450.45","124.67M","0.31%"
"09/15/2004","8,467.03","8,483.82","8,502.46","8,463.62","134.30M","-0.30%"
"09/14/2004","8,492.59","8,487.78","8,513.42","8,475.19","100.08M","-0.24%"
"09/13/2004","8,513.42","8,393.67","8,524.32","8,368.62","122.60M","1.73%"
"09/10/2004","8,368.62","8,385.14","8,395.88","8,361.07","98.08M","-0.30%"
"09/09/2004","8,394.03","8,342.03","8,394.03","8,324.59","99.13M","0.47%"
"09/08/2004","8,354.80","8,335.61","8,369.37","8,330.23","98.61M","-0.17%"
"09/07/2004","8,369.37","8,339.71","8,369.56","8,331.18","82.70M","0.30%"
"09/03/2004","8,344.42","8,355.39","8,388.86","8,320.09","87.99M","-0.53%"
"09/02/2004","8,388.86","8,394.43","8,410.96","8,360.35","75.75M","-0.25%"
"09/01/2004","8,410.12","8,356.07","8,410.12","8,342.65","99.66M","0.40%"
"08/31/2004","8,377.03","8,323.68","8,377.03","8,309.04","87.96M","0.82%"
"08/30/2004","8,309.04","8,350.20","8,346.71","8,309.04","69.35M","-0.30%"
"08/27/2004","8,334.29","8,346.55","8,365.83","8,320.73","73.28M","0.04%"
"08/26/2004","8,331.34","8,349.97","8,371.37","8,325.40","99.25M","-0.48%"
"08/25/2004","8,371.37","8,307.33","8,374.31","8,278.03","105.39M","0.66%"
"08/24/2004","8,316.40","8,344.99","8,351.91","8,310.41","97.18M","0.01%"
"08/23/2004","8,315.47","8,355.92","8,360.10","8,309.34","75.72M","-0.24%"
"08/20/2004","8,335.62","8,318.36","8,361.14","8,293.37","114.52M","0.50%"
"08/19/2004","8,293.94","8,239.94","8,301.40","8,220.94","147.14M","0.86%"
"08/18/2004","8,222.99","8,209.79","8,266.48","8,197.95","122.73M","-0.11%"
"08/17/2004","8,232.18","8,235.13","8,247.40","8,220.89","113.62M","-0.11%"
"08/16/2004","8,241.49","8,160.41","8,241.49","8,160.23","98.64M","0.84%"
"08/13/2004","8,172.63","8,143.18","8,172.63","8,116.15","81.13M","0.50%"
"08/12/2004","8,132.34","8,159.46","8,171.58","8,121.64","100.64M","-0.44%"
"08/11/2004","8,168.24","8,195.15","8,231.26","8,156.91","127.71M","-0.77%"
"08/10/2004","8,231.26","8,203.36","8,234.04","8,183.44","116.56M","0.58%"
"08/09/2004","8,183.44","8,218.18","8,223.40","8,176.68","82.25M","0.08%"
"08/06/2004","8,176.68","8,248.10","8,267.88","8,157.31","109.85M","-1.10%"
"08/05/2004","8,267.88","8,390.63","8,391.18","8,260.70","136.57M","-1.14%"
"08/04/2004","8,362.96","8,451.76","8,464.14","8,362.96","99.93M","-1.20%"
"08/03/2004","8,464.14","8,503.80","8,503.39","8,453.29","93.69M","0.07%"
"07/30/2004","8,458.07","8,443.09","8,493.09","8,431.08","73.72M","0.18%"
"07/29/2004","8,443.19","8,379.52","8,453.94","8,356.32","104.90M","1.04%"
"07/28/2004","8,356.32","8,313.21","8,356.32","8,294.37","112.95M","0.75%"
"07/27/2004","8,294.37","8,283.59","8,314.55","8,242.82","158.31M","-0.24%"
"07/26/2004","8,314.55","8,393.19","8,422.05","8,290.61","91.24M","-0.82%"
"07/23/2004","8,383.31","8,389.99","8,413.53","8,376.60","90.13M","-0.18%"
"07/22/2004","8,398.05","8,438.12","8,454.15","8,369.14","127.32M","-0.66%"
"07/21/2004","8,454.15","8,446.61","8,510.60","8,418.54","123.17M","0.42%"
"07/20/2004","8,418.54","8,414.32","8,435.41","8,383.42","101.71M","0.04%"
"07/19/2004","8,414.80","8,364.58","8,414.80","8,350.46","96.23M","0.77%"
"07/16/2004","8,350.46","8,433.35","8,444.60","8,319.33","129.96M","-0.56%"
"07/15/2004","8,397.31","8,486.17","8,488.87","8,394.42","126.08M","-0.72%"
"07/14/2004","8,458.28","8,439.91","8,487.19","8,432.97","109.17M","0.07%"
"07/13/2004","8,452.60","8,426.85","8,461.66","8,419.50","147.18M","0.36%"
"07/12/2004","8,422.23","8,473.59","8,477.35","8,411.51","81.67M","-0.60%"
"07/09/2004","8,473.18","8,446.79","8,477.38","8,420.38","97.33M","0.63%"
"07/08/2004","8,420.38","8,468.85","8,481.94","8,416.76","134.68M","-0.73%"
"07/07/2004","8,481.94","8,471.64","8,501.45","8,471.76","138.60M","-0.03%"
"07/06/2004","8,484.74","8,485.43","8,486.00","8,447.20","114.45M","-0.01%"
"07/05/2004","8,486.00","8,483.35","8,532.00","8,463.67","40.46M","-0.02%"
"07/02/2004","8,487.31","8,497.97","8,545.58","8,445.65","68.92M","-0.68%"
"06/30/2004","8,545.58","8,527.58","8,551.48","8,498.52","124.18M","0.55%"
"06/29/2004","8,498.52","8,458.14","8,498.52","8,450.81","105.77M","0.35%"
"06/28/2004","8,468.87","8,534.47","8,535.98","8,461.60","80.06M","-0.34%"
"06/25/2004","8,497.77","8,527.94","8,562.67","8,497.77","87.43M","-0.39%"
"06/24/2004","8,530.77","8,569.30","8,575.41","8,523.14","114.67M","-0.52%"
"06/23/2004","8,575.41","8,534.84","8,578.06","8,517.86","133.19M","0.68%"
"06/22/2004","8,517.86","8,466.58","8,517.86","8,463.71","102.07M","0.54%"
"06/21/2004","8,472.18","8,523.85","8,530.03","8,464.12","89.65M","0.05%"
"06/18/2004","8,468.01","8,513.88","8,556.37","8,468.01","178.35M","-0.35%"
"06/17/2004","8,497.56","8,442.53","8,498.09","8,427.87","139.34M","0.83%"
"06/16/2004","8,427.87","8,391.26","8,433.29","8,390.24","141.43M","0.45%"
"06/15/2004","8,390.24","8,321.89","8,398.91","8,292.31","111.95M","1.18%"
"06/14/2004","8,292.31","8,327.35","8,366.63","8,274.87","81.59M","-0.89%"
"06/11/2004","8,366.63","8,341.65","8,366.63","8,338.93","27.42M","0.25%"
"06/10/2004","8,345.49","8,327.96","8,363.33","8,317.12","105.24M","0.34%"
"06/09/2004","8,317.12","8,399.59","8,412.00","8,315.49","125.52M","-1.13%"
"06/08/2004","8,412.00","8,400.54","8,412.75","8,389.05","124.08M","-0.01%"
"06/07/2004","8,412.75","8,386.56","8,418.78","8,348.74","118.44M","0.77%"
"06/04/2004","8,348.74","8,352.00","8,366.99","8,329.12","121.06M","0.24%"
"06/03/2004","8,329.12","8,373.13","8,399.66","8,322.22","138.51M","-0.55%"
"06/02/2004","8,374.83","8,419.13","8,420.22","8,350.94","162.81M","-0.52%"
"06/01/2004","8,418.38","8,390.18","8,420.40","8,374.54","134.59M","0.01%"
"05/31/2004","8,417.32","8,369.17","8,421.25","8,347.08","38.67M","0.84%"
"05/28/2004","8,347.08","8,354.16","8,372.90","8,328.04","180.38M","0.04%"
"05/27/2004","8,343.60","8,326.15","8,355.91","8,300.37","185.72M","0.30%"
"05/26/2004","8,318.98","8,367.87","8,379.77","8,318.72","115.00M","-0.42%"
"05/25/2004","8,354.22","8,255.03","8,364.95","8,210.48","121.15M","1.75%"
"05/21/2004","8,210.48","8,173.10","8,215.15","8,147.42","84.68M","0.77%"
"05/20/2004","8,147.85","8,205.96","8,226.99","8,142.06","119.77M","-0.60%"
"05/19/2004","8,196.79","8,228.47","8,278.27","8,162.69","143.36M","0.42%"
"05/18/2004","8,162.69","8,162.01","8,175.46","8,114.95","140.35M","0.48%"
"05/17/2004","8,123.50","8,147.94","8,188.08","8,098.06","116.97M","-0.79%"
"05/14/2004","8,188.08","8,161.83","8,195.56","8,147.80","108.66M","0.14%"
"05/13/2004","8,176.61","8,186.88","8,230.85","8,176.61","95.95M","-0.14%"
"05/12/2004","8,187.67","8,222.55","8,222.57","8,112.84","114.62M","-0.21%"
"05/11/2004","8,205.06","8,176.06","8,222.03","8,129.49","123.25M","0.93%"
"05/10/2004","8,129.49","8,219.02","8,274.79","8,129.03","131.04M","-1.76%"
"05/07/2004","8,274.79","8,376.42","8,427.69","8,267.54","139.19M","-1.81%"
"05/06/2004","8,427.69","8,452.51","8,460.56","8,375.96","155.43M","-0.35%"
"05/05/2004","8,457.30","8,480.68","8,481.35","8,445.90","152.43M","0.02%"
"05/04/2004","8,455.85","8,306.71","8,455.85","8,257.60","194.40M","2.40%"
"05/03/2004","8,257.60","8,283.77","8,305.78","8,243.90","134.00M","0.17%"
"04/30/2004","8,243.97","8,292.01","8,300.30","8,217.72","159.70M","0.15%"
"04/29/2004","8,231.93","8,274.76","8,328.82","8,220.97","198.54M","-0.04%"
"04/28/2004","8,234.85","8,399.44","8,535.02","8,234.85","303.46M","-3.52%"
"04/27/2004","8,535.02","8,632.92","8,647.55","8,535.02","127.95M","-0.94%"
"04/26/2004","8,616.15","8,687.61","8,723.77","8,616.15","116.47M","-0.60%"
"04/23/2004","8,667.87","8,728.48","8,726.83","8,659.05","128.95M","-0.14%"
"04/22/2004","8,679.98","8,582.32","8,689.79","8,573.05","148.25M","1.25%"
"04/21/2004","8,573.05","8,602.14","8,611.04","8,537.50","176.04M","-0.35%"
"04/20/2004","8,602.98","8,719.44","8,719.44","8,572.37","128.40M","-1.15%"
"04/19/2004","8,702.82","8,706.11","8,715.43","8,655.48","95.28M","0.09%"
"04/16/2004","8,695.35","8,672.29","8,697.74","8,637.17","115.51M","0.67%"
"04/15/2004","8,637.17","8,672.30","8,697.53","8,606.48","119.03M","-0.03%"
"04/14/2004","8,640.12","8,706.29","8,763.58","8,610.72","166.40M","-1.41%"
"04/13/2004","8,763.58","8,920.76","8,917.64","8,736.41","132.95M","-1.52%"
"04/12/2004","8,898.77","8,844.78","8,911.92","8,833.48","68.67M","0.74%"
"04/08/2004","8,833.48","8,866.93","8,875.21","8,807.59","91.61M","0.29%"
"04/07/2004","8,807.59","8,839.44","8,842.25","8,807.02","132.20M","-0.28%"
"04/06/2004","8,832.71","8,813.03","8,864.39","8,805.13","111.96M","-0.29%"
"04/05/2004","8,858.49","8,775.65","8,881.73","8,773.02","154.81M","0.68%"
"04/02/2004","8,798.75","8,714.93","8,807.45","8,652.08","161.12M","1.70%"
"04/01/2004","8,652.08","8,632.13","8,671.52","8,585.93","164.86M","0.77%"
"03/31/2004","8,585.93","8,660.90","8,674.94","8,581.96","219.32M","-0.42%"
"03/30/2004","8,622.24","8,551.26","8,642.90","8,524.96","120.88M","0.78%"
"03/29/2004","8,555.23","8,532.96","8,566.50","8,509.56","104.62M","0.54%"
"03/26/2004","8,509.56","8,512.68","8,536.94","8,500.36","119.63M","-0.05%"
"03/25/2004","8,513.91","8,451.06","8,513.91","8,420.85","141.28M","1.11%"
"03/24/2004","8,420.85","8,480.07","8,486.11","8,415.95","109.58M","-0.63%"
"03/23/2004","8,474.52","8,507.56","8,518.68","8,433.16","123.06M","-0.05%"
"03/22/2004","8,478.48","8,534.81","8,583.81","8,456.54","119.25M","-1.23%"
"03/19/2004","8,583.81","8,565.73","8,608.75","8,549.27","205.01M","0.33%"
"03/18/2004","8,555.90","8,576.71","8,601.99","8,551.98","170.08M","-0.53%"
"03/17/2004","8,601.72","8,547.97","8,606.71","8,503.27","173.28M","1.16%"
"03/16/2004","8,503.27","8,443.49","8,503.71","8,434.08","183.23M","0.82%"
"03/15/2004","8,434.41","8,562.09","8,592.04","8,421.58","192.80M","-1.83%"
"03/12/2004","8,592.04","8,530.70","8,593.35","8,503.77","120.30M","1.04%"
"03/11/2004","8,503.88","8,492.26","8,585.42","8,454.59","246.71M","-0.95%"
"03/10/2004","8,585.42","8,735.53","8,750.53","8,584.75","162.30M","-1.88%"
"03/09/2004","8,750.31","8,802.86","8,811.52","8,730.32","136.93M","-0.58%"
"03/08/2004","8,801.21","8,848.60","8,870.41","8,790.50","117.55M","-0.50%"
"03/05/2004","8,845.04","8,753.69","8,845.04","8,737.59","117.84M","0.82%"
"03/04/2004","8,773.27","8,827.35","8,827.82","8,773.27","121.72M","-0.25%"
"03/03/2004","8,795.69","8,801.49","8,811.61","8,763.99","120.82M","-0.14%"
"03/02/2004","8,808.00","8,877.22","8,882.15","8,808.00","129.59M","-0.75%"
"03/01/2004","8,874.67","8,840.60","8,885.61","8,788.49","130.09M","0.98%"
"02/27/2004","8,788.49","8,753.09","8,808.79","8,737.84","127.82M","0.58%"
"02/26/2004","8,737.84","8,661.97","8,747.22","8,637.32","119.34M","1.16%"
"02/25/2004","8,637.32","8,592.93","8,649.08","8,592.93","115.61M","0.38%"
"02/24/2004","8,604.99","8,595.36","8,614.79","8,564.52","166.23M","-0.05%"
"02/23/2004","8,609.62","8,654.48","8,661.26","8,603.41","101.21M","-0.37%"
"02/20/2004","8,641.93","8,714.69","8,721.25","8,629.47","127.80M","-0.66%"
"02/19/2004","8,699.09","8,739.18","8,755.57","8,698.60","134.03M","-0.21%"
"02/18/2004","8,717.83","8,774.45","8,783.63","8,715.34","153.06M","-0.56%"
"02/17/2004","8,767.10","8,771.51","8,781.13","8,747.51","140.66M","0.22%"
"02/16/2004","8,747.51","8,707.42","8,747.55","8,694.46","47.09M","0.61%"
"02/13/2004","8,694.46","8,734.93","8,749.42","8,677.88","121.61M","-0.35%"
"02/12/2004","8,725.04","8,774.59","8,786.72","8,723.14","145.17M","-0.49%"
"02/11/2004","8,767.73","8,754.34","8,799.03","8,748.86","166.99M","0.19%"
"02/10/2004","8,751.51","8,694.13","8,755.74","8,688.68","136.69M","0.65%"
"02/09/2004","8,695.20","8,675.82","8,703.25","8,638.56","119.75M","0.66%"
"02/06/2004","8,638.61","8,578.20","8,648.45","8,548.41","132.77M","1.06%"
"02/05/2004","8,548.41","8,558.93","8,579.68","8,537.86","124.32M","0.12%"
"02/04/2004","8,538.12","8,630.87","8,661.06","8,534.13","162.85M","-1.42%"
"02/03/2004","8,660.70","8,649.96","8,697.20","8,639.89","175.41M","0.24%"
"02/02/2004","8,639.89","8,546.94","8,666.37","8,521.16","147.71M","1.39%"
"01/30/2004","8,521.39","8,585.87","8,590.72","8,449.36","181.65M","0.85%"
"01/29/2004","8,449.36","8,534.70","8,564.66","8,414.24","177.95M","-1.01%"
"01/28/2004","8,535.71","8,603.03","8,633.23","8,526.43","157.89M","-0.61%"
"01/27/2004","8,588.18","8,600.88","8,616.41","8,571.61","123.47M","-0.08%"
"01/26/2004","8,594.92","8,612.14","8,614.82","8,563.69","122.31M","-0.11%"
"01/23/2004","8,604.73","8,605.70","8,645.33","8,586.26","146.12M","0.18%"
"01/22/2004","8,589.11","8,630.20","8,642.47","8,577.48","196.91M","-0.38%"
"01/21/2004","8,621.88","8,609.15","8,627.39","8,590.56","208.11M","-0.02%"
"01/20/2004","8,623.62","8,599.36","8,639.96","8,580.29","176.07M","0.50%"
"01/19/2004","8,580.36","8,527.13","8,582.56","8,519.96","98.13M","0.68%"
"01/16/2004","8,522.26","8,476.34","8,522.26","8,423.94","176.88M","1.17%"
"01/15/2004","8,423.94","8,411.37","8,441.57","8,402.52","179.09M","0.24%"
"01/14/2004","8,403.77","8,389.83","8,418.30","8,374.47","171.80M","0.28%"
"01/13/2004","8,380.34","8,401.42","8,428.88","8,364.12","154.43M","-0.00%"
"01/12/2004","8,380.37","8,358.69","8,380.95","8,334.32","140.99M","0.34%"
"01/09/2004","8,352.19","8,338.47","8,417.33","8,316.22","202.38M","-0.41%"
"01/08/2004","8,386.42","8,423.31","8,425.41","8,344.77","217.54M","-0.03%"
"01/07/2004","8,388.53","8,404.64","8,418.99","8,360.95","238.65M","-0.20%"
"01/06/2004","8,405.10","8,392.27","8,405.10","8,364.43","190.51M","0.28%"
"01/05/2004","8,381.66","8,327.06","8,383.19","8,293.07","133.80M","1.06%"
"01/02/2004","8,293.70","8,241.17","8,332.25","8,220.89","51.83M","0.89%"
"12/31/2003","8,220.89","8,218.63","8,238.59","8,209.14","41.01M","0.09%"
"12/30/2003","8,213.75","8,260.09","8,276.84","8,211.09","70.84M","-0.57%"
"12/29/2003","8,260.54","8,159.74","8,267.93","8,136.78","61.97M","1.52%"
"12/24/2003","8,136.78","8,135.10","8,164.56","8,123.32","43.21M","-0.02%"
"12/23/2003","8,138.43","8,131.51","8,144.66","8,119.34","92.97M","0.04%"
"12/22/2003","8,135.43","8,110.24","8,136.74","8,106.51","95.95M","0.27%"
"12/19/2003","8,113.82","8,139.34","8,139.49","8,105.53","184.47M","-0.13%"
"12/18/2003","8,124.66","8,024.13","8,128.28","8,023.54","140.13M","1.05%"
"12/17/2003","8,040.17","7,982.10","8,040.17","7,961.24","132.83M","0.66%"
"12/16/2003","7,987.25","7,939.23","7,987.25","7,930.61","135.44M","0.70%"
"12/15/2003","7,932.11","8,014.81","8,008.46","7,908.81","118.39M","-0.59%"
"12/12/2003","7,979.20","7,964.86","7,979.20","7,930.78","96.80M","0.29%"
"12/11/2003","7,956.18","7,879.47","7,956.18","7,874.25","145.91M","0.88%"
"12/10/2003","7,887.12","7,963.53","7,975.94","7,860.15","151.03M","-1.11%"
"12/09/2003","7,975.94","8,001.72","8,017.68","7,975.89","167.44M","-0.19%"
"12/08/2003","7,990.77","7,992.83","7,997.66","7,966.77","122.53M","0.01%"
"12/05/2003","7,990.28","7,971.45","7,994.69","7,961.70","111.27M","-0.04%"
"12/04/2003","7,993.34","7,983.14","7,995.12","7,959.88","153.37M","0.42%"
"12/03/2003","7,959.88","7,939.75","7,977.40","7,927.60","153.01M","0.41%"
"12/02/2003","7,927.60","7,909.59","7,929.70","7,897.26","162.90M","0.04%"
"12/01/2003","7,924.57","7,896.45","7,928.02","7,859.39","132.55M","0.83%"
"11/28/2003","7,859.39","7,880.58","7,896.42","7,859.39","77.70M","-0.27%"
"11/27/2003","7,880.50","7,855.85","7,888.02","7,853.85","37.89M","0.26%"
"11/26/2003","7,860.39","7,846.45","7,869.75","7,822.34","142.02M","0.49%"
"11/25/2003","7,822.34","7,862.74","7,879.82","7,819.68","126.31M","-0.35%"
"11/24/2003","7,850.15","7,795.03","7,850.15","7,783.47","101.19M","0.86%"
"11/21/2003","7,783.59","7,803.13","7,835.04","7,783.59","101.17M","-0.34%"
"11/20/2003","7,809.78","7,779.80","7,842.56","7,778.12","126.59M","0.11%"
"11/19/2003","7,801.09","7,773.68","7,804.82","7,737.39","128.96M","0.82%"
"11/18/2003","7,737.39","7,779.24","7,786.91","7,736.13","124.47M","-0.37%"
"11/17/2003","7,766.05","7,746.08","7,766.93","7,710.70","116.59M","0.18%"
"11/14/2003","7,752.39","7,781.55","7,811.03","7,749.10","114.08M","-0.20%"
"11/13/2003","7,767.62","7,780.98","7,797.33","7,766.66","113.18M","-0.38%"
"11/12/2003","7,797.33","7,773.73","7,798.65","7,742.67","115.29M","0.32%"
"11/11/2003","7,772.24","7,808.38","7,815.83","7,759.78","79.04M","-0.55%"
"11/10/2003","7,815.46","7,836.13","7,860.44","7,781.69","86.68M","-0.57%"
"11/07/2003","7,860.44","7,866.93","7,877.67","7,845.48","127.17M","-0.13%"
"11/06/2003","7,870.87","7,869.73","7,884.92","7,862.93","113.03M","0.04%"
"11/05/2003","7,867.68","7,876.94","7,908.68","7,858.19","135.95M","0.05%"
"11/04/2003","7,863.69","7,851.53","7,873.83","7,843.11","150.50M","0.26%"
"11/03/2003","7,843.47","7,798.96","7,859.05","7,772.70","124.04M","0.91%"
"10/31/2003","7,772.70","7,745.21","7,781.02","7,739.25","131.74M","0.43%"
"10/30/2003","7,739.41","7,758.03","7,763.96","7,723.88","149.21M","0.12%"
"10/29/2003","7,730.48","7,713.38","7,747.56","7,697.74","130.98M","0.15%"
"10/28/2003","7,719.17","7,685.17","7,719.17","7,663.85","122.96M","0.72%"
"10/27/2003","7,664.19","7,638.53","7,675.52","7,614.14","112.56M","0.65%"
"10/24/2003","7,614.40","7,640.77","7,651.15","7,586.67","149.55M","-0.47%"
"10/23/2003","7,650.20","7,679.30","7,711.24","7,642.60","122.58M","-0.79%"
"10/22/2003","7,711.24","7,745.27","7,768.00","7,687.70","124.50M","-0.73%"
"10/21/2003","7,768.00","7,720.03","7,768.00","7,712.98","124.03M","0.62%"
"10/20/2003","7,719.85","7,720.66","7,745.34","7,707.94","86.30M","0.03%"
"10/17/2003","7,717.47","7,771.63","7,793.03","7,696.24","107.38M","-0.97%"
"10/16/2003","7,792.80","7,764.57","7,792.80","7,752.51","125.78M","0.12%"
"10/15/2003","7,783.21","7,769.27","7,819.00","7,749.42","150.33M","0.44%"
"10/14/2003","7,749.42","7,685.75","7,749.42","7,633.61","121.25M","1.52%"
"10/10/2003","7,633.61","7,621.75","7,634.75","7,604.49","89.77M","0.38%"
"10/09/2003","7,604.49","7,593.44","7,620.00","7,569.05","141.95M","0.46%"
"10/08/2003","7,569.30","7,575.88","7,592.70","7,560.97","118.49M","0.11%"
"10/07/2003","7,561.21","7,542.96","7,581.63","7,528.52","138.56M","-0.02%"
"10/06/2003","7,562.87","7,538.84","7,563.66","7,495.59","99.17M","0.58%"
"10/03/2003","7,519.59","7,554.24","7,585.47","7,516.42","118.67M","-0.29%"
"10/02/2003","7,541.42","7,526.38","7,555.43","7,509.67","114.58M","0.42%"
"10/01/2003","7,509.67","7,433.06","7,511.79","7,421.13","119.80M","1.19%"
"09/30/2003","7,421.13","7,458.98","7,455.96","7,379.87","142.70M","-0.33%"
"09/29/2003","7,445.62","7,456.71","7,470.93","7,426.24","125.55M","0.17%"
"09/26/2003","7,433.08","7,521.43","7,521.09","7,420.31","145.47M","-1.07%"
"09/25/2003","7,513.37","7,622.69","7,622.33","7,512.33","160.89M","-1.17%"
"09/24/2003","7,602.34","7,652.44","7,667.10","7,602.17","159.41M","-0.55%"
"09/23/2003","7,644.04","7,566.91","7,649.29","7,566.04","108.13M","1.02%"
"09/22/2003","7,566.51","7,572.75","7,602.21","7,554.27","128.54M","-0.47%"
"09/19/2003","7,602.21","7,656.99","7,647.22","7,600.59","187.38M","0.02%"
"09/18/2003","7,600.59","7,613.54","7,617.36","7,586.69","126.21M","-0.17%"
"09/17/2003","7,613.58","7,629.09","7,657.96","7,605.64","130.42M","-0.15%"
"09/16/2003","7,625.37","7,591.09","7,628.10","7,575.29","151.44M","0.66%"
"09/15/2003","7,575.29","7,580.07","7,596.21","7,555.67","128.13M","-0.06%"
"09/12/2003","7,580.07","7,578.50","7,598.48","7,559.37","135.34M","-0.24%"
"09/11/2003","7,598.48","7,571.61","7,601.73","7,554.23","117.91M","0.36%"
"09/10/2003","7,571.06","7,569.38","7,614.96","7,566.42","178.73M","-0.34%"
"09/09/2003","7,596.51","7,660.62","7,662.27","7,595.35","214.33M","-0.52%"
"09/08/2003","7,636.01","7,613.58","7,642.72","7,603.47","164.91M","0.31%"
"09/05/2003","7,612.50","7,571.41","7,622.95","7,564.28","165.08M","0.23%"
"09/04/2003","7,594.85","7,586.19","7,595.44","7,565.10","200.95M","0.19%"
"09/03/2003","7,580.36","7,589.90","7,598.38","7,566.35","192.79M","0.18%"
"09/02/2003","7,566.86","7,507.65","7,568.96","7,506.33","115.70M","0.75%"
"08/29/2003","7,510.32","7,523.91","7,546.62","7,508.05","115.49M","-0.09%"
"08/28/2003","7,516.95","7,515.98","7,524.83","7,489.93","101.58M","0.22%"
"08/27/2003","7,500.61","7,468.61","7,508.99","7,442.82","121.21M","0.78%"
"08/26/2003","7,442.82","7,439.89","7,459.55","7,407.17","105.26M","0.02%"
"08/25/2003","7,441.15","7,457.50","7,467.18","7,426.15","85.32M","-0.35%"
"08/22/2003","7,467.18","7,538.47","7,546.33","7,467.18","114.72M","-0.66%"
"08/21/2003","7,516.45","7,503.76","7,546.68","7,491.07","116.73M","0.34%"
"08/20/2003","7,491.07","7,453.76","7,503.22","7,450.23","130.60M","0.22%"
"08/19/2003","7,474.91","7,426.92","7,499.50","7,411.30","135.53M","0.86%"
"08/18/2003","7,411.33","7,399.64","7,446.14","7,390.55","100.69M","0.28%"
"08/15/2003","7,390.55","7,376.84","7,393.93","7,376.13","34.94M","-0.04%"
"08/14/2003","7,393.76","7,373.54","7,395.34","7,365.49","112.69M","0.29%"
"08/13/2003","7,372.28","7,351.77","7,389.42","7,351.25","115.58M","0.25%"
"08/12/2003","7,354.02","7,313.68","7,354.02","7,310.73","102.91M","0.49%"
"08/11/2003","7,317.81","7,259.65","7,330.21","7,251.96","95.59M","0.91%"
"08/08/2003","7,251.96","7,186.98","7,251.96","7,180.13","103.85M","1.00%"
"08/07/2003","7,180.27","7,152.28","7,182.75","7,122.56","107.98M","0.58%"
"08/06/2003","7,139.06","7,160.55","7,189.54","7,124.73","126.94M","-0.70%"
"08/05/2003","7,189.54","7,225.00","7,244.66","7,189.37","111.89M","-0.40%"
"08/01/2003","7,218.58","7,226.48","7,257.92","7,216.34","79.13M","-0.54%"
"07/31/2003","7,257.92","7,230.32","7,262.72","7,204.99","128.92M","0.73%"
"07/30/2003","7,204.99","7,211.30","7,227.74","7,194.99","143.02M","-0.31%"
"07/29/2003","7,227.35","7,268.19","7,284.54","7,215.67","124.62M","-0.79%"
"07/28/2003","7,284.54","7,280.31","7,293.53","7,262.62","133.80M","0.30%"
"07/25/2003","7,262.62","7,262.29","7,277.93","7,233.09","127.75M","0.15%"
"07/24/2003","7,251.44","7,251.76","7,311.50","7,231.34","173.29M","0.28%"
"07/23/2003","7,231.34","7,205.32","7,232.93","7,185.18","126.00M","0.64%"
"07/22/2003","7,185.18","7,149.03","7,198.23","7,109.52","124.10M","0.69%"
"07/21/2003","7,135.96","7,118.50","7,137.33","7,113.86","108.47M","0.30%"
"07/18/2003","7,114.65","7,079.19","7,116.50","7,069.35","109.25M","0.64%"
"07/17/2003","7,069.35","7,065.74","7,083.21","7,041.35","130.22M","-0.18%"
"07/16/2003","7,082.01","7,119.96","7,124.06","7,076.32","117.35M","-0.48%"
"07/15/2003","7,116.08","7,148.68","7,152.12","7,105.93","126.69M","0.00%"
"07/14/2003","7,115.98","7,111.48","7,134.02","7,077.56","98.98M","0.54%"
"07/11/2003","7,077.56","7,069.38","7,097.67","7,051.87","121.29M","0.09%"
"07/10/2003","7,071.54","7,100.96","7,117.29","7,064.15","106.00M","-0.64%"
"07/09/2003","7,117.29","7,082.51","7,136.89","7,080.89","142.68M","0.39%"
"07/08/2003","7,089.60","7,070.14","7,093.50","7,066.66","145.60M","0.30%"
"07/07/2003","7,068.43","7,021.72","7,074.91","7,001.31","115.84M","0.95%"
"07/04/2003","7,001.88","7,005.29","7,009.04","6,989.75","33.27M","0.03%"
"07/03/2003","6,999.78","6,991.54","7,024.04","6,986.59","84.95M","0.14%"
"07/02/2003","6,990.30","6,996.75","7,013.44","6,981.43","119.74M","0.10%"
"06/30/2003","6,983.14","6,978.79","7,038.35","6,972.75","125.95M","0.06%"
"06/27/2003","6,979.12","6,982.37","6,996.04","6,938.06","108.02M","-0.18%"
"06/26/2003","6,991.40","6,967.81","6,991.40","6,953.88","99.03M","0.30%"
"06/25/2003","6,970.62","6,983.87","7,023.47","6,969.64","106.11M","-0.26%"
"06/24/2003","6,988.88","7,001.22","7,028.13","6,988.88","94.35M","-0.37%"
"06/23/2003","7,014.66","7,066.53","7,070.91","6,996.99","101.91M","-0.80%"
"06/20/2003","7,070.91","7,091.45","7,096.09","7,057.19","155.20M","-0.11%"
"06/19/2003","7,078.48","7,108.28","7,129.17","7,073.54","116.35M","-0.35%"
"06/18/2003","7,103.49","7,098.34","7,121.02","7,077.75","105.40M","-0.25%"
"06/17/2003","7,121.02","7,113.87","7,123.26","7,093.98","124.24M","0.31%"
"06/16/2003","7,099.27","7,024.56","7,101.14","6,999.63","106.62M","1.27%"
"06/13/2003","7,010.55","7,095.27","7,106.86","7,006.93","148.31M","-1.36%"
"06/12/2003","7,106.86","7,101.80","7,111.11","7,085.85","142.97M","0.09%"
"06/11/2003","7,100.77","7,033.74","7,101.04","7,024.69","123.73M","0.82%"
"06/10/2003","7,042.70","6,975.52","7,046.07","6,969.91","123.65M","1.01%"
"06/09/2003","6,972.42","7,026.09","7,046.88","6,965.89","101.85M","-1.06%"
"06/06/2003","7,046.88","7,068.92","7,127.65","7,034.70","135.30M","0.17%"
"06/05/2003","7,034.87","6,979.26","7,038.20","6,956.00","129.37M","0.48%"
"06/04/2003","7,001.33","6,914.97","7,012.94","6,911.34","169.86M","1.01%"
"06/03/2003","6,931.25","6,925.85","6,944.70","6,897.47","123.28M","-0.13%"
"06/02/2003","6,940.16","6,885.78","6,960.14","6,859.80","150.78M","1.17%"
"05/30/2003","6,859.80","6,840.11","6,868.23","6,835.40","182.37M","0.34%"
"05/29/2003","6,836.56","6,832.83","6,865.04","6,825.35","151.60M","0.01%"
"05/28/2003","6,836.21","6,853.30","6,861.07","6,832.17","126.53M","-0.06%"
"05/27/2003","6,840.24","6,777.00","6,847.45","6,765.23","132.21M","0.82%"
"05/26/2003","6,784.85","6,787.08","6,798.05","6,782.56","32.17M","0.03%"
"05/23/2003","6,782.90","6,759.46","6,797.39","6,759.09","130.43M","0.05%"
"05/22/2003","6,779.34","6,730.51","6,793.83","6,726.40","138.91M","0.79%"
"05/21/2003","6,726.40","6,712.01","6,732.20","6,690.61","123.36M","-0.08%"
"05/20/2003","6,732.11","6,708.47","6,742.03","6,682.79","125.02M","-0.15%"
"05/16/2003","6,742.03","6,746.01","6,758.97","6,725.67","83.88M","-0.24%"
"05/15/2003","6,758.43","6,754.67","6,768.24","6,740.93","92.10M","0.24%"
"05/14/2003","6,742.38","6,723.13","6,742.83","6,700.19","128.92M","0.59%"
"05/13/2003","6,702.91","6,701.42","6,743.53","6,692.06","123.71M","-0.22%"
"05/12/2003","6,717.50","6,649.97","6,728.74","6,645.63","117.99M","1.01%"
"05/09/2003","6,650.03","6,628.05","6,657.71","6,620.55","97.68M","0.44%"
"05/08/2003","6,620.77","6,637.72","6,650.59","6,617.39","130.44M","-0.45%"
"05/07/2003","6,650.59","6,685.94","6,693.71","6,649.91","149.43M","-0.64%"
"05/06/2003","6,693.71","6,669.39","6,714.81","6,659.64","157.55M","0.51%"
"05/05/2003","6,659.67","6,637.91","6,664.01","6,618.11","132.10M","0.63%"
"05/02/2003","6,618.11","6,563.11","6,618.75","6,555.17","133.70M","0.74%"
"05/01/2003","6,569.31","6,584.07","6,586.37","6,538.79","93.24M","-0.25%"
"04/30/2003","6,586.07","6,555.18","6,586.07","6,545.39","135.44M","0.62%"
"04/29/2003","6,545.39","6,556.40","6,566.06","6,534.80","100.22M","-0.05%"
"04/28/2003","6,548.66","6,533.30","6,568.41","6,521.69","69.03M","0.41%"
"04/25/2003","6,521.69","6,553.93","6,568.24","6,511.28","121.64M","-0.61%"
"04/24/2003","6,561.55","6,617.46","6,619.24","6,561.55","150.21M","-0.84%"
"04/23/2003","6,616.87","6,607.75","6,633.65","6,582.92","141.76M","0.52%"
"04/22/2003","6,582.92","6,557.16","6,596.07","6,544.31","118.68M","0.19%"
"04/21/2003","6,570.76","6,549.40","6,571.13","6,525.68","82.06M","0.69%"
"04/17/2003","6,525.68","6,481.44","6,527.49","6,477.61","116.40M","0.68%"
"04/16/2003","6,481.44","6,496.87","6,504.77","6,466.30","146.00M","-0.10%"
"04/15/2003","6,488.18","6,455.97","6,494.52","6,447.95","93.49M","0.40%"
"04/14/2003","6,462.43","6,432.07","6,462.43","6,416.78","115.08M","0.47%"
"04/11/2003","6,432.08","6,430.77","6,446.50","6,418.47","90.33M","0.21%"
"04/10/2003","6,418.47","6,412.75","6,421.10","6,396.36","126.65M","0.06%"
"04/09/2003","6,414.51","6,456.61","6,464.52","6,414.51","124.37M","-0.38%"
"04/08/2003","6,438.71","6,435.41","6,443.62","6,412.85","135.86M","0.07%"
"04/07/2003","6,434.33","6,462.15","6,492.19","6,394.98","113.01M","0.62%"
"04/04/2003","6,394.98","6,399.71","6,418.13","6,385.54","96.18M","-0.03%"
"04/03/2003","6,396.63","6,412.19","6,415.33","6,385.07","124.10M","-0.23%"
"04/02/2003","6,411.15","6,389.27","6,418.08","6,333.63","147.11M","1.20%"
"04/01/2003","6,335.12","6,351.17","6,355.40","6,316.17","98.75M","-0.13%"
"03/31/2003","6,343.29","6,341.51","6,379.48","6,321.30","113.12M","-0.57%"
"03/28/2003","6,379.48","6,334.94","6,383.69","6,321.07","107.95M","0.41%"
"03/27/2003","6,353.44","6,345.36","6,368.73","6,312.59","113.73M","-0.06%"
"03/26/2003","6,357.00","6,386.07","6,389.46","6,353.34","95.54M","-0.44%"
"03/25/2003","6,384.96","6,378.76","6,397.39","6,333.99","100.55M","0.33%"
"03/24/2003","6,364.04","6,493.19","6,535.90","6,364.04","94.15M","-2.63%"
"03/21/2003","6,535.90","6,520.03","6,551.16","6,475.58","188.64M","0.93%"
"03/20/2003","6,475.58","6,452.20","6,489.49","6,436.01","111.92M","0.34%"
"03/19/2003","6,453.48","6,458.52","6,474.02","6,438.61","125.45M","0.23%"
"03/18/2003","6,438.61","6,412.87","6,445.41","6,394.50","122.34M","0.50%"
"03/17/2003","6,406.63","6,277.83","6,415.95","6,264.77","105.54M","1.62%"
"03/14/2003","6,304.49","6,325.79","6,347.45","6,295.44","105.65M","0.14%"
"03/13/2003","6,295.44","6,265.29","6,315.47","6,228.63","107.64M","1.07%"
"03/12/2003","6,228.63","6,274.93","6,298.37","6,204.94","100.53M","-0.99%"
"03/11/2003","6,290.73","6,313.37","6,328.96","6,277.67","99.12M","0.21%"
"03/10/2003","6,277.67","6,334.54","6,359.86","6,277.67","82.32M","-1.29%"
"03/07/2003","6,359.86","6,293.75","6,359.86","6,284.56","105.89M","0.49%"
"03/06/2003","6,328.60","6,380.00","6,389.87","6,328.60","111.01M","-0.96%"
"03/05/2003","6,389.87","6,425.64","6,443.09","6,383.30","106.26M","-0.51%"
"03/04/2003","6,422.33","6,466.87","6,472.53","6,415.55","110.98M","-0.78%"
"03/03/2003","6,472.53","6,570.52","6,597.48","6,472.53","84.64M","-1.26%"
"02/28/2003","6,555.12","6,589.33","6,618.38","6,548.87","101.71M","-0.41%"
"02/27/2003","6,582.19","6,525.74","6,590.55","6,508.33","114.60M","1.13%"
"02/26/2003","6,508.33","6,481.87","6,523.86","6,471.53","115.92M","0.07%"
"02/25/2003","6,503.49","6,483.26","6,504.72","6,443.61","137.69M","0.02%"
"02/24/2003","6,502.30","6,557.26","6,559.07","6,497.99","90.33M","-0.86%"
"02/21/2003","6,558.63","6,571.54","6,571.59","6,531.34","112.43M","-0.11%"
"02/20/2003","6,566.11","6,587.41","6,594.13","6,556.08","97.20M","0.10%"
"02/19/2003","6,559.68","6,578.94","6,592.55","6,551.58","92.48M","-0.50%"
"02/18/2003","6,592.55","6,564.82","6,605.04","6,562.42","113.10M","0.43%"
"02/17/2003","6,564.11","6,513.51","6,569.43","6,487.13","56.47M","1.19%"
"02/14/2003","6,487.13","6,453.13","6,492.67","6,440.92","90.15M","0.53%"
"02/13/2003","6,453.13","6,449.08","6,456.58","6,428.06","98.85M","0.01%"
"02/12/2003","6,452.54","6,484.77","6,486.60","6,449.81","94.75M","-0.33%"
"02/11/2003","6,474.04","6,452.26","6,498.53","6,443.86","129.28M","0.46%"
"02/10/2003","6,444.11","6,487.77","6,495.34","6,436.44","82.41M","-0.52%"
"02/07/2003","6,477.74","6,521.48","6,532.31","6,474.02","82.04M","-0.18%"
"02/06/2003","6,489.25","6,512.11","6,525.00","6,474.05","93.48M","-0.49%"
"02/05/2003","6,521.00","6,570.15","6,577.62","6,521.00","103.01M","-0.37%"
"02/04/2003","6,544.93","6,559.32","6,593.68","6,520.15","125.28M","-0.74%"
"02/03/2003","6,593.68","6,591.25","6,596.43","6,569.49","81.39M","0.37%"
"01/31/2003","6,569.49","6,532.14","6,584.67","6,524.40","105.10M","0.35%"
"01/30/2003","6,546.33","6,587.45","6,598.86","6,542.59","114.66M","-0.41%"
"01/29/2003","6,573.17","6,539.93","6,573.17","6,478.10","162.62M","0.05%"
"01/28/2003","6,570.09","6,572.24","6,599.05","6,548.31","125.70M","0.21%"
"01/27/2003","6,556.52","6,629.80","6,664.90","6,556.52","130.21M","-1.63%"
"01/24/2003","6,664.90","6,737.43","6,755.41","6,656.87","192.23M","-1.08%"
"01/23/2003","6,737.43","6,752.97","6,759.77","6,715.76","136.73M","0.24%"
"01/22/2003","6,721.28","6,691.29","6,733.92","6,685.27","109.27M","0.46%"
"01/21/2003","6,690.81","6,772.23","6,772.23","6,690.81","131.98M","-0.74%"
"01/20/2003","6,740.37","6,748.81","6,801.88","6,740.31","50.16M","-0.23%"
"01/17/2003","6,755.92","6,788.89","6,827.14","6,750.13","140.00M","-1.04%"
"01/16/2003","6,827.02","6,803.27","6,832.89","6,795.37","165.00M","0.38%"
"01/15/2003","6,801.41","6,815.26","6,815.64","6,767.04","134.20M","-0.14%"
"01/14/2003","6,810.98","6,809.71","6,835.06","6,802.85","167.58M","0.02%"
"01/13/2003","6,809.88","6,836.60","6,837.62","6,796.16","144.53M","0.12%"
"01/10/2003","6,801.77","6,747.71","6,825.92","6,741.66","179.60M","0.44%"
"01/09/2003","6,772.18","6,746.59","6,782.12","6,723.11","150.30M","0.73%"
"01/08/2003","6,723.11","6,774.34","6,802.78","6,722.21","145.59M","-1.17%"
"01/07/2003","6,802.78","6,840.87","6,842.45","6,793.17","150.35M","-0.50%"
"01/06/2003","6,837.27","6,795.47","6,852.54","6,772.59","142.27M","0.95%"
"01/03/2003","6,772.66","6,739.64","6,773.76","6,733.14","74.78M","0.48%"
"01/02/2003","6,740.05","6,632.29","6,741.69","6,614.54","76.41M","1.90%"
"12/31/2002","6,614.54","6,619.81","6,650.72","6,609.99","57.41M","-0.05%"
"12/30/2002","6,617.55","6,608.59","6,630.38","6,581.28","75.10M","0.33%"
"12/27/2002","6,595.83","6,625.92","6,643.00","6,593.32","39.99M","-0.20%"
"12/24/2002","6,609.12","6,612.05","6,628.25","6,600.91","29.35M","-0.29%"
"12/23/2002","6,628.25","6,560.62","6,634.30","6,552.57","67.29M","1.03%"
"12/20/2002","6,560.62","6,542.52","6,575.89","6,521.98","152.02M","0.36%"
"12/19/2002","6,536.97","6,557.22","6,592.93","6,519.39","151.63M","-0.37%"
"12/18/2002","6,560.93","6,598.28","6,621.52","6,542.88","141.94M","-0.92%"
"12/17/2002","6,621.52","6,715.92","6,725.49","6,611.27","162.75M","-1.53%"
"12/16/2002","6,724.37","6,668.73","6,724.59","6,661.80","140.46M","0.90%"
"12/13/2002","6,664.26","6,626.31","6,665.96","6,617.28","181.24M","0.41%"
"12/12/2002","6,637.08","6,614.67","6,648.37","6,587.25","174.37M","0.76%"
"12/11/2002","6,587.25","6,581.44","6,619.28","6,568.35","158.88M","-0.15%"
"12/10/2002","6,597.20","6,522.46","6,597.20","6,504.09","149.91M","1.43%"
"12/09/2002","6,504.09","6,569.87","6,592.71","6,504.09","170.47M","-1.11%"
"12/06/2002","6,577.20","6,501.07","6,594.86","6,491.77","149.69M","0.54%"
"12/05/2002","6,541.97","6,610.36","6,651.92","6,532.73","155.28M","-1.03%"
"12/04/2002","6,610.36","6,611.42","6,640.61","6,570.74","179.04M","-0.46%"
"12/03/2002","6,640.61","6,639.16","6,665.34","6,614.29","207.57M","-0.37%"
"12/02/2002","6,665.34","6,651.99","6,671.10","6,570.42","199.83M","1.44%"
"11/29/2002","6,570.42","6,634.19","6,636.37","6,570.42","91.67M","-0.89%"
"11/28/2002","6,629.37","6,602.04","6,636.42","6,590.84","57.20M","0.38%"
"11/27/2002","6,604.25","6,514.52","6,614.83","6,477.77","174.79M","1.95%"
"11/26/2002","6,477.77","6,562.55","6,578.16","6,469.83","182.33M","-1.53%"
"11/25/2002","6,578.16","6,549.52","6,601.26","6,542.36","151.81M","0.37%"
"11/22/2002","6,553.89","6,540.81","6,577.09","6,534.56","141.93M","-0.21%"
"11/21/2002","6,567.83","6,518.67","6,585.90","6,493.14","201.49M","1.15%"
"11/20/2002","6,493.14","6,412.42","6,495.44","6,407.89","139.88M","1.08%"
"11/19/2002","6,423.65","6,464.51","6,484.98","6,408.37","98.53M","-0.95%"
"11/18/2002","6,484.98","6,477.77","6,503.02","6,456.18","110.34M","0.43%"
"11/15/2002","6,457.42","6,362.35","6,457.42","6,342.34","129.89M","1.36%"
"11/14/2002","6,370.91","6,332.86","6,376.00","6,301.78","105.93M","1.10%"
"11/13/2002","6,301.78","6,313.27","6,329.72","6,273.11","114.34M","-0.44%"
"11/12/2002","6,329.72","6,329.51","6,356.24","6,293.86","122.72M","0.57%"
"11/11/2002","6,293.86","6,386.55","6,390.40","6,293.86","89.56M","-1.50%"
"11/08/2002","6,390.01","6,400.02","6,415.64","6,365.30","116.34M","0.09%"
"11/07/2002","6,384.42","6,407.36","6,437.91","6,384.42","139.55M","-0.83%"
"11/06/2002","6,437.91","6,417.22","6,445.75","6,360.63","160.62M","0.60%"
"11/05/2002","6,399.64","6,379.39","6,432.65","6,338.78","133.40M","-0.51%"
"11/04/2002","6,432.65","6,367.99","6,472.19","6,321.40","157.13M","1.76%"
"11/01/2002","6,321.40","6,247.75","6,321.40","6,227.26","122.06M","1.16%"
"10/31/2002","6,248.79","6,356.50","6,357.57","6,244.14","144.23M","-1.29%"
"10/30/2002","6,330.36","6,325.97","6,351.19","6,294.81","111.35M","0.56%"
"10/29/2002","6,294.81","6,394.64","6,419.37","6,282.75","157.50M","-1.94%"
"10/28/2002","6,419.37","6,451.14","6,452.78","6,401.66","161.12M","0.21%"
"10/25/2002","6,405.87","6,333.84","6,407.11","6,317.73","137.25M","1.09%"
"10/24/2002","6,336.86","6,351.65","6,390.14","6,329.25","203.37M","0.03%"
"10/23/2002","6,335.17","6,273.91","6,335.40","6,227.78","149.57M","0.69%"
"10/22/2002","6,291.66","6,312.74","6,362.31","6,278.44","135.78M","-1.11%"
"10/21/2002","6,362.31","6,302.36","6,364.22","6,266.68","149.16M","0.56%"
"10/18/2002","6,326.61","6,256.13","6,328.16","6,236.02","128.88M","0.83%"
"10/17/2002","6,274.79","6,274.65","6,284.57","6,157.06","148.11M","1.91%"
"10/16/2002","6,157.06","6,137.08","6,219.44","6,119.42","116.45M","-1.00%"
"10/15/2002","6,219.44","6,106.41","6,219.44","5,978.66","148.66M","4.03%"
"10/11/2002","5,978.66","5,876.23","5,996.53","5,812.85","116.71M","2.85%"
"10/10/2002","5,812.85","5,689.43","5,812.85","5,678.28","156.50M","2.06%"
"10/09/2002","5,695.33","5,793.43","5,830.57","5,695.33","127.75M","-2.32%"
"10/08/2002","5,830.57","5,831.57","5,853.56","5,768.05","149.48M","-0.18%"
"10/07/2002","5,840.97","5,917.29","5,936.81","5,834.44","104.81M","-1.59%"
"10/04/2002","5,935.33","6,034.88","6,042.69","5,908.69","137.11M","-1.52%"
"10/03/2002","6,026.78","6,110.54","6,128.53","6,022.86","111.65M","-1.21%"
"10/02/2002","6,100.68","6,157.12","6,218.61","6,095.56","103.64M","-1.90%"
"10/01/2002","6,218.61","6,177.88","6,219.46","6,097.14","104.51M","0.62%"
"09/30/2002","6,180.42","6,092.51","6,206.30","6,057.85","139.10M","1.13%"
"09/27/2002","6,111.11","6,154.22","6,179.42","6,111.11","128.80M","-1.11%"
"09/26/2002","6,179.42","6,175.27","6,186.50","6,133.71","161.05M","0.23%"
"09/25/2002","6,165.03","6,104.00","6,165.03","6,062.03","141.41M","1.58%"
"09/24/2002","6,068.89","6,046.22","6,120.46","6,037.09","157.58M","-0.18%"
"09/23/2002","6,080.08","6,172.99","6,202.03","6,068.46","110.58M","-1.97%"
"09/20/2002","6,202.03","6,190.66","6,211.10","6,162.92","174.44M","0.22%"
"09/19/2002","6,188.21","6,286.33","6,304.77","6,188.21","126.93M","-1.85%"
"09/18/2002","6,304.77","6,371.99","6,392.47","6,303.44","132.04M","-1.37%"
"09/17/2002","6,392.26","6,500.61","6,502.97","6,390.10","121.33M","-1.67%"
"09/16/2002","6,500.61","6,476.93","6,502.51","6,452.65","79.49M","0.08%"
"09/13/2002","6,495.26","6,493.11","6,516.97","6,481.33","123.49M","-0.33%"
"09/12/2002","6,516.97","6,604.94","6,618.30","6,515.95","135.44M","-1.53%"
"09/11/2002","6,618.30","6,549.01","6,629.21","6,538.37","80.51M","1.13%"
"09/10/2002","6,544.22","6,522.22","6,579.07","6,501.26","112.16M","0.34%"
"09/09/2002","6,522.22","6,485.23","6,527.39","6,472.12","109.08M","0.66%"
"09/06/2002","6,479.75","6,521.19","6,530.56","6,469.66","96.73M","-0.08%"
"09/05/2002","6,484.94","6,491.51","6,517.71","6,443.65","111.66M","-0.50%"
"09/04/2002","6,517.71","6,465.61","6,518.97","6,453.50","125.26M","0.99%"
"09/03/2002","6,453.50","6,565.71","6,611.95","6,453.26","88.81M","-2.40%"
"08/30/2002","6,611.95","6,570.64","6,632.73","6,559.10","80.22M","0.33%"
"08/29/2002","6,589.97","6,557.36","6,592.84","6,540.87","116.22M","0.15%"
"08/28/2002","6,579.94","6,604.78","6,642.83","6,570.33","125.14M","-0.95%"
"08/27/2002","6,642.83","6,709.78","6,712.96","6,642.83","117.43M","-0.82%"
"08/26/2002","6,697.93","6,633.73","6,698.17","6,614.34","79.58M","1.26%"
"08/23/2002","6,614.34","6,680.87","6,727.79","6,606.47","107.85M","-1.69%"
"08/22/2002","6,727.79","6,674.25","6,737.94","6,651.34","145.06M","0.94%"
"08/21/2002","6,664.91","6,688.61","6,694.41","6,650.86","131.01M","0.14%"
"08/20/2002","6,655.29","6,644.43","6,687.91","6,639.19","117.98M","-0.04%"
"08/19/2002","6,658.10","6,563.48","6,658.79","6,561.33","91.23M","1.31%"
"08/16/2002","6,571.72","6,559.23","6,584.21","6,539.84","95.15M","0.22%"
"08/15/2002","6,557.57","6,545.87","6,571.62","6,523.25","103.31M","0.11%"
"08/14/2002","6,550.07","6,525.40","6,550.07","6,431.48","139.81M","0.32%"
"08/13/2002","6,528.98","6,577.09","6,596.07","6,521.18","89.46M","-0.65%"
"08/12/2002","6,571.44","6,622.09","6,645.92","6,571.44","72.09M","-1.12%"
"08/09/2002","6,645.92","6,576.64","6,673.84","6,555.28","81.05M","0.51%"
"08/08/2002","6,612.16","6,495.95","6,612.16","6,483.37","92.99M","1.93%"
"08/07/2002","6,486.73","6,562.78","6,566.85","6,479.39","112.41M","-0.50%"
"08/06/2002","6,519.16","6,463.48","6,541.99","6,456.30","77.13M","-0.26%"
"08/02/2002","6,536.47","6,545.60","6,552.53","6,501.43","78.88M","-0.22%"
"08/01/2002","6,550.71","6,573.10","6,605.42","6,523.93","92.83M","-0.83%"
"07/31/2002","6,605.42","6,501.64","6,616.61","6,490.70","126.13M","1.45%"
"07/30/2002","6,511.18","6,492.72","6,538.23","6,460.92","147.16M","0.43%"
"07/29/2002","6,483.07","6,390.99","6,483.52","6,309.94","129.36M","2.74%"
"07/26/2002","6,309.94","6,316.01","6,316.01","6,232.90","120.09M","0.50%"
"07/25/2002","6,278.44","6,348.33","6,395.54","6,206.89","163.91M","-1.62%"
"07/24/2002","6,382.13","6,060.77","6,382.13","5,992.14","179.28M","3.59%"
"07/23/2002","6,161.08","6,357.38","6,409.49","6,161.08","172.87M","-3.23%"
"07/22/2002","6,366.67","6,506.20","6,535.44","6,297.79","139.99M","-2.58%"
"07/19/2002","6,535.44","6,690.53","6,715.35","6,534.29","167.87M","-2.68%"
"07/18/2002","6,715.35","6,699.99","6,767.54","6,685.25","108.23M","0.23%"
"07/17/2002","6,699.66","6,743.52","6,775.77","6,668.90","106.21M","0.06%"
"07/16/2002","6,695.66","6,655.73","6,733.71","6,644.38","112.13M","0.27%"
"07/15/2002","6,677.76","6,810.11","6,820.03","6,624.48","113.38M","-2.08%"
"07/12/2002","6,819.76","6,892.89","6,902.54","6,806.42","108.70M","-0.63%"
"07/11/2002","6,863.33","6,897.52","6,916.44","6,831.77","138.08M","-0.77%"
"07/10/2002","6,916.41","7,035.78","7,041.09","6,909.10","140.20M","-1.68%"
"07/09/2002","7,034.84","7,091.34","7,098.34","7,034.84","101.87M","-0.81%"
"07/08/2002","7,091.98","7,081.06","7,112.46","7,077.73","82.16M","-0.29%"
"07/05/2002","7,112.46","7,039.71","7,128.93","7,029.78","62.33M","1.18%"
"07/04/2002","7,029.78","7,020.25","7,052.93","7,014.20","37.55M","0.08%"
"07/03/2002","7,024.08","6,986.19","7,029.21","6,954.39","116.42M","0.15%"
"07/02/2002","7,013.39","7,126.21","7,145.61","6,967.44","106.16M","-1.85%"
"06/28/2002","7,145.61","7,079.19","7,165.99","7,068.09","161.79M","1.02%"
"06/27/2002","7,073.81","7,051.20","7,086.68","7,003.68","126.78M","0.75%"
"06/26/2002","7,020.98","7,028.11","7,120.80","7,004.19","196.87M","-1.40%"
"06/25/2002","7,120.80","7,175.98","7,176.61","7,105.05","115.07M","-0.13%"
"06/24/2002","7,129.93","7,139.71","7,142.39","7,069.28","121.14M","-0.13%"
"06/21/2002","7,139.43","7,189.50","7,225.35","7,138.95","136.56M","-1.19%"
"06/20/2002","7,225.35","7,264.15","7,271.15","7,217.09","106.91M","-0.31%"
"06/19/2002","7,247.76","7,297.33","7,327.54","7,247.55","114.73M","-1.09%"
"06/18/2002","7,327.54","7,377.51","7,385.77","7,326.70","122.39M","-0.41%"
"06/17/2002","7,357.42","7,282.30","7,364.89","7,249.02","104.99M","1.50%"
"06/14/2002","7,249.02","7,249.81","7,283.60","7,217.87","133.28M","-0.47%"
"06/13/2002","7,283.60","7,346.29","7,361.67","7,278.42","144.40M","-1.03%"
"06/12/2002","7,359.56","7,396.76","7,401.05","7,345.85","156.62M","-0.53%"
"06/11/2002","7,398.83","7,473.89","7,477.63","7,390.28","235.98M","-0.83%"
"06/10/2002","7,460.71","7,487.36","7,509.48","7,447.06","165.91M","-0.24%"
"06/07/2002","7,478.57","7,456.03","7,498.85","7,437.36","169.39M","-0.27%"
"06/06/2002","7,498.85","7,552.58","7,554.52","7,486.83","181.63M","-0.65%"
"06/05/2002","7,547.93","7,566.90","7,568.97","7,520.69","124.03M","-0.27%"
"06/04/2002","7,568.02","7,599.47","7,602.85","7,546.77","146.87M","-0.41%"
"06/03/2002","7,599.54","7,631.42","7,668.38","7,582.42","96.74M","-0.74%"
"05/31/2002","7,656.13","7,612.08","7,662.61","7,580.56","119.82M","1.00%"
"05/30/2002","7,580.56","7,602.89","7,631.59","7,580.39","122.12M","-0.41%"
"05/29/2002","7,611.91","7,643.87","7,660.58","7,601.12","131.31M","-0.64%"
"05/28/2002","7,660.58","7,673.96","7,676.98","7,613.94","105.24M","-0.08%"
"05/27/2002","7,667.03","7,661.24","7,672.04","7,649.36","42.09M","-0.01%"
"05/24/2002","7,667.75","7,707.84","7,725.08","7,663.46","88.02M","-0.74%"
"05/23/2002","7,725.08","7,664.92","7,725.08","7,638.38","107.47M","1.14%"
"05/22/2002","7,638.38","7,676.49","7,688.31","7,625.58","116.52M","-0.65%"
"05/21/2002","7,688.31","7,717.56","7,727.68","7,673.78","94.89M","-0.50%"
"05/17/2002","7,727.03","7,739.35","7,740.46","7,692.05","98.93M","-0.14%"
"05/16/2002","7,738.11","7,705.85","7,738.11","7,700.97","93.31M","0.40%"
"05/15/2002","7,706.98","7,705.95","7,746.52","7,675.28","99.86M","-0.13%"
"05/14/2002","7,716.91","7,713.12","7,717.20","7,661.38","106.78M","0.72%"
"05/13/2002","7,661.40","7,616.73","7,665.83","7,596.06","145.80M","0.86%"
"05/10/2002","7,596.06","7,650.75","7,653.87","7,596.06","92.07M","-0.47%"
"05/09/2002","7,632.26","7,696.19","7,707.82","7,622.40","80.85M","-0.98%"
"05/08/2002","7,707.82","7,633.70","7,708.79","7,561.37","116.00M","1.94%"
"05/07/2002","7,561.37","7,597.29","7,599.05","7,539.24","105.95M","-0.26%"
"05/06/2002","7,581.05","7,656.94","7,663.85","7,580.18","96.11M","-1.08%"
"05/03/2002","7,663.85","7,658.56","7,682.48","7,639.77","119.15M","-0.09%"
"05/02/2002","7,670.49","7,651.26","7,676.48","7,638.24","117.38M","0.30%"
"05/01/2002","7,647.30","7,646.61","7,663.39","7,593.98","115.73M","-0.21%"
"04/30/2002","7,663.39","7,578.82","7,663.39","7,569.47","95.00M","1.07%"
"04/29/2002","7,582.45","7,624.33","7,624.33","7,580.41","83.33M","-0.62%"
"04/26/2002","7,629.62","7,701.34","7,701.34","7,629.06","102.47M","-0.74%"
"04/25/2002","7,686.29","7,694.94","7,726.31","7,669.13","118.69M","-0.35%"
"04/24/2002","7,713.41","7,756.71","7,756.71","7,703.00","124.74M","-0.06%"
"04/23/2002","7,717.84","7,807.45","7,811.15","7,717.84","106.22M","-1.23%"
"04/22/2002","7,814.25","7,858.73","7,861.69","7,812.29","80.04M","-1.08%"
"04/19/2002","7,899.62","7,840.65","7,899.62","7,834.24","102.11M","1.04%"
"04/18/2002","7,818.11","7,850.94","7,863.50","7,813.66","107.26M","-0.64%"
"04/17/2002","7,868.10","7,825.79","7,868.10","7,825.79","106.40M","0.34%"
"04/16/2002","7,841.57","7,805.89","7,841.57","7,795.36","101.91M","1.03%"
"04/15/2002","7,761.31","7,724.06","7,761.31","7,700.05","72.34M","0.39%"
"04/12/2002","7,730.98","7,705.42","7,730.98","7,704.80","92.83M","0.55%"
"04/11/2002","7,688.73","7,788.30","7,788.30","7,688.73","132.34M","-1.43%"
"04/10/2002","7,800.06","7,735.67","7,800.06","7,735.67","130.24M","1.01%"
"04/09/2002","7,722.11","7,756.21","7,756.21","7,701.44","112.74M","-0.33%"
"04/08/2002","7,747.55","7,736.64","7,763.36","7,719.45","114.04M","-0.44%"
"04/05/2002","7,782.11","7,808.60","7,808.60","7,774.66","132.72M","-0.03%"
"04/04/2002","7,784.52","7,830.67","7,861.98","7,773.71","147.88M","-0.74%"
"04/03/2002","7,842.32","7,868.99","7,887.09","7,832.00","124.82M","-0.65%"
"04/02/2002","7,893.39","7,895.87","7,920.14","7,886.69","129.35M","0.06%"
"04/01/2002","7,888.53","7,854.04","7,932.05","7,850.04","81.27M","0.47%"
"03/28/2002","7,851.47","7,851.83","7,921.29","7,848.15","119.43M","0.20%"
"03/27/2002","7,835.90","7,774.76","7,847.27","7,774.76","128.55M","1.02%"
"03/26/2002","7,756.69","7,754.70","7,805.37","7,748.32","129.47M","0.07%"
"03/25/2002","7,751.33","7,851.51","7,851.51","7,749.66","110.01M","-1.33%"
"03/22/2002","7,856.13","7,840.96","7,858.72","7,814.69","180.06M","-0.00%"
"03/21/2002","7,856.23","7,895.13","7,897.62","7,853.03","116.39M","-0.75%"
"03/20/2002","7,915.44","7,889.05","7,929.08","7,889.05","99.46M","-0.27%"
"03/19/2002","7,936.88","7,923.41","7,945.35","7,915.44","97.00M","0.24%"
"03/18/2002","7,917.74","7,911.83","7,938.87","7,893.76","104.88M","0.59%"
"03/15/2002","7,871.68","7,847.20","7,877.54","7,842.23","130.41M","0.55%"
"03/14/2002","7,828.64","7,846.44","7,858.83","7,823.29","99.08M","-0.45%"
"03/13/2002","7,864.20","7,844.44","7,868.30","7,839.97","101.01M","-0.02%"
"03/12/2002","7,866.14","7,846.60","7,887.03","7,846.60","90.51M","-0.53%"
"03/11/2002","7,908.16","7,893.09","7,929.14","7,872.06","88.43M","-0.03%"
"03/08/2002","7,910.26","7,983.29","7,983.29","7,908.19","105.79M","-0.60%"
"03/07/2002","7,958.11","7,992.70","7,992.70","7,932.12","127.40M","0.17%"
"03/06/2002","7,944.25","7,837.40","7,946.76","7,837.40","121.38M","1.12%"
"03/05/2002","7,856.12","7,863.48","7,901.26","7,845.57","139.63M","-0.07%"
"03/04/2002","7,861.83","7,748.97","7,861.83","7,748.97","123.89M","1.96%"
"03/01/2002","7,710.80","7,672.92","7,710.80","7,662.29","124.65M","0.96%"
"02/28/2002","7,637.50","7,682.99","7,707.29","7,626.94","118.97M","-0.12%"
"02/27/2002","7,646.89","7,585.34","7,659.43","7,585.34","145.31M","1.05%"
"02/26/2002","7,567.47","7,546.81","7,587.98","7,530.18","106.98M","0.73%"
"02/25/2002","7,512.46","7,439.90","7,512.46","7,437.14","94.05M","1.16%"
"02/22/2002","7,426.64","7,421.12","7,438.47","7,406.25","90.78M","0.11%"
"02/21/2002","7,418.14","7,421.47","7,462.28","7,418.14","99.22M","-0.18%"
"02/20/2002","7,431.79","7,447.36","7,464.32","7,402.70","112.90M","-0.52%"
"02/19/2002","7,470.98","7,490.39","7,490.39","7,432.72","112.11M","-1.16%"
"02/18/2002","7,558.63","7,503.72","7,558.63","7,503.72","29.95M","0.58%"
"02/15/2002","7,515.30","7,528.42","7,528.42","7,494.77","108.39M","-0.15%"
"02/14/2002","7,526.39","7,546.57","7,567.88","7,525.16","119.54M","-0.46%"
"02/13/2002","7,561.38","7,532.76","7,561.38","7,522.00","86.67M","0.23%"
"02/12/2002","7,543.76","7,547.08","7,558.63","7,538.26","85.16M","-0.80%"
"02/11/2002","7,604.51","7,528.47","7,604.51","7,528.47","89.23M","0.92%"
"02/08/2002","7,535.36","7,522.04","7,535.36","7,499.69","121.21M","0.69%"
"02/07/2002","7,483.43","7,499.91","7,530.70","7,483.43","99.13M","-0.18%"
"02/06/2002","7,497.06","7,536.46","7,536.46","7,472.84","137.91M","-0.35%"
"02/05/2002","7,523.47","7,561.40","7,561.40","7,510.67","148.98M","-0.89%"
"02/04/2002","7,591.07","7,676.92","7,681.05","7,585.42","104.05M","-1.29%"
"02/01/2002","7,690.51","7,641.13","7,707.40","7,641.13","110.62M","0.55%"
"01/31/2002","7,648.49","7,569.65","7,648.49","7,560.59","114.17M","1.32%"
"01/30/2002","7,548.83","7,532.45","7,552.51","7,468.94","99.88M","-0.24%"
"01/29/2002","7,567.14","7,649.80","7,659.33","7,557.06","120.43M","-1.00%"
"01/28/2002","7,643.73","7,699.67","7,699.67","7,626.83","100.35M","-0.20%"
"01/25/2002","7,659.29","7,640.73","7,684.35","7,639.62","92.29M","0.02%"
"01/24/2002","7,657.59","7,660.19","7,665.10","7,640.14","99.59M","0.78%"
"01/23/2002","7,598.45","7,569.52","7,607.10","7,562.39","86.34M","0.52%"
"01/22/2002","7,559.29","7,625.75","7,634.98","7,544.05","85.38M","-0.31%"
"01/21/2002","7,582.85","7,599.62","7,599.62","7,571.81","32.76M","-0.29%"
"01/18/2002","7,604.79","7,616.23","7,646.08","7,594.90","80.34M","-0.63%"
"01/17/2002","7,652.71","7,625.13","7,652.71","7,605.20","92.18M","0.91%"
"01/16/2002","7,584.02","7,563.66","7,591.53","7,548.04","92.76M","-0.78%"
"01/15/2002","7,643.90","7,644.75","7,653.94","7,621.31","115.91M","0.27%"
"01/14/2002","7,623.28","7,676.83","7,680.96","7,603.13","99.08M","-1.02%"
"01/11/2002","7,701.93","7,737.88","7,751.12","7,695.18","91.65M","-0.26%"
"01/10/2002","7,722.38","7,759.76","7,769.35","7,722.38","126.03M","-0.69%"
"01/09/2002","7,775.78","7,812.23","7,835.01","7,775.78","138.18M","-0.08%"
"01/08/2002","7,782.04","7,826.64","7,845.78","7,778.96","95.71M","-1.12%"
"01/07/2002","7,870.25","7,860.15","7,875.65","7,846.51","105.59M","0.47%"
"01/04/2002","7,833.24","7,820.02","7,840.97","7,780.73","100.22M","0.76%"
"01/03/2002","7,774.16","7,686.14","7,786.67","7,686.14","93.61M","1.67%"
"01/02/2002","7,646.79","7,679.58","7,679.58","7,632.32","56.45M","-0.54%"
"12/31/2001","7,688.41","7,691.58","7,729.28","7,688.41","45.59M","0.18%"
"12/28/2001","7,674.97","7,676.55","7,703.50","7,674.97","45.70M","0.32%"
"12/27/2001","7,650.58","7,592.46","7,650.58","7,592.46","52.11M","1.30%"
"12/24/2001","7,552.59","7,532.81","7,561.55","7,532.81","32.67M","0.32%"
"12/21/2001","7,528.30","7,521.89","7,528.30","7,498.91","163.97M","0.98%"
"12/20/2001","7,454.97","7,495.78","7,500.29","7,454.97","105.24M","-0.61%"
"12/19/2001","7,501.09","7,511.28","7,533.76","7,501.09","111.19M","-1.13%"
"12/18/2001","7,586.47","7,551.35","7,586.47","7,547.46","116.21M","0.95%"
"12/17/2001","7,515.41","7,440.32","7,515.41","7,440.32","103.27M","1.21%"
"12/14/2001","7,425.68","7,470.15","7,478.27","7,405.53","117.33M","-0.34%"
"12/13/2001","7,451.21","7,518.60","7,532.65","7,446.10","102.56M","-1.67%"
"12/12/2001","7,577.66","7,559.11","7,579.32","7,540.74","174.03M","0.61%"
"12/11/2001","7,531.63","7,567.92","7,596.70","7,530.93","105.84M","-0.37%"
"12/10/2001","7,559.81","7,586.45","7,620.35","7,559.81","103.23M","-0.75%"
"12/07/2001","7,616.80","7,578.08","7,623.04","7,578.08","111.38M","0.04%"
"12/06/2001","7,613.67","7,609.25","7,652.20","7,606.97","147.99M","-0.09%"
"12/05/2001","7,620.17","7,520.02","7,620.17","7,520.02","159.87M","2.28%"
"12/04/2001","7,450.09","7,378.72","7,460.45","7,378.72","101.42M","1.02%"
"12/03/2001","7,374.82","7,366.01","7,388.19","7,346.56","90.11M","-0.68%"
"11/30/2001","7,425.65","7,387.37","7,425.65","7,386.56","122.72M","0.34%"
"11/29/2001","7,400.49","7,361.98","7,404.90","7,361.98","116.85M","0.57%"
"11/28/2001","7,358.20","7,409.15","7,422.64","7,358.20","140.96M","-1.40%"
"11/27/2001","7,462.56","7,448.16","7,496.04","7,434.10","102.38M","-0.05%"
"11/26/2001","7,466.43","7,421.11","7,473.10","7,402.19","100.83M","0.46%"
"11/23/2001","7,432.43","7,345.37","7,432.43","7,345.10","50.00M","0.68%"
"11/22/2001","7,382.53","7,345.52","7,382.53","7,345.52","46.87M","0.70%"
"11/21/2001","7,330.90","7,369.40","7,376.23","7,316.27","103.14M","-0.68%"
"11/20/2001","7,381.21","7,414.98","7,426.43","7,381.21","130.40M","-0.56%"
"11/19/2001","7,422.75","7,346.74","7,433.20","7,346.74","151.09M","1.47%"
"11/16/2001","7,315.30","7,278.34","7,315.40","7,262.50","131.90M","0.72%"
"11/15/2001","7,262.91","7,316.46","7,319.33","7,262.91","156.09M","-1.18%"
"11/14/2001","7,349.45","7,385.16","7,385.16","7,305.04","164.25M","0.34%"
"11/13/2001","7,324.44","7,278.74","7,339.54","7,275.03","124.38M","1.39%"
"11/12/2001","7,223.88","7,151.31","7,223.88","7,134.26","78.95M","0.20%"
"11/09/2001","7,209.69","7,148.69","7,214.11","7,136.08","99.03M","0.96%"
"11/08/2001","7,140.79","7,195.32","7,230.82","7,140.79","112.39M","-0.09%"
"11/07/2001","7,147.25","7,120.11","7,200.17","7,120.11","116.93M","0.03%"
"11/06/2001","7,145.46","7,085.28","7,145.46","7,064.63","94.12M","0.93%"
"11/05/2001","7,079.33","7,072.53","7,092.32","7,055.05","86.03M","0.79%"
"11/02/2001","7,023.97","6,971.90","7,023.97","6,948.60","80.79M","0.56%"
"11/01/2001","6,984.61","6,904.57","6,984.61","6,864.77","105.07M","1.44%"
"10/31/2001","6,885.70","6,856.16","6,903.90","6,844.82","104.86M","0.88%"
"10/30/2001","6,825.41","6,868.49","6,868.49","6,820.88","98.37M","-1.03%"
"10/29/2001","6,896.34","6,958.66","6,965.85","6,896.34","80.28M","-1.55%"
"10/26/2001","7,004.92","6,949.74","7,022.67","6,949.74","92.87M","0.88%"
"10/25/2001","6,943.69","6,860.03","6,943.69","6,845.91","123.27M","0.68%"
"10/24/2001","6,896.93","6,861.39","6,899.03","6,841.48","114.73M","-0.11%"
"10/23/2001","6,904.24","6,926.54","6,957.78","6,904.24","102.41M","-0.01%"
"10/22/2001","6,905.21","6,870.40","6,905.21","6,856.14","87.59M","-0.08%"
"10/19/2001","6,910.96","6,886.30","6,910.96","6,862.43","78.59M","0.16%"
"10/18/2001","6,899.96","6,945.42","6,945.42","6,894.43","85.47M","-0.82%"
"10/17/2001","6,956.78","7,077.28","7,077.28","6,956.78","109.75M","-1.00%"
"10/16/2001","7,026.89","6,987.44","7,027.62","6,972.82","87.02M","1.02%"
"10/15/2001","6,955.63","6,951.34","6,978.08","6,934.58","77.65M","-1.07%"
"10/12/2001","7,031.03","7,014.12","7,031.03","6,951.63","105.42M","-0.41%"
"10/11/2001","7,060.11","7,010.51","7,060.99","7,005.77","147.91M","1.55%"
"10/10/2001","6,952.27","6,859.01","6,963.00","6,859.01","118.69M","1.21%"
"10/09/2001","6,869.32","6,861.19","6,878.24","6,852.39","137.42M","-0.36%"
"10/05/2001","6,894.24","6,877.38","6,894.96","6,835.19","83.57M","-0.07%"
"10/04/2001","6,899.41","6,915.23","6,982.14","6,899.28","110.23M","-0.06%"
"10/03/2001","6,903.78","6,796.37","6,919.64","6,772.63","135.35M","0.94%"
"10/02/2001","6,839.58","6,783.86","6,839.58","6,783.86","115.81M","0.60%"
"10/01/2001","6,799.01","6,801.93","6,811.62","6,766.38","80.09M","-0.58%"
"09/28/2001","6,838.56","6,718.88","6,838.56","6,718.88","129.00M","2.54%"
"09/27/2001","6,669.45","6,612.27","6,669.45","6,590.24","129.61M","0.22%"
"09/26/2001","6,654.83","6,703.77","6,703.77","6,633.45","134.47M","-0.70%"
"09/25/2001","6,702.01","6,674.80","6,726.61","6,657.65","123.43M","0.60%"
"09/24/2001","6,661.97","6,588.07","6,661.97","6,576.76","119.97M","2.29%"
"09/21/2001","6,513.13","6,301.52","6,541.30","6,301.52","184.24M","-0.13%"
"09/20/2001","6,521.79","6,588.14","6,597.02","6,521.79","158.04M","-2.61%"
"09/19/2001","6,696.30","6,828.86","6,828.86","6,608.68","168.71M","-2.17%"
"09/18/2001","6,844.50","6,874.29","6,928.23","6,809.29","116.69M","-0.92%"
"09/17/2001","6,907.96","6,865.03","6,971.56","6,865.03","132.93M","0.25%"
"09/14/2001","6,890.85","6,987.17","6,987.17","6,848.58","126.98M","-2.98%"
"09/13/2001","7,102.26","7,097.14","7,118.19","7,057.28","134.90M","0.76%"
"09/11/2001","7,048.80","7,237.80","7,237.80","7,048.80","31.11M","-4.03%"
"09/10/2001","7,344.70","7,300.26","7,344.70","7,300.26","80.35M","-0.33%"
"09/07/2001","7,368.77","7,377.25","7,415.28","7,362.59","99.10M","-0.64%"
"09/06/2001","7,415.98","7,427.49","7,450.85","7,407.96","106.20M","-0.43%"
"09/05/2001","7,447.70","7,447.26","7,468.95","7,394.25","114.62M","-0.19%"
"09/04/2001","7,462.03","7,420.32","7,513.62","7,420.32","158.20M","0.85%"
"08/31/2001","7,399.22","7,400.13","7,447.77","7,399.22","62.32M","-0.25%"
"08/30/2001","7,417.65","7,454.28","7,474.82","7,397.38","81.56M","-1.02%"
"08/29/2001","7,494.34","7,577.67","7,577.67","7,485.63","71.35M","-1.11%"
"08/28/2001","7,578.35","7,656.33","7,656.33","7,554.41","78.41M","-1.09%"
"08/27/2001","7,662.24","7,634.46","7,667.94","7,621.19","66.77M","0.42%"
"08/24/2001","7,629.96","7,546.56","7,629.96","7,546.56","82.15M","1.16%"
"08/23/2001","7,542.41","7,526.44","7,563.49","7,522.78","85.58M","0.05%"
"08/22/2001","7,538.63","7,482.29","7,538.63","7,475.85","86.85M","0.88%"
"08/21/2001","7,472.98","7,522.28","7,529.26","7,444.29","79.92M","-0.69%"
"08/20/2001","7,525.16","7,471.78","7,525.16","7,459.97","67.60M","0.30%"
"08/17/2001","7,502.75","7,527.91","7,527.93","7,498.69","60.18M","-0.88%"
"08/16/2001","7,569.47","7,504.90","7,569.47","7,495.90","68.59M","0.49%"
"08/15/2001","7,532.72","7,596.45","7,596.74","7,528.92","84.10M","-0.96%"
"08/14/2001","7,605.52","7,639.12","7,652.88","7,589.26","84.52M","-0.36%"
"08/13/2001","7,632.70","7,654.62","7,662.57","7,632.70","54.83M","-0.16%"
"08/10/2001","7,644.72","7,680.38","7,680.38","7,638.80","70.77M","-0.66%"
"08/09/2001","7,695.26","7,654.72","7,695.26","7,640.85","90.81M","0.54%"
"08/08/2001","7,654.16","7,729.25","7,757.03","7,654.16","77.27M","-1.52%"
"08/07/2001","7,772.23","7,693.73","7,772.23","7,693.73","60.24M","0.36%"
"08/03/2001","7,744.21","7,742.49","7,748.61","7,721.03","59.74M","-0.15%"
"08/02/2001","7,756.19","7,777.11","7,777.11","7,736.21","96.05M","0.19%"
"08/01/2001","7,741.37","7,703.02","7,765.43","7,703.02","112.18M","0.67%"
"07/31/2001","7,689.69","7,641.03","7,712.23","7,641.03","83.48M","0.63%"
"07/30/2001","7,641.32","7,672.83","7,678.99","7,641.32","76.63M","-0.53%"
"07/27/2001","7,682.16","7,610.34","7,682.16","7,607.93","74.28M","1.05%"
"07/26/2001","7,602.57","7,604.82","7,631.58","7,552.99","83.91M","-0.28%"
"07/25/2001","7,623.82","7,584.55","7,652.22","7,571.10","89.76M","0.49%"
"07/24/2001","7,586.51","7,599.69","7,609.90","7,571.06","75.82M","-0.53%"
"07/23/2001","7,627.22","7,677.33","7,677.33","7,617.56","69.58M","-0.27%"
"07/20/2001","7,647.95","7,614.23","7,647.95","7,604.25","78.33M","0.07%"
"07/19/2001","7,642.35","7,631.81","7,661.11","7,603.91","92.49M","0.29%"
"07/18/2001","7,620.47","7,617.81","7,643.05","7,612.51","91.88M","-0.96%"
"07/17/2001","7,694.13","7,610.62","7,694.13","7,605.08","102.77M","0.66%"
"07/16/2001","7,643.68","7,710.26","7,710.26","7,643.68","70.28M","-1.57%"
"07/13/2001","7,765.63","7,646.32","7,765.63","7,646.32","61.37M","1.24%"
"07/12/2001","7,670.82","7,610.56","7,670.82","7,610.56","79.28M","1.32%"
"07/11/2001","7,570.78","7,548.71","7,574.75","7,531.59","88.87M","0.16%"
"07/10/2001","7,558.69","7,670.90","7,670.90","7,558.69","88.38M","-1.07%"
"07/09/2001","7,640.68","7,598.91","7,640.71","7,597.73","66.55M","0.61%"
"07/06/2001","7,594.12","7,654.09","7,654.09","7,578.95","78.29M","-1.16%"
"07/05/2001","7,682.97","7,698.96","7,703.54","7,678.10","75.15M","-0.62%"
"07/04/2001","7,730.61","7,706.75","7,736.06","7,706.75","33.45M","-0.23%"
"07/03/2001","7,748.32","7,687.11","7,748.32","7,670.26","69.29M","0.15%"
"06/29/2001","7,736.35","7,630.65","7,736.35","7,630.65","99.22M","1.79%"
"06/28/2001","7,600.05","7,578.36","7,617.91","7,578.36","97.36M","0.92%"
"06/27/2001","7,530.56","7,578.76","7,595.83","7,519.53","104.44M","-1.07%"
"06/26/2001","7,612.01","7,628.19","7,644.50","7,574.23","114.64M","-1.11%"
"06/25/2001","7,697.69","7,728.71","7,728.71","7,676.87","72.69M","-0.54%"
"06/22/2001","7,739.66","7,724.41","7,740.78","7,705.88","96.24M","0.42%"
"06/21/2001","7,706.92","7,661.00","7,736.64","7,651.62","133.97M","0.41%"
"06/20/2001","7,675.65","7,683.88","7,711.24","7,637.77","115.04M","-0.35%"
"06/19/2001","7,702.87","7,763.07","7,763.07","7,688.23","106.34M","-0.05%"
"06/18/2001","7,707.09","7,800.69","7,800.69","7,707.09","88.18M","-1.39%"
"06/15/2001","7,816.08","7,788.57","7,833.41","7,772.68","158.64M","-1.31%"
"06/14/2001","7,920.05","7,952.95","7,974.31","7,917.59","129.13M","-1.16%"
"06/13/2001","8,012.74","8,076.17","8,091.97","8,012.74","106.17M","-1.01%"
"06/12/2001","8,094.78","7,999.79","8,094.78","7,967.94","118.99M","0.04%"
"06/11/2001","8,091.82","8,083.38","8,092.30","8,035.95","76.16M","-0.45%"
"06/08/2001","8,128.37","8,155.50","8,155.50","8,096.60","99.34M","-0.77%"
"06/07/2001","8,191.49","8,192.56","8,208.30","8,178.08","152.47M","-0.04%"
"06/06/2001","8,194.39","8,251.07","8,254.06","8,194.39","115.20M","-0.78%"
"06/05/2001","8,258.82","8,333.44","8,334.79","8,258.82","128.54M","-0.51%"
"06/04/2001","8,301.21","8,272.51","8,301.21","8,249.20","108.13M","0.61%"
"06/01/2001","8,250.94","8,180.12","8,250.94","8,141.09","126.98M","1.09%"
"05/31/2001","8,161.87","8,132.16","8,196.27","8,132.16","136.81M","0.75%"
"05/30/2001","8,101.41","8,172.29","8,192.25","8,077.77","207.55M","-1.83%"
"05/29/2001","8,252.01","8,301.51","8,301.51","8,247.01","248.30M","-0.47%"
"05/28/2001","8,291.14","8,269.55","8,291.14","8,269.55","25.38M","-0.02%"
"05/25/2001","8,292.84","8,313.03","8,317.26","8,255.21","85.84M","-0.65%"
"05/24/2001","8,346.81","8,350.94","8,384.90","8,287.04","104.66M","-0.02%"
"05/23/2001","8,348.56","8,371.24","8,371.24","8,328.48","102.91M","-0.56%"
"05/22/2001","8,395.31","8,409.11","8,409.11","8,369.93","115.66M","1.51%"
"05/18/2001","8,270.55","8,204.88","8,274.76","8,204.88","108.87M","0.51%"
"05/17/2001","8,228.99","8,189.47","8,249.75","8,172.05","123.86M","1.02%"
"05/16/2001","8,146.02","8,013.36","8,146.02","8,006.25","144.14M","1.30%"
"05/15/2001","8,041.71","7,995.24","8,041.99","7,995.24","110.88M","0.40%"
"05/14/2001","8,010.00","8,009.03","8,010.00","7,956.80","71.95M","-0.17%"
"05/11/2001","8,023.67","8,088.68","8,088.68","8,005.28","80.97M","-1.20%"
"05/10/2001","8,121.48","8,111.80","8,125.72","8,078.42","160.15M","0.63%"
"05/09/2001","8,070.64","8,020.90","8,079.09","8,009.16","118.36M","0.08%"
"05/08/2001","8,064.20","8,067.32","8,081.32","8,039.37","92.46M","0.52%"
"05/07/2001","8,022.60","7,997.45","8,039.10","7,997.45","80.01M","0.51%"
"05/04/2001","7,981.68","7,876.03","7,984.14","7,870.55","88.10M","0.33%"
"05/03/2001","7,955.50","7,937.10","7,960.22","7,914.22","103.86M","-0.78%"
"05/02/2001","8,018.44","8,012.53","8,026.23","7,947.87","135.60M","0.91%"
"05/01/2001","7,946.33","7,915.62","7,949.39","7,864.49","113.23M","-0.00%"
"04/30/2001","7,946.63","8,026.79","8,067.38","7,918.86","118.65M","-0.26%"
"04/27/2001","7,967.34","7,982.96","7,982.96","7,932.06","89.66M","0.09%"
"04/26/2001","7,960.32","7,971.25","7,994.41","7,944.50","106.05M","0.19%"
"04/25/2001","7,945.27","7,867.24","7,953.78","7,867.24","110.92M","0.68%"
"04/24/2001","7,891.67","7,948.89","8,006.02","7,891.67","102.93M","-0.48%"
"04/23/2001","7,929.80","8,004.09","8,004.09","7,929.71","74.36M","-2.09%"
"04/20/2001","8,099.44","8,059.42","8,113.75","8,045.52","112.91M","-0.59%"
"04/19/2001","8,147.68","8,082.21","8,147.70","8,047.43","120.22M","0.20%"
"04/18/2001","8,131.17","7,957.29","8,136.95","7,957.29","146.76M","3.99%"
"04/17/2001","7,819.06","7,752.46","7,830.43","7,752.46","95.79M","0.37%"
"04/16/2001","7,790.46","7,767.20","7,799.63","7,764.65","67.76M","-0.57%"
"04/12/2001","7,835.22","7,702.62","7,850.68","7,653.85","109.13M","1.59%"
"04/11/2001","7,712.68","7,842.46","7,842.46","7,712.07","140.14M","-0.43%"
"04/10/2001","7,745.75","7,629.47","7,745.80","7,629.47","145.85M","2.75%"
"04/09/2001","7,538.09","7,499.97","7,538.09","7,497.09","78.62M","0.85%"
"04/06/2001","7,474.75","7,481.68","7,499.01","7,444.84","84.15M","-1.29%"
"04/05/2001","7,572.28","7,506.17","7,572.59","7,506.17","100.94M","2.11%"
"04/04/2001","7,415.45","7,449.34","7,450.66","7,382.00","99.11M","-0.39%"
"04/03/2001","7,444.38","7,564.85","7,564.85","7,422.72","114.35M","-2.60%"
"04/02/2001","7,642.72","7,633.28","7,649.27","7,579.50","91.36M","0.46%"
"03/30/2001","7,608.00","7,489.64","7,626.88","7,481.39","104.54M","2.19%"
"03/29/2001","7,444.78","7,486.15","7,524.28","7,438.47","94.92M","-0.82%"
"03/28/2001","7,506.52","7,570.09","7,570.09","7,477.44","120.21M","-3.16%"
"03/27/2001","7,751.33","7,656.34","7,777.76","7,656.34","94.96M","0.84%"
"03/26/2001","7,686.60","7,682.09","7,734.35","7,666.29","75.80M","0.61%"
"03/23/2001","7,639.84","7,698.21","7,698.21","7,615.57","112.54M","-0.34%"
"03/22/2001","7,665.72","7,583.06","7,665.72","7,459.43","131.43M","0.00%"
"03/21/2001","7,665.50","7,755.85","7,787.77","7,645.56","97.41M","-1.17%"
"03/20/2001","7,756.46","7,906.56","7,906.56","7,756.39","90.72M","-1.96%"
"03/19/2001","7,911.14","7,724.42","7,911.14","7,711.63","75.80M","2.05%"
"03/16/2001","7,752.21","7,783.55","7,783.55","7,683.43","165.08M","-0.91%"
"03/15/2001","7,823.10","7,846.89","7,846.89","7,789.94","88.38M","0.21%"
"03/14/2001","7,806.88","7,739.96","7,861.27","7,739.96","94.92M","-1.92%"
"03/13/2001","7,959.46","7,877.54","7,959.46","7,852.44","98.68M","0.37%"
"03/12/2001","7,930.30","7,984.89","7,999.98","7,930.30","96.96M","-2.52%"
"03/09/2001","8,135.51","8,167.01","8,167.01","8,118.46","96.14M","-1.12%"
"03/08/2001","8,227.63","8,301.95","8,309.41","8,224.11","109.12M","-0.89%"
"03/07/2001","8,301.78","8,264.01","8,315.40","8,240.24","125.26M","1.17%"
"03/06/2001","8,205.56","8,176.90","8,209.57","8,167.16","118.25M","1.31%"
"03/05/2001","8,099.29","8,052.51","8,101.64","8,052.51","107.46M","1.15%"
"03/02/2001","8,006.85","8,016.73","8,123.15","7,995.91","142.80M","-1.20%"
"03/01/2001","8,103.76","8,033.07","8,103.76","8,009.53","122.17M","0.31%"
"02/28/2001","8,078.72","8,055.38","8,079.14","7,974.33","94.81M","0.16%"
"02/27/2001","8,065.69","8,100.53","8,153.55","8,065.66","80.54M","-0.92%"
"02/26/2001","8,140.78","8,077.50","8,140.78","8,026.14","83.58M","1.39%"
"02/23/2001","8,028.81","8,067.98","8,083.05","7,951.18","120.53M","-1.28%"
"02/22/2001","8,133.26","7,999.96","8,136.52","7,913.76","133.80M","0.90%"
"02/21/2001","8,060.81","8,178.02","8,178.02","8,016.83","133.06M","-2.14%"
"02/20/2001","8,236.68","8,408.86","8,408.86","8,232.14","99.56M","-2.64%"
"02/19/2001","8,459.69","8,428.37","8,462.97","8,402.06","68.53M","0.79%"
"02/16/2001","8,393.23","8,342.05","8,405.51","8,342.05","132.57M","-6.40%"
"02/15/2001","8,967.27","9,008.18","9,039.03","8,924.54","117.05M","0.63%"
"02/14/2001","8,911.48","8,882.99","8,911.48","8,814.01","115.53M","-0.34%"
"02/13/2001","8,942.13","9,115.03","9,133.36","8,942.13","115.41M","-0.64%"
"02/12/2001","8,999.93","8,966.97","9,021.45","8,954.28","100.91M","0.47%"
"02/09/2001","8,957.61","9,016.92","9,021.52","8,933.67","106.63M","-1.36%"
"02/08/2001","9,080.72","9,169.87","9,191.26","9,080.72","115.10M","-0.62%"
"02/07/2001","9,137.63","9,213.84","9,221.94","9,066.95","121.20M","-1.76%"
"02/06/2001","9,301.40","9,341.28","9,367.77","9,293.59","103.48M","-0.05%"
"02/05/2001","9,306.05","9,227.96","9,306.05","9,200.12","87.21M","0.89%"
"02/02/2001","9,224.05","9,314.65","9,314.65","9,223.04","99.90M","-0.68%"
"02/01/2001","9,287.66","9,276.41","9,334.21","9,245.54","111.43M","-0.37%"
"01/31/2001","9,321.87","9,356.85","9,425.52","9,321.87","99.13M","-0.28%"
"01/30/2001","9,348.36","9,249.33","9,348.36","9,221.92","118.16M","0.50%"
"01/29/2001","9,302.22","9,158.69","9,317.64","9,158.69","83.12M","1.57%"
"01/26/2001","9,158.19","9,076.58","9,186.50","9,076.47","101.07M","-0.27%"
"01/25/2001","9,183.35","9,253.69","9,270.75","9,183.35","97.84M","-1.32%"
"01/24/2001","9,306.19","9,301.23","9,316.30","9,277.47","96.98M","0.40%"
"01/23/2001","9,268.84","9,131.44","9,279.43","9,107.54","105.71M","1.62%"
"01/22/2001","9,120.95","9,068.87","9,167.17","9,068.87","92.87M","-0.44%"
"01/19/2001","9,161.07","9,070.72","9,161.07","8,959.07","105.00M","2.94%"
"01/18/2001","8,899.06","8,882.24","8,990.64","8,879.72","136.63M","0.22%"
"01/17/2001","8,879.37","8,880.14","8,940.01","8,855.73","104.11M","1.55%"
"01/16/2001","8,744.00","8,734.22","8,744.00","8,694.74","85.30M","-0.39%"
"01/15/2001","8,778.54","8,747.65","8,778.54","8,713.67","50.25M","0.71%"
"01/12/2001","8,716.40","8,782.14","8,802.41","8,716.12","97.93M","-1.01%"
"01/11/2001","8,805.42","8,545.96","8,810.82","8,545.96","126.17M","2.38%"
"01/10/2001","8,600.83","8,474.33","8,600.83","8,474.33","124.23M","0.34%"
"01/09/2001","8,572.03","8,610.09","8,649.66","8,560.88","85.12M","-1.15%"
"01/08/2001","8,671.66","8,681.61","8,683.44","8,577.18","80.76M","-0.21%"
"01/05/2001","8,690.23","8,838.33","8,863.09","8,690.23","93.48M","-2.42%"
"01/04/2001","8,905.65","8,948.30","8,965.36","8,893.94","130.40M","-0.36%"
"01/03/2001","8,937.78","8,582.28","8,937.78","8,487.74","116.33M","3.79%"
"01/02/2001","8,611.51","8,961.75","8,961.75","8,611.51","69.04M","-3.61%"
"12/29/2000","8,933.68","8,878.31","8,998.27","8,861.69","49.09M","0.65%"
"12/28/2000","8,876.09","8,817.53","8,907.57","8,810.48","68.61M","0.21%"
"12/27/2000","8,857.11","8,668.23","8,857.11","8,665.96","59.91M","0.99%"
"12/22/2000","8,769.92","8,705.40","8,769.92","8,657.70","70.86M","1.98%"
"12/21/2000","8,599.68","8,606.85","8,700.55","8,561.86","110.80M","-0.50%"
"12/20/2000","8,642.53","8,669.63","8,763.91","8,573.40","163.78M","-2.74%"
"12/19/2000","8,886.37","8,986.58","9,088.41","8,870.47","109.72M","-1.36%"
"12/18/2000","9,008.63","9,122.58","9,122.58","8,963.30","82.93M","-0.13%"
"12/15/2000","9,020.04","8,942.99","9,088.16","8,886.73","118.39M","-0.54%"
"12/14/2000","9,069.38","9,100.73","9,143.13","9,009.26","117.55M","-0.32%"
"12/13/2000","9,098.12","9,280.37","9,280.37","9,085.16","198.80M","-2.62%"
"12/12/2000","9,342.97","9,499.65","9,511.98","9,332.94","98.65M","-2.49%"
"12/11/2000","9,581.92","9,485.04","9,661.52","9,485.04","102.69M","0.35%"
"12/08/2000","9,548.73","9,344.78","9,566.38","9,327.95","168.03M","4.17%"
"12/07/2000","9,166.80","9,138.12","9,186.21","9,129.81","92.89M","-0.69%"
"12/06/2000","9,230.59","9,305.75","9,366.40","9,222.88","103.81M","-0.52%"
"12/05/2000","9,279.04","9,029.76","9,283.26","9,007.27","112.18M","3.74%"
"12/04/2000","8,944.70","8,970.03","8,970.03","8,896.02","79.12M","0.04%"
"12/01/2000","8,941.17","8,896.75","8,974.45","8,894.60","91.75M","1.37%"
"11/30/2000","8,819.92","8,694.55","8,821.01","8,593.49","99.90M","-0.01%"
"11/29/2000","8,821.10","8,882.25","8,934.82","8,745.97","87.98M","-1.17%"
"11/28/2000","8,925.16","9,075.04","9,084.34","8,925.16","89.78M","-2.22%"
"11/27/2000","9,127.35","9,174.87","9,178.32","9,116.90","89.33M","1.14%"
"11/24/2000","9,024.43","8,994.45","9,036.01","8,961.99","66.75M","1.12%"
"11/23/2000","8,924.72","8,852.26","8,924.72","8,811.11","37.08M","0.91%"
"11/22/2000","8,844.55","8,976.83","8,976.83","8,786.06","103.18M","-1.88%"
"11/21/2000","9,013.86","8,986.39","9,075.82","8,906.80","102.82M","0.88%"
"11/20/2000","8,935.12","8,859.25","8,944.30","8,859.25","69.41M","-0.20%"
"11/17/2000","8,953.01","8,830.67","8,953.01","8,770.17","100.49M","-0.13%"
"11/16/2000","8,964.23","9,065.93","9,094.50","8,939.02","106.66M","-2.43%"
"11/15/2000","9,187.05","9,252.24","9,252.24","9,141.50","88.49M","-0.84%"
"11/14/2000","9,265.29","9,269.11","9,269.11","9,196.23","96.50M","1.65%"
"11/13/2000","9,115.05","9,028.34","9,170.89","8,959.27","78.56M","-0.91%"
"11/10/2000","9,199.06","9,303.97","9,304.42","9,199.06","68.45M","-2.26%"
"11/09/2000","9,411.53","9,413.58","9,492.98","9,332.07","80.53M","-1.48%"
"11/08/2000","9,552.53","9,667.04","9,667.04","9,543.12","85.28M","-0.25%"
"11/07/2000","9,576.82","9,638.78","9,680.14","9,575.44","86.30M","-1.41%"
"11/06/2000","9,714.18","9,786.20","9,786.20","9,648.37","86.40M","-0.06%"
"11/03/2000","9,720.40","9,686.20","9,758.44","9,683.20","84.80M","1.01%"
"11/02/2000","9,623.34","9,621.67","9,636.92","9,555.04","95.80M","0.31%"
"11/01/2000","9,593.98","9,561.28","9,661.26","9,557.65","97.47M","-0.47%"
"10/31/2000","9,639.57","9,343.62","9,639.86","9,343.62","116.77M","4.18%"
"10/30/2000","9,253.06","9,205.79","9,260.15","9,185.61","114.30M","-0.74%"
"10/27/2000","9,321.89","9,587.80","9,587.80","9,321.89","95.05M","-1.13%"
"10/26/2000","9,428.74","9,465.35","9,507.60","9,226.04","123.21M","-0.87%"
"10/25/2000","9,511.84","9,470.27","9,522.94","9,412.23","109.54M","-8.12%"
"10/24/2000","10,352.10","10,559.58","10,599.40","10,307.61","87.27M","-1.15%"
"10/23/2000","10,472.96","10,553.77","10,553.77","10,382.37","76.00M","-0.12%"
"10/20/2000","10,485.20","10,370.13","10,535.82","10,336.16","98.10M","2.48%"
"10/19/2000","10,231.63","10,184.55","10,317.77","10,166.79","125.15M","3.07%"
"10/18/2000","9,926.78","9,848.66","10,052.28","9,848.66","92.27M","-2.03%"
"10/17/2000","10,132.56","10,424.94","10,445.60","10,132.56","101.97M","-3.44%"
"10/16/2000","10,493.03","10,258.85","10,507.96","10,258.85","74.98M","1.67%"
"10/13/2000","10,320.76","10,043.85","10,326.73","10,042.47","94.39M","2.93%"
"10/12/2000","10,026.90","10,241.06","10,241.06","10,000.91","112.36M","-1.16%"
"10/11/2000","10,144.98","10,252.73","10,269.70","10,039.34","106.20M","-2.40%"
"10/10/2000","10,394.83","10,491.11","10,562.33","10,368.24","83.89M","-0.36%"
"10/06/2000","10,432.54","10,690.06","10,690.06","10,367.64","107.81M","-2.51%"
"10/05/2000","10,701.41","10,571.20","10,701.46","10,571.20","134.32M","1.68%"
"10/04/2000","10,524.66","10,421.50","10,544.10","10,343.28","92.38M","0.65%"
"10/03/2000","10,456.35","10,589.25","10,635.85","10,456.35","115.79M","0.13%"
"10/02/2000","10,442.79","10,491.65","10,569.95","10,442.75","85.96M","0.63%"
"09/29/2000","10,377.92","10,398.04","10,469.32","10,366.04","68.67M","-0.52%"
"09/28/2000","10,431.88","10,234.58","10,501.37","10,203.03","78.41M","1.77%"
"09/27/2000","10,250.00","10,549.53","10,549.53","10,213.01","88.91M","-2.18%"
"09/26/2000","10,478.59","10,611.13","10,664.43","10,478.59","93.73M","-1.43%"
"09/25/2000","10,630.98","10,758.76","10,790.00","10,553.64","76.48M","0.62%"
"09/22/2000","10,565.96","10,427.45","10,588.31","10,427.45","69.49M","-0.33%"
"09/21/2000","10,600.97","10,665.25","10,665.25","10,541.14","93.73M","-1.96%"
"09/20/2000","10,813.12","10,927.23","10,927.23","10,766.20","99.97M","-0.93%"
"09/19/2000","10,914.52","10,801.77","10,927.79","10,782.37","89.74M","1.23%"
"09/18/2000","10,781.97","11,018.42","11,032.09","10,781.97","78.95M","-2.55%"
"09/15/2000","11,063.58","11,047.97","11,128.84","11,015.96","90.07M","-0.13%"
"09/14/2000","11,078.14","10,923.47","11,078.14","10,923.47","105.96M","3.06%"
"09/13/2000","10,749.57","10,579.28","10,794.39","10,579.28","87.09M","1.82%"
"09/12/2000","10,557.03","10,686.13","10,762.99","10,557.03","105.52M","-1.17%"
"09/11/2000","10,682.13","10,733.41","10,926.97","10,660.90","76.30M","-1.27%"
"09/08/2000","10,819.79","11,020.00","11,020.00","10,799.08","88.18M","-2.19%"
"09/07/2000","11,061.63","11,204.99","11,204.99","10,980.26","116.86M","-0.80%"
"09/06/2000","11,150.67","11,312.30","11,317.26","11,134.97","107.81M","-1.57%"
"09/05/2000","11,328.21","11,401.97","11,401.97","11,324.38","78.20M","-0.53%"
"09/01/2000","11,388.82","11,375.43","11,400.00","11,331.65","58.57M","1.25%"
"08/31/2000","11,247.91","11,212.22","11,308.42","11,200.78","83.44M","0.66%"
"08/30/2000","11,173.62","11,172.65","11,189.65","11,162.47","75.69M","0.41%"
"08/29/2000","11,128.43","11,236.00","11,241.52","11,128.43","91.64M","-0.86%"
"08/28/2000","11,224.45","11,258.52","11,325.36","11,222.24","88.30M","-0.19%"
"08/25/2000","11,246.04","11,230.87","11,287.46","11,222.92","88.93M","0.60%"
"08/24/2000","11,178.98","11,131.07","11,178.98","11,126.51","97.09M","0.64%"
"08/23/2000","11,107.81","11,120.98","11,146.67","11,100.47","106.07M","-0.26%"
"08/22/2000","11,137.20","11,138.18","11,182.41","11,102.63","88.25M","0.58%"
"08/21/2000","11,073.27","11,116.69","11,146.95","11,039.92","64.06M","-0.54%"
"08/18/2000","11,133.81","11,192.36","11,196.92","11,133.81","64.73M","0.32%"
"08/17/2000","11,098.15","11,066.17","11,133.41","11,047.05","99.91M","0.61%"
"08/16/2000","11,030.98","11,059.17","11,110.77","10,993.30","91.16M","-0.01%"
"08/15/2000","11,032.25","10,985.82","11,060.59","10,985.82","79.83M","0.30%"
"08/14/2000","10,999.13","10,792.33","10,999.13","10,783.62","62.17M","1.95%"
"08/11/2000","10,788.79","10,785.55","10,813.70","10,709.56","62.57M","-0.07%"
"08/10/2000","10,796.49","10,890.02","10,948.49","10,796.49","79.14M","-0.61%"
"08/09/2000","10,863.01","10,973.45","10,976.38","10,861.56","82.31M","0.04%"
"08/08/2000","10,858.72","10,764.30","10,858.72","10,764.30","81.66M","2.76%"
"08/04/2000","10,567.53","10,516.05","10,569.23","10,509.68","52.30M","1.48%"
"08/03/2000","10,413.68","10,181.46","10,425.30","10,181.46","73.28M","0.44%"
"08/02/2000","10,368.48","10,354.92","10,437.61","10,354.55","90.80M","0.15%"
"08/01/2000","10,352.86","10,456.65","10,496.24","10,352.86","73.99M","-0.51%"
"07/31/2000","10,406.31","10,408.19","10,580.07","10,313.16","70.33M","0.61%"
"07/28/2000","10,342.98","10,705.90","10,705.90","10,342.98","70.72M","-3.30%"
"07/27/2000","10,696.23","10,792.42","10,803.83","10,695.16","75.02M","-2.01%"
"07/26/2000","10,916.07","10,931.93","10,955.77","10,890.25","83.39M","0.45%"
"07/25/2000","10,867.07","10,872.74","10,886.55","10,732.57","92.05M","0.78%"
"07/24/2000","10,783.48","10,927.58","10,983.29","10,731.65","66.40M","-0.54%"
"07/21/2000","10,842.08","10,728.81","10,858.59","10,723.59","73.23M","0.94%"
"07/20/2000","10,740.80","10,727.56","10,826.90","10,727.56","98.95M","1.01%"
"07/19/2000","10,633.15","10,735.35","10,735.35","10,630.03","77.62M","-0.95%"
"07/18/2000","10,735.47","10,773.79","10,781.80","10,702.16","80.44M","-1.01%"
"07/17/2000","10,844.52","10,850.80","10,873.48","10,814.69","62.63M","0.61%"
"07/14/2000","10,778.80","10,807.10","10,814.70","10,778.80","72.20M","0.93%"
"07/13/2000","10,679.32","10,634.70","10,751.00","10,608.15","88.41M","1.01%"
"07/12/2000","10,572.85","10,447.01","10,572.85","10,442.97","76.76M","2.15%"
"07/11/2000","10,350.27","10,303.29","10,386.99","10,240.64","89.87M","1.12%"
"07/10/2000","10,235.39","10,354.24","10,380.68","10,235.39","68.04M","-1.40%"
"07/07/2000","10,380.28","10,287.83","10,380.28","10,287.83","67.65M","1.34%"
"07/06/2000","10,242.56","10,310.43","10,310.43","10,153.09","86.17M","-0.79%"
"07/05/2000","10,323.75","10,323.38","10,366.35","10,303.29","95.82M","0.22%"
"07/04/2000","10,301.41","10,344.17","10,347.45","10,270.74","25.95M","1.04%"
"06/30/2000","10,195.45","10,196.25","10,310.13","10,184.73","58.56M","0.84%"
"06/29/2000","10,110.98","10,160.12","10,160.12","10,087.57","75.70M","-1.18%"
"06/28/2000","10,231.33","10,209.07","10,279.86","10,209.07","80.92M","0.65%"
"06/27/2000","10,165.51","10,224.89","10,255.02","10,124.62","97.97M","-0.61%"
"06/26/2000","10,227.39","10,200.27","10,252.77","10,181.33","63.47M","1.35%"
"06/23/2000","10,091.09","10,060.27","10,099.51","10,010.20","86.06M","0.26%"
"06/22/2000","10,064.46","10,191.37","10,220.21","10,029.91","83.57M","-1.30%"
"06/21/2000","10,197.27","10,150.57","10,246.28","10,150.57","84.44M","-0.42%"
"06/20/2000","10,239.88","10,229.17","10,276.23","10,205.52","81.23M","1.02%"
"06/19/2000","10,136.81","10,039.30","10,154.94","10,039.30","93.23M","1.01%"
"06/16/2000","10,035.66","10,102.68","10,102.68","10,017.85","88.09M","-0.74%"
"06/15/2000","10,110.56","9,977.25","10,110.56","9,977.25","92.13M","1.39%"
"06/14/2000","9,972.06","9,967.09","10,009.08","9,940.93","93.66M","1.38%"
"06/13/2000","9,836.50","9,843.67","9,883.28","9,799.46","117.90M","0.17%"
"06/12/2000","9,819.63","9,835.13","9,835.13","9,767.36","95.57M","0.93%"
"06/09/2000","9,728.84","9,726.56","9,736.15","9,702.59","77.48M","0.79%"
"06/08/2000","9,652.39","9,586.56","9,654.80","9,555.62","77.00M","0.99%"
"06/07/2000","9,557.65","9,551.64","9,587.95","9,512.47","89.50M","-0.54%"
"06/06/2000","9,609.94","9,629.71","9,678.37","9,579.18","87.55M","-0.72%"
"06/05/2000","9,679.65","9,719.86","9,749.26","9,643.98","94.30M","-0.70%"
"06/02/2000","9,747.67","9,808.24","9,810.76","9,697.76","115.11M","2.05%"
"06/01/2000","9,552.24","9,397.89","9,552.24","9,397.89","82.95M","3.25%"
"05/31/2000","9,251.99","9,329.76","9,407.34","9,251.99","105.45M","-0.99%"
"05/30/2000","9,344.13","9,162.99","9,359.00","9,162.99","98.27M","3.14%"
"05/29/2000","9,060.05","9,035.76","9,060.05","9,035.76","33.10M","0.43%"
"05/26/2000","9,020.88","9,108.33","9,108.33","8,991.84","87.71M","-0.25%"
"05/25/2000","9,043.70","9,231.40","9,280.65","9,043.70","115.96M","-1.10%"
"05/24/2000","9,144.16","8,947.04","9,156.84","8,807.41","136.70M","1.75%"
"05/23/2000","8,986.58","9,247.55","9,247.55","8,986.58","90.13M","-3.30%"
"05/19/2000","9,293.14","9,503.89","9,503.89","9,286.12","82.54M","-2.69%"
"05/18/2000","9,549.85","9,587.28","9,620.45","9,529.99","109.93M","-0.03%"
"05/17/2000","9,552.83","9,513.81","9,579.84","9,418.17","103.66M","-0.30%"
"05/16/2000","9,582.03","9,418.34","9,582.03","9,417.83","106.64M","3.23%"
"05/15/2000","9,281.89","9,239.53","9,281.92","9,200.68","93.87M","0.76%"
"05/12/2000","9,211.80","9,225.54","9,289.95","9,211.80","78.90M","0.87%"
"05/11/2000","9,132.61","9,152.26","9,172.83","9,097.73","91.34M","0.39%"
"05/10/2000","9,097.10","9,232.38","9,232.38","9,009.11","112.90M","-2.12%"
"05/09/2000","9,294.39","9,377.48","9,377.48","9,237.71","104.78M","-0.46%"
"05/08/2000","9,337.54","9,459.45","9,489.15","9,296.18","78.90M","-2.71%"
"05/05/2000","9,597.32","9,433.76","9,597.32","9,433.76","72.76M","1.95%"
"05/04/2000","9,414.05","9,343.03","9,424.77","9,343.03","104.22M","1.32%"
"05/03/2000","9,291.31","9,450.87","9,468.89","9,291.31","127.96M","-2.30%"
"05/02/2000","9,510.28","9,486.30","9,554.44","9,482.11","156.48M","-0.18%"
"05/01/2000","9,527.26","9,399.11","9,539.11","9,399.11","78.02M","1.92%"
"04/28/2000","9,347.61","9,421.92","9,436.46","9,344.44","83.83M","0.27%"
"04/27/2000","9,322.66","9,253.56","9,379.13","9,253.16","77.82M","-0.59%"
"04/26/2000","9,378.00","9,306.25","9,410.33","9,297.81","84.54M","2.96%"
"04/25/2000","9,108.41","8,939.00","9,132.85","8,939.00","80.74M","3.24%"
"04/24/2000","8,822.48","8,834.01","8,860.92","8,750.42","62.88M","-1.53%"
"04/20/2000","8,959.69","9,039.77","9,039.77","8,900.57","79.80M","-0.82%"
"04/19/2000","9,034.01","9,071.13","9,096.31","8,986.33","122.86M","-0.39%"
"04/18/2000","9,069.50","8,832.56","9,069.50","8,832.56","103.77M","3.42%"
"04/17/2000","8,769.56","8,456.37","8,769.56","8,429.54","90.66M","3.49%"
"04/14/2000","8,473.51","8,783.49","8,874.38","8,421.58","110.79M","-5.49%"
"04/13/2000","8,965.41","9,003.69","9,150.85","8,965.26","115.70M","-0.91%"
"04/12/2000","9,047.67","9,368.13","9,368.13","9,047.67","107.78M","-3.32%"
"04/11/2000","9,358.03","9,259.71","9,456.33","9,259.71","92.87M","-1.09%"
"04/10/2000","9,460.94","9,632.97","9,632.97","9,460.56","98.46M","-0.04%"
"04/07/2000","9,465.19","9,584.57","9,640.09","9,465.19","94.35M","0.25%"
"04/06/2000","9,441.27","9,390.49","9,491.20","9,363.58","95.37M","2.33%"
"04/05/2000","9,226.53","9,075.00","9,313.94","8,988.58","103.09M","0.93%"
"04/04/2000","9,141.84","9,323.12","9,354.14","8,690.92","145.64M","-2.48%"
"04/03/2000","9,374.73","9,520.73","9,520.73","9,350.79","88.76M","-0.93%"
"03/31/2000","9,462.39","9,535.10","9,635.46","9,390.64","91.17M","0.73%"
"03/30/2000","9,394.02","9,480.11","9,565.46","9,280.49","104.26M","-3.18%"
"03/29/2000","9,702.16","9,868.70","9,868.70","9,656.33","95.76M","-2.22%"
"03/28/2000","9,922.85","10,016.12","10,016.12","9,896.16","84.92M","-1.20%"
"03/27/2000","10,043.04","10,063.33","10,117.93","10,036.08","70.03M","-0.10%"
"03/24/2000","10,052.68","10,083.61","10,176.70","10,036.62","78.34M","0.63%"
"03/23/2000","9,990.13","9,923.35","10,057.78","9,878.01","98.12M","1.20%"
"03/22/2000","9,871.55","9,650.45","9,881.74","9,620.71","86.29M","2.28%"
"03/21/2000","9,651.40","9,500.02","9,669.79","9,430.67","79.84M","0.87%"
"03/20/2000","9,568.33","9,689.23","9,707.85","9,550.59","72.54M","0.41%"
"03/17/2000","9,528.81","9,597.69","9,708.52","9,528.81","16.67M","0.43%"
"03/16/2000","9,488.04","9,463.74","9,571.39","9,310.92","45.56M","2.09%"
"03/15/2000","9,293.61","9,392.32","9,392.32","9,191.94","11.61M","-1.07%"
"03/14/2000","9,393.83","9,580.04","9,580.04","9,393.83","41.44M","-0.72%"
"03/13/2000","9,461.57","9,292.06","9,500.75","9,292.06","67.16M","-0.27%"
"03/10/2000","9,487.14","9,479.52","9,554.66","9,478.02","80.96M","0.78%"
"03/09/2000","9,413.67","9,330.25","9,413.67","9,282.85","94.32M","1.43%"
"03/08/2000","9,281.14","9,414.88","9,415.86","9,277.36","6.22M","-1.53%"
"03/07/2000","9,425.48","9,595.71","9,662.06","9,394.15","78.10M","-1.62%"
"03/06/2000","9,580.87","9,521.06","9,633.54","9,521.06","20.86M","1.25%"
"03/03/2000","9,462.90","9,573.10","9,573.10","9,462.90","4.27M","-0.56%"
"03/02/2000","9,516.06","9,446.88","9,542.44","9,446.88","24.78M","1.11%"
"03/01/2000","9,411.58","9,317.89","9,451.56","9,304.82","11.57M","3.10%"
"02/29/2000","9,128.99","9,338.38","9,338.38","9,128.99","250.10K","-1.02%"
"02/28/2000","9,223.42","9,199.17","9,223.42","9,051.34","81.02M","0.90%"
"02/25/2000","9,141.17","9,193.72","9,232.68","9,133.20","15.76M","-0.79%"
"02/24/2000","9,214.18","9,391.73","9,391.73","9,212.66","11.75M","-1.08%"
"02/23/2000","9,314.96","9,247.47","9,335.98","9,209.36","506.18K","1.31%"
"02/22/2000","9,194.86","9,287.59","9,296.81","9,149.21","92.22M","-0.39%"
"02/21/2000","9,231.16","9,243.88","9,264.36","9,231.16","39.18M","-0.69%"
"02/18/2000","9,295.51","9,506.24","9,506.24","9,295.51","93.34M","-1.78%"
"02/17/2000","9,463.54","9,530.96","9,557.55","9,460.87","18.98M","0.37%"
"02/16/2000","9,428.61","9,295.61","9,496.09","9,295.61","15.76M","0.78%"
"02/15/2000","9,356.06","9,338.86","9,414.54","9,239.48","207.50K","0.45%"
"02/14/2000","9,314.54","9,301.37","9,314.54","9,215.09","83.05M","1.72%"
"02/11/2000","9,156.70","9,295.53","9,295.53","9,150.88","97.69M","-1.76%"
"02/10/2000","9,321.00","9,309.58","9,343.01","9,269.84","88.18M","0.71%"
"02/09/2000","9,255.22","9,404.03","9,427.85","9,255.22","1.61M","-0.49%"
"02/08/2000","9,300.77","9,302.16","9,309.36","9,241.89","132.67K","1.58%"
"02/07/2000","9,155.95","9,207.52","9,207.52","9,117.85","8.37M","-0.58%"
"02/04/2000","9,209.20","9,014.01","9,269.27","9,014.01","95.75M","3.54%"
"02/03/2000","8,894.39","8,828.25","8,912.28","8,770.47","99.70M","1.42%"
"02/02/2000","8,769.50","8,643.27","8,795.96","8,629.50","21.09M","2.74%"
"02/01/2000","8,535.26","8,496.32","8,546.85","8,438.39","79.83M","0.64%"
"01/31/2000","8,481.11","8,428.10","8,512.20","8,304.74","4.75M","1.08%"
"01/28/2000","8,390.40","8,588.03","8,625.24","8,389.29","94.34M","-2.95%"
"01/27/2000","8,645.84","8,675.94","8,754.30","8,562.68","15.75M","0.74%"
"01/26/2000","8,582.57","8,632.45","8,657.58","8,572.77","82.69M","0.91%"
"01/25/2000","8,505.48","8,467.81","8,537.62","8,414.74","88.28M","0.55%"
"01/24/2000","8,458.75","8,752.12","8,752.12","8,453.58","91.74M","-2.04%"
"01/21/2000","8,634.91","8,755.63","8,755.63","8,634.51","89.58M","-0.55%"
"01/20/2000","8,682.93","8,697.73","8,740.88","8,677.37","86.72M","0.55%"
"01/19/2000","8,635.07","8,624.44","8,689.09","8,624.44","86.11M","0.53%"
"01/18/2000","8,589.65","8,432.17","8,595.05","8,432.17","89.20M","1.30%"
"01/17/2000","8,479.27","8,430.21","8,479.27","8,422.95","50.91M","1.46%"
"01/14/2000","8,357.46","8,531.22","8,531.22","8,357.46","1.67M","-0.72%"
"01/13/2000","8,417.94","8,423.70","8,450.67","8,383.26","91.30M","0.69%"
"01/12/2000","8,359.96","8,444.25","8,444.25","8,327.54","85.41M","-0.98%"
"01/11/2000","8,442.61","8,581.64","8,634.71","8,442.61","87.84M","-1.86%"
"01/10/2000","8,602.50","8,544.31","8,610.82","8,509.10","83.32M","2.05%"
"01/07/2000","8,429.42","8,193.39","8,429.97","8,193.39","87.69M","3.88%"
"01/06/2000","8,114.24","8,136.98","8,186.39","8,075.68","79.69M","-0.06%"
"01/05/2000","8,119.42","8,100.21","8,147.21","8,018.57","94.55M","-1.01%"
"01/04/2000","8,202.60","8,271.66","8,305.91","8,157.60","59.51M","-2.51%"
"12/31/1999","8,413.75","8,399.10","8,413.75","8,379.15","21.46M","0.09%"
"12/30/1999","8,406.07","8,498.82","8,498.82","8,390.17","25.91M","-0.79%"
"12/29/1999","8,472.58","8,460.23","8,472.58","8,420.75","32.06M","0.23%"
"12/24/1999","8,452.93","8,380.85","8,452.93","8,378.66","23.15M","1.02%"
"12/23/1999","8,367.24","8,343.03","8,382.81","8,333.61","59.25M","1.27%"
"12/22/1999","8,262.18","8,306.33","8,306.33","8,218.74","71.27M","0.15%"
"12/21/1999","8,250.04","8,147.80","8,258.36","8,147.80","65.19M","1.46%"
"12/20/1999","8,131.36","8,167.45","8,177.92","8,115.94","58.17M","0.41%"
"12/17/1999","8,098.19","8,103.32","8,107.36","8,069.45","25.45M","0.63%"
"12/16/1999","8,047.17","8,036.40","8,074.49","8,012.89","71.38M","0.77%"
"12/15/1999","7,985.29","7,894.76","7,985.29","7,857.10","75.60M","0.69%"
"12/14/1999","7,930.32","8,001.99","8,054.32","7,930.32","5.97M","-0.75%"
"12/13/1999","7,989.91","7,945.19","8,014.25","7,945.19","71.78M","0.44%"
"12/10/1999","7,954.59","7,839.98","7,954.59","7,814.49","83.84M","1.71%"
"12/09/1999","7,821.06","7,857.04","7,857.04","7,767.67","83.18M","0.01%"
"12/08/1999","7,820.06","7,851.81","7,868.58","7,794.87","2.22M","-0.87%"
"12/07/1999","7,889.05","7,899.49","7,915.46","7,857.87","218.31K","0.40%"
"12/06/1999","7,857.52","7,785.43","7,870.36","7,785.43","86.03M","0.81%"
"12/03/1999","7,794.73","7,746.35","7,814.73","7,746.35","79.07M","1.68%"
"12/02/1999","7,665.62","7,642.64","7,665.62","7,587.15","82.98M","0.96%"
"12/01/1999","7,592.51","7,691.43","7,691.43","7,519.45","88.33M","0.92%"
"11/30/1999","7,523.23","7,691.43","7,691.43","7,520.55","85.43M","-3.20%"
"11/29/1999","7,772.08","7,846.19","7,853.23","7,759.31","59.83M","-1.49%"
"11/26/1999","7,889.94","7,863.62","7,903.52","7,863.55","55.54M","0.47%"
"11/25/1999","7,853.39","7,798.56","7,853.55","7,784.77","43.44M","1.14%"
"11/24/1999","7,764.50","7,702.33","7,764.97","7,664.08","91.82M","0.71%"
"11/23/1999","7,709.57","7,670.64","7,709.76","7,644.77","93.75M","0.84%"
"11/22/1999","7,645.29","7,715.72","7,715.72","7,645.29","71.91M","-0.62%"
"11/19/1999","7,693.11","7,638.14","7,706.93","7,638.14","78.64M","0.61%"
"11/18/1999","7,646.35","7,605.32","7,656.75","7,605.32","72.91M","0.73%"
"11/17/1999","7,591.25","7,558.27","7,606.18","7,558.27","72.95M","0.15%"
"11/16/1999","7,579.73","7,649.77","7,650.99","7,579.73","73.76M","-0.27%"
"11/15/1999","7,600.22","7,554.12","7,621.36","7,554.12","62.63M","0.98%"
"11/12/1999","7,526.20","7,495.15","7,526.20","7,421.65","79.10M","0.50%"
"11/11/1999","7,488.46","7,434.70","7,488.46","7,434.70","73.75M","1.66%"
"11/10/1999","7,366.45","7,296.84","7,367.87","7,296.84","69.88M","1.01%"
"11/09/1999","7,292.58","7,334.04","7,334.04","7,279.55","70.25M","0.07%"
"11/08/1999","7,287.83","7,267.81","7,309.75","7,264.46","64.24M","-0.13%"
"11/05/1999","7,297.63","7,344.05","7,344.05","7,287.58","74.42M","0.50%"
"11/04/1999","7,261.47","7,296.68","7,305.57","7,239.60","71.58M","0.38%"
"11/03/1999","7,233.74","7,270.10","7,270.10","7,206.39","86.46M","0.26%"
"11/02/1999","7,215.32","7,275.60","7,292.93","7,196.94","91.31M","-0.77%"
"11/01/1999","7,271.30","7,227.12","7,271.30","7,227.12","51.29M","0.21%"
"10/29/1999","7,256.22","7,188.95","7,256.22","7,188.95","89.67M","1.99%"
"10/28/1999","7,114.44","7,105.70","7,114.66","7,082.79","62.98M","1.47%"
"10/27/1999","7,011.47","7,039.09","7,057.45","6,996.02","58.32M","-0.76%"
"10/26/1999","7,064.88","7,090.94","7,101.47","7,053.51","58.27M","0.09%"
"10/25/1999","7,058.27","7,060.33","7,063.69","7,034.54","46.19M","0.26%"
"10/22/1999","7,040.27","7,008.83","7,066.27","7,008.83","58.71M","1.26%"
"10/21/1999","6,952.38","6,854.56","6,952.38","6,854.56","56.30M","0.31%"
"10/20/1999","6,930.75","6,914.55","6,935.99","6,891.19","60.10M","1.12%"
"10/19/1999","6,853.95","6,867.22","6,910.28","6,844.03","62.10M","-0.21%"
"10/18/1999","6,868.24","6,889.80","6,889.80","6,809.80","47.71M","-0.24%"
"10/15/1999","6,884.44","6,861.89","6,925.66","6,861.89","51.93M","-1.22%"
"10/14/1999","6,969.65","7,010.28","7,010.28","6,957.06","70.21M","-0.96%"
"10/13/1999","7,037.01","7,112.21","7,112.52","7,015.46","63.32M","-1.37%"
"10/12/1999","7,135.04","7,158.71","7,164.13","7,122.12","61.60M","0.27%"
"10/08/1999","7,116.04","7,043.63","7,116.04","7,043.63","60.92M","0.74%"
"10/07/1999","7,063.46","7,039.07","7,066.52","7,026.05","67.90M","0.54%"
"10/06/1999","7,025.51","7,002.87","7,026.61","7,001.95","75.83M","0.50%"
"10/05/1999","6,990.47","7,027.73","7,055.01","6,964.04","86.47M","-0.74%"
"10/04/1999","7,042.30","6,962.25","7,042.30","6,962.25","61.63M","1.60%"
"10/01/1999","6,931.34","6,906.38","6,934.12","6,906.38","64.45M","-0.38%"
"09/30/1999","6,957.72","6,911.49","6,967.90","6,908.91","71.56M","1.15%"
"09/29/1999","6,878.78","6,869.70","6,910.36","6,869.70","77.40M","0.01%"
"09/28/1999","6,877.85","6,915.83","6,922.74","6,837.45","98.97M","-0.26%"
"09/27/1999","6,895.69","6,863.69","6,901.98","6,863.17","83.48M","1.96%"
"09/24/1999","6,763.38","6,793.71","6,816.22","6,717.51","58.81M","-0.72%"
"09/23/1999","6,812.12","6,907.55","6,924.96","6,810.04","64.32M","-1.08%"
"09/22/1999","6,886.28","6,898.55","6,899.87","6,879.02","66.33M","-0.46%"
"09/21/1999","6,917.87","7,003.56","7,003.56","6,902.50","70.72M","-1.86%"
"09/20/1999","7,049.06","7,072.91","7,072.91","7,046.29","47.73M","-0.19%"
"09/17/1999","7,062.33","7,029.16","7,079.16","7,029.16","91.87M","0.64%"
"09/16/1999","7,017.65","7,050.31","7,050.31","6,997.28","60.14M","-0.65%"
"09/15/1999","7,063.63","7,122.53","7,122.53","7,063.26","55.14M","-1.04%"
"09/14/1999","7,138.09","7,087.76","7,138.09","7,070.09","60.55M","0.28%"
"09/13/1999","7,118.12","7,166.68","7,166.68","7,110.14","59.44M","-0.63%"
"09/10/1999","7,163.37","7,154.90","7,174.97","7,132.33","77.16M","0.52%"
"09/09/1999","7,126.48","7,080.38","7,126.48","7,067.48","96.20M","1.01%"
"09/08/1999","7,054.97","7,058.50","7,058.50","7,012.25","75.70M","-0.05%"
"09/07/1999","7,058.50","7,025.66","7,058.76","7,025.66","57.18M","0.75%"
"09/03/1999","7,006.14","6,983.74","7,006.14","6,969.57","57.49M","1.43%"
"09/02/1999","6,907.03","6,916.68","6,925.42","6,883.13","55.14M","-1.02%"
"09/01/1999","6,978.25","6,993.00","6,993.00","6,965.41","69.53M","0.11%"
"08/31/1999","6,970.81","7,022.54","7,022.54","6,964.56","66.41M","-0.98%"
"08/30/1999","7,039.74","7,101.69","7,101.69","7,030.70","49.13M","-0.94%"
"08/27/1999","7,106.21","7,145.83","7,145.83","7,103.83","54.13M","-0.74%"
"08/26/1999","7,159.15","7,209.95","7,209.95","7,158.70","75.48M","-0.88%"
"08/25/1999","7,222.63","7,197.62","7,230.33","7,186.90","91.10M","0.74%"
"08/24/1999","7,169.80","7,142.28","7,178.33","7,138.91","72.67M","-0.07%"
"08/23/1999","7,174.96","7,151.75","7,178.04","7,146.70","65.06M","0.64%"
"08/20/1999","7,129.22","7,097.98","7,129.22","7,089.85","79.39M","0.44%"
"08/19/1999","7,098.08","7,024.47","7,098.56","7,011.04","85.24M","0.79%"
"08/18/1999","7,042.46","7,061.64","7,090.35","7,041.55","73.26M","-0.15%"
"08/17/1999","7,053.01","7,085.87","7,085.91","7,041.26","20.95M","0.10%"
"08/16/1999","7,045.65","7,013.38","7,048.24","6,995.70","53.61M","0.56%"
"08/13/1999","7,006.16","6,971.52","7,006.16","6,963.98","46.28M","1.32%"
"08/12/1999","6,914.98","6,941.98","6,960.12","6,914.83","60.07M","0.09%"
"08/11/1999","6,909.06","6,843.29","6,909.06","6,830.99","65.06M","1.75%"
"08/10/1999","6,790.26","6,852.15","6,852.15","6,752.49","65.87M","-1.07%"
"08/09/1999","6,863.74","6,884.28","6,884.28","6,850.50","58.07M","-0.22%"
"08/06/1999","6,878.80","6,888.83","6,910.91","6,869.21","63.43M","-0.40%"
"08/05/1999","6,906.55","6,941.76","6,941.76","6,877.42","65.50M","-0.81%"
"08/04/1999","6,963.20","7,032.74","7,032.74","6,963.20","57.89M","-1.00%"
"08/03/1999","7,033.30","7,091.97","7,109.60","7,018.78","54.19M","-0.67%"
"07/30/1999","7,081.03","7,082.57","7,082.57","7,047.77","59.92M","0.44%"
"07/29/1999","7,050.29","7,046.75","7,061.03","7,035.22","63.51M","-0.86%"
"07/28/1999","7,111.19","7,086.06","7,138.04","7,074.81","62.14M","1.26%"
"07/27/1999","7,022.69","7,031.89","7,063.87","7,019.40","55.58M","0.55%"
"07/26/1999","6,984.23","7,019.13","7,019.13","6,977.55","57.74M","-1.21%"
"07/23/1999","7,069.46","7,097.84","7,097.84","7,059.42","56.88M","-0.19%"
"07/22/1999","7,082.63","7,116.21","7,137.42","7,074.92","58.57M","-0.75%"
"07/21/1999","7,136.35","7,156.65","7,171.55","7,123.51","60.41M","-0.25%"
"07/20/1999","7,154.44","7,228.12","7,230.00","7,154.44","58.24M","-1.67%"
"07/19/1999","7,275.94","7,285.65","7,285.65","7,253.85","46.35M","-0.13%"
"07/16/1999","7,285.58","7,309.18","7,309.18","7,260.34","42.89M","-0.10%"
"07/15/1999","7,292.69","7,266.83","7,298.68","7,266.30","64.80M","0.55%"
"07/14/1999","7,253.08","7,176.78","7,253.08","7,160.72","71.73M","1.60%"
"07/13/1999","7,138.95","7,142.35","7,149.26","7,129.14","59.69M","-0.75%"
"07/12/1999","7,193.21","7,220.84","7,220.84","7,193.20","53.92M","-0.07%"
"07/09/1999","7,198.17","7,150.63","7,198.62","7,144.39","58.51M","0.83%"
"07/08/1999","7,138.83","7,175.81","7,175.81","7,134.80","77.74M","-0.46%"
"07/07/1999","7,172.10","7,214.84","7,221.00","7,171.97","58.29M","-0.87%"
"07/06/1999","7,235.04","7,225.45","7,262.07","7,217.90","71.53M","-0.27%"
"07/05/1999","7,254.45","7,177.65","7,254.45","7,177.65","28.93M","1.63%"
"07/02/1999","7,137.83","7,091.51","7,152.00","7,091.51","40.16M","1.82%"
"06/30/1999","7,010.07","6,970.24","7,010.07","6,938.14","74.31M","0.74%"
"06/29/1999","6,958.87","6,909.98","6,958.87","6,902.69","84.66M","0.61%"
"06/28/1999","6,916.76","6,972.25","6,972.25","6,904.45","61.74M","-0.32%"
"06/25/1999","6,939.25","6,920.67","6,940.56","6,908.82","46.81M","0.53%"
"06/24/1999","6,902.66","6,948.48","6,955.51","6,889.76","50.29M","-0.49%"
"06/23/1999","6,936.97","6,949.70","6,949.70","6,911.70","68.79M","-0.26%"
"06/22/1999","6,954.91","6,965.16","6,987.28","6,954.57","62.16M","-0.57%"
"06/21/1999","6,995.08","7,021.54","7,028.45","6,958.77","64.21M","-0.14%"
"06/18/1999","7,005.06","6,948.09","7,005.06","6,948.09","75.16M","1.10%"
"06/17/1999","6,929.06","6,917.87","6,952.83","6,917.87","59.64M","0.05%"
"06/16/1999","6,925.31","6,913.43","6,933.98","6,896.10","63.76M","0.87%"
"06/15/1999","6,865.82","6,895.24","6,914.87","6,851.62","78.22M","-0.43%"
"06/14/1999","6,895.62","6,920.41","6,920.41","6,881.33","49.79M","-0.31%"
"06/11/1999","6,917.13","6,966.73","6,967.75","6,917.12","57.25M","-0.06%"
"06/10/1999","6,921.35","6,922.02","6,955.42","6,915.13","73.11M","-0.56%"
"06/09/1999","6,960.41","6,946.51","6,960.69","6,937.18","57.91M","0.33%"
"06/08/1999","6,937.67","7,020.88","7,020.88","6,937.13","66.09M","-1.04%"
"06/07/1999","7,010.75","6,975.97","7,010.75","6,975.97","61.94M","1.02%"
"06/04/1999","6,940.14","6,907.72","6,940.58","6,899.62","65.55M","0.77%"
"06/03/1999","6,887.05","6,882.37","6,887.85","6,868.08","64.92M","0.53%"
"06/02/1999","6,850.75","6,847.93","6,851.27","6,794.56","49.16M","-0.02%"
"06/01/1999","6,852.38","6,841.80","6,852.38","6,788.52","47.08M","0.15%"
"05/31/1999","6,841.80","6,816.34","6,846.69","6,816.34","24.22M","0.57%"
"05/28/1999","6,802.70","6,747.59","6,802.70","6,738.99","39.46M","1.11%"
"05/27/1999","6,727.80","6,782.51","6,793.78","6,727.64","71.18M","-0.84%"
"05/26/1999","6,784.92","6,815.90","6,815.90","6,738.78","51.48M","-0.21%"
"05/25/1999","6,799.51","6,883.03","6,883.03","6,799.26","57.43M","-2.39%"
"05/21/1999","6,965.97","6,973.00","6,981.62","6,945.30","52.36M","-0.13%"
"05/20/1999","6,974.86","7,042.52","7,043.18","6,971.10","60.62M","-0.56%"
"05/19/1999","7,014.37","6,958.31","7,014.37","6,956.51","64.03M","1.27%"
"05/18/1999","6,926.53","6,896.93","6,947.46","6,896.93","59.64M","0.77%"
"05/17/1999","6,873.55","6,872.04","6,873.55","6,821.22","63.34M","-0.19%"
"05/14/1999","6,886.50","6,970.91","6,985.80","6,886.50","65.91M","-2.42%"
"05/13/1999","7,057.15","7,037.73","7,059.76","7,026.55","68.25M","0.76%"
"05/12/1999","7,003.81","7,010.62","7,010.62","6,982.98","60.16M","-0.10%"
"05/11/1999","7,010.63","7,015.41","7,020.02","6,994.08","62.63M","0.19%"
"05/10/1999","6,997.13","6,952.86","6,997.35","6,944.25","50.56M","0.55%"
"05/07/1999","6,958.86","6,943.96","6,959.00","6,924.71","68.43M","-0.44%"
"05/06/1999","6,989.30","7,011.98","7,016.58","6,973.81","77.43M","-0.49%"
"05/05/1999","7,023.62","7,025.02","7,025.02","6,968.53","74.33M","-0.44%"
"05/04/1999","7,054.76","7,085.23","7,110.07","7,046.52","79.61M","-0.38%"
"05/03/1999","7,081.97","7,020.11","7,084.05","7,020.11","58.92M","0.96%"
"04/30/1999","7,014.70","7,102.70","7,102.70","6,956.82","79.42M","-1.11%"
"04/29/1999","7,093.33","7,093.03","7,112.02","7,068.48","87.75M","-0.11%"
"04/28/1999","7,101.07","7,062.12","7,115.33","7,062.12","76.32M","0.53%"
"04/27/1999","7,063.29","7,097.98","7,097.98","7,043.57","70.17M","0.16%"
"04/26/1999","7,052.08","7,041.65","7,063.46","7,038.16","62.22M","0.34%"
"04/23/1999","7,028.49","7,009.76","7,034.88","6,992.88","61.16M","0.16%"
"04/22/1999","7,017.01","7,057.72","7,057.72","7,012.02","79.79M","-0.04%"
"04/21/1999","7,019.77","6,931.51","7,020.23","6,931.51","92.48M","1.36%"
"04/20/1999","6,925.28","6,909.98","6,933.88","6,865.51","72.65M","0.25%"
"04/19/1999","6,907.69","7,050.98","7,050.98","6,907.53","11.71M","-1.50%"
"04/16/1999","7,013.23","7,029.26","7,029.26","6,991.88","15.39M","0.33%"
"04/15/1999","6,990.49","6,983.29","6,995.49","6,958.91","3.55M","0.60%"
"04/14/1999","6,948.90","6,973.20","7,001.30","6,943.86","83.46M","0.51%"
"04/13/1999","6,913.30","6,958.28","6,977.74","6,904.38","74.45M","-0.37%"
"04/12/1999","6,938.88","6,819.13","6,943.68","6,819.13","55.95M","0.71%"
"04/09/1999","6,889.77","6,895.67","6,907.15","6,872.17","61.83M","-0.62%"
"04/08/1999","6,932.60","6,800.22","6,932.60","6,796.13","72.16M","2.15%"
"04/07/1999","6,786.73","6,800.15","6,809.75","6,752.15","56.49M","0.27%"
"04/06/1999","6,768.51","6,737.61","6,811.08","6,737.14","71.18M","0.43%"
"04/05/1999","6,739.70","6,662.39","6,739.90","6,662.39","33.46M","1.73%"
"04/01/1999","6,624.81","6,613.09","6,624.81","6,595.75","50.04M","0.41%"
"03/31/1999","6,597.79","6,648.51","6,648.51","6,597.62","76.88M","0.33%"
"03/30/1999","6,575.94","6,617.66","6,647.52","6,575.94","60.86M","-1.15%"
"03/29/1999","6,652.77","6,657.92","6,666.04","6,649.91","54.80M","0.26%"
"03/26/1999","6,635.20","6,566.48","6,635.20","6,566.48","49.37M","0.63%"
"03/25/1999","6,593.52","6,590.94","6,605.55","6,580.18","55.03M","1.01%"
"03/24/1999","6,527.31","6,498.78","6,529.41","6,490.90","60.04M","0.70%"
"03/23/1999","6,482.23","6,558.99","6,558.99","6,477.27","65.81M","-1.73%"
"03/22/1999","6,596.57","6,601.81","6,614.58","6,595.24","55.15M","-0.03%"
"03/19/1999","6,598.82","6,631.29","6,631.29","6,598.82","77.95M","0.19%"
"03/18/1999","6,586.44","6,603.21","6,608.76","6,585.34","90.99M","-0.11%"
"03/17/1999","6,593.82","6,618.06","6,627.22","6,574.98","68.29M","-0.39%"
"03/16/1999","6,619.82","6,634.36","6,639.17","6,607.27","72.62M","0.21%"
"03/15/1999","6,606.00","6,583.94","6,613.04","6,579.50","55.41M","0.67%"
"03/12/1999","6,562.06","6,591.24","6,591.30","6,539.15","59.14M","-0.06%"
"03/11/1999","6,565.75","6,595.75","6,606.62","6,561.35","92.83M","-0.10%"
"03/10/1999","6,572.62","6,529.79","6,572.74","6,523.52","76.85M","1.30%"
"03/09/1999","6,488.37","6,467.04","6,512.79","6,467.04","73.33M","-0.23%"
"03/08/1999","6,503.43","6,445.90","6,503.47","6,439.74","70.64M","1.38%"
"03/05/1999","6,415.11","6,373.43","6,415.41","6,366.84","91.29M","2.34%"
"03/04/1999","6,268.71","6,214.21","6,268.71","6,214.21","71.36M","1.43%"
"03/03/1999","6,180.34","6,230.96","6,230.96","6,157.65","77.68M","-0.72%"
"03/02/1999","6,225.19","6,306.92","6,306.92","6,224.76","73.90M","-1.22%"
"03/01/1999","6,302.22","6,289.61","6,311.34","6,248.32","51.78M","-0.17%"
"02/26/1999","6,312.69","6,299.13","6,329.67","6,263.72","51.61M","0.09%"
"02/25/1999","6,306.70","6,301.30","6,306.72","6,257.51","59.29M","-0.52%"
"02/24/1999","6,339.43","6,479.48","6,486.79","6,338.83","62.46M","-1.79%"
"02/23/1999","6,454.74","6,504.38","6,520.08","6,443.72","58.07M","-0.77%"
"02/22/1999","6,504.55","6,428.93","6,504.74","6,428.93","54.75M","1.48%"
"02/19/1999","6,409.54","6,382.16","6,419.28","6,370.52","66.28M","0.71%"
"02/18/1999","6,364.07","6,354.53","6,369.05","6,333.95","99.58M","0.62%"
"02/17/1999","6,324.67","6,367.64","6,397.68","6,323.27","60.81M","-0.97%"
"02/16/1999","6,386.48","6,472.85","6,473.65","6,380.34","65.99M","-0.95%"
"02/15/1999","6,447.58","6,449.39","6,449.39","6,414.05","25.78M","0.22%"
"02/12/1999","6,433.69","6,458.53","6,462.89","6,420.77","49.12M","-0.88%"
"02/11/1999","6,490.81","6,419.17","6,492.95","6,416.34","60.10M","1.41%"
"02/10/1999","6,400.71","6,435.20","6,435.36","6,394.50","57.91M","-0.67%"
"02/09/1999","6,443.97","6,546.82","6,546.82","6,443.61","77.82M","-2.12%"
"02/08/1999","6,583.77","6,629.39","6,629.39","6,573.58","59.63M","-0.75%"
"02/05/1999","6,633.37","6,628.99","6,635.74","6,618.54","65.57M","-0.42%"
"02/04/1999","6,661.10","6,723.03","6,724.50","6,661.10","67.69M","-0.90%"
"02/03/1999","6,721.51","6,640.76","6,721.51","6,640.76","78.08M","0.56%"
"02/02/1999","6,683.78","6,739.86","6,739.86","6,666.55","72.71M","-1.21%"
"02/01/1999","6,765.44","6,754.76","6,779.39","6,739.59","63.04M","0.53%"
"01/29/1999","6,729.56","6,692.07","6,729.60","6,682.49","92.46M","0.92%"
"01/28/1999","6,668.45","6,687.24","6,699.54","6,668.28","63.69M","0.25%"
"01/27/1999","6,651.71","6,724.89","6,724.89","6,651.71","94.08M","-0.18%"
"01/26/1999","6,663.45","6,639.76","6,667.65","6,628.91","73.07M","0.68%"
"01/25/1999","6,618.48","6,613.77","6,622.71","6,566.27","51.32M","0.37%"
"01/22/1999","6,593.91","6,540.10","6,605.81","6,540.10","75.75M","-0.63%"
"01/21/1999","6,635.76","6,680.41","6,722.18","6,635.76","74.12M","-1.14%"
"01/20/1999","6,712.34","6,765.34","6,765.34","6,712.34","77.76M","-0.69%"
"01/19/1999","6,758.90","6,826.25","6,826.25","6,743.69","61.63M","-0.94%"
"01/18/1999","6,822.82","6,794.45","6,844.94","6,794.45","38.68M","0.94%"
"01/15/1999","6,759.42","6,640.41","6,759.42","6,624.79","56.27M","2.51%"
"01/14/1999","6,594.23","6,671.97","6,676.79","6,575.26","68.02M","-0.57%"
"01/13/1999","6,632.05","6,489.25","6,678.38","6,489.25","66.22M","-1.03%"
"01/12/1999","6,700.83","6,788.85","6,805.41","6,700.56","62.77M","-2.07%"
"01/11/1999","6,842.31","6,859.44","6,877.24","6,828.00","65.23M","-0.39%"
"01/08/1999","6,868.93","6,861.86","6,886.90","6,847.27","88.66M","0.98%"
"01/07/1999","6,802.19","6,734.57","6,821.84","6,734.57","75.22M","-0.05%"
"01/06/1999","6,805.34","6,765.69","6,812.54","6,764.97","89.29M","2.17%"
"01/05/1999","6,660.50","6,563.59","6,682.98","6,563.59","77.48M","1.62%"
"01/04/1999","6,554.30","6,522.18","6,562.95","6,522.18","36.01M","1.05%"
"12/31/1998","6,485.94","6,434.49","6,485.94","6,432.90","27.78M","0.87%"
"12/30/1998","6,430.05","6,461.31","6,468.31","6,430.05","33.66M","-0.65%"
"12/29/1998","6,472.16","6,428.73","6,472.16","6,416.07","32.82M","0.10%"
"12/24/1998","6,465.38","6,434.89","6,465.38","6,434.89","19.91M","0.28%"
"12/23/1998","6,447.19","6,365.81","6,447.19","6,365.81","58.33M","1.15%"
"12/22/1998","6,373.82","6,394.05","6,396.18","6,353.81","64.69M","-0.11%"
"12/21/1998","6,381.00","6,367.73","6,419.86","6,367.73","64.48M","0.44%"
"12/18/1998","6,353.32","6,320.18","6,356.65","6,310.58","78.04M","0.98%"
"12/17/1998","6,291.45","6,281.89","6,291.45","6,259.38","76.15M","0.12%"
"12/16/1998","6,283.83","6,266.23","6,283.83","6,241.04","67.81M","0.76%"
"12/15/1998","6,236.67","6,231.63","6,240.67","6,218.50","72.22M","0.31%"
"12/14/1998","6,217.66","6,205.98","6,217.69","6,169.48","93.40M","-0.66%"
"12/11/1998","6,258.76","6,268.32","6,290.50","6,246.28","67.20M","-0.90%"
"12/10/1998","6,315.65","6,379.55","6,383.52","6,296.64","56.09M","-1.42%"
"12/09/1998","6,406.30","6,417.27","6,419.25","6,391.58","64.86M","0.10%"
"12/08/1998","6,399.77","6,365.08","6,403.32","6,360.67","68.40M","0.52%"
"12/07/1998","6,366.88","6,370.51","6,373.49","6,351.76","56.92M","0.44%"
"12/04/1998","6,339.04","6,360.90","6,369.93","6,330.52","66.91M","0.69%"
"12/03/1998","6,295.83","6,346.07","6,386.25","6,295.83","76.05M","-1.33%"
"12/02/1998","6,380.48","6,432.26","6,432.26","6,352.62","61.98M","-1.19%"
"12/01/1998","6,457.14","6,316.53","6,457.59","6,316.53","72.17M","1.79%"
"11/30/1998","6,343.87","6,435.64","6,435.64","6,343.87","80.76M","-1.92%"
"11/27/1998","6,468.32","6,524.26","6,532.69","6,463.99","48.15M","-1.39%"
"11/26/1998","6,559.78","6,549.93","6,560.06","6,524.47","31.07M","0.51%"
"11/25/1998","6,526.80","6,563.13","6,563.13","6,509.62","63.32M","-0.66%"
"11/24/1998","6,570.27","6,654.89","6,658.94","6,563.10","76.49M","-1.54%"
"11/23/1998","6,672.92","6,601.46","6,672.92","6,601.46","82.79M","2.31%"
"11/20/1998","6,522.26","6,493.98","6,522.86","6,478.29","67.05M","1.28%"
"11/19/1998","6,439.62","6,357.12","6,443.32","6,346.17","69.56M","1.54%"
"11/18/1998","6,342.19","6,337.62","6,364.65","6,330.77","88.69M","0.07%"
"11/17/1998","6,337.78","6,295.36","6,377.13","6,295.36","73.39M","-0.31%"
"11/16/1998","6,357.25","6,394.97","6,394.97","6,335.50","7.77M","0.33%"
"11/13/1998","6,336.09","6,281.27","6,338.05","6,258.43","61.52M","1.28%"
"11/12/1998","6,256.06","6,292.19","6,338.59","6,255.78","66.36M","-0.37%"
"11/11/1998","6,279.28","6,310.38","6,312.46","6,271.04","54.28M","0.34%"
"11/10/1998","6,258.27","6,304.44","6,314.48","6,258.11","61.30M","-1.31%"
"11/09/1998","6,341.39","6,402.32","6,402.32","6,312.38","55.72M","-1.19%"
"11/06/1998","6,417.91","6,411.57","6,424.74","6,409.87","69.75M","0.08%"
"11/05/1998","6,413.02","6,310.16","6,421.73","6,282.27","88.80M","0.74%"
"11/04/1998","6,365.76","6,369.08","6,400.43","6,348.08","140.72K","1.10%"
"11/03/1998","6,296.51","6,289.04","6,313.52","6,261.30","89.17M","-0.30%"
"11/02/1998","6,315.66","6,279.19","6,315.66","6,248.57","80.56M","1.73%"
"10/30/1998","6,208.28","6,163.31","6,242.82","6,163.31","5.77M","1.52%"
"10/29/1998","6,115.41","6,037.76","6,115.82","6,027.06","65.78M","1.35%"
"10/28/1998","6,033.80","5,994.69","6,041.80","5,975.08","70.81M","0.62%"
"10/27/1998","5,996.78","5,997.59","6,034.79","5,969.16","83.38M","1.14%"
"10/26/1998","5,928.97","5,868.92","5,928.97","5,846.30","63.04M","1.49%"
"10/23/1998","5,841.98","5,830.92","5,845.57","5,815.36","60.10M","-0.19%"
"10/22/1998","5,853.06","5,813.32","5,861.66","5,813.32","58.88M","0.08%"
"10/21/1998","5,848.36","5,860.53","5,860.53","5,809.73","70.99M","-0.38%"
"10/20/1998","5,870.71","5,890.89","5,932.92","5,858.21","77.53M","0.66%"
"10/19/1998","5,832.26","5,867.98","5,894.81","5,830.54","56.59M","-0.81%"
"10/16/1998","5,880.10","5,917.03","5,917.03","5,848.50","84.84M","0.27%"
"10/15/1998","5,863.99","5,617.34","5,865.76","5,617.34","91.05M","4.79%"
"10/14/1998","5,595.68","5,522.30","5,642.74","5,515.09","77.07M","0.92%"
"10/13/1998","5,544.93","5,497.41","5,544.93","5,496.85","65.58M","1.15%"
"10/09/1998","5,481.84","5,399.42","5,481.84","5,364.80","59.52M","1.48%"
"10/08/1998","5,401.64","5,343.79","5,401.64","5,334.32","76.65M","-1.13%"
"10/07/1998","5,463.38","5,400.75","5,463.50","5,400.75","76.81M","1.21%"
"10/06/1998","5,398.12","5,418.06","5,418.06","5,336.23","78.77M","1.16%"
"10/05/1998","5,336.15","5,459.67","5,459.67","5,325.79","61.45M","-3.28%"
"10/02/1998","5,517.13","5,480.35","5,517.68","5,415.18","83.89M","1.46%"
"10/01/1998","5,437.98","5,533.45","5,535.85","5,425.18","79.76M","-3.14%"
"09/30/1998","5,614.12","5,705.71","5,705.71","5,591.18","85.74M","-2.57%"
"09/29/1998","5,762.10","5,867.67","5,867.67","5,718.67","75.80M","-1.83%"
"09/28/1998","5,869.28","5,883.44","5,891.19","5,843.91","47.91M","0.40%"
"09/25/1998","5,845.72","5,814.67","5,887.98","5,814.67","71.00M","-0.79%"
"09/24/1998","5,892.37","5,978.95","5,995.92","5,885.08","74.29M","-2.04%"
"09/23/1998","6,015.06","5,877.71","6,015.09","5,870.16","75.40M","3.30%"
"09/22/1998","5,822.66","5,814.09","5,822.66","5,775.61","55.52M","0.84%"
"09/21/1998","5,774.33","5,641.73","5,774.33","5,641.73","43.95M","0.05%"
"09/18/1998","5,771.40","5,718.63","5,774.51","5,694.78","59.75M","0.80%"
"09/17/1998","5,725.64","5,748.44","5,797.70","5,723.58","57.89M","-3.05%"
"09/16/1998","5,906.05","5,870.13","5,929.66","5,857.29","59.39M","0.84%"
"09/15/1998","5,857.04","5,892.82","5,945.93","5,848.98","67.01M","-0.38%"
"09/14/1998","5,879.40","5,974.16","5,974.16","5,879.40","55.66M","-0.17%"
"09/11/1998","5,889.44","5,759.29","5,891.57","5,759.29","76.99M","1.60%"
"09/10/1998","5,796.77","5,771.90","5,796.77","5,731.46","78.95M","-1.28%"
"09/09/1998","5,871.78","5,953.46","5,977.39","5,853.43","71.60M","-1.76%"
"09/08/1998","5,977.05","5,919.36","5,999.78","5,905.40","76.85M","4.08%"
"09/04/1998","5,742.51","5,750.04","5,780.64","5,724.47","81.39M","0.55%"
"09/03/1998","5,711.18","5,570.27","5,723.38","5,570.27","89.91M","0.51%"
"09/02/1998","5,682.48","5,588.78","5,794.71","5,588.78","91.24M","2.61%"
"09/01/1998","5,538.10","5,566.40","5,609.14","5,419.93","90.65M","0.13%"
"08/31/1998","5,530.71","5,815.45","5,815.45","5,530.64","62.05M","-4.09%"
"08/28/1998","5,766.31","5,840.60","5,847.16","5,714.24","74.31M","-0.57%"
"08/27/1998","5,799.46","5,967.73","5,967.73","5,647.93","321.27K","-6.04%"
"08/26/1998","6,172.30","6,185.54","6,209.60","6,166.53","71.16M","-1.34%"
"08/25/1998","6,256.01","6,318.30","6,329.40","6,252.39","57.91M","0.11%"
"08/24/1998","6,248.85","6,315.24","6,322.68","6,232.79","50.62M","-0.72%"
"08/21/1998","6,294.28","6,325.20","6,325.20","6,232.80","61.90M","-1.97%"
"08/20/1998","6,421.01","6,491.76","6,527.18","6,420.17","55.39M","-1.39%"
"08/19/1998","6,511.81","6,565.32","6,571.13","6,511.81","64.44M","-0.09%"
"08/18/1998","6,517.68","6,460.13","6,535.79","6,460.13","56.04M","1.77%"
"08/17/1998","6,404.48","6,268.52","6,404.48","6,268.52","52.78M","1.70%"
"08/14/1998","6,297.51","6,419.33","6,419.33","6,284.66","50.70M","-0.75%"
"08/13/1998","6,345.22","6,510.27","6,510.27","6,345.19","66.56M","-2.31%"
"08/12/1998","6,495.35","6,414.11","6,495.35","6,405.90","96.95M","2.89%"
"08/11/1998","6,312.92","6,346.54","6,346.54","6,240.25","69.35M","-3.23%"
"08/10/1998","6,523.70","6,613.24","6,613.24","6,523.70","42.27M","-1.77%"
"08/07/1998","6,641.09","6,606.82","6,641.09","6,595.05","73.03M","-0.52%"
"08/06/1998","6,675.83","6,719.30","6,719.30","6,658.77","56.02M","-0.82%"
"08/05/1998","6,730.98","6,647.31","6,741.46","6,647.31","60.48M","0.40%"
"08/04/1998","6,704.33","6,910.04","6,910.04","6,704.23","64.45M","-3.28%"
"07/31/1998","6,931.43","7,051.42","7,069.14","6,931.43","44.85M","-1.63%"
"07/30/1998","7,045.96","7,036.95","7,051.33","7,017.96","55.41M","0.66%"
"07/29/1998","7,000.06","7,092.57","7,092.57","6,999.83","52.83M","-0.96%"
"07/28/1998","7,067.84","7,132.41","7,132.41","7,035.29","62.39M","-1.02%"
"07/27/1998","7,140.62","7,133.94","7,140.62","7,078.84","42.95M","-0.42%"
"07/24/1998","7,170.58","7,281.15","7,281.15","7,170.47","51.59M","-0.79%"
"07/23/1998","7,227.38","7,331.90","7,331.90","7,227.38","44.74M","-1.67%"
"07/22/1998","7,349.89","7,393.58","7,395.50","7,341.30","51.18M","-0.80%"
"07/21/1998","7,409.43","7,448.11","7,476.85","7,396.39","51.97M","-0.31%"
"07/20/1998","7,432.66","7,441.33","7,452.43","7,423.85","54.58M","0.19%"
"07/17/1998","7,418.31","7,423.19","7,436.57","7,417.41","47.55M","0.17%"
"07/16/1998","7,405.82","7,391.55","7,412.68","7,389.64","53.84M","0.24%"
"07/15/1998","7,388.13","7,413.39","7,422.23","7,388.13","62.81M","0.01%"
"07/14/1998","7,387.06","7,371.74","7,387.06","7,364.66","66.09M","0.52%"
"07/13/1998","7,348.94","7,382.85","7,382.85","7,342.09","53.99M","-0.55%"
"07/10/1998","7,389.72","7,407.02","7,407.02","7,363.53","59.45M","-0.32%"
"07/09/1998","7,413.15","7,449.67","7,449.67","7,400.03","58.09M","-0.51%"
"07/08/1998","7,451.27","7,460.50","7,460.50","7,423.60","68.03M","-0.04%"
"07/07/1998","7,454.60","7,445.09","7,469.87","7,443.48","79.76M","0.27%"
"07/06/1998","7,434.47","7,373.60","7,434.47","7,373.60","39.55M","0.69%"
"07/03/1998","7,383.71","7,373.09","7,383.71","7,371.27","16.11M","0.18%"
"07/02/1998","7,370.55","7,380.64","7,390.63","7,358.94","64.47M","0.05%"
"06/30/1998","7,366.89","7,408.61","7,417.36","7,354.53","67.70M","-0.57%"
"06/29/1998","7,409.38","7,384.72","7,423.91","7,384.72","47.05M","0.96%"
"06/26/1998","7,338.66","7,321.29","7,339.68","7,309.88","66.92M","0.33%"
"06/25/1998","7,314.72","7,299.14","7,335.52","7,299.14","5.92M","0.69%"
"06/24/1998","7,264.40","7,190.36","7,264.47","7,177.29","74.09M","1.24%"
"06/23/1998","7,175.23","7,168.63","7,175.23","7,143.20","60.11M","0.53%"
"06/22/1998","7,137.52","7,141.23","7,160.05","7,110.95","60.53M","-0.22%"
"06/19/1998","7,153.39","7,183.27","7,183.27","7,137.54","97.94M","0.21%"
"06/18/1998","7,138.27","7,187.72","7,187.72","7,138.27","62.27M","-0.79%"
"06/17/1998","7,195.08","7,197.48","7,249.39","7,188.65","86.27M","0.72%"
"06/16/1998","7,143.71","7,131.70","7,158.77","7,120.69","73.00M","0.55%"
"06/15/1998","7,104.52","7,196.56","7,196.56","7,104.52","63.31M","-2.82%"
"06/12/1998","7,310.92","7,269.37","7,311.95","7,175.88","63.33M","0.21%"
"06/11/1998","7,295.76","7,422.78","7,422.78","7,283.99","54.12M","-1.86%"
"06/10/1998","7,433.76","7,507.07","7,507.07","7,433.76","48.12M","-1.35%"
"06/09/1998","7,535.43","7,567.10","7,570.84","7,532.23","61.42M","-0.29%"
"06/08/1998","7,557.19","7,516.34","7,566.83","7,516.34","48.30M","0.65%"
"06/05/1998","7,508.23","7,501.57","7,508.23","7,483.61","56.62M","0.31%"
"06/04/1998","7,485.39","7,485.90","7,485.90","7,457.88","67.15M","-0.10%"
"06/03/1998","7,493.24","7,543.50","7,543.50","7,486.06","69.40M","-0.54%"
"06/02/1998","7,534.01","7,551.60","7,551.60","7,511.74","75.66M","0.29%"
"06/01/1998","7,512.55","7,558.93","7,561.97","7,502.30","59.82M","-1.02%"
"05/29/1998","7,589.78","7,624.76","7,624.76","7,589.78","59.45M","0.13%"
"05/28/1998","7,579.62","7,517.34","7,582.65","7,510.92","57.48M","0.49%"
"05/27/1998","7,542.87","7,546.64","7,561.28","7,447.04","67.76M","-1.09%"
"05/26/1998","7,625.96","7,778.01","7,778.01","7,625.96","75.24M","-1.83%"
"05/25/1998","7,768.15","7,729.18","7,768.31","7,728.05","24.08M","0.56%"
"05/22/1998","7,725.15","7,724.81","7,728.55","7,703.86","54.73M","0.09%"
"05/21/1998","7,718.23","7,718.23","7,718.23","7,718.23","53.13M","0.30%"
"05/20/1998","7,695.40","7,677.03","7,695.40","7,662.77","64.67M","0.43%"
"05/19/1998","7,662.38","7,676.62","7,676.88","7,652.10","41.27M","-0.28%"
"05/15/1998","7,684.02","7,689.80","7,694.10","7,666.36","46.87M","0.08%"
"05/14/1998","7,677.86","7,677.79","7,706.12","7,677.79","50.02M","-0.38%"
"05/13/1998","7,707.49","7,728.70","7,728.70","7,689.37","64.66M","-0.13%"
"05/12/1998","7,717.70","7,710.14","7,721.30","7,684.87","56.66M","-0.04%"
"05/11/1998","7,720.70","7,735.22","7,750.75","7,716.75","46.40M","0.28%"
"05/08/1998","7,699.24","7,670.61","7,699.24","7,655.91","45.38M","1.14%"
"05/07/1998","7,612.52","7,646.64","7,646.64","7,605.79","49.42M","-0.86%"
"05/06/1998","7,678.69","7,693.23","7,693.23","7,676.43","56.27M","-0.54%"
"05/05/1998","7,720.12","7,708.28","7,720.12","7,694.76","56.05M","-0.22%"
"05/04/1998","7,737.30","7,736.17","7,751.71","7,727.10","50.74M","0.46%"
"05/01/1998","7,702.11","7,706.14","7,706.14","7,669.74","55.00M","0.48%"
"04/30/1998","7,664.99","7,663.79","7,716.30","7,663.79","66.73M","0.73%"
"04/29/1998","7,609.53","7,601.60","7,611.28","7,576.44","63.29M","0.55%"
"04/28/1998","7,567.67","7,615.07","7,616.18","7,559.51","66.58M","0.04%"
"04/27/1998","7,564.77","7,569.80","7,569.80","7,514.11","50.58M","-1.80%"
"04/24/1998","7,703.24","7,773.69","7,775.90","7,676.66","62.49M","-1.45%"
"04/23/1998","7,816.40","7,835.75","7,835.75","7,806.13","77.79M","-0.07%"
"04/22/1998","7,822.25","7,797.33","7,822.25","7,786.18","79.04M","0.73%"
"04/21/1998","7,765.52","7,731.57","7,791.06","7,731.57","76.09M","0.14%"
"04/20/1998","7,754.36","7,745.63","7,760.61","7,743.94","58.72M","-0.13%"
"04/17/1998","7,764.75","7,802.72","7,802.72","7,747.14","63.08M","-0.50%"
"04/16/1998","7,803.91","7,769.80","7,828.00","7,765.88","68.26M","-0.18%"
"04/15/1998","7,817.65","7,829.03","7,829.03","7,765.78","78.90M","0.48%"
"04/14/1998","7,780.53","7,679.37","7,780.53","7,679.37","74.13M","1.63%"
"04/13/1998","7,655.42","7,641.80","7,673.73","7,618.49","46.97M","0.46%"
"04/09/1998","7,620.64","7,597.14","7,621.00","7,591.43","73.07M","0.65%"
"04/08/1998","7,571.14","7,571.08","7,576.94","7,550.72","77.96M","-0.11%"
"04/07/1998","7,579.79","7,636.63","7,637.61","7,572.37","70.36M","-0.86%"
"04/06/1998","7,645.81","7,669.90","7,681.20","7,645.81","76.80M","0.43%"
"04/03/1998","7,612.73","7,575.86","7,612.73","7,572.60","90.07M","0.92%"
"04/02/1998","7,543.40","7,519.56","7,543.40","7,503.60","66.97M","0.21%"
"04/01/1998","7,527.86","7,549.74","7,549.74","7,511.37","70.15M","-0.41%"
"03/31/1998","7,558.50","7,595.69","7,595.69","7,553.15","63.63M","-0.12%"
"03/30/1998","7,567.91","7,630.45","7,630.45","7,565.55","52.13M","-0.72%"
"03/27/1998","7,622.53","7,614.08","7,623.92","7,601.22","59.30M","0.70%"
"03/26/1998","7,569.31","7,569.47","7,597.15","7,555.46","73.61M","-0.13%"
"03/25/1998","7,579.22","7,596.68","7,607.21","7,540.88","78.04M","0.37%"
"03/24/1998","7,551.23","7,526.22","7,551.23","7,513.23","64.96M","0.55%"
"03/23/1998","7,510.24","7,444.24","7,517.24","7,441.87","68.98M","1.31%"
"03/20/1998","7,412.84","7,422.55","7,431.78","7,410.34","64.77M","0.41%"
"03/19/1998","7,382.22","7,441.88","7,444.34","7,380.80","85.65M","-0.60%"
"03/18/1998","7,426.76","7,414.61","7,439.69","7,409.92","59.55M","-0.18%"
"03/17/1998","7,440.37","7,423.06","7,440.37","7,401.07","57.05M","0.17%"
"03/16/1998","7,427.88","7,419.83","7,436.35","7,413.96","53.57M","0.58%"
"03/13/1998","7,385.06","7,446.79","7,468.76","7,385.06","66.23M","-0.23%"
"03/12/1998","7,402.29","7,360.39","7,408.50","7,333.30","71.19M","0.77%"
"03/11/1998","7,345.84","7,308.92","7,346.33","7,308.92","86.09M","0.68%"
"03/10/1998","7,295.99","7,262.14","7,298.97","7,262.14","74.29M","0.94%"
"03/09/1998","7,228.06","7,188.88","7,228.06","7,188.88","73.33M","0.59%"
"03/06/1998","7,185.61","7,162.94","7,185.61","7,159.34","61.98M","0.81%"
"03/05/1998","7,127.74","7,083.97","7,135.37","7,079.70","64.72M","-0.21%"
"03/04/1998","7,142.78","7,111.17","7,143.09","7,101.24","66.01M","0.07%"
"03/03/1998","7,137.93","7,095.81","7,137.93","7,070.31","65.46M","0.35%"
"03/02/1998","7,113.10","7,106.87","7,136.21","7,094.63","55.99M","0.29%"
"02/27/1998","7,092.49","7,110.27","7,131.54","7,089.70","72.10M","0.07%"
"02/26/1998","7,087.67","7,007.69","7,087.67","7,007.69","80.72M","1.22%"
"02/25/1998","7,002.10","6,970.94","7,009.45","6,969.64","81.86M","0.78%"
"02/24/1998","6,948.25","6,916.53","6,948.43","6,915.34","67.41M","0.09%"
"02/23/1998","6,942.19","6,931.87","6,942.66","6,907.62","59.82M","0.31%"
"02/20/1998","6,920.74","6,884.62","6,921.26","6,865.56","55.53M","0.50%"
"02/19/1998","6,886.26","6,934.70","6,934.70","6,884.90","75.23M","-0.83%"
"02/18/1998","6,944.21","6,938.46","6,949.25","6,933.86","72.08M","-0.23%"
"02/17/1998","6,960.46","7,022.00","7,029.48","6,960.46","76.69M","-0.35%"
"02/16/1998","6,985.16","6,965.48","6,985.16","6,965.48","26.46M","0.19%"
"02/13/1998","6,972.01","6,974.28","6,988.73","6,962.01","64.57M","-0.12%"
"02/12/1998","6,980.68","6,919.02","6,989.25","6,905.10","71.99M","0.52%"
"02/11/1998","6,944.78","6,897.17","6,944.78","6,897.17","65.40M","0.92%"
"02/10/1998","6,881.49","6,850.90","6,889.69","6,847.62","65.36M","0.51%"
"02/09/1998","6,846.86","6,865.43","6,867.97","6,845.86","61.38M","-0.00%"
"02/06/1998","6,847.13","6,817.65","6,847.13","6,817.65","59.62M","0.47%"
"02/05/1998","6,814.96","6,806.34","6,814.96","6,779.24","84.23M","0.77%"
"02/04/1998","6,762.63","6,747.24","6,807.18","6,747.24","73.92M","-0.16%"
"02/03/1998","6,773.45","6,738.68","6,773.45","6,738.68","88.58M","0.03%"
"02/02/1998","6,771.38","6,769.44","6,797.32","6,756.46","56.05M","1.06%"
"01/30/1998","6,700.20","6,675.81","6,700.20","6,656.80","65.81M","-0.28%"
"01/29/1998","6,718.98","6,713.20","6,732.70","6,698.64","88.33M","-0.18%"
"01/28/1998","6,731.07","6,739.08","6,751.71","6,709.22","93.21M","0.14%"
"01/27/1998","6,721.72","6,603.63","6,723.26","6,603.63","88.28M","2.11%"
"01/26/1998","6,583.14","6,519.74","6,585.25","6,519.74","2.25M","1.42%"
"01/23/1998","6,490.99","6,432.56","6,536.81","6,401.30","88.39M","1.63%"
"01/22/1998","6,387.16","6,459.88","6,459.99","6,381.48","67.86M","-1.65%"
"01/21/1998","6,494.57","6,492.00","6,500.13","6,474.18","72.04M","-0.23%"
"01/20/1998","6,509.45","6,493.98","6,509.45","6,469.03","70.04M","0.52%"
"01/19/1998","6,475.61","6,436.87","6,475.61","6,436.87","36.75M","0.89%"
"01/16/1998","6,418.68","6,392.35","6,418.68","6,355.09","86.26M","1.45%"
"01/15/1998","6,327.01","6,329.15","6,332.30","6,311.12","59.55M","-0.38%"
"01/14/1998","6,351.13","6,364.08","6,368.51","6,326.20","60.92M","0.34%"
"01/13/1998","6,329.59","6,310.83","6,329.59","6,294.01","64.19M","1.44%"
"01/12/1998","6,239.96","6,066.69","6,239.96","6,066.69","65.04M","-0.52%"
"01/09/1998","6,272.43","6,453.48","6,453.48","6,255.07","72.30M","-3.36%"
"01/08/1998","6,490.67","6,539.04","6,543.18","6,490.67","69.18M","-1.52%"
"01/07/1998","6,590.61","6,637.22","6,641.85","6,574.62","78.04M","-0.99%"
"01/06/1998","6,656.26","6,708.87","6,708.87","6,655.66","65.59M","-1.27%"
"01/05/1998","6,742.10","6,713.77","6,755.85","6,713.77","52.67M","0.46%"
"01/02/1998","6,711.38","6,708.85","6,711.38","6,665.44","14.61M","0.18%"
"12/31/1997","6,699.44","6,674.39","6,714.97","6,670.49","26.89M","0.12%"
"12/30/1997","6,691.21","6,675.75","6,691.21","6,659.50","31.64M","0.62%"
"12/29/1997","6,649.96","6,578.92","6,649.96","6,578.92","36.14M","1.69%"
"12/24/1997","6,539.50","6,557.90","6,557.90","6,530.86","32.78M","-0.21%"
"12/23/1997","6,553.05","6,575.04","6,583.12","6,550.38","50.56M","-0.64%"
"12/22/1997","6,595.53","6,560.02","6,595.53","6,560.02","39.99M","0.92%"
"12/19/1997","6,535.34","6,545.91","6,545.91","6,464.98","75.42M","-0.90%"
"12/18/1997","6,594.94","6,634.92","6,639.74","6,588.41","71.73M","-0.46%"
"12/17/1997","6,625.49","6,595.23","6,630.21","6,578.18","53.58M","0.88%"
"12/16/1997","6,567.43","6,600.13","6,612.97","6,558.88","66.84M","-0.26%"
"12/15/1997","6,584.70","6,640.69","6,640.69","6,578.32","67.54M","-0.86%"
"12/12/1997","6,641.89","6,640.66","6,641.95","6,591.21","66.38M","-0.05%"
"12/11/1997","6,644.93","6,686.47","6,686.47","6,631.42","72.32M","-1.62%"
"12/10/1997","6,754.53","6,771.23","6,789.49","6,725.03","64.64M","-0.18%"
"12/09/1997","6,766.99","6,767.41","6,809.57","6,766.90","63.64M","-0.31%"
"12/08/1997","6,787.71","6,766.27","6,801.40","6,766.27","50.98M","0.94%"
"12/05/1997","6,724.37","6,634.99","6,725.22","6,634.99","61.34M","0.93%"
"12/04/1997","6,662.31","6,689.59","6,705.62","6,662.31","59.35M","-0.28%"
"12/03/1997","6,681.15","6,664.01","6,681.75","6,632.81","68.91M","0.21%"
"12/02/1997","6,667.46","6,647.79","6,698.53","6,647.79","83.30M","0.66%"
"12/01/1997","6,623.87","6,537.92","6,623.87","6,537.92","59.59M","1.71%"
"11/28/1997","6,512.78","6,468.55","6,512.78","6,468.55","51.24M","0.97%"
"11/27/1997","6,449.96","6,492.38","6,492.38","6,426.88","29.52M","-0.85%"
"11/26/1997","6,505.37","6,636.35","6,636.35","6,493.53","74.89M","-1.89%"
"11/25/1997","6,630.52","6,725.87","6,725.87","6,622.07","70.10M","-1.40%"
"11/24/1997","6,724.57","6,750.14","6,756.50","6,712.97","55.69M","-0.73%"
"11/21/1997","6,773.93","6,778.65","6,792.04","6,754.94","68.93M","0.15%"
"11/20/1997","6,763.93","6,752.54","6,767.76","6,748.96","65.65M","0.66%"
"11/19/1997","6,719.29","6,731.74","6,735.67","6,708.28","65.19M","-0.49%"
"11/18/1997","6,752.23","6,798.42","6,812.78","6,745.21","87.87M","-0.68%"
"11/17/1997","6,798.59","6,800.10","6,807.14","6,792.72","98.03M","1.08%"
"11/14/1997","6,726.18","6,690.06","6,726.18","6,657.12","50.08M","0.35%"
"11/13/1997","6,702.75","6,691.15","6,704.36","6,618.27","65.18M","0.82%"
"11/12/1997","6,648.16","6,750.94","6,750.94","6,648.16","63.72M","-2.04%"
"11/11/1997","6,786.52","6,830.34","6,830.35","6,786.52","55.26M","-0.48%"
"11/10/1997","6,819.03","6,902.35","6,905.80","6,818.42","50.48M","-0.48%"
"11/07/1997","6,851.74","6,859.76","6,887.47","6,838.54","58.16M","-1.58%"
"11/06/1997","6,961.53","6,957.74","6,986.71","6,957.74","70.07M","-0.22%"
"11/05/1997","6,976.63","6,948.57","6,984.84","6,939.77","69.65M","0.72%"
"11/04/1997","6,927.06","6,922.67","6,934.83","6,911.05","57.20M","-0.27%"
"11/03/1997","6,945.83","6,919.60","6,945.83","6,919.60","58.17M","1.51%"
"10/31/1997","6,842.36","6,843.38","6,843.38","6,800.98","69.48M","0.87%"
"10/30/1997","6,783.68","6,763.63","6,836.08","6,763.63","67.34M","-0.90%"
"10/29/1997","6,844.99","6,839.55","6,894.92","6,827.16","72.43M","1.61%"
"10/28/1997","6,736.31","6,355.20","6,736.62","6,355.20","8.40M","2.08%"
"10/27/1997","6,599.24","6,965.94","6,965.94","6,599.24","63.00M","-6.17%"
"10/24/1997","7,033.49","7,108.73","7,108.73","7,031.51","67.62M","-0.57%"
"10/23/1997","7,073.80","7,053.11","7,091.97","7,046.41","59.39M","-1.26%"
"10/22/1997","7,163.76","7,131.24","7,163.76","7,124.31","60.94M","0.37%"
"10/21/1997","7,137.27","7,104.08","7,137.27","7,086.82","64.99M","0.87%"
"10/20/1997","7,075.43","7,032.10","7,075.43","7,019.39","35.97M","0.55%"
"10/17/1997","7,036.50","7,062.61","7,062.61","6,993.11","52.52M","-0.78%"
"10/16/1997","7,092.12","7,158.63","7,165.46","7,082.34","59.93M","-0.52%"
"10/15/1997","7,128.90","7,131.18","7,151.47","7,128.90","49.74M","-0.56%"
"10/14/1997","7,168.77","7,166.90","7,168.84","7,133.98","43.06M","0.82%"
"10/10/1997","7,110.41","7,102.11","7,110.41","7,095.00","40.53M","-0.31%"
"10/09/1997","7,132.54","7,141.07","7,155.50","7,128.38","59.86M","-0.85%"
"10/08/1997","7,193.50","7,223.42","7,223.42","7,167.44","59.06M","-0.23%"
"10/07/1997","7,209.93","7,192.33","7,210.94","7,192.33","62.16M","0.58%"
"10/06/1997","7,168.38","7,106.80","7,168.38","7,106.80","52.09M","1.08%"
"10/03/1997","7,091.87","7,129.06","7,129.06","7,075.92","65.00M","0.52%"
"10/02/1997","7,055.52","7,067.38","7,072.23","7,053.86","57.32M","0.16%"
"10/01/1997","7,044.59","7,070.67","7,071.01","7,038.64","65.96M","0.06%"
"09/30/1997","7,040.23","7,032.77","7,068.58","7,032.77","75.71M","0.40%"
"09/29/1997","7,012.46","6,969.50","7,012.46","6,969.50","52.82M","0.52%"
"09/26/1997","6,975.88","6,989.40","6,992.08","6,954.72","61.08M","0.00%"
"09/25/1997","6,975.72","6,992.79","7,014.18","6,968.76","93.49M","-0.51%"
"09/24/1997","7,011.82","7,016.65","7,035.90","7,004.89","30.29M","-0.03%"
"09/23/1997","7,014.23","7,005.52","7,014.23","6,998.25","61.97M","-0.01%"
"09/22/1997","7,015.10","7,002.20","7,015.45","6,999.58","47.44M","0.46%"
"09/19/1997","6,982.70","6,958.57","6,982.70","6,958.57","68.24M","0.18%"
"09/18/1997","6,970.29","6,923.29","6,998.47","6,923.29","75.68M","1.05%"
"09/17/1997","6,898.09","6,886.41","6,906.04","6,884.24","64.81M","0.48%"
"09/16/1997","6,865.25","6,827.56","6,867.30","6,821.19","73.04M","1.14%"
"09/15/1997","6,787.89","6,775.79","6,796.42","6,769.40","45.29M","0.32%"
"09/12/1997","6,766.10","6,760.74","6,766.10","6,726.82","55.27M","0.36%"
"09/11/1997","6,741.87","6,740.24","6,743.25","6,705.84","61.63M","-0.41%"
"09/10/1997","6,769.46","6,790.74","6,798.94","6,766.91","78.32M","-0.44%"
"09/09/1997","6,799.52","6,757.70","6,799.69","6,757.64","56.81M","0.52%"
"09/08/1997","6,764.08","6,758.54","6,774.36","6,756.69","52.88M","0.31%"
"09/05/1997","6,743.22","6,749.61","6,750.09","6,723.09","48.84M","0.31%"
"09/04/1997","6,722.06","6,709.96","6,734.59","6,709.96","60.00M","0.27%"
"09/03/1997","6,704.16","6,698.98","6,719.74","6,695.86","55.64M","0.46%"
"09/02/1997","6,673.25","6,618.25","6,676.85","6,618.25","57.54M","0.93%"
"08/29/1997","6,611.79","6,623.77","6,623.77","6,599.28","37.12M","-0.32%"
"08/28/1997","6,632.95","6,659.93","6,659.93","6,622.26","50.14M","-0.62%"
"08/27/1997","6,674.17","6,698.63","6,698.63","6,645.93","52.78M","-0.35%"
"08/26/1997","6,697.91","6,728.94","6,742.82","6,696.03","50.34M","-0.52%"
"08/25/1997","6,732.91","6,722.31","6,752.56","6,721.40","36.69M","0.34%"
"08/22/1997","6,709.78","6,647.65","6,709.78","6,644.47","47.21M","-0.34%"
"08/21/1997","6,732.97","6,781.79","6,782.26","6,726.65","73.50M","-0.59%"
"08/20/1997","6,773.13","6,699.50","6,773.13","6,699.50","80.76M","0.85%"
"08/19/1997","6,715.88","6,687.12","6,731.23","6,683.64","62.91M","0.91%"
"08/18/1997","6,655.32","6,664.00","6,677.04","6,582.16","46.80M","-0.59%"
"08/15/1997","6,695.09","6,733.12","6,733.12","6,695.09","40.11M","-1.06%"
"08/14/1997","6,766.85","6,806.87","6,806.87","6,760.37","69.77M","-0.36%"
"08/13/1997","6,791.02","6,837.23","6,837.23","6,757.12","59.55M","-0.26%"
"08/12/1997","6,808.50","6,851.96","6,856.71","6,808.50","61.48M","-0.47%"
"08/11/1997","6,840.37","6,882.69","6,882.69","6,815.32","55.71M","-0.79%"
"08/08/1997","6,895.15","6,888.86","6,910.66","6,859.13","48.44M","-0.72%"
"08/07/1997","6,945.07","6,960.06","6,964.08","6,942.79","56.49M","0.16%"
"08/06/1997","6,933.70","6,893.45","6,941.81","6,893.45","51.44M","0.44%"
"08/05/1997","6,903.08","6,876.85","6,904.41","6,858.55","48.40M","0.76%"
"08/01/1997","6,851.14","6,877.30","6,877.30","6,811.21","52.44M","-0.39%"
"07/31/1997","6,877.68","6,872.09","6,881.94","6,857.03","69.75M","0.40%"
"07/30/1997","6,850.57","6,818.77","6,850.63","6,818.77","92.14M","0.73%"
"07/29/1997","6,801.17","6,776.68","6,801.17","6,776.68","61.82M","0.13%"
"07/28/1997","6,792.31","6,786.29","6,814.47","6,786.29","57.04M","0.18%"
"07/25/1997","6,780.27","6,793.22","6,803.71","6,773.66","51.42M","-0.07%"
"07/24/1997","6,785.15","6,780.28","6,787.37","6,753.07","61.74M","0.30%"
"07/23/1997","6,765.16","6,761.30","6,767.14","6,743.94","62.13M","0.76%"
"07/22/1997","6,714.25","6,673.33","6,714.25","6,668.16","61.79M","1.01%"
"07/21/1997","6,647.39","6,697.30","6,697.30","6,641.24","38.88M","-1.35%"
"07/18/1997","6,738.19","6,739.93","6,751.75","6,700.10","48.54M","-0.25%"
"07/17/1997","6,755.13","6,744.55","6,765.09","6,738.92","61.03M","0.15%"
"07/16/1997","6,744.81","6,705.84","6,746.18","6,698.07","64.23M","1.34%"
"07/15/1997","6,655.93","6,644.94","6,655.93","6,616.28","56.57M","0.25%"
"07/14/1997","6,639.60","6,639.78","6,650.72","6,624.04","52.68M","0.20%"
"07/11/1997","6,626.40","6,600.93","6,633.08","6,600.93","56.89M","0.51%"
"07/10/1997","6,592.92","6,583.91","6,596.56","6,569.31","62.88M","0.28%"
"07/09/1997","6,574.61","6,596.04","6,607.09","6,559.92","68.30M","-0.09%"
"07/08/1997","6,580.84","6,540.61","6,581.87","6,532.78","59.81M","0.79%"
"07/07/1997","6,529.12","6,562.61","6,570.83","6,525.48","61.38M","-0.86%"
"07/04/1997","6,585.44","6,578.32","6,585.57","6,559.74","44.68M","-0.04%"
"07/03/1997","6,588.04","6,610.08","6,615.35","6,578.43","54.87M","0.60%"
"07/02/1997","6,549.04","6,471.45","6,549.04","6,471.45","54.37M","1.73%"
"06/30/1997","6,437.74","6,432.55","6,437.74","6,404.94","25.44M","0.18%"
"06/27/1997","6,426.40","6,448.82","6,448.82","6,423.89","65.16M","-0.42%"
"06/26/1997","6,453.65","6,486.79","6,495.22","6,449.34","60.55M","-0.94%"
"06/25/1997","6,515.08","6,515.68","6,533.84","6,493.49","65.10M","0.37%"
"06/24/1997","6,490.96","6,463.46","6,490.96","6,449.08","54.38M","0.83%"
"06/23/1997","6,437.71","6,491.91","6,510.56","6,437.71","52.38M","-1.13%"
"06/20/1997","6,511.43","6,523.21","6,528.72","6,508.84","55.51M","-0.02%"
"06/19/1997","6,512.71","6,524.21","6,534.81","6,512.71","64.52M","0.22%"
"06/18/1997","6,498.14","6,511.84","6,522.30","6,498.14","50.08M","-0.52%"
"06/17/1997","6,532.34","6,523.92","6,543.34","6,517.03","49.24M","-0.08%"
"06/16/1997","6,537.47","6,557.03","6,557.03","6,537.47","48.13M","-0.20%"
"06/13/1997","6,550.61","6,527.76","6,554.12","6,527.76","61.47M","0.54%"
"06/12/1997","6,515.61","6,467.77","6,515.61","6,467.77","55.44M","0.87%"
"06/11/1997","6,459.51","6,465.94","6,471.16","6,453.32","55.18M","-0.21%"
"06/10/1997","6,473.04","6,480.88","6,487.69","6,458.94","71.94M","0.09%"
"06/09/1997","6,467.41","6,501.87","6,507.08","6,464.49","53.46M","-0.38%"
"06/06/1997","6,492.10","6,463.07","6,498.52","6,460.99","56.80M","0.66%"
"06/05/1997","6,449.48","6,437.81","6,474.59","6,437.81","56.90M","0.32%"
"06/04/1997","6,428.62","6,423.70","6,444.26","6,423.70","59.72M","-0.06%"
"06/03/1997","6,432.72","6,409.80","6,437.44","6,409.34","50.70M","0.42%"
"06/02/1997","6,406.08","6,403.39","6,409.55","6,388.77","37.36M","0.38%"
"05/30/1997","6,382.12","6,316.04","6,383.72","6,316.04","53.87M","0.19%"
"05/29/1997","6,370.33","6,390.85","6,390.85","6,363.33","43.55M","-0.29%"
"05/28/1997","6,389.03","6,440.01","6,440.01","6,377.84","48.58M","-0.83%"
"05/27/1997","6,442.54","6,459.09","6,459.09","6,420.67","55.75M","-0.75%"
"05/26/1997","6,491.13","6,440.62","6,491.13","6,440.62","31.89M","1.08%"
"05/23/1997","6,421.51","6,368.84","6,423.89","6,366.02","61.85M","1.35%"
"05/22/1997","6,336.02","6,323.83","6,336.02","6,309.86","50.09M","0.46%"
"05/21/1997","6,307.13","6,289.37","6,307.13","6,272.82","57.67M","0.75%"
"05/20/1997","6,260.14","6,233.54","6,260.14","6,213.22","49.46M","0.20%"
"05/16/1997","6,247.38","6,258.04","6,258.86","6,236.46","47.44M","-0.47%"
"05/15/1997","6,276.65","6,243.98","6,276.65","6,239.93","55.94M","0.46%"
"05/14/1997","6,248.18","6,275.24","6,276.65","6,245.61","57.91M","-0.02%"
"05/13/1997","6,249.24","6,275.91","6,275.91","6,247.79","57.89M","-0.37%"
"05/12/1997","6,272.58","6,239.04","6,277.32","6,239.04","53.69M","0.69%"
"05/09/1997","6,229.52","6,212.44","6,229.52","6,191.00","66.33M","1.17%"
"05/08/1997","6,157.44","6,115.88","6,197.28","6,115.88","65.76M","0.59%"
"05/07/1997","6,121.52","6,128.68","6,132.50","6,120.35","71.15M","-0.14%"
"05/06/1997","6,129.96","6,129.73","6,142.85","6,118.65","8.41M","-0.34%"
"05/05/1997","6,150.73","6,107.67","6,153.64","6,102.14","50.20M","0.72%"
"05/02/1997","6,106.91","6,046.57","6,107.03","6,046.57","73.93M","1.61%"
"05/01/1997","6,009.90","5,973.29","6,010.11","5,973.29","66.75M","0.56%"
"04/30/1997","5,976.63","5,890.12","5,976.63","5,890.12","62.07M","1.24%"
"04/29/1997","5,903.56","5,895.55","5,909.02","5,881.55","62.19M","1.16%"
"04/28/1997","5,835.61","5,823.82","5,836.34","5,814.93","47.46M","0.01%"
"04/25/1997","5,835.31","5,856.22","5,856.22","5,830.37","48.08M","-0.50%"
"04/24/1997","5,864.79","5,906.29","5,906.29","5,854.65","67.47M","-0.16%"
"04/23/1997","5,874.13","5,868.08","5,881.73","5,860.07","64.71M","0.32%"
"04/22/1997","5,855.37","5,802.74","5,855.37","5,797.01","55.35M","1.00%"
"04/21/1997","5,797.65","5,832.14","5,839.63","5,791.27","36.36M","-0.49%"
"04/18/1997","5,826.27","5,839.87","5,839.87","5,826.19","44.96M","-0.04%"
"04/17/1997","5,828.62","5,801.81","5,843.03","5,801.81","57.81M","0.51%"
"04/16/1997","5,798.82","5,726.97","5,799.11","5,726.97","51.96M","0.96%"
"04/15/1997","5,743.55","5,723.03","5,743.55","5,716.30","51.29M","1.13%"
"04/14/1997","5,679.33","5,676.39","5,681.98","5,657.96","39.56M","-0.08%"
"04/11/1997","5,683.64","5,731.81","5,731.81","5,683.37","62.24M","-1.84%"
"04/10/1997","5,790.11","5,796.37","5,805.55","5,790.01","50.33M","-0.15%"
"04/09/1997","5,798.71","5,843.86","5,843.86","5,792.71","66.89M","-0.38%"
"04/08/1997","5,821.01","5,828.92","5,828.92","5,805.98","-","-0.34%"
"04/07/1997","5,840.78","5,844.91","5,851.76","5,831.25","-","0.40%"
"04/04/1997","5,817.29","5,790.01","5,818.13","5,781.76","-","-0.16%"
"04/03/1997","5,826.56","5,863.90","5,870.64","5,805.41","-","-0.39%"
"04/02/1997","5,849.14","5,896.78","5,901.66","5,828.88","-","-0.87%"
"04/01/1997","5,900.37","5,840.29","5,900.37","5,840.29","-","0.86%"
"03/31/1997","5,850.22","5,907.44","5,908.81","5,808.52","-","-1.37%"
"03/27/1997","5,931.75","6,108.57","6,108.57","5,931.63","-","-3.12%"
"03/26/1997","6,122.84","6,134.35","6,142.39","6,118.98","-","-0.34%"
"03/25/1997","6,143.76","6,154.64","6,166.91","6,131.93","-","-0.01%"
"03/24/1997","6,144.25","6,090.80","6,144.25","6,087.46","-","1.14%"
"03/21/1997","6,074.78","6,057.18","6,075.20","6,049.01","-","0.32%"
"03/20/1997","6,055.28","6,080.21","6,080.21","6,050.60","-","-0.55%"
"03/19/1997","6,088.96","6,122.89","6,122.89","6,081.74","-","-0.66%"
"03/18/1997","6,129.28","6,153.33","6,153.33","6,126.60","-","-0.41%"
"03/17/1997","6,154.54","6,161.13","6,167.43","6,123.59","-","-0.70%"
"03/14/1997","6,197.71","6,182.97","6,197.71","6,176.84","-","0.52%"
"03/13/1997","6,165.86","6,212.90","6,219.01","6,162.84","-","-1.46%"
"03/12/1997","6,257.21","6,283.58","6,283.58","6,251.49","-","-0.77%"
"03/11/1997","6,305.46","6,348.02","6,348.02","6,299.45","-","-0.43%"
"03/10/1997","6,332.87","6,278.58","6,333.27","6,274.82","-","1.03%"
"03/07/1997","6,268.39","6,229.34","6,277.42","6,229.34","-","0.86%"
"03/06/1997","6,214.73","6,220.56","6,222.89","6,211.16","-","0.19%"
"03/05/1997","6,203.12","6,164.44","6,207.49","6,162.52","-","0.78%"
"03/04/1997","6,155.05","6,148.40","6,169.07","6,144.78","-","0.15%"
"03/03/1997","6,145.98","6,125.02","6,145.98","6,116.94","-","-0.19%"
"02/28/1997","6,157.84","6,146.83","6,158.25","6,131.76","-","-0.48%"
"02/27/1997","6,187.46","6,193.46","6,203.23","6,174.33","-","-0.23%"
"02/26/1997","6,201.43","6,244.01","6,250.79","6,187.05","-","-0.74%"
"02/25/1997","6,247.78","6,245.19","6,247.79","6,226.46","-","0.08%"
"02/24/1997","6,242.52","6,211.31","6,242.81","6,211.31","-","0.25%"
"02/21/1997","6,226.95","6,220.87","6,226.95","6,207.49","-","0.35%"
"02/20/1997","6,205.07","6,237.07","6,245.10","6,205.07","-","-0.70%"
"02/19/1997","6,248.86","6,239.29","6,260.73","6,239.29","-","0.17%"
"02/18/1997","6,238.22","6,220.65","6,238.22","6,208.28","-","0.33%"
"02/17/1997","6,217.60","6,206.23","6,220.83","6,206.23","-","0.05%"
"02/14/1997","6,214.24","6,226.73","6,226.73","6,199.02","-","-0.19%"
"02/13/1997","6,225.78","6,190.07","6,225.83","6,190.07","-","0.98%"
"02/12/1997","6,165.38","6,136.24","6,172.13","6,131.56","-","0.63%"
"02/11/1997","6,126.92","6,096.89","6,127.00","6,093.49","-","0.75%"
"02/10/1997","6,081.27","6,109.15","6,112.53","6,074.75","-","-0.34%"
"02/07/1997","6,101.74","6,092.64","6,101.74","6,063.06","-","0.49%"
"02/06/1997","6,071.89","6,104.19","6,104.19","6,071.05","-","-0.66%"
"02/05/1997","6,112.41","6,154.88","6,159.18","6,105.42","-","-0.54%"
"02/04/1997","6,145.41","6,143.80","6,156.94","6,141.21","-","0.07%"
"02/03/1997","6,140.93","6,123.22","6,144.85","6,117.61","-","0.51%"
"01/31/1997","6,109.58","6,102.21","6,109.58","6,094.15","-","0.40%"
"01/30/1997","6,085.10","6,082.95","6,085.10","6,065.31","-","0.23%"
"01/29/1997","6,071.28","6,049.26","6,071.54","6,042.26","-","0.41%"
"01/28/1997","6,046.71","6,070.74","6,074.97","6,031.90","-","0.10%"
"01/27/1997","6,040.76","6,043.14","6,043.98","6,029.94","-","0.12%"
"01/24/1997","6,033.58","6,036.36","6,044.32","6,026.38","-","-0.11%"
"01/23/1997","6,040.51","6,074.50","6,093.46","6,039.02","-","-0.30%"
"01/22/1997","6,058.67","6,061.61","6,070.78","6,048.36","-","-0.28%"
"01/21/1997","6,075.98","6,102.30","6,102.30","6,073.63","-","-0.62%"
"01/20/1997","6,113.90","6,126.41","6,126.41","6,110.80","-","-0.41%"
"01/17/1997","6,138.80","6,121.04","6,144.29","6,121.04","-","0.58%"
"01/16/1997","6,103.66","6,090.76","6,112.32","6,087.46","-","0.63%"
"01/15/1997","6,065.34","6,051.49","6,080.15","6,044.53","-","0.17%"
"01/14/1997","6,054.86","6,019.55","6,059.78","6,015.22","-","0.89%"
"01/13/1997","6,001.48","6,009.21","6,016.69","5,998.49","-","0.28%"
"01/10/1997","5,984.93","5,923.31","5,989.20","5,923.31","-","0.43%"
"01/09/1997","5,959.36","5,936.80","5,959.36","5,933.60","-","0.50%"
"01/08/1997","5,929.98","5,946.68","5,946.68","5,926.61","-","-0.28%"
"01/07/1997","5,946.87","5,906.27","5,946.92","5,903.09","-","0.44%"
"01/06/1997","5,920.71","5,916.67","5,938.11","5,904.96","-","0.02%"
"01/03/1997","5,919.49","5,911.91","5,932.18","5,907.58","-","0.26%"
"01/02/1997","5,904.31","5,917.80","5,917.80","5,872.18","-","-0.38%"
